source_round,step,val_loss,coral_loss,mmd_global,mmd_class,adv_loss,proto_anchor,proto_loss,consist_loss,residual_loss,mmd_proto_loss,stage_mmd_loss,align_reg_legacy_loss,target_ce_loss,target_ce_acc,weighted_coral_loss,weighted_mmd_global,weighted_mmd_class,weighted_adv_loss,weighted_proto_anchor,weighted_proto_loss,weighted_consist_loss,weighted_residual_loss,weighted_mmd_proto_loss,weighted_stage_mmd_loss,weighted_align_reg_legacy_loss,weighted_target_ce_loss,total_loss
1,1,0.8129844665527344,5.136712388775777e-06,0.07484877109527588,0.23384526371955872,0.005351834464818239,0.0,0.0,0.0,0.0,0.0,0.40292179584503174,0.0,0.0,0.0,2.5683561943878885e-06,0.03742438554763794,0.11692263185977936,0.0026759172324091196,0.0,0.0,0.0,0.0,0.0,0.08058436214923859,0.0,0.0,1.0505943298339844
1,2,0.823218822479248,7.443802587658865e-06,0.10373026132583618,0.27585792541503906,0.006365560926496983,0.0,0.0,0.0,0.0,0.0,0.32392704486846924,0.0,0.0,0.0,3.7219012938294327e-06,0.05186513066291809,0.13792896270751953,0.0031827804632484913,0.0,0.0,0.0,0.0,0.0,0.0647854134440422,0.0,0.0,1.0809847116470337
1,3,0.8027117848396301,3.5775492506218143e-06,0.05397564172744751,0.1402360498905182,0.0010883519425988197,0.0,0.0,0.0,0.0,0.0,0.3358345031738281,0.0,0.0,0.0,1.7887746253109071e-06,0.026987820863723755,0.0701180249452591,0.0005441759712994099,0.0,0.0,0.0,0.0,0.0,0.06716690212488174,0.0,0.0,0.9675305485725403
1,4,0.787579357624054,7.081293915689457e-06,0.0435870885848999,0.192861407995224,-0.004342237487435341,0.0,0.0,0.0,0.0,0.0,0.18616431951522827,0.0,0.0,0.0,3.5406469578447286e-06,0.02179354429244995,0.096430703997612,-0.0021711187437176704,0.0,0.0,0.0,0.0,0.0,0.037232864648103714,0.0,0.0,0.9408689141273499
1,5,0.7991654276847839,5.618180239252979e-06,0.044093966484069824,0.18823882937431335,-0.0017772815190255642,0.0,0.0,0.0,0.0,0.0,0.25203758478164673,0.0,0.0,0.0,2.8090901196264895e-06,0.022046983242034912,0.09411941468715668,-0.0008886407595127821,0.0,0.0,0.0,0.0,0.0,0.050407517701387405,0.0,0.0,0.9648535251617432
1,6,0.8031555414199829,4.585830538417213e-06,0.0513836145401001,0.1724168360233307,-0.00040867971256375313,0.0,0.0,0.0,0.0,0.0,0.39721494913101196,0.0,0.0,0.0,2.2929152692086063e-06,0.02569180727005005,0.08620841801166534,-0.00020433985628187656,0.0,0.0,0.0,0.0,0.0,0.07944299280643463,0.0,0.0,0.994296669960022
1,7,0.7588086128234863,3.0803096251474926e-06,0.08491647243499756,0.13377788662910461,0.0009170118719339371,0.0,0.0,0.0,0.0,0.0,0.2998628616333008,0.0,0.0,0.0,1.5401548125737463e-06,0.04245823621749878,0.06688894331455231,0.00045850593596696854,0.0,0.0,0.0,0.0,0.0,0.059972573071718216,0.0,0.0,0.9285883903503418
1,8,0.7906008958816528,4.641751729650423e-06,0.11209452152252197,0.2337944507598877,0.0034383460879325867,0.0,0.0,0.0,0.0,0.0,0.0,0.0,0.0,0.0,2.3208758648252115e-06,0.056047260761260986,0.11689722537994385,0.0017191730439662933,0.0,0.0,0.0,0.0,0.0,0.0,0.0,0.0,0.9652668833732605
1,9,0.7674607634544373,4.702909336629091e-06,0.039174675941467285,0.15246686339378357,0.01351961214095354,0.0,0.0,0.0,0.0,0.0,0.2855973541736603,0.0,0.0,0.0,2.3514546683145454e-06,0.019587337970733643,0.07623343169689178,0.00675980607047677,0.0,0.0,0.0,0.0,0.0,0.057119470089673996,0.0,0.0,0.9271631836891174
1,10,0.7808715105056763,5.191097898205044e-06,0.04233795404434204,0.21226656436920166,0.010552067309617996,0.0,0.0,0.0,0.0,0.0,0.26121485233306885,0.0,0.0,0.0,2.595548949102522e-06,0.02116897702217102,0.10613328218460083,0.005276033654808998,0.0,0.0,0.0,0.0,0.0,0.05224297195672989,0.0,0.0,0.9656953811645508
1,11,0.7745182514190674,2.8789916086680023e-06,0.05194973945617676,0.12942519783973694,0.0011463435366749763,0.0,0.0,0.0,0.0,0.0,0.22247010469436646,0.0,0.0,0.0,1.4394958043340011e-06,0.02597486972808838,0.06471259891986847,0.0005731717683374882,0.0,0.0,0.0,0.0,0.0,0.04449402168393135,0.0,0.0,0.9102743268013
1,12,0.7672208547592163,1.8026690895567299e-06,0.056418418884277344,0.14583942294120789,0.009586978703737259,0.0,0.0,0.0,0.0,0.0,0.29317528009414673,0.0,0.0,0.0,9.013345447783649e-07,0.028209209442138672,0.07291971147060394,0.0047934893518686295,0.0,0.0,0.0,0.0,0.0,0.058635056018829346,0.0,0.0,0.9317792057991028
1,13,0.74883633852005,6.194599791342625e-06,0.10698592662811279,0.16836488246917725,0.020492663607001305,0.0,0.0,0.0,0.0,0.0,0.22733831405639648,0.0,0.0,0.0,3.0972998956713127e-06,0.053492963314056396,0.08418244123458862,0.010246331803500652,0.0,0.0,0.0,0.0,0.0,0.04546766355633736,0.0,0.0,0.9422288537025452
1,14,0.7698380351066589,2.891385292969062e-06,0.035864830017089844,0.10134759545326233,0.017168931663036346,0.0,0.0,0.0,0.0,0.0,0.12488400936126709,0.0,0.0,0.0,1.445692646484531e-06,0.017932415008544922,0.050673797726631165,0.008584465831518173,0.0,0.0,0.0,0.0,0.0,0.024976802989840508,0.0,0.0,0.872006893157959
1,15,0.7433897256851196,4.7318931137851905e-06,0.03955411911010742,0.20836949348449707,0.037683334201574326,0.0,0.0,0.0,0.0,0.0,0.2778308391571045,0.0,0.0,0.0,2.3659465568925953e-06,0.01977705955505371,0.10418474674224854,0.018841667100787163,0.0,0.0,0.0,0.0,0.0,0.05556616932153702,0.0,0.0,0.9417617917060852
1,16,0.7611874341964722,8.56395490700379e-06,0.10887128114700317,0.2803279459476471,0.013692012056708336,0.0,0.0,0.0,0.0,0.0,0.33199232816696167,0.0,0.0,0.0,4.281977453501895e-06,0.05443564057350159,0.14016397297382355,0.006846006028354168,0.0,0.0,0.0,0.0,0.0,0.06639846414327621,0.0,0.0,1.0290358066558838
1,17,0.7570759057998657,8.208708095480688e-06,0.056367337703704834,0.17954984307289124,0.019493961706757545,0.0,0.0,0.0,0.0,0.0,0.21053218841552734,0.0,0.0,0.0,4.104354047740344e-06,0.028183668851852417,0.08977492153644562,0.009746980853378773,0.0,0.0,0.0,0.0,0.0,0.04210643842816353,0.0,0.0,0.9268919825553894
1,18,0.7268573641777039,3.82239204554935e-06,0.03729885816574097,0.16641035676002502,0.031425029039382935,0.0,0.0,0.0,0.0,0.0,0.10140597820281982,0.0,0.0,0.0,1.911196022774675e-06,0.018649429082870483,0.08320517838001251,0.015712514519691467,0.0,0.0,0.0,0.0,0.0,0.020281195640563965,0.0,0.0,0.8647075295448303
1,19,0.7407735586166382,5.825802873005159e-06,0.07039034366607666,0.18530631065368652,0.023387225344777107,0.0,0.0,0.0,0.0,0.0,0.23973220586776733,0.0,0.0,0.0,2.9129014365025796e-06,0.03519517183303833,0.09265315532684326,0.011693612672388554,0.0,0.0,0.0,0.0,0.0,0.047946441918611526,0.0,0.0,0.928264856338501
1,20,0.7402181029319763,6.375620614562649e-06,0.03237801790237427,0.20641711354255676,0.07433486729860306,0.0,0.0,0.0,0.0,0.0,0.2750851809978485,0.0,0.0,0.0,3.1878103072813246e-06,0.016189008951187134,0.10320855677127838,0.03716743364930153,0.0,0.0,0.0,0.0,0.0,0.05501703545451164,0.0,0.0,0.9518032670021057
1,21,0.7196061015129089,2.979118335133535e-06,0.03226250410079956,0.10605603456497192,0.012132363393902779,0.0,0.0,0.0,0.0,0.0,0.3635295331478119,0.0,0.0,0.0,1.4895591675667674e-06,0.01613125205039978,0.05302801728248596,0.006066181696951389,0.0,0.0,0.0,0.0,0.0,0.07270590960979462,0.0,0.0,0.8675389885902405
1,22,0.7189897894859314,4.101461399841355e-06,0.04806399345397949,0.12250456213951111,0.010503134690225124,0.0,0.0,0.0,0.0,0.0,0.26763808727264404,0.0,0.0,0.0,2.0507306999206776e-06,0.024031996726989746,0.061252281069755554,0.005251567345112562,0.0,0.0,0.0,0.0,0.0,0.05352761968970299,0.0,0.0,0.8630552887916565
1,23,0.7216721773147583,2.56932912634511e-06,0.03620409965515137,0.16165047883987427,0.038541704416275024,0.0,0.0,0.0,0.0,0.0,0.11471068859100342,0.0,0.0,0.0,1.284664563172555e-06,0.018102049827575684,0.08082523941993713,0.019270852208137512,0.0,0.0,0.0,0.0,0.0,0.022942138835787773,0.0,0.0,0.8628137111663818
1,24,0.7294080853462219,2.598848141133203e-06,0.03770631551742554,0.1466309130191803,0.04317639023065567,0.0,0.0,0.0,0.0,0.0,0.2029685378074646,0.0,0.0,0.0,1.2994240705666016e-06,0.01885315775871277,0.07331545650959015,0.021588195115327835,0.0,0.0,0.0,0.0,0.0,0.0405937097966671,0.0,0.0,0.8837598562240601
1,25,0.7188272476196289,6.183451660035644e-06,0.04828065633773804,0.16324147582054138,0.01869497448205948,0.0,0.0,0.0,0.0,0.0,0.38315916061401367,0.0,0.0,0.0,3.091725830017822e-06,0.02414032816886902,0.08162073791027069,0.00934748724102974,0.0,0.0,0.0,0.0,0.0,0.07663183659315109,0.0,0.0,0.9105708003044128
1,26,0.7071441411972046,4.574470949592069e-06,0.0730201005935669,0.15110358595848083,0.03039712645113468,0.0,0.0,0.0,0.0,0.0,0.1211361512541771,0.0,0.0,0.0,2.2872354747960344e-06,0.03651005029678345,0.07555179297924042,0.01519856322556734,0.0,0.0,0.0,0.0,0.0,0.02422722987830639,0.0,0.0,0.8586340546607971
1,27,0.7122780084609985,6.3432325987378135e-06,0.05832374095916748,0.1614122986793518,0.04059948772192001,0.0,0.0,0.0,0.0,0.0,0.23690533638000488,0.0,0.0,0.0,3.1716162993689068e-06,0.02916187047958374,0.0807061493396759,0.020299743860960007,0.0,0.0,0.0,0.0,0.0,0.047381069511175156,0.0,0.0,0.8898299336433411
1,28,0.7040401697158813,2.0550833141896874e-06,0.07578349113464355,0.1305176317691803,0.03553871810436249,0.0,0.0,0.0,0.0,0.0,0.23761624097824097,0.0,0.0,0.0,1.0275416570948437e-06,0.03789174556732178,0.06525881588459015,0.017769359052181244,0.0,0.0,0.0,0.0,0.0,0.04752324894070625,0.0,0.0,0.8724843263626099
1,29,0.7003526091575623,2.5223241664207308e-06,0.03594005107879639,0.13572925329208374,0.053495947271585464,0.0,0.0,0.0,0.0,0.0,0.23560106754302979,0.0,0.0,0.0,1.2611620832103654e-06,0.017970025539398193,0.06786462664604187,0.026747973635792732,0.0,0.0,0.0,0.0,0.0,0.04712021350860596,0.0,0.0,0.8600566983222961
1,30,0.704008162021637,3.8340290302585345e-06,0.05267345905303955,0.1203407347202301,0.06542105227708817,0.0,0.0,0.0,0.0,0.0,0.23282915353775024,0.0,0.0,0.0,1.9170145151292672e-06,0.026336729526519775,0.06017036736011505,0.03271052613854408,0.0,0.0,0.0,0.0,0.0,0.04656583070755005,0.0,0.0,0.8697935342788696
1,31,0.7031155824661255,5.746437636844348e-06,0.04924798011779785,0.1575254499912262,0.02542114444077015,0.0,0.0,0.0,0.0,0.0,0.18483543395996094,0.0,0.0,0.0,2.873218818422174e-06,0.024623990058898926,0.0787627249956131,0.012710572220385075,0.0,0.0,0.0,0.0,0.0,0.03696708753705025,0.0,0.0,0.8561828136444092
1,32,0.6841011047363281,3.79151015295065e-06,0.06582337617874146,0.1423642635345459,0.04462170600891113,0.0,0.0,0.0,0.0,0.0,0.22923457622528076,0.0,0.0,0.0,1.895755076475325e-06,0.03291168808937073,0.07118213176727295,0.022310853004455566,0.0,0.0,0.0,0.0,0.0,0.04584691673517227,0.0,0.0,0.8563545942306519
1,33,0.705124020576477,1.7759845150067122e-06,0.04148334264755249,0.11765879392623901,0.054885946214199066,0.0,0.0,0.0,0.0,0.0,0.1394129991531372,0.0,0.0,0.0,8.879922575033561e-07,0.020741671323776245,0.05882939696311951,0.027442973107099533,0.0,0.0,0.0,0.0,0.0,0.02788260020315647,0.0,0.0,0.840021550655365
1,34,0.6689500212669373,2.892964857892366e-06,0.04191809892654419,0.14150121808052063,0.05344625562429428,0.0,0.0,0.0,0.0,0.0,0.24362461268901825,0.0,0.0,0.0,1.446482428946183e-06,0.020959049463272095,0.07075060904026031,0.02672312781214714,0.0,0.0,0.0,0.0,0.0,0.04872492328286171,0.0,0.0,0.8361092209815979
1,35,0.6929179430007935,2.760904180831858e-06,0.02894747257232666,0.0900847315788269,0.03813163936138153,0.0,0.0,0.0,0.0,0.0,0.2230481654405594,0.0,0.0,0.0,1.380452090415929e-06,0.01447373628616333,0.04504236578941345,0.019065819680690765,0.0,0.0,0.0,0.0,0.0,0.04460963234305382,0.0,0.0,0.8161108493804932
1,36,0.6772361397743225,4.025730504508829e-06,0.027699291706085205,0.1405339539051056,0.046807724982500076,0.0,0.0,0.0,0.0,0.0,0.09767621755599976,0.0,0.0,0.0,2.0128652522544144e-06,0.013849645853042603,0.0702669769525528,0.023403862491250038,0.0,0.0,0.0,0.0,0.0,0.01953524351119995,0.0,0.0,0.8042939305305481
1,37,0.6773372888565063,4.453737346921116e-06,0.03038555383682251,0.13397645950317383,0.053222592920064926,0.0,0.0,0.0,0.0,0.0,0.16704463958740234,0.0,0.0,0.0,2.226868673460558e-06,0.015192776918411255,0.06698822975158691,0.026611296460032463,0.0,0.0,0.0,0.0,0.0,0.03340892866253853,0.0,0.0,0.8195407390594482
1,38,0.6607630848884583,2.8326157917035744e-06,0.05347287654876709,0.1336783766746521,0.06087487190961838,0.0,0.0,0.0,0.0,0.0,0.27904945611953735,0.0,0.0,0.0,1.4163078958517872e-06,0.026736438274383545,0.06683918833732605,0.03043743595480919,0.0,0.0,0.0,0.0,0.0,0.05580989271402359,0.0,0.0,0.8405874967575073
1,39,0.6787861585617065,2.9331749828998e-06,0.01840996742248535,0.08405596017837524,0.04545146971940994,0.0,0.0,0.0,0.0,0.0,0.209394633769989,0.0,0.0,0.0,1.4665874914499e-06,0.009204983711242676,0.04202798008918762,0.02272573485970497,0.0,0.0,0.0,0.0,0.0,0.04187892749905586,0.0,0.0,0.7946253418922424
1,40,0.6883952617645264,2.7941450753132813e-06,0.02981281280517578,0.10236027836799622,0.028019823133945465,0.0,0.0,0.0,0.0,0.0,0.3553600311279297,0.0,0.0,0.0,1.3970725376566406e-06,0.01490640640258789,0.05118013918399811,0.014009911566972733,0.0,0.0,0.0,0.0,0.0,0.07107200473546982,0.0,0.0,0.8395650386810303
1,41,0.676714301109314,4.760217962029856e-06,0.03017711639404297,0.08015483617782593,0.04444736987352371,0.0,0.0,0.0,0.0,0.0,0.17438864707946777,0.0,0.0,0.0,2.380108981014928e-06,0.015088558197021484,0.040077418088912964,0.022223684936761856,0.0,0.0,0.0,0.0,0.0,0.034877728670835495,0.0,0.0,0.7889841198921204
1,42,0.6604594588279724,4.227981207804987e-06,0.043998003005981445,0.10057985782623291,0.04456287994980812,0.0,0.0,0.0,0.0,0.0,0.22611594200134277,0.0,0.0,0.0,2.1139906039024936e-06,0.021999001502990723,0.050289928913116455,0.02228143997490406,0.0,0.0,0.0,0.0,0.0,0.045223187655210495,0.0,0.0,0.8002551198005676
1,43,0.6646314859390259,6.316006874840241e-06,0.0603298544883728,0.1867232322692871,0.025940511375665665,0.0,0.0,0.0,0.0,0.0,0.09663069248199463,0.0,0.0,0.0,3.1580034374201205e-06,0.0301649272441864,0.09336161613464355,0.012970255687832832,0.0,0.0,0.0,0.0,0.0,0.019326139241456985,0.0,0.0,0.8204575777053833
1,44,0.6613829135894775,3.965861196775222e-06,0.02960658073425293,0.12013718485832214,0.05923538655042648,0.0,0.0,0.0,0.0,0.0,0.23772728443145752,0.0,0.0,0.0,1.982930598387611e-06,0.014803290367126465,0.06006859242916107,0.02961769327521324,0.0,0.0,0.0,0.0,0.0,0.04754545912146568,0.0,0.0,0.8134198784828186
1,45,0.6498762369155884,1.6038814010244096e-06,0.02429109811782837,0.10281139612197876,0.02115653082728386,0.0,0.0,0.0,0.0,0.0,0.17873354256153107,0.0,0.0,0.0,8.019407005122048e-07,0.012145549058914185,0.05140569806098938,0.01057826541364193,0.0,0.0,0.0,0.0,0.0,0.03574670851230621,0.0,0.0,0.7597532272338867
1,46,0.6471806764602661,3.999250111519359e-06,0.024562478065490723,0.12283748388290405,0.030842315405607224,0.0,0.0,0.0,0.0,0.0,0.3686067759990692,0.0,0.0,0.0,1.9996250557596795e-06,0.012281239032745361,0.061418741941452026,0.015421157702803612,0.0,0.0,0.0,0.0,0.0,0.07372135668992996,0.0,0.0,0.810025155544281
1,47,0.6703488230705261,4.066508154210169e-06,0.03747451305389404,0.11088153719902039,0.03724570572376251,0.0,0.0,0.0,0.0,0.0,0.13034141063690186,0.0,0.0,0.0,2.0332540771050844e-06,0.01873725652694702,0.05544076859951019,0.018622852861881256,0.0,0.0,0.0,0.0,0.0,0.02606828324496746,0.0,0.0,0.7892200350761414
1,48,0.6410719156265259,3.7902721032878617e-06,0.04018986225128174,0.164005309343338,0.041944220662117004,0.0,0.0,0.0,0.0,0.0,0.27255570888519287,0.0,0.0,0.0,1.8951360516439308e-06,0.02009493112564087,0.082002654671669,0.020972110331058502,0.0,0.0,0.0,0.0,0.0,0.054511141031980515,0.0,0.0,0.8186546564102173
1,49,0.6474812030792236,2.8519996249087853e-06,0.0269925594329834,0.10999232530593872,0.048507265746593475,0.0,0.0,0.0,0.0,0.0,0.13393229246139526,0.0,0.0,0.0,1.4259998124543927e-06,0.0134962797164917,0.05499616265296936,0.024253632873296738,0.0,0.0,0.0,0.0,0.0,0.026786459609866142,0.0,0.0,0.7670150995254517
1,50,0.6599693894386292,1.4872911151542212e-06,0.046272337436676025,0.10240033268928528,0.04273729771375656,0.0,0.0,0.0,0.0,0.0,0.36559683084487915,0.0,0.0,0.0,7.436455575771106e-07,0.023136168718338013,0.05120016634464264,0.02136864885687828,0.0,0.0,0.0,0.0,0.0,0.07311936467885971,0.0,0.0,0.8287944197654724
1,51,0.6406524181365967,1.0573802455837722e-06,0.06298118829727173,0.14559504389762878,0.055139556527137756,0.0,0.0,0.0,0.0,0.0,0.17992977797985077,0.0,0.0,0.0,5.286901227918861e-07,0.031490594148635864,0.07279752194881439,0.027569778263568878,0.0,0.0,0.0,0.0,0.0,0.03598595783114433,0.0,0.0,0.8084968328475952
1,52,0.6348031163215637,1.8836327626559068e-06,0.04284346103668213,0.1086210310459137,0.0035304632037878036,0.0,0.0,0.0,0.0,0.0,0.19340452551841736,0.0,0.0,0.0,9.418163813279534e-07,0.021421730518341064,0.05431051552295685,0.0017652316018939018,0.0,0.0,0.0,0.0,0.0,0.03868090733885765,0.0,0.0,0.7509824633598328
1,53,0.6413658261299133,2.7524361030373257e-06,0.031076908111572266,0.08514231443405151,0.03075568750500679,0.0,0.0,0.0,0.0,0.0,0.32629644870758057,0.0,0.0,0.0,1.3762180515186628e-06,0.015538454055786133,0.04257115721702576,0.015377843752503395,0.0,0.0,0.0,0.0,0.0,0.06525929272174835,0.0,0.0,0.780113935470581
1,54,0.640045166015625,8.539811460650526e-06,0.06727862358093262,0.22530917823314667,0.08696267008781433,0.0,0.0,0.0,0.0,0.0,0.39254093170166016,0.0,0.0,0.0,4.269905730325263e-06,0.03363931179046631,0.11265458911657333,0.043481335043907166,0.0,0.0,0.0,0.0,0.0,0.07850819081068039,0.0,0.0,0.908332884311676
1,55,0.6453608870506287,4.761546733789146e-06,0.03303813934326172,0.12040957808494568,0.06692539155483246,0.0,0.0,0.0,0.0,0.0,0.07310032844543457,0.0,0.0,0.0,2.380773366894573e-06,0.01651906967163086,0.06020478904247284,0.03346269577741623,0.0,0.0,0.0,0.0,0.0,0.014620065689086914,0.0,0.0,0.7701699137687683
1,56,0.6181344985961914,2.2123347207525512e-06,0.0476992130279541,0.10765480995178223,0.008620050735771656,0.0,0.0,0.0,0.0,0.0,0.14490318298339844,0.0,0.0,0.0,1.1061673603762756e-06,0.02384960651397705,0.05382740497589111,0.004310025367885828,0.0,0.0,0.0,0.0,0.0,0.028980636969208717,0.0,0.0,0.7291032671928406
1,57,0.6352975368499756,2.1280645796650788e-06,0.02551448345184326,0.0637204647064209,0.013131173327565193,0.0,0.0,0.0,0.0,0.0,0.15002566576004028,0.0,0.0,0.0,1.0640322898325394e-06,0.01275724172592163,0.03186023235321045,0.006565586663782597,0.0,0.0,0.0,0.0,0.0,0.030005132779479027,0.0,0.0,0.7164868116378784
1,58,0.624489426612854,5.152443009137642e-06,0.02514570951461792,0.10815620422363281,0.016418445855379105,0.0,0.0,0.0,0.0,0.0,0.29092782735824585,0.0,0.0,0.0,2.576221504568821e-06,0.01257285475730896,0.054078102111816406,0.008209222927689552,0.0,0.0,0.0,0.0,0.0,0.05818556621670723,0.0,0.0,0.7575377225875854
1,59,0.6348459720611572,4.507209723669803e-06,0.022177457809448242,0.12574389576911926,0.0812782570719719,0.0,0.0,0.0,0.0,0.0,0.3069753646850586,0.0,0.0,0.0,2.2536048618349014e-06,0.011088728904724121,0.06287194788455963,0.04063912853598595,0.0,0.0,0.0,0.0,0.0,0.0613950751721859,0.0,0.0,0.8108430504798889
1,60,0.6169270873069763,2.009399395319633e-06,0.02305424213409424,0.09469696879386902,0.05280628427863121,0.0,0.0,0.0,0.0,0.0,0.21006107330322266,0.0,0.0,0.0,1.0046996976598166e-06,0.01152712106704712,0.04734848439693451,0.026403142139315605,0.0,0.0,0.0,0.0,0.0,0.04201221466064453,0.0,0.0,0.7442190647125244
1,61,0.625257134437561,5.170912572793895e-06,0.03798532485961914,0.10428246855735779,0.06864957511425018,0.0,0.0,0.0,0.0,0.0,0.17555803060531616,0.0,0.0,0.0,2.5854562863969477e-06,0.01899266242980957,0.052141234278678894,0.03432478755712509,0.0,0.0,0.0,0.0,0.0,0.03511160612106323,0.0,0.0,0.7658299803733826
1,62,0.6115888357162476,2.14192368730437e-06,0.027622878551483154,0.09454423189163208,0.025113306939601898,0.0,0.0,0.0,0.0,0.0,0.17261308431625366,0.0,0.0,0.0,1.070961843652185e-06,0.013811439275741577,0.04727211594581604,0.012556653469800949,0.0,0.0,0.0,0.0,0.0,0.03452261909842491,0.0,0.0,0.7197527289390564
1,63,0.6305756568908691,4.845866897085216e-06,0.034530580043792725,0.14140242338180542,0.017552901059389114,0.0,0.0,0.0,0.0,0.0,0.1380171775817871,0.0,0.0,0.0,2.422933448542608e-06,0.017265290021896362,0.07070121169090271,0.008776450529694557,0.0,0.0,0.0,0.0,0.0,0.02760343626141548,0.0,0.0,0.754924476146698
1,64,0.6030241847038269,4.843875103688333e-06,0.0784766674041748,0.14794155955314636,0.0455598309636116,0.0,0.0,0.0,0.0,0.0,0.24139082431793213,0.0,0.0,0.0,2.4219375518441666e-06,0.0392383337020874,0.07397077977657318,0.0227799154818058,0.0,0.0,0.0,0.0,0.0,0.048278164118528366,0.0,0.0,0.7872938513755798
1,65,0.6246334314346313,3.6441929296415765e-06,0.0236436128616333,0.10460752248764038,0.04626612737774849,0.0,0.0,0.0,0.0,0.0,0.11926746368408203,0.0,0.0,0.0,1.8220964648207882e-06,0.01182180643081665,0.05230376124382019,0.023133063688874245,0.0,0.0,0.0,0.0,0.0,0.023853493854403496,0.0,0.0,0.7357473969459534
1,66,0.6017502546310425,2.1660691800207132e-06,0.02589869499206543,0.09871247410774231,0.02043277397751808,0.0,0.0,0.0,0.0,0.0,0.27277979254722595,0.0,0.0,0.0,1.0830345900103566e-06,0.012949347496032715,0.049356237053871155,0.01021638698875904,0.0,0.0,0.0,0.0,0.0,0.05455595999956131,0.0,0.0,0.7288292646408081
1,67,0.6069391965866089,4.045172772748629e-06,0.029372811317443848,0.08436447381973267,0.03209429234266281,0.0,0.0,0.0,0.0,0.0,0.21784158051013947,0.0,0.0,0.0,2.0225863863743143e-06,0.014686405658721924,0.04218223690986633,0.016047146171331406,0.0,0.0,0.0,0.0,0.0,0.04356831684708595,0.0,0.0,0.7234253287315369
1,68,0.612873911857605,9.368150131194852e-07,0.01953953504562378,0.08020350337028503,-0.009155137464404106,0.0,0.0,0.0,0.0,0.0,0.28432759642601013,0.0,0.0,0.0,4.684075065597426e-07,0.00976976752281189,0.04010175168514252,-0.004577568732202053,0.0,0.0,0.0,0.0,0.0,0.056865520775318146,0.0,0.0,0.7150338888168335
1,69,0.5954822301864624,5.290145963954274e-06,0.014687895774841309,0.09520334005355835,0.04580121114850044,0.0,0.0,0.0,0.0,0.0,0.0,0.0,0.0,0.0,2.645072981977137e-06,0.007343947887420654,0.047601670026779175,0.02290060557425022,0.0,0.0,0.0,0.0,0.0,0.0,0.0,0.0,0.6733310222625732
1,70,0.6056231260299683,1.2262024711162667e-06,0.023297667503356934,0.0988633930683136,0.02931302599608898,0.0,0.0,0.0,0.0,0.0,0.1609814167022705,0.0,0.0,0.0,6.131012355581333e-07,0.011648833751678467,0.0494316965341568,0.01465651299804449,0.0,0.0,0.0,0.0,0.0,0.0321962833404541,0.0,0.0,0.7135570049285889
1,71,0.572344183921814,2.4306978048116434e-06,0.027676820755004883,0.09466463327407837,-0.00022220471873879433,0.0,0.0,0.0,0.0,0.0,0.1686497926712036,0.0,0.0,0.0,1.2153489024058217e-06,0.013838410377502441,0.047332316637039185,-0.00011110235936939716,0.0,0.0,0.0,0.0,0.0,0.03372995927929878,0.0,0.0,0.6671349406242371
1,72,0.6024917364120483,2.6330878881708486e-06,0.045852720737457275,0.11769956350326538,0.07487282902002335,0.0,0.0,0.0,0.0,0.0,0.3252224326133728,0.0,0.0,0.0,1.3165439440854243e-06,0.022926360368728638,0.05884978175163269,0.03743641451001167,0.0,0.0,0.0,0.0,0.0,0.06504448503255844,0.0,0.0,0.786750078201294
1,73,0.5849289894104004,3.2880814160307636e-06,0.03957974910736084,0.08450806140899658,0.02759825438261032,0.0,0.0,0.0,0.0,0.0,0.1289033442735672,0.0,0.0,0.0,1.6440407080153818e-06,0.01978987455368042,0.04225403070449829,0.01379912719130516,0.0,0.0,0.0,0.0,0.0,0.02578066848218441,0.0,0.0,0.6865543723106384
1,74,0.5987434387207031,3.6738811104441993e-06,0.04900074005126953,0.09713977575302124,0.06125399470329285,0.0,0.0,0.0,0.0,0.0,0.1380104422569275,0.0,0.0,0.0,1.8369405552220996e-06,0.024500370025634766,0.04856988787651062,0.030626997351646423,0.0,0.0,0.0,0.0,0.0,0.027602089568972588,0.0,0.0,0.7300446033477783
1,75,0.5807619690895081,5.4882252698007505e-06,0.019915997982025146,0.11985370516777039,0.042961858212947845,0.0,0.0,0.0,0.0,0.0,0.10280776023864746,0.0,0.0,0.0,2.7441126349003753e-06,0.009957998991012573,0.05992685258388519,0.021480929106473923,0.0,0.0,0.0,0.0,0.0,0.020561551675200462,0.0,0.0,0.6926920413970947
1,76,0.592572808265686,8.829223361317418e-07,0.021500110626220703,0.049848735332489014,0.038271136581897736,0.0,0.0,0.0,0.0,0.0,0.09603381156921387,0.0,0.0,0.0,4.414611680658709e-07,0.010750055313110352,0.024924367666244507,0.019135568290948868,0.0,0.0,0.0,0.0,0.0,0.019206762313842773,0.0,0.0,0.6665899753570557
1,77,0.561472475528717,1.8675350474950392e-06,0.017661452293395996,0.07358816266059875,-0.001156882382929325,0.0,0.0,0.0,0.0,0.0,0.23904043436050415,0.0,0.0,0.0,9.337675237475196e-07,0.008830726146697998,0.03679408133029938,-0.0005784411914646626,0.0,0.0,0.0,0.0,0.0,0.04780808836221695,0.0,0.0,0.6543278694152832
1,78,0.5833935737609863,1.6570036677876487e-05,0.056517839431762695,0.18234401941299438,0.08293889462947845,0.0,0.0,0.0,0.0,0.0,0.1456325799226761,0.0,0.0,0.0,8.285018338938244e-06,0.028258919715881348,0.09117200970649719,0.04146944731473923,0.0,0.0,0.0,0.0,0.0,0.029126515612006187,0.0,0.0,0.7734287977218628
1,79,0.5744725465774536,3.383025386938243e-06,0.023385345935821533,0.07715976238250732,0.03959427401423454,0.0,0.0,0.0,0.0,0.0,0.2232571840286255,0.0,0.0,0.0,1.6915126934691216e-06,0.011692672967910767,0.03857988119125366,0.01979713700711727,0.0,0.0,0.0,0.0,0.0,0.04465143755078316,0.0,0.0,0.6891953349113464
1,80,0.5648421049118042,1.7280093516092165e-06,0.08568012714385986,0.1040254533290863,0.009066073223948479,0.0,0.0,0.0,0.0,0.0,0.149219810962677,0.0,0.0,0.0,8.640046758046083e-07,0.04284006357192993,0.05201272666454315,0.004533036611974239,0.0,0.0,0.0,0.0,0.0,0.02984396182000637,0.0,0.0,0.6940727829933167
1,81,0.5632449388504028,1.2630188166440348e-06,0.014260649681091309,0.059055447578430176,0.033574290573596954,0.0,0.0,0.0,0.0,0.0,0.09164386987686157,0.0,0.0,0.0,6.315094083220174e-07,0.007130324840545654,0.029527723789215088,0.016787145286798477,0.0,0.0,0.0,0.0,0.0,0.018328774720430374,0.0,0.0,0.6350196003913879
1,82,0.5798518061637878,3.5700140870176256e-06,0.037415266036987305,0.08343842625617981,0.03632618114352226,0.0,0.0,0.0,0.0,0.0,0.1673494577407837,0.0,0.0,0.0,1.7850070435088128e-06,0.018707633018493652,0.041719213128089905,0.01816309057176113,0.0,0.0,0.0,0.0,0.0,0.03346989303827286,0.0,0.0,0.6919134259223938
1,83,0.5718969702720642,5.524091648112517e-06,0.09549206495285034,0.12381529808044434,0.046591512858867645,0.0,0.0,0.0,0.0,0.0,0.4686697721481323,0.0,0.0,0.0,2.7620458240562584e-06,0.04774603247642517,0.06190764904022217,0.023295756429433823,0.0,0.0,0.0,0.0,0.0,0.09373395889997482,0.0,0.0,0.7985830903053284
1,84,0.568108856678009,3.7335107663238887e-06,0.01367563009262085,0.08821147680282593,-0.0039810072630643845,0.0,0.0,0.0,0.0,0.0,0.21740174293518066,0.0,0.0,0.0,1.8667553831619443e-06,0.006837815046310425,0.044105738401412964,-0.0019905036315321922,0.0,0.0,0.0,0.0,0.0,0.04348034784197807,0.0,0.0,0.6605441570281982
1,85,0.55208420753479,1.5134448858589167e-06,0.0313454270362854,0.07789039611816406,0.009556571021676064,0.0,0.0,0.0,0.0,0.0,0.20252422988414764,0.0,0.0,0.0,7.567224429294583e-07,0.0156727135181427,0.03894519805908203,0.004778285510838032,0.0,0.0,0.0,0.0,0.0,0.04050484672188759,0.0,0.0,0.6519860625267029
1,86,0.544585108757019,3.0542692002200056e-06,0.03632354736328125,0.07833093404769897,0.03657085821032524,0.0,0.0,0.0,0.0,0.0,0.23049406707286835,0.0,0.0,0.0,1.5271346001100028e-06,0.018161773681640625,0.03916546702384949,0.01828542910516262,0.0,0.0,0.0,0.0,0.0,0.04609881341457367,0.0,0.0,0.6662982106208801
1,87,0.5730573534965515,7.188518338807626e-06,0.022607862949371338,0.13397440314292908,0.03492090478539467,0.0,0.0,0.0,0.0,0.0,0.25118687748908997,0.0,0.0,0.0,3.594259169403813e-06,0.011303931474685669,0.06698720157146454,0.017460452392697334,0.0,0.0,0.0,0.0,0.0,0.05023737624287605,0.0,0.0,0.7190499305725098
1,88,0.5494420528411865,2.061824261545553e-06,0.03372371196746826,0.06953701376914978,0.0020510386675596237,0.0,0.0,0.0,0.0,0.0,0.15875017642974854,0.0,0.0,0.0,1.0309121307727764e-06,0.01686185598373413,0.03476850688457489,0.0010255193337798119,0.0,0.0,0.0,0.0,0.0,0.03175003454089165,0.0,0.0,0.6338489651679993
1,89,0.5535165667533875,6.776023838028777e-06,0.04915475845336914,0.11376342177391052,0.03849199786782265,0.0,0.0,0.0,0.0,0.0,0.1290605068206787,0.0,0.0,0.0,3.3880119190143887e-06,0.02457737922668457,0.05688171088695526,0.019245998933911324,0.0,0.0,0.0,0.0,0.0,0.02581210248172283,0.0,0.0,0.6800371408462524
1,90,0.5431032776832581,2.239136392745422e-06,0.015366911888122559,0.07693308591842651,-0.004892658442258835,0.0,0.0,0.0,0.0,0.0,0.10024738311767578,0.0,0.0,0.0,1.119568196372711e-06,0.007683455944061279,0.03846654295921326,-0.0024463292211294174,0.0,0.0,0.0,0.0,0.0,0.020049476996064186,0.0,0.0,0.6068574786186218
1,91,0.5446850061416626,5.419050467025954e-06,0.01979506015777588,0.07747039198875427,0.002210628241300583,0.0,0.0,0.0,0.0,0.0,0.2928386926651001,0.0,0.0,0.0,2.709525233512977e-06,0.00989753007888794,0.038735195994377136,0.0011053141206502914,0.0,0.0,0.0,0.0,0.0,0.05856774002313614,0.0,0.0,0.6529935002326965
1,92,0.5469261407852173,2.6608463485899847e-06,0.03311711549758911,0.08856287598609924,0.03558100014925003,0.0,0.0,0.0,0.0,0.0,0.22506922483444214,0.0,0.0,0.0,1.3304231742949924e-06,0.016558557748794556,0.04428143799304962,0.017790500074625015,0.0,0.0,0.0,0.0,0.0,0.04501384496688843,0.0,0.0,0.6705717444419861
1,93,0.5300368666648865,3.9417877815139946e-06,0.023992955684661865,0.10864388942718506,0.04250839725136757,0.0,0.0,0.0,0.0,0.0,0.2118799239397049,0.0,0.0,0.0,1.9708938907569973e-06,0.011996477842330933,0.05432194471359253,0.021254198625683784,0.0,0.0,0.0,0.0,0.0,0.04237598553299904,0.0,0.0,0.6599874496459961
1,94,0.5446165800094604,3.8697726267855614e-06,0.05108112096786499,0.07470202445983887,0.04199184477329254,0.0,0.0,0.0,0.0,0.0,0.19391727447509766,0.0,0.0,0.0,1.9348863133927807e-06,0.025540560483932495,0.037351012229919434,0.02099592238664627,0.0,0.0,0.0,0.0,0.0,0.03878345713019371,0.0,0.0,0.6672894358634949
1,95,0.5446747541427612,3.001016011694446e-06,0.02730005979537964,0.09474644064903259,0.05293348431587219,0.0,0.0,0.0,0.0,0.0,0.24076569080352783,0.0,0.0,0.0,1.500508005847223e-06,0.01365002989768982,0.047373220324516296,0.026466742157936096,0.0,0.0,0.0,0.0,0.0,0.048153139650821686,0.0,0.0,0.6803193688392639
1,96,0.524318277835846,3.131381618004525e-06,0.09187299013137817,0.14045265316963196,0.06946563720703125,0.0,0.0,0.0,0.0,0.0,0.0,0.0,0.0,0.0,1.5656908090022625e-06,0.04593649506568909,0.07022632658481598,0.034732818603515625,0.0,0.0,0.0,0.0,0.0,0.0,0.0,0.0,0.675215482711792
1,97,0.5293914079666138,3.705111339513678e-06,0.03362065553665161,0.07563066482543945,0.019124988466501236,0.0,0.0,0.0,0.0,0.0,0.2842816114425659,0.0,0.0,0.0,1.852555669756839e-06,0.016810327768325806,0.03781533241271973,0.009562494233250618,0.0,0.0,0.0,0.0,0.0,0.05685632303357124,0.0,0.0,0.6504377722740173
1,98,0.5362593531608582,9.950064168151584e-07,0.030661821365356445,0.0959315299987793,0.01260526292026043,0.0,0.0,0.0,0.0,0.0,0.15513134002685547,0.0,0.0,0.0,4.975032084075792e-07,0.015330910682678223,0.04796576499938965,0.006302631460130215,0.0,0.0,0.0,0.0,0.0,0.031026268377900124,0.0,0.0,0.636885404586792
1,99,0.5131856203079224,3.7541062738455366e-06,0.019009172916412354,0.08356183767318726,0.044716618955135345,0.0,0.0,0.0,0.0,0.0,0.1568823605775833,0.0,0.0,0.0,1.8770531369227683e-06,0.009504586458206177,0.04178091883659363,0.022358309477567673,0.0,0.0,0.0,0.0,0.0,0.03137647360563278,0.0,0.0,0.6182078123092651
1,100,0.518485426902771,2.661357939359732e-06,0.025469541549682617,0.12415650486946106,-0.003413352183997631,0.0,0.0,0.0,0.0,0.0,0.2783118486404419,0.0,0.0,0.0,1.330678969679866e-06,0.012734770774841309,0.06207825243473053,-0.0017066760919988155,0.0,0.0,0.0,0.0,0.0,0.0556623712182045,0.0,0.0,0.6472554802894592
2,1,0.5776517987251282,1.0471477253304329e-05,0.10853147506713867,0.41477906703948975,0.003420217428356409,0.0,0.0,0.0,0.0,0.0,0.6618119478225708,0.0,0.0,0.0,5.235738626652164e-06,0.054265737533569336,0.20738953351974487,0.0017101087141782045,0.0,0.0,0.0,0.0,0.0,0.13236239552497864,0.0,0.0,0.9733848571777344
2,2,0.5924032926559448,8.58363273437135e-06,0.09077048301696777,0.315779447555542,0.0032070325687527657,0.0,0.0,0.0,0.0,0.0,0.3524184823036194,0.0,0.0,0.0,4.291816367185675e-06,0.04538524150848389,0.157889723777771,0.0016035162843763828,0.0,0.0,0.0,0.0,0.0,0.07048369944095612,0.0,0.0,0.8677697777748108
2,3,0.5602331161499023,9.039981705427635e-06,0.06822335720062256,0.20341716706752777,-0.0009182794019579887,0.0,0.0,0.0,0.0,0.0,0.8309201002120972,0.0,0.0,0.0,4.519990852713818e-06,0.03411167860031128,0.10170858353376389,-0.00045913970097899437,0.0,0.0,0.0,0.0,0.0,0.16618402302265167,0.0,0.0,0.8617827892303467
2,4,0.5501449704170227,9.288387445849366e-06,0.05099213123321533,0.25613903999328613,0.0013241218402981758,0.0,0.0,0.0,0.0,0.0,0.21336960792541504,0.0,0.0,0.0,4.644193722924683e-06,0.025496065616607666,0.12806951999664307,0.0006620609201490879,0.0,0.0,0.0,0.0,0.0,0.04267392307519913,0.0,0.0,0.7470512390136719
2,5,0.5689066052436829,7.981415365065914e-06,0.057059645652770996,0.2616041302680969,-0.0012020240537822247,0.0,0.0,0.0,0.0,0.0,0.27283376455307007,0.0,0.0,0.0,3.990707682532957e-06,0.028529822826385498,0.13080206513404846,-0.0006010120268911123,0.0,0.0,0.0,0.0,0.0,0.054566752165555954,0.0,0.0,0.782208263874054
2,6,0.5792833566665649,7.168759566411609e-06,0.0666588544845581,0.23226621747016907,0.002793555613607168,0.0,0.0,0.0,0.0,0.0,0.4867473840713501,0.0,0.0,0.0,3.5843797832058044e-06,0.03332942724227905,0.11613310873508453,0.001396777806803584,0.0,0.0,0.0,0.0,0.0,0.09734947979450226,0.0,0.0,0.8274956941604614
2,7,0.5273371338844299,8.134073141263798e-06,0.09011286497116089,0.22433286905288696,0.009962108917534351,0.0,0.0,0.0,0.0,0.0,0.6575778126716614,0.0,0.0,0.0,4.067036570631899e-06,0.045056432485580444,0.11216643452644348,0.004981054458767176,0.0,0.0,0.0,0.0,0.0,0.13151556253433228,0.0,0.0,0.8210605978965759
2,8,0.5683760046958923,8.662857908348087e-06,0.10603845119476318,0.2506689429283142,0.00596170499920845,0.0,0.0,0.0,0.0,0.0,0.0,0.0,0.0,0.0,4.331428954174044e-06,0.05301922559738159,0.1253344714641571,0.002980852499604225,0.0,0.0,0.0,0.0,0.0,0.0,0.0,0.0,0.7497148513793945
2,9,0.5437059998512268,7.729915523668751e-06,0.04392915964126587,0.23183967173099518,0.019572163000702858,0.0,0.0,0.0,0.0,0.0,0.3508265018463135,0.0,0.0,0.0,3.8649577618343756e-06,0.021964579820632935,0.11591983586549759,0.009786081500351429,0.0,0.0,0.0,0.0,0.0,0.07016529887914658,0.0,0.0,0.7615455985069275
2,10,0.5557619333267212,9.944679732143413e-06,0.06648600101470947,0.28622373938560486,0.01352537889033556,0.0,0.0,0.0,0.0,0.0,0.3093225359916687,0.0,0.0,0.0,4.972339866071707e-06,0.033243000507354736,0.14311186969280243,0.00676268944516778,0.0,0.0,0.0,0.0,0.0,0.06186450645327568,0.0,0.0,0.8007489442825317
2,11,0.5586137771606445,7.830343747627921e-06,0.06385648250579834,0.21226340532302856,0.013250654563307762,0.0,0.0,0.0,0.0,0.0,0.36782005429267883,0.0,0.0,0.0,3.915171873813961e-06,0.03192824125289917,0.10613170266151428,0.006625327281653881,0.0,0.0,0.0,0.0,0.0,0.07356401532888412,0.0,0.0,0.7768670320510864
2,12,0.550859808921814,5.265289019007469e-06,0.07189297676086426,0.20363125205039978,0.017074961215257645,0.0,0.0,0.0,0.0,0.0,0.3638361692428589,0.0,0.0,0.0,2.6326445095037343e-06,0.03594648838043213,0.10181562602519989,0.008537480607628822,0.0,0.0,0.0,0.0,0.0,0.0727672353386879,0.0,0.0,0.7699292898178101
2,13,0.5321798920631409,8.121189239318483e-06,0.10362517833709717,0.2068643867969513,0.027515266090631485,0.0,0.0,0.0,0.0,0.0,0.300662636756897,0.0,0.0,0.0,4.060594619659241e-06,0.051812589168548584,0.10343219339847565,0.013757633045315742,0.0,0.0,0.0,0.0,0.0,0.060132529586553574,0.0,0.0,0.7613188624382019
2,14,0.5541375875473022,4.13791713071987e-06,0.04183095693588257,0.1457623690366745,0.018138909712433815,0.0,0.0,0.0,0.0,0.0,0.22001874446868896,0.0,0.0,0.0,2.068958565359935e-06,0.020915478467941284,0.07288118451833725,0.009069454856216908,0.0,0.0,0.0,0.0,0.0,0.04400375112891197,0.0,0.0,0.7010094523429871
2,15,0.542236864566803,7.734271093795542e-06,0.04283827543258667,0.2515140771865845,0.0351267009973526,0.0,0.0,0.0,0.0,0.0,0.3388909101486206,0.0,0.0,0.0,3.867135546897771e-06,0.021419137716293335,0.12575703859329224,0.0175633504986763,0.0,0.0,0.0,0.0,0.0,0.06777818500995636,0.0,0.0,0.7747584581375122
2,16,0.560382068157196,1.5165573131525889e-05,0.11268621683120728,0.31136372685432434,0.023467672988772392,0.0,0.0,0.0,0.0,0.0,0.39060959219932556,0.0,0.0,0.0,7.5827865657629445e-06,0.05634310841560364,0.15568186342716217,0.011733836494386196,0.0,0.0,0.0,0.0,0.0,0.07812192291021347,0.0,0.0,0.8622702956199646
2,17,0.5590488314628601,1.262169644178357e-05,0.06806069612503052,0.21818086504936218,0.024656955152750015,0.0,0.0,0.0,0.0,0.0,0.2249084711074829,0.0,0.0,0.0,6.310848220891785e-06,0.03403034806251526,0.10909043252468109,0.012328477576375008,0.0,0.0,0.0,0.0,0.0,0.0449816957116127,0.0,0.0,0.759486198425293
2,18,0.528159499168396,6.5656599872454535e-06,0.04906553030014038,0.21532782912254333,0.030882051214575768,0.0,0.0,0.0,0.0,0.0,0.19278037548065186,0.0,0.0,0.0,3.2828299936227268e-06,0.02453276515007019,0.10766391456127167,0.015441025607287884,0.0,0.0,0.0,0.0,0.0,0.03855607658624649,0.0,0.0,0.714356541633606
2,19,0.5500882863998413,9.282394785259385e-06,0.07383549213409424,0.22743692994117737,0.039268609136343,0.0,0.0,0.0,0.0,0.0,0.326942503452301,0.0,0.0,0.0,4.641197392629692e-06,0.03691774606704712,0.11371846497058868,0.0196343045681715,0.0,0.0,0.0,0.0,0.0,0.0653885006904602,0.0,0.0,0.7857519388198853
2,20,0.5361467003822327,1.2564331882458646e-05,0.04112285375595093,0.26222196221351624,0.06722799688577652,0.0,0.0,0.0,0.0,0.0,0.3124519884586334,0.0,0.0,0.0,6.282165941229323e-06,0.020561426877975464,0.13111098110675812,0.03361399844288826,0.0,0.0,0.0,0.0,0.0,0.062490399926900864,0.0,0.0,0.7839297652244568
2,21,0.5293887853622437,6.446281986427493e-06,0.04501235485076904,0.13877728581428528,0.020320812240242958,0.0,0.0,0.0,0.0,0.0,0.4103434383869171,0.0,0.0,0.0,3.2231409932137467e-06,0.02250617742538452,0.06938864290714264,0.010160406120121479,0.0,0.0,0.0,0.0,0.0,0.08206868916749954,0.0,0.0,0.7135158777236938
2,22,0.5328735709190369,4.967024779034546e-06,0.053060710430145264,0.12510713934898376,0.00861438363790512,0.0,0.0,0.0,0.0,0.0,0.270149827003479,0.0,0.0,0.0,2.483512389517273e-06,0.026530355215072632,0.06255356967449188,0.00430719181895256,0.0,0.0,0.0,0.0,0.0,0.05402996763586998,0.0,0.0,0.6802971363067627
2,23,0.5329115986824036,3.57169892595266e-06,0.05666244029998779,0.18867486715316772,0.04199107736349106,0.0,0.0,0.0,0.0,0.0,0.1545901745557785,0.0,0.0,0.0,1.78584946297633e-06,0.028331220149993896,0.09433743357658386,0.02099553868174553,0.0,0.0,0.0,0.0,0.0,0.03091803565621376,0.0,0.0,0.7074956893920898
2,24,0.5348131060600281,6.737954663549317e-06,0.044306397438049316,0.18497216701507568,0.0535808801651001,0.0,0.0,0.0,0.0,0.0,0.21973156929016113,0.0,0.0,0.0,3.3689773317746585e-06,0.022153198719024658,0.09248608350753784,0.02679044008255005,0.0,0.0,0.0,0.0,0.0,0.043946314603090286,0.0,0.0,0.720192551612854
2,25,0.5343390107154846,9.40561221796088e-06,0.055104732513427734,0.20936661958694458,0.026105297729372978,0.0,0.0,0.0,0.0,0.0,0.4900015592575073,0.0,0.0,0.0,4.70280610898044e-06,0.027552366256713867,0.10468330979347229,0.013052648864686489,0.0,0.0,0.0,0.0,0.0,0.09800031036138535,0.0,0.0,0.7776322960853577
2,26,0.5067644715309143,7.951938641781453e-06,0.09009712934494019,0.1823047399520874,0.048890553414821625,0.0,0.0,0.0,0.0,0.0,0.1441859006881714,0.0,0.0,0.0,3.9759693208907265e-06,0.04504856467247009,0.0911523699760437,0.024445276707410812,0.0,0.0,0.0,0.0,0.0,0.028837179765105247,0.0,0.0,0.6962519288063049
2,27,0.523445725440979,7.701790309511125e-06,0.0744367241859436,0.21216976642608643,0.05191464722156525,0.0,0.0,0.0,0.0,0.0,0.2734431028366089,0.0,0.0,0.0,3.8508951547555625e-06,0.0372183620929718,0.10608488321304321,0.025957323610782623,0.0,0.0,0.0,0.0,0.0,0.05468862131237984,0.0,0.0,0.747398853302002
2,28,0.5274959802627563,4.381819962873124e-06,0.08942359685897827,0.1532588005065918,0.03150995075702667,0.0,0.0,0.0,0.0,0.0,0.24939560890197754,0.0,0.0,0.0,2.190909981436562e-06,0.044711798429489136,0.0766294002532959,0.015754975378513336,0.0,0.0,0.0,0.0,0.0,0.04987912252545357,0.0,0.0,0.7144734859466553
2,29,0.5094183087348938,4.378605808597058e-06,0.05221909284591675,0.18771210312843323,0.05684654787182808,0.0,0.0,0.0,0.0,0.0,0.30546483397483826,0.0,0.0,0.0,2.189302904298529e-06,0.026109546422958374,0.09385605156421661,0.02842327393591404,0.0,0.0,0.0,0.0,0.0,0.06109296903014183,0.0,0.0,0.7189023494720459
2,30,0.5189538598060608,6.120904799900018e-06,0.05342113971710205,0.14951205253601074,0.07213574647903442,0.0,0.0,0.0,0.0,0.0,0.3069726824760437,0.0,0.0,0.0,3.060452399950009e-06,0.026710569858551025,0.07475602626800537,0.03606787323951721,0.0,0.0,0.0,0.0,0.0,0.06139453873038292,0.0,0.0,0.7178859114646912
2,31,0.5115458369255066,5.239361598796677e-06,0.05109095573425293,0.1714526116847992,0.03024188056588173,0.0,0.0,0.0,0.0,0.0,0.19709444046020508,0.0,0.0,0.0,2.6196807993983384e-06,0.025545477867126465,0.0857263058423996,0.015120940282940865,0.0,0.0,0.0,0.0,0.0,0.039418887346982956,0.0,0.0,0.6773600578308105
2,32,0.507731020450592,6.49232106297859e-06,0.0758746862411499,0.17123180627822876,0.06391781568527222,0.0,0.0,0.0,0.0,0.0,0.29831838607788086,0.0,0.0,0.0,3.246160531489295e-06,0.03793734312057495,0.08561590313911438,0.03195890784263611,0.0,0.0,0.0,0.0,0.0,0.05966367945075035,0.0,0.0,0.7229100465774536
2,33,0.5193184614181519,3.193290240233182e-06,0.04758661985397339,0.16195884346961975,0.04974420368671417,0.0,0.0,0.0,0.0,0.0,0.196036696434021,0.0,0.0,0.0,1.596645120116591e-06,0.023793309926986694,0.08097942173480988,0.024872101843357086,0.0,0.0,0.0,0.0,0.0,0.0392073392868042,0.0,0.0,0.6881722211837769
2,34,0.49279969930648804,3.849023414659314e-06,0.04922616481781006,0.18382528424263,0.06182309240102768,0.0,0.0,0.0,0.0,0.0,0.3204146921634674,0.0,0.0,0.0,1.924511707329657e-06,0.02461308240890503,0.091912642121315,0.03091154620051384,0.0,0.0,0.0,0.0,0.0,0.06408294290304184,0.0,0.0,0.7043218016624451
2,35,0.5097463130950928,5.911386324441992e-06,0.02865546941757202,0.11362099647521973,0.05165734142065048,0.0,0.0,0.0,0.0,0.0,0.2674053907394409,0.0,0.0,0.0,2.955693162220996e-06,0.01432773470878601,0.05681049823760986,0.02582867071032524,0.0,0.0,0.0,0.0,0.0,0.0534810796380043,0.0,0.0,0.6601973176002502
2,36,0.48998555541038513,6.905502232257277e-06,0.03238630294799805,0.16895654797554016,0.050363704562187195,0.0,0.0,0.0,0.0,0.0,0.12735134363174438,0.0,0.0,0.0,3.4527511161286384e-06,0.016193151473999023,0.08447827398777008,0.025181852281093597,0.0,0.0,0.0,0.0,0.0,0.025470269843935966,0.0,0.0,0.6413125395774841
2,37,0.5091837644577026,6.124884748714976e-06,0.034694552421569824,0.1605236530303955,0.06763479113578796,0.0,0.0,0.0,0.0,0.0,0.1627432107925415,0.0,0.0,0.0,3.062442374357488e-06,0.017347276210784912,0.08026182651519775,0.03381739556789398,0.0,0.0,0.0,0.0,0.0,0.03254864364862442,0.0,0.0,0.6731619834899902
2,38,0.4862166941165924,6.011677669448545e-06,0.06929576396942139,0.16023573279380798,0.08687938004732132,0.0,0.0,0.0,0.0,0.0,0.27982643246650696,0.0,0.0,0.0,3.0058388347242726e-06,0.03464788198471069,0.08011786639690399,0.04343969002366066,0.0,0.0,0.0,0.0,0.0,0.05596528574824333,0.0,0.0,0.7003904581069946
2,39,0.5046267509460449,3.992556685261661e-06,0.02048426866531372,0.1061767041683197,0.04993412643671036,0.0,0.0,0.0,0.0,0.0,0.17104893922805786,0.0,0.0,0.0,1.9962783426308306e-06,0.01024213433265686,0.05308835208415985,0.02496706321835518,0.0,0.0,0.0,0.0,0.0,0.03420978784561157,0.0,0.0,0.6271361112594604
2,40,0.5089635848999023,3.4907734516309574e-06,0.031361937522888184,0.0966821014881134,0.03608227148652077,0.0,0.0,0.0,0.0,0.0,0.3878302574157715,0.0,0.0,0.0,1.7453867258154787e-06,0.015680968761444092,0.0483410507440567,0.018041135743260384,0.0,0.0,0.0,0.0,0.0,0.07756604999303818,0.0,0.0,0.668594479560852
2,41,0.5012295842170715,5.345982572180219e-06,0.03809100389480591,0.1073717474937439,0.07261903584003448,0.0,0.0,0.0,0.0,0.0,0.2092808037996292,0.0,0.0,0.0,2.6729912860901095e-06,0.019045501947402954,0.05368587374687195,0.03630951792001724,0.0,0.0,0.0,0.0,0.0,0.04185616225004196,0.0,0.0,0.6521293520927429
2,42,0.4834206998348236,5.544553459913004e-06,0.042287468910217285,0.10626322031021118,0.055054597556591034,0.0,0.0,0.0,0.0,0.0,0.26258301734924316,0.0,0.0,0.0,2.772276729956502e-06,0.021143734455108643,0.05313161015510559,0.027527298778295517,0.0,0.0,0.0,0.0,0.0,0.05251660570502281,0.0,0.0,0.6377426981925964
2,43,0.49495452642440796,8.980033271654975e-06,0.06571716070175171,0.18674004077911377,0.02494235709309578,0.0,0.0,0.0,0.0,0.0,0.1208130493760109,0.0,0.0,0.0,4.490016635827487e-06,0.032858580350875854,0.09337002038955688,0.01247117854654789,0.0,0.0,0.0,0.0,0.0,0.02416261099278927,0.0,0.0,0.6578214168548584
2,44,0.48931431770324707,6.640286756010028e-06,0.02913600206375122,0.14653366804122925,0.06623677164316177,0.0,0.0,0.0,0.0,0.0,0.2223273515701294,0.0,0.0,0.0,3.320143378005014e-06,0.01456800103187561,0.07326683402061462,0.03311838582158089,0.0,0.0,0.0,0.0,0.0,0.04446547105908394,0.0,0.0,0.654736340045929
2,45,0.4814944267272949,3.79443667952728e-06,0.02373504638671875,0.09790313243865967,0.04005404934287071,0.0,0.0,0.0,0.0,0.0,0.18805046379566193,0.0,0.0,0.0,1.89721833976364e-06,0.011867523193359375,0.048951566219329834,0.020027024671435356,0.0,0.0,0.0,0.0,0.0,0.037610094994306564,0.0,0.0,0.5999525785446167
2,46,0.47456488013267517,5.592041816271376e-06,0.030232727527618408,0.13824480772018433,0.04113863408565521,0.0,0.0,0.0,0.0,0.0,0.4755741357803345,0.0,0.0,0.0,2.796020908135688e-06,0.015116363763809204,0.06912240386009216,0.020569317042827606,0.0,0.0,0.0,0.0,0.0,0.0951148271560669,0.0,0.0,0.6744905710220337
2,47,0.4966197609901428,5.66427797821234e-06,0.03758031129837036,0.1105441153049469,0.03882069140672684,0.0,0.0,0.0,0.0,0.0,0.1399012804031372,0.0,0.0,0.0,2.83213898910617e-06,0.01879015564918518,0.05527205765247345,0.01941034570336342,0.0,0.0,0.0,0.0,0.0,0.0279802568256855,0.0,0.0,0.618075430393219
2,48,0.46735090017318726,4.911728865408804e-06,0.048954129219055176,0.1645675003528595,0.05912065505981445,0.0,0.0,0.0,0.0,0.0,0.2483224868774414,0.0,0.0,0.0,2.455864432704402e-06,0.024477064609527588,0.08228375017642975,0.029560327529907227,0.0,0.0,0.0,0.0,0.0,0.04966449737548828,0.0,0.0,0.6533389687538147
2,49,0.47547468543052673,4.846328465646366e-06,0.03412508964538574,0.11821103096008301,0.07708822935819626,0.0,0.0,0.0,0.0,0.0,0.1739012598991394,0.0,0.0,0.0,2.423164232823183e-06,0.01706254482269287,0.059105515480041504,0.03854411467909813,0.0,0.0,0.0,0.0,0.0,0.03478025272488594,0.0,0.0,0.6249695420265198
2,50,0.4815550744533539,2.0222714738338254e-06,0.05283713340759277,0.13865643739700317,0.06069081649184227,0.0,0.0,0.0,0.0,0.0,0.46064293384552,0.0,0.0,0.0,1.0111357369169127e-06,0.026418566703796387,0.06932821869850159,0.030345408245921135,0.0,0.0,0.0,0.0,0.0,0.09212858974933624,0.0,0.0,0.6997767686843872
2,51,0.4709312319755554,2.905527935581631e-06,0.07334327697753906,0.1790456771850586,0.044485270977020264,0.0,0.0,0.0,0.0,0.0,0.22709496319293976,0.0,0.0,0.0,1.4527639677908155e-06,0.03667163848876953,0.0895228385925293,0.022242635488510132,0.0,0.0,0.0,0.0,0.0,0.04541899263858795,0.0,0.0,0.6647888422012329
2,52,0.46638578176498413,2.784332536975853e-06,0.04204535484313965,0.09914395213127136,0.042024992406368256,0.0,0.0,0.0,0.0,0.0,0.18013781309127808,0.0,0.0,0.0,1.3921662684879266e-06,0.021022677421569824,0.04957197606563568,0.021012496203184128,0.0,0.0,0.0,0.0,0.0,0.036027561873197556,0.0,0.0,0.5940218567848206
2,53,0.4649508595466614,3.1158465390035417e-06,0.032949745655059814,0.08503347635269165,0.06584932655096054,0.0,0.0,0.0,0.0,0.0,0.28252172470092773,0.0,0.0,0.0,1.5579232695017708e-06,0.016474872827529907,0.042516738176345825,0.03292466327548027,0.0,0.0,0.0,0.0,0.0,0.056504346430301666,0.0,0.0,0.6133730411529541
2,54,0.4644729197025299,8.968935617303941e-06,0.07939678430557251,0.24629302322864532,0.11772727966308594,0.0,0.0,0.0,0.0,0.0,0.40879949927330017,0.0,0.0,0.0,4.484467808651971e-06,0.039698392152786255,0.12314651161432266,0.05886363983154297,0.0,0.0,0.0,0.0,0.0,0.08175989985466003,0.0,0.0,0.7679458856582642
2,55,0.4773928225040436,7.919775271147955e-06,0.03925126791000366,0.15928319096565247,0.07679860293865204,0.0,0.0,0.0,0.0,0.0,0.06721043586730957,0.0,0.0,0.0,3.959887635573978e-06,0.01962563395500183,0.07964159548282623,0.03839930146932602,0.0,0.0,0.0,0.0,0.0,0.0134420869871974,0.0,0.0,0.6285054087638855
2,56,0.44932040572166443,3.088307948928559e-06,0.04740035533905029,0.13807284832000732,0.03079340048134327,0.0,0.0,0.0,0.0,0.0,0.12865769863128662,0.0,0.0,0.0,1.5441539744642796e-06,0.023700177669525146,0.06903642416000366,0.015396700240671635,0.0,0.0,0.0,0.0,0.0,0.025731539353728294,0.0,0.0,0.5831868648529053
2,57,0.46297869086265564,3.6653598272096133e-06,0.03651881217956543,0.1006438136100769,0.04603562504053116,0.0,0.0,0.0,0.0,0.0,0.2021569013595581,0.0,0.0,0.0,1.8326799136048066e-06,0.018259406089782715,0.05032190680503845,0.02301781252026558,0.0,0.0,0.0,0.0,0.0,0.04043138027191162,0.0,0.0,0.5950110554695129
2,58,0.452558696269989,7.32531952962745e-06,0.028809189796447754,0.12349516153335571,0.029619863256812096,0.0,0.0,0.0,0.0,0.0,0.30557185411453247,0.0,0.0,0.0,3.662659764813725e-06,0.014404594898223877,0.061747580766677856,0.014809931628406048,0.0,0.0,0.0,0.0,0.0,0.061114370822906494,0.0,0.0,0.6046388149261475
2,59,0.47308096289634705,1.091023295884952e-05,0.035476624965667725,0.19651973247528076,0.08858335018157959,0.0,0.0,0.0,0.0,0.0,0.351101279258728,0.0,0.0,0.0,5.45511647942476e-06,0.017738312482833862,0.09825986623764038,0.044291675090789795,0.0,0.0,0.0,0.0,0.0,0.07022025436162949,0.0,0.0,0.7035965323448181
2,60,0.4487311840057373,3.0867629448039224e-06,0.022619128227233887,0.10559740662574768,0.07344581186771393,0.0,0.0,0.0,0.0,0.0,0.21396589279174805,0.0,0.0,0.0,1.5433814724019612e-06,0.011309564113616943,0.05279870331287384,0.036722905933856964,0.0,0.0,0.0,0.0,0.0,0.04279318079352379,0.0,0.0,0.5923570394515991
2,61,0.46162042021751404,6.3469296947005205e-06,0.03495430946350098,0.12412035465240479,0.07174961268901825,0.0,0.0,0.0,0.0,0.0,0.17343682050704956,0.0,0.0,0.0,3.1734648473502602e-06,0.01747715473175049,0.06206017732620239,0.035874806344509125,0.0,0.0,0.0,0.0,0.0,0.03468736633658409,0.0,0.0,0.6117230653762817
2,62,0.44611430168151855,3.094132352998713e-06,0.02986997365951538,0.10287648439407349,0.05364755913615227,0.0,0.0,0.0,0.0,0.0,0.14454472064971924,0.0,0.0,0.0,1.5470661764993565e-06,0.01493498682975769,0.05143824219703674,0.026823779568076134,0.0,0.0,0.0,0.0,0.0,0.028908943757414818,0.0,0.0,0.5682218074798584
2,63,0.4569520354270935,6.576821760972962e-06,0.030677616596221924,0.16106411814689636,0.029434019699692726,0.0,0.0,0.0,0.0,0.0,0.20297594368457794,0.0,0.0,0.0,3.288410880486481e-06,0.015338808298110962,0.08053205907344818,0.014717009849846363,0.0,0.0,0.0,0.0,0.0,0.04059518873691559,0.0,0.0,0.6081383228302002
2,64,0.4367856979370117,6.617907274630852e-06,0.08713960647583008,0.15487682819366455,0.044118382036685944,0.0,0.0,0.0,0.0,0.0,0.2609109878540039,0.0,0.0,0.0,3.308953637315426e-06,0.04356980323791504,0.07743841409683228,0.022059191018342972,0.0,0.0,0.0,0.0,0.0,0.05218219757080078,0.0,0.0,0.6320385932922363
2,65,0.4583321511745453,4.891442586085759e-06,0.026743710041046143,0.13902601599693298,0.03992532938718796,0.0,0.0,0.0,0.0,0.0,0.15014714002609253,0.0,0.0,0.0,2.4457212930428796e-06,0.013371855020523071,0.06951300799846649,0.01996266469359398,0.0,0.0,0.0,0.0,0.0,0.030029429122805595,0.0,0.0,0.5912115573883057
2,66,0.43259096145629883,2.8823476441175444e-06,0.022677481174468994,0.10516870021820068,0.022928347811102867,0.0,0.0,0.0,0.0,0.0,0.42417195439338684,0.0,0.0,0.0,1.4411738220587722e-06,0.011338740587234497,0.05258435010910034,0.011464173905551434,0.0,0.0,0.0,0.0,0.0,0.08483438938856125,0.0,0.0,0.592814028263092
2,67,0.4412992596626282,6.953320735192392e-06,0.022871792316436768,0.10204651951789856,0.03287780284881592,0.0,0.0,0.0,0.0,0.0,0.275525838136673,0.0,0.0,0.0,3.476660367596196e-06,0.011435896158218384,0.05102325975894928,0.01643890142440796,0.0,0.0,0.0,0.0,0.0,0.055105168372392654,0.0,0.0,0.5753059387207031
2,68,0.4528142809867859,3.608796305343276e-06,0.04001319408416748,0.11052137613296509,-0.02645075134932995,0.0,0.0,0.0,0.0,0.0,0.436620831489563,0.0,0.0,0.0,1.804398152671638e-06,0.02000659704208374,0.055260688066482544,-0.013225375674664974,0.0,0.0,0.0,0.0,0.0,0.08732416480779648,0.0,0.0,0.602182149887085
2,69,0.4295767843723297,6.748642590537202e-06,0.027117788791656494,0.12885186076164246,0.05407661572098732,0.0,0.0,0.0,0.0,0.0,0.0,0.0,0.0,0.0,3.374321295268601e-06,0.013558894395828247,0.06442593038082123,0.02703830786049366,0.0,0.0,0.0,0.0,0.0,0.0,0.0,0.0,0.5346032977104187
2,70,0.4466313421726227,1.884157427411992e-06,0.03033614158630371,0.12568780779838562,0.053318534046411514,0.0,0.0,0.0,0.0,0.0,0.19403117895126343,0.0,0.0,0.0,9.42078713705996e-07,0.015168070793151855,0.06284390389919281,0.026659267023205757,0.0,0.0,0.0,0.0,0.0,0.038806237280368805,0.0,0.0,0.5901097655296326
2,71,0.4228127896785736,3.2061323054222157e-06,0.03205472230911255,0.09573948383331299,0.008595448918640614,0.0,0.0,0.0,0.0,0.0,0.19233548641204834,0.0,0.0,0.0,1.6030661527111079e-06,0.016027361154556274,0.047869741916656494,0.004297724459320307,0.0,0.0,0.0,0.0,0.0,0.03846709802746773,0.0,0.0,0.5294763445854187
2,72,0.4333953857421875,5.9877606872760225e-06,0.06739485263824463,0.1580057442188263,0.052586205303668976,0.0,0.0,0.0,0.0,0.0,0.35402733087539673,0.0,0.0,0.0,2.9938803436380113e-06,0.033697426319122314,0.07900287210941315,0.026293102651834488,0.0,0.0,0.0,0.0,0.0,0.07080546766519547,0.0,0.0,0.643197238445282
2,73,0.43128761649131775,3.703127504195436e-06,0.036828458309173584,0.09320661425590515,0.040256377309560776,0.0,0.0,0.0,0.0,0.0,0.21272392570972443,0.0,0.0,0.0,1.851563752097718e-06,0.018414229154586792,0.046603307127952576,0.020128188654780388,0.0,0.0,0.0,0.0,0.0,0.042544785887002945,0.0,0.0,0.5589799880981445
2,74,0.43097251653671265,5.132992555445526e-06,0.04941290616989136,0.11698934435844421,0.05786024034023285,0.0,0.0,0.0,0.0,0.0,0.13717776536941528,0.0,0.0,0.0,2.566496277722763e-06,0.02470645308494568,0.05849467217922211,0.028930120170116425,0.0,0.0,0.0,0.0,0.0,0.027435554191470146,0.0,0.0,0.5705418586730957
2,75,0.42439502477645874,6.799211860197829e-06,0.023739993572235107,0.11919501423835754,0.0456412173807621,0.0,0.0,0.0,0.0,0.0,0.11279237270355225,0.0,0.0,0.0,3.3996059300989145e-06,0.011869996786117554,0.05959750711917877,0.02282060869038105,0.0,0.0,0.0,0.0,0.0,0.02255847491323948,0.0,0.0,0.5412449836730957
2,76,0.4251159727573395,9.141646160060191e-07,0.02291083335876465,0.06189417839050293,0.03964044898748398,0.0,0.0,0.0,0.0,0.0,0.10629874467849731,0.0,0.0,0.0,4.5708230800300953e-07,0.011455416679382324,0.030947089195251465,0.01982022449374199,0.0,0.0,0.0,0.0,0.0,0.021259749308228493,0.0,0.0,0.5085988640785217
2,77,0.40711212158203125,1.736126137075189e-06,0.019721508026123047,0.08603814244270325,0.034414514899253845,0.0,0.0,0.0,0.0,0.0,0.26531320810317993,0.0,0.0,0.0,8.680630685375945e-07,0.009860754013061523,0.043019071221351624,0.017207257449626923,0.0,0.0,0.0,0.0,0.0,0.053062643855810165,0.0,0.0,0.5302627086639404
2,78,0.4264475703239441,1.7801237845560536e-05,0.05530190467834473,0.1875857412815094,0.04644985869526863,0.0,0.0,0.0,0.0,0.0,0.16783078014850616,0.0,0.0,0.0,8.900618922780268e-06,0.027650952339172363,0.0937928706407547,0.023224929347634315,0.0,0.0,0.0,0.0,0.0,0.03356615826487541,0.0,0.0,0.6046914458274841
2,79,0.4192264676094055,4.224262738716789e-06,0.01938474178314209,0.09398496150970459,0.034051086753606796,0.0,0.0,0.0,0.0,0.0,0.31086355447769165,0.0,0.0,0.0,2.1121313693583943e-06,0.009692370891571045,0.046992480754852295,0.017025543376803398,0.0,0.0,0.0,0.0,0.0,0.06217271089553833,0.0,0.0,0.5551116466522217
2,80,0.40289193391799927,2.7742130441765767e-06,0.09324830770492554,0.12415406107902527,-0.009109817445278168,0.0,0.0,0.0,0.0,0.0,0.16425186395645142,0.0,0.0,0.0,1.3871065220882883e-06,0.04662415385246277,0.062077030539512634,-0.004554908722639084,0.0,0.0,0.0,0.0,0.0,0.03285037353634834,0.0,0.0,0.5398899912834167
2,81,0.41125160455703735,1.4697461665491574e-06,0.016577184200286865,0.07908564805984497,0.02874663844704628,0.0,0.0,0.0,0.0,0.0,0.13468635082244873,0.0,0.0,0.0,7.348730832745787e-07,0.008288592100143433,0.039542824029922485,0.01437331922352314,0.0,0.0,0.0,0.0,0.0,0.026937270537018776,0.0,0.0,0.500394344329834
2,82,0.41144266724586487,4.3092454689031e-06,0.0347437858581543,0.10874035954475403,0.05413705110549927,0.0,0.0,0.0,0.0,0.0,0.22505228221416473,0.0,0.0,0.0,2.15462273445155e-06,0.01737189292907715,0.054370179772377014,0.027068525552749634,0.0,0.0,0.0,0.0,0.0,0.045010458678007126,0.0,0.0,0.5552659034729004
2,83,0.4113767743110657,6.692702754662605e-06,0.08452755212783813,0.12107053399085999,0.04913002997636795,0.0,0.0,0.0,0.0,0.0,0.4693634510040283,0.0,0.0,0.0,3.3463513773313025e-06,0.04226377606391907,0.06053526699542999,0.024565014988183975,0.0,0.0,0.0,0.0,0.0,0.09387268871068954,0.0,0.0,0.6326168775558472
2,84,0.4142543375492096,4.210159659123747e-06,0.014935851097106934,0.09490886330604553,0.017733853310346603,0.0,0.0,0.0,0.0,0.0,0.1903666853904724,0.0,0.0,0.0,2.1050798295618733e-06,0.007467925548553467,0.047454431653022766,0.008866926655173302,0.0,0.0,0.0,0.0,0.0,0.0380733385682106,0.0,0.0,0.5161190629005432
2,85,0.39237314462661743,2.722062163229566e-06,0.023585617542266846,0.07388085126876831,0.0064577264711260796,0.0,0.0,0.0,0.0,0.0,0.2193412035703659,0.0,0.0,0.0,1.361031081614783e-06,0.011792808771133423,0.036940425634384155,0.0032288632355630398,0.0,0.0,0.0,0.0,0.0,0.04386823996901512,0.0,0.0,0.48820486664772034
2,86,0.39091756939888,3.5708728773897747e-06,0.040213823318481445,0.11100384593009949,0.04083065688610077,0.0,0.0,0.0,0.0,0.0,0.22989054024219513,0.0,0.0,0.0,1.7854364386948873e-06,0.020106911659240723,0.055501922965049744,0.020415328443050385,0.0,0.0,0.0,0.0,0.0,0.045978110283613205,0.0,0.0,0.5329216122627258
2,87,0.41201144456863403,1.0130779628525488e-05,0.023488640785217285,0.145796000957489,0.0019301455467939377,0.0,0.0,0.0,0.0,0.0,0.38056865334510803,0.0,0.0,0.0,5.065389814262744e-06,0.011744320392608643,0.0728980004787445,0.0009650727733969688,0.0,0.0,0.0,0.0,0.0,0.0761137306690216,0.0,0.0,0.573737621307373
2,88,0.3988780379295349,2.8942181415914092e-06,0.03307747840881348,0.07955178618431091,0.009064623154699802,0.0,0.0,0.0,0.0,0.0,0.1839715838432312,0.0,0.0,0.0,1.4471090707957046e-06,0.01653873920440674,0.03977589309215546,0.004532311577349901,0.0,0.0,0.0,0.0,0.0,0.03679431602358818,0.0,0.0,0.4965207278728485
2,89,0.39821019768714905,7.884666047175415e-06,0.06120580434799194,0.1171754002571106,0.0068781329318881035,0.0,0.0,0.0,0.0,0.0,0.1486039161682129,0.0,0.0,0.0,3.9423330235877074e-06,0.03060290217399597,0.0585877001285553,0.0034390664659440517,0.0,0.0,0.0,0.0,0.0,0.029720783233642578,0.0,0.0,0.5205645561218262
2,90,0.38793712854385376,2.656477818163694e-06,0.018824100494384766,0.07874006032943726,0.009557810612022877,0.0,0.0,0.0,0.0,0.0,0.08853093534708023,0.0,0.0,0.0,1.328238909081847e-06,0.009412050247192383,0.03937003016471863,0.004778905306011438,0.0,0.0,0.0,0.0,0.0,0.017706187441945076,0.0,0.0,0.45920562744140625
2,91,0.393740713596344,5.828226676385384e-06,0.023660242557525635,0.08625158667564392,0.02477952092885971,0.0,0.0,0.0,0.0,0.0,0.32255470752716064,0.0,0.0,0.0,2.914113338192692e-06,0.011830121278762817,0.04312579333782196,0.012389760464429855,0.0,0.0,0.0,0.0,0.0,0.06451094150543213,0.0,0.0,0.5256001949310303
2,92,0.4002535343170166,3.923410986317322e-06,0.03871363401412964,0.10098326206207275,0.045803047716617584,0.0,0.0,0.0,0.0,0.0,0.18797463178634644,0.0,0.0,0.0,1.961705493158661e-06,0.01935681700706482,0.05049163103103638,0.022901523858308792,0.0,0.0,0.0,0.0,0.0,0.03759492561221123,0.0,0.0,0.5306004285812378
2,93,0.3751556873321533,5.05320440424839e-06,0.025036871433258057,0.12140130996704102,-0.00010974705219268799,0.0,0.0,0.0,0.0,0.0,0.24431002140045166,0.0,0.0,0.0,2.526602202124195e-06,0.012518435716629028,0.06070065498352051,-5.4873526096343994e-05,0.0,0.0,0.0,0.0,0.0,0.04886200651526451,0.0,0.0,0.4971844553947449
2,94,0.38790005445480347,4.370256192487432e-06,0.05520874261856079,0.07755991816520691,0.02936200238764286,0.0,0.0,0.0,0.0,0.0,0.169996976852417,0.0,0.0,0.0,2.185128096243716e-06,0.027604371309280396,0.038779959082603455,0.01468100119382143,0.0,0.0,0.0,0.0,0.0,0.03399939462542534,0.0,0.0,0.5029670000076294
2,95,0.39059051871299744,4.7315284064097796e-06,0.02533632516860962,0.09761461615562439,0.03311828523874283,0.0,0.0,0.0,0.0,0.0,0.26523590087890625,0.0,0.0,0.0,2.3657642032048898e-06,0.01266816258430481,0.048807308077812195,0.016559142619371414,0.0,0.0,0.0,0.0,0.0,0.05304718017578125,0.0,0.0,0.521674633026123
2,96,0.3810998797416687,5.0380035645503085e-06,0.08838564157485962,0.12809404730796814,0.06821930408477783,0.0,0.0,0.0,0.0,0.0,0.0,0.0,0.0,0.0,2.5190017822751543e-06,0.04419282078742981,0.06404702365398407,0.034109652042388916,0.0,0.0,0.0,0.0,0.0,0.0,0.0,0.0,0.5234519243240356
2,97,0.3791937232017517,4.66055644210428e-06,0.035337090492248535,0.0937005877494812,-0.027879446744918823,0.0,0.0,0.0,0.0,0.0,0.3020113706588745,0.0,0.0,0.0,2.33027822105214e-06,0.017668545246124268,0.0468502938747406,-0.013939723372459412,0.0,0.0,0.0,0.0,0.0,0.0604022741317749,0.0,0.0,0.4901774525642395
2,98,0.3854203224182129,2.5406127406313317e-06,0.03882300853729248,0.12517455220222473,-0.004536205902695656,0.0,0.0,0.0,0.0,0.0,0.09680008888244629,0.0,0.0,0.0,1.2703063703156658e-06,0.01941150426864624,0.06258727610111237,-0.002268102951347828,0.0,0.0,0.0,0.0,0.0,0.019360018894076347,0.0,0.0,0.4845122992992401
2,99,0.3706233501434326,7.592974725412205e-06,0.03144991397857666,0.11224949359893799,-0.015224438160657883,0.0,0.0,0.0,0.0,0.0,0.23719274997711182,0.0,0.0,0.0,3.7964873627061024e-06,0.01572495698928833,0.056124746799468994,-0.007612219080328941,0.0,0.0,0.0,0.0,0.0,0.04743855074048042,0.0,0.0,0.4823031723499298
2,100,0.3703944981098175,3.026407966899569e-06,0.04250401258468628,0.1316591203212738,0.018407374620437622,0.0,0.0,0.0,0.0,0.0,0.259172260761261,0.0,0.0,0.0,1.5132039834497846e-06,0.02125200629234314,0.0658295601606369,0.009203687310218811,0.0,0.0,0.0,0.0,0.0,0.05183445289731026,0.0,0.0,0.5185157060623169
3,1,0.41753077507019043,1.4736708180862479e-05,0.09392303228378296,0.339689701795578,-0.0007537184283137321,0.0,0.0,0.0,0.0,0.0,0.4801011383533478,0.0,0.0,0.0,7.3683540904312395e-06,0.04696151614189148,0.169844850897789,-0.0003768592141568661,0.0,0.0,0.0,0.0,0.0,0.09602022916078568,0.0,0.0,0.7299878597259521
3,2,0.44322913885116577,1.1955186892009806e-05,0.11114788055419922,0.3537864685058594,0.003395475447177887,0.0,0.0,0.0,0.0,0.0,0.3388441503047943,0.0,0.0,0.0,5.977593446004903e-06,0.05557394027709961,0.1768932342529297,0.0016977377235889435,0.0,0.0,0.0,0.0,0.0,0.06776883453130722,0.0,0.0,0.7451688647270203
3,3,0.41014665365219116,7.681299393880181e-06,0.06592851877212524,0.20532260835170746,-0.0030941395089030266,0.0,0.0,0.0,0.0,0.0,0.3521460294723511,0.0,0.0,0.0,3.8406496969400905e-06,0.03296425938606262,0.10266130417585373,-0.0015470697544515133,0.0,0.0,0.0,0.0,0.0,0.07042920589447021,0.0,0.0,0.6146581768989563
3,4,0.40167850255966187,9.933267392625567e-06,0.05350029468536377,0.2657288908958435,-0.00041304854676127434,0.0,0.0,0.0,0.0,0.0,0.23754572868347168,0.0,0.0,0.0,4.966633696312783e-06,0.026750147342681885,0.13286444544792175,-0.00020652427338063717,0.0,0.0,0.0,0.0,0.0,0.047509144991636276,0.0,0.0,0.6086006760597229
3,5,0.41633352637290955,8.804047865851317e-06,0.05654352903366089,0.2652515769004822,-0.004662639461457729,0.0,0.0,0.0,0.0,0.0,0.2728116512298584,0.0,0.0,0.0,4.402023932925658e-06,0.028271764516830444,0.1326257884502411,-0.0023313197307288647,0.0,0.0,0.0,0.0,0.0,0.05456233024597168,0.0,0.0,0.6294664740562439
3,6,0.42936235666275024,8.545898708689492e-06,0.05585193634033203,0.21138730645179749,-0.0006237500347197056,0.0,0.0,0.0,0.0,0.0,0.5057916045188904,0.0,0.0,0.0,4.272949354344746e-06,0.027925968170166016,0.10569365322589874,-0.0003118750173598528,0.0,0.0,0.0,0.0,0.0,0.10115832090377808,0.0,0.0,0.6638327240943909
3,7,0.3859485983848572,8.258200978161767e-06,0.08836501836776733,0.21107271313667297,0.006146377883851528,0.0,0.0,0.0,0.0,0.0,0.6400107741355896,0.0,0.0,0.0,4.1291004890808836e-06,0.04418250918388367,0.10553635656833649,0.003073188941925764,0.0,0.0,0.0,0.0,0.0,0.12800215184688568,0.0,0.0,0.666746973991394
3,8,0.42283663153648376,9.02725150808692e-06,0.11450695991516113,0.24948421120643616,-0.0007388517260551453,0.0,0.0,0.0,0.0,0.0,0.0,0.0,0.0,0.0,4.51362575404346e-06,0.057253479957580566,0.12474210560321808,-0.00036942586302757263,0.0,0.0,0.0,0.0,0.0,0.0,0.0,0.0,0.6044672727584839
3,9,0.4098808169364929,8.570348654757254e-06,0.04439514875411987,0.18690986931324005,0.013533221557736397,0.0,0.0,0.0,0.0,0.0,0.32972756028175354,0.0,0.0,0.0,4.285174327378627e-06,0.022197574377059937,0.09345493465662003,0.006766610778868198,0.0,0.0,0.0,0.0,0.0,0.06594551354646683,0.0,0.0,0.5982497334480286
3,10,0.41480398178100586,9.014661372930277e-06,0.07413756847381592,0.2674916386604309,0.008611416444182396,0.0,0.0,0.0,0.0,0.0,0.26823121309280396,0.0,0.0,0.0,4.5073306864651386e-06,0.03706878423690796,0.13374581933021545,0.004305708222091198,0.0,0.0,0.0,0.0,0.0,0.05364624410867691,0.0,0.0,0.6435750722885132
3,11,0.41228795051574707,6.97430596119375e-06,0.054660916328430176,0.2132573127746582,0.008482597768306732,0.0,0.0,0.0,0.0,0.0,0.2838464379310608,0.0,0.0,0.0,3.487152980596875e-06,0.027330458164215088,0.1066286563873291,0.004241298884153366,0.0,0.0,0.0,0.0,0.0,0.05676928907632828,0.0,0.0,0.6072611808776855
3,12,0.4052601456642151,5.20332559972303e-06,0.07258367538452148,0.18399232625961304,0.003313725348562002,0.0,0.0,0.0,0.0,0.0,0.3533639907836914,0.0,0.0,0.0,2.601662799861515e-06,0.03629183769226074,0.09199616312980652,0.001656862674281001,0.0,0.0,0.0,0.0,0.0,0.07067280262708664,0.0,0.0,0.6058804392814636
3,13,0.3903906047344208,8.318782420246862e-06,0.1035265326499939,0.18005406856536865,0.0159770380705595,0.0,0.0,0.0,0.0,0.0,0.35255181789398193,0.0,0.0,0.0,4.159391210123431e-06,0.05176326632499695,0.09002703428268433,0.00798851903527975,0.0,0.0,0.0,0.0,0.0,0.0705103650689125,0.0,0.0,0.6106839776039124
3,14,0.40563344955444336,4.412095222505741e-06,0.03942292928695679,0.15631303191184998,0.012631704099476337,0.0,0.0,0.0,0.0,0.0,0.1864621639251709,0.0,0.0,0.0,2.2060476112528704e-06,0.019711464643478394,0.07815651595592499,0.006315852049738169,0.0,0.0,0.0,0.0,0.0,0.03729243203997612,0.0,0.0,0.5471118688583374
3,15,0.3983611762523651,8.00724228611216e-06,0.042600035667419434,0.25403738021850586,0.024901270866394043,0.0,0.0,0.0,0.0,0.0,0.33809328079223633,0.0,0.0,0.0,4.00362114305608e-06,0.021300017833709717,0.12701869010925293,0.012450635433197021,0.0,0.0,0.0,0.0,0.0,0.06761866062879562,0.0,0.0,0.6267532110214233
3,16,0.41262927651405334,1.2920007975480985e-05,0.10737907886505127,0.2713874876499176,0.02449156530201435,0.0,0.0,0.0,0.0,0.0,0.3463379740715027,0.0,0.0,0.0,6.4600039877404924e-06,0.053689539432525635,0.1356937438249588,0.012245782651007175,0.0,0.0,0.0,0.0,0.0,0.06926759332418442,0.0,0.0,0.6835323572158813
3,17,0.40491336584091187,1.3755341569776647e-05,0.08139872550964355,0.2227400839328766,0.03403927758336067,0.0,0.0,0.0,0.0,0.0,0.2155468463897705,0.0,0.0,0.0,6.877670784888323e-06,0.04069936275482178,0.1113700419664383,0.017019638791680336,0.0,0.0,0.0,0.0,0.0,0.04310936853289604,0.0,0.0,0.6171186566352844
3,18,0.3851526975631714,6.8823164838249795e-06,0.03932076692581177,0.21312275528907776,0.03190382942557335,0.0,0.0,0.0,0.0,0.0,0.08038759231567383,0.0,0.0,0.0,3.4411582419124898e-06,0.019660383462905884,0.10656137764453888,0.015951914712786674,0.0,0.0,0.0,0.0,0.0,0.016077518463134766,0.0,0.0,0.5434073209762573
3,19,0.4045526087284088,7.435693078150507e-06,0.0705910325050354,0.1870453655719757,0.03568369895219803,0.0,0.0,0.0,0.0,0.0,0.3225597143173218,0.0,0.0,0.0,3.7178465390752535e-06,0.0352955162525177,0.09352268278598785,0.017841849476099014,0.0,0.0,0.0,0.0,0.0,0.06451194733381271,0.0,0.0,0.6157283782958984
3,20,0.38769176602363586,1.1122217074444052e-05,0.04888278245925903,0.26065027713775635,0.04912715405225754,0.0,0.0,0.0,0.0,0.0,0.3199915885925293,0.0,0.0,0.0,5.561108537222026e-06,0.024441391229629517,0.13032513856887817,0.02456357702612877,0.0,0.0,0.0,0.0,0.0,0.06399831920862198,0.0,0.0,0.6310257911682129
3,21,0.3800473213195801,6.923010005266406e-06,0.05210721492767334,0.14947080612182617,0.015670916065573692,0.0,0.0,0.0,0.0,0.0,0.4359498918056488,0.0,0.0,0.0,3.461505002633203e-06,0.02605360746383667,0.07473540306091309,0.007835458032786846,0.0,0.0,0.0,0.0,0.0,0.08718997985124588,0.0,0.0,0.5758652091026306
3,22,0.3801437020301819,4.513419753493508e-06,0.05216872692108154,0.12853553891181946,0.0028307130560278893,0.0,0.0,0.0,0.0,0.0,0.28026723861694336,0.0,0.0,0.0,2.256709876746754e-06,0.02608436346054077,0.06426776945590973,0.0014153565280139446,0.0,0.0,0.0,0.0,0.0,0.05605344846844673,0.0,0.0,0.5279668569564819
3,23,0.38876429200172424,3.518824541970389e-06,0.08321303129196167,0.22033363580703735,0.05886745825409889,0.0,0.0,0.0,0.0,0.0,0.2127215415239334,0.0,0.0,0.0,1.7594122709851945e-06,0.041606515645980835,0.11016681790351868,0.029433729127049446,0.0,0.0,0.0,0.0,0.0,0.04254430904984474,0.0,0.0,0.6125174164772034
3,24,0.38700351119041443,5.271150712360395e-06,0.04566425085067749,0.2035280466079712,0.03601360321044922,0.0,0.0,0.0,0.0,0.0,0.2330806851387024,0.0,0.0,0.0,2.6355753561801976e-06,0.022832125425338745,0.1017640233039856,0.01800680160522461,0.0,0.0,0.0,0.0,0.0,0.04661613702774048,0.0,0.0,0.576225221157074
3,25,0.38989412784576416,8.545243872504216e-06,0.060650765895843506,0.20504438877105713,0.030880961567163467,0.0,0.0,0.0,0.0,0.0,0.4164285659790039,0.0,0.0,0.0,4.272621936252108e-06,0.030325382947921753,0.10252219438552856,0.015440480783581734,0.0,0.0,0.0,0.0,0.0,0.08328571170568466,0.0,0.0,0.6214721202850342
3,26,0.37229734659194946,7.110521892172983e-06,0.07739794254302979,0.19141745567321777,0.03713877499103546,0.0,0.0,0.0,0.0,0.0,0.15016095340251923,0.0,0.0,0.0,3.5552609460864915e-06,0.03869897127151489,0.09570872783660889,0.01856938749551773,0.0,0.0,0.0,0.0,0.0,0.030032191425561905,0.0,0.0,0.5553102493286133
3,27,0.37853556871414185,8.030418030102737e-06,0.08300447463989258,0.2218671441078186,0.052138492465019226,0.0,0.0,0.0,0.0,0.0,0.29121458530426025,0.0,0.0,0.0,4.015209015051369e-06,0.04150223731994629,0.1109335720539093,0.026069246232509613,0.0,0.0,0.0,0.0,0.0,0.05824291706085205,0.0,0.0,0.6152875423431396
3,28,0.3868870735168457,3.7374873045337154e-06,0.09652870893478394,0.15307343006134033,0.022731177508831024,0.0,0.0,0.0,0.0,0.0,0.2537318170070648,0.0,0.0,0.0,1.8687436522668577e-06,0.04826435446739197,0.07653671503067017,0.011365588754415512,0.0,0.0,0.0,0.0,0.0,0.050746362656354904,0.0,0.0,0.5738019943237305
3,29,0.3648669719696045,4.319170329836197e-06,0.05132722854614258,0.14838162064552307,0.048671647906303406,0.0,0.0,0.0,0.0,0.0,0.280947208404541,0.0,0.0,0.0,2.1595851649180986e-06,0.02566361427307129,0.07419081032276154,0.024335823953151703,0.0,0.0,0.0,0.0,0.0,0.05618944391608238,0.0,0.0,0.545248806476593
3,30,0.37918877601623535,6.202688837220194e-06,0.05485045909881592,0.14282312989234924,0.07778871059417725,0.0,0.0,0.0,0.0,0.0,0.300420343875885,0.0,0.0,0.0,3.101344418610097e-06,0.02742522954940796,0.07141156494617462,0.03889435529708862,0.0,0.0,0.0,0.0,0.0,0.06008407101035118,0.0,0.0,0.5770070552825928
3,31,0.3675115704536438,6.3384745772054885e-06,0.03771495819091797,0.15570160746574402,0.02192912995815277,0.0,0.0,0.0,0.0,0.0,0.2074759602546692,0.0,0.0,0.0,3.1692372886027442e-06,0.018857479095458984,0.07785080373287201,0.010964564979076385,0.0,0.0,0.0,0.0,0.0,0.0414951927959919,0.0,0.0,0.5166828036308289
3,32,0.36791935563087463,5.329196028469596e-06,0.06787556409835815,0.15367138385772705,0.05836528167128563,0.0,0.0,0.0,0.0,0.0,0.25275683403015137,0.0,0.0,0.0,2.664598014234798e-06,0.03393778204917908,0.07683569192886353,0.029182640835642815,0.0,0.0,0.0,0.0,0.0,0.050551366060972214,0.0,0.0,0.558429479598999
3,33,0.3733639717102051,2.9463647024385864e-06,0.04630059003829956,0.16729944944381714,0.04538959637284279,0.0,0.0,0.0,0.0,0.0,0.17273879051208496,0.0,0.0,0.0,1.4731823512192932e-06,0.02315029501914978,0.08364972472190857,0.022694798186421394,0.0,0.0,0.0,0.0,0.0,0.03454775735735893,0.0,0.0,0.5374079942703247
3,34,0.360030859708786,3.752240672838525e-06,0.047111451625823975,0.18812495470046997,0.08873677253723145,0.0,0.0,0.0,0.0,0.0,0.35420462489128113,0.0,0.0,0.0,1.8761203364192625e-06,0.023555725812911987,0.09406247735023499,0.04436838626861572,0.0,0.0,0.0,0.0,0.0,0.07084092497825623,0.0,0.0,0.592860221862793
3,35,0.36365851759910583,6.3595502979296725e-06,0.02767127752304077,0.13738545775413513,0.05129919946193695,0.0,0.0,0.0,0.0,0.0,0.37123003602027893,0.0,0.0,0.0,3.1797751489648363e-06,0.013835638761520386,0.06869272887706757,0.025649599730968475,0.0,0.0,0.0,0.0,0.0,0.07424601167440414,0.0,0.0,0.5460856556892395
3,36,0.35120925307273865,6.224228400242282e-06,0.03898060321807861,0.1720203459262848,0.03662646561861038,0.0,0.0,0.0,0.0,0.0,0.13834702968597412,0.0,0.0,0.0,3.112114200121141e-06,0.019490301609039307,0.0860101729631424,0.01831323280930519,0.0,0.0,0.0,0.0,0.0,0.027669405564665794,0.0,0.0,0.5026955008506775
3,37,0.3669681251049042,4.9466543714515865e-06,0.03748297691345215,0.16858187317848206,0.07845641672611237,0.0,0.0,0.0,0.0,0.0,0.1817307472229004,0.0,0.0,0.0,2.4733271857257932e-06,0.018741488456726074,0.08429093658924103,0.03922820836305618,0.0,0.0,0.0,0.0,0.0,0.03634614869952202,0.0,0.0,0.545577347278595
3,38,0.35551315546035767,5.724219590774737e-06,0.07884162664413452,0.17289093136787415,0.08446024358272552,0.0,0.0,0.0,0.0,0.0,0.24826455116271973,0.0,0.0,0.0,2.8621097953873686e-06,0.03942081332206726,0.08644546568393707,0.04223012179136276,0.0,0.0,0.0,0.0,0.0,0.049652911722660065,0.0,0.0,0.5732653737068176
3,39,0.3585526645183563,3.5004895835299976e-06,0.021578729152679443,0.11562788486480713,0.06804497539997101,0.0,0.0,0.0,0.0,0.0,0.15473157167434692,0.0,0.0,0.0,1.7502447917649988e-06,0.010789364576339722,0.057813942432403564,0.034022487699985504,0.0,0.0,0.0,0.0,0.0,0.030946314334869385,0.0,0.0,0.4921265244483948
3,40,0.3754315972328186,3.593431756598875e-06,0.028322577476501465,0.11100146174430847,0.059245765209198,0.0,0.0,0.0,0.0,0.0,0.34627652168273926,0.0,0.0,0.0,1.7967158782994375e-06,0.014161288738250732,0.055500730872154236,0.029622882604599,0.0,0.0,0.0,0.0,0.0,0.06925530731678009,0.0,0.0,0.5439736247062683
3,41,0.36099672317504883,4.249634002917446e-06,0.028431177139282227,0.11321723461151123,0.08901118487119675,0.0,0.0,0.0,0.0,0.0,0.21170847117900848,0.0,0.0,0.0,2.124817001458723e-06,0.014215588569641113,0.056608617305755615,0.04450559243559837,0.0,0.0,0.0,0.0,0.0,0.0423416942358017,0.0,0.0,0.5186703205108643
3,42,0.3472720682621002,5.349391358322464e-06,0.03529214859008789,0.11603257060050964,0.06343841552734375,0.0,0.0,0.0,0.0,0.0,0.22634416818618774,0.0,0.0,0.0,2.674695679161232e-06,0.017646074295043945,0.05801628530025482,0.031719207763671875,0.0,0.0,0.0,0.0,0.0,0.04526883363723755,0.0,0.0,0.4999251365661621
3,43,0.36007776856422424,8.811304724076763e-06,0.06708800792694092,0.17955386638641357,0.04336139187216759,0.0,0.0,0.0,0.0,0.0,0.14233775436878204,0.0,0.0,0.0,4.405652362038381e-06,0.03354400396347046,0.08977693319320679,0.021680695936083794,0.0,0.0,0.0,0.0,0.0,0.02846755087375641,0.0,0.0,0.5335513353347778
3,44,0.35504481196403503,5.845377927471418e-06,0.042183518409729004,0.13969922065734863,0.06373035907745361,0.0,0.0,0.0,0.0,0.0,0.2407130002975464,0.0,0.0,0.0,2.922688963735709e-06,0.021091759204864502,0.06984961032867432,0.03186517953872681,0.0,0.0,0.0,0.0,0.0,0.04814260080456734,0.0,0.0,0.5259968638420105
3,45,0.3555843234062195,2.039739001702401e-06,0.021465301513671875,0.08829483389854431,0.05437343567609787,0.0,0.0,0.0,0.0,0.0,0.20441365242004395,0.0,0.0,0.0,1.0198695008512004e-06,0.010732650756835938,0.044147416949272156,0.027186717838048935,0.0,0.0,0.0,0.0,0.0,0.04088273271918297,0.0,0.0,0.47853487730026245
3,46,0.3369961977005005,4.981266556569608e-06,0.025037288665771484,0.12137666344642639,0.04836956784129143,0.0,0.0,0.0,0.0,0.0,0.4171145260334015,0.0,0.0,0.0,2.490633278284804e-06,0.012518644332885742,0.060688331723213196,0.024184783920645714,0.0,0.0,0.0,0.0,0.0,0.08342290669679642,0.0,0.0,0.5178133845329285
3,47,0.3666345477104187,5.725292794522829e-06,0.03731131553649902,0.09692829847335815,0.03909524902701378,0.0,0.0,0.0,0.0,0.0,0.12932908535003662,0.0,0.0,0.0,2.8626463972614147e-06,0.01865565776824951,0.04846414923667908,0.01954762451350689,0.0,0.0,0.0,0.0,0.0,0.025865817442536354,0.0,0.0,0.47917065024375916
3,48,0.33057063817977905,6.400053734978428e-06,0.05046659708023071,0.14438283443450928,0.05850182846188545,0.0,0.0,0.0,0.0,0.0,0.26852452754974365,0.0,0.0,0.0,3.200026867489214e-06,0.025233298540115356,0.07219141721725464,0.029250914230942726,0.0,0.0,0.0,0.0,0.0,0.05370490625500679,0.0,0.0,0.5109543800354004
3,49,0.34584397077560425,5.4320030358212534e-06,0.04344278573989868,0.12222486734390259,0.09410606324672699,0.0,0.0,0.0,0.0,0.0,0.18006134033203125,0.0,0.0,0.0,2.7160015179106267e-06,0.02172139286994934,0.061112433671951294,0.047053031623363495,0.0,0.0,0.0,0.0,0.0,0.03601226955652237,0.0,0.0,0.511745810508728
3,50,0.3466757535934448,3.345292725498439e-06,0.04339545965194702,0.1593635082244873,0.09401151537895203,0.0,0.0,0.0,0.0,0.0,0.43560004234313965,0.0,0.0,0.0,1.6726463627492194e-06,0.02169772982597351,0.07968175411224365,0.04700575768947601,0.0,0.0,0.0,0.0,0.0,0.08712001144886017,0.0,0.0,0.5821826457977295
3,51,0.34503790736198425,2.004652060350054e-06,0.057876765727996826,0.1395760178565979,0.03277574107050896,0.0,0.0,0.0,0.0,0.0,0.17074549198150635,0.0,0.0,0.0,1.002326030175027e-06,0.028938382863998413,0.06978800892829895,0.01638787053525448,0.0,0.0,0.0,0.0,0.0,0.03414909914135933,0.0,0.0,0.49430230259895325
3,52,0.34290480613708496,6.132435373729095e-06,0.040064215660095215,0.10179093480110168,0.07952438294887543,0.0,0.0,0.0,0.0,0.0,0.23311802744865417,0.0,0.0,0.0,3.0662176868645474e-06,0.020032107830047607,0.05089546740055084,0.039762191474437714,0.0,0.0,0.0,0.0,0.0,0.046623606234788895,0.0,0.0,0.5002212524414062
3,53,0.3310611844062805,4.658417765313061e-06,0.04050421714782715,0.08517158031463623,0.07420863211154938,0.0,0.0,0.0,0.0,0.0,0.22896307706832886,0.0,0.0,0.0,2.3292088826565305e-06,0.020252108573913574,0.042585790157318115,0.03710431605577469,0.0,0.0,0.0,0.0,0.0,0.04579261690378189,0.0,0.0,0.47679832577705383
3,54,0.33403682708740234,1.2490926565078553e-05,0.0776442289352417,0.24688512086868286,0.11135219782590866,0.0,0.0,0.0,0.0,0.0,0.3731527328491211,0.0,0.0,0.0,6.245463282539276e-06,0.03882211446762085,0.12344256043434143,0.05567609891295433,0.0,0.0,0.0,0.0,0.0,0.07463055104017258,0.0,0.0,0.6266143918037415
3,55,0.35045260190963745,7.684135198360309e-06,0.04777252674102783,0.14505821466445923,0.07365624606609344,0.0,0.0,0.0,0.0,0.0,0.06099343299865723,0.0,0.0,0.0,3.8420675991801545e-06,0.023886263370513916,0.07252910733222961,0.03682812303304672,0.0,0.0,0.0,0.0,0.0,0.012198686599731445,0.0,0.0,0.49589863419532776
3,56,0.33415278792381287,3.447667722866754e-06,0.046939969062805176,0.148065447807312,0.04095081612467766,0.0,0.0,0.0,0.0,0.0,0.12006247043609619,0.0,0.0,0.0,1.723833861433377e-06,0.023469984531402588,0.074032723903656,0.02047540806233883,0.0,0.0,0.0,0.0,0.0,0.024012494832277298,0.0,0.0,0.4761451482772827
3,57,0.34008315205574036,4.0529394027544186e-06,0.04165548086166382,0.10487958788871765,0.026477787643671036,0.0,0.0,0.0,0.0,0.0,0.17624986171722412,0.0,0.0,0.0,2.0264697013772093e-06,0.02082774043083191,0.052439793944358826,0.013238893821835518,0.0,0.0,0.0,0.0,0.0,0.035249974578619,0.0,0.0,0.4618416130542755
3,58,0.32882973551750183,5.091769708087668e-06,0.027075886726379395,0.1258138120174408,0.042329639196395874,0.0,0.0,0.0,0.0,0.0,0.28373366594314575,0.0,0.0,0.0,2.545884854043834e-06,0.013537943363189697,0.0629069060087204,0.021164819598197937,0.0,0.0,0.0,0.0,0.0,0.05674673244357109,0.0,0.0,0.4831886887550354
3,59,0.3432149291038513,6.361206942528952e-06,0.030746281147003174,0.16589131951332092,0.10432707518339157,0.0,0.0,0.0,0.0,0.0,0.3279349207878113,0.0,0.0,0.0,3.180603471264476e-06,0.015373140573501587,0.08294565975666046,0.052163537591695786,0.0,0.0,0.0,0.0,0.0,0.06558698415756226,0.0,0.0,0.559287428855896
3,60,0.3280526101589203,3.3300566428806633e-06,0.021343231201171875,0.09346628189086914,0.06675222516059875,0.0,0.0,0.0,0.0,0.0,0.1779189109802246,0.0,0.0,0.0,1.6650283214403316e-06,0.010671615600585938,0.04673314094543457,0.03337611258029938,0.0,0.0,0.0,0.0,0.0,0.03558378294110298,0.0,0.0,0.45441895723342896
3,61,0.3310720920562744,5.2576392590708565e-06,0.03613400459289551,0.11645722389221191,0.08058802783489227,0.0,0.0,0.0,0.0,0.0,0.18006348609924316,0.0,0.0,0.0,2.6288196295354282e-06,0.018067002296447754,0.05822861194610596,0.040294013917446136,0.0,0.0,0.0,0.0,0.0,0.03601269796490669,0.0,0.0,0.48367705941200256
3,62,0.3255156874656677,3.5191264942113776e-06,0.029739856719970703,0.10797062516212463,0.049465686082839966,0.0,0.0,0.0,0.0,0.0,0.1407320499420166,0.0,0.0,0.0,1.7595632471056888e-06,0.014869928359985352,0.05398531258106232,0.024732843041419983,0.0,0.0,0.0,0.0,0.0,0.02814641036093235,0.0,0.0,0.44725194573402405
3,63,0.33407455682754517,6.629888048337307e-06,0.026850640773773193,0.13039115071296692,0.03513891249895096,0.0,0.0,0.0,0.0,0.0,0.18628542125225067,0.0,0.0,0.0,3.3149440241686534e-06,0.013425320386886597,0.06519557535648346,0.01756945624947548,0.0,0.0,0.0,0.0,0.0,0.03725708648562431,0.0,0.0,0.46752527356147766
3,64,0.3177695870399475,7.752465535304509e-06,0.07657396793365479,0.15068799257278442,0.06854629516601562,0.0,0.0,0.0,0.0,0.0,0.25678884983062744,0.0,0.0,0.0,3.8762327676522546e-06,0.03828698396682739,0.07534399628639221,0.03427314758300781,0.0,0.0,0.0,0.0,0.0,0.05135777220129967,0.0,0.0,0.5170353651046753
3,65,0.34212613105773926,4.259584329702193e-06,0.03731328248977661,0.14960917830467224,0.04857555031776428,0.0,0.0,0.0,0.0,0.0,0.1769307255744934,0.0,0.0,0.0,2.1297921648510965e-06,0.018656641244888306,0.07480458915233612,0.02428777515888214,0.0,0.0,0.0,0.0,0.0,0.03538614511489868,0.0,0.0,0.49526339769363403
3,66,0.30913689732551575,3.6475273645919515e-06,0.02478700876235962,0.13044360280036926,0.016765551641583443,0.0,0.0,0.0,0.0,0.0,0.4651458263397217,0.0,0.0,0.0,1.8237636822959757e-06,0.01239350438117981,0.06522180140018463,0.008382775820791721,0.0,0.0,0.0,0.0,0.0,0.09302916377782822,0.0,0.0,0.4881659746170044
3,67,0.3192463517189026,4.71143994218437e-06,0.032230377197265625,0.10712260007858276,0.04918630048632622,0.0,0.0,0.0,0.0,0.0,0.20780833065509796,0.0,0.0,0.0,2.355719971092185e-06,0.016115188598632812,0.05356130003929138,0.02459315024316311,0.0,0.0,0.0,0.0,0.0,0.04156166687607765,0.0,0.0,0.4550800025463104
3,68,0.3333926498889923,9.881831601887825e-07,0.025056898593902588,0.09975665807723999,0.0015822052955627441,0.0,0.0,0.0,0.0,0.0,0.3324885070323944,0.0,0.0,0.0,4.940915800943912e-07,0.012528449296951294,0.049878329038619995,0.0007911026477813721,0.0,0.0,0.0,0.0,0.0,0.06649770587682724,0.0,0.0,0.4630887508392334
3,69,0.3040107190608978,5.823519586556358e-06,0.028625965118408203,0.10928401350975037,0.08037927746772766,0.0,0.0,0.0,0.0,0.0,0.0,0.0,0.0,0.0,2.911759793278179e-06,0.014312982559204102,0.05464200675487518,0.04018963873386383,0.0,0.0,0.0,0.0,0.0,0.0,0.0,0.0,0.41315823793411255
3,70,0.32547104358673096,1.5481540458495147e-06,0.02688908576965332,0.10357731580734253,0.0633649230003357,0.0,0.0,0.0,0.0,0.0,0.15903037786483765,0.0,0.0,0.0,7.740770229247573e-07,0.01344454288482666,0.051788657903671265,0.03168246150016785,0.0,0.0,0.0,0.0,0.0,0.03180607780814171,0.0,0.0,0.4541935622692108
3,71,0.3024746775627136,1.9881904336216394e-06,0.03136777877807617,0.0897655189037323,0.0003479435108602047,0.0,0.0,0.0,0.0,0.0,0.17629748582839966,0.0,0.0,0.0,9.940952168108197e-07,0.015683889389038086,0.04488275945186615,0.00017397175543010235,0.0,0.0,0.0,0.0,0.0,0.03525949642062187,0.0,0.0,0.3984757661819458
3,72,0.3146383464336395,3.939857833756832e-06,0.060084640979766846,0.15510571002960205,0.0843745619058609,0.0,0.0,0.0,0.0,0.0,0.4219081401824951,0.0,0.0,0.0,1.969928916878416e-06,0.030042320489883423,0.07755285501480103,0.04218728095293045,0.0,0.0,0.0,0.0,0.0,0.08438163250684738,0.0,0.0,0.5488044023513794
3,73,0.32002371549606323,3.4790214158419985e-06,0.04631739854812622,0.08913066983222961,0.04902402311563492,0.0,0.0,0.0,0.0,0.0,0.20789837837219238,0.0,0.0,0.0,1.7395107079209993e-06,0.02315869927406311,0.04456533491611481,0.02451201155781746,0.0,0.0,0.0,0.0,0.0,0.04157967492938042,0.0,0.0,0.4538411796092987
3,74,0.30238455533981323,3.875813035847386e-06,0.046360790729522705,0.10695913434028625,0.07518035173416138,0.0,0.0,0.0,0.0,0.0,0.1350674033164978,0.0,0.0,0.0,1.937906517923693e-06,0.023180395364761353,0.05347956717014313,0.03759017586708069,0.0,0.0,0.0,0.0,0.0,0.02701348066329956,0.0,0.0,0.44365009665489197
3,75,0.3115294873714447,7.237228601297829e-06,0.02532219886779785,0.11849397420883179,0.09027327597141266,0.0,0.0,0.0,0.0,0.0,0.11028516292572021,0.0,0.0,0.0,3.6186143006489147e-06,0.012661099433898926,0.059246987104415894,0.04513663798570633,0.0,0.0,0.0,0.0,0.0,0.022057032212615013,0.0,0.0,0.45063483715057373
3,76,0.30471307039260864,1.0052802963400609e-06,0.022805333137512207,0.06549909710884094,0.04190056398510933,0.0,0.0,0.0,0.0,0.0,0.11595487594604492,0.0,0.0,0.0,5.026401481700304e-07,0.011402666568756104,0.03274954855442047,0.020950281992554665,0.0,0.0,0.0,0.0,0.0,0.023190975189208984,0.0,0.0,0.3930070698261261
3,77,0.30463913083076477,1.6164307226063102e-06,0.020748376846313477,0.09009000658988953,0.025694288313388824,0.0,0.0,0.0,0.0,0.0,0.21183007955551147,0.0,0.0,0.0,8.082153613031551e-07,0.010374188423156738,0.04504500329494476,0.012847144156694412,0.0,0.0,0.0,0.0,0.0,0.042366016656160355,0.0,0.0,0.4152723252773285
3,78,0.31675365567207336,1.8685012037167326e-05,0.05298018455505371,0.18473267555236816,0.06595403701066971,0.0,0.0,0.0,0.0,0.0,0.15517883002758026,0.0,0.0,0.0,9.342506018583663e-06,0.026490092277526855,0.09236633777618408,0.032977018505334854,0.0,0.0,0.0,0.0,0.0,0.031035766005516052,0.0,0.0,0.49963217973709106
3,79,0.303932785987854,5.409546702139778e-06,0.018165290355682373,0.10507935285568237,0.0490008145570755,0.0,0.0,0.0,0.0,0.0,0.3525484800338745,0.0,0.0,0.0,2.704773351069889e-06,0.009082645177841187,0.052539676427841187,0.02450040727853775,0.0,0.0,0.0,0.0,0.0,0.07050969451665878,0.0,0.0,0.4605679214000702
3,80,0.2925824224948883,4.259913566784235e-06,0.08784985542297363,0.11887136101722717,-0.0015468588098883629,0.0,0.0,0.0,0.0,0.0,0.14013922214508057,0.0,0.0,0.0,2.1299567833921174e-06,0.043924927711486816,0.059435680508613586,-0.0007734294049441814,0.0,0.0,0.0,0.0,0.0,0.028027845546603203,0.0,0.0,0.42319953441619873
3,81,0.2947938144207001,1.5643059896319755e-06,0.013080775737762451,0.07655641436576843,0.0340813584625721,0.0,0.0,0.0,0.0,0.0,0.09803491830825806,0.0,0.0,0.0,7.821529948159878e-07,0.006540387868881226,0.038278207182884216,0.01704067923128605,0.0,0.0,0.0,0.0,0.0,0.01960698328912258,0.0,0.0,0.3762608468532562
3,82,0.30511945486068726,2.5356860078318277e-06,0.038911640644073486,0.09380984306335449,0.043934792280197144,0.0,0.0,0.0,0.0,0.0,0.1759355515241623,0.0,0.0,0.0,1.2678430039159139e-06,0.019455820322036743,0.046904921531677246,0.021967396140098572,0.0,0.0,0.0,0.0,0.0,0.03518711030483246,0.0,0.0,0.42863601446151733
3,83,0.29791387915611267,6.808184025430819e-06,0.07738393545150757,0.11374497413635254,0.07839595526456833,0.0,0.0,0.0,0.0,0.0,0.4197571873664856,0.0,0.0,0.0,3.4040920127154095e-06,0.038691967725753784,0.05687248706817627,0.039197977632284164,0.0,0.0,0.0,0.0,0.0,0.083951435983181,0.0,0.0,0.5166311264038086
3,84,0.3014143407344818,4.759378498420119e-06,0.01532602310180664,0.1078176200389862,0.028375182300806046,0.0,0.0,0.0,0.0,0.0,0.18878692388534546,0.0,0.0,0.0,2.3796892492100596e-06,0.00766301155090332,0.0539088100194931,0.014187591150403023,0.0,0.0,0.0,0.0,0.0,0.03775738552212715,0.0,0.0,0.41493353247642517
3,85,0.28433138132095337,1.7063130144379102e-06,0.025120556354522705,0.07586708664894104,0.020305557176470757,0.0,0.0,0.0,0.0,0.0,0.21141211688518524,0.0,0.0,0.0,8.531565072189551e-07,0.012560278177261353,0.03793354332447052,0.010152778588235378,0.0,0.0,0.0,0.0,0.0,0.04228242486715317,0.0,0.0,0.3872612714767456
3,86,0.2764153778553009,4.56005636806367e-06,0.041112542152404785,0.10231286287307739,0.0472092442214489,0.0,0.0,0.0,0.0,0.0,0.23743219673633575,0.0,0.0,0.0,2.280028184031835e-06,0.020556271076202393,0.051156431436538696,0.02360462211072445,0.0,0.0,0.0,0.0,0.0,0.04748643934726715,0.0,0.0,0.4192214608192444
3,87,0.3026614189147949,1.0889901204791386e-05,0.026095032691955566,0.15986070036888123,-0.009568985551595688,0.0,0.0,0.0,0.0,0.0,0.42100515961647034,0.0,0.0,0.0,5.444950602395693e-06,0.013047516345977783,0.07993035018444061,-0.004784492775797844,0.0,0.0,0.0,0.0,0.0,0.08420103043317795,0.0,0.0,0.4750612676143646
3,88,0.29376906156539917,2.9508894385799067e-06,0.04408550262451172,0.08207932114601135,-0.006374801509082317,0.0,0.0,0.0,0.0,0.0,0.18769091367721558,0.0,0.0,0.0,1.4754447192899534e-06,0.02204275131225586,0.041039660573005676,-0.0031874007545411587,0.0,0.0,0.0,0.0,0.0,0.037538181990385056,0.0,0.0,0.39120373129844666
3,89,0.292059063911438,7.405461474263575e-06,0.05841141939163208,0.10031643509864807,0.03657776862382889,0.0,0.0,0.0,0.0,0.0,0.15868312120437622,0.0,0.0,0.0,3.7027307371317875e-06,0.02920570969581604,0.050158217549324036,0.018288884311914444,0.0,0.0,0.0,0.0,0.0,0.031736623495817184,0.0,0.0,0.42145219445228577
3,90,0.27847835421562195,2.420176770101534e-06,0.02200162410736084,0.08426758646965027,0.019307734444737434,0.0,0.0,0.0,0.0,0.0,0.09423526376485825,0.0,0.0,0.0,1.210088385050767e-06,0.01100081205368042,0.042133793234825134,0.009653867222368717,0.0,0.0,0.0,0.0,0.0,0.01884705387055874,0.0,0.0,0.360115110874176
3,91,0.2874594032764435,3.8126731851662043e-06,0.025597035884857178,0.0800078809261322,0.03287063166499138,0.0,0.0,0.0,0.0,0.0,0.24829953908920288,0.0,0.0,0.0,1.9063365925831022e-06,0.012798517942428589,0.0400039404630661,0.01643531583249569,0.0,0.0,0.0,0.0,0.0,0.049659907817840576,0.0,0.0,0.4063590168952942
3,92,0.29479366540908813,3.3139112929347903e-06,0.032023608684539795,0.10346546769142151,0.05346984043717384,0.0,0.0,0.0,0.0,0.0,0.15921425819396973,0.0,0.0,0.0,1.6569556464673951e-06,0.016011804342269897,0.051732733845710754,0.02673492021858692,0.0,0.0,0.0,0.0,0.0,0.031842853873968124,0.0,0.0,0.4211176633834839
3,93,0.26641520857810974,4.9495820348965935e-06,0.026947438716888428,0.11767008900642395,-0.010965127497911453,0.0,0.0,0.0,0.0,0.0,0.20542959868907928,0.0,0.0,0.0,2.4747910174482968e-06,0.013473719358444214,0.058835044503211975,-0.005482563748955727,0.0,0.0,0.0,0.0,0.0,0.041085921227931976,0.0,0.0,0.3743298351764679
3,94,0.2852093279361725,4.6449495130218565e-06,0.05520409345626831,0.07095640897750854,0.03853648900985718,0.0,0.0,0.0,0.0,0.0,0.1920146942138672,0.0,0.0,0.0,2.3224747565109283e-06,0.027602046728134155,0.03547820448875427,0.01926824450492859,0.0,0.0,0.0,0.0,0.0,0.03840294107794762,0.0,0.0,0.40596309304237366
3,95,0.2778218388557434,3.672991851999541e-06,0.02500128746032715,0.0962858498096466,0.06407839804887772,0.0,0.0,0.0,0.0,0.0,0.29206275939941406,0.0,0.0,0.0,1.8364959259997704e-06,0.012500643730163574,0.0481429249048233,0.03203919902443886,0.0,0.0,0.0,0.0,0.0,0.05841255187988281,0.0,0.0,0.4289189875125885
3,96,0.2816116213798523,3.840060344373342e-06,0.0901569128036499,0.12380042672157288,0.07073121517896652,0.0,0.0,0.0,0.0,0.0,0.0,0.0,0.0,0.0,1.920030172186671e-06,0.04507845640182495,0.06190021336078644,0.03536560758948326,0.0,0.0,0.0,0.0,0.0,0.0,0.0,0.0,0.42395779490470886
3,97,0.28000208735466003,4.7694311433588155e-06,0.02855902910232544,0.07837310433387756,-0.02203710749745369,0.0,0.0,0.0,0.0,0.0,0.2817401885986328,0.0,0.0,0.0,2.3847155716794077e-06,0.01427951455116272,0.03918655216693878,-0.011018553748726845,0.0,0.0,0.0,0.0,0.0,0.0563480369746685,0.0,0.0,0.37880000472068787
3,98,0.2730257511138916,2.989349923154805e-06,0.04317355155944824,0.13946449756622314,-0.011557701975107193,0.0,0.0,0.0,0.0,0.0,0.08439552783966064,0.0,0.0,0.0,1.4946749615774024e-06,0.02158677577972412,0.06973224878311157,-0.0057788509875535965,0.0,0.0,0.0,0.0,0.0,0.01687910594046116,0.0,0.0,0.37544652819633484
3,99,0.2755838632583618,4.483652446651831e-06,0.021741211414337158,0.0926230251789093,0.02113153599202633,0.0,0.0,0.0,0.0,0.0,0.1487576961517334,0.0,0.0,0.0,2.2418262233259156e-06,0.010870605707168579,0.04631151258945465,0.010565767996013165,0.0,0.0,0.0,0.0,0.0,0.02975153923034668,0.0,0.0,0.37308549880981445
3,100,0.2708498239517212,3.446325308686937e-06,0.040075600147247314,0.13394016027450562,-0.004380485042929649,0.0,0.0,0.0,0.0,0.0,0.2357463240623474,0.0,0.0,0.0,1.7231626543434686e-06,0.020037800073623657,0.06697008013725281,-0.0021902425214648247,0.0,0.0,0.0,0.0,0.0,0.04714926704764366,0.0,0.0,0.4028184711933136
4,1,0.30493664741516113,1.7170130377053283e-05,0.12460464239120483,0.4507808983325958,0.0012976652942597866,0.0,0.0,0.0,0.0,0.0,0.5535203218460083,0.0,0.0,0.0,8.585065188526642e-06,0.06230232119560242,0.2253904491662979,0.0006488326471298933,0.0,0.0,0.0,0.0,0.0,0.11070406436920166,0.0,0.0,0.7039909362792969
4,2,0.33316153287887573,1.4407622984435875e-05,0.15157949924468994,0.4709731638431549,0.00801052711904049,0.0,0.0,0.0,0.0,0.0,0.338321715593338,0.0,0.0,0.0,7.2038114922179375e-06,0.07578974962234497,0.23548658192157745,0.004005263559520245,0.0,0.0,0.0,0.0,0.0,0.06766434758901596,0.0,0.0,0.7161146402359009
4,3,0.294994056224823,1.18100078907446e-05,0.0864713191986084,0.30567482113838196,0.00040414929389953613,0.0,0.0,0.0,0.0,0.0,0.40714526176452637,0.0,0.0,0.0,5.9050039453723e-06,0.0432356595993042,0.15283741056919098,0.00020207464694976807,0.0,0.0,0.0,0.0,0.0,0.08142905682325363,0.0,0.0,0.5727041363716125
4,4,0.29832273721694946,1.2390346455504186e-05,0.05447542667388916,0.3245885372161865,-0.0010860403999686241,0.0,0.0,0.0,0.0,0.0,0.29391616582870483,0.0,0.0,0.0,6.195173227752093e-06,0.02723771333694458,0.16229426860809326,-0.0005430201999843121,0.0,0.0,0.0,0.0,0.0,0.05878323316574097,0.0,0.0,0.5461010932922363
4,5,0.302565336227417,6.653711807302898e-06,0.06979680061340332,0.2736290693283081,-0.00676181074231863,0.0,0.0,0.0,0.0,0.0,0.27584487199783325,0.0,0.0,0.0,3.326855903651449e-06,0.03489840030670166,0.13681453466415405,-0.003380905371159315,0.0,0.0,0.0,0.0,0.0,0.05516897514462471,0.0,0.0,0.526069700717926
4,6,0.3086051940917969,9.332751687907148e-06,0.06249094009399414,0.24326491355895996,0.001460337545722723,0.0,0.0,0.0,0.0,0.0,0.5533590316772461,0.0,0.0,0.0,4.666375843953574e-06,0.03124547004699707,0.12163245677947998,0.0007301687728613615,0.0,0.0,0.0,0.0,0.0,0.11067181080579758,0.0,0.0,0.5728897452354431
4,7,0.30442118644714355,5.16802174388431e-06,0.1043974757194519,0.2022361159324646,0.011780940927565098,0.0,0.0,0.0,0.0,0.0,0.46511110663414,0.0,0.0,0.0,2.584010871942155e-06,0.05219873785972595,0.1011180579662323,0.005890470463782549,0.0,0.0,0.0,0.0,0.0,0.09302221983671188,0.0,0.0,0.5566532611846924
4,8,0.3245926797389984,6.2139006331563e-06,0.12391966581344604,0.28618907928466797,0.0047232783399522305,0.0,0.0,0.0,0.0,0.0,0.0,0.0,0.0,0.0,3.10695031657815e-06,0.06195983290672302,0.14309453964233398,0.0023616391699761152,0.0,0.0,0.0,0.0,0.0,0.0,0.0,0.0,0.5320118069648743
4,9,0.30932921171188354,6.917065547895618e-06,0.0497247576713562,0.18444573879241943,0.014728636480867863,0.0,0.0,0.0,0.0,0.0,0.35350358486175537,0.0,0.0,0.0,3.458532773947809e-06,0.0248623788356781,0.09222286939620972,0.007364318240433931,0.0,0.0,0.0,0.0,0.0,0.07070071995258331,0.0,0.0,0.5044829845428467
4,10,0.31958258152008057,8.649066330690403e-06,0.10201388597488403,0.287569135427475,0.014682271517813206,0.0,0.0,0.0,0.0,0.0,0.31888216733932495,0.0,0.0,0.0,4.324533165345201e-06,0.05100694298744202,0.1437845677137375,0.007341135758906603,0.0,0.0,0.0,0.0,0.0,0.06377643346786499,0.0,0.0,0.5854960083961487
4,11,0.3077477514743805,5.374758075049613e-06,0.061336636543273926,0.23275351524353027,0.017475074157118797,0.0,0.0,0.0,0.0,0.0,0.2844908535480499,0.0,0.0,0.0,2.6873790375248063e-06,0.030668318271636963,0.11637675762176514,0.008737537078559399,0.0,0.0,0.0,0.0,0.0,0.056898172944784164,0.0,0.0,0.5204312205314636
4,12,0.30463162064552307,5.359640454116743e-06,0.08946454524993896,0.22186437249183655,0.023170214146375656,0.0,0.0,0.0,0.0,0.0,0.39073121547698975,0.0,0.0,0.0,2.6798202270583715e-06,0.04473227262496948,0.11093218624591827,0.011585107073187828,0.0,0.0,0.0,0.0,0.0,0.07814624160528183,0.0,0.0,0.5500301122665405
4,13,0.28978148102760315,7.71456143411342e-06,0.10612177848815918,0.18041223287582397,0.029575996100902557,0.0,0.0,0.0,0.0,0.0,0.26642584800720215,0.0,0.0,0.0,3.85728071705671e-06,0.05306088924407959,0.09020611643791199,0.014787998050451279,0.0,0.0,0.0,0.0,0.0,0.05328517034649849,0.0,0.0,0.5011255145072937
4,14,0.3112178444862366,4.883329893345945e-06,0.04378712177276611,0.188827246427536,0.022089846432209015,0.0,0.0,0.0,0.0,0.0,0.22317111492156982,0.0,0.0,0.0,2.4416649466729723e-06,0.021893560886383057,0.094413623213768,0.011044923216104507,0.0,0.0,0.0,0.0,0.0,0.044634222984313965,0.0,0.0,0.4832066297531128
4,15,0.2987979054450989,8.280489055323415e-06,0.05006754398345947,0.2973763346672058,0.047045014798641205,0.0,0.0,0.0,0.0,0.0,0.3444560468196869,0.0,0.0,0.0,4.140244527661707e-06,0.025033771991729736,0.1486881673336029,0.023522507399320602,0.0,0.0,0.0,0.0,0.0,0.06889121234416962,0.0,0.0,0.5649377107620239
4,16,0.3124411404132843,1.5240078028000426e-05,0.09912967681884766,0.3253152072429657,0.03493364900350571,0.0,0.0,0.0,0.0,0.0,0.39409151673316956,0.0,0.0,0.0,7.620039014000213e-06,0.04956483840942383,0.16265760362148285,0.017466824501752853,0.0,0.0,0.0,0.0,0.0,0.07881830632686615,0.0,0.0,0.6209563612937927
4,17,0.30599725246429443,1.1938072930206545e-05,0.07157844305038452,0.22900086641311646,0.03043397329747677,0.0,0.0,0.0,0.0,0.0,0.22503769397735596,0.0,0.0,0.0,5.969036465103272e-06,0.03578922152519226,0.11450043320655823,0.015216986648738384,0.0,0.0,0.0,0.0,0.0,0.04500753805041313,0.0,0.0,0.5165174007415771
4,18,0.2818836569786072,5.55875612917589e-06,0.04374784231185913,0.21951359510421753,0.02127731218934059,0.0,0.0,0.0,0.0,0.0,0.18028831481933594,0.0,0.0,0.0,2.779378064587945e-06,0.021873921155929565,0.10975679755210876,0.010638656094670296,0.0,0.0,0.0,0.0,0.0,0.03605766221880913,0.0,0.0,0.46021345257759094
4,19,0.3038254678249359,7.513145192206139e-06,0.07719451189041138,0.20438548922538757,0.03776441141963005,0.0,0.0,0.0,0.0,0.0,0.28569871187210083,0.0,0.0,0.0,3.7565725961030694e-06,0.03859725594520569,0.10219274461269379,0.018882205709815025,0.0,0.0,0.0,0.0,0.0,0.057139743119478226,0.0,0.0,0.5206412076950073
4,20,0.29445475339889526,1.3128876162227243e-05,0.06064504384994507,0.2731747329235077,0.039680853486061096,0.0,0.0,0.0,0.0,0.0,0.3148339092731476,0.0,0.0,0.0,6.564438081113622e-06,0.030322521924972534,0.13658736646175385,0.019840426743030548,0.0,0.0,0.0,0.0,0.0,0.06296678632497787,0.0,0.0,0.5441783666610718
4,21,0.2858353853225708,9.43222676141886e-06,0.05316668748855591,0.18257376551628113,0.024073638021945953,0.0,0.0,0.0,0.0,0.0,0.5866604447364807,0.0,0.0,0.0,4.71611338070943e-06,0.026583343744277954,0.09128688275814056,0.012036819010972977,0.0,0.0,0.0,0.0,0.0,0.1173320934176445,0.0,0.0,0.533079206943512
4,22,0.2927119731903076,5.624450750474352e-06,0.0683470368385315,0.15508100390434265,0.019200870767235756,0.0,0.0,0.0,0.0,0.0,0.2832297682762146,0.0,0.0,0.0,2.812225375237176e-06,0.03417351841926575,0.07754050195217133,0.009600435383617878,0.0,0.0,0.0,0.0,0.0,0.0566459558904171,0.0,0.0,0.47067517042160034
4,23,0.2924407422542572,4.341658495832235e-06,0.09400278329849243,0.2574974298477173,0.07719732820987701,0.0,0.0,0.0,0.0,0.0,0.2695619761943817,0.0,0.0,0.0,2.1708292479161173e-06,0.047001391649246216,0.12874871492385864,0.03859866410493851,0.0,0.0,0.0,0.0,0.0,0.05391239747405052,0.0,0.0,0.5607041120529175
4,24,0.3054707944393158,5.705403054889757e-06,0.05161863565444946,0.2306463122367859,0.04515619948506355,0.0,0.0,0.0,0.0,0.0,0.39384591579437256,0.0,0.0,0.0,2.8527015274448786e-06,0.02580931782722473,0.11532315611839294,0.022578099742531776,0.0,0.0,0.0,0.0,0.0,0.07876918464899063,0.0,0.0,0.5479534268379211
4,25,0.2990637421607971,9.388472790305968e-06,0.0646563172340393,0.2076493203639984,0.033424682915210724,0.0,0.0,0.0,0.0,0.0,0.45020151138305664,0.0,0.0,0.0,4.694236395152984e-06,0.03232815861701965,0.1038246601819992,0.016712341457605362,0.0,0.0,0.0,0.0,0.0,0.09004030376672745,0.0,0.0,0.541973888874054
4,26,0.28500235080718994,6.453279638662934e-06,0.08201175928115845,0.2020064890384674,0.04949489235877991,0.0,0.0,0.0,0.0,0.0,0.16304771602153778,0.0,0.0,0.0,3.226639819331467e-06,0.041005879640579224,0.1010032445192337,0.024747446179389954,0.0,0.0,0.0,0.0,0.0,0.032609544694423676,0.0,0.0,0.48437169194221497
4,27,0.2822835445404053,7.435700354108121e-06,0.0789373517036438,0.23290199041366577,0.06551346182823181,0.0,0.0,0.0,0.0,0.0,0.2830698788166046,0.0,0.0,0.0,3.7178501770540606e-06,0.0394686758518219,0.11645099520683289,0.032756730914115906,0.0,0.0,0.0,0.0,0.0,0.0566139779984951,0.0,0.0,0.5275776386260986
4,28,0.286521852016449,4.601186901709298e-06,0.10173165798187256,0.16023892164230347,0.03787251189351082,0.0,0.0,0.0,0.0,0.0,0.2864689826965332,0.0,0.0,0.0,2.300593450854649e-06,0.05086582899093628,0.08011946082115173,0.01893625594675541,0.0,0.0,0.0,0.0,0.0,0.05729379877448082,0.0,0.0,0.4937394857406616
4,29,0.2711468040943146,4.080326107214205e-06,0.049757957458496094,0.15128782391548157,0.05813352391123772,0.0,0.0,0.0,0.0,0.0,0.27115321159362793,0.0,0.0,0.0,2.0401630536071025e-06,0.024878978729248047,0.07564391195774078,0.02906676195561886,0.0,0.0,0.0,0.0,0.0,0.054230641573667526,0.0,0.0,0.4549691379070282
4,30,0.2788545489311218,3.5341520288056927e-06,0.05201917886734009,0.1404726505279541,0.09012924134731293,0.0,0.0,0.0,0.0,0.0,0.2533465623855591,0.0,0.0,0.0,1.7670760144028463e-06,0.026009589433670044,0.07023632526397705,0.045064620673656464,0.0,0.0,0.0,0.0,0.0,0.050669312477111816,0.0,0.0,0.47083616256713867
4,31,0.27476242184638977,8.490888831147458e-06,0.04166054725646973,0.17578890919685364,0.010644396767020226,0.0,0.0,0.0,0.0,0.0,0.22007334232330322,0.0,0.0,0.0,4.245444415573729e-06,0.020830273628234863,0.08789445459842682,0.005322198383510113,0.0,0.0,0.0,0.0,0.0,0.044014669954776764,0.0,0.0,0.43282824754714966
4,32,0.27874326705932617,5.4069137149781454e-06,0.062152862548828125,0.14067035913467407,0.06861279904842377,0.0,0.0,0.0,0.0,0.0,0.2554190158843994,0.0,0.0,0.0,2.7034568574890727e-06,0.031076431274414062,0.07033517956733704,0.034306399524211884,0.0,0.0,0.0,0.0,0.0,0.05108380317687988,0.0,0.0,0.4655478000640869
4,33,0.28306034207344055,2.8717722670990042e-06,0.053512394428253174,0.1719992458820343,0.06171466410160065,0.0,0.0,0.0,0.0,0.0,0.1718481183052063,0.0,0.0,0.0,1.4358861335495021e-06,0.026756197214126587,0.08599962294101715,0.030857332050800323,0.0,0.0,0.0,0.0,0.0,0.03436962515115738,0.0,0.0,0.4610445201396942
4,34,0.2758502960205078,4.574590548145352e-06,0.04800015687942505,0.18650078773498535,0.08952562510967255,0.0,0.0,0.0,0.0,0.0,0.33537909388542175,0.0,0.0,0.0,2.287295274072676e-06,0.024000078439712524,0.09325039386749268,0.04476281255483627,0.0,0.0,0.0,0.0,0.0,0.06707581877708435,0.0,0.0,0.5049417018890381
4,35,0.2727241516113281,6.99306110618636e-06,0.02991175651550293,0.16327187418937683,0.06128070503473282,0.0,0.0,0.0,0.0,0.0,0.3954780399799347,0.0,0.0,0.0,3.49653055309318e-06,0.014955878257751465,0.08163593709468842,0.03064035251736641,0.0,0.0,0.0,0.0,0.0,0.07909560948610306,0.0,0.0,0.47905540466308594
4,36,0.26760953664779663,8.74516899784794e-06,0.043621182441711426,0.18500015139579773,0.05812166631221771,0.0,0.0,0.0,0.0,0.0,0.1900550127029419,0.0,0.0,0.0,4.37258449892397e-06,0.021810591220855713,0.09250007569789886,0.029060833156108856,0.0,0.0,0.0,0.0,0.0,0.03801100328564644,0.0,0.0,0.4489964246749878
4,37,0.27336642146110535,5.180159860174172e-06,0.03415638208389282,0.1498323678970337,0.07540102303028107,0.0,0.0,0.0,0.0,0.0,0.2246001958847046,0.0,0.0,0.0,2.590079930087086e-06,0.01707819104194641,0.07491618394851685,0.03770051151514053,0.0,0.0,0.0,0.0,0.0,0.04492003843188286,0.0,0.0,0.44798392057418823
4,38,0.2641073763370514,4.672075192502234e-06,0.0751504898071289,0.1523509919643402,0.08957848697900772,0.0,0.0,0.0,0.0,0.0,0.25448447465896606,0.0,0.0,0.0,2.336037596251117e-06,0.03757524490356445,0.0761754959821701,0.04478924348950386,0.0,0.0,0.0,0.0,0.0,0.05089689418673515,0.0,0.0,0.47354656457901
4,39,0.26136186718940735,4.8549081839155406e-06,0.021860182285308838,0.12710100412368774,0.07763804495334625,0.0,0.0,0.0,0.0,0.0,0.18756359815597534,0.0,0.0,0.0,2.4274540919577703e-06,0.010930091142654419,0.06355050206184387,0.038819022476673126,0.0,0.0,0.0,0.0,0.0,0.03751271963119507,0.0,0.0,0.41217660903930664
4,40,0.2810703217983246,3.898654085787712e-06,0.029252827167510986,0.09790998697280884,0.06674414128065109,0.0,0.0,0.0,0.0,0.0,0.32886695861816406,0.0,0.0,0.0,1.949327042893856e-06,0.014626413583755493,0.04895499348640442,0.033372070640325546,0.0,0.0,0.0,0.0,0.0,0.0657733902335167,0.0,0.0,0.44379913806915283
4,41,0.2727309465408325,5.3342764658737e-06,0.03530782461166382,0.12380096316337585,0.07305103540420532,0.0,0.0,0.0,0.0,0.0,0.20294976234436035,0.0,0.0,0.0,2.66713823293685e-06,0.01765391230583191,0.06190048158168793,0.03652551770210266,0.0,0.0,0.0,0.0,0.0,0.04058995470404625,0.0,0.0,0.42940348386764526
4,42,0.2505471110343933,5.5295640777330846e-06,0.037457048892974854,0.11463603377342224,0.05297062546014786,0.0,0.0,0.0,0.0,0.0,0.1937401294708252,0.0,0.0,0.0,2.7647820388665423e-06,0.018728524446487427,0.05731801688671112,0.02648531273007393,0.0,0.0,0.0,0.0,0.0,0.03874802589416504,0.0,0.0,0.39182978868484497
4,43,0.2654200792312622,8.978520781965926e-06,0.06360059976577759,0.15846934914588928,0.04200019687414169,0.0,0.0,0.0,0.0,0.0,0.1421494483947754,0.0,0.0,0.0,4.489260390982963e-06,0.031800299882888794,0.07923467457294464,0.021000098437070847,0.0,0.0,0.0,0.0,0.0,0.028429890051484108,0.0,0.0,0.4258895218372345
4,44,0.26120829582214355,5.793942818854703e-06,0.04669153690338135,0.15692764520645142,0.08400385081768036,0.0,0.0,0.0,0.0,0.0,0.24323517084121704,0.0,0.0,0.0,2.8969714094273513e-06,0.023345768451690674,0.07846382260322571,0.04200192540884018,0.0,0.0,0.0,0.0,0.0,0.04864703491330147,0.0,0.0,0.4536697566509247
4,45,0.26152804493904114,1.93820756066998e-06,0.022790074348449707,0.1149248480796814,0.06703800708055496,0.0,0.0,0.0,0.0,0.0,0.22720229625701904,0.0,0.0,0.0,9.6910378033499e-07,0.011395037174224854,0.0574624240398407,0.03351900354027748,0.0,0.0,0.0,0.0,0.0,0.04544046148657799,0.0,0.0,0.40934595465660095
4,46,0.2530079782009125,5.695508207281819e-06,0.025001466274261475,0.13731735944747925,0.03901958465576172,0.0,0.0,0.0,0.0,0.0,0.415082722902298,0.0,0.0,0.0,2.8477541036409093e-06,0.012500733137130737,0.06865867972373962,0.01950979232788086,0.0,0.0,0.0,0.0,0.0,0.0830165445804596,0.0,0.0,0.4366965889930725
4,47,0.27306970953941345,4.593458925228333e-06,0.03699290752410889,0.09877929091453552,0.05043771490454674,0.0,0.0,0.0,0.0,0.0,0.12246519327163696,0.0,0.0,0.0,2.2967294626141666e-06,0.018496453762054443,0.04938964545726776,0.02521885745227337,0.0,0.0,0.0,0.0,0.0,0.024493038654327393,0.0,0.0,0.3906700015068054
4,48,0.248480886220932,5.923454864387168e-06,0.050611793994903564,0.15119078755378723,0.07160703837871552,0.0,0.0,0.0,0.0,0.0,0.330172061920166,0.0,0.0,0.0,2.961727432193584e-06,0.025305896997451782,0.07559539377689362,0.03580351918935776,0.0,0.0,0.0,0.0,0.0,0.06603441387414932,0.0,0.0,0.45122307538986206
4,49,0.25246304273605347,4.777188678417588e-06,0.045867860317230225,0.12935373187065125,0.10792094469070435,0.0,0.0,0.0,0.0,0.0,0.1559826135635376,0.0,0.0,0.0,2.388594339208794e-06,0.022933930158615112,0.06467686593532562,0.05396047234535217,0.0,0.0,0.0,0.0,0.0,0.03119652345776558,0.0,0.0,0.42523321509361267
4,50,0.2639140486717224,1.5197214224826894e-06,0.04966181516647339,0.13666781783103943,0.08272725343704224,0.0,0.0,0.0,0.0,0.0,0.4845011234283447,0.0,0.0,0.0,7.598607112413447e-07,0.024830907583236694,0.06833390891551971,0.04136362671852112,0.0,0.0,0.0,0.0,0.0,0.09690022468566895,0.0,0.0,0.49534347653388977
4,51,0.25086742639541626,2.295467311341781e-06,0.05617678165435791,0.13559353351593018,0.03372276574373245,0.0,0.0,0.0,0.0,0.0,0.14508748054504395,0.0,0.0,0.0,1.1477336556708906e-06,0.028088390827178955,0.06779676675796509,0.016861382871866226,0.0,0.0,0.0,0.0,0.0,0.02901749685406685,0.0,0.0,0.3926326334476471
4,52,0.2539738416671753,3.2241057397186523e-06,0.03518104553222656,0.08390304446220398,0.06864975392818451,0.0,0.0,0.0,0.0,0.0,0.17707321047782898,0.0,0.0,0.0,1.6120528698593262e-06,0.01759052276611328,0.04195152223110199,0.034324876964092255,0.0,0.0,0.0,0.0,0.0,0.035414643585681915,0.0,0.0,0.38325703144073486
4,53,0.2453957349061966,3.485465413177735e-06,0.03469705581665039,0.09002998471260071,0.03907918184995651,0.0,0.0,0.0,0.0,0.0,0.22305476665496826,0.0,0.0,0.0,1.7427327065888676e-06,0.017348527908325195,0.045014992356300354,0.019539590924978256,0.0,0.0,0.0,0.0,0.0,0.04461095482110977,0.0,0.0,0.37191155552864075
4,54,0.2515302002429962,1.0398822269053198e-05,0.07914531230926514,0.24735797941684723,0.1144338920712471,0.0,0.0,0.0,0.0,0.0,0.3548344075679779,0.0,0.0,0.0,5.199411134526599e-06,0.03957265615463257,0.12367898970842361,0.05721694603562355,0.0,0.0,0.0,0.0,0.0,0.07096688449382782,0.0,0.0,0.5429708361625671
4,55,0.2564142942428589,7.509213446610374e-06,0.037626028060913086,0.13264483213424683,0.061804451048374176,0.0,0.0,0.0,0.0,0.0,0.0560833215713501,0.0,0.0,0.0,3.754606723305187e-06,0.018813014030456543,0.06632241606712341,0.030902225524187088,0.0,0.0,0.0,0.0,0.0,0.01121666468679905,0.0,0.0,0.3836723864078522
4,56,0.24714818596839905,3.833641585515579e-06,0.04502451419830322,0.15122157335281372,0.034045349806547165,0.0,0.0,0.0,0.0,0.0,0.1174248456954956,0.0,0.0,0.0,1.9168207927577896e-06,0.02251225709915161,0.07561078667640686,0.017022674903273582,0.0,0.0,0.0,0.0,0.0,0.02348496951162815,0.0,0.0,0.38578081130981445
4,57,0.2500845789909363,3.33591833623359e-06,0.030966520309448242,0.08941000699996948,0.028803750872612,0.0,0.0,0.0,0.0,0.0,0.14454245567321777,0.0,0.0,0.0,1.667959168116795e-06,0.015483260154724121,0.04470500349998474,0.014401875436306,0.0,0.0,0.0,0.0,0.0,0.028908491134643555,0.0,0.0,0.353584885597229
4,58,0.24084624648094177,5.803014573757537e-06,0.025090277194976807,0.10751578211784363,0.024651551619172096,0.0,0.0,0.0,0.0,0.0,0.2786300778388977,0.0,0.0,0.0,2.9015072868787684e-06,0.012545138597488403,0.053757891058921814,0.012325775809586048,0.0,0.0,0.0,0.0,0.0,0.05572601780295372,0.0,0.0,0.3752039968967438
4,59,0.2601127326488495,5.773416432930389e-06,0.025851726531982422,0.15653926134109497,0.08294694125652313,0.0,0.0,0.0,0.0,0.0,0.2652326226234436,0.0,0.0,0.0,2.8867082164651947e-06,0.012925863265991211,0.07826963067054749,0.041473470628261566,0.0,0.0,0.0,0.0,0.0,0.05304652452468872,0.0,0.0,0.4458311200141907
4,60,0.24373599886894226,2.9160510166548193e-06,0.022629499435424805,0.08681106567382812,0.06060619652271271,0.0,0.0,0.0,0.0,0.0,0.15561169385910034,0.0,0.0,0.0,1.4580255083274096e-06,0.011314749717712402,0.04340553283691406,0.030303098261356354,0.0,0.0,0.0,0.0,0.0,0.031122339889407158,0.0,0.0,0.3598831593990326
4,61,0.24576497077941895,4.702329533756711e-06,0.03776907920837402,0.11388146877288818,0.06973300874233246,0.0,0.0,0.0,0.0,0.0,0.157720148563385,0.0,0.0,0.0,2.3511647668783553e-06,0.01888453960418701,0.05694073438644409,0.03486650437116623,0.0,0.0,0.0,0.0,0.0,0.031544029712677,0.0,0.0,0.3880031406879425
4,62,0.23719027638435364,4.0334334698854946e-06,0.02676934003829956,0.09979480504989624,0.024061448872089386,0.0,0.0,0.0,0.0,0.0,0.13651400804519653,0.0,0.0,0.0,2.0167167349427473e-06,0.01338467001914978,0.04989740252494812,0.012030724436044693,0.0,0.0,0.0,0.0,0.0,0.027302801609039307,0.0,0.0,0.3398078978061676
4,63,0.25740039348602295,6.022266006766586e-06,0.02696692943572998,0.12182623147964478,0.013044096529483795,0.0,0.0,0.0,0.0,0.0,0.1530524045228958,0.0,0.0,0.0,3.011133003383293e-06,0.01348346471786499,0.06091311573982239,0.006522048264741898,0.0,0.0,0.0,0.0,0.0,0.030610481277108192,0.0,0.0,0.3689325153827667
4,64,0.22780053317546844,7.126421223802026e-06,0.07693099975585938,0.14963507652282715,0.04480409249663353,0.0,0.0,0.0,0.0,0.0,0.24023878574371338,0.0,0.0,0.0,3.563210611901013e-06,0.03846549987792969,0.07481753826141357,0.022402046248316765,0.0,0.0,0.0,0.0,0.0,0.048047758638858795,0.0,0.0,0.41153693199157715
4,65,0.2518511116504669,5.110606252856087e-06,0.02866154909133911,0.15210750699043274,-0.00484597310423851,0.0,0.0,0.0,0.0,0.0,0.1379101276397705,0.0,0.0,0.0,2.5553031264280435e-06,0.014330774545669556,0.07605375349521637,-0.002422986552119255,0.0,0.0,0.0,0.0,0.0,0.02758202515542507,0.0,0.0,0.3673972189426422
4,66,0.2336287796497345,3.834240033029346e-06,0.023606300354003906,0.13149088621139526,0.007149217650294304,0.0,0.0,0.0,0.0,0.0,0.3998802900314331,0.0,0.0,0.0,1.917120016514673e-06,0.011803150177001953,0.06574544310569763,0.003574608825147152,0.0,0.0,0.0,0.0,0.0,0.07997605949640274,0.0,0.0,0.39472994208335876
4,67,0.2325744926929474,6.1161595112935174e-06,0.037836670875549316,0.11346039175987244,0.054885268211364746,0.0,0.0,0.0,0.0,0.0,0.21294748783111572,0.0,0.0,0.0,3.0580797556467587e-06,0.018918335437774658,0.05673019587993622,0.027442634105682373,0.0,0.0,0.0,0.0,0.0,0.042589496821165085,0.0,0.0,0.37825822830200195
4,68,0.24032382667064667,6.88050818098418e-07,0.026910245418548584,0.08481910824775696,-0.009969482198357582,0.0,0.0,0.0,0.0,0.0,0.29790258407592773,0.0,0.0,0.0,3.44025409049209e-07,0.013455122709274292,0.04240955412387848,-0.004984741099178791,0.0,0.0,0.0,0.0,0.0,0.05958051607012749,0.0,0.0,0.3507845997810364
4,69,0.23120474815368652,5.7648285292088985e-06,0.021192848682403564,0.10391110181808472,0.046320538967847824,0.0,0.0,0.0,0.0,0.0,0.0,0.0,0.0,0.0,2.8824142646044493e-06,0.010596424341201782,0.05195555090904236,0.023160269483923912,0.0,0.0,0.0,0.0,0.0,0.0,0.0,0.0,0.31691986322402954
4,70,0.2406415492296219,1.5053958577482263e-06,0.030605792999267578,0.09867733716964722,0.03709277883172035,0.0,0.0,0.0,0.0,0.0,0.1404780149459839,0.0,0.0,0.0,7.526979288741131e-07,0.015302896499633789,0.04933866858482361,0.018546389415860176,0.0,0.0,0.0,0.0,0.0,0.028095602989196777,0.0,0.0,0.35192587971687317
4,71,0.22781594097614288,2.054652213701047e-06,0.028969943523406982,0.083222895860672,-0.014965347945690155,0.0,0.0,0.0,0.0,0.0,0.16383573412895203,0.0,0.0,0.0,1.0273261068505235e-06,0.014484971761703491,0.041611447930336,-0.0074826739728450775,0.0,0.0,0.0,0.0,0.0,0.032767146825790405,0.0,0.0,0.3091978430747986
4,72,0.23271670937538147,4.60279898106819e-06,0.052001118659973145,0.13377076387405396,0.044369570910930634,0.0,0.0,0.0,0.0,0.0,0.4026731252670288,0.0,0.0,0.0,2.301399490534095e-06,0.026000559329986572,0.06688538193702698,0.022184785455465317,0.0,0.0,0.0,0.0,0.0,0.08053462952375412,0.0,0.0,0.4283243715763092
4,73,0.23676224052906036,4.344171429693233e-06,0.05095553398132324,0.08140829205513,0.031054891645908356,0.0,0.0,0.0,0.0,0.0,0.19175700843334198,0.0,0.0,0.0,2.1720857148466166e-06,0.02547776699066162,0.040704146027565,0.015527445822954178,0.0,0.0,0.0,0.0,0.0,0.038351401686668396,0.0,0.0,0.35682517290115356
4,74,0.22474507987499237,3.0784262889937963e-06,0.056560635566711426,0.10787531733512878,0.04198940843343735,0.0,0.0,0.0,0.0,0.0,0.11893635988235474,0.0,0.0,0.0,1.5392131444968982e-06,0.028280317783355713,0.05393765866756439,0.020994704216718674,0.0,0.0,0.0,0.0,0.0,0.023787273094058037,0.0,0.0,0.351746529340744
4,75,0.22984609007835388,5.120718014950398e-06,0.022669851779937744,0.10964259505271912,0.05164185166358948,0.0,0.0,0.0,0.0,0.0,0.10698485374450684,0.0,0.0,0.0,2.560359007475199e-06,0.011334925889968872,0.05482129752635956,0.02582092583179474,0.0,0.0,0.0,0.0,0.0,0.021396970376372337,0.0,0.0,0.3432227671146393
4,76,0.22453072667121887,9.749711580298026e-07,0.022721827030181885,0.06686243414878845,0.03234437108039856,0.0,0.0,0.0,0.0,0.0,0.10791140794754028,0.0,0.0,0.0,4.874855790149013e-07,0.011360913515090942,0.033431217074394226,0.01617218554019928,0.0,0.0,0.0,0.0,0.0,0.021582281216979027,0.0,0.0,0.3070777952671051
4,77,0.22057998180389404,1.6389484471801552e-06,0.021553516387939453,0.08838963508605957,0.016360385343432426,0.0,0.0,0.0,0.0,0.0,0.16979366540908813,0.0,0.0,0.0,8.194742235900776e-07,0.010776758193969727,0.044194817543029785,0.008180192671716213,0.0,0.0,0.0,0.0,0.0,0.03395873308181763,0.0,0.0,0.3176913261413574
4,78,0.22989585995674133,1.7273294361075386e-05,0.05446767807006836,0.17902711033821106,0.03277916461229324,0.0,0.0,0.0,0.0,0.0,0.1532878875732422,0.0,0.0,0.0,8.636647180537693e-06,0.02723383903503418,0.08951355516910553,0.01638958230614662,0.0,0.0,0.0,0.0,0.0,0.030657578259706497,0.0,0.0,0.3936990797519684
4,79,0.22770817577838898,5.481111656990834e-06,0.01790761947631836,0.13278812170028687,0.03014819696545601,0.0,0.0,0.0,0.0,0.0,0.3886898458003998,0.0,0.0,0.0,2.740555828495417e-06,0.00895380973815918,0.06639406085014343,0.015074098482728004,0.0,0.0,0.0,0.0,0.0,0.0777379721403122,0.0,0.0,0.3958708643913269
4,80,0.21443113684654236,4.500365321291611e-06,0.0919656753540039,0.1227867603302002,-0.017639443278312683,0.0,0.0,0.0,0.0,0.0,0.13349837064743042,0.0,0.0,0.0,2.2501826606458053e-06,0.04598283767700195,0.0613933801651001,-0.008819721639156342,0.0,0.0,0.0,0.0,0.0,0.026699675247073174,0.0,0.0,0.3396895229816437
4,81,0.21872076392173767,1.235091190210369e-06,0.014939188957214355,0.07765588164329529,0.01411515474319458,0.0,0.0,0.0,0.0,0.0,0.09698158502578735,0.0,0.0,0.0,6.175455951051845e-07,0.007469594478607178,0.038827940821647644,0.00705757737159729,0.0,0.0,0.0,0.0,0.0,0.01939631812274456,0.0,0.0,0.29147279262542725
4,82,0.22710950672626495,2.3009015421848744e-06,0.044213712215423584,0.09093791246414185,0.026902612298727036,0.0,0.0,0.0,0.0,0.0,0.17800967395305634,0.0,0.0,0.0,1.1504507710924372e-06,0.022106856107711792,0.04546895623207092,0.013451306149363518,0.0,0.0,0.0,0.0,0.0,0.035601936280727386,0.0,0.0,0.34373971819877625
4,83,0.21754924952983856,6.936439604032785e-06,0.07559376955032349,0.12036117911338806,0.05456126481294632,0.0,0.0,0.0,0.0,0.0,0.44518131017684937,0.0,0.0,0.0,3.4682198020163924e-06,0.03779688477516174,0.06018058955669403,0.02728063240647316,0.0,0.0,0.0,0.0,0.0,0.08903626352548599,0.0,0.0,0.43184706568717957
4,84,0.22577860951423645,6.4516007114434615e-06,0.01783233880996704,0.12612363696098328,-0.0018810052424669266,0.0,0.0,0.0,0.0,0.0,0.18772250413894653,0.0,0.0,0.0,3.2258003557217307e-06,0.00891616940498352,0.06306181848049164,-0.0009405026212334633,0.0,0.0,0.0,0.0,0.0,0.03754450008273125,0.0,0.0,0.33436381816864014
4,85,0.20477883517742157,2.305950602021767e-06,0.024483084678649902,0.0847364068031311,0.013639824464917183,0.0,0.0,0.0,0.0,0.0,0.22602319717407227,0.0,0.0,0.0,1.1529753010108834e-06,0.012241542339324951,0.04236820340156555,0.0068199122324585915,0.0,0.0,0.0,0.0,0.0,0.04520463943481445,0.0,0.0,0.31141427159309387
4,86,0.2057655155658722,3.0380854241229827e-06,0.037980735301971436,0.09409573674201965,0.046925172209739685,0.0,0.0,0.0,0.0,0.0,0.2233799695968628,0.0,0.0,0.0,1.5190427120614913e-06,0.018990367650985718,0.04704786837100983,0.023462586104869843,0.0,0.0,0.0,0.0,0.0,0.04467599466443062,0.0,0.0,0.33994388580322266
4,87,0.22309036552906036,9.43508894124534e-06,0.02296292781829834,0.1518646776676178,0.004122352227568626,0.0,0.0,0.0,0.0,0.0,0.42362257838249207,0.0,0.0,0.0,4.71754447062267e-06,0.01148146390914917,0.0759323388338089,0.002061176113784313,0.0,0.0,0.0,0.0,0.0,0.08472451567649841,0.0,0.0,0.3972946107387543
4,88,0.21304365992546082,2.179986040573567e-06,0.03292447328567505,0.07941809296607971,-0.0006958115845918655,0.0,0.0,0.0,0.0,0.0,0.13750731945037842,0.0,0.0,0.0,1.0899930202867836e-06,0.016462236642837524,0.039709046483039856,-0.00034790579229593277,0.0,0.0,0.0,0.0,0.0,0.027501463890075684,0.0,0.0,0.2963695824146271
4,89,0.21273870766162872,7.80113350629108e-06,0.07375377416610718,0.11659678816795349,0.013843957334756851,0.0,0.0,0.0,0.0,0.0,0.16382473707199097,0.0,0.0,0.0,3.90056675314554e-06,0.03687688708305359,0.058298394083976746,0.006921978667378426,0.0,0.0,0.0,0.0,0.0,0.03276494890451431,0.0,0.0,0.34760481119155884
4,90,0.21194081008434296,2.2064575659896946e-06,0.02744072675704956,0.08058616518974304,-0.0010146815329790115,0.0,0.0,0.0,0.0,0.0,0.08640527725219727,0.0,0.0,0.0,1.1032287829948473e-06,0.01372036337852478,0.04029308259487152,-0.0005073407664895058,0.0,0.0,0.0,0.0,0.0,0.017281055450439453,0.0,0.0,0.28272905945777893
4,91,0.20880985260009766,4.169737167103449e-06,0.0229949951171875,0.08467599749565125,0.00041523389518260956,0.0,0.0,0.0,0.0,0.0,0.294183611869812,0.0,0.0,0.0,2.0848685835517244e-06,0.01149749755859375,0.04233799874782562,0.00020761694759130478,0.0,0.0,0.0,0.0,0.0,0.05883672460913658,0.0,0.0,0.3216917812824249
4,92,0.2157250940799713,3.207212785127922e-06,0.0320512056350708,0.09885931015014648,0.005237134173512459,0.0,0.0,0.0,0.0,0.0,0.17342758178710938,0.0,0.0,0.0,1.603606392563961e-06,0.0160256028175354,0.04942965507507324,0.0026185670867562294,0.0,0.0,0.0,0.0,0.0,0.034685518592596054,0.0,0.0,0.3184860646724701
4,93,0.1989828199148178,5.556480573432054e-06,0.023484110832214355,0.10542434453964233,-0.028476666659116745,0.0,0.0,0.0,0.0,0.0,0.16536128520965576,0.0,0.0,0.0,2.778240286716027e-06,0.011742055416107178,0.05271217226982117,-0.014238333329558372,0.0,0.0,0.0,0.0,0.0,0.03307225927710533,0.0,0.0,0.2822737693786621
4,94,0.20863044261932373,4.177593837084714e-06,0.05504918098449707,0.07233250141143799,0.010661592707037926,0.0,0.0,0.0,0.0,0.0,0.17167282104492188,0.0,0.0,0.0,2.088796918542357e-06,0.027524590492248535,0.036166250705718994,0.005330796353518963,0.0,0.0,0.0,0.0,0.0,0.034334566444158554,0.0,0.0,0.3119887411594391
4,95,0.20713362097740173,3.0397766295209294e-06,0.023720383644104004,0.09255567193031311,0.03844638913869858,0.0,0.0,0.0,0.0,0.0,0.2836313247680664,0.0,0.0,0.0,1.5198883147604647e-06,0.011860191822052002,0.046277835965156555,0.01922319456934929,0.0,0.0,0.0,0.0,0.0,0.05672626569867134,0.0,0.0,0.3412226140499115
4,96,0.20617897808551788,4.435832579474663e-06,0.09784770011901855,0.12682238221168518,0.028774073347449303,0.0,0.0,0.0,0.0,0.0,0.0,0.0,0.0,0.0,2.2179162897373317e-06,0.04892385005950928,0.06341119110584259,0.014387036673724651,0.0,0.0,0.0,0.0,0.0,0.0,0.0,0.0,0.33290329575538635
4,97,0.20453274250030518,4.885078396910103e-06,0.031569600105285645,0.088162362575531,-0.031457968056201935,0.0,0.0,0.0,0.0,0.0,0.2917177677154541,0.0,0.0,0.0,2.4425391984550515e-06,0.015784800052642822,0.0440811812877655,-0.015728984028100967,0.0,0.0,0.0,0.0,0.0,0.058343555778265,0.0,0.0,0.3070157468318939
4,98,0.20439843833446503,3.594597274059197e-06,0.04259270429611206,0.13745591044425964,-0.015190448611974716,0.0,0.0,0.0,0.0,0.0,0.08706498146057129,0.0,0.0,0.0,1.7972986370295985e-06,0.02129635214805603,0.06872795522212982,-0.007595224305987358,0.0,0.0,0.0,0.0,0.0,0.017412995919585228,0.0,0.0,0.3042423129081726
4,99,0.2007436454296112,4.04450656787958e-06,0.022164642810821533,0.08699584007263184,0.008207114413380623,0.0,0.0,0.0,0.0,0.0,0.17399363219738007,0.0,0.0,0.0,2.02225328393979e-06,0.011082321405410767,0.04349792003631592,0.004103557206690311,0.0,0.0,0.0,0.0,0.0,0.03479872643947601,0.0,0.0,0.294228196144104
4,100,0.19854652881622314,3.043826382054249e-06,0.03853464126586914,0.10932263731956482,-0.022815808653831482,0.0,0.0,0.0,0.0,0.0,0.21188944578170776,0.0,0.0,0.0,1.5219131910271244e-06,0.01926732063293457,0.05466131865978241,-0.011407904326915741,0.0,0.0,0.0,0.0,0.0,0.04237788915634155,0.0,0.0,0.3034466505050659
5,1,0.22897648811340332,1.5174765394476708e-05,0.14764320850372314,0.5220081806182861,0.0016330266371369362,0.0,0.0,0.0,0.0,0.0,0.555984377861023,0.0,0.0,0.0,7.587382697238354e-06,0.07382160425186157,0.26100409030914307,0.0008165133185684681,0.0,0.0,0.0,0.0,0.0,0.11119687557220459,0.0,0.0,0.6758231520652771
5,2,0.2591269910335541,1.3781692359771114e-05,0.15481293201446533,0.4911995828151703,0.007499365136027336,0.0,0.0,0.0,0.0,0.0,0.35820820927619934,0.0,0.0,0.0,6.890846179885557e-06,0.07740646600723267,0.24559979140758514,0.003749682568013668,0.0,0.0,0.0,0.0,0.0,0.07164164632558823,0.0,0.0,0.6575314402580261
5,3,0.21828743815422058,1.4033276784175541e-05,0.09488672018051147,0.3305218815803528,-0.004096374846994877,0.0,0.0,0.0,0.0,0.0,0.40324270725250244,0.0,0.0,0.0,7.016638392087771e-06,0.04744336009025574,0.1652609407901764,-0.0020481874234974384,0.0,0.0,0.0,0.0,0.0,0.08064854145050049,0.0,0.0,0.5095990896224976
5,4,0.21915826201438904,1.3114395187585615e-05,0.07146835327148438,0.3890721797943115,0.004721431992948055,0.0,0.0,0.0,0.0,0.0,0.4371892809867859,0.0,0.0,0.0,6.557197593792807e-06,0.03573417663574219,0.19453608989715576,0.0023607159964740276,0.0,0.0,0.0,0.0,0.0,0.08743786066770554,0.0,0.0,0.5392336249351501
5,5,0.22945544123649597,9.172539648716338e-06,0.0843203067779541,0.3048352301120758,-0.00440853601321578,0.0,0.0,0.0,0.0,0.0,0.26980239152908325,0.0,0.0,0.0,4.586269824358169e-06,0.04216015338897705,0.1524176150560379,-0.00220426800660789,0.0,0.0,0.0,0.0,0.0,0.05396047979593277,0.0,0.0,0.4757940173149109
5,6,0.24447813630104065,1.0542227755649947e-05,0.06231260299682617,0.26227205991744995,0.0017572911456227303,0.0,0.0,0.0,0.0,0.0,0.6236423254013062,0.0,0.0,0.0,5.271113877824973e-06,0.031156301498413086,0.13113602995872498,0.0008786455728113651,0.0,0.0,0.0,0.0,0.0,0.12472846359014511,0.0,0.0,0.5323828458786011
5,7,0.21022164821624756,8.499554496665951e-06,0.10965001583099365,0.23784053325653076,0.012559028342366219,0.0,0.0,0.0,0.0,0.0,0.4763195216655731,0.0,0.0,0.0,4.2497772483329754e-06,0.054825007915496826,0.11892026662826538,0.006279514171183109,0.0,0.0,0.0,0.0,0.0,0.09526390582323074,0.0,0.0,0.4855145812034607
5,8,0.24312737584114075,7.1546182880410925e-06,0.16489052772521973,0.3317115306854248,-0.004717182368040085,0.0,0.0,0.0,0.0,0.0,0.0,0.0,0.0,0.0,3.5773091440205462e-06,0.08244526386260986,0.1658557653427124,-0.0023585911840200424,0.0,0.0,0.0,0.0,0.0,0.0,0.0,0.0,0.48907339572906494
5,9,0.2412390261888504,1.1233069017180242e-05,0.051074862480163574,0.20402047038078308,0.017160944640636444,0.0,0.0,0.0,0.0,0.0,0.3739349842071533,0.0,0.0,0.0,5.616534508590121e-06,0.025537431240081787,0.10201023519039154,0.008580472320318222,0.0,0.0,0.0,0.0,0.0,0.07478699833154678,0.0,0.0,0.4521597623825073
5,10,0.23764166235923767,1.0003034731198568e-05,0.11351734399795532,0.2730114459991455,0.010945472866296768,0.0,0.0,0.0,0.0,0.0,0.34077000617980957,0.0,0.0,0.0,5.001517365599284e-06,0.05675867199897766,0.13650572299957275,0.005472736433148384,0.0,0.0,0.0,0.0,0.0,0.0681539997458458,0.0,0.0,0.50453782081604
5,11,0.23890316486358643,8.821192750474438e-06,0.058649301528930664,0.2329064905643463,0.0137352729216218,0.0,0.0,0.0,0.0,0.0,0.32732439041137695,0.0,0.0,0.0,4.410596375237219e-06,0.029324650764465332,0.11645324528217316,0.0068676364608109,0.0,0.0,0.0,0.0,0.0,0.06546487659215927,0.0,0.0,0.4570179879665375
5,12,0.23496870696544647,6.551772003149381e-06,0.08967727422714233,0.20854172110557556,0.02077743038535118,0.0,0.0,0.0,0.0,0.0,0.4113985300064087,0.0,0.0,0.0,3.2758860015746905e-06,0.04483863711357117,0.10427086055278778,0.01038871519267559,0.0,0.0,0.0,0.0,0.0,0.08227970451116562,0.0,0.0,0.47674989700317383
5,13,0.22278153896331787,8.577418157074135e-06,0.10064816474914551,0.2010807991027832,0.024085409939289093,0.0,0.0,0.0,0.0,0.0,0.33759140968322754,0.0,0.0,0.0,4.288709078537067e-06,0.050324082374572754,0.1005403995513916,0.012042704969644547,0.0,0.0,0.0,0.0,0.0,0.06751828640699387,0.0,0.0,0.45321130752563477
5,14,0.2357161045074463,4.702088517660741e-06,0.04500758647918701,0.18724796175956726,0.01698233000934124,0.0,0.0,0.0,0.0,0.0,0.26096630096435547,0.0,0.0,0.0,2.3510442588303704e-06,0.022503793239593506,0.09362398087978363,0.00849116500467062,0.0,0.0,0.0,0.0,0.0,0.05219326168298721,0.0,0.0,0.4125306308269501
5,15,0.2302120178937912,7.732143785688095e-06,0.04499948024749756,0.2954017221927643,0.04470686987042427,0.0,0.0,0.0,0.0,0.0,0.34084972739219666,0.0,0.0,0.0,3.866071892844047e-06,0.02249974012374878,0.14770086109638214,0.022353434935212135,0.0,0.0,0.0,0.0,0.0,0.06816994398832321,0.0,0.0,0.4909398853778839
5,16,0.2417815923690796,1.458650513086468e-05,0.1059308648109436,0.32211315631866455,0.033841200172901154,0.0,0.0,0.0,0.0,0.0,0.3722127676010132,0.0,0.0,0.0,7.29325256543234e-06,0.0529654324054718,0.16105657815933228,0.016920600086450577,0.0,0.0,0.0,0.0,0.0,0.074442557990551,0.0,0.0,0.5471740365028381
5,17,0.24566996097564697,1.102775968320202e-05,0.08644825220108032,0.20725271105766296,0.03759127855300903,0.0,0.0,0.0,0.0,0.0,0.21709966659545898,0.0,0.0,0.0,5.51387984160101e-06,0.04322412610054016,0.10362635552883148,0.018795639276504517,0.0,0.0,0.0,0.0,0.0,0.043419934809207916,0.0,0.0,0.45474153757095337
5,18,0.24781405925750732,6.35785090707941e-06,0.04817253351211548,0.20971086621284485,0.019175080582499504,0.0,0.0,0.0,0.0,0.0,0.5018923282623291,0.0,0.0,0.0,3.178925453539705e-06,0.02408626675605774,0.10485543310642242,0.009587540291249752,0.0,0.0,0.0,0.0,0.0,0.10037846863269806,0.0,0.0,0.4867249131202698
5,19,0.2659863233566284,8.164127393683884e-06,0.07434934377670288,0.1761702597141266,0.03346805274486542,0.0,0.0,0.0,0.0,0.0,0.26233237981796265,0.0,0.0,0.0,4.082063696841942e-06,0.03717467188835144,0.0880851298570633,0.01673402637243271,0.0,0.0,0.0,0.0,0.0,0.05246647819876671,0.0,0.0,0.4604507088661194
5,20,0.22937576472759247,1.3197601219872013e-05,0.059660911560058594,0.25945061445236206,0.04008908197283745,0.0,0.0,0.0,0.0,0.0,0.2977052628993988,0.0,0.0,0.0,6.598800609936006e-06,0.029830455780029297,0.12972530722618103,0.020044540986418724,0.0,0.0,0.0,0.0,0.0,0.05954105406999588,0.0,0.0,0.46852371096611023
5,21,0.21424774825572968,8.651095413370058e-06,0.05386227369308472,0.17776423692703247,0.02566216140985489,0.0,0.0,0.0,0.0,0.0,0.5381577610969543,0.0,0.0,0.0,4.325547706685029e-06,0.02693113684654236,0.08888211846351624,0.012831080704927444,0.0,0.0,0.0,0.0,0.0,0.10763155668973923,0.0,0.0,0.45052796602249146
5,22,0.21724267303943634,4.813758550881175e-06,0.062203407287597656,0.1492801308631897,0.015774643048644066,0.0,0.0,0.0,0.0,0.0,0.27307605743408203,0.0,0.0,0.0,2.4068792754405877e-06,0.031101703643798828,0.07464006543159485,0.007887321524322033,0.0,0.0,0.0,0.0,0.0,0.05461521074175835,0.0,0.0,0.3854893743991852
5,23,0.22275173664093018,3.549616849340964e-06,0.10036087036132812,0.250491201877594,0.07394702732563019,0.0,0.0,0.0,0.0,0.0,0.26588547229766846,0.0,0.0,0.0,1.774808424670482e-06,0.05018043518066406,0.125245600938797,0.036973513662815094,0.0,0.0,0.0,0.0,0.0,0.05317709594964981,0.0,0.0,0.4883301556110382
5,24,0.21950533986091614,6.335858415695839e-06,0.04554092884063721,0.20693844556808472,0.03973489627242088,0.0,0.0,0.0,0.0,0.0,0.3934539556503296,0.0,0.0,0.0,3.1679292078479193e-06,0.022770464420318604,0.10346922278404236,0.01986744813621044,0.0,0.0,0.0,0.0,0.0,0.0786907896399498,0.0,0.0,0.4443064332008362
5,25,0.22074663639068604,9.687334568297956e-06,0.07076501846313477,0.21640774607658386,0.04354110360145569,0.0,0.0,0.0,0.0,0.0,0.36501407623291016,0.0,0.0,0.0,4.843667284148978e-06,0.03538250923156738,0.10820387303829193,0.021770551800727844,0.0,0.0,0.0,0.0,0.0,0.07300281524658203,0.0,0.0,0.45911121368408203
5,26,0.20448143780231476,6.190114618220832e-06,0.06410902738571167,0.23723337054252625,0.04496252164244652,0.0,0.0,0.0,0.0,0.0,0.1498705893754959,0.0,0.0,0.0,3.095057309110416e-06,0.032054513692855835,0.11861668527126312,0.02248126082122326,0.0,0.0,0.0,0.0,0.0,0.029974117875099182,0.0,0.0,0.4076111316680908
5,27,0.21883170306682587,6.4257424128300045e-06,0.07855027914047241,0.2227000594139099,0.060007210820913315,0.0,0.0,0.0,0.0,0.0,0.2754073143005371,0.0,0.0,0.0,3.2128712064150022e-06,0.039275139570236206,0.11135002970695496,0.030003605410456657,0.0,0.0,0.0,0.0,0.0,0.05508146435022354,0.0,0.0,0.45454514026641846
5,28,0.21479277312755585,1.7796770634959103e-06,0.08896768093109131,0.1567302644252777,0.04433894902467728,0.0,0.0,0.0,0.0,0.0,0.28211572766304016,0.0,0.0,0.0,8.898385317479551e-07,0.044483840465545654,0.07836513221263885,0.02216947451233864,0.0,0.0,0.0,0.0,0.0,0.05642314627766609,0.0,0.0,0.4162352979183197
5,29,0.20532548427581787,3.872354227496544e-06,0.0544622540473938,0.1465679407119751,0.05431083217263222,0.0,0.0,0.0,0.0,0.0,0.24726593494415283,0.0,0.0,0.0,1.936177113748272e-06,0.0272311270236969,0.07328397035598755,0.02715541608631611,0.0,0.0,0.0,0.0,0.0,0.049453187733888626,0.0,0.0,0.3824511468410492
5,30,0.2154717743396759,5.709348442906048e-06,0.0433163046836853,0.14305844902992249,0.07757649570703506,0.0,0.0,0.0,0.0,0.0,0.24580293893814087,0.0,0.0,0.0,2.854674221453024e-06,0.02165815234184265,0.07152922451496124,0.03878824785351753,0.0,0.0,0.0,0.0,0.0,0.049160588532686234,0.0,0.0,0.3966108560562134
5,31,0.20606637001037598,9.251873962057289e-06,0.04413437843322754,0.17702120542526245,0.022587642073631287,0.0,0.0,0.0,0.0,0.0,0.19632571935653687,0.0,0.0,0.0,4.625936981028644e-06,0.02206718921661377,0.08851060271263123,0.011293821036815643,0.0,0.0,0.0,0.0,0.0,0.03926514461636543,0.0,0.0,0.36720776557922363
5,32,0.20856928825378418,5.177221737540094e-06,0.07261669635772705,0.1415756344795227,0.05032828077673912,0.0,0.0,0.0,0.0,0.0,0.22987055778503418,0.0,0.0,0.0,2.588610868770047e-06,0.036308348178863525,0.07078781723976135,0.02516414038836956,0.0,0.0,0.0,0.0,0.0,0.045974113047122955,0.0,0.0,0.38680627942085266
5,33,0.21537375450134277,2.8257011308596702e-06,0.04614877700805664,0.15630176663398743,0.06728725135326385,0.0,0.0,0.0,0.0,0.0,0.16819995641708374,0.0,0.0,0.0,1.4128505654298351e-06,0.02307438850402832,0.07815088331699371,0.03364362567663193,0.0,0.0,0.0,0.0,0.0,0.03363999351859093,0.0,0.0,0.383884072303772
5,34,0.2054331749677658,7.3143582994816825e-06,0.08639740943908691,0.21573030948638916,0.10978540778160095,0.0,0.0,0.0,0.0,0.0,0.3428891897201538,0.0,0.0,0.0,3.6571791497408412e-06,0.04319870471954346,0.10786515474319458,0.054892703890800476,0.0,0.0,0.0,0.0,0.0,0.068577840924263,0.0,0.0,0.4799712300300598
5,35,0.19875454902648926,8.541905117454007e-06,0.028732895851135254,0.17174237966537476,0.07455853372812271,0.0,0.0,0.0,0.0,0.0,0.4210202395915985,0.0,0.0,0.0,4.270952558727004e-06,0.014366447925567627,0.08587118983268738,0.037279266864061356,0.0,0.0,0.0,0.0,0.0,0.0842040479183197,0.0,0.0,0.42047977447509766
5,36,0.1989581286907196,4.80290600535227e-06,0.04047197103500366,0.15904751420021057,0.08135583251714706,0.0,0.0,0.0,0.0,0.0,0.132110595703125,0.0,0.0,0.0,2.401453002676135e-06,0.02023598551750183,0.07952375710010529,0.04067791625857353,0.0,0.0,0.0,0.0,0.0,0.02642211876809597,0.0,0.0,0.3658202886581421
5,37,0.20596250891685486,5.03160754306009e-06,0.03492337465286255,0.13630437850952148,0.08356572687625885,0.0,0.0,0.0,0.0,0.0,0.24746036529541016,0.0,0.0,0.0,2.515803771530045e-06,0.017461687326431274,0.06815218925476074,0.041782863438129425,0.0,0.0,0.0,0.0,0.0,0.04949207231402397,0.0,0.0,0.38285380601882935
5,38,0.19936403632164001,4.546085619949736e-06,0.07597929239273071,0.14784672856330872,0.09372933208942413,0.0,0.0,0.0,0.0,0.0,0.230474591255188,0.0,0.0,0.0,2.273042809974868e-06,0.037989646196365356,0.07392336428165436,0.04686466604471207,0.0,0.0,0.0,0.0,0.0,0.04609492048621178,0.0,0.0,0.40423890948295593
5,39,0.19957132637500763,3.4158738344558515e-06,0.019818902015686035,0.10246193408966064,0.07558761537075043,0.0,0.0,0.0,0.0,0.0,0.15538626909255981,0.0,0.0,0.0,1.7079369172279257e-06,0.009909451007843018,0.05123096704483032,0.037793807685375214,0.0,0.0,0.0,0.0,0.0,0.031077254563570023,0.0,0.0,0.329584538936615
5,40,0.2165699452161789,5.58033752895426e-06,0.02813500165939331,0.09860113263130188,0.08948054164648056,0.0,0.0,0.0,0.0,0.0,0.316928505897522,0.0,0.0,0.0,2.79016876447713e-06,0.014067500829696655,0.04930056631565094,0.04474027082324028,0.0,0.0,0.0,0.0,0.0,0.06338570266962051,0.0,0.0,0.38806673884391785
5,41,0.20979562401771545,5.638953098241473e-06,0.03749358654022217,0.13192489743232727,0.09098833799362183,0.0,0.0,0.0,0.0,0.0,0.2521004378795624,0.0,0.0,0.0,2.8194765491207363e-06,0.018746793270111084,0.06596244871616364,0.04549416899681091,0.0,0.0,0.0,0.0,0.0,0.050420086830854416,0.0,0.0,0.39042192697525024
5,42,0.19163697957992554,6.389524514816003e-06,0.034921884536743164,0.11094087362289429,0.07498715817928314,0.0,0.0,0.0,0.0,0.0,0.18127495050430298,0.0,0.0,0.0,3.1947622574080015e-06,0.017460942268371582,0.055470436811447144,0.03749357908964157,0.0,0.0,0.0,0.0,0.0,0.036254990845918655,0.0,0.0,0.33832013607025146
5,43,0.2050388604402542,1.1655025446088985e-05,0.06514441967010498,0.15459033846855164,0.05185272544622421,0.0,0.0,0.0,0.0,0.0,0.14493811130523682,0.0,0.0,0.0,5.827512723044492e-06,0.03257220983505249,0.07729516923427582,0.025926362723112106,0.0,0.0,0.0,0.0,0.0,0.028987621888518333,0.0,0.0,0.3698260486125946
5,44,0.19325004518032074,7.157280833780533e-06,0.045208096504211426,0.14824000000953674,0.09452370554208755,0.0,0.0,0.0,0.0,0.0,0.2307780385017395,0.0,0.0,0.0,3.5786404168902664e-06,0.022604048252105713,0.07412000000476837,0.04726185277104378,0.0,0.0,0.0,0.0,0.0,0.04615560919046402,0.0,0.0,0.38339513540267944
5,45,0.19906848669052124,2.1293103600328322e-06,0.021570861339569092,0.10120642185211182,0.07131502032279968,0.0,0.0,0.0,0.0,0.0,0.24345608055591583,0.0,0.0,0.0,1.0646551800164161e-06,0.010785430669784546,0.05060321092605591,0.03565751016139984,0.0,0.0,0.0,0.0,0.0,0.048691216856241226,0.0,0.0,0.3448069095611572
5,46,0.18975014984607697,6.521179784613196e-06,0.024846017360687256,0.1257762610912323,0.06218038499355316,0.0,0.0,0.0,0.0,0.0,0.4107001721858978,0.0,0.0,0.0,3.260589892306598e-06,0.012423008680343628,0.06288813054561615,0.03109019249677658,0.0,0.0,0.0,0.0,0.0,0.08214003592729568,0.0,0.0,0.37829476594924927
5,47,0.2141355574131012,6.7480664256436285e-06,0.04508930444717407,0.10218828916549683,0.06966804713010788,0.0,0.0,0.0,0.0,0.0,0.12472754716873169,0.0,0.0,0.0,3.3740332128218142e-06,0.022544652223587036,0.05109414458274841,0.03483402356505394,0.0,0.0,0.0,0.0,0.0,0.024945510551333427,0.0,0.0,0.3475572466850281
5,48,0.18740490078926086,6.824089723522775e-06,0.0507732629776001,0.14289149641990662,0.08508326858282089,0.0,0.0,0.0,0.0,0.0,0.3299217224121094,0.0,0.0,0.0,3.4120448617613874e-06,0.02538663148880005,0.07144574820995331,0.042541634291410446,0.0,0.0,0.0,0.0,0.0,0.065984345972538,0.0,0.0,0.39276665449142456
5,49,0.19224829971790314,5.5291880016739015e-06,0.046162962913513184,0.12046587467193604,0.12130752950906754,0.0,0.0,0.0,0.0,0.0,0.14316457509994507,0.0,0.0,0.0,2.7645940008369507e-06,0.023081481456756592,0.06023293733596802,0.06065376475453377,0.0,0.0,0.0,0.0,0.0,0.028632914647459984,0.0,0.0,0.3648521900177002
5,50,0.20515623688697815,1.3472769069267088e-06,0.05176854133605957,0.13311290740966797,0.06305643916130066,0.0,0.0,0.0,0.0,0.0,0.5233525633811951,0.0,0.0,0.0,6.736384534633544e-07,0.025884270668029785,0.06655645370483398,0.03152821958065033,0.0,0.0,0.0,0.0,0.0,0.10467051714658737,0.0,0.0,0.43379640579223633
5,51,0.19363200664520264,2.215212589362636e-06,0.0530429482460022,0.12810811400413513,0.021037835627794266,0.0,0.0,0.0,0.0,0.0,0.14043962955474854,0.0,0.0,0.0,1.107606294681318e-06,0.0265214741230011,0.06405405700206757,0.010518917813897133,0.0,0.0,0.0,0.0,0.0,0.028087927028536797,0.0,0.0,0.322815477848053
5,52,0.19716529548168182,3.622924623414292e-06,0.035493552684783936,0.08523491024971008,0.07050382345914841,0.0,0.0,0.0,0.0,0.0,0.16823285818099976,0.0,0.0,0.0,1.811462311707146e-06,0.017746776342391968,0.04261745512485504,0.035251911729574203,0.0,0.0,0.0,0.0,0.0,0.03364657238125801,0.0,0.0,0.3264298439025879
5,53,0.18694119155406952,3.098022261838196e-06,0.03248441219329834,0.08011117577552795,0.03963601589202881,0.0,0.0,0.0,0.0,0.0,0.20426112413406372,0.0,0.0,0.0,1.549011130919098e-06,0.01624220609664917,0.04005558788776398,0.019818007946014404,0.0,0.0,0.0,0.0,0.0,0.040852226316928864,0.0,0.0,0.3039107620716095
5,54,0.19449864327907562,1.2183653780084569e-05,0.08281654119491577,0.2426234781742096,0.14137230813503265,0.0,0.0,0.0,0.0,0.0,0.3384627401828766,0.0,0.0,0.0,6.0918268900422845e-06,0.041408270597457886,0.1213117390871048,0.07068615406751633,0.0,0.0,0.0,0.0,0.0,0.06769254803657532,0.0,0.0,0.4956034719944
5,55,0.1966145634651184,7.1941221904126e-06,0.036668598651885986,0.11700418591499329,0.06368684768676758,0.0,0.0,0.0,0.0,0.0,0.05513787269592285,0.0,0.0,0.0,3.5970610952063e-06,0.018334299325942993,0.05850209295749664,0.03184342384338379,0.0,0.0,0.0,0.0,0.0,0.01102757453918457,0.0,0.0,0.3163255453109741
5,56,0.19194018840789795,3.1323402254201937e-06,0.048218369483947754,0.1260060966014862,0.033655714243650436,0.0,0.0,0.0,0.0,0.0,0.11363005638122559,0.0,0.0,0.0,1.5661701127100969e-06,0.024109184741973877,0.0630030483007431,0.016827857121825218,0.0,0.0,0.0,0.0,0.0,0.022726012393832207,0.0,0.0,0.3186078369617462
5,57,0.19265300035476685,3.394305394976982e-06,0.028743982315063477,0.08214965462684631,0.0018448247574269772,0.0,0.0,0.0,0.0,0.0,0.13785943388938904,0.0,0.0,0.0,1.697152697488491e-06,0.014371991157531738,0.04107482731342316,0.0009224123787134886,0.0,0.0,0.0,0.0,0.0,0.027571886777877808,0.0,0.0,0.2765958309173584
5,58,0.18515941500663757,5.65390018891776e-06,0.023865580558776855,0.10837367177009583,0.014327947050333023,0.0,0.0,0.0,0.0,0.0,0.28809285163879395,0.0,0.0,0.0,2.82695009445888e-06,0.011932790279388428,0.05418683588504791,0.0071639735251665115,0.0,0.0,0.0,0.0,0.0,0.05761856958270073,0.0,0.0,0.31606438755989075
5,59,0.20188602805137634,6.865004252176732e-06,0.030024170875549316,0.14582324028015137,0.08721164613962173,0.0,0.0,0.0,0.0,0.0,0.21813863515853882,0.0,0.0,0.0,3.432502126088366e-06,0.015012085437774658,0.07291162014007568,0.04360582306981087,0.0,0.0,0.0,0.0,0.0,0.04362772777676582,0.0,0.0,0.37704673409461975
5,60,0.18811501562595367,3.1882627808954567e-06,0.02107924222946167,0.08060160279273987,0.052303820848464966,0.0,0.0,0.0,0.0,0.0,0.14558172225952148,0.0,0.0,0.0,1.5941313904477283e-06,0.010539621114730835,0.040300801396369934,0.026151910424232483,0.0,0.0,0.0,0.0,0.0,0.029116345569491386,0.0,0.0,0.29422527551651
5,61,0.18682080507278442,4.908113169221906e-06,0.0388142466545105,0.10265937447547913,0.06811466813087463,0.0,0.0,0.0,0.0,0.0,0.14074444770812988,0.0,0.0,0.0,2.454056584610953e-06,0.01940712332725525,0.05132968723773956,0.03405733406543732,0.0,0.0,0.0,0.0,0.0,0.028148889541625977,0.0,0.0,0.3197662830352783
5,62,0.18537814915180206,3.933783773391042e-06,0.028063714504241943,0.09524136781692505,0.01723996177315712,0.0,0.0,0.0,0.0,0.0,0.1343037486076355,0.0,0.0,0.0,1.966891886695521e-06,0.014031857252120972,0.047620683908462524,0.00861998088657856,0.0,0.0,0.0,0.0,0.0,0.02686074934899807,0.0,0.0,0.2825133800506592
5,63,0.19632229208946228,6.9878965405223425e-06,0.023717880249023438,0.11084252595901489,0.0102750975638628,0.0,0.0,0.0,0.0,0.0,0.13570034503936768,0.0,0.0,0.0,3.4939482702611713e-06,0.011858940124511719,0.055421262979507446,0.0051375487819314,0.0,0.0,0.0,0.0,0.0,0.027140069752931595,0.0,0.0,0.2958836257457733
5,64,0.17519143223762512,8.844553121889476e-06,0.0746949315071106,0.15041860938072205,0.05934677645564079,0.0,0.0,0.0,0.0,0.0,0.2188248634338379,0.0,0.0,0.0,4.422276560944738e-06,0.0373474657535553,0.07520930469036102,0.029673388227820396,0.0,0.0,0.0,0.0,0.0,0.04376497492194176,0.0,0.0,0.3611910045146942
5,65,0.1941356360912323,2.9686148081964348e-06,0.02693045139312744,0.10247981548309326,0.025776704773306847,0.0,0.0,0.0,0.0,0.0,0.13256120681762695,0.0,0.0,0.0,1.4843074040982174e-06,0.01346522569656372,0.05123990774154663,0.012888352386653423,0.0,0.0,0.0,0.0,0.0,0.02651224099099636,0.0,0.0,0.29824283719062805
5,66,0.17975185811519623,4.447769242688082e-06,0.024631500244140625,0.13048303127288818,-0.007095979526638985,0.0,0.0,0.0,0.0,0.0,0.44677141308784485,0.0,0.0,0.0,2.223884621344041e-06,0.012315750122070312,0.06524151563644409,-0.0035479897633194923,0.0,0.0,0.0,0.0,0.0,0.08935428410768509,0.0,0.0,0.3431176245212555
5,67,0.17789466679096222,5.98666656514979e-06,0.03789573907852173,0.09038180112838745,0.04981258511543274,0.0,0.0,0.0,0.0,0.0,0.1992092877626419,0.0,0.0,0.0,2.993333282574895e-06,0.018947869539260864,0.045190900564193726,0.02490629255771637,0.0,0.0,0.0,0.0,0.0,0.03984185680747032,0.0,0.0,0.30678460001945496
5,68,0.1845674216747284,6.364801947711385e-07,0.029863357543945312,0.08057945966720581,-0.03683821111917496,0.0,0.0,0.0,0.0,0.0,0.23191864788532257,0.0,0.0,0.0,3.1824009738556924e-07,0.014931678771972656,0.040289729833602905,-0.01841910555958748,0.0,0.0,0.0,0.0,0.0,0.046383731067180634,0.0,0.0,0.2677537798881531
5,69,0.17491872608661652,6.655430752289249e-06,0.021839141845703125,0.0912562906742096,0.07478237897157669,0.0,0.0,0.0,0.0,0.0,0.0,0.0,0.0,0.0,3.3277153761446243e-06,0.010919570922851562,0.0456281453371048,0.037391189485788345,0.0,0.0,0.0,0.0,0.0,0.0,0.0,0.0,0.26886096596717834
5,70,0.18262127041816711,1.8179479184254888e-06,0.03186827898025513,0.09022596478462219,0.02109839767217636,0.0,0.0,0.0,0.0,0.0,0.13578039407730103,0.0,0.0,0.0,9.089739592127444e-07,0.015934139490127563,0.045112982392311096,0.01054919883608818,0.0,0.0,0.0,0.0,0.0,0.027156079187989235,0.0,0.0,0.28137457370758057
5,71,0.17026743292808533,1.8190464743383927e-06,0.03166317939758301,0.07800397276878357,-0.016774823889136314,0.0,0.0,0.0,0.0,0.0,0.16002178192138672,0.0,0.0,0.0,9.095232371691964e-07,0.015831589698791504,0.039001986384391785,-0.008387411944568157,0.0,0.0,0.0,0.0,0.0,0.032004356384277344,0.0,0.0,0.24871885776519775
5,72,0.17866119742393494,4.89127387481858e-06,0.06759041547775269,0.12155288457870483,0.08649621158838272,0.0,0.0,0.0,0.0,0.0,0.25050753355026245,0.0,0.0,0.0,2.44563693740929e-06,0.03379520773887634,0.06077644228935242,0.04324810579419136,0.0,0.0,0.0,0.0,0.0,0.05010150745511055,0.0,0.0,0.3665849268436432
5,73,0.17883789539337158,4.2530250539130066e-06,0.056578636169433594,0.08675247430801392,0.026708655059337616,0.0,0.0,0.0,0.0,0.0,0.1713380366563797,0.0,0.0,0.0,2.1265125269565033e-06,0.028289318084716797,0.04337623715400696,0.013354327529668808,0.0,0.0,0.0,0.0,0.0,0.034267608076334,0.0,0.0,0.29812750220298767
5,74,0.1702105551958084,3.426950570428744e-06,0.060555338859558105,0.10511723160743713,0.04294678196310997,0.0,0.0,0.0,0.0,0.0,0.13046371936798096,0.0,0.0,0.0,1.713475285214372e-06,0.030277669429779053,0.05255861580371857,0.021473390981554985,0.0,0.0,0.0,0.0,0.0,0.02609274350106716,0.0,0.0,0.3006146550178528
5,75,0.1759844273328781,7.655188710486982e-06,0.023835599422454834,0.1054328978061676,0.08566664904356003,0.0,0.0,0.0,0.0,0.0,0.1078113317489624,0.0,0.0,0.0,3.827594355243491e-06,0.011917799711227417,0.0527164489030838,0.042833324521780014,0.0,0.0,0.0,0.0,0.0,0.02156226709485054,0.0,0.0,0.3050180971622467
5,76,0.1689039170742035,1.0632622888806509e-06,0.021549463272094727,0.06580731272697449,0.013161497190594673,0.0,0.0,0.0,0.0,0.0,0.11236751079559326,0.0,0.0,0.0,5.316311444403254e-07,0.010774731636047363,0.032903656363487244,0.006580748595297337,0.0,0.0,0.0,0.0,0.0,0.022473502904176712,0.0,0.0,0.24163709580898285
5,77,0.16857612133026123,1.4932405747458688e-06,0.014983654022216797,0.0731724202632904,0.001668429933488369,0.0,0.0,0.0,0.0,0.0,0.1389394998550415,0.0,0.0,0.0,7.466202873729344e-07,0.0074918270111083984,0.0365862101316452,0.0008342149667441845,0.0,0.0,0.0,0.0,0.0,0.02778789959847927,0.0,0.0,0.24127700924873352
5,78,0.17516545951366425,1.829714165069163e-05,0.04632049798965454,0.17767783999443054,0.04090932011604309,0.0,0.0,0.0,0.0,0.0,0.14327318966388702,0.0,0.0,0.0,9.148570825345814e-06,0.02316024899482727,0.08883891999721527,0.020454660058021545,0.0,0.0,0.0,0.0,0.0,0.028654638677835464,0.0,0.0,0.3362830877304077
5,79,0.17600129544734955,5.811195933347335e-06,0.018982350826263428,0.10747939348220825,0.04497280716896057,0.0,0.0,0.0,0.0,0.0,0.35175859928131104,0.0,0.0,0.0,2.9055979666736675e-06,0.009491175413131714,0.053739696741104126,0.022486403584480286,0.0,0.0,0.0,0.0,0.0,0.07035171985626221,0.0,0.0,0.3320732116699219
5,80,0.15993529558181763,4.3240556806267705e-06,0.08775162696838379,0.14450424909591675,-0.014229736290872097,0.0,0.0,0.0,0.0,0.0,0.13157504796981812,0.0,0.0,0.0,2.1620278403133852e-06,0.043875813484191895,0.07225212454795837,-0.0071148681454360485,0.0,0.0,0.0,0.0,0.0,0.026315009221434593,0.0,0.0,0.2952655553817749
5,81,0.16607117652893066,1.0768495712909498e-06,0.015019416809082031,0.074189692735672,-0.010920792818069458,0.0,0.0,0.0,0.0,0.0,0.09566450119018555,0.0,0.0,0.0,5.384247856454749e-07,0.007509708404541016,0.037094846367836,-0.005460396409034729,0.0,0.0,0.0,0.0,0.0,0.01913290098309517,0.0,0.0,0.2243487685918808
5,82,0.18136361241340637,2.360455937377992e-06,0.04961162805557251,0.08767277002334595,0.013233578763902187,0.0,0.0,0.0,0.0,0.0,0.18252277374267578,0.0,0.0,0.0,1.180227968688996e-06,0.024805814027786255,0.043836385011672974,0.006616789381951094,0.0,0.0,0.0,0.0,0.0,0.036504555493593216,0.0,0.0,0.2931283414363861
5,83,0.16298706829547882,7.787233698763885e-06,0.07085186243057251,0.11245399713516235,0.0658499076962471,0.0,0.0,0.0,0.0,0.0,0.44514012336730957,0.0,0.0,0.0,3.893616849381942e-06,0.035425931215286255,0.05622699856758118,0.03292495384812355,0.0,0.0,0.0,0.0,0.0,0.0890280231833458,0.0,0.0,0.3765968680381775
5,84,0.17609819769859314,5.702263479179237e-06,0.015571653842926025,0.08122476935386658,0.026725975796580315,0.0,0.0,0.0,0.0,0.0,0.1707358956336975,0.0,0.0,0.0,2.8511317395896185e-06,0.007785826921463013,0.04061238467693329,0.013362987898290157,0.0,0.0,0.0,0.0,0.0,0.03414718061685562,0.0,0.0,0.2720094323158264
5,85,0.15520599484443665,1.7321140148851555e-06,0.02056884765625,0.0708361268043518,-0.007798943668603897,0.0,0.0,0.0,0.0,0.0,0.23851029574871063,0.0,0.0,0.0,8.660570074425777e-07,0.010284423828125,0.0354180634021759,-0.0038994718343019485,0.0,0.0,0.0,0.0,0.0,0.047702059149742126,0.0,0.0,0.24471193552017212
5,86,0.15625545382499695,3.653852218121756e-06,0.03803807497024536,0.09244531393051147,0.029421955347061157,0.0,0.0,0.0,0.0,0.0,0.22018201649188995,0.0,0.0,0.0,1.826926109060878e-06,0.01901903748512268,0.04622265696525574,0.014710977673530579,0.0,0.0,0.0,0.0,0.0,0.04403640329837799,0.0,0.0,0.280246376991272
5,87,0.170777827501297,1.1646236998785753e-05,0.023016035556793213,0.15354984998703003,0.008901504799723625,0.0,0.0,0.0,0.0,0.0,0.4333314895629883,0.0,0.0,0.0,5.823118499392876e-06,0.011508017778396606,0.07677492499351501,0.004450752399861813,0.0,0.0,0.0,0.0,0.0,0.0866663008928299,0.0,0.0,0.3501836061477661
5,88,0.16570690274238586,2.3939394395711133e-06,0.0351414680480957,0.06644889712333679,-0.011446475982666016,0.0,0.0,0.0,0.0,0.0,0.17331188917160034,0.0,0.0,0.0,1.1969697197855567e-06,0.01757073402404785,0.033224448561668396,-0.005723237991333008,0.0,0.0,0.0,0.0,0.0,0.03466237708926201,0.0,0.0,0.24544242024421692
5,89,0.16477029025554657,7.834411917428952e-06,0.058420777320861816,0.09319087862968445,0.026873216032981873,0.0,0.0,0.0,0.0,0.0,0.1379433274269104,0.0,0.0,0.0,3.917205958714476e-06,0.029210388660430908,0.046595439314842224,0.013436608016490936,0.0,0.0,0.0,0.0,0.0,0.02758866548538208,0.0,0.0,0.2816053032875061
5,90,0.1615346223115921,2.3426903226209106e-06,0.02140176296234131,0.07037487626075745,0.020330743864178658,0.0,0.0,0.0,0.0,0.0,0.07973483949899673,0.0,0.0,0.0,1.1713451613104553e-06,0.010700881481170654,0.03518743813037872,0.010165371932089329,0.0,0.0,0.0,0.0,0.0,0.015946967527270317,0.0,0.0,0.2335364669561386
5,91,0.15779486298561096,3.8119464988994878e-06,0.019786536693572998,0.0719255805015564,-0.00031589530408382416,0.0,0.0,0.0,0.0,0.0,0.29762446880340576,0.0,0.0,0.0,1.9059732494497439e-06,0.009893268346786499,0.0359627902507782,-0.00015794765204191208,0.0,0.0,0.0,0.0,0.0,0.05952489376068115,0.0,0.0,0.26301977038383484
5,92,0.16476750373840332,3.384051751709194e-06,0.02671569585800171,0.0816737711429596,0.02518855407834053,0.0,0.0,0.0,0.0,0.0,0.16007578372955322,0.0,0.0,0.0,1.692025875854597e-06,0.013357847929000854,0.0408368855714798,0.012594277039170265,0.0,0.0,0.0,0.0,0.0,0.032015156000852585,0.0,0.0,0.26357337832450867
5,93,0.14660826325416565,4.686267857323401e-06,0.021697998046875,0.10672581195831299,-0.013198208063840866,0.0,0.0,0.0,0.0,0.0,0.15638239681720734,0.0,0.0,0.0,2.3431339286617003e-06,0.0108489990234375,0.053362905979156494,-0.006599104031920433,0.0,0.0,0.0,0.0,0.0,0.03127647936344147,0.0,0.0,0.23549988865852356
5,94,0.1590765416622162,5.3348217079474125e-06,0.05788445472717285,0.0672653317451477,0.02200697548687458,0.0,0.0,0.0,0.0,0.0,0.16904222965240479,0.0,0.0,0.0,2.6674108539737063e-06,0.028942227363586426,0.03363266587257385,0.01100348774343729,0.0,0.0,0.0,0.0,0.0,0.033808447420597076,0.0,0.0,0.26646605134010315
5,95,0.15231633186340332,3.937780093110632e-06,0.01981663703918457,0.0812254548072815,0.037996433675289154,0.0,0.0,0.0,0.0,0.0,0.22979867458343506,0.0,0.0,0.0,1.968890046555316e-06,0.009908318519592285,0.04061272740364075,0.018998216837644577,0.0,0.0,0.0,0.0,0.0,0.04595973715186119,0.0,0.0,0.2677972912788391
5,96,0.15610812604427338,3.925852979591582e-06,0.08209049701690674,0.10666543245315552,0.05658590793609619,0.0,0.0,0.0,0.0,0.0,0.0,0.0,0.0,0.0,1.962926489795791e-06,0.04104524850845337,0.05333271622657776,0.028292953968048096,0.0,0.0,0.0,0.0,0.0,0.0,0.0,0.0,0.278780996799469
5,97,0.15462204813957214,6.359731742122676e-06,0.021503210067749023,0.07172271609306335,-0.020258698612451553,0.0,0.0,0.0,0.0,0.0,0.24936050176620483,0.0,0.0,0.0,3.179865871061338e-06,0.010751605033874512,0.03586135804653168,-0.010129349306225777,0.0,0.0,0.0,0.0,0.0,0.04987210035324097,0.0,0.0,0.24098093807697296
5,98,0.14910486340522766,2.9992479539941996e-06,0.032303690910339355,0.09850448369979858,-0.016142871230840683,0.0,0.0,0.0,0.0,0.0,0.08461976051330566,0.0,0.0,0.0,1.4996239769970998e-06,0.016151845455169678,0.04925224184989929,-0.008071435615420341,0.0,0.0,0.0,0.0,0.0,0.016923952847719193,0.0,0.0,0.2233629673719406
5,99,0.15352283418178558,4.308533789298963e-06,0.027700066566467285,0.08912888169288635,0.019970642402768135,0.0,0.0,0.0,0.0,0.0,0.13907451927661896,0.0,0.0,0.0,2.1542668946494814e-06,0.013850033283233643,0.044564440846443176,0.009985321201384068,0.0,0.0,0.0,0.0,0.0,0.02781490422785282,0.0,0.0,0.24973970651626587
5,100,0.14560925960540771,2.9485383947758237e-06,0.028741300106048584,0.08502373099327087,-0.00013636238873004913,0.0,0.0,0.0,0.0,0.0,0.1669873595237732,0.0,0.0,0.0,1.4742691973879118e-06,0.014370650053024292,0.04251186549663544,-6.818119436502457e-05,0.0,0.0,0.0,0.0,0.0,0.03339747339487076,0.0,0.0,0.23582252860069275
6,1,0.174454465508461,1.3693208529730327e-05,0.16409146785736084,0.6518747806549072,0.0031329551711678505,0.0,0.0,0.0,0.0,0.0,0.6647093296051025,0.0,0.0,0.0,6.846604264865164e-06,0.08204573392868042,0.3259373903274536,0.0015664775855839252,0.0,0.0,0.0,0.0,0.0,0.13294187188148499,0.0,0.0,0.7169528007507324
6,2,0.20509114861488342,1.0155615200346801e-05,0.17420315742492676,0.5837032794952393,0.009057569317519665,0.0,0.0,0.0,0.0,0.0,0.3602166771888733,0.0,0.0,0.0,5.077807600173401e-06,0.08710157871246338,0.29185163974761963,0.004528784658759832,0.0,0.0,0.0,0.0,0.0,0.07204333692789078,0.0,0.0,0.6606215834617615
6,3,0.16471342742443085,1.2442217666830402e-05,0.09167659282684326,0.3223496973514557,-6.815232336521149e-05,0.0,0.0,0.0,0.0,0.0,0.40603208541870117,0.0,0.0,0.0,6.221108833415201e-06,0.04583829641342163,0.16117484867572784,-3.4076161682605743e-05,0.0,0.0,0.0,0.0,0.0,0.08120641857385635,0.0,0.0,0.4529051184654236
6,4,0.17654432356357574,1.32244240376167e-05,0.06740695238113403,0.4140489995479584,0.004428174812346697,0.0,0.0,0.0,0.0,0.0,0.4969094395637512,0.0,0.0,0.0,6.61221201880835e-06,0.03370347619056702,0.2070244997739792,0.0022140874061733484,0.0,0.0,0.0,0.0,0.0,0.09938188642263412,0.0,0.0,0.5188748836517334
6,5,0.18049071729183197,8.13731094240211e-06,0.08519500494003296,0.2923693358898163,-0.007254756987094879,0.0,0.0,0.0,0.0,0.0,0.26157718896865845,0.0,0.0,0.0,4.068655471201055e-06,0.04259750247001648,0.14618466794490814,-0.0036273784935474396,0.0,0.0,0.0,0.0,0.0,0.05231544002890587,0.0,0.0,0.41796499490737915
6,6,0.19155895709991455,7.341373020608444e-06,0.05071359872817993,0.26740071177482605,0.0015056198462843895,0.0,0.0,0.0,0.0,0.0,0.6417104005813599,0.0,0.0,0.0,3.670686510304222e-06,0.025356799364089966,0.13370035588741302,0.0007528099231421947,0.0,0.0,0.0,0.0,0.0,0.12834207713603973,0.0,0.0,0.47971469163894653
6,7,0.1728391796350479,6.5875128711923026e-06,0.11550092697143555,0.27126944065093994,0.0195257980376482,0.0,0.0,0.0,0.0,0.0,0.5078713297843933,0.0,0.0,0.0,3.2937564355961513e-06,0.05775046348571777,0.13563472032546997,0.0097628990188241,0.0,0.0,0.0,0.0,0.0,0.10157426446676254,0.0,0.0,0.47756484150886536
6,8,0.18931597471237183,5.223340849624947e-06,0.18365317583084106,0.36417731642723083,-0.004274399019777775,0.0,0.0,0.0,0.0,0.0,0.0,0.0,0.0,0.0,2.6116704248124734e-06,0.09182658791542053,0.18208865821361542,-0.0021371995098888874,0.0,0.0,0.0,0.0,0.0,0.0,0.0,0.0,0.4610966145992279
6,9,0.18441560864448547,9.166945346805733e-06,0.05868697166442871,0.23349812626838684,0.013606002554297447,0.0,0.0,0.0,0.0,0.0,0.3807213306427002,0.0,0.0,0.0,4.583472673402866e-06,0.029343485832214355,0.11674906313419342,0.006803001277148724,0.0,0.0,0.0,0.0,0.0,0.0761442705988884,0.0,0.0,0.41346004605293274
6,10,0.19971105456352234,7.585912499052938e-06,0.127718985080719,0.28671374917030334,0.010188278742134571,0.0,0.0,0.0,0.0,0.0,0.43297410011291504,0.0,0.0,0.0,3.792956249526469e-06,0.0638594925403595,0.14335687458515167,0.0050941393710672855,0.0,0.0,0.0,0.0,0.0,0.08659482002258301,0.0,0.0,0.4986201822757721
6,11,0.19538003206253052,8.51981167215854e-06,0.0704045295715332,0.26483967900276184,0.016863616183400154,0.0,0.0,0.0,0.0,0.0,0.34593990445137024,0.0,0.0,0.0,4.25990583607927e-06,0.0352022647857666,0.13241983950138092,0.008431808091700077,0.0,0.0,0.0,0.0,0.0,0.06918798387050629,0.0,0.0,0.44062620401382446
6,12,0.1810276210308075,6.819453574280487e-06,0.0951114296913147,0.21761727333068848,0.02249244973063469,0.0,0.0,0.0,0.0,0.0,0.49124395847320557,0.0,0.0,0.0,3.4097267871402437e-06,0.04755571484565735,0.10880863666534424,0.011246224865317345,0.0,0.0,0.0,0.0,0.0,0.09824879467487335,0.0,0.0,0.4468904137611389
6,13,0.18098051846027374,7.92359969636891e-06,0.08592218160629272,0.20699074864387512,0.026122882962226868,0.0,0.0,0.0,0.0,0.0,0.25423765182495117,0.0,0.0,0.0,3.961799848184455e-06,0.04296109080314636,0.10349537432193756,0.013061441481113434,0.0,0.0,0.0,0.0,0.0,0.050847530364990234,0.0,0.0,0.3913499116897583
6,14,0.1782541126012802,4.700753379438538e-06,0.05700385570526123,0.2104332447052002,0.02331012859940529,0.0,0.0,0.0,0.0,0.0,0.3318229913711548,0.0,0.0,0.0,2.350376689719269e-06,0.028501927852630615,0.1052166223526001,0.011655064299702644,0.0,0.0,0.0,0.0,0.0,0.0663646012544632,0.0,0.0,0.38999468088150024
6,15,0.17889884114265442,6.7423466134641785e-06,0.049408018589019775,0.3160177767276764,0.05302033945918083,0.0,0.0,0.0,0.0,0.0,0.3371332883834839,0.0,0.0,0.0,3.3711733067320893e-06,0.024704009294509888,0.1580088883638382,0.026510169729590416,0.0,0.0,0.0,0.0,0.0,0.0674266591668129,0.0,0.0,0.45555195212364197
6,16,0.18390220403671265,1.4398542589333374e-05,0.08913218975067139,0.3336831331253052,0.03445936739444733,0.0,0.0,0.0,0.0,0.0,0.33686238527297974,0.0,0.0,0.0,7.199271294666687e-06,0.04456609487533569,0.1668415665626526,0.017229683697223663,0.0,0.0,0.0,0.0,0.0,0.06737247854471207,0.0,0.0,0.4799192249774933
6,17,0.17541533708572388,9.118622074311133e-06,0.07419568300247192,0.20613887906074524,0.035235319286584854,0.0,0.0,0.0,0.0,0.0,0.2044696807861328,0.0,0.0,0.0,4.559311037155567e-06,0.03709784150123596,0.10306943953037262,0.017617659643292427,0.0,0.0,0.0,0.0,0.0,0.04089393839240074,0.0,0.0,0.3740987777709961
6,18,0.17068128287792206,7.375656878139125e-06,0.051122188568115234,0.22532221674919128,0.03675764799118042,0.0,0.0,0.0,0.0,0.0,0.18625569343566895,0.0,0.0,0.0,3.6878284390695626e-06,0.025561094284057617,0.11266110837459564,0.01837882399559021,0.0,0.0,0.0,0.0,0.0,0.03725114092230797,0.0,0.0,0.3645371198654175
6,19,0.18851420283317566,7.283679678948829e-06,0.07498049736022949,0.18268650770187378,0.03589791804552078,0.0,0.0,0.0,0.0,0.0,0.24004626274108887,0.0,0.0,0.0,3.6418398394744145e-06,0.037490248680114746,0.09134325385093689,0.01794895902276039,0.0,0.0,0.0,0.0,0.0,0.04800925403833389,0.0,0.0,0.383309543132782
6,20,0.17101910710334778,1.3160718481231015e-05,0.06333434581756592,0.26651889085769653,0.04307815432548523,0.0,0.0,0.0,0.0,0.0,0.29774537682533264,0.0,0.0,0.0,6.580359240615508e-06,0.03166717290878296,0.13325944542884827,0.021539077162742615,0.0,0.0,0.0,0.0,0.0,0.05954907462000847,0.0,0.0,0.4170404374599457
6,21,0.1753341406583786,8.429024092038162e-06,0.05802971124649048,0.19244948029518127,0.03562590479850769,0.0,0.0,0.0,0.0,0.0,0.5310215950012207,0.0,0.0,0.0,4.214512046019081e-06,0.02901485562324524,0.09622474014759064,0.017812952399253845,0.0,0.0,0.0,0.0,0.0,0.1062043234705925,0.0,0.0,0.4245952367782593
6,22,0.17051532864570618,5.276969659462338e-06,0.07200539112091064,0.1428113877773285,0.031634338200092316,0.0,0.0,0.0,0.0,0.0,0.2362602949142456,0.0,0.0,0.0,2.638484829731169e-06,0.03600269556045532,0.07140569388866425,0.015817169100046158,0.0,0.0,0.0,0.0,0.0,0.04725205898284912,0.0,0.0,0.34099557995796204
6,23,0.17095611989498138,3.416232630115701e-06,0.11323016881942749,0.2851111888885498,0.10159184038639069,0.0,0.0,0.0,0.0,0.0,0.3300498425960541,0.0,0.0,0.0,1.7081163150578504e-06,0.056615084409713745,0.1425555944442749,0.05079592019319534,0.0,0.0,0.0,0.0,0.0,0.06600996851921082,0.0,0.0,0.4869343936443329
6,24,0.16878250241279602,5.819947091367794e-06,0.05085235834121704,0.213043212890625,0.047469496726989746,0.0,0.0,0.0,0.0,0.0,0.36624443531036377,0.0,0.0,0.0,2.909973545683897e-06,0.02542617917060852,0.1065216064453125,0.023734748363494873,0.0,0.0,0.0,0.0,0.0,0.07324888557195663,0.0,0.0,0.39771685004234314
6,25,0.16690339148044586,5.932773547101533e-06,0.07895803451538086,0.2075357437133789,0.07160390913486481,0.0,0.0,0.0,0.0,0.0,0.4532986879348755,0.0,0.0,0.0,2.9663867735507665e-06,0.03947901725769043,0.10376787185668945,0.035801954567432404,0.0,0.0,0.0,0.0,0.0,0.0906597375869751,0.0,0.0,0.4366149306297302
6,26,0.154613196849823,5.903149940422736e-06,0.06455874443054199,0.23385629057884216,0.05750925838947296,0.0,0.0,0.0,0.0,0.0,0.17040061950683594,0.0,0.0,0.0,2.951574970211368e-06,0.032279372215270996,0.11692814528942108,0.02875462919473648,0.0,0.0,0.0,0.0,0.0,0.03408012539148331,0.0,0.0,0.36665838956832886
6,27,0.16778261959552765,6.632358235947322e-06,0.07802349328994751,0.22672218084335327,0.06779961287975311,0.0,0.0,0.0,0.0,0.0,0.2890516519546509,0.0,0.0,0.0,3.316179117973661e-06,0.039011746644973755,0.11336109042167664,0.033899806439876556,0.0,0.0,0.0,0.0,0.0,0.057810332626104355,0.0,0.0,0.4118689298629761
6,28,0.16365285217761993,2.8119145554228453e-06,0.09567713737487793,0.1499379277229309,0.04508092999458313,0.0,0.0,0.0,0.0,0.0,0.2740267515182495,0.0,0.0,0.0,1.4059572777114226e-06,0.047838568687438965,0.07496896386146545,0.022540464997291565,0.0,0.0,0.0,0.0,0.0,0.05480534955859184,0.0,0.0,0.3638075590133667
6,29,0.15436989068984985,3.7628435620717937e-06,0.04691970348358154,0.1558782458305359,0.07287774980068207,0.0,0.0,0.0,0.0,0.0,0.2638787627220154,0.0,0.0,0.0,1.8814217810358969e-06,0.02345985174179077,0.07793912291526794,0.036438874900341034,0.0,0.0,0.0,0.0,0.0,0.052775751799345016,0.0,0.0,0.34498536586761475
6,30,0.16567425429821014,4.3385666685935576e-06,0.04593050479888916,0.14447590708732605,0.10348960757255554,0.0,0.0,0.0,0.0,0.0,0.2689245939254761,0.0,0.0,0.0,2.1692833342967788e-06,0.02296525239944458,0.07223795354366302,0.05174480378627777,0.0,0.0,0.0,0.0,0.0,0.053784918040037155,0.0,0.0,0.3664093613624573
6,31,0.15672267973423004,8.686059118190315e-06,0.04358470439910889,0.17996984720230103,0.03137127682566643,0.0,0.0,0.0,0.0,0.0,0.20200586318969727,0.0,0.0,0.0,4.343029559095157e-06,0.021792352199554443,0.08998492360115051,0.015685638412833214,0.0,0.0,0.0,0.0,0.0,0.04040117189288139,0.0,0.0,0.32459110021591187
6,32,0.16195566952228546,5.766886715719011e-06,0.06392800807952881,0.14103791117668152,0.051712580025196075,0.0,0.0,0.0,0.0,0.0,0.21234118938446045,0.0,0.0,0.0,2.8834433578595053e-06,0.031964004039764404,0.07051895558834076,0.025856290012598038,0.0,0.0,0.0,0.0,0.0,0.04246823862195015,0.0,0.0,0.332766056060791
6,33,0.1680467277765274,2.913450998676126e-06,0.047760069370269775,0.15348708629608154,0.07070739567279816,0.0,0.0,0.0,0.0,0.0,0.16461730003356934,0.0,0.0,0.0,1.456725499338063e-06,0.023880034685134888,0.07674354314804077,0.03535369783639908,0.0,0.0,0.0,0.0,0.0,0.03292346000671387,0.0,0.0,0.3369489014148712
6,34,0.15926644206047058,6.698316610709298e-06,0.08569365739822388,0.21233174204826355,0.12801283597946167,0.0,0.0,0.0,0.0,0.0,0.3348275423049927,0.0,0.0,0.0,3.349158305354649e-06,0.04284682869911194,0.10616587102413177,0.06400641798973083,0.0,0.0,0.0,0.0,0.0,0.0669655129313469,0.0,0.0,0.43925443291664124
6,35,0.15089164674282074,7.662992175028194e-06,0.03247195482254028,0.18066847324371338,0.0786290094256401,0.0,0.0,0.0,0.0,0.0,0.4087824821472168,0.0,0.0,0.0,3.831496087514097e-06,0.01623597741127014,0.09033423662185669,0.03931450471282005,0.0,0.0,0.0,0.0,0.0,0.08175649493932724,0.0,0.0,0.3785367012023926
6,36,0.15404587984085083,4.70444774691714e-06,0.03828585147857666,0.15573707222938538,0.08278319239616394,0.0,0.0,0.0,0.0,0.0,0.12718534469604492,0.0,0.0,0.0,2.35222387345857e-06,0.01914292573928833,0.07786853611469269,0.04139159619808197,0.0,0.0,0.0,0.0,0.0,0.025437070056796074,0.0,0.0,0.31788837909698486
6,37,0.16002477705478668,2.640920456542517e-06,0.03828150033950806,0.13315337896347046,0.098378986120224,0.0,0.0,0.0,0.0,0.0,0.2502530813217163,0.0,0.0,0.0,1.3204602282712585e-06,0.01914075016975403,0.06657668948173523,0.049189493060112,0.0,0.0,0.0,0.0,0.0,0.05005061626434326,0.0,0.0,0.34498363733291626
6,38,0.15555858612060547,5.176051217858912e-06,0.0803912878036499,0.15299752354621887,0.100155308842659,0.0,0.0,0.0,0.0,0.0,0.2502853274345398,0.0,0.0,0.0,2.588025608929456e-06,0.04019564390182495,0.07649876177310944,0.0500776544213295,0.0,0.0,0.0,0.0,0.0,0.0500570647418499,0.0,0.0,0.3723903000354767
6,39,0.15131452679634094,3.4241227240272565e-06,0.022960126399993896,0.11714750528335571,0.09254030883312225,0.0,0.0,0.0,0.0,0.0,0.16130602359771729,0.0,0.0,0.0,1.7120613620136282e-06,0.011480063199996948,0.058573752641677856,0.04627015441656113,0.0,0.0,0.0,0.0,0.0,0.0322612039744854,0.0,0.0,0.29990139603614807
6,40,0.17233940958976746,5.485094789037248e-06,0.02873384952545166,0.10216721892356873,0.08766736090183258,0.0,0.0,0.0,0.0,0.0,0.3091254234313965,0.0,0.0,0.0,2.742547394518624e-06,0.01436692476272583,0.05108360946178436,0.04383368045091629,0.0,0.0,0.0,0.0,0.0,0.06182508543133736,0.0,0.0,0.34345147013664246
6,41,0.164835125207901,3.479516635707114e-06,0.037405192852020264,0.12557122111320496,0.11190911382436752,0.0,0.0,0.0,0.0,0.0,0.19321131706237793,0.0,0.0,0.0,1.739758317853557e-06,0.018702596426010132,0.06278561055660248,0.05595455691218376,0.0,0.0,0.0,0.0,0.0,0.038642264902591705,0.0,0.0,0.34092187881469727
6,42,0.14843182265758514,6.3300353758677375e-06,0.03439962863922119,0.1119917631149292,0.07250525057315826,0.0,0.0,0.0,0.0,0.0,0.17388993501663208,0.0,0.0,0.0,3.1650176879338687e-06,0.017199814319610596,0.0559958815574646,0.03625262528657913,0.0,0.0,0.0,0.0,0.0,0.034777987748384476,0.0,0.0,0.29266130924224854
6,43,0.16530971229076385,1.1006753993569873e-05,0.0612339973449707,0.1494910717010498,0.04342244192957878,0.0,0.0,0.0,0.0,0.0,0.15879039466381073,0.0,0.0,0.0,5.503376996784937e-06,0.03061699867248535,0.0747455358505249,0.02171122096478939,0.0,0.0,0.0,0.0,0.0,0.031758081167936325,0.0,0.0,0.3241470456123352
6,44,0.15339604020118713,7.703722985752393e-06,0.04818999767303467,0.1580023467540741,0.09225309640169144,0.0,0.0,0.0,0.0,0.0,0.2251434326171875,0.0,0.0,0.0,3.851861492876196e-06,0.024094998836517334,0.07900117337703705,0.04612654820084572,0.0,0.0,0.0,0.0,0.0,0.0450286865234375,0.0,0.0,0.34765130281448364
6,45,0.15868325531482697,2.3380450784316054e-06,0.02415180206298828,0.1139129102230072,0.09755386412143707,0.0,0.0,0.0,0.0,0.0,0.2692597806453705,0.0,0.0,0.0,1.1690225392158027e-06,0.01207590103149414,0.0569564551115036,0.048776932060718536,0.0,0.0,0.0,0.0,0.0,0.053851958364248276,0.0,0.0,0.33034566044807434
6,46,0.14687103033065796,5.658564077748451e-06,0.024525880813598633,0.12116816639900208,0.04878167808055878,0.0,0.0,0.0,0.0,0.0,0.3800382614135742,0.0,0.0,0.0,2.8292820388742257e-06,0.012262940406799316,0.06058408319950104,0.02439083904027939,0.0,0.0,0.0,0.0,0.0,0.0760076567530632,0.0,0.0,0.32011938095092773
6,47,0.1712588518857956,6.907467650307808e-06,0.04358166456222534,0.09662657976150513,0.0610581710934639,0.0,0.0,0.0,0.0,0.0,0.11393988132476807,0.0,0.0,0.0,3.453733825153904e-06,0.02179083228111267,0.048313289880752563,0.03052908554673195,0.0,0.0,0.0,0.0,0.0,0.022787977010011673,0.0,0.0,0.2946835160255432
6,48,0.14758804440498352,6.462601959356107e-06,0.04712700843811035,0.14002755284309387,0.07602497935295105,0.0,0.0,0.0,0.0,0.0,0.2962998151779175,0.0,0.0,0.0,3.2313009796780534e-06,0.023563504219055176,0.07001377642154694,0.038012489676475525,0.0,0.0,0.0,0.0,0.0,0.059259962290525436,0.0,0.0,0.33844101428985596
6,49,0.15022142231464386,5.694986157323001e-06,0.04699808359146118,0.1217004656791687,0.11414176225662231,0.0,0.0,0.0,0.0,0.0,0.14915770292282104,0.0,0.0,0.0,2.8474930786615005e-06,0.02349904179573059,0.06085023283958435,0.05707088112831116,0.0,0.0,0.0,0.0,0.0,0.0298315417021513,0.0,0.0,0.32147595286369324
6,50,0.1656409502029419,1.2967361726623494e-06,0.053793907165527344,0.13664743304252625,0.07052779197692871,0.0,0.0,0.0,0.0,0.0,0.4802204370498657,0.0,0.0,0.0,6.483680863311747e-07,0.026896953582763672,0.06832371652126312,0.035263895988464355,0.0,0.0,0.0,0.0,0.0,0.09604408591985703,0.0,0.0,0.3921702802181244
6,51,0.1515686810016632,2.390339204794145e-06,0.050665855407714844,0.12498012185096741,0.003566932864487171,0.0,0.0,0.0,0.0,0.0,0.14777569472789764,0.0,0.0,0.0,1.1951696023970726e-06,0.025332927703857422,0.062490060925483704,0.0017834664322435856,0.0,0.0,0.0,0.0,0.0,0.02955514006316662,0.0,0.0,0.27073144912719727
6,52,0.16075357794761658,5.727838470193092e-06,0.03166323900222778,0.11688175797462463,0.08663264662027359,0.0,0.0,0.0,0.0,0.0,0.16953042149543762,0.0,0.0,0.0,2.863919235096546e-06,0.01583161950111389,0.05844087898731232,0.043316323310136795,0.0,0.0,0.0,0.0,0.0,0.033906083554029465,0.0,0.0,0.31225132942199707
6,53,0.14487913250923157,2.0966233478247887e-06,0.04224437475204468,0.08685290813446045,0.061551958322525024,0.0,0.0,0.0,0.0,0.0,0.2066560983657837,0.0,0.0,0.0,1.0483116739123943e-06,0.02112218737602234,0.043426454067230225,0.030775979161262512,0.0,0.0,0.0,0.0,0.0,0.0413312204182148,0.0,0.0,0.2815360128879547
6,54,0.15577806532382965,1.122209505410865e-05,0.07966583967208862,0.23443052172660828,0.13943345844745636,0.0,0.0,0.0,0.0,0.0,0.335747092962265,0.0,0.0,0.0,5.611047527054325e-06,0.03983291983604431,0.11721526086330414,0.06971672922372818,0.0,0.0,0.0,0.0,0.0,0.06714942306280136,0.0,0.0,0.4496980309486389
6,55,0.15458741784095764,5.867031632078579e-06,0.0455855131149292,0.11549460887908936,0.05737552046775818,0.0,0.0,0.0,0.0,0.0,0.058646202087402344,0.0,0.0,0.0,2.9335158160392893e-06,0.0227927565574646,0.05774730443954468,0.02868776023387909,0.0,0.0,0.0,0.0,0.0,0.011729240417480469,0.0,0.0,0.27554741501808167
6,56,0.15671244263648987,3.7316203815862536e-06,0.04398852586746216,0.12512356042861938,0.03194693475961685,0.0,0.0,0.0,0.0,0.0,0.10899972915649414,0.0,0.0,0.0,1.8658101907931268e-06,0.02199426293373108,0.06256178021430969,0.015973467379808426,0.0,0.0,0.0,0.0,0.0,0.021799946203827858,0.0,0.0,0.2790437638759613
6,57,0.15490993857383728,3.6146204820397543e-06,0.02937859296798706,0.08660811185836792,0.0034464308992028236,0.0,0.0,0.0,0.0,0.0,0.1322258710861206,0.0,0.0,0.0,1.8073102410198771e-06,0.01468929648399353,0.04330405592918396,0.0017232154496014118,0.0,0.0,0.0,0.0,0.0,0.02644517458975315,0.0,0.0,0.24107348918914795
6,58,0.14677542448043823,4.263688424543943e-06,0.02909761667251587,0.0986228883266449,0.009521469473838806,0.0,0.0,0.0,0.0,0.0,0.2629619836807251,0.0,0.0,0.0,2.1318442122719716e-06,0.014548808336257935,0.04931144416332245,0.004760734736919403,0.0,0.0,0.0,0.0,0.0,0.05259239673614502,0.0,0.0,0.26799094676971436
6,59,0.16515545547008514,6.582175501534948e-06,0.029835820198059082,0.14244163036346436,0.07222069054841995,0.0,0.0,0.0,0.0,0.0,0.20731770992279053,0.0,0.0,0.0,3.291087750767474e-06,0.014917910099029541,0.07122081518173218,0.036110345274209976,0.0,0.0,0.0,0.0,0.0,0.041463542729616165,0.0,0.0,0.32887136936187744
6,60,0.15020659565925598,3.5769435271504335e-06,0.022709965705871582,0.09329617023468018,0.051855966448783875,0.0,0.0,0.0,0.0,0.0,0.14781302213668823,0.0,0.0,0.0,1.7884717635752168e-06,0.011354982852935791,0.04664808511734009,0.025927983224391937,0.0,0.0,0.0,0.0,0.0,0.029562605544924736,0.0,0.0,0.26370203495025635
6,61,0.14855985343456268,5.704704108211445e-06,0.04481613636016846,0.11678355932235718,0.0551479309797287,0.0,0.0,0.0,0.0,0.0,0.1497642993927002,0.0,0.0,0.0,2.8523520541057223e-06,0.02240806818008423,0.05839177966117859,0.02757396548986435,0.0,0.0,0.0,0.0,0.0,0.02995285950601101,0.0,0.0,0.28688937425613403
6,62,0.14864471554756165,3.983451733802212e-06,0.03247445821762085,0.1002037525177002,0.013353743590414524,0.0,0.0,0.0,0.0,0.0,0.13853806257247925,0.0,0.0,0.0,1.991725866901106e-06,0.016237229108810425,0.0501018762588501,0.006676871795207262,0.0,0.0,0.0,0.0,0.0,0.02770761214196682,0.0,0.0,0.2493702918291092
6,63,0.15761598944664001,6.745384780515451e-06,0.02294212579727173,0.11336231231689453,0.0097381342202425,0.0,0.0,0.0,0.0,0.0,0.1414036750793457,0.0,0.0,0.0,3.3726923902577255e-06,0.011471062898635864,0.056681156158447266,0.00486906711012125,0.0,0.0,0.0,0.0,0.0,0.02828073501586914,0.0,0.0,0.25892138481140137
6,64,0.13564962148666382,9.730770216265228e-06,0.062427639961242676,0.14321208000183105,0.05810429900884628,0.0,0.0,0.0,0.0,0.0,0.21063029766082764,0.0,0.0,0.0,4.865385108132614e-06,0.031213819980621338,0.07160604000091553,0.02905214950442314,0.0,0.0,0.0,0.0,0.0,0.04212605953216553,0.0,0.0,0.30965256690979004
6,65,0.15390345454216003,2.2526892280438915e-06,0.035903751850128174,0.10429838299751282,0.03575843572616577,0.0,0.0,0.0,0.0,0.0,0.13171011209487915,0.0,0.0,0.0,1.1263446140219457e-06,0.017951875925064087,0.05214919149875641,0.017879217863082886,0.0,0.0,0.0,0.0,0.0,0.02634202316403389,0.0,0.0,0.26822689175605774
6,66,0.14158742129802704,4.607410119206179e-06,0.02267557382583618,0.13188862800598145,-0.018439918756484985,0.0,0.0,0.0,0.0,0.0,0.453014999628067,0.0,0.0,0.0,2.3037050596030895e-06,0.01133778691291809,0.06594431400299072,-0.009219959378242493,0.0,0.0,0.0,0.0,0.0,0.09060300141572952,0.0,0.0,0.3002548813819885
6,67,0.13699296116828918,3.528157321852632e-06,0.03145253658294678,0.08546096086502075,0.06860512495040894,0.0,0.0,0.0,0.0,0.0,0.15596048533916473,0.0,0.0,0.0,1.764078660926316e-06,0.01572626829147339,0.042730480432510376,0.03430256247520447,0.0,0.0,0.0,0.0,0.0,0.031192097812891006,0.0,0.0,0.260946124792099
6,68,0.14423717558383942,5.854314508724201e-07,0.029185235500335693,0.07927539944648743,-0.022768162190914154,0.0,0.0,0.0,0.0,0.0,0.2462400645017624,0.0,0.0,0.0,2.9271572543621005e-07,0.014592617750167847,0.03963769972324371,-0.011384081095457077,0.0,0.0,0.0,0.0,0.0,0.04924801364541054,0.0,0.0,0.23633171617984772
6,69,0.13494592905044556,5.8124837778450456e-06,0.025551557540893555,0.09654355049133301,0.06889576464891434,0.0,0.0,0.0,0.0,0.0,0.0,0.0,0.0,0.0,2.9062418889225228e-06,0.012775778770446777,0.048271775245666504,0.03444788232445717,0.0,0.0,0.0,0.0,0.0,0.0,0.0,0.0,0.2304442673921585
6,70,0.1422882378101349,1.8837235984392464e-06,0.0313529372215271,0.08799263834953308,0.030137429013848305,0.0,0.0,0.0,0.0,0.0,0.1333267092704773,0.0,0.0,0.0,9.418617992196232e-07,0.01567646861076355,0.04399631917476654,0.015068714506924152,0.0,0.0,0.0,0.0,0.0,0.02666534297168255,0.0,0.0,0.24369601905345917
6,71,0.13187618553638458,1.039306994243816e-06,0.03334689140319824,0.07570576667785645,-0.0066446829587221146,0.0,0.0,0.0,0.0,0.0,0.15531590580940247,0.0,0.0,0.0,5.19653497121908e-07,0.01667344570159912,0.03785288333892822,-0.0033223414793610573,0.0,0.0,0.0,0.0,0.0,0.031063182279467583,0.0,0.0,0.21414387226104736
6,72,0.13946016132831573,4.163471658102935e-06,0.07983624935150146,0.1221088171005249,0.08667400479316711,0.0,0.0,0.0,0.0,0.0,0.29668620228767395,0.0,0.0,0.0,2.0817358290514676e-06,0.03991812467575073,0.06105440855026245,0.04333700239658356,0.0,0.0,0.0,0.0,0.0,0.05933723971247673,0.0,0.0,0.34310901165008545
6,73,0.1404488980770111,3.900949195667636e-06,0.051533281803131104,0.09264197945594788,0.05137123167514801,0.0,0.0,0.0,0.0,0.0,0.212625190615654,0.0,0.0,0.0,1.950474597833818e-06,0.025766640901565552,0.04632098972797394,0.025685615837574005,0.0,0.0,0.0,0.0,0.0,0.0425250381231308,0.0,0.0,0.2807491421699524
6,74,0.12930987775325775,3.433151050558081e-06,0.058824241161346436,0.1012270450592041,0.051860883831977844,0.0,0.0,0.0,0.0,0.0,0.11879676580429077,0.0,0.0,0.0,1.7165755252790404e-06,0.029412120580673218,0.05061352252960205,0.025930441915988922,0.0,0.0,0.0,0.0,0.0,0.023759353905916214,0.0,0.0,0.25902703404426575
6,75,0.13849885761737823,7.388951871689642e-06,0.02000957727432251,0.10728096961975098,0.06474769860506058,0.0,0.0,0.0,0.0,0.0,0.10627806186676025,0.0,0.0,0.0,3.694475935844821e-06,0.010004788637161255,0.05364048480987549,0.03237384930253029,0.0,0.0,0.0,0.0,0.0,0.02125561237335205,0.0,0.0,0.2557772994041443
6,76,0.12935279309749603,9.84126131697849e-07,0.022960782051086426,0.06628376245498657,0.004016239196062088,0.0,0.0,0.0,0.0,0.0,0.11166727542877197,0.0,0.0,0.0,4.920630658489245e-07,0.011480391025543213,0.033141881227493286,0.002008119598031044,0.0,0.0,0.0,0.0,0.0,0.022333456203341484,0.0,0.0,0.19831714034080505
6,77,0.13338777422904968,2.8388672035362106e-06,0.0134848952293396,0.08139872550964355,0.011968042701482773,0.0,0.0,0.0,0.0,0.0,0.12083464860916138,0.0,0.0,0.0,1.4194336017681053e-06,0.0067424476146698,0.04069936275482178,0.005984021350741386,0.0,0.0,0.0,0.0,0.0,0.024166930466890335,0.0,0.0,0.21098195016384125
6,78,0.1384851038455963,9.527138900011778e-06,0.03854769468307495,0.153161883354187,0.03986167907714844,0.0,0.0,0.0,0.0,0.0,0.11195138841867447,0.0,0.0,0.0,4.763569450005889e-06,0.019273847341537476,0.0765809416770935,0.01993083953857422,0.0,0.0,0.0,0.0,0.0,0.022390278056263924,0.0,0.0,0.2766657769680023
6,79,0.13927678763866425,6.819337613706011e-06,0.019123554229736328,0.14129266142845154,0.03551158308982849,0.0,0.0,0.0,0.0,0.0,0.5551067590713501,0.0,0.0,0.0,3.4096688068530057e-06,0.009561777114868164,0.07064633071422577,0.017755791544914246,0.0,0.0,0.0,0.0,0.0,0.11102135479450226,0.0,0.0,0.34826546907424927
6,80,0.12764336168766022,4.401208570925519e-06,0.08912873268127441,0.15158984065055847,-0.030981212854385376,0.0,0.0,0.0,0.0,0.0,0.13095968961715698,0.0,0.0,0.0,2.2006042854627594e-06,0.04456436634063721,0.07579492032527924,-0.015490606427192688,0.0,0.0,0.0,0.0,0.0,0.026191938668489456,0.0,0.0,0.2587061822414398
6,81,0.1304197907447815,1.1015309837603127e-06,0.015898704528808594,0.07622826099395752,-0.005935036577284336,0.0,0.0,0.0,0.0,0.0,0.09131431579589844,0.0,0.0,0.0,5.507654918801563e-07,0.007949352264404297,0.03811413049697876,-0.002967518288642168,0.0,0.0,0.0,0.0,0.0,0.018262863159179688,0.0,0.0,0.19177916646003723
6,82,0.15070748329162598,2.2381850612873677e-06,0.050464093685150146,0.08494934439659119,0.022500718012452126,0.0,0.0,0.0,0.0,0.0,0.1667063683271408,0.0,0.0,0.0,1.1190925306436839e-06,0.025232046842575073,0.04247467219829559,0.011250359006226063,0.0,0.0,0.0,0.0,0.0,0.03334127366542816,0.0,0.0,0.26300695538520813
6,83,0.131024569272995,6.0951633713557385e-06,0.07167762517929077,0.11372590065002441,0.06738516688346863,0.0,0.0,0.0,0.0,0.0,0.3363356590270996,0.0,0.0,0.0,3.0475816856778692e-06,0.035838812589645386,0.05686295032501221,0.033692583441734314,0.0,0.0,0.0,0.0,0.0,0.06726713478565216,0.0,0.0,0.3246890902519226
6,84,0.14124734699726105,5.355788744054735e-06,0.015624046325683594,0.09647801518440247,0.02087705209851265,0.0,0.0,0.0,0.0,0.0,0.16602736711502075,0.0,0.0,0.0,2.6778943720273674e-06,0.007812023162841797,0.04823900759220123,0.010438526049256325,0.0,0.0,0.0,0.0,0.0,0.03320547565817833,0.0,0.0,0.24094507098197937
6,85,0.12421572208404541,1.795044568098092e-06,0.022233963012695312,0.07672727108001709,-0.005023699253797531,0.0,0.0,0.0,0.0,0.0,0.26326289772987366,0.0,0.0,0.0,8.97522284049046e-07,0.011116981506347656,0.038363635540008545,-0.0025118496268987656,0.0,0.0,0.0,0.0,0.0,0.05265257880091667,0.0,0.0,0.2238379716873169
6,86,0.1243782639503479,2.8672782264038688e-06,0.034985482692718506,0.0836193859577179,0.036914799362421036,0.0,0.0,0.0,0.0,0.0,0.18366582691669464,0.0,0.0,0.0,1.4336391132019344e-06,0.017492741346359253,0.04180969297885895,0.018457399681210518,0.0,0.0,0.0,0.0,0.0,0.03673316538333893,0.0,0.0,0.238872691988945
6,87,0.13865779340267181,1.0430947440909222e-05,0.02292478084564209,0.15541118383407593,-0.03248066455125809,0.0,0.0,0.0,0.0,0.0,0.44076764583587646,0.0,0.0,0.0,5.215473720454611e-06,0.011462390422821045,0.07770559191703796,-0.016240332275629044,0.0,0.0,0.0,0.0,0.0,0.08815353363752365,0.0,0.0,0.299744188785553
6,88,0.1347423493862152,2.31715603149496e-06,0.03122800588607788,0.06780806183815002,0.008652755990624428,0.0,0.0,0.0,0.0,0.0,0.11742573976516724,0.0,0.0,0.0,1.15857801574748e-06,0.01561400294303894,0.03390403091907501,0.004326377995312214,0.0,0.0,0.0,0.0,0.0,0.023485148325562477,0.0,0.0,0.21207307279109955
6,89,0.13364288210868835,4.807754976354772e-06,0.05702918767929077,0.08858472108840942,0.0308257844299078,0.0,0.0,0.0,0.0,0.0,0.1494450569152832,0.0,0.0,0.0,2.403877488177386e-06,0.028514593839645386,0.04429236054420471,0.0154128922149539,0.0,0.0,0.0,0.0,0.0,0.02988901175558567,0.0,0.0,0.25175413489341736
6,90,0.13101032376289368,2.0302588836784707e-06,0.02526479959487915,0.07669353485107422,0.014406401664018631,0.0,0.0,0.0,0.0,0.0,0.09399887174367905,0.0,0.0,0.0,1.0151294418392354e-06,0.012632399797439575,0.03834676742553711,0.0072032008320093155,0.0,0.0,0.0,0.0,0.0,0.01879977434873581,0.0,0.0,0.20799347758293152
6,91,0.12587034702301025,1.3356149111132254e-06,0.021656692028045654,0.05915364623069763,0.013773294165730476,0.0,0.0,0.0,0.0,0.0,0.1508808732032776,0.0,0.0,0.0,6.678074555566127e-07,0.010828346014022827,0.029576823115348816,0.006886647082865238,0.0,0.0,0.0,0.0,0.0,0.030176175758242607,0.0,0.0,0.20333901047706604
6,92,0.13398155570030212,3.0229316507757176e-06,0.025644540786743164,0.08283969759941101,0.03165574371814728,0.0,0.0,0.0,0.0,0.0,0.1695839762687683,0.0,0.0,0.0,1.5114658253878588e-06,0.012822270393371582,0.041419848799705505,0.01582787185907364,0.0,0.0,0.0,0.0,0.0,0.03391679748892784,0.0,0.0,0.23796984553337097
6,93,0.11496944725513458,3.5453110740490956e-06,0.024177193641662598,0.10036149621009827,-0.012445918284356594,0.0,0.0,0.0,0.0,0.0,0.1545795202255249,0.0,0.0,0.0,1.7726555370245478e-06,0.012088596820831299,0.05018074810504913,-0.006222959142178297,0.0,0.0,0.0,0.0,0.0,0.03091590479016304,0.0,0.0,0.20193350315093994
6,94,0.12721726298332214,4.142256329942029e-06,0.058790504932403564,0.06849515438079834,0.01457382645457983,0.0,0.0,0.0,0.0,0.0,0.16510915756225586,0.0,0.0,0.0,2.0711281649710145e-06,0.029395252466201782,0.03424757719039917,0.007286913227289915,0.0,0.0,0.0,0.0,0.0,0.03302183374762535,0.0,0.0,0.2311709076166153
6,95,0.12082693725824356,3.2502109661436407e-06,0.021456122398376465,0.08094936609268188,0.035962238907814026,0.0,0.0,0.0,0.0,0.0,0.24894607067108154,0.0,0.0,0.0,1.6251054830718203e-06,0.010728061199188232,0.04047468304634094,0.017981119453907013,0.0,0.0,0.0,0.0,0.0,0.04978921636939049,0.0,0.0,0.23980164527893066
6,96,0.12473322451114655,3.913517502951436e-06,0.07998782396316528,0.10881021618843079,0.04929712414741516,0.0,0.0,0.0,0.0,0.0,0.0,0.0,0.0,0.0,1.956758751475718e-06,0.03999391198158264,0.05440510809421539,0.02464856207370758,0.0,0.0,0.0,0.0,0.0,0.0,0.0,0.0,0.24378275871276855
6,97,0.12358522415161133,5.40345854460611e-06,0.020232200622558594,0.06737586855888367,-0.01556319184601307,0.0,0.0,0.0,0.0,0.0,0.23015868663787842,0.0,0.0,0.0,2.701729272303055e-06,0.010116100311279297,0.033687934279441833,-0.007781595923006535,0.0,0.0,0.0,0.0,0.0,0.04603173956274986,0.0,0.0,0.20564211905002594
6,98,0.11754240095615387,3.182856971761794e-06,0.03723663091659546,0.10937154293060303,-0.015969708561897278,0.0,0.0,0.0,0.0,0.0,0.11060476303100586,0.0,0.0,0.0,1.591428485880897e-06,0.01861831545829773,0.054685771465301514,-0.007984854280948639,0.0,0.0,0.0,0.0,0.0,0.022120952606201172,0.0,0.0,0.20498418807983398
6,99,0.12229492515325546,2.607973101476091e-06,0.030746102333068848,0.08733212947845459,0.0018835961818695068,0.0,0.0,0.0,0.0,0.0,0.1223263368010521,0.0,0.0,0.0,1.3039865507380455e-06,0.015373051166534424,0.043666064739227295,0.0009417980909347534,0.0,0.0,0.0,0.0,0.0,0.024465268477797508,0.0,0.0,0.20674240589141846
6,100,0.1144966334104538,1.759512088028714e-06,0.03282749652862549,0.08202791213989258,-0.009737316519021988,0.0,0.0,0.0,0.0,0.0,0.17188912630081177,0.0,0.0,0.0,8.79756044014357e-07,0.016413748264312744,0.04101395606994629,-0.004868658259510994,0.0,0.0,0.0,0.0,0.0,0.034377824515104294,0.0,0.0,0.20143438875675201
7,1,0.1382264494895935,1.3340218174562324e-05,0.17427974939346313,0.6894725561141968,0.0023690182715654373,0.0,0.0,0.0,0.0,0.0,0.693304181098938,0.0,0.0,0.0,6.670109087281162e-06,0.08713987469673157,0.3447362780570984,0.0011845091357827187,0.0,0.0,0.0,0.0,0.0,0.13866083323955536,0.0,0.0,0.7099546194076538
7,2,0.1485612988471985,9.242895430361386e-06,0.18299347162246704,0.6458032131195068,0.009089283645153046,0.0,0.0,0.0,0.0,0.0,0.36250364780426025,0.0,0.0,0.0,4.621447715180693e-06,0.09149673581123352,0.3229016065597534,0.004544641822576523,0.0,0.0,0.0,0.0,0.0,0.07250072807073593,0.0,0.0,0.6400095820426941
7,3,0.12416064739227295,1.610449908184819e-05,0.10734790563583374,0.37779709696769714,5.057733505964279e-05,0.0,0.0,0.0,0.0,0.0,0.4012693166732788,0.0,0.0,0.0,8.052249540924095e-06,0.05367395281791687,0.18889854848384857,2.5288667529821396e-05,0.0,0.0,0.0,0.0,0.0,0.08025386184453964,0.0,0.0,0.44702035188674927
7,4,0.1247549057006836,1.217833960254211e-05,0.10265028476715088,0.4789295494556427,0.005296005867421627,0.0,0.0,0.0,0.0,0.0,0.5452290773391724,0.0,0.0,0.0,6.089169801271055e-06,0.05132514238357544,0.23946477472782135,0.0026480029337108135,0.0,0.0,0.0,0.0,0.0,0.10904581844806671,0.0,0.0,0.5272446870803833
7,5,0.14479301869869232,9.307748769060709e-06,0.10805898904800415,0.34675467014312744,-0.002965492196381092,0.0,0.0,0.0,0.0,0.0,0.2526888847351074,0.0,0.0,0.0,4.653874384530354e-06,0.054029494524002075,0.17337733507156372,-0.001482746098190546,0.0,0.0,0.0,0.0,0.0,0.050537776201963425,0.0,0.0,0.42125949263572693
7,6,0.1474950611591339,9.001408216136042e-06,0.06610977649688721,0.3577266335487366,0.003986777737736702,0.0,0.0,0.0,0.0,0.0,0.6801813244819641,0.0,0.0,0.0,4.500704108068021e-06,0.033054888248443604,0.1788633167743683,0.001993388868868351,0.0,0.0,0.0,0.0,0.0,0.13603626191616058,0.0,0.0,0.4974474310874939
7,7,0.11570946127176285,4.740201347885886e-06,0.14791333675384521,0.42028099298477173,0.016320422291755676,0.0,0.0,0.0,0.0,0.0,0.5425094962120056,0.0,0.0,0.0,2.370100673942943e-06,0.07395666837692261,0.21014049649238586,0.008160211145877838,0.0,0.0,0.0,0.0,0.0,0.10850190371274948,0.0,0.0,0.5164710879325867
7,8,0.13670684397220612,7.1890599429025315e-06,0.17444771528244019,0.6278185248374939,0.004356730729341507,0.0,0.0,0.0,0.0,0.0,0.0,0.0,0.0,0.0,3.5945299714512657e-06,0.08722385764122009,0.31390926241874695,0.0021783653646707535,0.0,0.0,0.0,0.0,0.0,0.0,0.0,0.0,0.5400219559669495
7,9,0.13441206514835358,8.370701834792271e-06,0.07485675811767578,0.30283650755882263,0.0145941860973835,0.0,0.0,0.0,0.0,0.0,0.3791830539703369,0.0,0.0,0.0,4.185350917396136e-06,0.03742837905883789,0.15141825377941132,0.00729709304869175,0.0,0.0,0.0,0.0,0.0,0.07583661377429962,0.0,0.0,0.4063965678215027
7,10,0.12882813811302185,9.602171303413343e-06,0.1647220253944397,0.3349938988685608,0.014771604910492897,0.0,0.0,0.0,0.0,0.0,0.5183923244476318,0.0,0.0,0.0,4.801085651706671e-06,0.08236101269721985,0.1674969494342804,0.0073858024552464485,0.0,0.0,0.0,0.0,0.0,0.10367846488952637,0.0,0.0,0.48975515365600586
7,11,0.13333508372306824,6.417069471353898e-06,0.07156425714492798,0.29513105750083923,0.021188698709011078,0.0,0.0,0.0,0.0,0.0,0.33713749051094055,0.0,0.0,0.0,3.208534735676949e-06,0.03578212857246399,0.14756552875041962,0.010594349354505539,0.0,0.0,0.0,0.0,0.0,0.06742750108242035,0.0,0.0,0.3947077989578247
7,12,0.13360536098480225,8.694279131304938e-06,0.10179322957992554,0.26501893997192383,0.0242379829287529,0.0,0.0,0.0,0.0,0.0,0.5995339155197144,0.0,0.0,0.0,4.347139565652469e-06,0.05089661478996277,0.13250946998596191,0.01211899146437645,0.0,0.0,0.0,0.0,0.0,0.11990678310394287,0.0,0.0,0.44904157519340515
7,13,0.13839147984981537,1.0175664101552684e-05,0.1264336109161377,0.21318259835243225,0.03739312291145325,0.0,0.0,0.0,0.0,0.0,0.3943437933921814,0.0,0.0,0.0,5.087832050776342e-06,0.06321680545806885,0.10659129917621613,0.018696561455726624,0.0,0.0,0.0,0.0,0.0,0.07886876165866852,0.0,0.0,0.405769944190979
7,14,0.16931407153606415,4.441995315573877e-06,0.05198103189468384,0.19051769375801086,0.019691675901412964,0.0,0.0,0.0,0.0,0.0,0.26406407356262207,0.0,0.0,0.0,2.2209976577869384e-06,0.02599051594734192,0.09525884687900543,0.009845837950706482,0.0,0.0,0.0,0.0,0.0,0.052812814712524414,0.0,0.0,0.35322433710098267
7,15,0.1458129733800888,8.291934136650525e-06,0.052595674991607666,0.31183046102523804,0.05751369893550873,0.0,0.0,0.0,0.0,0.0,0.40663719177246094,0.0,0.0,0.0,4.1459670683252625e-06,0.026297837495803833,0.15591523051261902,0.028756849467754364,0.0,0.0,0.0,0.0,0.0,0.08132743835449219,0.0,0.0,0.4381144642829895
7,16,0.1697605401277542,1.545316627016291e-05,0.08535349369049072,0.33431342244148254,0.03481452912092209,0.0,0.0,0.0,0.0,0.0,0.3127586245536804,0.0,0.0,0.0,7.726583135081455e-06,0.04267674684524536,0.16715671122074127,0.017407264560461044,0.0,0.0,0.0,0.0,0.0,0.06255172938108444,0.0,0.0,0.45956072211265564
7,17,0.14808884263038635,1.20896902444656e-05,0.09244763851165771,0.21174535155296326,0.047348491847515106,0.0,0.0,0.0,0.0,0.0,0.21290123462677002,0.0,0.0,0.0,6.0448451222328e-06,0.04622381925582886,0.10587267577648163,0.023674245923757553,0.0,0.0,0.0,0.0,0.0,0.042580246925354004,0.0,0.0,0.3664458990097046
7,18,0.12847158312797546,8.848668585414998e-06,0.045514464378356934,0.22024577856063843,0.03801015391945839,0.0,0.0,0.0,0.0,0.0,0.18218421936035156,0.0,0.0,0.0,4.424334292707499e-06,0.022757232189178467,0.11012288928031921,0.019005076959729195,0.0,0.0,0.0,0.0,0.0,0.03643684461712837,0.0,0.0,0.31679806113243103
7,19,0.1432141661643982,8.747129868424963e-06,0.07215726375579834,0.20706981420516968,0.04058907926082611,0.0,0.0,0.0,0.0,0.0,0.21068650484085083,0.0,0.0,0.0,4.373564934212482e-06,0.03607863187789917,0.10353490710258484,0.020294539630413055,0.0,0.0,0.0,0.0,0.0,0.042137302458286285,0.0,0.0,0.34526392817497253
7,20,0.13726194202899933,1.1366932085365988e-05,0.05332231521606445,0.25714099407196045,0.05213748663663864,0.0,0.0,0.0,0.0,0.0,0.29786133766174316,0.0,0.0,0.0,5.683466042682994e-06,0.026661157608032227,0.12857049703598022,0.02606874331831932,0.0,0.0,0.0,0.0,0.0,0.05957226827740669,0.0,0.0,0.37814030051231384
7,21,0.1299540102481842,9.155462066701148e-06,0.05059683322906494,0.18058696389198303,0.041585519909858704,0.0,0.0,0.0,0.0,0.0,0.6017573475837708,0.0,0.0,0.0,4.577731033350574e-06,0.02529841661453247,0.09029348194599152,0.020792759954929352,0.0,0.0,0.0,0.0,0.0,0.12035147100687027,0.0,0.0,0.38669469952583313
7,22,0.13068966567516327,1.087440068658907e-05,0.0741758942604065,0.1878890097141266,0.026837896555662155,0.0,0.0,0.0,0.0,0.0,0.33995866775512695,0.0,0.0,0.0,5.437200343294535e-06,0.03708794713020325,0.0939445048570633,0.013418948277831078,0.0,0.0,0.0,0.0,0.0,0.06799173355102539,0.0,0.0,0.3431382477283478
7,23,0.1366119086742401,3.5868063150701346e-06,0.10309922695159912,0.28564324975013733,0.10241398215293884,0.0,0.0,0.0,0.0,0.0,0.3191673755645752,0.0,0.0,0.0,1.7934031575350673e-06,0.05154961347579956,0.14282162487506866,0.05120699107646942,0.0,0.0,0.0,0.0,0.0,0.06383347511291504,0.0,0.0,0.44602543115615845
7,24,0.13813455402851105,7.203977929748362e-06,0.053969502449035645,0.22344529628753662,0.061838433146476746,0.0,0.0,0.0,0.0,0.0,0.22857993841171265,0.0,0.0,0.0,3.601988964874181e-06,0.026984751224517822,0.11172264814376831,0.030919216573238373,0.0,0.0,0.0,0.0,0.0,0.04571598768234253,0.0,0.0,0.3534807860851288
7,25,0.13808871805667877,8.995345524454024e-06,0.06817710399627686,0.2313624620437622,0.059632789343595505,0.0,0.0,0.0,0.0,0.0,0.4659786522388458,0.0,0.0,0.0,4.497672762227012e-06,0.03408855199813843,0.1156812310218811,0.029816394671797752,0.0,0.0,0.0,0.0,0.0,0.09319572895765305,0.0,0.0,0.410875141620636
7,26,0.12704677879810333,8.022790098038968e-06,0.0950269103050232,0.21691381931304932,0.07873062044382095,0.0,0.0,0.0,0.0,0.0,0.17816483974456787,0.0,0.0,0.0,4.011395049019484e-06,0.0475134551525116,0.10845690965652466,0.03936531022191048,0.0,0.0,0.0,0.0,0.0,0.035632967948913574,0.0,0.0,0.3580194413661957
7,27,0.13719691336154938,8.124564374156762e-06,0.07049864530563354,0.23426154255867004,0.0785248875617981,0.0,0.0,0.0,0.0,0.0,0.2720590829849243,0.0,0.0,0.0,4.062282187078381e-06,0.03524932265281677,0.11713077127933502,0.03926244378089905,0.0,0.0,0.0,0.0,0.0,0.05441181734204292,0.0,0.0,0.38325533270835876
7,28,0.13237348198890686,6.762713383068331e-06,0.10367745161056519,0.16689574718475342,0.047357961535453796,0.0,0.0,0.0,0.0,0.0,0.330586701631546,0.0,0.0,0.0,3.3813566915341653e-06,0.05183872580528259,0.08344787359237671,0.023678980767726898,0.0,0.0,0.0,0.0,0.0,0.06611733883619308,0.0,0.0,0.35745981335639954
7,29,0.12932904064655304,3.8059090456954436e-06,0.04602557420730591,0.1448860466480255,0.07182696461677551,0.0,0.0,0.0,0.0,0.0,0.2776268720626831,0.0,0.0,0.0,1.9029545228477218e-06,0.023012787103652954,0.07244302332401276,0.035913482308387756,0.0,0.0,0.0,0.0,0.0,0.05552537366747856,0.0,0.0,0.3162255883216858
7,30,0.13420970737934113,6.083641892473679e-06,0.04008495807647705,0.14419832825660706,0.11416374146938324,0.0,0.0,0.0,0.0,0.0,0.3487347364425659,0.0,0.0,0.0,3.0418209462368395e-06,0.020042479038238525,0.07209916412830353,0.05708187073469162,0.0,0.0,0.0,0.0,0.0,0.0697469487786293,0.0,0.0,0.35318320989608765
7,31,0.13506752252578735,8.4668508861796e-06,0.04329323768615723,0.18049272894859314,0.017548270523548126,0.0,0.0,0.0,0.0,0.0,0.21065813302993774,0.0,0.0,0.0,4.2334254430898e-06,0.021646618843078613,0.09024636447429657,0.008774135261774063,0.0,0.0,0.0,0.0,0.0,0.04213162884116173,0.0,0.0,0.2978705167770386
7,32,0.12680137157440186,7.006606210779864e-06,0.05402493476867676,0.1354306936264038,0.0783967450261116,0.0,0.0,0.0,0.0,0.0,0.17644774913787842,0.0,0.0,0.0,3.503303105389932e-06,0.02701246738433838,0.0677153468132019,0.0391983725130558,0.0,0.0,0.0,0.0,0.0,0.03528955206274986,0.0,0.0,0.29602062702178955
7,33,0.13317807018756866,2.9582420211227145e-06,0.06006181240081787,0.15540233254432678,0.07444897294044495,0.0,0.0,0.0,0.0,0.0,0.15620380640029907,0.0,0.0,0.0,1.4791210105613573e-06,0.030030906200408936,0.07770116627216339,0.03722448647022247,0.0,0.0,0.0,0.0,0.0,0.031240761280059814,0.0,0.0,0.30937686562538147
7,34,0.12164471298456192,4.091394202987431e-06,0.06666886806488037,0.18736368417739868,0.13319618999958038,0.0,0.0,0.0,0.0,0.0,0.3307238519191742,0.0,0.0,0.0,2.0456971014937153e-06,0.033334434032440186,0.09368184208869934,0.06659809499979019,0.0,0.0,0.0,0.0,0.0,0.06614477187395096,0.0,0.0,0.38140588998794556
7,35,0.12508903443813324,8.540217095287517e-06,0.031620025634765625,0.18547570705413818,0.08942274749279022,0.0,0.0,0.0,0.0,0.0,0.40346550941467285,0.0,0.0,0.0,4.270108547643758e-06,0.015810012817382812,0.09273785352706909,0.04471137374639511,0.0,0.0,0.0,0.0,0.0,0.08069310337305069,0.0,0.0,0.3590456545352936
7,36,0.12387748062610626,1.2554570275824517e-05,0.04541969299316406,0.21610954403877258,0.07522205263376236,0.0,0.0,0.0,0.0,0.0,0.23685508966445923,0.0,0.0,0.0,6.2772851379122585e-06,0.02270984649658203,0.10805477201938629,0.03761102631688118,0.0,0.0,0.0,0.0,0.0,0.047371018677949905,0.0,0.0,0.33963045477867126
7,37,0.12991830706596375,5.471993063110858e-06,0.03222399950027466,0.14059579372406006,0.07719483971595764,0.0,0.0,0.0,0.0,0.0,0.3266773223876953,0.0,0.0,0.0,2.735996531555429e-06,0.01611199975013733,0.07029789686203003,0.03859741985797882,0.0,0.0,0.0,0.0,0.0,0.0653354674577713,0.0,0.0,0.3202638030052185
7,38,0.1162792220711708,6.9431775955308694e-06,0.08189290761947632,0.14536595344543457,0.11278639733791351,0.0,0.0,0.0,0.0,0.0,0.230968177318573,0.0,0.0,0.0,3.4715887977654347e-06,0.04094645380973816,0.07268297672271729,0.05639319866895676,0.0,0.0,0.0,0.0,0.0,0.04619363695383072,0.0,0.0,0.3324989676475525
7,39,0.11984889209270477,5.404666808317415e-06,0.02138972282409668,0.13207057118415833,0.0877421498298645,0.0,0.0,0.0,0.0,0.0,0.15966838598251343,0.0,0.0,0.0,2.7023334041587077e-06,0.01069486141204834,0.06603528559207916,0.04387107491493225,0.0,0.0,0.0,0.0,0.0,0.031933676451444626,0.0,0.0,0.27238649129867554
7,40,0.1258314698934555,4.731806711788522e-06,0.03170299530029297,0.10398739576339722,0.10157784819602966,0.0,0.0,0.0,0.0,0.0,0.25578558444976807,0.0,0.0,0.0,2.365903355894261e-06,0.015851497650146484,0.05199369788169861,0.05078892409801483,0.0,0.0,0.0,0.0,0.0,0.05115711688995361,0.0,0.0,0.29562509059906006
7,41,0.12205485999584198,4.23908886659774e-06,0.033957839012145996,0.13479378819465637,0.11776302754878998,0.0,0.0,0.0,0.0,0.0,0.19138462841510773,0.0,0.0,0.0,2.11954443329887e-06,0.016978919506072998,0.06739689409732819,0.05888151377439499,0.0,0.0,0.0,0.0,0.0,0.038276925683021545,0.0,0.0,0.303591251373291
7,42,0.11345194280147552,5.30564648215659e-06,0.03232729434967041,0.1067500114440918,0.07063347101211548,0.0,0.0,0.0,0.0,0.0,0.16869252920150757,0.0,0.0,0.0,2.652823241078295e-06,0.016163647174835205,0.0533750057220459,0.03531673550605774,0.0,0.0,0.0,0.0,0.0,0.033738505095243454,0.0,0.0,0.2520484924316406
7,43,0.11905407905578613,1.526279993413482e-05,0.06697195768356323,0.14334890246391296,0.047773875296115875,0.0,0.0,0.0,0.0,0.0,0.18102824687957764,0.0,0.0,0.0,7.63139996706741e-06,0.033485978841781616,0.07167445123195648,0.023886937648057938,0.0,0.0,0.0,0.0,0.0,0.03620564937591553,0.0,0.0,0.28431472182273865
7,44,0.11545358598232269,7.654773071408272e-06,0.053395986557006836,0.16091755032539368,0.10359035432338715,0.0,0.0,0.0,0.0,0.0,0.2075842022895813,0.0,0.0,0.0,3.827386535704136e-06,0.026697993278503418,0.08045877516269684,0.05179517716169357,0.0,0.0,0.0,0.0,0.0,0.04151684045791626,0.0,0.0,0.315926194190979
7,45,0.1187683492898941,2.0350153135950677e-06,0.024706900119781494,0.11711162328720093,0.08752445876598358,0.0,0.0,0.0,0.0,0.0,0.3103383481502533,0.0,0.0,0.0,1.0175076567975339e-06,0.012353450059890747,0.058555811643600464,0.04376222938299179,0.0,0.0,0.0,0.0,0.0,0.0620676688849926,0.0,0.0,0.2955085337162018
7,46,0.11450938880443573,6.460831173171755e-06,0.0202484130859375,0.12681984901428223,0.034792110323905945,0.0,0.0,0.0,0.0,0.0,0.3998541831970215,0.0,0.0,0.0,3.2304155865858775e-06,0.01012420654296875,0.06340992450714111,0.017396055161952972,0.0,0.0,0.0,0.0,0.0,0.0799708366394043,0.0,0.0,0.2854136526584625
7,47,0.12049174308776855,6.29072610536241e-06,0.02557295560836792,0.09276837110519409,0.04013364762067795,0.0,0.0,0.0,0.0,0.0,0.1166067123413086,0.0,0.0,0.0,3.145363052681205e-06,0.01278647780418396,0.046384185552597046,0.020066823810338974,0.0,0.0,0.0,0.0,0.0,0.02332134358584881,0.0,0.0,0.2230537235736847
7,48,0.11472596973180771,6.401315658877138e-06,0.0463709831237793,0.13956987857818604,0.07892544567584991,0.0,0.0,0.0,0.0,0.0,0.37572598457336426,0.0,0.0,0.0,3.200657829438569e-06,0.02318549156188965,0.06978493928909302,0.03946272283792496,0.0,0.0,0.0,0.0,0.0,0.07514519989490509,0.0,0.0,0.3223075270652771
7,49,0.11904164403676987,6.935751116543543e-06,0.05180859565734863,0.1355937421321869,0.0994652658700943,0.0,0.0,0.0,0.0,0.0,0.15063315629959106,0.0,0.0,0.0,3.4678755582717713e-06,0.025904297828674316,0.06779687106609344,0.04973263293504715,0.0,0.0,0.0,0.0,0.0,0.030126631259918213,0.0,0.0,0.29260554909706116
7,50,0.11481503397226334,3.6249537060939474e-06,0.04659473896026611,0.15895992517471313,0.11878962814807892,0.0,0.0,0.0,0.0,0.0,0.5688565969467163,0.0,0.0,0.0,1.8124768530469737e-06,0.023297369480133057,0.07947996258735657,0.05939481407403946,0.0,0.0,0.0,0.0,0.0,0.11377131938934326,0.0,0.0,0.39076030254364014
7,51,0.12053833901882172,2.1737653241871158e-06,0.05209219455718994,0.12021797895431519,0.01071067526936531,0.0,0.0,0.0,0.0,0.0,0.13778690993785858,0.0,0.0,0.0,1.0868826620935579e-06,0.02604609727859497,0.06010898947715759,0.005355337634682655,0.0,0.0,0.0,0.0,0.0,0.027557382360100746,0.0,0.0,0.23960724472999573
7,52,0.117592453956604,2.9273014661157504e-06,0.034761130809783936,0.07386279106140137,0.08168426156044006,0.0,0.0,0.0,0.0,0.0,0.1525351107120514,0.0,0.0,0.0,1.4636507330578752e-06,0.017380565404891968,0.036931395530700684,0.04084213078022003,0.0,0.0,0.0,0.0,0.0,0.030507022514939308,0.0,0.0,0.24325503408908844
7,53,0.11366945505142212,5.265691470413003e-06,0.035897672176361084,0.09577417373657227,0.07867878675460815,0.0,0.0,0.0,0.0,0.0,0.20082718133926392,0.0,0.0,0.0,2.6328457352065016e-06,0.017948836088180542,0.04788708686828613,0.03933939337730408,0.0,0.0,0.0,0.0,0.0,0.040165435522794724,0.0,0.0,0.2590128183364868
7,54,0.11428309977054596,1.1354062735335901e-05,0.07805895805358887,0.2344854325056076,0.11117734014987946,0.0,0.0,0.0,0.0,0.0,0.3336484134197235,0.0,0.0,0.0,5.677031367667951e-06,0.039029479026794434,0.1172427162528038,0.05558867007493973,0.0,0.0,0.0,0.0,0.0,0.06672968715429306,0.0,0.0,0.39287933707237244
7,55,0.12454290688037872,5.492600394063629e-06,0.03667330741882324,0.10691055655479431,0.048415035009384155,0.0,0.0,0.0,0.0,0.0,0.06672954559326172,0.0,0.0,0.0,2.7463001970318146e-06,0.01833665370941162,0.053455278277397156,0.024207517504692078,0.0,0.0,0.0,0.0,0.0,0.013345909304916859,0.0,0.0,0.23389102518558502
7,56,0.10701930522918701,5.3102330639376305e-06,0.06290698051452637,0.14518824219703674,0.03014257550239563,0.0,0.0,0.0,0.0,0.0,0.1104731559753418,0.0,0.0,0.0,2.6551165319688153e-06,0.031453490257263184,0.07259412109851837,0.015071287751197815,0.0,0.0,0.0,0.0,0.0,0.02209463156759739,0.0,0.0,0.24823549389839172
7,57,0.11380301415920258,3.3415667530789506e-06,0.027538597583770752,0.08862394094467163,0.024724017828702927,0.0,0.0,0.0,0.0,0.0,0.12860983610153198,0.0,0.0,0.0,1.6707833765394753e-06,0.013769298791885376,0.044311970472335815,0.012362008914351463,0.0,0.0,0.0,0.0,0.0,0.025721967220306396,0.0,0.0,0.2099699229001999
7,58,0.11022789776325226,5.196163783693919e-06,0.023925602436065674,0.10161417722702026,0.006587879732251167,0.0,0.0,0.0,0.0,0.0,0.23900878429412842,0.0,0.0,0.0,2.5980818918469595e-06,0.011962801218032837,0.05080708861351013,0.0032939398661255836,0.0,0.0,0.0,0.0,0.0,0.04780175909399986,0.0,0.0,0.22409610450267792
7,59,0.12106247246265411,6.4716114138718694e-06,0.02401280403137207,0.14862647652626038,0.07333540171384811,0.0,0.0,0.0,0.0,0.0,0.28902333974838257,0.0,0.0,0.0,3.2358057069359347e-06,0.012006402015686035,0.07431323826313019,0.03666770085692406,0.0,0.0,0.0,0.0,0.0,0.05780467018485069,0.0,0.0,0.30185770988464355
7,60,0.10864448547363281,2.9489508506230777e-06,0.02574634552001953,0.08547163009643555,0.07213544100522995,0.0,0.0,0.0,0.0,0.0,0.14439165592193604,0.0,0.0,0.0,1.4744754253115389e-06,0.012873172760009766,0.04273581504821777,0.036067720502614975,0.0,0.0,0.0,0.0,0.0,0.028878331184387207,0.0,0.0,0.22920100390911102
7,61,0.11380138248205185,4.7730318328831345e-06,0.036744654178619385,0.1043628454208374,0.0679914653301239,0.0,0.0,0.0,0.0,0.0,0.13845503330230713,0.0,0.0,0.0,2.3865159164415672e-06,0.018372327089309692,0.0521814227104187,0.03399573266506195,0.0,0.0,0.0,0.0,0.0,0.027691006660461426,0.0,0.0,0.24604426324367523
7,62,0.10498891025781631,3.7529950986936456e-06,0.02460622787475586,0.0964701771736145,0.018569353967905045,0.0,0.0,0.0,0.0,0.0,0.11406958103179932,0.0,0.0,0.0,1.8764975493468228e-06,0.01230311393737793,0.04823508858680725,0.009284676983952522,0.0,0.0,0.0,0.0,0.0,0.022813916206359863,0.0,0.0,0.19762757420539856
7,63,0.12152896821498871,6.607881005038507e-06,0.024971604347229004,0.118522047996521,0.017731226980686188,0.0,0.0,0.0,0.0,0.0,0.14541327953338623,0.0,0.0,0.0,3.3039405025192536e-06,0.012485802173614502,0.0592610239982605,0.008865613490343094,0.0,0.0,0.0,0.0,0.0,0.029082655906677246,0.0,0.0,0.2312273532152176
7,64,0.10429457575082779,6.779817795177223e-06,0.0728827714920044,0.14346206188201904,0.04118712618947029,0.0,0.0,0.0,0.0,0.0,0.21737945079803467,0.0,0.0,0.0,3.3899088975886116e-06,0.0364413857460022,0.07173103094100952,0.020593563094735146,0.0,0.0,0.0,0.0,0.0,0.04347589239478111,0.0,0.0,0.2765398323535919
7,65,0.11625268310308456,2.7591181606112514e-06,0.028026700019836426,0.09740403294563293,0.006615390069782734,0.0,0.0,0.0,0.0,0.0,0.13656401634216309,0.0,0.0,0.0,1.3795590803056257e-06,0.014013350009918213,0.04870201647281647,0.003307695034891367,0.0,0.0,0.0,0.0,0.0,0.027312804013490677,0.0,0.0,0.20958992838859558
7,66,0.10442560911178589,3.956598902732367e-06,0.021301090717315674,0.12277686595916748,-0.010112673044204712,0.0,0.0,0.0,0.0,0.0,0.43863019347190857,0.0,0.0,0.0,1.9782994513661833e-06,0.010650545358657837,0.06138843297958374,-0.005056336522102356,0.0,0.0,0.0,0.0,0.0,0.08772604167461395,0.0,0.0,0.25913625955581665
7,67,0.10830996185541153,5.857370524608996e-06,0.03563821315765381,0.10147753357887268,0.051543109118938446,0.0,0.0,0.0,0.0,0.0,0.223882794380188,0.0,0.0,0.0,2.928685262304498e-06,0.017819106578826904,0.05073876678943634,0.025771554559469223,0.0,0.0,0.0,0.0,0.0,0.0447765588760376,0.0,0.0,0.24741888046264648
7,68,0.10814043134450912,1.2911550584249198e-06,0.02363574504852295,0.08509647846221924,-0.015791211277246475,0.0,0.0,0.0,0.0,0.0,0.25154122710227966,0.0,0.0,0.0,6.455775292124599e-07,0.011817872524261475,0.04254823923110962,-0.007895605638623238,0.0,0.0,0.0,0.0,0.0,0.05030824616551399,0.0,0.0,0.20491982996463776
7,69,0.1066504493355751,5.5704304031678475e-06,0.022319674491882324,0.09909185767173767,0.05372265353798866,0.0,0.0,0.0,0.0,0.0,0.0,0.0,0.0,0.0,2.7852152015839238e-06,0.011159837245941162,0.049545928835868835,0.02686132676899433,0.0,0.0,0.0,0.0,0.0,0.0,0.0,0.0,0.19422031939029694
7,70,0.10621937364339828,1.440061510038504e-06,0.02849048376083374,0.08576890826225281,0.037862710654735565,0.0,0.0,0.0,0.0,0.0,0.1287047266960144,0.0,0.0,0.0,7.20030755019252e-07,0.01424524188041687,0.042884454131126404,0.018931355327367783,0.0,0.0,0.0,0.0,0.0,0.02574094571173191,0.0,0.0,0.2080221027135849
7,71,0.10606253147125244,2.4641274194436846e-06,0.03268921375274658,0.08599227666854858,-0.016646485775709152,0.0,0.0,0.0,0.0,0.0,0.16483604907989502,0.0,0.0,0.0,1.2320637097218423e-06,0.01634460687637329,0.04299613833427429,-0.008323242887854576,0.0,0.0,0.0,0.0,0.0,0.032967209815979004,0.0,0.0,0.1900484710931778
7,72,0.10334782302379608,6.885898073960561e-06,0.058991193771362305,0.1420285403728485,0.07615799456834793,0.0,0.0,0.0,0.0,0.0,0.3492593765258789,0.0,0.0,0.0,3.4429490369802807e-06,0.029495596885681152,0.07101427018642426,0.038078997284173965,0.0,0.0,0.0,0.0,0.0,0.06985187530517578,0.0,0.0,0.3117920160293579
7,73,0.10508792102336884,3.819571247731801e-06,0.04723900556564331,0.08595049381256104,0.03898152709007263,0.0,0.0,0.0,0.0,0.0,0.23761184513568878,0.0,0.0,0.0,1.9097856238659006e-06,0.023619502782821655,0.04297524690628052,0.019490763545036316,0.0,0.0,0.0,0.0,0.0,0.047522369772195816,0.0,0.0,0.23869770765304565
7,74,0.1011621356010437,3.047819518542383e-06,0.05697965621948242,0.10117483139038086,0.0454581044614315,0.0,0.0,0.0,0.0,0.0,0.11250966787338257,0.0,0.0,0.0,1.5239097592711914e-06,0.02848982810974121,0.05058741569519043,0.02272905223071575,0.0,0.0,0.0,0.0,0.0,0.022501934319734573,0.0,0.0,0.2254718840122223
7,75,0.1028347834944725,5.042342309025116e-06,0.021985352039337158,0.099997878074646,0.06153162196278572,0.0,0.0,0.0,0.0,0.0,0.10470390319824219,0.0,0.0,0.0,2.521171154512558e-06,0.010992676019668579,0.049998939037323,0.03076581098139286,0.0,0.0,0.0,0.0,0.0,0.020940780639648438,0.0,0.0,0.215535506606102
7,76,0.10114693641662598,8.951707286541932e-07,0.024266362190246582,0.06595569849014282,0.01078031212091446,0.0,0.0,0.0,0.0,0.0,0.1123650074005127,0.0,0.0,0.0,4.475853643270966e-07,0.012133181095123291,0.03297784924507141,0.00539015606045723,0.0,0.0,0.0,0.0,0.0,0.02247300185263157,0.0,0.0,0.17412157356739044
7,77,0.09750807285308838,1.1809039506260888e-06,0.01735132932662964,0.06895813345909119,0.02959996648132801,0.0,0.0,0.0,0.0,0.0,0.10821396112442017,0.0,0.0,0.0,5.904519753130444e-07,0.00867566466331482,0.03447906672954559,0.014799983240664005,0.0,0.0,0.0,0.0,0.0,0.021642792969942093,0.0,0.0,0.17710615694522858
7,78,0.10187944024801254,1.777681609382853e-05,0.052172839641571045,0.17495989799499512,0.02311399206519127,0.0,0.0,0.0,0.0,0.0,0.1290147304534912,0.0,0.0,0.0,8.888408046914265e-06,0.026086419820785522,0.08747994899749756,0.011556996032595634,0.0,0.0,0.0,0.0,0.0,0.025802945718169212,0.0,0.0,0.2528146505355835
7,79,0.10321645438671112,5.001624231226742e-06,0.01949942111968994,0.13214686512947083,0.05365863814949989,0.0,0.0,0.0,0.0,0.0,0.375598669052124,0.0,0.0,0.0,2.500812115613371e-06,0.00974971055984497,0.06607343256473541,0.026829319074749947,0.0,0.0,0.0,0.0,0.0,0.0751197338104248,0.0,0.0,0.2809911370277405
7,80,0.09914285689592361,4.074446223967243e-06,0.09153074026107788,0.13131222128868103,-0.0235259011387825,0.0,0.0,0.0,0.0,0.0,0.12065023183822632,0.0,0.0,0.0,2.0372231119836215e-06,0.04576537013053894,0.06565611064434052,-0.01176295056939125,0.0,0.0,0.0,0.0,0.0,0.024130046367645264,0.0,0.0,0.22293347120285034
7,81,0.10131267458200455,9.323266567662358e-07,0.014726519584655762,0.07380670309066772,-0.006582047790288925,0.0,0.0,0.0,0.0,0.0,0.07842022180557251,0.0,0.0,0.0,4.661633283831179e-07,0.007363259792327881,0.03690335154533386,-0.0032910238951444626,0.0,0.0,0.0,0.0,0.0,0.015684043988585472,0.0,0.0,0.1579727679491043
7,82,0.09945318102836609,2.1068885871500243e-06,0.041216909885406494,0.0855492651462555,0.03614732623100281,0.0,0.0,0.0,0.0,0.0,0.18440110981464386,0.0,0.0,0.0,1.0534442935750121e-06,0.020608454942703247,0.04277463257312775,0.018073663115501404,0.0,0.0,0.0,0.0,0.0,0.03688022121787071,0.0,0.0,0.21779121458530426
7,83,0.1013646349310875,6.471534106822219e-06,0.07454997301101685,0.11177957057952881,0.06191316992044449,0.0,0.0,0.0,0.0,0.0,0.42641687393188477,0.0,0.0,0.0,3.2357670534111094e-06,0.03727498650550842,0.055889785289764404,0.030956584960222244,0.0,0.0,0.0,0.0,0.0,0.08528337627649307,0.0,0.0,0.3107725977897644
7,84,0.1046527624130249,5.8281766541767865e-06,0.01673680543899536,0.10086140036582947,0.03377614542841911,0.0,0.0,0.0,0.0,0.0,0.16524606943130493,0.0,0.0,0.0,2.9140883270883933e-06,0.00836840271949768,0.050430700182914734,0.016888072714209557,0.0,0.0,0.0,0.0,0.0,0.033049214631319046,0.0,0.0,0.21339204907417297
7,85,0.0958847850561142,1.7756429997461964e-06,0.024878740310668945,0.07723736763000488,0.0008090119808912277,0.0,0.0,0.0,0.0,0.0,0.26683077216148376,0.0,0.0,0.0,8.878214998730982e-07,0.012439370155334473,0.03861868381500244,0.00040450599044561386,0.0,0.0,0.0,0.0,0.0,0.05336615443229675,0.0,0.0,0.2007143795490265
7,86,0.09736892580986023,2.4203832253988367e-06,0.03516131639480591,0.07879418134689331,0.05453617498278618,0.0,0.0,0.0,0.0,0.0,0.1880495548248291,0.0,0.0,0.0,1.2101916126994183e-06,0.017580658197402954,0.039397090673446655,0.02726808749139309,0.0,0.0,0.0,0.0,0.0,0.03760991245508194,0.0,0.0,0.21922588348388672
7,87,0.1022024154663086,9.666071491665207e-06,0.026163101196289062,0.16149726510047913,-0.03836912661790848,0.0,0.0,0.0,0.0,0.0,0.439041405916214,0.0,0.0,0.0,4.8330357458326034e-06,0.013081550598144531,0.08074863255023956,-0.01918456330895424,0.0,0.0,0.0,0.0,0.0,0.0878082811832428,0.0,0.0,0.26466116309165955
7,88,0.09896992146968842,2.028260496445e-06,0.030375778675079346,0.0684867799282074,0.01691211760044098,0.0,0.0,0.0,0.0,0.0,0.11342662572860718,0.0,0.0,0.0,1.0141302482225e-06,0.015187889337539673,0.0342433899641037,0.00845605880022049,0.0,0.0,0.0,0.0,0.0,0.022685324773192406,0.0,0.0,0.17954358458518982
7,89,0.0977863073348999,6.923996807017829e-06,0.0688369870185852,0.09056732058525085,0.02577686868607998,0.0,0.0,0.0,0.0,0.0,0.14685118198394775,0.0,0.0,0.0,3.4619984035089146e-06,0.0344184935092926,0.04528366029262543,0.01288843434303999,0.0,0.0,0.0,0.0,0.0,0.02937023714184761,0.0,0.0,0.21975058317184448
7,90,0.0957312062382698,1.8566969401945244e-06,0.02359670400619507,0.07020169496536255,0.01734457165002823,0.0,0.0,0.0,0.0,0.0,0.07891082763671875,0.0,0.0,0.0,9.283484700972622e-07,0.011798352003097534,0.035100847482681274,0.008672285825014114,0.0,0.0,0.0,0.0,0.0,0.01578216627240181,0.0,0.0,0.16708578169345856
7,91,0.09880048036575317,3.746936954485136e-06,0.020846903324127197,0.06959155201911926,0.011257749050855637,0.0,0.0,0.0,0.0,0.0,0.2858169674873352,0.0,0.0,0.0,1.873468477242568e-06,0.010423451662063599,0.03479577600955963,0.005628874525427818,0.0,0.0,0.0,0.0,0.0,0.05716339498758316,0.0,0.0,0.20681384205818176
7,92,0.09841594099998474,2.794967258523684e-06,0.02621239423751831,0.08757975697517395,0.014667943120002747,0.0,0.0,0.0,0.0,0.0,0.17922139167785645,0.0,0.0,0.0,1.397483629261842e-06,0.013106197118759155,0.043789878487586975,0.007333971560001373,0.0,0.0,0.0,0.0,0.0,0.03584427759051323,0.0,0.0,0.1984916776418686
7,93,0.09014254808425903,4.485163117351476e-06,0.019219696521759033,0.10079681873321533,-0.015982195734977722,0.0,0.0,0.0,0.0,0.0,0.1528938263654709,0.0,0.0,0.0,2.242581558675738e-06,0.009609848260879517,0.050398409366607666,-0.007991097867488861,0.0,0.0,0.0,0.0,0.0,0.030578766018152237,0.0,0.0,0.17274069786071777
7,94,0.09249986708164215,2.895902753152768e-06,0.05350381135940552,0.0655202865600586,0.007961750030517578,0.0,0.0,0.0,0.0,0.0,0.17096877098083496,0.0,0.0,0.0,1.447951376576384e-06,0.02675190567970276,0.0327601432800293,0.003980875015258789,0.0,0.0,0.0,0.0,0.0,0.03419375419616699,0.0,0.0,0.1901879906654358
7,95,0.0951554998755455,2.1112182366778143e-06,0.021347343921661377,0.07730644941329956,0.03760422766208649,0.0,0.0,0.0,0.0,0.0,0.2344648838043213,0.0,0.0,0.0,1.0556091183389071e-06,0.010673671960830688,0.03865322470664978,0.018802113831043243,0.0,0.0,0.0,0.0,0.0,0.04689297825098038,0.0,0.0,0.21017852425575256
7,96,0.09028828889131546,3.5818743526760954e-06,0.08758634328842163,0.1081487238407135,0.04968543350696564,0.0,0.0,0.0,0.0,0.0,0.0,0.0,0.0,0.0,1.7909371763380477e-06,0.043793171644210815,0.05407436192035675,0.02484271675348282,0.0,0.0,0.0,0.0,0.0,0.0,0.0,0.0,0.2130003273487091
7,97,0.08878548443317413,6.148051397758536e-06,0.028729259967803955,0.06961405277252197,-0.03236730396747589,0.0,0.0,0.0,0.0,0.0,0.25190675258636475,0.0,0.0,0.0,3.074025698879268e-06,0.014364629983901978,0.034807026386260986,-0.016183651983737946,0.0,0.0,0.0,0.0,0.0,0.05038135126233101,0.0,0.0,0.17215792834758759
7,98,0.09542874991893768,2.9992920644872356e-06,0.03898465633392334,0.10544884204864502,-0.019617483019828796,0.0,0.0,0.0,0.0,0.0,0.10956203937530518,0.0,0.0,0.0,1.4996460322436178e-06,0.01949232816696167,0.05272442102432251,-0.009808741509914398,0.0,0.0,0.0,0.0,0.0,0.021912408992648125,0.0,0.0,0.17975066602230072
7,99,0.08815609663724899,3.7433292163768783e-06,0.02133643627166748,0.07598957419395447,0.012448927387595177,0.0,0.0,0.0,0.0,0.0,0.11767979711294174,0.0,0.0,0.0,1.8716646081884392e-06,0.01066821813583374,0.037994787096977234,0.006224463693797588,0.0,0.0,0.0,0.0,0.0,0.02353595942258835,0.0,0.0,0.166581392288208
7,100,0.09069062769412994,2.8085803478461457e-06,0.031253159046173096,0.08490505814552307,-0.017973829060792923,0.0,0.0,0.0,0.0,0.0,0.16932713985443115,0.0,0.0,0.0,1.4042901739230729e-06,0.015626579523086548,0.042452529072761536,-0.008986914530396461,0.0,0.0,0.0,0.0,0.0,0.03386542946100235,0.0,0.0,0.1736496388912201
8,1,0.10918168723583221,1.4533558896800969e-05,0.14816540479660034,0.584348738193512,0.0019760290160775185,0.0,0.0,0.0,0.0,0.0,0.5738266110420227,0.0,0.0,0.0,7.266779448400484e-06,0.07408270239830017,0.292174369096756,0.0009880145080387592,0.0,0.0,0.0,0.0,0.0,0.11476532369852066,0.0,0.0,0.5911993384361267
8,2,0.14186517894268036,1.0462768841534853e-05,0.17418205738067627,0.6366199851036072,0.00911711622029543,0.0,0.0,0.0,0.0,0.0,0.36090704798698425,0.0,0.0,0.0,5.2313844207674265e-06,0.08709102869033813,0.3183099925518036,0.004558558110147715,0.0,0.0,0.0,0.0,0.0,0.07218141108751297,0.0,0.0,0.6240113973617554
8,3,0.09682975709438324,1.557582254463341e-05,0.12339496612548828,0.4463026523590088,0.004680487792938948,0.0,0.0,0.0,0.0,0.0,0.4134787321090698,0.0,0.0,0.0,7.787911272316705e-06,0.06169748306274414,0.2231513261795044,0.002340243896469474,0.0,0.0,0.0,0.0,0.0,0.08269574493169785,0.0,0.0,0.46672236919403076
8,4,0.10114224255084991,9.799046893022023e-06,0.12680047750473022,0.5327573418617249,0.010058029554784298,0.0,0.0,0.0,0.0,0.0,0.5466322898864746,0.0,0.0,0.0,4.8995234465110116e-06,0.06340023875236511,0.2663786709308624,0.005029014777392149,0.0,0.0,0.0,0.0,0.0,0.10932645946741104,0.0,0.0,0.5452815294265747
8,5,0.1527855098247528,9.811260497372132e-06,0.11747562885284424,0.3696686625480652,-0.0013189739547669888,0.0,0.0,0.0,0.0,0.0,0.2553330063819885,0.0,0.0,0.0,4.905630248686066e-06,0.05873781442642212,0.1848343312740326,-0.0006594869773834944,0.0,0.0,0.0,0.0,0.0,0.051066603511571884,0.0,0.0,0.446769654750824
8,6,0.15572166442871094,8.601867193647195e-06,0.08416211605072021,0.45262372493743896,0.007864240556955338,0.0,0.0,0.0,0.0,0.0,0.7284697890281677,0.0,0.0,0.0,4.300933596823597e-06,0.04208105802536011,0.22631186246871948,0.003932120278477669,0.0,0.0,0.0,0.0,0.0,0.14569395780563354,0.0,0.0,0.5737449526786804
8,7,0.09958453476428986,3.1637612210033694e-06,0.17559075355529785,0.5640082359313965,0.022160915657877922,0.0,0.0,0.0,0.0,0.0,0.7845997214317322,0.0,0.0,0.0,1.5818806105016847e-06,0.08779537677764893,0.28200411796569824,0.011080457828938961,0.0,0.0,0.0,0.0,0.0,0.1569199413061142,0.0,0.0,0.6373860239982605
8,8,0.12198951095342636,6.128942004579585e-06,0.15548372268676758,0.6270567178726196,0.00906271394342184,0.0,0.0,0.0,0.0,0.0,0.0,0.0,0.0,0.0,3.0644710022897925e-06,0.07774186134338379,0.3135283589363098,0.00453135697171092,0.0,0.0,0.0,0.0,0.0,0.0,0.0,0.0,0.5177941918373108
8,9,0.12905073165893555,6.590458724531345e-06,0.07088887691497803,0.3181810975074768,0.016064811497926712,0.0,0.0,0.0,0.0,0.0,0.3719543516635895,0.0,0.0,0.0,3.2952293622656725e-06,0.035444438457489014,0.1590905487537384,0.008032405748963356,0.0,0.0,0.0,0.0,0.0,0.07439087331295013,0.0,0.0,0.40601229667663574
8,10,0.12186707556247711,7.755592378089204e-06,0.1727900505065918,0.3666306138038635,0.027277305722236633,0.0,0.0,0.0,0.0,0.0,0.47468847036361694,0.0,0.0,0.0,3.877796189044602e-06,0.0863950252532959,0.18331530690193176,0.013638652861118317,0.0,0.0,0.0,0.0,0.0,0.09493769705295563,0.0,0.0,0.5001576542854309
8,11,0.1317945122718811,5.8706809795694426e-06,0.06506651639938354,0.34169501066207886,0.023347189649939537,0.0,0.0,0.0,0.0,0.0,0.36600661277770996,0.0,0.0,0.0,2.9353404897847213e-06,0.03253325819969177,0.17084750533103943,0.011673594824969769,0.0,0.0,0.0,0.0,0.0,0.07320132106542587,0.0,0.0,0.4200531244277954
8,12,0.13044002652168274,9.596015843271744e-06,0.11705195903778076,0.29238131642341614,0.02642269805073738,0.0,0.0,0.0,0.0,0.0,0.7375858426094055,0.0,0.0,0.0,4.798007921635872e-06,0.05852597951889038,0.14619065821170807,0.01321134902536869,0.0,0.0,0.0,0.0,0.0,0.14751717448234558,0.0,0.0,0.49588996171951294
8,13,0.1128733903169632,1.0532177839195356e-05,0.1480373740196228,0.2379004806280136,0.04564693197607994,0.0,0.0,0.0,0.0,0.0,0.4371660351753235,0.0,0.0,0.0,5.266088919597678e-06,0.0740186870098114,0.1189502403140068,0.02282346598803997,0.0,0.0,0.0,0.0,0.0,0.08743321150541306,0.0,0.0,0.416104257106781
8,14,0.13688257336616516,5.731321380153531e-06,0.06855535507202148,0.2396761178970337,0.019738413393497467,0.0,0.0,0.0,0.0,0.0,0.259182333946228,0.0,0.0,0.0,2.8656606900767656e-06,0.03427767753601074,0.11983805894851685,0.009869206696748734,0.0,0.0,0.0,0.0,0.0,0.051836468279361725,0.0,0.0,0.3527068495750427
8,15,0.12722977995872498,7.62866102377302e-06,0.07202070951461792,0.43560680747032166,0.07868772745132446,0.0,0.0,0.0,0.0,0.0,0.4804670512676239,0.0,0.0,0.0,3.81433051188651e-06,0.03601035475730896,0.21780340373516083,0.03934386372566223,0.0,0.0,0.0,0.0,0.0,0.09609340876340866,0.0,0.0,0.5164846181869507
8,16,0.13168425858020782,1.526840242149774e-05,0.11235278844833374,0.43568241596221924,0.05097781866788864,0.0,0.0,0.0,0.0,0.0,0.31530535221099854,0.0,0.0,0.0,7.63420121074887e-06,0.05617639422416687,0.21784120798110962,0.02548890933394432,0.0,0.0,0.0,0.0,0.0,0.06306107342243195,0.0,0.0,0.49425947666168213
8,17,0.12671980261802673,8.935892765293829e-06,0.09841018915176392,0.2609887719154358,0.06010478734970093,0.0,0.0,0.0,0.0,0.0,0.22043251991271973,0.0,0.0,0.0,4.4679463826469146e-06,0.04920509457588196,0.1304943859577179,0.030052393674850464,0.0,0.0,0.0,0.0,0.0,0.044086504727602005,0.0,0.0,0.3805626630783081
8,18,0.11235062777996063,7.783300134178717e-06,0.04252731800079346,0.21694350242614746,0.05357743799686432,0.0,0.0,0.0,0.0,0.0,0.0698692798614502,0.0,0.0,0.0,3.891650067089358e-06,0.02126365900039673,0.10847175121307373,0.02678871899843216,0.0,0.0,0.0,0.0,0.0,0.013973856344819069,0.0,0.0,0.28285250067710876
8,19,0.11832179129123688,1.068844176188577e-05,0.07561951875686646,0.26482224464416504,0.0624287910759449,0.0,0.0,0.0,0.0,0.0,0.20321136713027954,0.0,0.0,0.0,5.344220880942885e-06,0.03780975937843323,0.13241112232208252,0.03121439553797245,0.0,0.0,0.0,0.0,0.0,0.04064227268099785,0.0,0.0,0.3604046702384949
8,20,0.11779069900512695,9.990628313971683e-06,0.07701623439788818,0.2552935481071472,0.07593245059251785,0.0,0.0,0.0,0.0,0.0,0.30731400847435,0.0,0.0,0.0,4.995314156985842e-06,0.03850811719894409,0.1276467740535736,0.037966225296258926,0.0,0.0,0.0,0.0,0.0,0.061462800949811935,0.0,0.0,0.38337957859039307
8,21,0.0964147225022316,7.15567875886336e-06,0.05275607109069824,0.1786370575428009,0.05941179022192955,0.0,0.0,0.0,0.0,0.0,0.5114849209785461,0.0,0.0,0.0,3.57783937943168e-06,0.02637803554534912,0.08931852877140045,0.029705895110964775,0.0,0.0,0.0,0.0,0.0,0.10229698568582535,0.0,0.0,0.34411776065826416
8,22,0.11282626539468765,7.0025121203798335e-06,0.08245331048965454,0.188500314950943,0.04823309928178787,0.0,0.0,0.0,0.0,0.0,0.30638760328292847,0.0,0.0,0.0,3.5012560601899168e-06,0.04122665524482727,0.0942501574754715,0.024116549640893936,0.0,0.0,0.0,0.0,0.0,0.061277519911527634,0.0,0.0,0.33370065689086914
8,23,0.1219194158911705,3.4057741231663385e-06,0.1138606071472168,0.3003191351890564,0.12037794291973114,0.0,0.0,0.0,0.0,0.0,0.33123579621315,0.0,0.0,0.0,1.7028870615831693e-06,0.0569303035736084,0.1501595675945282,0.06018897145986557,0.0,0.0,0.0,0.0,0.0,0.06624715775251389,0.0,0.0,0.45544713735580444
8,24,0.11254292726516724,1.0717475561250467e-05,0.057000696659088135,0.23425748944282532,0.08449220657348633,0.0,0.0,0.0,0.0,0.0,0.260345995426178,0.0,0.0,0.0,5.3587377806252334e-06,0.028500348329544067,0.11712874472141266,0.042246103286743164,0.0,0.0,0.0,0.0,0.0,0.052069198340177536,0.0,0.0,0.35249269008636475
8,25,0.12618830800056458,1.0690581802919041e-05,0.08834779262542725,0.24741294980049133,0.0840562954545021,0.0,0.0,0.0,0.0,0.0,0.40950486063957214,0.0,0.0,0.0,5.345290901459521e-06,0.04417389631271362,0.12370647490024567,0.04202814772725105,0.0,0.0,0.0,0.0,0.0,0.08190097659826279,0.0,0.0,0.4180031716823578
8,26,0.10614731162786484,7.759870641166344e-06,0.09728807210922241,0.2089727520942688,0.1021237000823021,0.0,0.0,0.0,0.0,0.0,0.16816432774066925,0.0,0.0,0.0,3.879935320583172e-06,0.048644036054611206,0.1044863760471344,0.05106185004115105,0.0,0.0,0.0,0.0,0.0,0.03363286703824997,0.0,0.0,0.34397631883621216
8,27,0.11929528415203094,5.822719231218798e-06,0.0745079517364502,0.23236128687858582,0.09487134218215942,0.0,0.0,0.0,0.0,0.0,0.26492467522621155,0.0,0.0,0.0,2.911359615609399e-06,0.0372539758682251,0.11618064343929291,0.04743567109107971,0.0,0.0,0.0,0.0,0.0,0.05298493430018425,0.0,0.0,0.3731533885002136
8,28,0.12499016523361206,6.536434284498682e-06,0.10826396942138672,0.1606900691986084,0.07139904052019119,0.0,0.0,0.0,0.0,0.0,0.2964070737361908,0.0,0.0,0.0,3.268217142249341e-06,0.05413198471069336,0.0803450345993042,0.035699520260095596,0.0,0.0,0.0,0.0,0.0,0.05928141623735428,0.0,0.0,0.35445138812065125
8,29,0.12825551629066467,4.65897119283909e-06,0.0343327522277832,0.1483028531074524,0.09345285594463348,0.0,0.0,0.0,0.0,0.0,0.25562405586242676,0.0,0.0,0.0,2.329485596419545e-06,0.0171663761138916,0.0741514265537262,0.04672642797231674,0.0,0.0,0.0,0.0,0.0,0.05112481117248535,0.0,0.0,0.3174268901348114
8,30,0.1329682469367981,2.920798124250723e-06,0.04196488857269287,0.13171693682670593,0.11137797683477402,0.0,0.0,0.0,0.0,0.0,0.2528703808784485,0.0,0.0,0.0,1.4603990621253615e-06,0.020982444286346436,0.06585846841335297,0.05568898841738701,0.0,0.0,0.0,0.0,0.0,0.05057407543063164,0.0,0.0,0.32607367634773254
8,31,0.12199832499027252,9.916216185956728e-06,0.04651188850402832,0.18591895699501038,0.057412274181842804,0.0,0.0,0.0,0.0,0.0,0.18907952308654785,0.0,0.0,0.0,4.958108092978364e-06,0.02325594425201416,0.09295947849750519,0.028706137090921402,0.0,0.0,0.0,0.0,0.0,0.03781590610742569,0.0,0.0,0.3047407567501068
8,32,0.11821635812520981,4.887075647275196e-06,0.05041050910949707,0.12950319051742554,0.07509160041809082,0.0,0.0,0.0,0.0,0.0,0.19462764263153076,0.0,0.0,0.0,2.443537823637598e-06,0.025205254554748535,0.06475159525871277,0.03754580020904541,0.0,0.0,0.0,0.0,0.0,0.03892552852630615,0.0,0.0,0.28464698791503906
8,33,0.12000970542430878,2.4762236989772646e-06,0.05546772480010986,0.15731143951416016,0.08088283985853195,0.0,0.0,0.0,0.0,0.0,0.15924352407455444,0.0,0.0,0.0,1.2381118494886323e-06,0.02773386240005493,0.07865571975708008,0.040441419929265976,0.0,0.0,0.0,0.0,0.0,0.03184870630502701,0.0,0.0,0.29869064688682556
8,34,0.12032425403594971,5.572256668529008e-06,0.053166329860687256,0.1917908787727356,0.14671491086483002,0.0,0.0,0.0,0.0,0.0,0.30862459540367126,0.0,0.0,0.0,2.786128334264504e-06,0.026583164930343628,0.0958954393863678,0.07335745543241501,0.0,0.0,0.0,0.0,0.0,0.06172491982579231,0.0,0.0,0.377888023853302
8,35,0.10268112272024155,8.41049404698424e-06,0.031530559062957764,0.1850569248199463,0.09500987827777863,0.0,0.0,0.0,0.0,0.0,0.4075029194355011,0.0,0.0,0.0,4.20524702349212e-06,0.015765279531478882,0.09252846240997314,0.04750493913888931,0.0,0.0,0.0,0.0,0.0,0.0815005823969841,0.0,0.0,0.33998459577560425
8,36,0.10344143956899643,1.4479285709967371e-05,0.04036390781402588,0.2470332235097885,0.09882389008998871,0.0,0.0,0.0,0.0,0.0,0.2383638620376587,0.0,0.0,0.0,7.2396428549836855e-06,0.02018195390701294,0.12351661175489426,0.049411945044994354,0.0,0.0,0.0,0.0,0.0,0.04767277464270592,0.0,0.0,0.3442319631576538
8,37,0.10654626041650772,6.547377324750414e-06,0.029063880443572998,0.16278353333473206,0.0908067598938942,0.0,0.0,0.0,0.0,0.0,0.2607455253601074,0.0,0.0,0.0,3.273688662375207e-06,0.014531940221786499,0.08139176666736603,0.0454033799469471,0.0,0.0,0.0,0.0,0.0,0.052149105817079544,0.0,0.0,0.30002573132514954
8,38,0.1011890172958374,6.967142780922586e-06,0.0967974066734314,0.16215237975120544,0.14468321204185486,0.0,0.0,0.0,0.0,0.0,0.22029003500938416,0.0,0.0,0.0,3.483571390461293e-06,0.0483987033367157,0.08107618987560272,0.07234160602092743,0.0,0.0,0.0,0.0,0.0,0.04405800625681877,0.0,0.0,0.3470669984817505
8,39,0.09436772763729095,6.8186041062290315e-06,0.0302274227142334,0.15806466341018677,0.12400667369365692,0.0,0.0,0.0,0.0,0.0,0.29490649700164795,0.0,0.0,0.0,3.4093020531145157e-06,0.0151137113571167,0.07903233170509338,0.06200333684682846,0.0,0.0,0.0,0.0,0.0,0.05898129940032959,0.0,0.0,0.3095018267631531
8,40,0.11651258170604706,4.4695007090922445e-06,0.032969117164611816,0.10718369483947754,0.11386868357658386,0.0,0.0,0.0,0.0,0.0,0.26976609230041504,0.0,0.0,0.0,2.2347503545461223e-06,0.016484558582305908,0.05359184741973877,0.05693434178829193,0.0,0.0,0.0,0.0,0.0,0.05395321920514107,0.0,0.0,0.2974787950515747
8,41,0.10751619189977646,6.408340141206281e-06,0.04891693592071533,0.1756560504436493,0.1382887214422226,0.0,0.0,0.0,0.0,0.0,0.2677171230316162,0.0,0.0,0.0,3.2041700706031406e-06,0.024458467960357666,0.08782802522182465,0.0691443607211113,0.0,0.0,0.0,0.0,0.0,0.05354342609643936,0.0,0.0,0.3424936532974243
8,42,0.08811171352863312,5.124948984303046e-06,0.03000122308731079,0.10791096091270447,0.08342035859823227,0.0,0.0,0.0,0.0,0.0,0.16922396421432495,0.0,0.0,0.0,2.562474492151523e-06,0.015000611543655396,0.053955480456352234,0.041710179299116135,0.0,0.0,0.0,0.0,0.0,0.03384479507803917,0.0,0.0,0.232625350356102
8,43,0.10672853887081146,1.1306256965326611e-05,0.058825135231018066,0.1492156684398651,0.06277202069759369,0.0,0.0,0.0,0.0,0.0,0.16111929714679718,0.0,0.0,0.0,5.6531284826633055e-06,0.029412567615509033,0.07460783421993256,0.031386010348796844,0.0,0.0,0.0,0.0,0.0,0.032223861664533615,0.0,0.0,0.2743644416332245
8,44,0.09529189020395279,8.361193977179937e-06,0.06290864944458008,0.17639857530593872,0.12753325700759888,0.0,0.0,0.0,0.0,0.0,0.271628737449646,0.0,0.0,0.0,4.1805969885899685e-06,0.03145432472229004,0.08819928765296936,0.06376662850379944,0.0,0.0,0.0,0.0,0.0,0.05432574823498726,0.0,0.0,0.33304208517074585
8,45,0.10011550039052963,2.1439593638206134e-06,0.024934589862823486,0.11639580130577087,0.10396143794059753,0.0,0.0,0.0,0.0,0.0,0.29854848980903625,0.0,0.0,0.0,1.0719796819103067e-06,0.012467294931411743,0.05819790065288544,0.05198071897029877,0.0,0.0,0.0,0.0,0.0,0.05970969796180725,0.0,0.0,0.2824721932411194
8,46,0.09158392995595932,7.706395990680903e-06,0.021618783473968506,0.14060261845588684,0.05908781290054321,0.0,0.0,0.0,0.0,0.0,0.4094022214412689,0.0,0.0,0.0,3.853197995340452e-06,0.010809391736984253,0.07030130922794342,0.029543906450271606,0.0,0.0,0.0,0.0,0.0,0.08188044279813766,0.0,0.0,0.2841228246688843
8,47,0.11428743600845337,7.295046088984236e-06,0.0476112961769104,0.10340720415115356,0.10326217114925385,0.0,0.0,0.0,0.0,0.0,0.12201398611068726,0.0,0.0,0.0,3.647523044492118e-06,0.0238056480884552,0.05170360207557678,0.05163108557462692,0.0,0.0,0.0,0.0,0.0,0.02440279722213745,0.0,0.0,0.2658342123031616
8,48,0.08928727358579636,6.257934728637338e-06,0.048203110694885254,0.14528235793113708,0.08976364135742188,0.0,0.0,0.0,0.0,0.0,0.33644425868988037,0.0,0.0,0.0,3.128967364318669e-06,0.024101555347442627,0.07264117896556854,0.04488182067871094,0.0,0.0,0.0,0.0,0.0,0.0672888532280922,0.0,0.0,0.29820379614830017
8,49,0.09560555964708328,6.4020146055554505e-06,0.047893404960632324,0.1444230079650879,0.1029709130525589,0.0,0.0,0.0,0.0,0.0,0.14736074209213257,0.0,0.0,0.0,3.2010073027777253e-06,0.023946702480316162,0.07221150398254395,0.05148545652627945,0.0,0.0,0.0,0.0,0.0,0.029472148045897484,0.0,0.0,0.27272456884384155
8,50,0.11220292747020721,2.340819037272013e-06,0.04731208086013794,0.13198214769363403,0.10301676392555237,0.0,0.0,0.0,0.0,0.0,0.5199841260910034,0.0,0.0,0.0,1.1704095186360064e-06,0.02365604043006897,0.06599107384681702,0.051508381962776184,0.0,0.0,0.0,0.0,0.0,0.10399682819843292,0.0,0.0,0.3573564291000366
8,51,0.09700776636600494,2.1716896299039945e-06,0.053278446197509766,0.12089124321937561,0.023469507694244385,0.0,0.0,0.0,0.0,0.0,0.12824709713459015,0.0,0.0,0.0,1.0858448149519973e-06,0.026639223098754883,0.060445621609687805,0.011734753847122192,0.0,0.0,0.0,0.0,0.0,0.025649419054389,0.0,0.0,0.22147786617279053
8,52,0.10244204849004745,6.250536898733117e-06,0.03109896183013916,0.11260852217674255,0.10615669935941696,0.0,0.0,0.0,0.0,0.0,0.16241002082824707,0.0,0.0,0.0,3.1252684493665583e-06,0.01554948091506958,0.05630426108837128,0.05307834967970848,0.0,0.0,0.0,0.0,0.0,0.03248200565576553,0.0,0.0,0.25985926389694214
8,53,0.08694425970315933,5.975065050733974e-06,0.043306708335876465,0.10630297660827637,0.0950457751750946,0.0,0.0,0.0,0.0,0.0,0.19724369049072266,0.0,0.0,0.0,2.987532525366987e-06,0.021653354167938232,0.053151488304138184,0.0475228875875473,0.0,0.0,0.0,0.0,0.0,0.03944873809814453,0.0,0.0,0.24872371554374695
8,54,0.09937845170497894,1.1477189218567219e-05,0.08264380693435669,0.2500145137310028,0.16966350376605988,0.0,0.0,0.0,0.0,0.0,0.36912810802459717,0.0,0.0,0.0,5.738594609283609e-06,0.041321903467178345,0.1250072568655014,0.08483175188302994,0.0,0.0,0.0,0.0,0.0,0.07382562011480331,0.0,0.0,0.4243707060813904
8,55,0.09852338582277298,6.428636424971046e-06,0.034286558628082275,0.11513951420783997,0.052750200033187866,0.0,0.0,0.0,0.0,0.0,0.06788158416748047,0.0,0.0,0.0,3.214318212485523e-06,0.017143279314041138,0.05756975710391998,0.026375100016593933,0.0,0.0,0.0,0.0,0.0,0.013576316647231579,0.0,0.0,0.21319104731082916
8,56,0.09683462232351303,8.239732778747566e-06,0.06462931632995605,0.16608384251594543,0.06297790259122849,0.0,0.0,0.0,0.0,0.0,0.10891175270080566,0.0,0.0,0.0,4.119866389373783e-06,0.03231465816497803,0.08304192125797272,0.03148895129561424,0.0,0.0,0.0,0.0,0.0,0.021782351657748222,0.0,0.0,0.2654666304588318
8,57,0.09849140048027039,5.539151516131824e-06,0.02795112133026123,0.10550203919410706,0.036041878163814545,0.0,0.0,0.0,0.0,0.0,0.1376228928565979,0.0,0.0,0.0,2.769575758065912e-06,0.013975560665130615,0.05275101959705353,0.018020939081907272,0.0,0.0,0.0,0.0,0.0,0.02752457931637764,0.0,0.0,0.2107662707567215
8,58,0.08486081659793854,8.49893331178464e-06,0.033842623233795166,0.14151477813720703,0.011496981605887413,0.0,0.0,0.0,0.0,0.0,0.319660484790802,0.0,0.0,0.0,4.24946665589232e-06,0.016921311616897583,0.07075738906860352,0.0057484908029437065,0.0,0.0,0.0,0.0,0.0,0.06393209844827652,0.0,0.0,0.24222436547279358
8,59,0.10584414005279541,6.250242222449742e-06,0.03394120931625366,0.17734494805335999,0.10851885378360748,0.0,0.0,0.0,0.0,0.0,0.2658613324165344,0.0,0.0,0.0,3.125121111224871e-06,0.01697060465812683,0.08867247402667999,0.05425942689180374,0.0,0.0,0.0,0.0,0.0,0.053172267973423004,0.0,0.0,0.3189220130443573
8,60,0.09455109387636185,2.9439813715725904e-06,0.025246262550354004,0.09427043795585632,0.07991505414247513,0.0,0.0,0.0,0.0,0.0,0.14709067344665527,0.0,0.0,0.0,1.4719906857862952e-06,0.012623131275177002,0.04713521897792816,0.039957527071237564,0.0,0.0,0.0,0.0,0.0,0.029418135061860085,0.0,0.0,0.2236865758895874
8,61,0.09294886887073517,9.394012522534467e-06,0.0462871789932251,0.1313449740409851,0.12062913924455643,0.0,0.0,0.0,0.0,0.0,0.12223243713378906,0.0,0.0,0.0,4.697006261267234e-06,0.02314358949661255,0.06567248702049255,0.060314569622278214,0.0,0.0,0.0,0.0,0.0,0.024446487426757812,0.0,0.0,0.26653069257736206
8,62,0.09173636138439178,5.07479080624762e-06,0.02496814727783203,0.11714845895767212,0.024766046553850174,0.0,0.0,0.0,0.0,0.0,0.2757722735404968,0.0,0.0,0.0,2.53739540312381e-06,0.012484073638916016,0.05857422947883606,0.012383023276925087,0.0,0.0,0.0,0.0,0.0,0.055154453963041306,0.0,0.0,0.23033469915390015
8,63,0.09964854270219803,9.487373972660862e-06,0.042229294776916504,0.13170510530471802,0.04768295958638191,0.0,0.0,0.0,0.0,0.0,0.16824500262737274,0.0,0.0,0.0,4.743686986330431e-06,0.021114647388458252,0.06585255265235901,0.023841479793190956,0.0,0.0,0.0,0.0,0.0,0.03364900127053261,0.0,0.0,0.24411097168922424
8,64,0.0817306861281395,1.313763095822651e-05,0.0755879282951355,0.16296431422233582,0.10337888449430466,0.0,0.0,0.0,0.0,0.0,0.23000061511993408,0.0,0.0,0.0,6.568815479113255e-06,0.03779396414756775,0.08148215711116791,0.05168944224715233,0.0,0.0,0.0,0.0,0.0,0.046000123023986816,0.0,0.0,0.2987029552459717
8,65,0.09876450151205063,4.575227649183944e-06,0.03747445344924927,0.11247822642326355,0.03768492490053177,0.0,0.0,0.0,0.0,0.0,0.14636921882629395,0.0,0.0,0.0,2.287613824591972e-06,0.018737226724624634,0.056239113211631775,0.018842462450265884,0.0,0.0,0.0,0.0,0.0,0.02927384339272976,0.0,0.0,0.2218594253063202
8,66,0.08618736267089844,4.3559098230616655e-06,0.02109825611114502,0.13611990213394165,-0.006654808297753334,0.0,0.0,0.0,0.0,0.0,0.4648563861846924,0.0,0.0,0.0,2.1779549115308328e-06,0.01054912805557251,0.06805995106697083,-0.003327404148876667,0.0,0.0,0.0,0.0,0.0,0.09297128021717072,0.0,0.0,0.2544425129890442
8,67,0.08554359525442123,7.236628334794659e-06,0.038717031478881836,0.10641884803771973,0.05749227851629257,0.0,0.0,0.0,0.0,0.0,0.262874960899353,0.0,0.0,0.0,3.6183141673973296e-06,0.019358515739440918,0.05320942401885986,0.028746139258146286,0.0,0.0,0.0,0.0,0.0,0.052574992179870605,0.0,0.0,0.2394362837076187
8,68,0.09037794172763824,1.7139086594397668e-06,0.026200473308563232,0.08189371228218079,-0.001699431799352169,0.0,0.0,0.0,0.0,0.0,0.21079854667186737,0.0,0.0,0.0,8.569543297198834e-07,0.013100236654281616,0.04094685614109039,-0.0008497158996760845,0.0,0.0,0.0,0.0,0.0,0.042159710079431534,0.0,0.0,0.18573589622974396
8,69,0.08465617150068283,5.3761768867843784e-06,0.026355087757110596,0.09848138689994812,0.07475704699754715,0.0,0.0,0.0,0.0,0.0,0.0,0.0,0.0,0.0,2.6880884433921892e-06,0.013177543878555298,0.04924069344997406,0.037378523498773575,0.0,0.0,0.0,0.0,0.0,0.0,0.0,0.0,0.18445561826229095
8,70,0.09108317643404007,1.7105228380387416e-06,0.02976691722869873,0.08884453773498535,0.05227292701601982,0.0,0.0,0.0,0.0,0.0,0.1340935230255127,0.0,0.0,0.0,8.552614190193708e-07,0.014883458614349365,0.044422268867492676,0.02613646350800991,0.0,0.0,0.0,0.0,0.0,0.02681870572268963,0.0,0.0,0.20334492623806
8,71,0.08333845436573029,4.373267529445002e-06,0.02738887071609497,0.09386250376701355,-0.02284551039338112,0.0,0.0,0.0,0.0,0.0,0.16577181220054626,0.0,0.0,0.0,2.186633764722501e-06,0.013694435358047485,0.046931251883506775,-0.01142275519669056,0.0,0.0,0.0,0.0,0.0,0.03315436467528343,0.0,0.0,0.16569793224334717
8,72,0.0870208665728569,6.226891400729073e-06,0.05391228199005127,0.1456514596939087,0.08398754149675369,0.0,0.0,0.0,0.0,0.0,0.32553356885910034,0.0,0.0,0.0,3.1134457003645366e-06,0.026956140995025635,0.07282572984695435,0.041993770748376846,0.0,0.0,0.0,0.0,0.0,0.06510671228170395,0.0,0.0,0.2939063310623169
8,73,0.08937793970108032,4.768652615894098e-06,0.058488667011260986,0.09214043617248535,0.032391440123319626,0.0,0.0,0.0,0.0,0.0,0.1800096035003662,0.0,0.0,0.0,2.384326307947049e-06,0.029244333505630493,0.046070218086242676,0.016195720061659813,0.0,0.0,0.0,0.0,0.0,0.03600192070007324,0.0,0.0,0.21689251065254211
8,74,0.08260130882263184,6.048096111044288e-06,0.05346059799194336,0.12205430865287781,0.0753183364868164,0.0,0.0,0.0,0.0,0.0,0.17329156398773193,0.0,0.0,0.0,3.024048055522144e-06,0.02673029899597168,0.061027154326438904,0.0376591682434082,0.0,0.0,0.0,0.0,0.0,0.03465831279754639,0.0,0.0,0.24267926812171936
8,75,0.08521717041730881,4.637970050680451e-06,0.02689528465270996,0.10374444723129272,0.0888826996088028,0.0,0.0,0.0,0.0,0.0,0.10364735126495361,0.0,0.0,0.0,2.3189850253402255e-06,0.01344764232635498,0.05187222361564636,0.0444413498044014,0.0,0.0,0.0,0.0,0.0,0.020729470998048782,0.0,0.0,0.21571017801761627
8,76,0.08192519843578339,1.0026117251982214e-06,0.024157404899597168,0.07157760858535767,0.003265559673309326,0.0,0.0,0.0,0.0,0.0,0.11021077632904053,0.0,0.0,0.0,5.013058625991107e-07,0.012078702449798584,0.03578880429267883,0.001632779836654663,0.0,0.0,0.0,0.0,0.0,0.022042155265808105,0.0,0.0,0.15346813201904297
8,77,0.08029943704605103,1.4863060187053634e-06,0.013280391693115234,0.06359180808067322,0.0484665185213089,0.0,0.0,0.0,0.0,0.0,0.10371798276901245,0.0,0.0,0.0,7.431530093526817e-07,0.006640195846557617,0.03179590404033661,0.02423325926065445,0.0,0.0,0.0,0.0,0.0,0.02074359729886055,0.0,0.0,0.16371314227581024
8,78,0.0846010074019432,1.7166097677545622e-05,0.05264413356781006,0.18133506178855896,0.004440825432538986,0.0,0.0,0.0,0.0,0.0,0.1315353661775589,0.0,0.0,0.0,8.583048838772811e-06,0.02632206678390503,0.09066753089427948,0.002220412716269493,0.0,0.0,0.0,0.0,0.0,0.02630707435309887,0.0,0.0,0.23012666404247284
8,79,0.08703508228063583,9.219564162776805e-06,0.029095053672790527,0.14355719089508057,0.07447978854179382,0.0,0.0,0.0,0.0,0.0,0.3319096565246582,0.0,0.0,0.0,4.609782081388403e-06,0.014547526836395264,0.07177859544754028,0.03723989427089691,0.0,0.0,0.0,0.0,0.0,0.06638193130493164,0.0,0.0,0.27698764204978943
8,80,0.0773276537656784,5.990938916511368e-06,0.08740615844726562,0.1632784903049469,0.0033396221697330475,0.0,0.0,0.0,0.0,0.0,0.21777242422103882,0.0,0.0,0.0,2.995469458255684e-06,0.04370307922363281,0.08163924515247345,0.0016698110848665237,0.0,0.0,0.0,0.0,0.0,0.043554484844207764,0.0,0.0,0.24789726734161377
8,81,0.08048530668020248,7.552573151770048e-06,0.021593987941741943,0.11343538761138916,0.022626111283898354,0.0,0.0,0.0,0.0,0.0,0.15976011753082275,0.0,0.0,0.0,3.776286575885024e-06,0.010796993970870972,0.05671769380569458,0.011313055641949177,0.0,0.0,0.0,0.0,0.0,0.03195202350616455,0.0,0.0,0.19126884639263153
8,82,0.0966465026140213,1.8435898709867615e-06,0.04831892251968384,0.08061766624450684,0.04715155065059662,0.0,0.0,0.0,0.0,0.0,0.16129307448863983,0.0,0.0,0.0,9.217949354933808e-07,0.02415946125984192,0.04030883312225342,0.02357577532529831,0.0,0.0,0.0,0.0,0.0,0.032258614897727966,0.0,0.0,0.21695010364055634
8,83,0.1144312173128128,7.313979040191043e-06,0.0714150071144104,0.1231130063533783,0.06075345724821091,0.0,0.0,0.0,0.0,0.0,0.43172138929367065,0.0,0.0,0.0,3.6569895200955216e-06,0.0357075035572052,0.06155650317668915,0.030376728624105453,0.0,0.0,0.0,0.0,0.0,0.08634427934885025,0.0,0.0,0.32841989398002625
8,84,0.08645273000001907,5.1760707719950005e-06,0.016740024089813232,0.09366479516029358,0.022382019087672234,0.0,0.0,0.0,0.0,0.0,0.15136998891830444,0.0,0.0,0.0,2.5880353859975003e-06,0.008370012044906616,0.04683239758014679,0.011191009543836117,0.0,0.0,0.0,0.0,0.0,0.03027399815618992,0.0,0.0,0.18312273919582367
8,85,0.08439548313617706,1.9207436707802117e-06,0.022528231143951416,0.08068165183067322,-0.01803663745522499,0.0,0.0,0.0,0.0,0.0,0.2771754562854767,0.0,0.0,0.0,9.603718353901058e-07,0.011264115571975708,0.04034082591533661,-0.009018318727612495,0.0,0.0,0.0,0.0,0.0,0.05543509125709534,0.0,0.0,0.18241815268993378
8,86,0.07699588686227798,3.946234301110962e-06,0.03411269187927246,0.0980520248413086,0.056723229587078094,0.0,0.0,0.0,0.0,0.0,0.21373026072978973,0.0,0.0,0.0,1.973117150555481e-06,0.01705634593963623,0.0490260124206543,0.028361614793539047,0.0,0.0,0.0,0.0,0.0,0.04274605214595795,0.0,0.0,0.214187890291214
8,87,0.08193998783826828,7.913075933174696e-06,0.025550901889801025,0.13209426403045654,-0.03397441655397415,0.0,0.0,0.0,0.0,0.0,0.4348127841949463,0.0,0.0,0.0,3.956537966587348e-06,0.012775450944900513,0.06604713201522827,-0.016987208276987076,0.0,0.0,0.0,0.0,0.0,0.08696255832910538,0.0,0.0,0.23074188828468323
8,88,0.07986479997634888,1.739710910442227e-06,0.029324591159820557,0.06673255562782288,0.019112147390842438,0.0,0.0,0.0,0.0,0.0,0.12649399042129517,0.0,0.0,0.0,8.698554552211135e-07,0.014662295579910278,0.03336627781391144,0.009556073695421219,0.0,0.0,0.0,0.0,0.0,0.025298798456788063,0.0,0.0,0.16274912655353546
8,89,0.07973720133304596,8.507737220497802e-06,0.05519038438796997,0.09196937084197998,0.03631812706589699,0.0,0.0,0.0,0.0,0.0,0.1303982138633728,0.0,0.0,0.0,4.253868610248901e-06,0.027595192193984985,0.04598468542098999,0.018159063532948494,0.0,0.0,0.0,0.0,0.0,0.02607964351773262,0.0,0.0,0.19756002724170685
8,90,0.07712967693805695,3.3480334877822315e-06,0.023192405700683594,0.0781085193157196,0.027540450915694237,0.0,0.0,0.0,0.0,0.0,0.10267090797424316,0.0,0.0,0.0,1.6740167438911158e-06,0.011596202850341797,0.0390542596578598,0.013770225457847118,0.0,0.0,0.0,0.0,0.0,0.020534181967377663,0.0,0.0,0.16208621859550476
8,91,0.07912732660770416,3.90330615118728e-06,0.02054041624069214,0.07017132639884949,0.018380140885710716,0.0,0.0,0.0,0.0,0.0,0.2732188105583191,0.0,0.0,0.0,1.95165307559364e-06,0.01027020812034607,0.035085663199424744,0.009190070442855358,0.0,0.0,0.0,0.0,0.0,0.05464376136660576,0.0,0.0,0.18831898272037506
8,92,0.08200643956661224,8.958562830230221e-06,0.04473435878753662,0.10786306858062744,-0.01398739218711853,0.0,0.0,0.0,0.0,0.0,0.17557299137115479,0.0,0.0,0.0,4.4792814151151106e-06,0.02236717939376831,0.05393153429031372,-0.006993696093559265,0.0,0.0,0.0,0.0,0.0,0.0351145975291729,0.0,0.0,0.18643054366111755
8,93,0.06942620873451233,5.9894309742958285e-06,0.02132350206375122,0.10092410445213318,-0.006162470206618309,0.0,0.0,0.0,0.0,0.0,0.15184533596038818,0.0,0.0,0.0,2.9947154871479142e-06,0.01066175103187561,0.05046205222606659,-0.0030812351033091545,0.0,0.0,0.0,0.0,0.0,0.030369067564606667,0.0,0.0,0.15784084796905518
8,94,0.07609698921442032,1.6926290982155479e-06,0.054576218128204346,0.06297576427459717,0.004352204501628876,0.0,0.0,0.0,0.0,0.0,0.18775475025177002,0.0,0.0,0.0,8.463145491077739e-07,0.027288109064102173,0.031487882137298584,0.002176102250814438,0.0,0.0,0.0,0.0,0.0,0.03755095228552818,0.0,0.0,0.17460089921951294
8,95,0.07577230036258698,1.5956618426571367e-06,0.023333609104156494,0.0771929919719696,0.02095670998096466,0.0,0.0,0.0,0.0,0.0,0.2202603816986084,0.0,0.0,0.0,7.978309213285684e-07,0.011666804552078247,0.0385964959859848,0.01047835499048233,0.0,0.0,0.0,0.0,0.0,0.04405207559466362,0.0,0.0,0.18056683242321014
8,96,0.07494530826807022,2.3904856334411306e-06,0.09670305252075195,0.10168087482452393,0.053538963198661804,0.0,0.0,0.0,0.0,0.0,0.0,0.0,0.0,0.0,1.1952428167205653e-06,0.04835152626037598,0.05084043741226196,0.026769481599330902,0.0,0.0,0.0,0.0,0.0,0.0,0.0,0.0,0.20090794563293457
8,97,0.07351480424404144,8.98673079063883e-06,0.020561516284942627,0.08849486708641052,-0.026496045291423798,0.0,0.0,0.0,0.0,0.0,0.2620130181312561,0.0,0.0,0.0,4.493365395319415e-06,0.010280758142471313,0.04424743354320526,-0.013248022645711899,0.0,0.0,0.0,0.0,0.0,0.05240260437130928,0.0,0.0,0.16720207035541534
8,98,0.07489793002605438,3.1648191907152068e-06,0.03878521919250488,0.11429658532142639,-0.0285189226269722,0.0,0.0,0.0,0.0,0.0,0.10173487663269043,0.0,0.0,0.0,1.5824095953576034e-06,0.01939260959625244,0.057148292660713196,-0.0142594613134861,0.0,0.0,0.0,0.0,0.0,0.020346974954009056,0.0,0.0,0.15752792358398438
8,99,0.07323656231164932,3.588324034353718e-06,0.02767658233642578,0.08538007736206055,-0.004400450736284256,0.0,0.0,0.0,0.0,0.0,0.12453015893697739,0.0,0.0,0.0,1.794162017176859e-06,0.01383829116821289,0.04269003868103027,-0.002200225368142128,0.0,0.0,0.0,0.0,0.0,0.024906031787395477,0.0,0.0,0.15247249603271484
8,100,0.0709063932299614,1.4248854540710454e-06,0.026793599128723145,0.07125774025917053,-0.013806376606225967,0.0,0.0,0.0,0.0,0.0,0.1659560203552246,0.0,0.0,0.0,7.124427270355227e-07,0.013396799564361572,0.035628870129585266,-0.006903188303112984,0.0,0.0,0.0,0.0,0.0,0.03319120407104492,0.0,0.0,0.14622080326080322
9,1,0.08735857903957367,1.4824539903202094e-05,0.14980125427246094,0.5892722606658936,0.0025968439877033234,0.0,0.0,0.0,0.0,0.0,0.553423285484314,0.0,0.0,0.0,7.412269951601047e-06,0.07490062713623047,0.2946361303329468,0.0012984219938516617,0.0,0.0,0.0,0.0,0.0,0.11068465560674667,0.0,0.0,0.5688858032226562
9,2,0.09033644944429398,1.0604569979477674e-05,0.17254483699798584,0.6225132942199707,0.01067790761590004,0.0,0.0,0.0,0.0,0.0,0.36136960983276367,0.0,0.0,0.0,5.302284989738837e-06,0.08627241849899292,0.31125664710998535,0.00533895380795002,0.0,0.0,0.0,0.0,0.0,0.07227392494678497,0.0,0.0,0.5654836893081665
9,3,0.07654798030853271,1.3984518773213495e-05,0.12439548969268799,0.44635009765625,0.0052178422920405865,0.0,0.0,0.0,0.0,0.0,0.408780574798584,0.0,0.0,0.0,6.992259386606747e-06,0.062197744846343994,0.223175048828125,0.0026089211460202932,0.0,0.0,0.0,0.0,0.0,0.0817561149597168,0.0,0.0,0.44629278779029846
9,4,0.0758710727095604,1.2736786629830021e-05,0.10228890180587769,0.5005408525466919,0.006756403483450413,0.0,0.0,0.0,0.0,0.0,0.5481497049331665,0.0,0.0,0.0,6.368393314915011e-06,0.05114445090293884,0.25027042627334595,0.0033782017417252064,0.0,0.0,0.0,0.0,0.0,0.10962994396686554,0.0,0.0,0.4903004765510559
9,5,0.07733849436044693,1.030886505759554e-05,0.11288988590240479,0.4493989050388336,0.004417304880917072,0.0,0.0,0.0,0.0,0.0,0.24398833513259888,0.0,0.0,0.0,5.15443252879777e-06,0.05644494295120239,0.2246994525194168,0.002208652440458536,0.0,0.0,0.0,0.0,0.0,0.048797667026519775,0.0,0.0,0.4094943404197693
9,6,0.08821539580821991,9.717812645249069e-06,0.06690305471420288,0.3752150237560272,0.0061297668144106865,0.0,0.0,0.0,0.0,0.0,0.6976305246353149,0.0,0.0,0.0,4.858906322624534e-06,0.03345152735710144,0.1876075118780136,0.0030648834072053432,0.0,0.0,0.0,0.0,0.0,0.1395261138677597,0.0,0.0,0.45187026262283325
9,7,0.06520406156778336,6.917635801073629e-06,0.14549291133880615,0.4091433584690094,0.016740577295422554,0.0,0.0,0.0,0.0,0.0,0.5270636081695557,0.0,0.0,0.0,3.4588179005368147e-06,0.07274645566940308,0.2045716792345047,0.008370288647711277,0.0,0.0,0.0,0.0,0.0,0.10541272163391113,0.0,0.0,0.45630866289138794
9,8,0.0879693329334259,6.4819328144949395e-06,0.18555378913879395,0.6473113298416138,0.006619165185838938,0.0,0.0,0.0,0.0,0.0,0.0,0.0,0.0,0.0,3.2409664072474698e-06,0.09277689456939697,0.3236556649208069,0.003309582592919469,0.0,0.0,0.0,0.0,0.0,0.0,0.0,0.0,0.5077147483825684
9,9,0.08667507767677307,8.627724128018599e-06,0.07466781139373779,0.3114623427391052,0.01775076426565647,0.0,0.0,0.0,0.0,0.0,0.3729254901409149,0.0,0.0,0.0,4.3138620640092995e-06,0.037333905696868896,0.1557311713695526,0.008875382132828236,0.0,0.0,0.0,0.0,0.0,0.07458510249853134,0.0,0.0,0.3632049560546875
9,10,0.07947683334350586,7.823976375220809e-06,0.17311334609985352,0.3420161008834839,0.023646658286452293,0.0,0.0,0.0,0.0,0.0,0.5217536687850952,0.0,0.0,0.0,3.9119881876104046e-06,0.08655667304992676,0.17100805044174194,0.011823329143226147,0.0,0.0,0.0,0.0,0.0,0.1043507382273674,0.0,0.0,0.45321953296661377
9,11,0.08100144565105438,7.288344022526871e-06,0.06970560550689697,0.28925615549087524,0.03017902933061123,0.0,0.0,0.0,0.0,0.0,0.3200356066226959,0.0,0.0,0.0,3.6441720112634357e-06,0.034852802753448486,0.14462807774543762,0.015089514665305614,0.0,0.0,0.0,0.0,0.0,0.06400712579488754,0.0,0.0,0.339582622051239
9,12,0.0815800204873085,1.127957057178719e-05,0.12183171510696411,0.29176509380340576,0.037348005920648575,0.0,0.0,0.0,0.0,0.0,0.7245723605155945,0.0,0.0,0.0,5.639785285893595e-06,0.060915857553482056,0.14588254690170288,0.018674002960324287,0.0,0.0,0.0,0.0,0.0,0.14491447806358337,0.0,0.0,0.4519725739955902
9,13,0.0825021043419838,1.1795266800618265e-05,0.13514846563339233,0.2505373954772949,0.03705247491598129,0.0,0.0,0.0,0.0,0.0,0.6674836874008179,0.0,0.0,0.0,5.897633400309132e-06,0.06757423281669617,0.12526869773864746,0.018526237457990646,0.0,0.0,0.0,0.0,0.0,0.1334967464208603,0.0,0.0,0.42737388610839844
9,14,0.08470318466424942,4.091267783223884e-06,0.05332982540130615,0.1677550971508026,0.01874600723385811,0.0,0.0,0.0,0.0,0.0,0.2545584440231323,0.0,0.0,0.0,2.045633891611942e-06,0.026664912700653076,0.0838775485754013,0.009373003616929054,0.0,0.0,0.0,0.0,0.0,0.050911691039800644,0.0,0.0,0.2555323839187622
9,15,0.09819762408733368,7.407645625789883e-06,0.058277428150177,0.33742406964302063,0.07230062782764435,0.0,0.0,0.0,0.0,0.0,0.37573063373565674,0.0,0.0,0.0,3.7038228128949413e-06,0.0291387140750885,0.16871203482151031,0.036150313913822174,0.0,0.0,0.0,0.0,0.0,0.0751461312174797,0.0,0.0,0.40734854340553284
9,16,0.10095654428005219,1.4805533282924443e-05,0.08119696378707886,0.2977101802825928,0.03486121445894241,0.0,0.0,0.0,0.0,0.0,0.29941654205322266,0.0,0.0,0.0,7.402766641462222e-06,0.04059848189353943,0.1488550901412964,0.017430607229471207,0.0,0.0,0.0,0.0,0.0,0.05988330766558647,0.0,0.0,0.3677314221858978
9,17,0.09889299422502518,1.4318051398731768e-05,0.08327245712280273,0.22097960114479065,0.04915568605065346,0.0,0.0,0.0,0.0,0.0,0.22120606899261475,0.0,0.0,0.0,7.159025699365884e-06,0.04163622856140137,0.11048980057239532,0.02457784302532673,0.0,0.0,0.0,0.0,0.0,0.04424121603369713,0.0,0.0,0.3198452591896057
9,18,0.09041628241539001,4.023714154754998e-06,0.03403860330581665,0.1632288098335266,0.03197360038757324,0.0,0.0,0.0,0.0,0.0,0.07180178165435791,0.0,0.0,0.0,2.011857077377499e-06,0.017019301652908325,0.0816144049167633,0.01598680019378662,0.0,0.0,0.0,0.0,0.0,0.014360356144607067,0.0,0.0,0.21939915418624878
9,19,0.1106012612581253,1.0880154150072485e-05,0.07507658004760742,0.2212420105934143,0.045916423201560974,0.0,0.0,0.0,0.0,0.0,0.1873624324798584,0.0,0.0,0.0,5.440077075036243e-06,0.03753829002380371,0.11062100529670715,0.022958211600780487,0.0,0.0,0.0,0.0,0.0,0.03747248649597168,0.0,0.0,0.3191967010498047
9,20,0.10372556746006012,1.178775892185513e-05,0.06588327884674072,0.2523482143878937,0.0599820502102375,0.0,0.0,0.0,0.0,0.0,0.27654924988746643,0.0,0.0,0.0,5.893879460927565e-06,0.03294163942337036,0.12617410719394684,0.02999102510511875,0.0,0.0,0.0,0.0,0.0,0.055309850722551346,0.0,0.0,0.34814807772636414
9,21,0.08949382603168488,7.5950147220282815e-06,0.04870337247848511,0.1523239016532898,0.04732028394937515,0.0,0.0,0.0,0.0,0.0,0.5142963528633118,0.0,0.0,0.0,3.7975073610141408e-06,0.024351686239242554,0.0761619508266449,0.023660141974687576,0.0,0.0,0.0,0.0,0.0,0.10285927355289459,0.0,0.0,0.31653067469596863
9,22,0.09663468599319458,6.848615157650784e-06,0.06175994873046875,0.1393289864063263,0.023620419204235077,0.0,0.0,0.0,0.0,0.0,0.27933359146118164,0.0,0.0,0.0,3.424307578825392e-06,0.030879974365234375,0.06966449320316315,0.011810209602117538,0.0,0.0,0.0,0.0,0.0,0.05586671829223633,0.0,0.0,0.26485949754714966
9,23,0.1052924245595932,2.7564651645661797e-06,0.1033334732055664,0.2289716899394989,0.09258674830198288,0.0,0.0,0.0,0.0,0.0,0.2665986716747284,0.0,0.0,0.0,1.3782325822830899e-06,0.0516667366027832,0.11448584496974945,0.04629337415099144,0.0,0.0,0.0,0.0,0.0,0.05331973358988762,0.0,0.0,0.37105950713157654
9,24,0.09841964393854141,7.874223229009658e-06,0.053042829036712646,0.19905132055282593,0.06258935481309891,0.0,0.0,0.0,0.0,0.0,0.21588820219039917,0.0,0.0,0.0,3.937111614504829e-06,0.026521414518356323,0.09952566027641296,0.031294677406549454,0.0,0.0,0.0,0.0,0.0,0.04317764192819595,0.0,0.0,0.2989429533481598
9,25,0.12249141931533813,9.63637648965232e-06,0.07223647832870483,0.20079964399337769,0.05709894374012947,0.0,0.0,0.0,0.0,0.0,0.36886897683143616,0.0,0.0,0.0,4.81818824482616e-06,0.03611823916435242,0.10039982199668884,0.028549471870064735,0.0,0.0,0.0,0.0,0.0,0.07377379387617111,0.0,0.0,0.3613375723361969
9,26,0.0816078782081604,8.867748874763492e-06,0.10652554035186768,0.19160747528076172,0.08311304450035095,0.0,0.0,0.0,0.0,0.0,0.15462200343608856,0.0,0.0,0.0,4.433874437381746e-06,0.05326277017593384,0.09580373764038086,0.041556522250175476,0.0,0.0,0.0,0.0,0.0,0.030924400314688683,0.0,0.0,0.3031597435474396
9,27,0.09999848902225494,5.681425136572216e-06,0.08073151111602783,0.18946316838264465,0.06241011619567871,0.0,0.0,0.0,0.0,0.0,0.23492074012756348,0.0,0.0,0.0,2.840712568286108e-06,0.040365755558013916,0.09473158419132233,0.031205058097839355,0.0,0.0,0.0,0.0,0.0,0.046984147280454636,0.0,0.0,0.3132878541946411
9,28,0.11292143166065216,7.026816092547961e-06,0.11209487915039062,0.1402328908443451,0.06982839107513428,0.0,0.0,0.0,0.0,0.0,0.24762266874313354,0.0,0.0,0.0,3.5134080462739803e-06,0.05604743957519531,0.07011644542217255,0.03491419553756714,0.0,0.0,0.0,0.0,0.0,0.04952453449368477,0.0,0.0,0.32352757453918457
9,29,0.08264142274856567,4.008471023553284e-06,0.039827048778533936,0.1320396363735199,0.06882016360759735,0.0,0.0,0.0,0.0,0.0,0.2046106457710266,0.0,0.0,0.0,2.004235511776642e-06,0.019913524389266968,0.06601981818675995,0.034410081803798676,0.0,0.0,0.0,0.0,0.0,0.0409221313893795,0.0,0.0,0.24390900135040283
9,30,0.09948083013296127,5.089897513244068e-06,0.03844761848449707,0.12005335092544556,0.09921184927225113,0.0,0.0,0.0,0.0,0.0,0.2284529209136963,0.0,0.0,0.0,2.544948756622034e-06,0.019223809242248535,0.06002667546272278,0.049605924636125565,0.0,0.0,0.0,0.0,0.0,0.04569058492779732,0.0,0.0,0.2740303575992584
9,31,0.07968078553676605,1.0730320354923606e-05,0.037692487239837646,0.1692887246608734,0.05568810552358627,0.0,0.0,0.0,0.0,0.0,0.1787731647491455,0.0,0.0,0.0,5.365160177461803e-06,0.018846243619918823,0.0846443623304367,0.027844052761793137,0.0,0.0,0.0,0.0,0.0,0.03575463220477104,0.0,0.0,0.24677544832229614
9,32,0.09555089473724365,5.004771992389578e-06,0.047541141510009766,0.11493149399757385,0.05844966322183609,0.0,0.0,0.0,0.0,0.0,0.15042376518249512,0.0,0.0,0.0,2.502385996194789e-06,0.023770570755004883,0.057465746998786926,0.029224831610918045,0.0,0.0,0.0,0.0,0.0,0.030084753409028053,0.0,0.0,0.23609930276870728
9,33,0.09201275557279587,2.158690222131554e-06,0.051255881786346436,0.14101716876029968,0.0569300651550293,0.0,0.0,0.0,0.0,0.0,0.1481724977493286,0.0,0.0,0.0,1.079345111065777e-06,0.025627940893173218,0.07050858438014984,0.02846503257751465,0.0,0.0,0.0,0.0,0.0,0.029634499922394753,0.0,0.0,0.24624989926815033
9,34,0.08516383916139603,4.292992343835067e-06,0.05092233419418335,0.16169223189353943,0.10311225056648254,0.0,0.0,0.0,0.0,0.0,0.28443455696105957,0.0,0.0,0.0,2.1464961719175335e-06,0.025461167097091675,0.08084611594676971,0.05155612528324127,0.0,0.0,0.0,0.0,0.0,0.056886911392211914,0.0,0.0,0.2999163269996643
9,35,0.08051710575819016,8.280893780465703e-06,0.02577376365661621,0.15876567363739014,0.07008232176303864,0.0,0.0,0.0,0.0,0.0,0.37654101848602295,0.0,0.0,0.0,4.140446890232852e-06,0.012886881828308105,0.07938283681869507,0.03504116088151932,0.0,0.0,0.0,0.0,0.0,0.07530820369720459,0.0,0.0,0.2831403315067291
9,36,0.07751081138849258,9.34540821617702e-06,0.03791201114654541,0.1673159897327423,0.08913765102624893,0.0,0.0,0.0,0.0,0.0,0.14554625749588013,0.0,0.0,0.0,4.67270410808851e-06,0.018956005573272705,0.08365799486637115,0.044568825513124466,0.0,0.0,0.0,0.0,0.0,0.029109252616763115,0.0,0.0,0.25380754470825195
9,37,0.08400671184062958,4.484020792006049e-06,0.036055922508239746,0.12685877084732056,0.08306054770946503,0.0,0.0,0.0,0.0,0.0,0.25565361976623535,0.0,0.0,0.0,2.2420103960030247e-06,0.018027961254119873,0.06342938542366028,0.04153027385473251,0.0,0.0,0.0,0.0,0.0,0.05113072320818901,0.0,0.0,0.2581273019313812
9,38,0.08161063492298126,4.769884071720298e-06,0.08871704339981079,0.13675138354301453,0.12473034858703613,0.0,0.0,0.0,0.0,0.0,0.20216315984725952,0.0,0.0,0.0,2.384942035860149e-06,0.044358521699905396,0.06837569177150726,0.062365174293518066,0.0,0.0,0.0,0.0,0.0,0.040432631969451904,0.0,0.0,0.2971450388431549
9,39,0.0735543817281723,4.8826095735421404e-06,0.020417213439941406,0.11951875686645508,0.07696402072906494,0.0,0.0,0.0,0.0,0.0,0.1513095498085022,0.0,0.0,0.0,2.4413047867710702e-06,0.010208606719970703,0.05975937843322754,0.03848201036453247,0.0,0.0,0.0,0.0,0.0,0.03026190958917141,0.0,0.0,0.21226872503757477
9,40,0.09134895354509354,4.3179793465242255e-06,0.025368988513946533,0.08769699931144714,0.08538652956485748,0.0,0.0,0.0,0.0,0.0,0.21213078498840332,0.0,0.0,0.0,2.1589896732621128e-06,0.012684494256973267,0.04384849965572357,0.04269326478242874,0.0,0.0,0.0,0.0,0.0,0.042426157742738724,0.0,0.0,0.23300351202487946
9,41,0.08560110628604889,5.027119186706841e-06,0.030157804489135742,0.11475428938865662,0.07167355716228485,0.0,0.0,0.0,0.0,0.0,0.1623707264661789,0.0,0.0,0.0,2.5135595933534205e-06,0.015078902244567871,0.05737714469432831,0.035836778581142426,0.0,0.0,0.0,0.0,0.0,0.03247414529323578,0.0,0.0,0.22637058794498444
9,42,0.07062503695487976,5.425170911621535e-06,0.0330735445022583,0.07888612151145935,0.04114203527569771,0.0,0.0,0.0,0.0,0.0,0.14357060194015503,0.0,0.0,0.0,2.7125854558107676e-06,0.01653677225112915,0.039443060755729675,0.020571017637848854,0.0,0.0,0.0,0.0,0.0,0.028714120388031006,0.0,0.0,0.17589272558689117
9,43,0.08408414572477341,1.2263240932952613e-05,0.06186121702194214,0.14251884818077087,0.024867985397577286,0.0,0.0,0.0,0.0,0.0,0.13784277439117432,0.0,0.0,0.0,6.131620466476306e-06,0.03093060851097107,0.07125942409038544,0.012433992698788643,0.0,0.0,0.0,0.0,0.0,0.027568554505705833,0.0,0.0,0.22628284990787506
9,44,0.07310877740383148,9.062245226232335e-06,0.055288076400756836,0.1583634912967682,0.11206687986850739,0.0,0.0,0.0,0.0,0.0,0.26335299015045166,0.0,0.0,0.0,4.5311226131161675e-06,0.027644038200378418,0.0791817456483841,0.05603343993425369,0.0,0.0,0.0,0.0,0.0,0.05267059803009033,0.0,0.0,0.28864312171936035
9,45,0.07999973744153976,1.0941562322841492e-06,0.01971256732940674,0.08311137557029724,0.07440600544214249,0.0,0.0,0.0,0.0,0.0,0.21111972630023956,0.0,0.0,0.0,5.470781161420746e-07,0.00985628366470337,0.04155568778514862,0.03720300272107124,0.0,0.0,0.0,0.0,0.0,0.04222394526004791,0.0,0.0,0.2108391970396042
9,46,0.07220719754695892,6.493326964118751e-06,0.0191500186920166,0.1161031424999237,0.029767999425530434,0.0,0.0,0.0,0.0,0.0,0.40136823058128357,0.0,0.0,0.0,3.2466634820593754e-06,0.0095750093460083,0.05805157124996185,0.014883999712765217,0.0,0.0,0.0,0.0,0.0,0.08027365058660507,0.0,0.0,0.23499467968940735
9,47,0.09207068383693695,5.414417955762474e-06,0.036553800106048584,0.08967980742454529,0.08423235267400742,0.0,0.0,0.0,0.0,0.0,0.12295281887054443,0.0,0.0,0.0,2.707208977881237e-06,0.018276900053024292,0.044839903712272644,0.04211617633700371,0.0,0.0,0.0,0.0,0.0,0.024590564891695976,0.0,0.0,0.2218969464302063
9,48,0.0722518041729927,8.18253647594247e-06,0.04975229501724243,0.14691370725631714,0.08407531678676605,0.0,0.0,0.0,0.0,0.0,0.3081902265548706,0.0,0.0,0.0,4.091268237971235e-06,0.024876147508621216,0.07345685362815857,0.042037658393383026,0.0,0.0,0.0,0.0,0.0,0.06163804605603218,0.0,0.0,0.2742646038532257
9,49,0.07421599328517914,7.148686563596129e-06,0.048623859882354736,0.12550371885299683,0.08965131640434265,0.0,0.0,0.0,0.0,0.0,0.12675738334655762,0.0,0.0,0.0,3.5743432817980647e-06,0.024311929941177368,0.06275185942649841,0.044825658202171326,0.0,0.0,0.0,0.0,0.0,0.025351477786898613,0.0,0.0,0.23146049678325653
9,50,0.08712877333164215,1.3799941598335863e-06,0.0521736741065979,0.11920082569122314,0.06480757892131805,0.0,0.0,0.0,0.0,0.0,0.5280575752258301,0.0,0.0,0.0,6.899970799167932e-07,0.02608683705329895,0.05960041284561157,0.03240378946065903,0.0,0.0,0.0,0.0,0.0,0.10561151802539825,0.0,0.0,0.31083202362060547
9,51,0.07631001621484756,2.273666268592933e-06,0.051055192947387695,0.114278644323349,0.012150920927524567,0.0,0.0,0.0,0.0,0.0,0.11944671720266342,0.0,0.0,0.0,1.1368331342964666e-06,0.025527596473693848,0.0571393221616745,0.006075460463762283,0.0,0.0,0.0,0.0,0.0,0.023889344185590744,0.0,0.0,0.18894287943840027
9,52,0.07975100725889206,3.931321771233343e-06,0.03393149375915527,0.07569906115531921,0.07873949408531189,0.0,0.0,0.0,0.0,0.0,0.16146382689476013,0.0,0.0,0.0,1.9656608856166713e-06,0.016965746879577637,0.03784953057765961,0.039369747042655945,0.0,0.0,0.0,0.0,0.0,0.03229276463389397,0.0,0.0,0.2062307596206665
9,53,0.06834840774536133,4.891519438388059e-06,0.03721576929092407,0.08479663729667664,0.06665779650211334,0.0,0.0,0.0,0.0,0.0,0.1875637173652649,0.0,0.0,0.0,2.4457597191940295e-06,0.018607884645462036,0.04239831864833832,0.03332889825105667,0.0,0.0,0.0,0.0,0.0,0.03751274570822716,0.0,0.0,0.2001987099647522
9,54,0.07776780426502228,1.2369990145089105e-05,0.07813650369644165,0.231453076004982,0.1279168576002121,0.0,0.0,0.0,0.0,0.0,0.3426848351955414,0.0,0.0,0.0,6.184995072544552e-06,0.039068251848220825,0.115726538002491,0.06395842880010605,0.0,0.0,0.0,0.0,0.0,0.06853696703910828,0.0,0.0,0.36506417393684387
9,55,0.07791869342327118,5.981290996714961e-06,0.03869450092315674,0.09855961799621582,0.020642148330807686,0.0,0.0,0.0,0.0,0.0,0.06797134876251221,0.0,0.0,0.0,2.9906454983574804e-06,0.01934725046157837,0.04927980899810791,0.010321074165403843,0.0,0.0,0.0,0.0,0.0,0.013594269752502441,0.0,0.0,0.17046409845352173
9,56,0.07300199568271637,5.4271486078505404e-06,0.051772236824035645,0.1381785273551941,0.007720667868852615,0.0,0.0,0.0,0.0,0.0,0.10787713527679443,0.0,0.0,0.0,2.7135743039252702e-06,0.025886118412017822,0.06908926367759705,0.0038603339344263077,0.0,0.0,0.0,0.0,0.0,0.021575426682829857,0.0,0.0,0.19341585040092468
9,57,0.07426946610212326,3.508066583890468e-06,0.024342715740203857,0.08034327626228333,0.009351920336484909,0.0,0.0,0.0,0.0,0.0,0.12253150343894958,0.0,0.0,0.0,1.754033291945234e-06,0.012171357870101929,0.04017163813114166,0.0046759601682424545,0.0,0.0,0.0,0.0,0.0,0.024506300687789917,0.0,0.0,0.15579646825790405
9,58,0.06667299568653107,6.976565146032954e-06,0.0235748291015625,0.10385781526565552,-0.0015905369073152542,0.0,0.0,0.0,0.0,0.0,0.31245970726013184,0.0,0.0,0.0,3.488282573016477e-06,0.01178741455078125,0.05192890763282776,-0.0007952684536576271,0.0,0.0,0.0,0.0,0.0,0.06249194219708443,0.0,0.0,0.19208946824073792
9,59,0.07963656634092331,1.0687919711926952e-05,0.03302031755447388,0.14876142144203186,0.10675420612096786,0.0,0.0,0.0,0.0,0.0,0.18026083707809448,0.0,0.0,0.0,5.343959855963476e-06,0.01651015877723694,0.07438071072101593,0.05337710306048393,0.0,0.0,0.0,0.0,0.0,0.036052167415618896,0.0,0.0,0.2599620521068573
9,60,0.06959127634763718,3.7144916404940886e-06,0.026394009590148926,0.08710289001464844,0.0699179396033287,0.0,0.0,0.0,0.0,0.0,0.13565486669540405,0.0,0.0,0.0,1.8572458202470443e-06,0.013197004795074463,0.04355144500732422,0.03495896980166435,0.0,0.0,0.0,0.0,0.0,0.0271309744566679,0.0,0.0,0.1884315311908722
9,61,0.0689011812210083,6.869060143799288e-06,0.03981578350067139,0.10440224409103394,0.07050719112157822,0.0,0.0,0.0,0.0,0.0,0.12657475471496582,0.0,0.0,0.0,3.434530071899644e-06,0.019907891750335693,0.05220112204551697,0.03525359556078911,0.0,0.0,0.0,0.0,0.0,0.025314951315522194,0.0,0.0,0.2015821784734726
9,62,0.06678461283445358,4.263993105269037e-06,0.02406519651412964,0.09463953971862793,-0.0051085203886032104,0.0,0.0,0.0,0.0,0.0,0.11091560125350952,0.0,0.0,0.0,2.1319965526345186e-06,0.01203259825706482,0.047319769859313965,-0.0025542601943016052,0.0,0.0,0.0,0.0,0.0,0.022183120250701904,0.0,0.0,0.1457679569721222
9,63,0.07519271969795227,7.708632438152563e-06,0.021530330181121826,0.10001295804977417,0.012212201952934265,0.0,0.0,0.0,0.0,0.0,0.1380174607038498,0.0,0.0,0.0,3.854316219076281e-06,0.010765165090560913,0.050006479024887085,0.006106100976467133,0.0,0.0,0.0,0.0,0.0,0.02760349214076996,0.0,0.0,0.16967780888080597
9,64,0.06200631707906723,1.0489324267837219e-05,0.0564877986907959,0.14018097519874573,0.07556313276290894,0.0,0.0,0.0,0.0,0.0,0.20605695247650146,0.0,0.0,0.0,5.2446621339186095e-06,0.02824389934539795,0.07009048759937286,0.03778156638145447,0.0,0.0,0.0,0.0,0.0,0.04121139273047447,0.0,0.0,0.23933890461921692
9,65,0.07311409711837769,2.9314983294170815e-06,0.026811599731445312,0.09580835700035095,0.0019330820068717003,0.0,0.0,0.0,0.0,0.0,0.12218773365020752,0.0,0.0,0.0,1.4657491647085408e-06,0.013405799865722656,0.047904178500175476,0.0009665410034358501,0.0,0.0,0.0,0.0,0.0,0.024437546730041504,0.0,0.0,0.15982963144779205
9,66,0.06384824961423874,4.482271378947189e-06,0.020862579345703125,0.1259656548500061,-0.0014744037762284279,0.0,0.0,0.0,0.0,0.0,0.4360474646091461,0.0,0.0,0.0,2.2411356894735945e-06,0.010431289672851562,0.06298282742500305,-0.0007372018881142139,0.0,0.0,0.0,0.0,0.0,0.08720949292182922,0.0,0.0,0.22373689711093903
9,67,0.06331963837146759,7.785068191878963e-06,0.03869330883026123,0.08981925249099731,0.042540546506643295,0.0,0.0,0.0,0.0,0.0,0.23736174404621124,0.0,0.0,0.0,3.892534095939482e-06,0.019346654415130615,0.04490962624549866,0.021270273253321648,0.0,0.0,0.0,0.0,0.0,0.04747235029935837,0.0,0.0,0.19632244110107422
9,68,0.06731290370225906,5.317847922015062e-07,0.026124775409698486,0.06663253903388977,0.0019642431288957596,0.0,0.0,0.0,0.0,0.0,0.1994788646697998,0.0,0.0,0.0,2.658923961007531e-07,0.013062387704849243,0.033316269516944885,0.0009821215644478798,0.0,0.0,0.0,0.0,0.0,0.03989577293395996,0.0,0.0,0.15456971526145935
9,69,0.06279958784580231,5.929197413934162e-06,0.01902008056640625,0.07968160510063171,0.0370153933763504,0.0,0.0,0.0,0.0,0.0,0.0,0.0,0.0,0.0,2.964598706967081e-06,0.009510040283203125,0.03984080255031586,0.0185076966881752,0.0,0.0,0.0,0.0,0.0,0.0,0.0,0.0,0.13066110014915466
9,70,0.06359262764453888,1.585679228810477e-06,0.026260018348693848,0.0840514600276947,0.043423984199762344,0.0,0.0,0.0,0.0,0.0,0.12627935409545898,0.0,0.0,0.0,7.928396144052385e-07,0.013130009174346924,0.04202573001384735,0.021711992099881172,0.0,0.0,0.0,0.0,0.0,0.025255871936678886,0.0,0.0,0.1657170206308365
9,71,0.06295962631702423,4.987743977835635e-06,0.02886253595352173,0.079274982213974,0.007234605029225349,0.0,0.0,0.0,0.0,0.0,0.14193814992904663,0.0,0.0,0.0,2.4938719889178174e-06,0.014431267976760864,0.039637491106987,0.0036173025146126747,0.0,0.0,0.0,0.0,0.0,0.028387630358338356,0.0,0.0,0.14903581142425537
9,72,0.061101049184799194,1.0316452971892431e-05,0.06769031286239624,0.13310906291007996,0.07060763239860535,0.0,0.0,0.0,0.0,0.0,0.2896042466163635,0.0,0.0,0.0,5.158226485946216e-06,0.03384515643119812,0.06655453145503998,0.03530381619930267,0.0,0.0,0.0,0.0,0.0,0.057920850813388824,0.0,0.0,0.25473055243492126
9,73,0.0631173700094223,4.2883120840997435e-06,0.0572165846824646,0.08457890152931213,0.019244303926825523,0.0,0.0,0.0,0.0,0.0,0.17763669788837433,0.0,0.0,0.0,2.1441560420498718e-06,0.0286082923412323,0.04228945076465607,0.009622151963412762,0.0,0.0,0.0,0.0,0.0,0.035527341067790985,0.0,0.0,0.1791667640209198
9,74,0.059050608426332474,4.052116764796665e-06,0.06810182332992554,0.08998501300811768,0.05454977601766586,0.0,0.0,0.0,0.0,0.0,0.1153218150138855,0.0,0.0,0.0,2.0260583823983325e-06,0.03405091166496277,0.04499250650405884,0.02727488800883293,0.0,0.0,0.0,0.0,0.0,0.02306436374783516,0.0,0.0,0.18843530118465424
9,75,0.060915131121873856,7.17653210813296e-06,0.020709216594696045,0.1028866171836853,0.08042463660240173,0.0,0.0,0.0,0.0,0.0,0.1031949520111084,0.0,0.0,0.0,3.58826605406648e-06,0.010354608297348022,0.05144330859184265,0.04021231830120087,0.0,0.0,0.0,0.0,0.0,0.02063899114727974,0.0,0.0,0.18356794118881226
9,76,0.05882851034402847,8.087261562650383e-07,0.02317643165588379,0.059204429388046265,0.006627816706895828,0.0,0.0,0.0,0.0,0.0,0.11388850212097168,0.0,0.0,0.0,4.0436307813251915e-07,0.011588215827941895,0.029602214694023132,0.003313908353447914,0.0,0.0,0.0,0.0,0.0,0.022777700796723366,0.0,0.0,0.1261109560728073
9,77,0.057435519993305206,9.427974418940721e-07,0.015328466892242432,0.05547410249710083,0.03761419281363487,0.0,0.0,0.0,0.0,0.0,0.10195523500442505,0.0,0.0,0.0,4.7139872094703605e-07,0.007664233446121216,0.027737051248550415,0.018807096406817436,0.0,0.0,0.0,0.0,0.0,0.02039104700088501,0.0,0.0,0.13203541934490204
9,78,0.059626031666994095,1.732513919705525e-05,0.05304396152496338,0.17397311329841614,-0.009841646999120712,0.0,0.0,0.0,0.0,0.0,0.12111655622720718,0.0,0.0,0.0,8.662569598527625e-06,0.02652198076248169,0.08698655664920807,-0.004920823499560356,0.0,0.0,0.0,0.0,0.0,0.024223310872912407,0.0,0.0,0.19244572520256042
9,79,0.061415690928697586,5.572558166022645e-06,0.019108235836029053,0.11088129878044128,0.03394416347146034,0.0,0.0,0.0,0.0,0.0,0.333792507648468,0.0,0.0,0.0,2.7862790830113227e-06,0.009554117918014526,0.05544064939022064,0.01697208173573017,0.0,0.0,0.0,0.0,0.0,0.06675850600004196,0.0,0.0,0.2101438343524933
9,80,0.05566396191716194,3.65265395885217e-06,0.09304481744766235,0.1418909728527069,-0.02011692337691784,0.0,0.0,0.0,0.0,0.0,0.11225765943527222,0.0,0.0,0.0,1.826326979426085e-06,0.04652240872383118,0.07094548642635345,-0.01005846168845892,0.0,0.0,0.0,0.0,0.0,0.022451533004641533,0.0,0.0,0.1855267584323883
9,81,0.05859047919511795,1.9341111965331947e-06,0.01371687650680542,0.06630757451057434,0.0118815116584301,0.0,0.0,0.0,0.0,0.0,0.1135367751121521,0.0,0.0,0.0,9.670555982665974e-07,0.00685843825340271,0.03315378725528717,0.00594075582921505,0.0,0.0,0.0,0.0,0.0,0.02270735614001751,0.0,0.0,0.1272517889738083
9,82,0.05805130675435066,3.2393836590927094e-06,0.05171734094619751,0.0814170241355896,0.04312150925397873,0.0,0.0,0.0,0.0,0.0,0.17519648373126984,0.0,0.0,0.0,1.6196918295463547e-06,0.025858670473098755,0.0407085120677948,0.021560754626989365,0.0,0.0,0.0,0.0,0.0,0.03503929823637009,0.0,0.0,0.1812201738357544
9,83,0.05709058791399002,7.385050594166387e-06,0.07965588569641113,0.10781070590019226,0.05279981717467308,0.0,0.0,0.0,0.0,0.0,0.4472353458404541,0.0,0.0,0.0,3.6925252970831934e-06,0.039827942848205566,0.05390535295009613,0.02639990858733654,0.0,0.0,0.0,0.0,0.0,0.08944707363843918,0.0,0.0,0.26667454838752747
9,84,0.060618095099925995,6.33505896985298e-06,0.016800403594970703,0.07786166667938232,0.01785687729716301,0.0,0.0,0.0,0.0,0.0,0.15916889905929565,0.0,0.0,0.0,3.16752948492649e-06,0.008400201797485352,0.03893083333969116,0.008928438648581505,0.0,0.0,0.0,0.0,0.0,0.03183377906680107,0.0,0.0,0.14871451258659363
9,85,0.053469110280275345,3.682265287352493e-06,0.014417767524719238,0.07247498631477356,0.003964435309171677,0.0,0.0,0.0,0.0,0.0,0.23779332637786865,0.0,0.0,0.0,1.8411326436762465e-06,0.007208883762359619,0.03623749315738678,0.0019822176545858383,0.0,0.0,0.0,0.0,0.0,0.04755866527557373,0.0,0.0,0.1464582085609436
9,86,0.058327991515398026,5.034063633502228e-06,0.04064816236495972,0.09398335218429565,0.044814325869083405,0.0,0.0,0.0,0.0,0.0,0.19447767734527588,0.0,0.0,0.0,2.517031816751114e-06,0.02032408118247986,0.04699167609214783,0.022407162934541702,0.0,0.0,0.0,0.0,0.0,0.038895536214113235,0.0,0.0,0.1869489550590515
9,87,0.05743582174181938,9.985618817154318e-06,0.019888579845428467,0.13523927330970764,-0.02684323862195015,0.0,0.0,0.0,0.0,0.0,0.412549763917923,0.0,0.0,0.0,4.992809408577159e-06,0.009944289922714233,0.06761963665485382,-0.013421619310975075,0.0,0.0,0.0,0.0,0.0,0.08250995725393295,0.0,0.0,0.2040930837392807
9,88,0.056370507925748825,1.8052578525384888e-06,0.02866804599761963,0.05719903111457825,0.009275291115045547,0.0,0.0,0.0,0.0,0.0,0.13266116380691528,0.0,0.0,0.0,9.026289262692444e-07,0.014334022998809814,0.028599515557289124,0.004637645557522774,0.0,0.0,0.0,0.0,0.0,0.026532232761383057,0.0,0.0,0.13047482073307037
9,89,0.05496939271688461,7.554792318842374e-06,0.07086765766143799,0.08806672692298889,0.008164066821336746,0.0,0.0,0.0,0.0,0.0,0.11747056245803833,0.0,0.0,0.0,3.777396159421187e-06,0.035433828830718994,0.044033363461494446,0.004082033410668373,0.0,0.0,0.0,0.0,0.0,0.023494113236665726,0.0,0.0,0.16201651096343994
9,90,0.054839231073856354,2.69450129053439e-06,0.02393937110900879,0.07252278923988342,0.020819004625082016,0.0,0.0,0.0,0.0,0.0,0.08936139196157455,0.0,0.0,0.0,1.347250645267195e-06,0.011969685554504395,0.03626139461994171,0.010409502312541008,0.0,0.0,0.0,0.0,0.0,0.017872279509902,0.0,0.0,0.1313534379005432
9,91,0.05598607659339905,3.3969135984079912e-06,0.019304931163787842,0.06205102801322937,-0.009504567831754684,0.0,0.0,0.0,0.0,0.0,0.2848411798477173,0.0,0.0,0.0,1.6984567992039956e-06,0.009652465581893921,0.031025514006614685,-0.004752283915877342,0.0,0.0,0.0,0.0,0.0,0.056968238204717636,0.0,0.0,0.1488817036151886
9,92,0.05629532411694527,4.576397259370424e-06,0.033489882946014404,0.09574335813522339,0.01712554320693016,0.0,0.0,0.0,0.0,0.0,0.15297222137451172,0.0,0.0,0.0,2.288198629685212e-06,0.016744941473007202,0.047871679067611694,0.00856277160346508,0.0,0.0,0.0,0.0,0.0,0.030594443902373314,0.0,0.0,0.1600714474916458
9,93,0.05546962469816208,6.237897196115227e-06,0.0200691819190979,0.09224489331245422,-0.005559250712394714,0.0,0.0,0.0,0.0,0.0,0.17994172871112823,0.0,0.0,0.0,3.1189485980576137e-06,0.01003459095954895,0.04612244665622711,-0.002779625356197357,0.0,0.0,0.0,0.0,0.0,0.03598834574222565,0.0,0.0,0.14483851194381714
9,94,0.05491309612989426,5.001508725399617e-06,0.0579073429107666,0.06707450747489929,0.01423611119389534,0.0,0.0,0.0,0.0,0.0,0.16921377182006836,0.0,0.0,0.0,2.5007543626998086e-06,0.0289536714553833,0.033537253737449646,0.00711805559694767,0.0,0.0,0.0,0.0,0.0,0.03384275361895561,0.0,0.0,0.158367320895195
9,95,0.05488436296582222,4.108295797777828e-06,0.021390438079833984,0.07190793752670288,0.03952544182538986,0.0,0.0,0.0,0.0,0.0,0.22202277183532715,0.0,0.0,0.0,2.054147898888914e-06,0.010695219039916992,0.03595396876335144,0.01976272091269493,0.0,0.0,0.0,0.0,0.0,0.04440455511212349,0.0,0.0,0.16570287942886353
9,96,0.05209258943796158,3.197357727913186e-06,0.07902300357818604,0.09648206830024719,0.04299093782901764,0.0,0.0,0.0,0.0,0.0,0.0,0.0,0.0,0.0,1.598678863956593e-06,0.03951150178909302,0.048241034150123596,0.02149546891450882,0.0,0.0,0.0,0.0,0.0,0.0,0.0,0.0,0.16134220361709595
9,97,0.051348377019166946,6.6323364080744796e-06,0.027341067790985107,0.07206994295120239,-0.02769659459590912,0.0,0.0,0.0,0.0,0.0,0.2540184259414673,0.0,0.0,0.0,3.3161682040372398e-06,0.013670533895492554,0.036034971475601196,-0.01384829729795456,0.0,0.0,0.0,0.0,0.0,0.050803687423467636,0.0,0.0,0.1380125880241394
9,98,0.053008485585451126,2.731522272370057e-06,0.036637842655181885,0.10120037198066711,-0.013544924557209015,0.0,0.0,0.0,0.0,0.0,0.06993722915649414,0.0,0.0,0.0,1.3657611361850286e-06,0.018318921327590942,0.05060018599033356,-0.0067724622786045074,0.0,0.0,0.0,0.0,0.0,0.013987446203827858,0.0,0.0,0.12914395332336426
9,99,0.051521964371204376,3.8998646232357714e-06,0.02391672134399414,0.07814094424247742,-0.0005715936422348022,0.0,0.0,0.0,0.0,0.0,0.1407703161239624,0.0,0.0,0.0,1.9499323116178857e-06,0.01195836067199707,0.03907047212123871,-0.0002857968211174011,0.0,0.0,0.0,0.0,0.0,0.02815406396985054,0.0,0.0,0.1304210126399994
9,100,0.051316894590854645,2.4859734821802704e-06,0.03314417600631714,0.07786285877227783,-0.0010559037327766418,0.0,0.0,0.0,0.0,0.0,0.1387789249420166,0.0,0.0,0.0,1.2429867410901352e-06,0.01657208800315857,0.038931429386138916,-0.0005279518663883209,0.0,0.0,0.0,0.0,0.0,0.02775578573346138,0.0,0.0,0.13404949009418488
10,1,0.062449861317873,1.3431867955659982e-05,0.15881669521331787,0.5520947575569153,0.002775651402771473,0.0,0.0,0.0,0.0,0.0,0.5294707417488098,0.0,0.0,0.0,6.715933977829991e-06,0.07940834760665894,0.27604737877845764,0.0013878257013857365,0.0,0.0,0.0,0.0,0.0,0.10589414834976196,0.0,0.0,0.5251942873001099
10,2,0.07472439110279083,9.185528142552357e-06,0.17575383186340332,0.6319301724433899,0.009181113913655281,0.0,0.0,0.0,0.0,0.0,0.3593530058860779,0.0,0.0,0.0,4.592764071276179e-06,0.08787691593170166,0.31596508622169495,0.0045905569568276405,0.0,0.0,0.0,0.0,0.0,0.0718706026673317,0.0,0.0,0.5550321936607361
10,3,0.0623912513256073,1.0248476428387221e-05,0.12160587310791016,0.38933420181274414,0.0018745604902505875,0.0,0.0,0.0,0.0,0.0,0.4033334255218506,0.0,0.0,0.0,5.1242382141936105e-06,0.06080293655395508,0.19466710090637207,0.0009372802451252937,0.0,0.0,0.0,0.0,0.0,0.080666683614254,0.0,0.0,0.39947038888931274
10,4,0.06140205264091492,1.2271708328626119e-05,0.09879934787750244,0.42427802085876465,0.0031207576394081116,0.0,0.0,0.0,0.0,0.0,0.5737667083740234,0.0,0.0,0.0,6.135854164313059e-06,0.04939967393875122,0.21213901042938232,0.0015603788197040558,0.0,0.0,0.0,0.0,0.0,0.1147533431649208,0.0,0.0,0.4392606019973755
10,5,0.07599882781505585,8.540681847080123e-06,0.11427062749862671,0.36071375012397766,0.0014270772226154804,0.0,0.0,0.0,0.0,0.0,0.23784011602401733,0.0,0.0,0.0,4.270340923540061e-06,0.057135313749313354,0.18035687506198883,0.0007135386113077402,0.0,0.0,0.0,0.0,0.0,0.04756802320480347,0.0,0.0,0.36177682876586914
10,6,0.09880925714969635,8.537701432942413e-06,0.07081782817840576,0.3705982565879822,0.005221105646342039,0.0,0.0,0.0,0.0,0.0,0.7098002433776855,0.0,0.0,0.0,4.268850716471206e-06,0.03540891408920288,0.1852991282939911,0.0026105528231710196,0.0,0.0,0.0,0.0,0.0,0.1419600546360016,0.0,0.0,0.4640921950340271
10,7,0.0880461260676384,7.0505921030417085e-06,0.15678119659423828,0.4068014323711395,0.018362602218985558,0.0,0.0,0.0,0.0,0.0,0.5532770156860352,0.0,0.0,0.0,3.5252960515208542e-06,0.07839059829711914,0.20340071618556976,0.009181301109492779,0.0,0.0,0.0,0.0,0.0,0.11065540462732315,0.0,0.0,0.48967766761779785
10,8,0.1195688396692276,4.098472800251329e-06,0.17022138833999634,0.582260251045227,0.01143577229231596,0.0,0.0,0.0,0.0,0.0,0.0,0.0,0.0,0.0,2.0492364001256647e-06,0.08511069416999817,0.2911301255226135,0.00571788614615798,0.0,0.0,0.0,0.0,0.0,0.0,0.0,0.0,0.5015295743942261
10,9,0.12216834723949432,7.539927082689246e-06,0.08207428455352783,0.3386508822441101,0.021511225029826164,0.0,0.0,0.0,0.0,0.0,0.4029527008533478,0.0,0.0,0.0,3.769963541344623e-06,0.041037142276763916,0.16932544112205505,0.010755612514913082,0.0,0.0,0.0,0.0,0.0,0.08059053868055344,0.0,0.0,0.42388084530830383
10,10,0.10019408166408539,8.399176294915378e-06,0.16993463039398193,0.3098374307155609,0.028132541105151176,0.0,0.0,0.0,0.0,0.0,0.5022587180137634,0.0,0.0,0.0,4.199588147457689e-06,0.08496731519699097,0.15491871535778046,0.014066270552575588,0.0,0.0,0.0,0.0,0.0,0.1004517450928688,0.0,0.0,0.45460233092308044
10,11,0.1265573352575302,5.8163768699159846e-06,0.08301067352294922,0.352437824010849,0.03948335722088814,0.0,0.0,0.0,0.0,0.0,0.3858131170272827,0.0,0.0,0.0,2.9081884349579923e-06,0.04150533676147461,0.1762189120054245,0.01974167861044407,0.0,0.0,0.0,0.0,0.0,0.07716262340545654,0.0,0.0,0.441188782453537
10,12,0.11937602609395981,1.0610326171445195e-05,0.1408560872077942,0.3073163628578186,0.04068359360098839,0.0,0.0,0.0,0.0,0.0,0.7506687045097351,0.0,0.0,0.0,5.305163085722597e-06,0.0704280436038971,0.1536581814289093,0.020341796800494194,0.0,0.0,0.0,0.0,0.0,0.15013374388217926,0.0,0.0,0.513943076133728
10,13,0.07542544603347778,1.2976448488188908e-05,0.14896458387374878,0.25341904163360596,0.04722698777914047,0.0,0.0,0.0,0.0,0.0,0.6175270080566406,0.0,0.0,0.0,6.488224244094454e-06,0.07448229193687439,0.12670952081680298,0.023613493889570236,0.0,0.0,0.0,0.0,0.0,0.12350540608167648,0.0,0.0,0.4237426519393921
10,14,0.10973046720027924,3.5941072837886168e-06,0.06560581922531128,0.21832624077796936,0.03180292248725891,0.0,0.0,0.0,0.0,0.0,0.25207436084747314,0.0,0.0,0.0,1.7970536418943084e-06,0.03280290961265564,0.10916312038898468,0.015901461243629456,0.0,0.0,0.0,0.0,0.0,0.05041487142443657,0.0,0.0,0.31801462173461914
10,15,0.11029162257909775,5.973991846985882e-06,0.05585074424743652,0.3583793044090271,0.07337483763694763,0.0,0.0,0.0,0.0,0.0,0.49244701862335205,0.0,0.0,0.0,2.986995923492941e-06,0.02792537212371826,0.17918965220451355,0.036687418818473816,0.0,0.0,0.0,0.0,0.0,0.09848940372467041,0.0,0.0,0.45258647203445435
10,16,0.11552027612924576,1.4924367860658094e-05,0.1009024977684021,0.40829718112945557,0.05153929069638252,0.0,0.0,0.0,0.0,0.0,0.2991602420806885,0.0,0.0,0.0,7.462183930329047e-06,0.05045124888420105,0.20414859056472778,0.02576964534819126,0.0,0.0,0.0,0.0,0.0,0.059832047671079636,0.0,0.0,0.45572927594184875
10,17,0.08614099025726318,8.29658438306069e-06,0.11404955387115479,0.23118376731872559,0.07286926358938217,0.0,0.0,0.0,0.0,0.0,0.11517107486724854,0.0,0.0,0.0,4.148292191530345e-06,0.05702477693557739,0.11559188365936279,0.036434631794691086,0.0,0.0,0.0,0.0,0.0,0.023034214973449707,0.0,0.0,0.31823062896728516
10,18,0.0850849375128746,4.541103407973424e-06,0.03743267059326172,0.18622326850891113,0.04626521095633507,0.0,0.0,0.0,0.0,0.0,0.06772971153259277,0.0,0.0,0.0,2.270551703986712e-06,0.01871633529663086,0.09311163425445557,0.023132605478167534,0.0,0.0,0.0,0.0,0.0,0.01354594249278307,0.0,0.0,0.23359373211860657
10,19,0.10824906826019287,1.2373244317132048e-05,0.059904277324676514,0.3064836263656616,0.05440220609307289,0.0,0.0,0.0,0.0,0.0,0.17491155862808228,0.0,0.0,0.0,6.186622158566024e-06,0.029952138662338257,0.1532418131828308,0.027201103046536446,0.0,0.0,0.0,0.0,0.0,0.034982312470674515,0.0,0.0,0.3536326289176941
10,20,0.0973564088344574,9.730486453918274e-06,0.08596044778823853,0.2521800398826599,0.08228772133588791,0.0,0.0,0.0,0.0,0.0,0.30450454354286194,0.0,0.0,0.0,4.865243226959137e-06,0.04298022389411926,0.12609001994132996,0.041143860667943954,0.0,0.0,0.0,0.0,0.0,0.06090090796351433,0.0,0.0,0.3684762716293335
10,21,0.06813803315162659,7.010390163486591e-06,0.052507221698760986,0.17575064301490784,0.06066747009754181,0.0,0.0,0.0,0.0,0.0,0.48099327087402344,0.0,0.0,0.0,3.5051950817432953e-06,0.026253610849380493,0.08787532150745392,0.030333735048770905,0.0,0.0,0.0,0.0,0.0,0.0961986556649208,0.0,0.0,0.30880284309387207
10,22,0.08697326481342316,7.021791589068016e-06,0.07857978343963623,0.1649918556213379,0.0501338392496109,0.0,0.0,0.0,0.0,0.0,0.3390689492225647,0.0,0.0,0.0,3.510895794534008e-06,0.039289891719818115,0.08249592781066895,0.02506691962480545,0.0,0.0,0.0,0.0,0.0,0.06781379133462906,0.0,0.0,0.3016432821750641
10,23,0.10100853443145752,2.7426108317740727e-06,0.11244982481002808,0.26157405972480774,0.1194421723484993,0.0,0.0,0.0,0.0,0.0,0.3124614655971527,0.0,0.0,0.0,1.3713054158870364e-06,0.05622491240501404,0.13078702986240387,0.05972108617424965,0.0,0.0,0.0,0.0,0.0,0.06249229237437248,0.0,0.0,0.4102352261543274
10,24,0.08185829222202301,8.086702109721955e-06,0.062480032444000244,0.2282640039920807,0.08603691309690475,0.0,0.0,0.0,0.0,0.0,0.24496203660964966,0.0,0.0,0.0,4.0433510548609775e-06,0.031240016222000122,0.11413200199604034,0.04301845654845238,0.0,0.0,0.0,0.0,0.0,0.04899240657687187,0.0,0.0,0.31924521923065186
10,25,0.09491321444511414,6.989824669290101e-06,0.08210581541061401,0.2099209725856781,0.1023397371172905,0.0,0.0,0.0,0.0,0.0,0.39574146270751953,0.0,0.0,0.0,3.4949123346450506e-06,0.04105290770530701,0.10496048629283905,0.05116986855864525,0.0,0.0,0.0,0.0,0.0,0.0791482925415039,0.0,0.0,0.3712482452392578
10,26,0.06394559144973755,7.788059519953094e-06,0.0920267105102539,0.18721652030944824,0.0975140705704689,0.0,0.0,0.0,0.0,0.0,0.16549479961395264,0.0,0.0,0.0,3.894029759976547e-06,0.04601335525512695,0.09360826015472412,0.04875703528523445,0.0,0.0,0.0,0.0,0.0,0.033098962157964706,0.0,0.0,0.28542712330818176
10,27,0.08796423673629761,5.40869632459362e-06,0.07835596799850464,0.19736990332603455,0.08188286423683167,0.0,0.0,0.0,0.0,0.0,0.2412772923707962,0.0,0.0,0.0,2.70434816229681e-06,0.03917798399925232,0.09868495166301727,0.04094143211841583,0.0,0.0,0.0,0.0,0.0,0.04825545847415924,0.0,0.0,0.31502676010131836
10,28,0.10199453681707382,4.436816652741982e-06,0.10338085889816284,0.12851044535636902,0.06552150100469589,0.0,0.0,0.0,0.0,0.0,0.21652713418006897,0.0,0.0,0.0,2.218408326370991e-06,0.05169042944908142,0.06425522267818451,0.032760750502347946,0.0,0.0,0.0,0.0,0.0,0.043305426836013794,0.0,0.0,0.2940085828304291
10,29,0.07173974066972733,3.4369747936580097e-06,0.040772974491119385,0.1350594162940979,0.08370410650968552,0.0,0.0,0.0,0.0,0.0,0.22151613235473633,0.0,0.0,0.0,1.7184873968290049e-06,0.020386487245559692,0.06752970814704895,0.04185205325484276,0.0,0.0,0.0,0.0,0.0,0.044303227216005325,0.0,0.0,0.24581293761730194
10,30,0.09155634790658951,2.9827690468664514e-06,0.04008924961090088,0.12942036986351013,0.10993567109107971,0.0,0.0,0.0,0.0,0.0,0.21697533130645752,0.0,0.0,0.0,1.4913845234332257e-06,0.02004462480545044,0.06471018493175507,0.054967835545539856,0.0,0.0,0.0,0.0,0.0,0.04339506849646568,0.0,0.0,0.27467554807662964
10,31,0.06804820150136948,6.372276857291581e-06,0.03528571128845215,0.15054604411125183,0.03402683511376381,0.0,0.0,0.0,0.0,0.0,0.1802411675453186,0.0,0.0,0.0,3.1861384286457906e-06,0.017642855644226074,0.07527302205562592,0.017013417556881905,0.0,0.0,0.0,0.0,0.0,0.03604823350906372,0.0,0.0,0.21402890980243683
10,32,0.08740170300006866,4.1945513657992706e-06,0.04794764518737793,0.11445382237434387,0.067223459482193,0.0,0.0,0.0,0.0,0.0,0.15227675437927246,0.0,0.0,0.0,2.0972756828996353e-06,0.023973822593688965,0.057226911187171936,0.0336117297410965,0.0,0.0,0.0,0.0,0.0,0.030455350875854492,0.0,0.0,0.2326716035604477
10,33,0.07926760613918304,2.1537307475227863e-06,0.049276769161224365,0.14674264192581177,0.07810328900814056,0.0,0.0,0.0,0.0,0.0,0.14690136909484863,0.0,0.0,0.0,1.0768653737613931e-06,0.024638384580612183,0.07337132096290588,0.03905164450407028,0.0,0.0,0.0,0.0,0.0,0.029380274936556816,0.0,0.0,0.2457103282213211
10,34,0.0835237205028534,3.3093492675106972e-06,0.05033254623413086,0.16764238476753235,0.13831396400928497,0.0,0.0,0.0,0.0,0.0,0.29119792580604553,0.0,0.0,0.0,1.6546746337553486e-06,0.02516627311706543,0.08382119238376617,0.06915698200464249,0.0,0.0,0.0,0.0,0.0,0.058239586651325226,0.0,0.0,0.31990939378738403
10,35,0.06741220504045486,8.408141184190754e-06,0.027189135551452637,0.16656538844108582,0.07635485380887985,0.0,0.0,0.0,0.0,0.0,0.3833892345428467,0.0,0.0,0.0,4.204070592095377e-06,0.013594567775726318,0.08328269422054291,0.038177426904439926,0.0,0.0,0.0,0.0,0.0,0.0766778513789177,0.0,0.0,0.27914896607398987
10,36,0.06357483565807343,9.482805580773856e-06,0.03645962476730347,0.169217050075531,0.09559144824743271,0.0,0.0,0.0,0.0,0.0,0.14130014181137085,0.0,0.0,0.0,4.741402790386928e-06,0.018229812383651733,0.0846085250377655,0.047795724123716354,0.0,0.0,0.0,0.0,0.0,0.02826002798974514,0.0,0.0,0.24247366189956665
10,37,0.07571949809789658,4.821930360776605e-06,0.04024004936218262,0.13952410221099854,0.11318618804216385,0.0,0.0,0.0,0.0,0.0,0.27181529998779297,0.0,0.0,0.0,2.4109651803883025e-06,0.02012002468109131,0.06976205110549927,0.056593094021081924,0.0,0.0,0.0,0.0,0.0,0.05436306074261665,0.0,0.0,0.2765601575374603
10,38,0.06654193252325058,4.548778633761685e-06,0.08260726928710938,0.13773325085639954,0.12093621492385864,0.0,0.0,0.0,0.0,0.0,0.2020854651927948,0.0,0.0,0.0,2.2743893168808427e-06,0.04130363464355469,0.06886662542819977,0.06046810746192932,0.0,0.0,0.0,0.0,0.0,0.04041709378361702,0.0,0.0,0.27759966254234314
10,39,0.061234086751937866,5.278500793792773e-06,0.02201789617538452,0.1269676387310028,0.09756167978048325,0.0,0.0,0.0,0.0,0.0,0.1549251675605774,0.0,0.0,0.0,2.6392503968963865e-06,0.01100894808769226,0.0634838193655014,0.04878083989024162,0.0,0.0,0.0,0.0,0.0,0.03098503313958645,0.0,0.0,0.21549536287784576
10,40,0.07727905362844467,4.110921963729197e-06,0.026289939880371094,0.08973464369773865,0.09916354715824127,0.0,0.0,0.0,0.0,0.0,0.21449005603790283,0.0,0.0,0.0,2.0554609818645986e-06,0.013144969940185547,0.044867321848869324,0.049581773579120636,0.0,0.0,0.0,0.0,0.0,0.04289801046252251,0.0,0.0,0.22777317464351654
10,41,0.07199747860431671,5.337452421372291e-06,0.0339047908782959,0.12416598200798035,0.10338225960731506,0.0,0.0,0.0,0.0,0.0,0.174006387591362,0.0,0.0,0.0,2.6687262106861454e-06,0.01695239543914795,0.06208299100399017,0.05169112980365753,0.0,0.0,0.0,0.0,0.0,0.03480127826333046,0.0,0.0,0.23752793669700623
10,42,0.05654304474592209,5.424591563496506e-06,0.02947300672531128,0.08010303974151611,0.05056874826550484,0.0,0.0,0.0,0.0,0.0,0.14208471775054932,0.0,0.0,0.0,2.712295781748253e-06,0.01473650336265564,0.04005151987075806,0.02528437413275242,0.0,0.0,0.0,0.0,0.0,0.028416944667696953,0.0,0.0,0.16503509879112244
10,43,0.06973809748888016,1.1624229955486953e-05,0.06235170364379883,0.13548585772514343,0.03743061050772667,0.0,0.0,0.0,0.0,0.0,0.13645808398723602,0.0,0.0,0.0,5.812114977743477e-06,0.031175851821899414,0.06774292886257172,0.018715305253863335,0.0,0.0,0.0,0.0,0.0,0.027291616424918175,0.0,0.0,0.2146696150302887
10,44,0.059263549745082855,7.153333626774838e-06,0.04993259906768799,0.14296385645866394,0.11324234306812286,0.0,0.0,0.0,0.0,0.0,0.19543474912643433,0.0,0.0,0.0,3.576666813387419e-06,0.024966299533843994,0.07148192822933197,0.05662117153406143,0.0,0.0,0.0,0.0,0.0,0.039086949080228806,0.0,0.0,0.2514234483242035
10,45,0.06630992889404297,1.0706181683417526e-06,0.020819246768951416,0.0924464762210846,0.09553121030330658,0.0,0.0,0.0,0.0,0.0,0.21563367545604706,0.0,0.0,0.0,5.353090841708763e-07,0.010409623384475708,0.0462232381105423,0.04776560515165329,0.0,0.0,0.0,0.0,0.0,0.04312673583626747,0.0,0.0,0.21383565664291382
10,46,0.0595502145588398,6.4609412220306695e-06,0.019101321697235107,0.12047109007835388,0.05197185277938843,0.0,0.0,0.0,0.0,0.0,0.41208532452583313,0.0,0.0,0.0,3.2304706110153347e-06,0.009550660848617554,0.06023554503917694,0.025985926389694214,0.0,0.0,0.0,0.0,0.0,0.0824170634150505,0.0,0.0,0.23774263262748718
10,47,0.07838734984397888,4.86868157167919e-06,0.03632861375808716,0.08631196618080139,0.09052533656358719,0.0,0.0,0.0,0.0,0.0,0.11331909894943237,0.0,0.0,0.0,2.434340785839595e-06,0.01816430687904358,0.043155983090400696,0.045262668281793594,0.0,0.0,0.0,0.0,0.0,0.022663820534944534,0.0,0.0,0.20763655006885529
10,48,0.06014656275510788,6.345272140606539e-06,0.04422181844711304,0.1406954824924469,0.08128748089075089,0.0,0.0,0.0,0.0,0.0,0.30021142959594727,0.0,0.0,0.0,3.1726360703032697e-06,0.02211090922355652,0.07034774124622345,0.04064374044537544,0.0,0.0,0.0,0.0,0.0,0.06004228815436363,0.0,0.0,0.2532944083213806
10,49,0.06294207274913788,6.994242994551314e-06,0.0481143593788147,0.1269373893737793,0.10510452091693878,0.0,0.0,0.0,0.0,0.0,0.13256067037582397,0.0,0.0,0.0,3.497121497275657e-06,0.02405717968940735,0.06346869468688965,0.05255226045846939,0.0,0.0,0.0,0.0,0.0,0.026512134820222855,0.0,0.0,0.22953583300113678
10,50,0.07260195165872574,1.0500585858608247e-06,0.053697288036346436,0.11343938112258911,0.07440368086099625,0.0,0.0,0.0,0.0,0.0,0.45366156101226807,0.0,0.0,0.0,5.250292929304123e-07,0.026848644018173218,0.056719690561294556,0.03720184043049812,0.0,0.0,0.0,0.0,0.0,0.09073231369256973,0.0,0.0,0.28410497307777405
10,51,0.06558962166309357,2.096980097121559e-06,0.05311506986618042,0.10515499114990234,0.025982091203331947,0.0,0.0,0.0,0.0,0.0,0.1135801449418068,0.0,0.0,0.0,1.0484900485607795e-06,0.02655753493309021,0.05257749557495117,0.012991045601665974,0.0,0.0,0.0,0.0,0.0,0.02271602861583233,0.0,0.0,0.1804327815771103
10,52,0.06669546663761139,3.108125611106516e-06,0.0340457558631897,0.0742197036743164,0.09839461743831635,0.0,0.0,0.0,0.0,0.0,0.1574467122554779,0.0,0.0,0.0,1.554062805553258e-06,0.01702287793159485,0.0371098518371582,0.04919730871915817,0.0,0.0,0.0,0.0,0.0,0.03148934245109558,0.0,0.0,0.20151640474796295
10,53,0.058009594678878784,3.0479941415251233e-06,0.02991461753845215,0.07863840460777283,0.05901353061199188,0.0,0.0,0.0,0.0,0.0,0.18812865018844604,0.0,0.0,0.0,1.5239970707625616e-06,0.014957308769226074,0.039319202303886414,0.02950676530599594,0.0,0.0,0.0,0.0,0.0,0.03762573003768921,0.0,0.0,0.1794201135635376
10,54,0.0651591494679451,1.191284172818996e-05,0.08145731687545776,0.23381902277469635,0.1447506695985794,0.0,0.0,0.0,0.0,0.0,0.34829142689704895,0.0,0.0,0.0,5.95642086409498e-06,0.04072865843772888,0.11690951138734818,0.0723753347992897,0.0,0.0,0.0,0.0,0.0,0.06965828686952591,0.0,0.0,0.3648368716239929
10,55,0.0687655657529831,5.381606115406612e-06,0.035678982734680176,0.09297904372215271,0.044577185064554214,0.0,0.0,0.0,0.0,0.0,0.06784677505493164,0.0,0.0,0.0,2.690803057703306e-06,0.017839491367340088,0.046489521861076355,0.022288592532277107,0.0,0.0,0.0,0.0,0.0,0.013569355010986328,0.0,0.0,0.16895520687103271
10,56,0.0587901771068573,4.905632977170171e-06,0.051798462867736816,0.13682076334953308,0.02741771750152111,0.0,0.0,0.0,0.0,0.0,0.10799694061279297,0.0,0.0,0.0,2.4528164885850856e-06,0.025899231433868408,0.06841038167476654,0.013708858750760555,0.0,0.0,0.0,0.0,0.0,0.021599387750029564,0.0,0.0,0.18841049075126648
10,57,0.06112781912088394,3.632624839156051e-06,0.02655428647994995,0.08602979779243469,0.015377920120954514,0.0,0.0,0.0,0.0,0.0,0.13499173521995544,0.0,0.0,0.0,1.8163124195780256e-06,0.013277143239974976,0.043014898896217346,0.007688960060477257,0.0,0.0,0.0,0.0,0.0,0.02699834667146206,0.0,0.0,0.15210898220539093
10,58,0.057865798473358154,6.377041245286819e-06,0.021342039108276367,0.10524076223373413,0.0070177111774683,0.0,0.0,0.0,0.0,0.0,0.2589920163154602,0.0,0.0,0.0,3.1885206226434093e-06,0.010671019554138184,0.052620381116867065,0.00350885558873415,0.0,0.0,0.0,0.0,0.0,0.05179840326309204,0.0,0.0,0.1764676570892334
10,59,0.06614632159471512,7.571371043013642e-06,0.024866580963134766,0.13920679688453674,0.07830683141946793,0.0,0.0,0.0,0.0,0.0,0.18374210596084595,0.0,0.0,0.0,3.785685521506821e-06,0.012433290481567383,0.06960339844226837,0.03915341570973396,0.0,0.0,0.0,0.0,0.0,0.03674842044711113,0.0,0.0,0.2240886390209198
10,60,0.05672486871480942,3.360910341143608e-06,0.021778583526611328,0.08703193068504333,0.06846016645431519,0.0,0.0,0.0,0.0,0.0,0.1420440673828125,0.0,0.0,0.0,1.680455170571804e-06,0.010889291763305664,0.04351596534252167,0.03423008322715759,0.0,0.0,0.0,0.0,0.0,0.02840881422162056,0.0,0.0,0.1737706959247589
10,61,0.057403333485126495,6.5374824771424755e-06,0.03608983755111694,0.10069653391838074,0.0679398700594902,0.0,0.0,0.0,0.0,0.0,0.0993736982345581,0.0,0.0,0.0,3.2687412385712378e-06,0.01804491877555847,0.05034826695919037,0.0339699350297451,0.0,0.0,0.0,0.0,0.0,0.01987474039196968,0.0,0.0,0.17964446544647217
10,62,0.05227920413017273,4.041158717882354e-06,0.024654686450958252,0.09134817123413086,-0.01912504993379116,0.0,0.0,0.0,0.0,0.0,0.11415624618530273,0.0,0.0,0.0,2.020579358941177e-06,0.012327343225479126,0.04567408561706543,-0.00956252496689558,0.0,0.0,0.0,0.0,0.0,0.022831249982118607,0.0,0.0,0.1235513836145401
10,63,0.06155962869524956,6.557402684848057e-06,0.02499079704284668,0.09580489993095398,0.01732003502547741,0.0,0.0,0.0,0.0,0.0,0.14642636477947235,0.0,0.0,0.0,3.2787013424240286e-06,0.01249539852142334,0.04790244996547699,0.008660017512738705,0.0,0.0,0.0,0.0,0.0,0.02928527258336544,0.0,0.0,0.1599060446023941
10,64,0.05206699296832085,7.933827873785049e-06,0.07084417343139648,0.1389089822769165,0.06414966285228729,0.0,0.0,0.0,0.0,0.0,0.20564961433410645,0.0,0.0,0.0,3.966913936892524e-06,0.03542208671569824,0.06945449113845825,0.032074831426143646,0.0,0.0,0.0,0.0,0.0,0.04112992435693741,0.0,0.0,0.23015227913856506
10,65,0.059344273060560226,3.0135197448544204e-06,0.027408123016357422,0.1089281439781189,0.026520850136876106,0.0,0.0,0.0,0.0,0.0,0.11354690790176392,0.0,0.0,0.0,1.5067598724272102e-06,0.013704061508178711,0.05446407198905945,0.013260425068438053,0.0,0.0,0.0,0.0,0.0,0.022709382697939873,0.0,0.0,0.16348372399806976
10,66,0.04947109520435333,4.595696736942045e-06,0.020973145961761475,0.13441938161849976,0.0171340499073267,0.0,0.0,0.0,0.0,0.0,0.446828693151474,0.0,0.0,0.0,2.2978483684710227e-06,0.010486572980880737,0.06720969080924988,0.00856702495366335,0.0,0.0,0.0,0.0,0.0,0.08936574310064316,0.0,0.0,0.22510242462158203
10,67,0.05250943452119827,8.000904017535504e-06,0.04436016082763672,0.10182535648345947,0.04256980121135712,0.0,0.0,0.0,0.0,0.0,0.24658119678497314,0.0,0.0,0.0,4.000452008767752e-06,0.02218008041381836,0.050912678241729736,0.02128490060567856,0.0,0.0,0.0,0.0,0.0,0.04931623861193657,0.0,0.0,0.19620732963085175
10,68,0.053110521286726,5.437939876173914e-07,0.02826482057571411,0.06934645771980286,0.00423773005604744,0.0,0.0,0.0,0.0,0.0,0.19872848689556122,0.0,0.0,0.0,2.718969938086957e-07,0.014132410287857056,0.03467322885990143,0.00211886502802372,0.0,0.0,0.0,0.0,0.0,0.03974569961428642,0.0,0.0,0.14378099143505096
10,69,0.05137983709573746,6.051762284187134e-06,0.01882016658782959,0.08249875903129578,0.0631706565618515,0.0,0.0,0.0,0.0,0.0,0.0,0.0,0.0,0.0,3.025881142093567e-06,0.009410083293914795,0.04124937951564789,0.03158532828092575,0.0,0.0,0.0,0.0,0.0,0.0,0.0,0.0,0.13362765312194824
10,70,0.051190268248319626,1.6084966318885563e-06,0.02743053436279297,0.08681812882423401,0.05424252897500992,0.0,0.0,0.0,0.0,0.0,0.13599807024002075,0.0,0.0,0.0,8.042483159442781e-07,0.013715267181396484,0.043409064412117004,0.02712126448750496,0.0,0.0,0.0,0.0,0.0,0.02719961479306221,0.0,0.0,0.16263628005981445
10,71,0.050932347774505615,4.2713654693216085e-06,0.025450825691223145,0.08104482293128967,-0.01556112989783287,0.0,0.0,0.0,0.0,0.0,0.13802769780158997,0.0,0.0,0.0,2.1356827346608043e-06,0.012725412845611572,0.040522411465644836,-0.007780564948916435,0.0,0.0,0.0,0.0,0.0,0.027605539187788963,0.0,0.0,0.12400727719068527
10,72,0.04868356138467789,7.650723091501277e-06,0.0564345121383667,0.1438225507736206,0.09636411815881729,0.0,0.0,0.0,0.0,0.0,0.35665363073349,0.0,0.0,0.0,3.8253615457506385e-06,0.02821725606918335,0.0719112753868103,0.048182059079408646,0.0,0.0,0.0,0.0,0.0,0.071330726146698,0.0,0.0,0.2683286964893341
10,73,0.04972880333662033,4.699911187344696e-06,0.05638742446899414,0.08692219853401184,0.03938678652048111,0.0,0.0,0.0,0.0,0.0,0.1778862029314041,0.0,0.0,0.0,2.349955593672348e-06,0.02819371223449707,0.04346109926700592,0.019693393260240555,0.0,0.0,0.0,0.0,0.0,0.03557724133133888,0.0,0.0,0.1766565889120102
10,74,0.04781926050782204,3.352650537635782e-06,0.07005363702774048,0.09306323528289795,0.04830453544855118,0.0,0.0,0.0,0.0,0.0,0.09889119863510132,0.0,0.0,0.0,1.676325268817891e-06,0.03502681851387024,0.046531617641448975,0.02415226772427559,0.0,0.0,0.0,0.0,0.0,0.019778240472078323,0.0,0.0,0.17330987751483917
10,75,0.0477328896522522,5.7276074585388415e-06,0.02450406551361084,0.10253268480300903,0.08250400424003601,0.0,0.0,0.0,0.0,0.0,0.10001218318939209,0.0,0.0,0.0,2.8638037292694207e-06,0.01225203275680542,0.05126634240150452,0.041252002120018005,0.0,0.0,0.0,0.0,0.0,0.020002437755465508,0.0,0.0,0.17250856757164001
10,76,0.046883296221494675,8.195058285309642e-07,0.023459911346435547,0.06198012828826904,0.019281722605228424,0.0,0.0,0.0,0.0,0.0,0.1139407753944397,0.0,0.0,0.0,4.097529142654821e-07,0.011729955673217773,0.03099006414413452,0.009640861302614212,0.0,0.0,0.0,0.0,0.0,0.022788155823946,0.0,0.0,0.12203273177146912
10,77,0.04450897127389908,1.0071679525935906e-06,0.01440131664276123,0.056234002113342285,0.03674272447824478,0.0,0.0,0.0,0.0,0.0,0.10309994220733643,0.0,0.0,0.0,5.035839762967953e-07,0.007200658321380615,0.028117001056671143,0.01837136223912239,0.0,0.0,0.0,0.0,0.0,0.020619988441467285,0.0,0.0,0.11881847679615021
10,78,0.04656652361154556,1.7839651263784617e-05,0.05051374435424805,0.1825229525566101,0.03762336075305939,0.0,0.0,0.0,0.0,0.0,0.1260164976119995,0.0,0.0,0.0,8.919825631892309e-06,0.025256872177124023,0.09126147627830505,0.018811680376529694,0.0,0.0,0.0,0.0,0.0,0.025203300639986992,0.0,0.0,0.2071087807416916
10,79,0.048230353742837906,5.75917101741652e-06,0.019411981105804443,0.11813431978225708,0.05436195433139801,0.0,0.0,0.0,0.0,0.0,0.34335440397262573,0.0,0.0,0.0,2.87958550870826e-06,0.009705990552902222,0.05906715989112854,0.027180977165699005,0.0,0.0,0.0,0.0,0.0,0.06867088377475739,0.0,0.0,0.21285824477672577
10,80,0.044286999851465225,3.5495302199706202e-06,0.08687156438827515,0.14598992466926575,0.011550193652510643,0.0,0.0,0.0,0.0,0.0,0.11618328094482422,0.0,0.0,0.0,1.7747651099853101e-06,0.04343578219413757,0.07299496233463287,0.0057750968262553215,0.0,0.0,0.0,0.0,0.0,0.023236656561493874,0.0,0.0,0.18973127007484436
10,81,0.04623916372656822,1.969111053767847e-06,0.014287471771240234,0.06850990653038025,0.009898046031594276,0.0,0.0,0.0,0.0,0.0,0.11877942085266113,0.0,0.0,0.0,9.845555268839234e-07,0.007143735885620117,0.034254953265190125,0.004949023015797138,0.0,0.0,0.0,0.0,0.0,0.023755883798003197,0.0,0.0,0.11634375154972076
10,82,0.0447906069457531,2.022920625677216e-06,0.04651200771331787,0.07904240489006042,0.035110604017972946,0.0,0.0,0.0,0.0,0.0,0.16073350608348846,0.0,0.0,0.0,1.011460312838608e-06,0.023256003856658936,0.03952120244503021,0.017555302008986473,0.0,0.0,0.0,0.0,0.0,0.03214670345187187,0.0,0.0,0.15727083384990692
10,83,0.04542284458875656,7.368147635133937e-06,0.07779097557067871,0.11033672094345093,0.0704396516084671,0.0,0.0,0.0,0.0,0.0,0.4423026442527771,0.0,0.0,0.0,3.6840738175669685e-06,0.038895487785339355,0.055168360471725464,0.03521982580423355,0.0,0.0,0.0,0.0,0.0,0.0884605273604393,0.0,0.0,0.2631707489490509
10,84,0.0474121980369091,5.329231953510316e-06,0.016169488430023193,0.08303675055503845,0.04654388874769211,0.0,0.0,0.0,0.0,0.0,0.14010900259017944,0.0,0.0,0.0,2.664615976755158e-06,0.008084744215011597,0.041518375277519226,0.023271944373846054,0.0,0.0,0.0,0.0,0.0,0.02802180126309395,0.0,0.0,0.14831171929836273
10,85,0.04245268926024437,1.5383898244181182e-06,0.020280063152313232,0.0690629780292511,-0.004764532670378685,0.0,0.0,0.0,0.0,0.0,0.2463708370923996,0.0,0.0,0.0,7.691949122090591e-07,0.010140031576156616,0.03453148901462555,-0.0023822663351893425,0.0,0.0,0.0,0.0,0.0,0.04927416890859604,0.0,0.0,0.13401687145233154
10,86,0.04431869834661484,1.7352977010887116e-06,0.028773069381713867,0.0740533173084259,0.011539440602064133,0.0,0.0,0.0,0.0,0.0,0.20108957588672638,0.0,0.0,0.0,8.676488505443558e-07,0.014386534690856934,0.03702665865421295,0.005769720301032066,0.0,0.0,0.0,0.0,0.0,0.040217917412519455,0.0,0.0,0.14172039926052094
10,87,0.04635266587138176,9.937952199834399e-06,0.019674241542816162,0.13592693209648132,0.012404274195432663,0.0,0.0,0.0,0.0,0.0,0.4079173803329468,0.0,0.0,0.0,4.9689760999171995e-06,0.009837120771408081,0.06796346604824066,0.0062021370977163315,0.0,0.0,0.0,0.0,0.0,0.08158347755670547,0.0,0.0,0.2119438350200653
10,88,0.0447419099509716,1.8247191064801882e-06,0.02924966812133789,0.05860385298728943,0.024441154673695564,0.0,0.0,0.0,0.0,0.0,0.1255398988723755,0.0,0.0,0.0,9.123595532400941e-07,0.014624834060668945,0.029301926493644714,0.012220577336847782,0.0,0.0,0.0,0.0,0.0,0.025107979774475098,0.0,0.0,0.1259981393814087
10,89,0.04438247159123421,8.992945367936045e-06,0.0621679425239563,0.09682834148406982,0.03183829039335251,0.0,0.0,0.0,0.0,0.0,0.12392312288284302,0.0,0.0,0.0,4.4964726839680225e-06,0.03108397126197815,0.04841417074203491,0.015919145196676254,0.0,0.0,0.0,0.0,0.0,0.024784624576568604,0.0,0.0,0.16458888351917267
10,90,0.043978381901979446,4.245513537171064e-06,0.02190566062927246,0.07393693923950195,0.022608527913689613,0.0,0.0,0.0,0.0,0.0,0.09197092056274414,0.0,0.0,0.0,2.122756768585532e-06,0.01095283031463623,0.03696846961975098,0.011304263956844807,0.0,0.0,0.0,0.0,0.0,0.018394185230135918,0.0,0.0,0.12160026282072067
10,91,0.045644912868738174,3.7643471841875e-06,0.01888561248779297,0.06382742524147034,0.012181345373392105,0.0,0.0,0.0,0.0,0.0,0.28259164094924927,0.0,0.0,0.0,1.88217359209375e-06,0.009442806243896484,0.03191371262073517,0.0060906726866960526,0.0,0.0,0.0,0.0,0.0,0.056518327444791794,0.0,0.0,0.14961230754852295
10,92,0.04569590091705322,1.1505105248943437e-05,0.04294085502624512,0.11208689212799072,0.007489902898669243,0.0,0.0,0.0,0.0,0.0,0.1526147723197937,0.0,0.0,0.0,5.7525526244717184e-06,0.02147042751312256,0.05604344606399536,0.0037449514493346214,0.0,0.0,0.0,0.0,0.0,0.03052295558154583,0.0,0.0,0.15748342871665955
10,93,0.04222555458545685,4.566467396216467e-06,0.019641995429992676,0.08596944808959961,0.005298413336277008,0.0,0.0,0.0,0.0,0.0,0.14441485702991486,0.0,0.0,0.0,2.2832336981082335e-06,0.009820997714996338,0.042984724044799805,0.002649206668138504,0.0,0.0,0.0,0.0,0.0,0.02888297103345394,0.0,0.0,0.12656572461128235
10,94,0.0427418127655983,4.9535356083652005e-06,0.05603903532028198,0.0675586462020874,0.0345584973692894,0.0,0.0,0.0,0.0,0.0,0.18586885929107666,0.0,0.0,0.0,2.4767678041826002e-06,0.02801951766014099,0.0337793231010437,0.0172792486846447,0.0,0.0,0.0,0.0,0.0,0.03717377409338951,0.0,0.0,0.15899616479873657
10,95,0.04457910731434822,4.127237389184302e-06,0.018262028694152832,0.07123386859893799,0.05054934322834015,0.0,0.0,0.0,0.0,0.0,0.2169485092163086,0.0,0.0,0.0,2.063618694592151e-06,0.009131014347076416,0.035616934299468994,0.025274671614170074,0.0,0.0,0.0,0.0,0.0,0.0433897040784359,0.0,0.0,0.15799349546432495
10,96,0.0422382578253746,3.352345856910688e-06,0.08055377006530762,0.0958872139453888,0.05835288017988205,0.0,0.0,0.0,0.0,0.0,0.0,0.0,0.0,0.0,1.676172928455344e-06,0.04027688503265381,0.0479436069726944,0.029176440089941025,0.0,0.0,0.0,0.0,0.0,0.0,0.0,0.0,0.15963687002658844
10,97,0.04167034476995468,7.46050272937282e-06,0.021482467651367188,0.07418105006217957,-0.0364670529961586,0.0,0.0,0.0,0.0,0.0,0.2409210205078125,0.0,0.0,0.0,3.73025136468641e-06,0.010741233825683594,0.03709052503108978,-0.0182335264980793,0.0,0.0,0.0,0.0,0.0,0.04818420484662056,0.0,0.0,0.11945651471614838
10,98,0.04317095875740051,2.693597934921854e-06,0.03129863739013672,0.09116753935813904,-0.005510122515261173,0.0,0.0,0.0,0.0,0.0,0.07553327083587646,0.0,0.0,0.0,1.346798967460927e-06,0.01564931869506836,0.04558376967906952,-0.0027550612576305866,0.0,0.0,0.0,0.0,0.0,0.015106654725968838,0.0,0.0,0.11675699055194855
10,99,0.04102190583944321,3.534581537678605e-06,0.02407705783843994,0.07397741079330444,0.027740422636270523,0.0,0.0,0.0,0.0,0.0,0.1141510009765625,0.0,0.0,0.0,1.7672907688393025e-06,0.01203852891921997,0.03698870539665222,0.013870211318135262,0.0,0.0,0.0,0.0,0.0,0.02283020131289959,0.0,0.0,0.12675131857395172
10,100,0.040965668857097626,2.519625923014246e-06,0.027426719665527344,0.06575420498847961,0.0008849054574966431,0.0,0.0,0.0,0.0,0.0,0.13090300559997559,0.0,0.0,0.0,1.259812961507123e-06,0.013713359832763672,0.03287710249423981,0.00044245272874832153,0.0,0.0,0.0,0.0,0.0,0.026180600747466087,0.0,0.0,0.11418044567108154
11,1,0.052805423736572266,1.4287489648268092e-05,0.1671609878540039,0.6297425627708435,0.003760145977139473,0.0,0.0,0.0,0.0,0.0,0.6677384376525879,0.0,0.0,0.0,7.143744824134046e-06,0.08358049392700195,0.31487128138542175,0.0018800729885697365,0.0,0.0,0.0,0.0,0.0,0.13354769349098206,0.0,0.0,0.5866920948028564
11,2,0.06988582015037537,8.837016139295883e-06,0.19032138586044312,0.6909870505332947,0.01037517562508583,0.0,0.0,0.0,0.0,0.0,0.6253862977027893,0.0,0.0,0.0,4.418508069647942e-06,0.09516069293022156,0.34549352526664734,0.005187587812542915,0.0,0.0,0.0,0.0,0.0,0.1250772625207901,0.0,0.0,0.6408092379570007
11,3,0.050426315516233444,1.3027013665123377e-05,0.14248347282409668,0.4265795648097992,0.0030953017994761467,0.0,0.0,0.0,0.0,0.0,0.1532057523727417,0.0,0.0,0.0,6.5135068325616885e-06,0.07124173641204834,0.2132897824048996,0.0015476508997380733,0.0,0.0,0.0,0.0,0.0,0.03064115159213543,0.0,0.0,0.367153137922287
11,4,0.05664137750864029,1.127468749473337e-05,0.11368191242218018,0.5266751646995544,0.007406372111290693,0.0,0.0,0.0,0.0,0.0,0.5934711694717407,0.0,0.0,0.0,5.637343747366685e-06,0.05684095621109009,0.2633375823497772,0.0037031860556453466,0.0,0.0,0.0,0.0,0.0,0.1186942383646965,0.0,0.0,0.499222993850708
11,5,0.05979688838124275,9.690612387203146e-06,0.12936466932296753,0.3663124442100525,-0.001510407542809844,0.0,0.0,0.0,0.0,0.0,0.2354055643081665,0.0,0.0,0.0,4.845306193601573e-06,0.06468233466148376,0.18315622210502625,-0.000755203771404922,0.0,0.0,0.0,0.0,0.0,0.0470811128616333,0.0,0.0,0.35396620631217957
11,6,0.06759496033191681,1.0453458344272804e-05,0.07150006294250488,0.3717516362667084,0.003509318921715021,0.0,0.0,0.0,0.0,0.0,0.7402462363243103,0.0,0.0,0.0,5.226729172136402e-06,0.03575003147125244,0.1858758181333542,0.0017546594608575106,0.0,0.0,0.0,0.0,0.0,0.1480492502450943,0.0,0.0,0.4390299916267395
11,7,0.05748879164457321,6.657158792222617e-06,0.1480085253715515,0.4010443389415741,0.012104837223887444,0.0,0.0,0.0,0.0,0.0,0.5684235692024231,0.0,0.0,0.0,3.3285793961113086e-06,0.07400426268577576,0.20052216947078705,0.006052418611943722,0.0,0.0,0.0,0.0,0.0,0.11368471384048462,0.0,0.0,0.45175567269325256
11,8,0.06241193413734436,4.233128493069671e-06,0.19970190525054932,0.6463212966918945,0.013099133968353271,0.0,0.0,0.0,0.0,0.0,0.0,0.0,0.0,0.0,2.1165642465348355e-06,0.09985095262527466,0.32316064834594727,0.006549566984176636,0.0,0.0,0.0,0.0,0.0,0.0,0.0,0.0,0.49197521805763245
11,9,0.05759647488594055,5.547061391553143e-06,0.07414734363555908,0.33983778953552246,0.017329353839159012,0.0,0.0,0.0,0.0,0.0,0.4254351556301117,0.0,0.0,0.0,2.7735306957765715e-06,0.03707367181777954,0.16991889476776123,0.008664676919579506,0.0,0.0,0.0,0.0,0.0,0.08508703112602234,0.0,0.0,0.3583435118198395
11,10,0.050063829869031906,7.42285965316114e-06,0.21444672346115112,0.38024047017097473,0.03231429308652878,0.0,0.0,0.0,0.0,0.0,0.6343973875045776,0.0,0.0,0.0,3.71142982658057e-06,0.10722336173057556,0.19012023508548737,0.01615714654326439,0.0,0.0,0.0,0.0,0.0,0.12687948346138,0.0,0.0,0.4904477894306183
11,11,0.04054263234138489,5.6034782573988196e-06,0.08297735452651978,0.3757385015487671,0.035942696034908295,0.0,0.0,0.0,0.0,0.0,0.4003588855266571,0.0,0.0,0.0,2.8017391286994098e-06,0.04148867726325989,0.18786925077438354,0.017971348017454147,0.0,0.0,0.0,0.0,0.0,0.08007177710533142,0.0,0.0,0.36794647574424744
11,12,0.03861146792769432,1.1680165698635392e-05,0.14062482118606567,0.3516273498535156,0.04255348816514015,0.0,0.0,0.0,0.0,0.0,0.7986471652984619,0.0,0.0,0.0,5.840082849317696e-06,0.07031241059303284,0.1758136749267578,0.021276744082570076,0.0,0.0,0.0,0.0,0.0,0.15972943603992462,0.0,0.0,0.4657495617866516
11,13,0.04714463651180267,1.2952102224517148e-05,0.15705472230911255,0.3640398383140564,0.053715869784355164,0.0,0.0,0.0,0.0,0.0,0.6886928081512451,0.0,0.0,0.0,6.476051112258574e-06,0.07852736115455627,0.1820199191570282,0.026857934892177582,0.0,0.0,0.0,0.0,0.0,0.13773857057094574,0.0,0.0,0.4722949266433716
11,14,0.04904727265238762,4.147026174905477e-06,0.11322808265686035,0.2990153729915619,0.048797573894262314,0.0,0.0,0.0,0.0,0.0,0.2686713933944702,0.0,0.0,0.0,2.0735130874527385e-06,0.056614041328430176,0.14950768649578094,0.024398786947131157,0.0,0.0,0.0,0.0,0.0,0.05373428016901016,0.0,0.0,0.33330410718917847
11,15,0.04008488357067108,5.809948106616503e-06,0.08287167549133301,0.47796201705932617,0.08906781673431396,0.0,0.0,0.0,0.0,0.0,0.53448086977005,0.0,0.0,0.0,2.9049740533082513e-06,0.041435837745666504,0.23898100852966309,0.04453390836715698,0.0,0.0,0.0,0.0,0.0,0.10689617693424225,0.0,0.0,0.4719347357749939
11,16,0.06635899096727371,1.4076104889682028e-05,0.13973253965377808,0.4909515082836151,0.06641913205385208,0.0,0.0,0.0,0.0,0.0,0.2901034355163574,0.0,0.0,0.0,7.038052444841014e-06,0.06986626982688904,0.24547575414180756,0.03320956602692604,0.0,0.0,0.0,0.0,0.0,0.058020688593387604,0.0,0.0,0.47293829917907715
11,17,0.04769841954112053,7.794171324349009e-06,0.12022536993026733,0.31784898042678833,0.0842665433883667,0.0,0.0,0.0,0.0,0.0,0.11794507503509521,0.0,0.0,0.0,3.897085662174504e-06,0.06011268496513367,0.15892449021339417,0.04213327169418335,0.0,0.0,0.0,0.0,0.0,0.023589015007019043,0.0,0.0,0.33246177434921265
11,18,0.03976763039827347,6.1164232647570316e-06,0.04640012979507446,0.212365984916687,0.06757001578807831,0.0,0.0,0.0,0.0,0.0,0.07175862789154053,0.0,0.0,0.0,3.0582116323785158e-06,0.02320006489753723,0.1061829924583435,0.033785007894039154,0.0,0.0,0.0,0.0,0.0,0.014351725578308105,0.0,0.0,0.2172904908657074
11,19,0.05334027484059334,9.851638424152043e-06,0.08419179916381836,0.29047852754592896,0.07630699872970581,0.0,0.0,0.0,0.0,0.0,0.16381347179412842,0.0,0.0,0.0,4.925819212076021e-06,0.04209589958190918,0.14523926377296448,0.038153499364852905,0.0,0.0,0.0,0.0,0.0,0.03276269510388374,0.0,0.0,0.3115965723991394
11,20,0.04637978598475456,8.35474747873377e-06,0.0951000452041626,0.28487128019332886,0.10461480170488358,0.0,0.0,0.0,0.0,0.0,0.4202890694141388,0.0,0.0,0.0,4.177373739366885e-06,0.0475500226020813,0.14243564009666443,0.05230740085244179,0.0,0.0,0.0,0.0,0.0,0.08405781537294388,0.0,0.0,0.37273484468460083
11,21,0.055943410843610764,6.223684977157973e-06,0.06110185384750366,0.2025194764137268,0.07847161591053009,0.0,0.0,0.0,0.0,0.0,0.3058708906173706,0.0,0.0,0.0,3.1118424885789864e-06,0.03055092692375183,0.1012597382068634,0.039235807955265045,0.0,0.0,0.0,0.0,0.0,0.0611741803586483,0.0,0.0,0.28816717863082886
11,22,0.055018119513988495,6.244468750082888e-06,0.0980844497680664,0.18407192826271057,0.08478950709104538,0.0,0.0,0.0,0.0,0.0,0.3020665645599365,0.0,0.0,0.0,3.122234375041444e-06,0.0490422248840332,0.09203596413135529,0.04239475354552269,0.0,0.0,0.0,0.0,0.0,0.060413312166929245,0.0,0.0,0.29890748858451843
11,23,0.058422453701496124,2.339888169444748e-06,0.11968356370925903,0.3605497181415558,0.15989120304584503,0.0,0.0,0.0,0.0,0.0,0.4566734731197357,0.0,0.0,0.0,1.169944084722374e-06,0.05984178185462952,0.1802748590707779,0.07994560152292252,0.0,0.0,0.0,0.0,0.0,0.09133469313383102,0.0,0.0,0.4698205590248108
11,24,0.05625269562005997,1.1298974641249515e-05,0.06930017471313477,0.2626614272594452,0.10923891514539719,0.0,0.0,0.0,0.0,0.0,0.3127669095993042,0.0,0.0,0.0,5.6494873206247576e-06,0.03465008735656738,0.1313307136297226,0.05461945757269859,0.0,0.0,0.0,0.0,0.0,0.06255338340997696,0.0,0.0,0.33941197395324707
11,25,0.05534662678837776,7.134222414606484e-06,0.10837513208389282,0.24232031404972076,0.14624790847301483,0.0,0.0,0.0,0.0,0.0,0.5339404940605164,0.0,0.0,0.0,3.567111207303242e-06,0.05418756604194641,0.12116015702486038,0.07312395423650742,0.0,0.0,0.0,0.0,0.0,0.10678809881210327,0.0,0.0,0.41060999035835266
11,26,0.04935838282108307,7.008870852587279e-06,0.08609670400619507,0.20170527696609497,0.09508517384529114,0.0,0.0,0.0,0.0,0.0,0.22417311370372772,0.0,0.0,0.0,3.5044354262936395e-06,0.043048352003097534,0.10085263848304749,0.04754258692264557,0.0,0.0,0.0,0.0,0.0,0.044834624975919724,0.0,0.0,0.28564009070396423
11,27,0.057093292474746704,6.064308763598092e-06,0.08198398351669312,0.2521421015262604,0.12181906402111053,0.0,0.0,0.0,0.0,0.0,0.2414538413286209,0.0,0.0,0.0,3.032154381799046e-06,0.04099199175834656,0.1260710507631302,0.06090953201055527,0.0,0.0,0.0,0.0,0.0,0.04829077050089836,0.0,0.0,0.33335965871810913
11,28,0.05694315955042839,9.35747357289074e-06,0.09769332408905029,0.15547886490821838,0.06516461074352264,0.0,0.0,0.0,0.0,0.0,0.3059713542461395,0.0,0.0,0.0,4.67873678644537e-06,0.048846662044525146,0.07773943245410919,0.03258230537176132,0.0,0.0,0.0,0.0,0.0,0.061194270849227905,0.0,0.0,0.2773105204105377
11,29,0.04792771488428116,4.06970457333955e-06,0.03697580099105835,0.15399858355522156,0.12072442471981049,0.0,0.0,0.0,0.0,0.0,0.2828679084777832,0.0,0.0,0.0,2.034852286669775e-06,0.018487900495529175,0.07699929177761078,0.06036221235990524,0.0,0.0,0.0,0.0,0.0,0.05657358095049858,0.0,0.0,0.2603527307510376
11,30,0.059413813054561615,4.593239282257855e-06,0.03441232442855835,0.17854490876197815,0.15879952907562256,0.0,0.0,0.0,0.0,0.0,0.49419260025024414,0.0,0.0,0.0,2.2966196411289275e-06,0.017206162214279175,0.08927245438098907,0.07939976453781128,0.0,0.0,0.0,0.0,0.0,0.09883852303028107,0.0,0.0,0.34413301944732666
11,31,0.05249762535095215,9.71702320384793e-06,0.04404425621032715,0.1796034872531891,0.034323882311582565,0.0,0.0,0.0,0.0,0.0,0.21193218231201172,0.0,0.0,0.0,4.858511601923965e-06,0.022022128105163574,0.08980174362659454,0.017161941155791283,0.0,0.0,0.0,0.0,0.0,0.04238643869757652,0.0,0.0,0.22387473285198212
11,32,0.05920878052711487,4.605606591212563e-06,0.05057460069656372,0.12686434388160706,0.0632132887840271,0.0,0.0,0.0,0.0,0.0,0.13639354705810547,0.0,0.0,0.0,2.3028032956062816e-06,0.02528730034828186,0.06343217194080353,0.03160664439201355,0.0,0.0,0.0,0.0,0.0,0.027278710156679153,0.0,0.0,0.2068159133195877
11,33,0.06292738020420074,1.869646894192556e-06,0.04201787710189819,0.1525493562221527,0.09820238500833511,0.0,0.0,0.0,0.0,0.0,0.14304637908935547,0.0,0.0,0.0,9.34823447096278e-07,0.021008938550949097,0.07627467811107635,0.04910119250416756,0.0,0.0,0.0,0.0,0.0,0.028609275817871094,0.0,0.0,0.23792238533496857
11,34,0.05846911668777466,5.591285116679501e-06,0.05638241767883301,0.21604037284851074,0.18372663855552673,0.0,0.0,0.0,0.0,0.0,0.3106793463230133,0.0,0.0,0.0,2.7956425583397504e-06,0.028191208839416504,0.10802018642425537,0.09186331927776337,0.0,0.0,0.0,0.0,0.0,0.06213587149977684,0.0,0.0,0.3486825227737427
11,35,0.046710677444934845,8.708007044333499e-06,0.02777177095413208,0.18470057845115662,0.08776867389678955,0.0,0.0,0.0,0.0,0.0,0.40669503808021545,0.0,0.0,0.0,4.3540035221667495e-06,0.01388588547706604,0.09235028922557831,0.043884336948394775,0.0,0.0,0.0,0.0,0.0,0.08133900910615921,0.0,0.0,0.2781745493412018
11,36,0.05506051704287529,1.0865019248740282e-05,0.03451329469680786,0.1967983841896057,0.08592958748340607,0.0,0.0,0.0,0.0,0.0,0.14428186416625977,0.0,0.0,0.0,5.432509624370141e-06,0.01725664734840393,0.09839919209480286,0.04296479374170303,0.0,0.0,0.0,0.0,0.0,0.028856372460722923,0.0,0.0,0.24254295229911804
11,37,0.05984756350517273,5.791349849459948e-06,0.038612544536590576,0.1592104434967041,0.12265174835920334,0.0,0.0,0.0,0.0,0.0,0.3052535057067871,0.0,0.0,0.0,2.895674924729974e-06,0.019306272268295288,0.07960522174835205,0.06132587417960167,0.0,0.0,0.0,0.0,0.0,0.06105070188641548,0.0,0.0,0.28113853931427
11,38,0.058093804866075516,8.498714123561513e-06,0.09578067064285278,0.19682085514068604,0.15694528818130493,0.0,0.0,0.0,0.0,0.0,0.263584703207016,0.0,0.0,0.0,4.249357061780756e-06,0.04789033532142639,0.09841042757034302,0.07847264409065247,0.0,0.0,0.0,0.0,0.0,0.0527169406414032,0.0,0.0,0.33558839559555054
11,39,0.04993429407477379,8.418310244451277e-06,0.03153914213180542,0.1784323751926422,0.13910776376724243,0.0,0.0,0.0,0.0,0.0,0.29304224252700806,0.0,0.0,0.0,4.2091551222256385e-06,0.01576957106590271,0.0892161875963211,0.06955388188362122,0.0,0.0,0.0,0.0,0.0,0.05860844999551773,0.0,0.0,0.2830865979194641
11,40,0.07205568999052048,3.572417199393385e-06,0.026417195796966553,0.09909656643867493,0.11167268455028534,0.0,0.0,0.0,0.0,0.0,0.24933290481567383,0.0,0.0,0.0,1.7862085996966925e-06,0.013208597898483276,0.04954828321933746,0.05583634227514267,0.0,0.0,0.0,0.0,0.0,0.049866583198308945,0.0,0.0,0.2405172884464264
11,41,0.0654778704047203,5.049463652539998e-06,0.05455666780471802,0.17702507972717285,0.15888585150241852,0.0,0.0,0.0,0.0,0.0,0.33038821816444397,0.0,0.0,0.0,2.524731826269999e-06,0.02727833390235901,0.08851253986358643,0.07944292575120926,0.0,0.0,0.0,0.0,0.0,0.06607764214277267,0.0,0.0,0.3267918527126312
11,42,0.05056647211313248,7.938273483887315e-06,0.021323442459106445,0.0967315137386322,0.09376344084739685,0.0,0.0,0.0,0.0,0.0,0.1446380615234375,0.0,0.0,0.0,3.969136741943657e-06,0.010661721229553223,0.0483657568693161,0.046881720423698425,0.0,0.0,0.0,0.0,0.0,0.02892761304974556,0.0,0.0,0.18540725111961365
11,43,0.06202496960759163,1.1816964615718462e-05,0.05931448936462402,0.1366896629333496,0.02462048828601837,0.0,0.0,0.0,0.0,0.0,0.14559495449066162,0.0,0.0,0.0,5.908482307859231e-06,0.02965724468231201,0.0683448314666748,0.012310244143009186,0.0,0.0,0.0,0.0,0.0,0.029118990525603294,0.0,0.0,0.20146217942237854
11,44,0.04767560213804245,7.655811714357696e-06,0.05495035648345947,0.15953153371810913,0.12823140621185303,0.0,0.0,0.0,0.0,0.0,0.1953759789466858,0.0,0.0,0.0,3.827905857178848e-06,0.027475178241729736,0.07976576685905457,0.06411570310592651,0.0,0.0,0.0,0.0,0.0,0.03907519578933716,0.0,0.0,0.25811126828193665
11,45,0.06286566704511642,2.014524625337799e-06,0.025124430656433105,0.12488362193107605,0.14883127808570862,0.0,0.0,0.0,0.0,0.0,0.2714243233203888,0.0,0.0,0.0,1.0072623126688995e-06,0.012562215328216553,0.062441810965538025,0.07441563904285431,0.0,0.0,0.0,0.0,0.0,0.05428486689925194,0.0,0.0,0.26657119393348694
11,46,0.051700204610824585,5.192548087507021e-06,0.022037148475646973,0.12946534156799316,0.03816497325897217,0.0,0.0,0.0,0.0,0.0,0.34367790818214417,0.0,0.0,0.0,2.5962740437535103e-06,0.011018574237823486,0.06473267078399658,0.019082486629486084,0.0,0.0,0.0,0.0,0.0,0.06873558461666107,0.0,0.0,0.21527211368083954
11,47,0.07322613894939423,4.1360540308232885e-06,0.03539574146270752,0.07905897498130798,0.06960667669773102,0.0,0.0,0.0,0.0,0.0,0.11964923143386841,0.0,0.0,0.0,2.0680270154116442e-06,0.01769787073135376,0.03952948749065399,0.03480333834886551,0.0,0.0,0.0,0.0,0.0,0.02392984740436077,0.0,0.0,0.18918876349925995
11,48,0.04919718578457832,6.1630535128642805e-06,0.04317194223403931,0.1437261998653412,0.08612653613090515,0.0,0.0,0.0,0.0,0.0,0.3930739164352417,0.0,0.0,0.0,3.0815267564321402e-06,0.021585971117019653,0.0718630999326706,0.043063268065452576,0.0,0.0,0.0,0.0,0.0,0.07861478626728058,0.0,0.0,0.26432740688323975
11,49,0.053108859807252884,8.285593139589764e-06,0.05081331729888916,0.13538497686386108,0.11294768005609512,0.0,0.0,0.0,0.0,0.0,0.14293122291564941,0.0,0.0,0.0,4.142796569794882e-06,0.02540665864944458,0.06769248843193054,0.05647384002804756,0.0,0.0,0.0,0.0,0.0,0.028586244210600853,0.0,0.0,0.23127222061157227
11,50,0.06572479009628296,1.6805566929178894e-06,0.05060863494873047,0.11708039045333862,0.07619036734104156,0.0,0.0,0.0,0.0,0.0,0.40395408868789673,0.0,0.0,0.0,8.402783464589447e-07,0.025304317474365234,0.05854019522666931,0.03809518367052078,0.0,0.0,0.0,0.0,0.0,0.08079081773757935,0.0,0.0,0.2684561312198639
11,51,0.05468220263719559,2.145404778275406e-06,0.05170243978500366,0.11706537008285522,-0.0005206353962421417,0.0,0.0,0.0,0.0,0.0,0.12043023109436035,0.0,0.0,0.0,1.072702389137703e-06,0.02585121989250183,0.05853268504142761,-0.00026031769812107086,0.0,0.0,0.0,0.0,0.0,0.02408604696393013,0.0,0.0,0.1628928929567337
11,52,0.05944981426000595,5.151563982508378e-06,0.034339964389801025,0.07892158627510071,0.09437094628810883,0.0,0.0,0.0,0.0,0.0,0.13000977039337158,0.0,0.0,0.0,2.575781991254189e-06,0.017169982194900513,0.039460793137550354,0.04718547314405441,0.0,0.0,0.0,0.0,0.0,0.026001954451203346,0.0,0.0,0.18927058577537537
11,53,0.05084136128425598,4.079707650816999e-06,0.03773307800292969,0.09593173861503601,0.09721869975328445,0.0,0.0,0.0,0.0,0.0,0.1940070390701294,0.0,0.0,0.0,2.0398538254084997e-06,0.018866539001464844,0.047965869307518005,0.04860934987664223,0.0,0.0,0.0,0.0,0.0,0.038801409304142,0.0,0.0,0.20508655905723572
11,54,0.06100218743085861,4.729387001134455e-06,0.09082555770874023,0.34092336893081665,0.1810183823108673,0.0,0.0,0.0,0.0,0.0,0.48889338970184326,0.0,0.0,0.0,2.3646935005672276e-06,0.04541277885437012,0.17046168446540833,0.09050919115543365,0.0,0.0,0.0,0.0,0.0,0.09777867794036865,0.0,0.0,0.4651668667793274
11,55,0.058237720280885696,4.330367573857075e-06,0.048830509185791016,0.09550443291664124,0.04187045246362686,0.0,0.0,0.0,0.0,0.0,0.06512141227722168,0.0,0.0,0.0,2.1651837869285373e-06,0.024415254592895508,0.04775221645832062,0.02093522623181343,0.0,0.0,0.0,0.0,0.0,0.01302428264170885,0.0,0.0,0.16436687111854553
11,56,0.05810622125864029,5.636069090542151e-06,0.04728806018829346,0.14926308393478394,-0.00701238214969635,0.0,0.0,0.0,0.0,0.0,0.11159038543701172,0.0,0.0,0.0,2.8180345452710753e-06,0.02364403009414673,0.07463154196739197,-0.003506191074848175,0.0,0.0,0.0,0.0,0.0,0.022318078204989433,0.0,0.0,0.17519651353359222
11,57,0.059837061911821365,4.8683623390388675e-06,0.029768526554107666,0.10044890642166138,0.012561947107315063,0.0,0.0,0.0,0.0,0.0,0.1519116461277008,0.0,0.0,0.0,2.4341811695194338e-06,0.014884263277053833,0.05022445321083069,0.006280973553657532,0.0,0.0,0.0,0.0,0.0,0.03038232959806919,0.0,0.0,0.16161152720451355
11,58,0.051050473004579544,6.975102678552503e-06,0.021449625492095947,0.11717236042022705,0.0016870088875293732,0.0,0.0,0.0,0.0,0.0,0.260314404964447,0.0,0.0,0.0,3.4875513392762514e-06,0.010724812746047974,0.058586180210113525,0.0008435044437646866,0.0,0.0,0.0,0.0,0.0,0.052062880247831345,0.0,0.0,0.1732713282108307
11,59,0.0660070925951004,6.7445935201249085e-06,0.0227699875831604,0.1459500789642334,0.0691463053226471,0.0,0.0,0.0,0.0,0.0,0.29785656929016113,0.0,0.0,0.0,3.3722967600624543e-06,0.0113849937915802,0.0729750394821167,0.03457315266132355,0.0,0.0,0.0,0.0,0.0,0.059571314603090286,0.0,0.0,0.24451497197151184
11,60,0.056202102452516556,4.518754849414108e-06,0.027054190635681152,0.17340359091758728,0.12067409604787827,0.0,0.0,0.0,0.0,0.0,0.2565782070159912,0.0,0.0,0.0,2.259377424707054e-06,0.013527095317840576,0.08670179545879364,0.06033704802393913,0.0,0.0,0.0,0.0,0.0,0.05131564289331436,0.0,0.0,0.26808595657348633
11,61,0.05307849124073982,5.501793111761799e-06,0.03255951404571533,0.10370650887489319,0.06981514394283295,0.0,0.0,0.0,0.0,0.0,0.10763221979141235,0.0,0.0,0.0,2.7508965558808995e-06,0.016279757022857666,0.051853254437446594,0.03490757197141647,0.0,0.0,0.0,0.0,0.0,0.02152644470334053,0.0,0.0,0.17764826118946075
11,62,0.052654851227998734,6.934867997188121e-06,0.02857518196105957,0.12752938270568848,0.02850954234600067,0.0,0.0,0.0,0.0,0.0,0.11687469482421875,0.0,0.0,0.0,3.4674339985940605e-06,0.014287590980529785,0.06376469135284424,0.014254771173000336,0.0,0.0,0.0,0.0,0.0,0.02337493933737278,0.0,0.0,0.16834032535552979
11,63,0.06495961546897888,6.122690137999598e-06,0.027859926223754883,0.11528566479682922,-0.006297985091805458,0.0,0.0,0.0,0.0,0.0,0.16254258155822754,0.0,0.0,0.0,3.061345068999799e-06,0.013929963111877441,0.05764283239841461,-0.003148992545902729,0.0,0.0,0.0,0.0,0.0,0.03250851854681969,0.0,0.0,0.1658950001001358
11,64,0.04620414227247238,7.669336810067762e-06,0.06125533580780029,0.14571034908294678,0.0397677980363369,0.0,0.0,0.0,0.0,0.0,0.2314317226409912,0.0,0.0,0.0,3.834668405033881e-06,0.030627667903900146,0.07285517454147339,0.01988389901816845,0.0,0.0,0.0,0.0,0.0,0.04628634452819824,0.0,0.0,0.21586106717586517
11,65,0.06245822831988335,3.6096826079301536e-06,0.035082101821899414,0.12251216173171997,-0.0127647016197443,0.0,0.0,0.0,0.0,0.0,0.12851983308792114,0.0,0.0,0.0,1.8048413039650768e-06,0.017541050910949707,0.061256080865859985,-0.00638235080987215,0.0,0.0,0.0,0.0,0.0,0.02570396661758423,0.0,0.0,0.16057878732681274
11,66,0.051246821880340576,3.934340384148527e-06,0.021435439586639404,0.1487303078174591,-0.02565334178507328,0.0,0.0,0.0,0.0,0.0,0.4660581648349762,0.0,0.0,0.0,1.9671701920742635e-06,0.010717719793319702,0.07436515390872955,-0.01282667089253664,0.0,0.0,0.0,0.0,0.0,0.09321163594722748,0.0,0.0,0.21671661734580994
11,67,0.04768078774213791,4.605391040968243e-06,0.03393137454986572,0.09128302335739136,0.05386461317539215,0.0,0.0,0.0,0.0,0.0,0.21853125095367432,0.0,0.0,0.0,2.3026955204841215e-06,0.01696568727493286,0.04564151167869568,0.026932306587696075,0.0,0.0,0.0,0.0,0.0,0.043706249445676804,0.0,0.0,0.18092884123325348
11,68,0.05681932717561722,5.523044706023938e-07,0.027848124504089355,0.07919123768806458,-0.01380923017859459,0.0,0.0,0.0,0.0,0.0,0.20640313625335693,0.0,0.0,0.0,2.761522353011969e-07,0.013924062252044678,0.03959561884403229,-0.006904615089297295,0.0,0.0,0.0,0.0,0.0,0.04128062725067139,0.0,0.0,0.1447152942419052
11,69,0.04744721204042435,4.116661330044735e-06,0.027334868907928467,0.11909714341163635,0.0903521403670311,0.0,0.0,0.0,0.0,0.0,0.0,0.0,0.0,0.0,2.0583306650223676e-06,0.013667434453964233,0.059548571705818176,0.04517607018351555,0.0,0.0,0.0,0.0,0.0,0.0,0.0,0.0,0.16584135591983795
11,70,0.05672917515039444,1.2143301546529983e-06,0.03131061792373657,0.07918506860733032,0.027723092585802078,0.0,0.0,0.0,0.0,0.0,0.130976140499115,0.0,0.0,0.0,6.071650773264992e-07,0.015655308961868286,0.03959253430366516,0.013861546292901039,0.0,0.0,0.0,0.0,0.0,0.026195228099822998,0.0,0.0,0.15203440189361572
11,71,0.04766252636909485,4.004992661066353e-06,0.0233423113822937,0.08746972680091858,-0.028351150453090668,0.0,0.0,0.0,0.0,0.0,0.153561532497406,0.0,0.0,0.0,2.0024963305331767e-06,0.01167115569114685,0.04373486340045929,-0.014175575226545334,0.0,0.0,0.0,0.0,0.0,0.0307123064994812,0.0,0.0,0.11960728466510773
11,72,0.05151937156915665,4.237070243107155e-06,0.061159729957580566,0.13218975067138672,0.06198069825768471,0.0,0.0,0.0,0.0,0.0,0.407859742641449,0.0,0.0,0.0,2.1185351215535775e-06,0.030579864978790283,0.06609487533569336,0.030990349128842354,0.0,0.0,0.0,0.0,0.0,0.08157195150852203,0.0,0.0,0.26075851917266846
11,73,0.06637493520975113,3.0873241030349163e-06,0.057095885276794434,0.07769924402236938,0.034662384539842606,0.0,0.0,0.0,0.0,0.0,0.1863570213317871,0.0,0.0,0.0,1.5436620515174582e-06,0.028547942638397217,0.03884962201118469,0.017331192269921303,0.0,0.0,0.0,0.0,0.0,0.0372714065015316,0.0,0.0,0.18837665021419525
11,74,0.050190556794404984,3.014041340065887e-06,0.05936324596405029,0.09188222885131836,0.044462405145168304,0.0,0.0,0.0,0.0,0.0,0.10296648740768433,0.0,0.0,0.0,1.5070206700329436e-06,0.029681622982025146,0.04594111442565918,0.022231202572584152,0.0,0.0,0.0,0.0,0.0,0.020593298599123955,0.0,0.0,0.16863930225372314
11,75,0.0485009029507637,3.827790351351723e-06,0.02447223663330078,0.0948774516582489,0.038037825375795364,0.0,0.0,0.0,0.0,0.0,0.09969866275787354,0.0,0.0,0.0,1.9138951756758615e-06,0.01223611831665039,0.04743872582912445,0.019018912687897682,0.0,0.0,0.0,0.0,0.0,0.019939733669161797,0.0,0.0,0.14713631570339203
11,76,0.042310427874326706,8.791428740551055e-07,0.02481025457382202,0.07942870259284973,0.0028173322789371014,0.0,0.0,0.0,0.0,0.0,0.10594451427459717,0.0,0.0,0.0,4.3957143702755275e-07,0.01240512728691101,0.039714351296424866,0.0014086661394685507,0.0,0.0,0.0,0.0,0.0,0.021188903599977493,0.0,0.0,0.11702790856361389
11,77,0.0468476265668869,9.77847662397835e-07,0.017234444618225098,0.05956071615219116,0.02206827886402607,0.0,0.0,0.0,0.0,0.0,0.09987938404083252,0.0,0.0,0.0,4.889238311989175e-07,0.008617222309112549,0.02978035807609558,0.011034139432013035,0.0,0.0,0.0,0.0,0.0,0.019975876435637474,0.0,0.0,0.11625571548938751
11,78,0.04837997630238533,1.7128675608546473e-05,0.055907368659973145,0.1746942400932312,0.006611008197069168,0.0,0.0,0.0,0.0,0.0,0.13299305737018585,0.0,0.0,0.0,8.564337804273237e-06,0.027953684329986572,0.0873471200466156,0.003305504098534584,0.0,0.0,0.0,0.0,0.0,0.0265986118465662,0.0,0.0,0.19359347224235535
11,79,0.04804327338933945,4.706196250481298e-06,0.01734822988510132,0.14156484603881836,0.04338866472244263,0.0,0.0,0.0,0.0,0.0,0.36264169216156006,0.0,0.0,0.0,2.353098125240649e-06,0.00867411494255066,0.07078242301940918,0.021694332361221313,0.0,0.0,0.0,0.0,0.0,0.07252833992242813,0.0,0.0,0.22172483801841736
11,80,0.0411706306040287,3.4348520330240717e-06,0.08992791175842285,0.1265788972377777,-0.01899099536240101,0.0,0.0,0.0,0.0,0.0,0.12127643823623657,0.0,0.0,0.0,1.7174260165120359e-06,0.044963955879211426,0.06328944861888885,-0.009495497681200504,0.0,0.0,0.0,0.0,0.0,0.024255288764834404,0.0,0.0,0.1641855388879776
11,81,0.04203623905777931,2.38933102991723e-06,0.018413782119750977,0.07941901683807373,0.006479879841208458,0.0,0.0,0.0,0.0,0.0,0.13117259740829468,0.0,0.0,0.0,1.194665514958615e-06,0.009206891059875488,0.039709508419036865,0.003239939920604229,0.0,0.0,0.0,0.0,0.0,0.026234520599246025,0.0,0.0,0.12042829394340515
11,82,0.049355629831552505,1.685057668510126e-06,0.043791234493255615,0.07378402352333069,0.04415355995297432,0.0,0.0,0.0,0.0,0.0,0.1415138989686966,0.0,0.0,0.0,8.42528834255063e-07,0.021895617246627808,0.036892011761665344,0.02207677997648716,0.0,0.0,0.0,0.0,0.0,0.02830277942121029,0.0,0.0,0.15852366387844086
11,83,0.043995823711156845,6.07496758675552e-06,0.08168566226959229,0.12108823657035828,0.06265296787023544,0.0,0.0,0.0,0.0,0.0,0.4426175355911255,0.0,0.0,0.0,3.03748379337776e-06,0.04084283113479614,0.06054411828517914,0.03132648393511772,0.0,0.0,0.0,0.0,0.0,0.0885235071182251,0.0,0.0,0.2652357816696167
11,84,0.047130368649959564,3.952116458094679e-06,0.014993071556091309,0.10112249851226807,0.024795690551400185,0.0,0.0,0.0,0.0,0.0,0.1406790018081665,0.0,0.0,0.0,1.9760582290473394e-06,0.007496535778045654,0.05056124925613403,0.012397845275700092,0.0,0.0,0.0,0.0,0.0,0.02813580073416233,0.0,0.0,0.14572377502918243
11,85,0.037875086069107056,2.6946918296744116e-06,0.027668774127960205,0.08855801820755005,0.009845800697803497,0.0,0.0,0.0,0.0,0.0,0.2996227443218231,0.0,0.0,0.0,1.3473459148372058e-06,0.013834387063980103,0.044279009103775024,0.004922900348901749,0.0,0.0,0.0,0.0,0.0,0.05992455035448074,0.0,0.0,0.1608372926712036
11,86,0.03976047411561012,1.4711824860569322e-06,0.025578737258911133,0.07149407267570496,0.04080953449010849,0.0,0.0,0.0,0.0,0.0,0.20240922272205353,0.0,0.0,0.0,7.355912430284661e-07,0.012789368629455566,0.03574703633785248,0.020404767245054245,0.0,0.0,0.0,0.0,0.0,0.040481846779584885,0.0,0.0,0.1491842269897461
11,87,0.0459364615380764,7.614756668772316e-06,0.019282042980194092,0.14042264223098755,-0.03377095237374306,0.0,0.0,0.0,0.0,0.0,0.42990243434906006,0.0,0.0,0.0,3.807378334386158e-06,0.009641021490097046,0.07021132111549377,-0.01688547618687153,0.0,0.0,0.0,0.0,0.0,0.08598048985004425,0.0,0.0,0.19488762319087982
11,88,0.043091077357530594,1.2287154049772653e-06,0.029766857624053955,0.07618546485900879,0.043091900646686554,0.0,0.0,0.0,0.0,0.0,0.11287456750869751,0.0,0.0,0.0,6.143577024886326e-07,0.014883428812026978,0.038092732429504395,0.021545950323343277,0.0,0.0,0.0,0.0,0.0,0.02257491461932659,0.0,0.0,0.14018872380256653
11,89,0.04363005980849266,8.357559636351652e-06,0.08259135484695435,0.12030747532844543,-0.007844021543860435,0.0,0.0,0.0,0.0,0.0,0.17636126279830933,0.0,0.0,0.0,4.178779818175826e-06,0.04129567742347717,0.06015373766422272,-0.003922010771930218,0.0,0.0,0.0,0.0,0.0,0.035272251814603806,0.0,0.0,0.17643389105796814
11,90,0.04273677244782448,4.675740456150379e-06,0.024666190147399902,0.0730704665184021,0.00300450436770916,0.0,0.0,0.0,0.0,0.0,0.09844974428415298,0.0,0.0,0.0,2.3378702280751895e-06,0.012333095073699951,0.03653523325920105,0.00150225218385458,0.0,0.0,0.0,0.0,0.0,0.019689949229359627,0.0,0.0,0.11279963701963425
11,91,0.04045693576335907,4.20941250922624e-06,0.019841790199279785,0.06789222359657288,0.006908014416694641,0.0,0.0,0.0,0.0,0.0,0.28527700901031494,0.0,0.0,0.0,2.10470625461312e-06,0.009920895099639893,0.03394611179828644,0.0034540072083473206,0.0,0.0,0.0,0.0,0.0,0.05705540254712105,0.0,0.0,0.1448354572057724
11,92,0.04439102113246918,1.3645279068441596e-05,0.04084420204162598,0.1123914122581482,-0.025600682944059372,0.0,0.0,0.0,0.0,0.0,0.15415245294570923,0.0,0.0,0.0,6.822639534220798e-06,0.02042210102081299,0.0561957061290741,-0.012800341472029686,0.0,0.0,0.0,0.0,0.0,0.030830491334199905,0.0,0.0,0.1390458047389984
11,93,0.03872901201248169,2.570583319538855e-06,0.019254624843597412,0.09434977173805237,-0.012567227706313133,0.0,0.0,0.0,0.0,0.0,0.14986371994018555,0.0,0.0,0.0,1.2852916597694275e-06,0.009627312421798706,0.047174885869026184,-0.006283613853156567,0.0,0.0,0.0,0.0,0.0,0.0299727451056242,0.0,0.0,0.11922162771224976
11,94,0.040509290993213654,1.5742514278827002e-06,0.048356831073760986,0.07019677758216858,0.0012868130579590797,0.0,0.0,0.0,0.0,0.0,0.17297792434692383,0.0,0.0,0.0,7.871257139413501e-07,0.024178415536880493,0.03509838879108429,0.0006434065289795399,0.0,0.0,0.0,0.0,0.0,0.034595586359500885,0.0,0.0,0.13502587378025055
11,95,0.04115503281354904,1.4393219771591248e-06,0.02415996789932251,0.07643377780914307,0.016693662852048874,0.0,0.0,0.0,0.0,0.0,0.22590696811676025,0.0,0.0,0.0,7.196609885795624e-07,0.012079983949661255,0.03821688890457153,0.008346831426024437,0.0,0.0,0.0,0.0,0.0,0.04518139362335205,0.0,0.0,0.14498084783554077
11,96,0.04045931249856949,3.6183578231430147e-06,0.11344122886657715,0.12852835655212402,0.010003272444009781,0.0,0.0,0.0,0.0,0.0,0.0,0.0,0.0,0.0,1.8091789115715073e-06,0.056720614433288574,0.06426417827606201,0.0050016362220048904,0.0,0.0,0.0,0.0,0.0,0.0,0.0,0.0,0.16644755005836487
11,97,0.040661219507455826,6.243614734557923e-06,0.02073448896408081,0.06746998429298401,-0.025211773812770844,0.0,0.0,0.0,0.0,0.0,0.21913617849349976,0.0,0.0,0.0,3.1218073672789615e-06,0.010367244482040405,0.033734992146492004,-0.012605886906385422,0.0,0.0,0.0,0.0,0.0,0.04382723569869995,0.0,0.0,0.11598792672157288
11,98,0.04636208340525627,2.608599061204586e-06,0.03887253999710083,0.1056833267211914,-0.01708517037332058,0.0,0.0,0.0,0.0,0.0,0.081459641456604,0.0,0.0,0.0,1.304299530602293e-06,0.019436269998550415,0.0528416633605957,-0.00854258518666029,0.0,0.0,0.0,0.0,0.0,0.01629192940890789,0.0,0.0,0.12639066576957703
11,99,0.03706735372543335,3.56964710590546e-06,0.019782662391662598,0.07256802916526794,0.00971499178558588,0.0,0.0,0.0,0.0,0.0,0.1357239931821823,0.0,0.0,0.0,1.78482355295273e-06,0.009891331195831299,0.03628401458263397,0.00485749589279294,0.0,0.0,0.0,0.0,0.0,0.027144799008965492,0.0,0.0,0.11524678021669388
11,100,0.03890595585107803,2.564335545685026e-06,0.0289342999458313,0.09580862522125244,-0.025161832571029663,0.0,0.0,0.0,0.0,0.0,0.1422581672668457,0.0,0.0,0.0,1.282167772842513e-06,0.01446714997291565,0.04790431261062622,-0.012580916285514832,0.0,0.0,0.0,0.0,0.0,0.02845163457095623,0.0,0.0,0.11714942008256912
12,1,0.04376865178346634,1.4740122423972934e-05,0.1638791561126709,0.5861155986785889,0.00329010933637619,0.0,0.0,0.0,0.0,0.0,0.6129260063171387,0.0,0.0,0.0,7.370061211986467e-06,0.08193957805633545,0.29305779933929443,0.001645054668188095,0.0,0.0,0.0,0.0,0.0,0.12258519977331161,0.0,0.0,0.5430036783218384
12,2,0.053568411618471146,6.23458481641137e-06,0.19387942552566528,0.7256446480751038,0.012181535363197327,0.0,0.0,0.0,0.0,0.0,0.6857984662055969,0.0,0.0,0.0,3.117292408205685e-06,0.09693971276283264,0.3628223240375519,0.006090767681598663,0.0,0.0,0.0,0.0,0.0,0.13715969026088715,0.0,0.0,0.6565840244293213
12,3,0.041639965027570724,1.252185847988585e-05,0.148922860622406,0.4203021824359894,0.0032235076650977135,0.0,0.0,0.0,0.0,0.0,0.15619051456451416,0.0,0.0,0.0,6.260929239942925e-06,0.074461430311203,0.2101510912179947,0.0016117538325488567,0.0,0.0,0.0,0.0,0.0,0.031238103285431862,0.0,0.0,0.3591085970401764
12,4,0.04408753663301468,1.3129769286024384e-05,0.10315608978271484,0.5443884134292603,0.007180352229624987,0.0,0.0,0.0,0.0,0.0,0.5951946377754211,0.0,0.0,0.0,6.564884643012192e-06,0.05157804489135742,0.2721942067146301,0.0035901761148124933,0.0,0.0,0.0,0.0,0.0,0.11903893202543259,0.0,0.0,0.4904954433441162
12,5,0.04547455161809921,1.0033739272330422e-05,0.13025236129760742,0.37942081689834595,0.000112172681838274,0.0,0.0,0.0,0.0,0.0,0.23699992895126343,0.0,0.0,0.0,5.016869636165211e-06,0.06512618064880371,0.18971040844917297,5.6086340919137e-05,0.0,0.0,0.0,0.0,0.0,0.047399986535310745,0.0,0.0,0.3477722406387329
12,6,0.05420105531811714,1.3069779015495442e-05,0.07523244619369507,0.37903276085853577,0.004684756975620985,0.0,0.0,0.0,0.0,0.0,0.7337633371353149,0.0,0.0,0.0,6.534889507747721e-06,0.037616223096847534,0.18951638042926788,0.0023423784878104925,0.0,0.0,0.0,0.0,0.0,0.14675267040729523,0.0,0.0,0.4304352402687073
12,7,0.02911703661084175,1.1023088518413715e-05,0.17053526639938354,0.432574063539505,0.015193875879049301,0.0,0.0,0.0,0.0,0.0,0.5869048237800598,0.0,0.0,0.0,5.5115442592068575e-06,0.08526763319969177,0.2162870317697525,0.007596937939524651,0.0,0.0,0.0,0.0,0.0,0.11738096922636032,0.0,0.0,0.45565512776374817
12,8,0.0666266530752182,5.101147962704999e-06,0.17933762073516846,0.658354640007019,0.010004074312746525,0.0,0.0,0.0,0.0,0.0,0.0,0.0,0.0,0.0,2.5505739813524997e-06,0.08966881036758423,0.3291773200035095,0.005002037156373262,0.0,0.0,0.0,0.0,0.0,0.0,0.0,0.0,0.49047738313674927
12,9,0.06492982804775238,9.733835213410202e-06,0.07038921117782593,0.2942172586917877,0.022778812795877457,0.0,0.0,0.0,0.0,0.0,0.3722744882106781,0.0,0.0,0.0,4.866917606705101e-06,0.035194605588912964,0.14710862934589386,0.011389406397938728,0.0,0.0,0.0,0.0,0.0,0.0744548961520195,0.0,0.0,0.3330822288990021
12,10,0.04217224195599556,9.800504813028965e-06,0.20602113008499146,0.3966626226902008,0.028965938836336136,0.0,0.0,0.0,0.0,0.0,0.6419616937637329,0.0,0.0,0.0,4.9002524065144826e-06,0.10301056504249573,0.1983313113451004,0.014482969418168068,0.0,0.0,0.0,0.0,0.0,0.12839233875274658,0.0,0.0,0.48639434576034546
12,11,0.04567216709256172,8.493148925481364e-06,0.0750458836555481,0.34715959429740906,0.03402350842952728,0.0,0.0,0.0,0.0,0.0,0.3829520344734192,0.0,0.0,0.0,4.246574462740682e-06,0.03752294182777405,0.17357979714870453,0.01701175421476364,0.0,0.0,0.0,0.0,0.0,0.0765904113650322,0.0,0.0,0.3503813147544861
12,12,0.04271607846021652,1.0233829016215168e-05,0.12898379564285278,0.3229784667491913,0.04135838896036148,0.0,0.0,0.0,0.0,0.0,0.7889798879623413,0.0,0.0,0.0,5.116914508107584e-06,0.06449189782142639,0.16148923337459564,0.02067919448018074,0.0,0.0,0.0,0.0,0.0,0.1577959805727005,0.0,0.0,0.447177529335022
12,13,0.040548525750637054,9.840578059083782e-06,0.14111393690109253,0.28328949213027954,0.045991018414497375,0.0,0.0,0.0,0.0,0.0,0.7530292272567749,0.0,0.0,0.0,4.920289029541891e-06,0.07055696845054626,0.14164474606513977,0.022995509207248688,0.0,0.0,0.0,0.0,0.0,0.15060584247112274,0.0,0.0,0.4263564944267273
12,14,0.042604587972164154,9.019303433888126e-06,0.07731741666793823,0.2995775043964386,0.04569055140018463,0.0,0.0,0.0,0.0,0.0,0.2476353645324707,0.0,0.0,0.0,4.509651716944063e-06,0.038658708333969116,0.1497887521982193,0.022845275700092316,0.0,0.0,0.0,0.0,0.0,0.04952707514166832,0.0,0.0,0.30342891812324524
12,15,0.045387089252471924,1.1442321010690648e-05,0.07644212245941162,0.4107547998428345,0.08353564143180847,0.0,0.0,0.0,0.0,0.0,0.5067638158798218,0.0,0.0,0.0,5.721160505345324e-06,0.03822106122970581,0.20537739992141724,0.041767820715904236,0.0,0.0,0.0,0.0,0.0,0.1013527661561966,0.0,0.0,0.43211185932159424
12,16,0.05868050456047058,1.621954834263306e-05,0.10804903507232666,0.43410971760749817,0.050108786672353745,0.0,0.0,0.0,0.0,0.0,0.2883206605911255,0.0,0.0,0.0,8.10977417131653e-06,0.05402451753616333,0.21705485880374908,0.025054393336176872,0.0,0.0,0.0,0.0,0.0,0.05766413360834122,0.0,0.0,0.4124865233898163
12,17,0.045755598694086075,9.237312951881904e-06,0.12941324710845947,0.27557483315467834,0.08290857821702957,0.0,0.0,0.0,0.0,0.0,0.11647093296051025,0.0,0.0,0.0,4.618656475940952e-06,0.06470662355422974,0.13778741657733917,0.041454289108514786,0.0,0.0,0.0,0.0,0.0,0.02329418621957302,0.0,0.0,0.31300273537635803
12,18,0.05854218453168869,1.0038540494861081e-05,0.04899561405181885,0.2496345341205597,0.08482068032026291,0.0,0.0,0.0,0.0,0.0,0.07901334762573242,0.0,0.0,0.0,5.019270247430541e-06,0.024497807025909424,0.12481726706027985,0.042410340160131454,0.0,0.0,0.0,0.0,0.0,0.015802670270204544,0.0,0.0,0.2660752832889557
12,19,0.06849171966314316,1.4055992323847022e-05,0.053263962268829346,0.3157247006893158,0.07388640195131302,0.0,0.0,0.0,0.0,0.0,0.16749638319015503,0.0,0.0,0.0,7.027996161923511e-06,0.026631981134414673,0.1578623503446579,0.03694320097565651,0.0,0.0,0.0,0.0,0.0,0.033499278128147125,0.0,0.0,0.32343554496765137
12,20,0.051784198731184006,1.0933423254755326e-05,0.08495748043060303,0.2659133970737457,0.09665247797966003,0.0,0.0,0.0,0.0,0.0,0.32388195395469666,0.0,0.0,0.0,5.466711627377663e-06,0.042478740215301514,0.13295669853687286,0.04832623898983002,0.0,0.0,0.0,0.0,0.0,0.06477639079093933,0.0,0.0,0.3403277099132538
12,21,0.06975561380386353,5.015263923269231e-06,0.05997687578201294,0.1871040165424347,0.08100606501102448,0.0,0.0,0.0,0.0,0.0,0.32523372769355774,0.0,0.0,0.0,2.5076319616346154e-06,0.02998843789100647,0.09355200827121735,0.04050303250551224,0.0,0.0,0.0,0.0,0.0,0.0650467500090599,0.0,0.0,0.29884836077690125
12,22,0.06925564259290695,5.908608272875426e-06,0.08909165859222412,0.15094655752182007,0.06107033044099808,0.0,0.0,0.0,0.0,0.0,0.31141775846481323,0.0,0.0,0.0,2.954304136437713e-06,0.04454582929611206,0.07547327876091003,0.03053516522049904,0.0,0.0,0.0,0.0,0.0,0.062283553183078766,0.0,0.0,0.28209641575813293
12,23,0.07253119349479675,2.4788691916910466e-06,0.11143535375595093,0.25722360610961914,0.12052427977323532,0.0,0.0,0.0,0.0,0.0,0.30050206184387207,0.0,0.0,0.0,1.2394345958455233e-06,0.055717676877975464,0.12861180305480957,0.06026213988661766,0.0,0.0,0.0,0.0,0.0,0.06010041385889053,0.0,0.0,0.37722447514533997
12,24,0.07531958818435669,9.935979505826253e-06,0.07092905044555664,0.24784427881240845,0.1168089434504509,0.0,0.0,0.0,0.0,0.0,0.3600907027721405,0.0,0.0,0.0,4.967989752913127e-06,0.03546452522277832,0.12392213940620422,0.05840447172522545,0.0,0.0,0.0,0.0,0.0,0.07201813906431198,0.0,0.0,0.3651338517665863
12,25,0.09305679053068161,5.520257218449842e-06,0.07879644632339478,0.20498043298721313,0.09547212719917297,0.0,0.0,0.0,0.0,0.0,0.387450248003006,0.0,0.0,0.0,2.760128609224921e-06,0.03939822316169739,0.10249021649360657,0.04773606359958649,0.0,0.0,0.0,0.0,0.0,0.07749005407094955,0.0,0.0,0.3601740896701813
12,26,0.05680299550294876,7.334518613788532e-06,0.0654900074005127,0.19644653797149658,0.0917322114109993,0.0,0.0,0.0,0.0,0.0,0.16389763355255127,0.0,0.0,0.0,3.667259306894266e-06,0.03274500370025635,0.09822326898574829,0.04586610570549965,0.0,0.0,0.0,0.0,0.0,0.032779525965452194,0.0,0.0,0.26642054319381714
12,27,0.09296588599681854,5.3742896852782e-06,0.08331668376922607,0.18263483047485352,0.06373103708028793,0.0,0.0,0.0,0.0,0.0,0.2120363712310791,0.0,0.0,0.0,2.6871448426391e-06,0.04165834188461304,0.09131741523742676,0.03186551854014397,0.0,0.0,0.0,0.0,0.0,0.04240727424621582,0.0,0.0,0.3002171218395233
12,28,0.10684434324502945,3.604601715778699e-06,0.08659142255783081,0.1228475272655487,0.06309866905212402,0.0,0.0,0.0,0.0,0.0,0.20750024914741516,0.0,0.0,0.0,1.8023008578893496e-06,0.043295711278915405,0.06142376363277435,0.03154933452606201,0.0,0.0,0.0,0.0,0.0,0.04150005057454109,0.0,0.0,0.28461501002311707
12,29,0.057113923132419586,3.3244511996599613e-06,0.04076337814331055,0.13243117928504944,0.08262523263692856,0.0,0.0,0.0,0.0,0.0,0.22560662031173706,0.0,0.0,0.0,1.6622255998299806e-06,0.020381689071655273,0.06621558964252472,0.04131261631846428,0.0,0.0,0.0,0.0,0.0,0.04512132331728935,0.0,0.0,0.23014681041240692
12,30,0.07075294852256775,3.3710821298882365e-06,0.034168779850006104,0.13927337527275085,0.11747181415557861,0.0,0.0,0.0,0.0,0.0,0.19265204668045044,0.0,0.0,0.0,1.6855410649441183e-06,0.017084389925003052,0.06963668763637543,0.05873590707778931,0.0,0.0,0.0,0.0,0.0,0.03853040933609009,0.0,0.0,0.2547420263290405
12,31,0.04561657831072807,6.336404112516902e-06,0.03669297695159912,0.14213761687278748,0.038126230239868164,0.0,0.0,0.0,0.0,0.0,0.18039613962173462,0.0,0.0,0.0,3.168202056258451e-06,0.01834648847579956,0.07106880843639374,0.019063115119934082,0.0,0.0,0.0,0.0,0.0,0.036079227924346924,0.0,0.0,0.19017738103866577
12,32,0.06669138371944427,4.721481673186645e-06,0.05040544271469116,0.11919328570365906,0.07819078117609024,0.0,0.0,0.0,0.0,0.0,0.14025437831878662,0.0,0.0,0.0,2.3607408365933225e-06,0.02520272135734558,0.05959664285182953,0.03909539058804512,0.0,0.0,0.0,0.0,0.0,0.028050875291228294,0.0,0.0,0.21863935887813568
12,33,0.054708950221538544,1.6446880408693687e-06,0.04327261447906494,0.15236970782279968,0.08185355365276337,0.0,0.0,0.0,0.0,0.0,0.13705343008041382,0.0,0.0,0.0,8.223440204346844e-07,0.02163630723953247,0.07618485391139984,0.04092677682638168,0.0,0.0,0.0,0.0,0.0,0.027410686016082764,0.0,0.0,0.22086840867996216
12,34,0.06172771379351616,4.05323271479574e-06,0.06217008829116821,0.1798321008682251,0.1401008814573288,0.0,0.0,0.0,0.0,0.0,0.29187634587287903,0.0,0.0,0.0,2.02661635739787e-06,0.031085044145584106,0.08991605043411255,0.0700504407286644,0.0,0.0,0.0,0.0,0.0,0.058375269174575806,0.0,0.0,0.3111565411090851
12,35,0.047409724444150925,8.090662959148176e-06,0.026732921600341797,0.16080453991889954,0.0959835797548294,0.0,0.0,0.0,0.0,0.0,0.36747536063194275,0.0,0.0,0.0,4.045331479574088e-06,0.013366460800170898,0.08040226995944977,0.0479917898774147,0.0,0.0,0.0,0.0,0.0,0.07349507510662079,0.0,0.0,0.2626693844795227
12,36,0.03804364055395126,1.122698449762538e-05,0.035103440284729004,0.18009600043296814,0.09470485150814056,0.0,0.0,0.0,0.0,0.0,0.1411757469177246,0.0,0.0,0.0,5.61349224881269e-06,0.017551720142364502,0.09004800021648407,0.04735242575407028,0.0,0.0,0.0,0.0,0.0,0.02823515050113201,0.0,0.0,0.22123654186725616
12,37,0.059146471321582794,4.475617515709018e-06,0.04371994733810425,0.13867461681365967,0.12576763331890106,0.0,0.0,0.0,0.0,0.0,0.2857552766799927,0.0,0.0,0.0,2.237808757854509e-06,0.021859973669052124,0.06933730840682983,0.06288381665945053,0.0,0.0,0.0,0.0,0.0,0.057151056826114655,0.0,0.0,0.2703808546066284
12,38,0.057251982390880585,3.805380856647389e-06,0.07961291074752808,0.12614870071411133,0.12914873659610748,0.0,0.0,0.0,0.0,0.0,0.2010727822780609,0.0,0.0,0.0,1.9026904283236945e-06,0.03980645537376404,0.06307435035705566,0.06457436829805374,0.0,0.0,0.0,0.0,0.0,0.04021455720067024,0.0,0.0,0.264923632144928
12,39,0.03563755750656128,5.713657174055697e-06,0.02036648988723755,0.1276131570339203,0.09085601568222046,0.0,0.0,0.0,0.0,0.0,0.14270275831222534,0.0,0.0,0.0,2.8568285870278487e-06,0.010183244943618774,0.06380657851696014,0.04542800784111023,0.0,0.0,0.0,0.0,0.0,0.02854055166244507,0.0,0.0,0.18359880149364471
12,40,0.06093247979879379,3.7875886391702807e-06,0.027770042419433594,0.09464678168296814,0.10593602806329727,0.0,0.0,0.0,0.0,0.0,0.221579909324646,0.0,0.0,0.0,1.8937943195851403e-06,0.013885021209716797,0.04732339084148407,0.052968014031648636,0.0,0.0,0.0,0.0,0.0,0.04431598260998726,0.0,0.0,0.21942678093910217
12,41,0.04910673946142197,4.772548436449142e-06,0.03032130002975464,0.10737431049346924,0.09503310173749924,0.0,0.0,0.0,0.0,0.0,0.15452568233013153,0.0,0.0,0.0,2.386274218224571e-06,0.01516065001487732,0.05368715524673462,0.04751655086874962,0.0,0.0,0.0,0.0,0.0,0.030905136838555336,0.0,0.0,0.19637863337993622
12,42,0.03542519733309746,4.91947776026791e-06,0.030086934566497803,0.07735413312911987,0.049088254570961,0.0,0.0,0.0,0.0,0.0,0.12788569927215576,0.0,0.0,0.0,2.459738880133955e-06,0.015043467283248901,0.038677066564559937,0.0245441272854805,0.0,0.0,0.0,0.0,0.0,0.025577140972018242,0.0,0.0,0.13926945626735687
12,43,0.055429477244615555,1.0655738151399419e-05,0.06205648183822632,0.13389214873313904,0.04579921439290047,0.0,0.0,0.0,0.0,0.0,0.1330304890871048,0.0,0.0,0.0,5.327869075699709e-06,0.03102824091911316,0.06694607436656952,0.022899607196450233,0.0,0.0,0.0,0.0,0.0,0.02660609781742096,0.0,0.0,0.20291483402252197
12,44,0.03785059601068497,6.239934009499848e-06,0.048204898834228516,0.13789942860603333,0.11886510998010635,0.0,0.0,0.0,0.0,0.0,0.18903273344039917,0.0,0.0,0.0,3.119967004749924e-06,0.024102449417114258,0.06894971430301666,0.05943255499005318,0.0,0.0,0.0,0.0,0.0,0.03780654817819595,0.0,0.0,0.22814497351646423
12,45,0.047889985144138336,1.034773163155478e-06,0.01954197883605957,0.08886599540710449,0.0974973663687706,0.0,0.0,0.0,0.0,0.0,0.21450166404247284,0.0,0.0,0.0,5.17386581577739e-07,0.009770989418029785,0.044432997703552246,0.0487486831843853,0.0,0.0,0.0,0.0,0.0,0.04290033504366875,0.0,0.0,0.1937435120344162
12,46,0.040198784321546555,6.992714133957634e-06,0.019043684005737305,0.119284987449646,0.04777033254504204,0.0,0.0,0.0,0.0,0.0,0.3951873779296875,0.0,0.0,0.0,3.496357066978817e-06,0.009521842002868652,0.059642493724823,0.02388516627252102,0.0,0.0,0.0,0.0,0.0,0.07903748005628586,0.0,0.0,0.21228927373886108
12,47,0.0634055957198143,4.632607669918798e-06,0.04038494825363159,0.08156546950340271,0.08878227323293686,0.0,0.0,0.0,0.0,0.0,0.11720418930053711,0.0,0.0,0.0,2.316303834959399e-06,0.020192474126815796,0.040782734751701355,0.04439113661646843,0.0,0.0,0.0,0.0,0.0,0.023440837860107422,0.0,0.0,0.19221509993076324
12,48,0.03975565358996391,5.238562607701169e-06,0.043294548988342285,0.13282746076583862,0.07716325670480728,0.0,0.0,0.0,0.0,0.0,0.30754220485687256,0.0,0.0,0.0,2.6192813038505847e-06,0.021647274494171143,0.06641373038291931,0.03858162835240364,0.0,0.0,0.0,0.0,0.0,0.06150844320654869,0.0,0.0,0.22790934145450592
12,49,0.04844949394464493,7.3254886956419796e-06,0.0513913631439209,0.1323632001876831,0.08936012536287308,0.0,0.0,0.0,0.0,0.0,0.1291729211807251,0.0,0.0,0.0,3.6627443478209898e-06,0.02569568157196045,0.06618160009384155,0.04468006268143654,0.0,0.0,0.0,0.0,0.0,0.02583458460867405,0.0,0.0,0.21084508299827576
12,50,0.058743126690387726,8.772156547820487e-07,0.05180865526199341,0.10679706931114197,0.06850247830152512,0.0,0.0,0.0,0.0,0.0,0.410486102104187,0.0,0.0,0.0,4.3860782739102433e-07,0.025904327630996704,0.053398534655570984,0.03425123915076256,0.0,0.0,0.0,0.0,0.0,0.08209722489118576,0.0,0.0,0.25439488887786865
12,51,0.04863834008574486,1.7944876162800938e-06,0.056819915771484375,0.10654601454734802,0.023527342826128006,0.0,0.0,0.0,0.0,0.0,0.12296005338430405,0.0,0.0,0.0,8.972438081400469e-07,0.028409957885742188,0.05327300727367401,0.011763671413064003,0.0,0.0,0.0,0.0,0.0,0.02459201030433178,0.0,0.0,0.16667789220809937
12,52,0.05389464646577835,2.8230404041096335e-06,0.032636284828186035,0.07158869504928589,0.0906791165471077,0.0,0.0,0.0,0.0,0.0,0.1469474732875824,0.0,0.0,0.0,1.4115202020548168e-06,0.016318142414093018,0.035794347524642944,0.04533955827355385,0.0,0.0,0.0,0.0,0.0,0.02938949503004551,0.0,0.0,0.18073759973049164
12,53,0.03861997276544571,2.9896959858888295e-06,0.026518583297729492,0.07337218523025513,0.04537215083837509,0.0,0.0,0.0,0.0,0.0,0.18026918172836304,0.0,0.0,0.0,1.4948479929444147e-06,0.013259291648864746,0.036686092615127563,0.022686075419187546,0.0,0.0,0.0,0.0,0.0,0.03605383634567261,0.0,0.0,0.14730677008628845
12,54,0.05139179900288582,1.1519351573952008e-05,0.08359944820404053,0.23123618960380554,0.14088203012943268,0.0,0.0,0.0,0.0,0.0,0.3407905101776123,0.0,0.0,0.0,5.759675786976004e-06,0.041799724102020264,0.11561809480190277,0.07044101506471634,0.0,0.0,0.0,0.0,0.0,0.0681581050157547,0.0,0.0,0.347414493560791
12,55,0.051915936172008514,5.831676389789209e-06,0.036554157733917236,0.09474202990531921,0.05002272129058838,0.0,0.0,0.0,0.0,0.0,0.06966876983642578,0.0,0.0,0.0,2.9158381948946044e-06,0.018277078866958618,0.04737101495265961,0.02501136064529419,0.0,0.0,0.0,0.0,0.0,0.013933754526078701,0.0,0.0,0.156512051820755
12,56,0.046698398888111115,5.714199232897954e-06,0.048759281635284424,0.13808393478393555,-0.013537393882870674,0.0,0.0,0.0,0.0,0.0,0.10786223411560059,0.0,0.0,0.0,2.857099616448977e-06,0.024379640817642212,0.06904196739196777,-0.006768696941435337,0.0,0.0,0.0,0.0,0.0,0.021572446450591087,0.0,0.0,0.154926598072052
12,57,0.04768866300582886,3.0050327950448263e-06,0.025286436080932617,0.07490658760070801,-0.005520172417163849,0.0,0.0,0.0,0.0,0.0,0.1196003258228302,0.0,0.0,0.0,1.5025163975224132e-06,0.012643218040466309,0.037453293800354004,-0.0027600862085819244,0.0,0.0,0.0,0.0,0.0,0.02392006479203701,0.0,0.0,0.11894666403532028
12,58,0.04031773656606674,6.541979018948041e-06,0.022114336490631104,0.09954476356506348,-0.0063650524243712425,0.0,0.0,0.0,0.0,0.0,0.29484647512435913,0.0,0.0,0.0,3.2709895094740205e-06,0.011057168245315552,0.04977238178253174,-0.0031825262121856213,0.0,0.0,0.0,0.0,0.0,0.058969296514987946,0.0,0.0,0.15693733096122742
12,59,0.05356217548251152,6.313177891570376e-06,0.025673866271972656,0.12326964735984802,0.08662130683660507,0.0,0.0,0.0,0.0,0.0,0.165602445602417,0.0,0.0,0.0,3.156588945785188e-06,0.012836933135986328,0.06163482367992401,0.043310653418302536,0.0,0.0,0.0,0.0,0.0,0.03312049061059952,0.0,0.0,0.2044682502746582
12,60,0.04633320868015289,1.7518241293146275e-06,0.02381765842437744,0.0742247998714447,0.06310640275478363,0.0,0.0,0.0,0.0,0.0,0.12442988157272339,0.0,0.0,0.0,8.759120646573137e-07,0.01190882921218872,0.03711239993572235,0.031553201377391815,0.0,0.0,0.0,0.0,0.0,0.024885976687073708,0.0,0.0,0.15179449319839478
12,61,0.04003498703241348,6.291078534559347e-06,0.03707379102706909,0.09791439771652222,0.07716112583875656,0.0,0.0,0.0,0.0,0.0,0.10372012853622437,0.0,0.0,0.0,3.1455392672796734e-06,0.018536895513534546,0.04895719885826111,0.03858056291937828,0.0,0.0,0.0,0.0,0.0,0.020744025707244873,0.0,0.0,0.1668568104505539
12,62,0.04190109297633171,4.031706794194179e-06,0.023328840732574463,0.09370079636573792,-0.01626894809305668,0.0,0.0,0.0,0.0,0.0,0.11207246780395508,0.0,0.0,0.0,2.0158533970970893e-06,0.011664420366287231,0.04685039818286896,-0.00813447404652834,0.0,0.0,0.0,0.0,0.0,0.022414494305849075,0.0,0.0,0.11469794809818268
12,63,0.05038360506296158,6.3707093431730755e-06,0.024326622486114502,0.09816449880599976,-0.00875062681734562,0.0,0.0,0.0,0.0,0.0,0.14133810997009277,0.0,0.0,0.0,3.1853546715865377e-06,0.012163311243057251,0.04908224940299988,-0.00437531340867281,0.0,0.0,0.0,0.0,0.0,0.028267621994018555,0.0,0.0,0.1355246603488922
12,64,0.0372169129550457,7.034237569314428e-06,0.06799107789993286,0.1263946294784546,0.03984195366501808,0.0,0.0,0.0,0.0,0.0,0.18114161491394043,0.0,0.0,0.0,3.517118784657214e-06,0.03399553894996643,0.0631973147392273,0.01992097683250904,0.0,0.0,0.0,0.0,0.0,0.036228325217962265,0.0,0.0,0.19056259095668793
12,65,0.05027974769473076,3.2669754546077456e-06,0.02643418312072754,0.09775787591934204,0.022648951038718224,0.0,0.0,0.0,0.0,0.0,0.12334132194519043,0.0,0.0,0.0,1.6334877273038728e-06,0.01321709156036377,0.04887893795967102,0.011324475519359112,0.0,0.0,0.0,0.0,0.0,0.024668265134096146,0.0,0.0,0.1483701467514038
12,66,0.04141996055841446,2.4627638595120516e-06,0.019236505031585693,0.11151233315467834,-0.005262259393930435,0.0,0.0,0.0,0.0,0.0,0.41451355814933777,0.0,0.0,0.0,1.2313819297560258e-06,0.009618252515792847,0.05575616657733917,-0.0026311296969652176,0.0,0.0,0.0,0.0,0.0,0.08290271461009979,0.0,0.0,0.1870671957731247
12,67,0.03811131790280342,9.46265754464548e-06,0.03774231672286987,0.10158732533454895,0.04743782430887222,0.0,0.0,0.0,0.0,0.0,0.2760637104511261,0.0,0.0,0.0,4.73132877232274e-06,0.018871158361434937,0.050793662667274475,0.02371891215443611,0.0,0.0,0.0,0.0,0.0,0.05521274358034134,0.0,0.0,0.18671253323554993
12,68,0.048129308968782425,6.712202207381779e-07,0.03505629301071167,0.0777546763420105,-0.0300343818962574,0.0,0.0,0.0,0.0,0.0,0.21677176654338837,0.0,0.0,0.0,3.3561011036908894e-07,0.017528146505355835,0.03887733817100525,-0.0150171909481287,0.0,0.0,0.0,0.0,0.0,0.04335435479879379,0.0,0.0,0.1328722983598709
12,69,0.03546176478266716,5.133937975188019e-06,0.023274779319763184,0.07927015423774719,0.06237176060676575,0.0,0.0,0.0,0.0,0.0,0.0,0.0,0.0,0.0,2.5669689875940094e-06,0.011637389659881592,0.039635077118873596,0.031185880303382874,0.0,0.0,0.0,0.0,0.0,0.0,0.0,0.0,0.11792267858982086
12,70,0.043655939400196075,1.5032943565529422e-06,0.028654754161834717,0.07693809270858765,0.030319489538669586,0.0,0.0,0.0,0.0,0.0,0.11933594942092896,0.0,0.0,0.0,7.516471782764711e-07,0.014327377080917358,0.03846904635429382,0.015159744769334793,0.0,0.0,0.0,0.0,0.0,0.02386718988418579,0.0,0.0,0.13548004627227783
12,71,0.0358712412416935,5.470872110890923e-06,0.029602885246276855,0.0976552665233612,-0.016942037269473076,0.0,0.0,0.0,0.0,0.0,0.15056878328323364,0.0,0.0,0.0,2.7354360554454615e-06,0.014801442623138428,0.0488276332616806,-0.008471018634736538,0.0,0.0,0.0,0.0,0.0,0.03011375665664673,0.0,0.0,0.12114579230546951
12,72,0.041330985724925995,8.115504897432402e-06,0.06366199254989624,0.1146317720413208,0.050382476300001144,0.0,0.0,0.0,0.0,0.0,0.29294466972351074,0.0,0.0,0.0,4.057752448716201e-06,0.03183099627494812,0.0573158860206604,0.025191238150000572,0.0,0.0,0.0,0.0,0.0,0.05858893319964409,0.0,0.0,0.21426209807395935
12,73,0.04288485273718834,6.7192681854066905e-06,0.06145346164703369,0.09898027777671814,0.03815412521362305,0.0,0.0,0.0,0.0,0.0,0.20961792767047882,0.0,0.0,0.0,3.3596340927033452e-06,0.030726730823516846,0.04949013888835907,0.019077062606811523,0.0,0.0,0.0,0.0,0.0,0.041923586279153824,0.0,0.0,0.18410572409629822
12,74,0.03494951128959656,5.050835625297623e-06,0.07461142539978027,0.09416157007217407,0.044435273855924606,0.0,0.0,0.0,0.0,0.0,0.12039220333099365,0.0,0.0,0.0,2.5254178126488114e-06,0.03730571269989014,0.047080785036087036,0.022217636927962303,0.0,0.0,0.0,0.0,0.0,0.02407844178378582,0.0,0.0,0.1656346172094345
12,75,0.039511390030384064,2.8265124001336517e-06,0.024814844131469727,0.07461944222450256,0.055911075323820114,0.0,0.0,0.0,0.0,0.0,0.10191047191619873,0.0,0.0,0.0,1.4132562000668258e-06,0.012407422065734863,0.03730972111225128,0.027955537661910057,0.0,0.0,0.0,0.0,0.0,0.020382095128297806,0.0,0.0,0.13756757974624634
12,76,0.033684756606817245,1.6387633650083444e-06,0.019455432891845703,0.06754449009895325,0.015968352556228638,0.0,0.0,0.0,0.0,0.0,0.10786813497543335,0.0,0.0,0.0,8.193816825041722e-07,0.009727716445922852,0.033772245049476624,0.007984176278114319,0.0,0.0,0.0,0.0,0.0,0.0215736273676157,0.0,0.0,0.10674334317445755
12,77,0.03835705295205116,9.965766594177694e-07,0.012552201747894287,0.05418112874031067,0.03661356866359711,0.0,0.0,0.0,0.0,0.0,0.10335606336593628,0.0,0.0,0.0,4.982883297088847e-07,0.0062761008739471436,0.027090564370155334,0.018306784331798553,0.0,0.0,0.0,0.0,0.0,0.020671213045716286,0.0,0.0,0.11070221662521362
12,78,0.04046458750963211,1.6670172044541687e-05,0.05330324172973633,0.17083090543746948,0.012824950739741325,0.0,0.0,0.0,0.0,0.0,0.11823070049285889,0.0,0.0,0.0,8.335086022270843e-06,0.026651620864868164,0.08541545271873474,0.006412475369870663,0.0,0.0,0.0,0.0,0.0,0.023646140471100807,0.0,0.0,0.18259862065315247
12,79,0.0407329797744751,4.375697244540788e-06,0.01727449893951416,0.10777339339256287,0.036173589527606964,0.0,0.0,0.0,0.0,0.0,0.321911096572876,0.0,0.0,0.0,2.187848622270394e-06,0.00863724946975708,0.05388669669628143,0.018086794763803482,0.0,0.0,0.0,0.0,0.0,0.06438221782445908,0.0,0.0,0.18572813272476196
12,80,0.036319881677627563,4.0530076148570515e-06,0.09042972326278687,0.1545141339302063,0.005496976897120476,0.0,0.0,0.0,0.0,0.0,0.18759554624557495,0.0,0.0,0.0,2.0265038074285258e-06,0.04521486163139343,0.07725706696510315,0.002748488448560238,0.0,0.0,0.0,0.0,0.0,0.03751910850405693,0.0,0.0,0.19906143844127655
12,81,0.03336385264992714,2.2867779989610426e-06,0.014491021633148193,0.06071043014526367,0.0013716444373130798,0.0,0.0,0.0,0.0,0.0,0.1112855076789856,0.0,0.0,0.0,1.1433889994805213e-06,0.007245510816574097,0.030355215072631836,0.0006858222186565399,0.0,0.0,0.0,0.0,0.0,0.02225710265338421,0.0,0.0,0.0939086526632309
12,82,0.044710464775562286,9.16782369131397e-07,0.0500677227973938,0.06762358546257019,0.024415690451860428,0.0,0.0,0.0,0.0,0.0,0.14812028408050537,0.0,0.0,0.0,4.583911845656985e-07,0.0250338613986969,0.033811792731285095,0.012207845225930214,0.0,0.0,0.0,0.0,0.0,0.029624057933688164,0.0,0.0,0.14538846909999847
12,83,0.0326957032084465,4.505889592110179e-06,0.07477742433547974,0.10543748736381531,0.0570606105029583,0.0,0.0,0.0,0.0,0.0,0.4358707666397095,0.0,0.0,0.0,2.2529447960550897e-06,0.03738871216773987,0.052718743681907654,0.02853030525147915,0.0,0.0,0.0,0.0,0.0,0.08717415481805801,0.0,0.0,0.238509863615036
12,84,0.04306262359023094,4.05840364692267e-06,0.017272114753723145,0.07336798310279846,0.01932377740740776,0.0,0.0,0.0,0.0,0.0,0.1328989863395691,0.0,0.0,0.0,2.029201823461335e-06,0.008636057376861572,0.03668399155139923,0.00966188870370388,0.0,0.0,0.0,0.0,0.0,0.02657979726791382,0.0,0.0,0.12462639063596725
12,85,0.029453519731760025,1.9369899746379815e-06,0.016909897327423096,0.06549644470214844,-0.010801441967487335,0.0,0.0,0.0,0.0,0.0,0.23470823466777802,0.0,0.0,0.0,9.684949873189908e-07,0.008454948663711548,0.03274822235107422,-0.005400720983743668,0.0,0.0,0.0,0.0,0.0,0.04694164916872978,0.0,0.0,0.1121985912322998
12,86,0.0336347296833992,1.3924234281148529e-06,0.02732616662979126,0.07261592149734497,0.019340408965945244,0.0,0.0,0.0,0.0,0.0,0.17494018375873566,0.0,0.0,0.0,6.962117140574264e-07,0.01366308331489563,0.036307960748672485,0.009670204482972622,0.0,0.0,0.0,0.0,0.0,0.03498803824186325,0.0,0.0,0.12826471030712128
12,87,0.0375962033867836,7.256449862325098e-06,0.021305203437805176,0.10958623886108398,-0.017388980835676193,0.0,0.0,0.0,0.0,0.0,0.38973042368888855,0.0,0.0,0.0,3.628224931162549e-06,0.010652601718902588,0.05479311943054199,-0.008694490417838097,0.0,0.0,0.0,0.0,0.0,0.07794608920812607,0.0,0.0,0.1722971498966217
12,88,0.03671737015247345,1.8302465605302132e-06,0.026451826095581055,0.057322949171066284,0.024366265162825584,0.0,0.0,0.0,0.0,0.0,0.12804192304611206,0.0,0.0,0.0,9.151232802651066e-07,0.013225913047790527,0.028661474585533142,0.012183132581412792,0.0,0.0,0.0,0.0,0.0,0.025608384981751442,0.0,0.0,0.1163971871137619
12,89,0.034013960510492325,5.897940354770981e-06,0.07693135738372803,0.10241833329200745,0.007489925250411034,0.0,0.0,0.0,0.0,0.0,0.12069475650787354,0.0,0.0,0.0,2.9489701773854904e-06,0.038465678691864014,0.05120916664600372,0.003744962625205517,0.0,0.0,0.0,0.0,0.0,0.024138951674103737,0.0,0.0,0.15157566964626312
12,90,0.034281112253665924,4.0495192479284015e-06,0.01968550682067871,0.06897422671318054,0.011090191081166267,0.0,0.0,0.0,0.0,0.0,0.08817064762115479,0.0,0.0,0.0,2.0247596239642007e-06,0.009842753410339355,0.03448711335659027,0.005545095540583134,0.0,0.0,0.0,0.0,0.0,0.017634129151701927,0.0,0.0,0.10179223120212555
12,91,0.034958261996507645,3.4463967040210264e-06,0.017077982425689697,0.05684340000152588,0.008571051061153412,0.0,0.0,0.0,0.0,0.0,0.266994833946228,0.0,0.0,0.0,1.7231983520105132e-06,0.008538991212844849,0.02842170000076294,0.004285525530576706,0.0,0.0,0.0,0.0,0.0,0.053398966789245605,0.0,0.0,0.12960517406463623
12,92,0.03534000366926193,1.2669728675973602e-05,0.04221850633621216,0.09791180491447449,-0.02072499692440033,0.0,0.0,0.0,0.0,0.0,0.1538299322128296,0.0,0.0,0.0,6.334864337986801e-06,0.02110925316810608,0.048955902457237244,-0.010362498462200165,0.0,0.0,0.0,0.0,0.0,0.030765986070036888,0.0,0.0,0.1258149892091751
12,93,0.02802993729710579,3.845387254841626e-06,0.017441511154174805,0.08604544401168823,-0.02009945921599865,0.0,0.0,0.0,0.0,0.0,0.13271582126617432,0.0,0.0,0.0,1.922693627420813e-06,0.008720755577087402,0.043022722005844116,-0.010049729607999325,0.0,0.0,0.0,0.0,0.0,0.026543164625763893,0.0,0.0,0.09626876562833786
12,94,0.03137009218335152,1.973821326828329e-06,0.05231529474258423,0.057515114545822144,-0.00037335557863116264,0.0,0.0,0.0,0.0,0.0,0.30706512928009033,0.0,0.0,0.0,9.869106634141644e-07,0.026157647371292114,0.028757557272911072,-0.00018667778931558132,0.0,0.0,0.0,0.0,0.0,0.061413027346134186,0.0,0.0,0.14751264452934265
12,95,0.03142818808555603,1.6139736089826329e-06,0.021462678909301758,0.06815499067306519,0.014018534682691097,0.0,0.0,0.0,0.0,0.0,0.22492849826812744,0.0,0.0,0.0,8.069868044913164e-07,0.010731339454650879,0.03407749533653259,0.007009267341345549,0.0,0.0,0.0,0.0,0.0,0.04498570039868355,0.0,0.0,0.12823279201984406
12,96,0.029705578461289406,3.0434866857831366e-06,0.08407485485076904,0.09309723973274231,0.045266248285770416,0.0,0.0,0.0,0.0,0.0,0.0,0.0,0.0,0.0,1.5217433428915683e-06,0.04203742742538452,0.046548619866371155,0.022633124142885208,0.0,0.0,0.0,0.0,0.0,0.0,0.0,0.0,0.1409262716770172
12,97,0.029907237738370895,5.542254257306922e-06,0.025190234184265137,0.06825762987136841,-0.025571390986442566,0.0,0.0,0.0,0.0,0.0,0.23411941528320312,0.0,0.0,0.0,2.771127128653461e-06,0.012595117092132568,0.034128814935684204,-0.012785695493221283,0.0,0.0,0.0,0.0,0.0,0.046823885291814804,0.0,0.0,0.11067213118076324
12,98,0.03013848140835762,2.2775511752115563e-06,0.03473615646362305,0.0943487286567688,-0.01794332265853882,0.0,0.0,0.0,0.0,0.0,0.09247088432312012,0.0,0.0,0.0,1.1387755876057781e-06,0.017368078231811523,0.0471743643283844,-0.00897166132926941,0.0,0.0,0.0,0.0,0.0,0.018494177609682083,0.0,0.0,0.10420458018779755
12,99,0.02954818680882454,2.3042919110594084e-06,0.030314266681671143,0.07199308276176453,-0.008568281307816505,0.0,0.0,0.0,0.0,0.0,0.10602668672800064,0.0,0.0,0.0,1.1521459555297042e-06,0.015157133340835571,0.03599654138088226,-0.004284140653908253,0.0,0.0,0.0,0.0,0.0,0.021205337718129158,0.0,0.0,0.09762420505285263
12,100,0.028659075498580933,8.655013061797945e-07,0.02224951982498169,0.05755692720413208,-0.017814576625823975,0.0,0.0,0.0,0.0,0.0,0.12618499994277954,0.0,0.0,0.0,4.3275065308989724e-07,0.011124759912490845,0.02877846360206604,-0.008907288312911987,0.0,0.0,0.0,0.0,0.0,0.02523699961602688,0.0,0.0,0.08489244431257248
13,1,0.037077922374010086,1.4932867088646162e-05,0.16441696882247925,0.6115338206291199,0.004885551519691944,0.0,0.0,0.0,0.0,0.0,0.6182184219360352,0.0,0.0,0.0,7.466433544323081e-06,0.08220848441123962,0.30576691031455994,0.002442775759845972,0.0,0.0,0.0,0.0,0.0,0.12364368885755539,0.0,0.0,0.5511472225189209
13,2,0.04878470301628113,7.82380266173277e-06,0.17685508728027344,0.6500657200813293,0.01004043035209179,0.0,0.0,0.0,0.0,0.0,0.5194376707077026,0.0,0.0,0.0,3.911901330866385e-06,0.08842754364013672,0.3250328600406647,0.005020215176045895,0.0,0.0,0.0,0.0,0.0,0.10388753563165665,0.0,0.0,0.5711567401885986
13,3,0.036465052515268326,1.2417693142197095e-05,0.11918437480926514,0.35888662934303284,0.0021765613928437233,0.0,0.0,0.0,0.0,0.0,0.39913904666900635,0.0,0.0,0.0,6.2088465710985474e-06,0.05959218740463257,0.17944331467151642,0.0010882806964218616,0.0,0.0,0.0,0.0,0.0,0.07982780784368515,0.0,0.0,0.35642287135124207
13,4,0.03632047027349472,1.4505611034110188e-05,0.0899384617805481,0.44780460000038147,0.0032591023482382298,0.0,0.0,0.0,0.0,0.0,0.5936322212219238,0.0,0.0,0.0,7.252805517055094e-06,0.04496923089027405,0.22390230000019073,0.0016295511741191149,0.0,0.0,0.0,0.0,0.0,0.118726447224617,0.0,0.0,0.4255552887916565
13,5,0.054443199187517166,9.498685358266812e-06,0.12301558256149292,0.34230896830558777,0.000101480633020401,0.0,0.0,0.0,0.0,0.0,0.23674923181533813,0.0,0.0,0.0,4.749342679133406e-06,0.06150779128074646,0.17115448415279388,5.07403165102005e-05,0.0,0.0,0.0,0.0,0.0,0.047349847853183746,0.0,0.0,0.33451080322265625
13,6,0.07477844506502151,1.0811744687089231e-05,0.0849156379699707,0.36782950162887573,0.008341317996382713,0.0,0.0,0.0,0.0,0.0,0.7329559326171875,0.0,0.0,0.0,5.4058723435446154e-06,0.04245781898498535,0.18391475081443787,0.004170658998191357,0.0,0.0,0.0,0.0,0.0,0.1465911865234375,0.0,0.0,0.45191827416419983
13,7,0.048710744827985764,9.80180993792601e-06,0.15246480703353882,0.38448742032051086,0.015163200907409191,0.0,0.0,0.0,0.0,0.0,0.5503503680229187,0.0,0.0,0.0,4.900904968963005e-06,0.07623240351676941,0.19224371016025543,0.0075816004537045956,0.0,0.0,0.0,0.0,0.0,0.11007007211446762,0.0,0.0,0.4348434507846832
13,8,0.06847743690013885,3.858322543237591e-06,0.19128811359405518,0.622367799282074,0.009065035730600357,0.0,0.0,0.0,0.0,0.0,0.0,0.0,0.0,0.0,1.9291612716187956e-06,0.09564405679702759,0.311183899641037,0.0045325178653001785,0.0,0.0,0.0,0.0,0.0,0.0,0.0,0.0,0.47983983159065247
13,9,0.06497646868228912,7.396754881483503e-06,0.07186228036880493,0.31131768226623535,0.023458415642380714,0.0,0.0,0.0,0.0,0.0,0.3659078776836395,0.0,0.0,0.0,3.6983774407417513e-06,0.035931140184402466,0.15565884113311768,0.011729207821190357,0.0,0.0,0.0,0.0,0.0,0.07318157702684402,0.0,0.0,0.34148094058036804
13,10,0.039694853127002716,9.694103937363252e-06,0.20248913764953613,0.3794199228286743,0.03269031271338463,0.0,0.0,0.0,0.0,0.0,0.5847309827804565,0.0,0.0,0.0,4.847051968681626e-06,0.10124456882476807,0.18970996141433716,0.016345156356692314,0.0,0.0,0.0,0.0,0.0,0.11694619804620743,0.0,0.0,0.46394556760787964
13,11,0.052958838641643524,8.154990609909873e-06,0.07746672630310059,0.3568454384803772,0.03742329403758049,0.0,0.0,0.0,0.0,0.0,0.378698468208313,0.0,0.0,0.0,4.077495304954937e-06,0.03873336315155029,0.1784227192401886,0.018711647018790245,0.0,0.0,0.0,0.0,0.0,0.07573969662189484,0.0,0.0,0.36457037925720215
13,12,0.038237087428569794,1.0546510566200595e-05,0.1274486780166626,0.32126379013061523,0.04616370424628258,0.0,0.0,0.0,0.0,0.0,0.80206298828125,0.0,0.0,0.0,5.273255283100298e-06,0.0637243390083313,0.16063189506530762,0.02308185212314129,0.0,0.0,0.0,0.0,0.0,0.16041259467601776,0.0,0.0,0.44609302282333374
13,13,0.03498200699687004,1.1413619176892098e-05,0.1412563920021057,0.28720495104789734,0.046446651220321655,0.0,0.0,0.0,0.0,0.0,0.7727594375610352,0.0,0.0,0.0,5.706809588446049e-06,0.07062819600105286,0.14360247552394867,0.023223325610160828,0.0,0.0,0.0,0.0,0.0,0.1545518934726715,0.0,0.0,0.42699360847473145
13,14,0.03547175973653793,5.4535635172214825e-06,0.08354169130325317,0.2745606601238251,0.04141829162836075,0.0,0.0,0.0,0.0,0.0,0.24344182014465332,0.0,0.0,0.0,2.7267817586107412e-06,0.04177084565162659,0.13728033006191254,0.020709145814180374,0.0,0.0,0.0,0.0,0.0,0.048688363283872604,0.0,0.0,0.2839231789112091
13,15,0.03725612163543701,9.300977581006009e-06,0.06888395547866821,0.39639121294021606,0.07961191236972809,0.0,0.0,0.0,0.0,0.0,0.5220822691917419,0.0,0.0,0.0,4.6504887905030046e-06,0.034441977739334106,0.19819560647010803,0.039805956184864044,0.0,0.0,0.0,0.0,0.0,0.10441645234823227,0.0,0.0,0.41412076354026794
13,16,0.05080263689160347,9.126410986937117e-06,0.15281528234481812,0.4343559741973877,0.0644625648856163,0.0,0.0,0.0,0.0,0.0,0.18769371509552002,0.0,0.0,0.0,4.563205493468558e-06,0.07640764117240906,0.21717798709869385,0.03223128244280815,0.0,0.0,0.0,0.0,0.0,0.03753874450922012,0.0,0.0,0.41416284441947937
13,17,0.03563440591096878,1.217914541484788e-05,0.12599438428878784,0.31992465257644653,0.08334965258836746,0.0,0.0,0.0,0.0,0.0,0.11856484413146973,0.0,0.0,0.0,6.08957270742394e-06,0.06299719214439392,0.15996232628822327,0.04167482629418373,0.0,0.0,0.0,0.0,0.0,0.023712968453764915,0.0,0.0,0.32398778200149536
13,18,0.03910547122359276,1.052462903317064e-05,0.049355149269104004,0.2529037594795227,0.08946976065635681,0.0,0.0,0.0,0.0,0.0,0.07373833656311035,0.0,0.0,0.0,5.26231451658532e-06,0.024677574634552002,0.12645187973976135,0.044734880328178406,0.0,0.0,0.0,0.0,0.0,0.014747667126357555,0.0,0.0,0.24972273409366608
13,19,0.04959706962108612,1.5499384971917607e-05,0.059931159019470215,0.3485470414161682,0.08890636265277863,0.0,0.0,0.0,0.0,0.0,0.16547173261642456,0.0,0.0,0.0,7.749692485958803e-06,0.029965579509735107,0.1742735207080841,0.04445318132638931,0.0,0.0,0.0,0.0,0.0,0.03309434652328491,0.0,0.0,0.33139142394065857
13,20,0.034930672496557236,1.1272181836829986e-05,0.11290496587753296,0.2972916066646576,0.11891497671604156,0.0,0.0,0.0,0.0,0.0,0.43397197127342224,0.0,0.0,0.0,5.636090918414993e-06,0.05645248293876648,0.1486458033323288,0.05945748835802078,0.0,0.0,0.0,0.0,0.0,0.0867943987250328,0.0,0.0,0.38628649711608887
13,21,0.03791908547282219,6.889533779030899e-06,0.07982313632965088,0.2246895432472229,0.10394969582557678,0.0,0.0,0.0,0.0,0.0,0.3520221412181854,0.0,0.0,0.0,3.4447668895154493e-06,0.03991156816482544,0.11234477162361145,0.05197484791278839,0.0,0.0,0.0,0.0,0.0,0.07040443271398544,0.0,0.0,0.3125581443309784
13,22,0.03811326622962952,7.246813765959814e-06,0.10269469022750854,0.19480770826339722,0.07915695011615753,0.0,0.0,0.0,0.0,0.0,0.4188617467880249,0.0,0.0,0.0,3.623406882979907e-06,0.05134734511375427,0.09740385413169861,0.039578475058078766,0.0,0.0,0.0,0.0,0.0,0.08377235382795334,0.0,0.0,0.3102189302444458
13,23,0.05118205025792122,2.0856143692071782e-06,0.12196201086044312,0.3559281527996063,0.15773281455039978,0.0,0.0,0.0,0.0,0.0,0.4446038007736206,0.0,0.0,0.0,1.0428071846035891e-06,0.06098100543022156,0.17796407639980316,0.07886640727519989,0.0,0.0,0.0,0.0,0.0,0.08892076462507248,0.0,0.0,0.45791536569595337
13,24,0.03759414702653885,1.0914816812146455e-05,0.07729870080947876,0.3230254352092743,0.13721872866153717,0.0,0.0,0.0,0.0,0.0,0.4181099534034729,0.0,0.0,0.0,5.4574084060732275e-06,0.03864935040473938,0.16151271760463715,0.06860936433076859,0.0,0.0,0.0,0.0,0.0,0.08362199366092682,0.0,0.0,0.38999301195144653
13,25,0.052627306431531906,4.7372882363561075e-06,0.11185920238494873,0.24695731699466705,0.15179020166397095,0.0,0.0,0.0,0.0,0.0,0.42535200715065,0.0,0.0,0.0,2.3686441181780538e-06,0.055929601192474365,0.12347865849733353,0.07589510083198547,0.0,0.0,0.0,0.0,0.0,0.08507040143013,0.0,0.0,0.3930034339427948
13,26,0.046904273331165314,1.1141756658616941e-05,0.11712628602981567,0.259130597114563,0.15231919288635254,0.0,0.0,0.0,0.0,0.0,0.23871047794818878,0.0,0.0,0.0,5.570878329308471e-06,0.05856314301490784,0.1295652985572815,0.07615959644317627,0.0,0.0,0.0,0.0,0.0,0.0477420948445797,0.0,0.0,0.3589399755001068
13,27,0.05117202550172806,4.7038079173944425e-06,0.07534950971603394,0.2141709327697754,0.11709482967853546,0.0,0.0,0.0,0.0,0.0,0.22016362845897675,0.0,0.0,0.0,2.3519039586972212e-06,0.03767475485801697,0.1070854663848877,0.05854741483926773,0.0,0.0,0.0,0.0,0.0,0.04403272643685341,0.0,0.0,0.298514723777771
13,28,0.07795502245426178,5.052038886788068e-06,0.15611577033996582,0.2510543465614319,0.1339583396911621,0.0,0.0,0.0,0.0,0.0,0.29130980372428894,0.0,0.0,0.0,2.526019443394034e-06,0.07805788516998291,0.12552717328071594,0.06697916984558105,0.0,0.0,0.0,0.0,0.0,0.05826196074485779,0.0,0.0,0.40678372979164124
13,29,0.04388707876205444,3.892295353580266e-06,0.03783291578292847,0.1454731523990631,0.11058318614959717,0.0,0.0,0.0,0.0,0.0,0.2471839189529419,0.0,0.0,0.0,1.946147676790133e-06,0.018916457891464233,0.07273657619953156,0.055291593074798584,0.0,0.0,0.0,0.0,0.0,0.0494367852807045,0.0,0.0,0.2402704358100891
13,30,0.06682159751653671,2.604307837827946e-06,0.03414720296859741,0.15528881549835205,0.13042384386062622,0.0,0.0,0.0,0.0,0.0,0.1997721791267395,0.0,0.0,0.0,1.302153918913973e-06,0.017073601484298706,0.07764440774917603,0.06521192193031311,0.0,0.0,0.0,0.0,0.0,0.03995443508028984,0.0,0.0,0.26670727133750916
13,31,0.040459733456373215,1.1091910891991574e-05,0.04326319694519043,0.18281394243240356,0.09666738659143448,0.0,0.0,0.0,0.0,0.0,0.20829594135284424,0.0,0.0,0.0,5.545955445995787e-06,0.021631598472595215,0.09140697121620178,0.04833369329571724,0.0,0.0,0.0,0.0,0.0,0.04165918752551079,0.0,0.0,0.24349673092365265
13,32,0.06669153273105621,4.544781859294744e-06,0.049952566623687744,0.13395646214485168,0.09120244532823563,0.0,0.0,0.0,0.0,0.0,0.14325809478759766,0.0,0.0,0.0,2.272390929647372e-06,0.024976283311843872,0.06697823107242584,0.04560122266411781,0.0,0.0,0.0,0.0,0.0,0.02865161933004856,0.0,0.0,0.23290115594863892
13,33,0.058410488069057465,2.046217559836805e-06,0.04536813497543335,0.15430963039398193,0.0928017646074295,0.0,0.0,0.0,0.0,0.0,0.13998359441757202,0.0,0.0,0.0,1.0231087799184024e-06,0.022684067487716675,0.07715481519699097,0.04640088230371475,0.0,0.0,0.0,0.0,0.0,0.027996718883514404,0.0,0.0,0.23264798521995544
13,34,0.06830891966819763,4.335538505984005e-06,0.06270235776901245,0.1863415539264679,0.1926276832818985,0.0,0.0,0.0,0.0,0.0,0.3165189325809479,0.0,0.0,0.0,2.1677692529920023e-06,0.031351178884506226,0.09317077696323395,0.09631384164094925,0.0,0.0,0.0,0.0,0.0,0.06330379098653793,0.0,0.0,0.3524506688117981
13,35,0.04947739094495773,7.756474587949924e-06,0.025544285774230957,0.1624361276626587,0.09519114345312119,0.0,0.0,0.0,0.0,0.0,0.38254690170288086,0.0,0.0,0.0,3.878237293974962e-06,0.012772142887115479,0.08121806383132935,0.04759557172656059,0.0,0.0,0.0,0.0,0.0,0.07650937885046005,0.0,0.0,0.2675764262676239
13,36,0.04530682414770126,1.1663513760140631e-05,0.03460651636123657,0.19275468587875366,0.08933357149362564,0.0,0.0,0.0,0.0,0.0,0.17041051387786865,0.0,0.0,0.0,5.831756880070316e-06,0.017303258180618286,0.09637734293937683,0.04466678574681282,0.0,0.0,0.0,0.0,0.0,0.03408210352063179,0.0,0.0,0.23774214088916779
13,37,0.06429892033338547,2.3810766833776142e-06,0.04315483570098877,0.1395077109336853,0.14967697858810425,0.0,0.0,0.0,0.0,0.0,0.286685585975647,0.0,0.0,0.0,1.1905383416888071e-06,0.021577417850494385,0.06975385546684265,0.07483848929405212,0.0,0.0,0.0,0.0,0.0,0.057337116450071335,0.0,0.0,0.28780698776245117
13,38,0.06106887012720108,3.8097487049526535e-06,0.07969176769256592,0.12770295143127441,0.13818849623203278,0.0,0.0,0.0,0.0,0.0,0.19377174973487854,0.0,0.0,0.0,1.9048743524763267e-06,0.03984588384628296,0.06385147571563721,0.06909424811601639,0.0,0.0,0.0,0.0,0.0,0.03875435143709183,0.0,0.0,0.2726167142391205
13,39,0.036131732165813446,6.181134267535526e-06,0.03082817792892456,0.14444828033447266,0.141356959939003,0.0,0.0,0.0,0.0,0.0,0.27645963430404663,0.0,0.0,0.0,3.090567133767763e-06,0.01541408896446228,0.07222414016723633,0.0706784799695015,0.0,0.0,0.0,0.0,0.0,0.055291928350925446,0.0,0.0,0.24974346160888672
13,40,0.07386903464794159,3.947400728065986e-06,0.027352213859558105,0.09302738308906555,0.12367743253707886,0.0,0.0,0.0,0.0,0.0,0.21414399147033691,0.0,0.0,0.0,1.973700364032993e-06,0.013676106929779053,0.046513691544532776,0.06183871626853943,0.0,0.0,0.0,0.0,0.0,0.04282879829406738,0.0,0.0,0.23872831463813782
13,41,0.05204557627439499,3.433084884818527e-06,0.03036665916442871,0.11737117171287537,0.1415519118309021,0.0,0.0,0.0,0.0,0.0,0.16860635578632355,0.0,0.0,0.0,1.7165424424092635e-06,0.015183329582214355,0.05868558585643768,0.07077595591545105,0.0,0.0,0.0,0.0,0.0,0.03372127190232277,0.0,0.0,0.23041343688964844
13,42,0.04706475883722305,4.7067314881132916e-06,0.027224063873291016,0.08698582649230957,0.07236630469560623,0.0,0.0,0.0,0.0,0.0,0.13404470682144165,0.0,0.0,0.0,2.3533657440566458e-06,0.013612031936645508,0.043492913246154785,0.036183152347803116,0.0,0.0,0.0,0.0,0.0,0.02680894173681736,0.0,0.0,0.1671641618013382
13,43,0.06327913701534271,1.1013778021151666e-05,0.06477391719818115,0.13360455632209778,0.05493542179465294,0.0,0.0,0.0,0.0,0.0,0.13690070807933807,0.0,0.0,0.0,5.506889010575833e-06,0.032386958599090576,0.06680227816104889,0.02746771089732647,0.0,0.0,0.0,0.0,0.0,0.027380142360925674,0.0,0.0,0.2173217386007309
13,44,0.04774715378880501,5.507856712938519e-06,0.050446510314941406,0.13382193446159363,0.13441482186317444,0.0,0.0,0.0,0.0,0.0,0.19832468032836914,0.0,0.0,0.0,2.7539283564692596e-06,0.025223255157470703,0.06691096723079681,0.06720741093158722,0.0,0.0,0.0,0.0,0.0,0.03966493532061577,0.0,0.0,0.24675647914409637
13,45,0.05618126317858696,1.0112166819453705e-06,0.021799802780151367,0.10556146502494812,0.12961474061012268,0.0,0.0,0.0,0.0,0.0,0.25374868512153625,0.0,0.0,0.0,5.056083409726853e-07,0.010899901390075684,0.05278073251247406,0.06480737030506134,0.0,0.0,0.0,0.0,0.0,0.05074973776936531,0.0,0.0,0.23541951179504395
13,46,0.03795900195837021,4.83276198792737e-06,0.019420981407165527,0.12006828188896179,0.08722321689128876,0.0,0.0,0.0,0.0,0.0,0.3206808865070343,0.0,0.0,0.0,2.416380993963685e-06,0.009710490703582764,0.060034140944480896,0.04361160844564438,0.0,0.0,0.0,0.0,0.0,0.06413617730140686,0.0,0.0,0.2154538333415985
13,47,0.06533883512020111,4.673562216339633e-06,0.04221975803375244,0.08069297671318054,0.1018095463514328,0.0,0.0,0.0,0.0,0.0,0.11239629983901978,0.0,0.0,0.0,2.3367811081698164e-06,0.02110987901687622,0.04034648835659027,0.0509047731757164,0.0,0.0,0.0,0.0,0.0,0.022479260340332985,0.0,0.0,0.20018157362937927
13,48,0.03493097051978111,4.530961632553954e-06,0.04291731119155884,0.13165634870529175,0.08532388508319855,0.0,0.0,0.0,0.0,0.0,0.3486964702606201,0.0,0.0,0.0,2.265480816276977e-06,0.02145865559577942,0.06582817435264587,0.042661942541599274,0.0,0.0,0.0,0.0,0.0,0.06973929703235626,0.0,0.0,0.2346213012933731
13,49,0.040446363389492035,6.916453457961325e-06,0.0452309250831604,0.13119187951087952,0.11305832862854004,0.0,0.0,0.0,0.0,0.0,0.13700073957443237,0.0,0.0,0.0,3.4582267289806623e-06,0.0226154625415802,0.06559593975543976,0.05652916431427002,0.0,0.0,0.0,0.0,0.0,0.027400149032473564,0.0,0.0,0.2125905305147171
13,50,0.05844215676188469,1.0176257774219266e-06,0.050093233585357666,0.10471704602241516,0.08526912331581116,0.0,0.0,0.0,0.0,0.0,0.4138529300689697,0.0,0.0,0.0,5.088128887109633e-07,0.025046616792678833,0.05235852301120758,0.04263456165790558,0.0,0.0,0.0,0.0,0.0,0.08277058601379395,0.0,0.0,0.2612529397010803
13,51,0.04249085485935211,1.6856691900102305e-06,0.05947977304458618,0.10372334718704224,0.03915005549788475,0.0,0.0,0.0,0.0,0.0,0.11244463920593262,0.0,0.0,0.0,8.428345950051153e-07,0.02973988652229309,0.05186167359352112,0.019575027748942375,0.0,0.0,0.0,0.0,0.0,0.022488927468657494,0.0,0.0,0.16615720093250275
13,52,0.050091374665498734,1.6484682419104502e-06,0.03146296739578247,0.06265440583229065,0.09501844644546509,0.0,0.0,0.0,0.0,0.0,0.12967166304588318,0.0,0.0,0.0,8.242341209552251e-07,0.015731483697891235,0.031327202916145325,0.047509223222732544,0.0,0.0,0.0,0.0,0.0,0.025934332981705666,0.0,0.0,0.1705944538116455
13,53,0.03502403199672699,2.6837974473892245e-06,0.02582603693008423,0.07857245206832886,0.05874566733837128,0.0,0.0,0.0,0.0,0.0,0.18096965551376343,0.0,0.0,0.0,1.3418987236946123e-06,0.012913018465042114,0.03928622603416443,0.02937283366918564,0.0,0.0,0.0,0.0,0.0,0.036193933337926865,0.0,0.0,0.15279138088226318
13,54,0.049156706780195236,1.15408929559635e-05,0.0860375165939331,0.23540286719799042,0.16124334931373596,0.0,0.0,0.0,0.0,0.0,0.35723599791526794,0.0,0.0,0.0,5.77044647798175e-06,0.04301875829696655,0.11770143359899521,0.08062167465686798,0.0,0.0,0.0,0.0,0.0,0.07144720107316971,0.0,0.0,0.3619515299797058
13,55,0.04722791165113449,4.538556822808459e-06,0.039253056049346924,0.08972230553627014,0.07392944395542145,0.0,0.0,0.0,0.0,0.0,0.07176709175109863,0.0,0.0,0.0,2.2692784114042297e-06,0.019626528024673462,0.04486115276813507,0.036964721977710724,0.0,0.0,0.0,0.0,0.0,0.014353418722748756,0.0,0.0,0.1630360186100006
13,56,0.04733924940228462,5.302908903104253e-06,0.04726719856262207,0.14048293232917786,0.021696237847208977,0.0,0.0,0.0,0.0,0.0,0.11160433292388916,0.0,0.0,0.0,2.6514544515521266e-06,0.023633599281311035,0.07024146616458893,0.010848118923604488,0.0,0.0,0.0,0.0,0.0,0.022320866584777832,0.0,0.0,0.1743859499692917
13,57,0.04764159396290779,3.388446657481836e-06,0.02467244863510132,0.07989305257797241,0.001159384846687317,0.0,0.0,0.0,0.0,0.0,0.12577137351036072,0.0,0.0,0.0,1.694223328740918e-06,0.01233622431755066,0.039946526288986206,0.0005796924233436584,0.0,0.0,0.0,0.0,0.0,0.025154275819659233,0.0,0.0,0.1256600022315979
13,58,0.03698065131902695,3.916545210813638e-06,0.021386384963989258,0.0894051194190979,0.010483292862772942,0.0,0.0,0.0,0.0,0.0,0.22996073961257935,0.0,0.0,0.0,1.958272605406819e-06,0.010693192481994629,0.04470255970954895,0.005241646431386471,0.0,0.0,0.0,0.0,0.0,0.04599214717745781,0.0,0.0,0.14361216127872467
13,59,0.0560721680521965,6.959616712265415e-06,0.024022996425628662,0.12607401609420776,0.090321384370327,0.0,0.0,0.0,0.0,0.0,0.17607003450393677,0.0,0.0,0.0,3.4798083561327076e-06,0.012011498212814331,0.06303700804710388,0.0451606921851635,0.0,0.0,0.0,0.0,0.0,0.035214006900787354,0.0,0.0,0.21149885654449463
13,60,0.04782113805413246,1.529512132947275e-06,0.027255237102508545,0.07875257730484009,0.07003562152385712,0.0,0.0,0.0,0.0,0.0,0.1277477741241455,0.0,0.0,0.0,7.647560664736375e-07,0.013627618551254272,0.039376288652420044,0.03501781076192856,0.0,0.0,0.0,0.0,0.0,0.02554955519735813,0.0,0.0,0.1613931804895401
13,61,0.03865504637360573,6.747172392351786e-06,0.03561854362487793,0.10001543164253235,0.08774267882108688,0.0,0.0,0.0,0.0,0.0,0.10417598485946655,0.0,0.0,0.0,3.373586196175893e-06,0.017809271812438965,0.050007715821266174,0.04387133941054344,0.0,0.0,0.0,0.0,0.0,0.02083519659936428,0.0,0.0,0.17118194699287415
13,62,0.041235990822315216,3.0515529942931607e-06,0.021236896514892578,0.08986997604370117,-0.001767345704138279,0.0,0.0,0.0,0.0,0.0,0.11165237426757812,0.0,0.0,0.0,1.5257764971465804e-06,0.010618448257446289,0.044934988021850586,-0.0008836728520691395,0.0,0.0,0.0,0.0,0.0,0.022330475971102715,0.0,0.0,0.11823775619268417
13,63,0.05309455469250679,6.298994321696227e-06,0.0269353985786438,0.09946596622467041,0.009271690621972084,0.0,0.0,0.0,0.0,0.0,0.15740041434764862,0.0,0.0,0.0,3.1494971608481137e-06,0.0134676992893219,0.049732983112335205,0.004635845310986042,0.0,0.0,0.0,0.0,0.0,0.0314800851047039,0.0,0.0,0.15241432189941406
13,64,0.03449944779276848,5.722954938391922e-06,0.0753282904624939,0.13438734412193298,0.05598863586783409,0.0,0.0,0.0,0.0,0.0,0.21223104000091553,0.0,0.0,0.0,2.861477469195961e-06,0.03766414523124695,0.06719367206096649,0.027994317933917046,0.0,0.0,0.0,0.0,0.0,0.042446207255125046,0.0,0.0,0.20980066061019897
13,65,0.051822055131196976,3.0709773000126006e-06,0.024126827716827393,0.11410784721374512,0.02770664170384407,0.0,0.0,0.0,0.0,0.0,0.11766183376312256,0.0,0.0,0.0,1.5354886500063003e-06,0.012063413858413696,0.05705392360687256,0.013853320851922035,0.0,0.0,0.0,0.0,0.0,0.023532366380095482,0.0,0.0,0.15832661092281342
13,66,0.04186917096376419,2.837287865986582e-06,0.01996290683746338,0.130462646484375,-0.011712638661265373,0.0,0.0,0.0,0.0,0.0,0.4567638337612152,0.0,0.0,0.0,1.418643932993291e-06,0.00998145341873169,0.0652313232421875,-0.005856319330632687,0.0,0.0,0.0,0.0,0.0,0.09135276824235916,0.0,0.0,0.2025798261165619
13,67,0.03542322665452957,6.183723144204123e-06,0.03705686330795288,0.08478754758834839,0.050004683434963226,0.0,0.0,0.0,0.0,0.0,0.262155681848526,0.0,0.0,0.0,3.0918615721020615e-06,0.01852843165397644,0.042393773794174194,0.025002341717481613,0.0,0.0,0.0,0.0,0.0,0.0524311363697052,0.0,0.0,0.17378200590610504
13,68,0.04991074278950691,6.058966732780391e-07,0.03065621852874756,0.06814464926719666,-0.023696906864643097,0.0,0.0,0.0,0.0,0.0,0.19313640892505646,0.0,0.0,0.0,3.0294833663901954e-07,0.01532810926437378,0.03407232463359833,-0.011848453432321548,0.0,0.0,0.0,0.0,0.0,0.03862728178501129,0.0,0.0,0.12609030306339264
13,69,0.03131035342812538,6.025939001119696e-06,0.021734535694122314,0.0843743085861206,0.09331023693084717,0.0,0.0,0.0,0.0,0.0,0.0,0.0,0.0,0.0,3.012969500559848e-06,0.010867267847061157,0.0421871542930603,0.046655118465423584,0.0,0.0,0.0,0.0,0.0,0.0,0.0,0.0,0.13102290034294128
13,70,0.04595237225294113,1.3928319049227866e-06,0.02702796459197998,0.08476808667182922,0.04387602210044861,0.0,0.0,0.0,0.0,0.0,0.13147157430648804,0.0,0.0,0.0,6.964159524613933e-07,0.01351398229598999,0.04238404333591461,0.021938011050224304,0.0,0.0,0.0,0.0,0.0,0.026294315233826637,0.0,0.0,0.15008342266082764
13,71,0.03168737515807152,4.800130227522459e-06,0.022586464881896973,0.08196026086807251,-0.03728550672531128,0.0,0.0,0.0,0.0,0.0,0.1375940442085266,0.0,0.0,0.0,2.4000651137612294e-06,0.011293232440948486,0.040980130434036255,-0.01864275336265564,0.0,0.0,0.0,0.0,0.0,0.027518808841705322,0.0,0.0,0.09283919632434845
13,72,0.04139032959938049,3.873387413477758e-06,0.058444857597351074,0.1252325475215912,0.0649963915348053,0.0,0.0,0.0,0.0,0.0,0.38447386026382446,0.0,0.0,0.0,1.936693706738879e-06,0.029222428798675537,0.0626162737607956,0.03249819576740265,0.0,0.0,0.0,0.0,0.0,0.07689477503299713,0.0,0.0,0.2426239401102066
13,73,0.04243329539895058,3.003064875883865e-06,0.059597909450531006,0.07871058583259583,0.04441606625914574,0.0,0.0,0.0,0.0,0.0,0.164653018116951,0.0,0.0,0.0,1.5015324379419326e-06,0.029798954725265503,0.03935529291629791,0.02220803312957287,0.0,0.0,0.0,0.0,0.0,0.03293060511350632,0.0,0.0,0.1667276918888092
13,74,0.034470971673727036,3.4846950711653335e-06,0.06438499689102173,0.08228534460067749,0.054893430322408676,0.0,0.0,0.0,0.0,0.0,0.0985376238822937,0.0,0.0,0.0,1.7423475355826668e-06,0.032192498445510864,0.041142672300338745,0.027446715161204338,0.0,0.0,0.0,0.0,0.0,0.01970752514898777,0.0,0.0,0.15496213734149933
13,75,0.03852149099111557,3.714452759595588e-06,0.026792526245117188,0.0783509910106659,0.08138597756624222,0.0,0.0,0.0,0.0,0.0,0.10052716732025146,0.0,0.0,0.0,1.857226379797794e-06,0.013396263122558594,0.03917549550533295,0.04069298878312111,0.0,0.0,0.0,0.0,0.0,0.020105434581637383,0.0,0.0,0.1518935263156891
13,76,0.03179764002561569,8.264265716206864e-07,0.02348482608795166,0.06793490052223206,0.014513942413032055,0.0,0.0,0.0,0.0,0.0,0.12226319313049316,0.0,0.0,0.0,4.132132858103432e-07,0.01174241304397583,0.03396745026111603,0.0072569712065160275,0.0,0.0,0.0,0.0,0.0,0.024452639743685722,0.0,0.0,0.10921752452850342
13,77,0.03808951377868652,1.1700091135935509e-06,0.013242363929748535,0.05415153503417969,0.03926663100719452,0.0,0.0,0.0,0.0,0.0,0.10182362794876099,0.0,0.0,0.0,5.850045567967754e-07,0.006621181964874268,0.027075767517089844,0.01963331550359726,0.0,0.0,0.0,0.0,0.0,0.020364725962281227,0.0,0.0,0.11178508400917053
13,78,0.03807305172085762,1.721631269901991e-05,0.05485421419143677,0.18835487961769104,0.038855865597724915,0.0,0.0,0.0,0.0,0.0,0.12877671420574188,0.0,0.0,0.0,8.608156349509954e-06,0.027427107095718384,0.09417743980884552,0.019427932798862457,0.0,0.0,0.0,0.0,0.0,0.025755343958735466,0.0,0.0,0.20486947894096375
13,79,0.039939090609550476,5.18599699717015e-06,0.018022894859313965,0.11601731181144714,0.074158675968647,0.0,0.0,0.0,0.0,0.0,0.3206252455711365,0.0,0.0,0.0,2.592998498585075e-06,0.009011447429656982,0.05800865590572357,0.0370793379843235,0.0,0.0,0.0,0.0,0.0,0.06412505358457565,0.0,0.0,0.2081661820411682
13,80,0.029427316039800644,3.801702177952393e-06,0.08131271600723267,0.14077430963516235,-0.0019218549132347107,0.0,0.0,0.0,0.0,0.0,0.11163687705993652,0.0,0.0,0.0,1.9008510889761965e-06,0.04065635800361633,0.07038715481758118,-0.0009609274566173553,0.0,0.0,0.0,0.0,0.0,0.022327376529574394,0.0,0.0,0.16183918714523315
13,81,0.03148094192147255,2.3131706257117912e-06,0.0142747163772583,0.0686299204826355,0.0030693355947732925,0.0,0.0,0.0,0.0,0.0,0.1061292290687561,0.0,0.0,0.0,1.1565853128558956e-06,0.00713735818862915,0.03431496024131775,0.0015346677973866463,0.0,0.0,0.0,0.0,0.0,0.02122584544122219,0.0,0.0,0.09569493681192398
13,82,0.04322543740272522,2.314347739229561e-06,0.05410873889923096,0.07392072677612305,0.02931930683553219,0.0,0.0,0.0,0.0,0.0,0.17674069106578827,0.0,0.0,0.0,1.1571738696147804e-06,0.02705436944961548,0.03696036338806152,0.014659653417766094,0.0,0.0,0.0,0.0,0.0,0.03534813970327377,0.0,0.0,0.15724912285804749
13,83,0.033939652144908905,7.723441740381531e-06,0.07299607992172241,0.1210864782333374,0.06083784997463226,0.0,0.0,0.0,0.0,0.0,0.42868494987487793,0.0,0.0,0.0,3.861720870190766e-06,0.036498039960861206,0.0605432391166687,0.03041892498731613,0.0,0.0,0.0,0.0,0.0,0.08573698997497559,0.0,0.0,0.24714070558547974
13,84,0.037579137831926346,3.2066827770904638e-06,0.014594078063964844,0.0895983874797821,0.029586615040898323,0.0,0.0,0.0,0.0,0.0,0.13361221551895142,0.0,0.0,0.0,1.6033413885452319e-06,0.007297039031982422,0.04479919373989105,0.014793307520449162,0.0,0.0,0.0,0.0,0.0,0.026722444221377373,0.0,0.0,0.13119272887706757
13,85,0.027944307774305344,1.7392426343576517e-06,0.02176886796951294,0.0815064013004303,-0.02103467658162117,0.0,0.0,0.0,0.0,0.0,0.2799208164215088,0.0,0.0,0.0,8.696213171788258e-07,0.01088443398475647,0.04075320065021515,-0.010517338290810585,0.0,0.0,0.0,0.0,0.0,0.05598416551947594,0.0,0.0,0.1250496357679367
13,86,0.0316314660012722,2.0173206394247245e-06,0.028357982635498047,0.08968386054039001,0.023472581058740616,0.0,0.0,0.0,0.0,0.0,0.17701399326324463,0.0,0.0,0.0,1.0086603197123623e-06,0.014178991317749023,0.04484193027019501,0.011736290529370308,0.0,0.0,0.0,0.0,0.0,0.035402800887823105,0.0,0.0,0.13779248297214508
13,87,0.03437717258930206,9.2552654678002e-06,0.021138429641723633,0.14139941334724426,-0.0060777198523283005,0.0,0.0,0.0,0.0,0.0,0.40087875723838806,0.0,0.0,0.0,4.6276327339001e-06,0.010569214820861816,0.07069970667362213,-0.0030388599261641502,0.0,0.0,0.0,0.0,0.0,0.08017574995756149,0.0,0.0,0.19278761744499207
13,88,0.03464658185839653,1.82777876034379e-06,0.029339849948883057,0.05971810221672058,0.026319673284888268,0.0,0.0,0.0,0.0,0.0,0.1308596134185791,0.0,0.0,0.0,9.13889380171895e-07,0.014669924974441528,0.02985905110836029,0.013159836642444134,0.0,0.0,0.0,0.0,0.0,0.02617192268371582,0.0,0.0,0.1185082271695137
13,89,0.034076936542987823,5.989365490677301e-06,0.05218029022216797,0.08539018034934998,0.03422775864601135,0.0,0.0,0.0,0.0,0.0,0.12698519229888916,0.0,0.0,0.0,2.9946827453386504e-06,0.026090145111083984,0.04269509017467499,0.017113879323005676,0.0,0.0,0.0,0.0,0.0,0.025397038087248802,0.0,0.0,0.1453760862350464
13,90,0.03241417557001114,5.369734026317019e-06,0.018628597259521484,0.07624387741088867,0.027125762775540352,0.0,0.0,0.0,0.0,0.0,0.09240952879190445,0.0,0.0,0.0,2.6848670131585095e-06,0.009314298629760742,0.038121938705444336,0.013562881387770176,0.0,0.0,0.0,0.0,0.0,0.01848190650343895,0.0,0.0,0.11189788579940796
13,91,0.0292445607483387,1.5144785265874816e-06,0.01839393377304077,0.058471232652664185,0.01994643546640873,0.0,0.0,0.0,0.0,0.0,0.14994555711746216,0.0,0.0,0.0,7.572392632937408e-07,0.009196966886520386,0.029235616326332092,0.009973217733204365,0.0,0.0,0.0,0.0,0.0,0.02998911216855049,0.0,0.0,0.10764023661613464
13,92,0.03469022363424301,1.4850429579382762e-05,0.041473209857940674,0.10579842329025269,-0.005139293149113655,0.0,0.0,0.0,0.0,0.0,0.14786887168884277,0.0,0.0,0.0,7.425214789691381e-06,0.020736604928970337,0.05289921164512634,-0.0025696465745568275,0.0,0.0,0.0,0.0,0.0,0.029573773965239525,0.0,0.0,0.13533759117126465
13,93,0.02712901309132576,3.516209289955441e-06,0.023619353771209717,0.10479617118835449,-0.010040510445833206,0.0,0.0,0.0,0.0,0.0,0.13564090430736542,0.0,0.0,0.0,1.7581046449777205e-06,0.011809676885604858,0.052398085594177246,-0.005020255222916603,0.0,0.0,0.0,0.0,0.0,0.027128180488944054,0.0,0.0,0.11344645917415619
13,94,0.029157081618905067,5.398977009463124e-06,0.054827749729156494,0.08099445700645447,0.029800402000546455,0.0,0.0,0.0,0.0,0.0,0.24502384662628174,0.0,0.0,0.0,2.699488504731562e-06,0.027413874864578247,0.040497228503227234,0.014900201000273228,0.0,0.0,0.0,0.0,0.0,0.04900477081537247,0.0,0.0,0.1609758585691452
13,95,0.03125552460551262,3.998057309217984e-06,0.018593788146972656,0.07391124963760376,0.042725756764411926,0.0,0.0,0.0,0.0,0.0,0.20025479793548584,0.0,0.0,0.0,1.999028654608992e-06,0.009296894073486328,0.03695562481880188,0.021362878382205963,0.0,0.0,0.0,0.0,0.0,0.04005096107721329,0.0,0.0,0.13892388343811035
13,96,0.028156518936157227,3.5450641462375643e-06,0.08720016479492188,0.09564033150672913,0.056794486939907074,0.0,0.0,0.0,0.0,0.0,0.0,0.0,0.0,0.0,1.7725320731187821e-06,0.04360008239746094,0.04782016575336456,0.028397243469953537,0.0,0.0,0.0,0.0,0.0,0.0,0.0,0.0,0.14797578752040863
13,97,0.028854306787252426,5.418024557002354e-06,0.01995265483856201,0.06323617696762085,-0.012087903916835785,0.0,0.0,0.0,0.0,0.0,0.20636844635009766,0.0,0.0,0.0,2.709012278501177e-06,0.009976327419281006,0.031618088483810425,-0.0060439519584178925,0.0,0.0,0.0,0.0,0.0,0.04127369076013565,0.0,0.0,0.1056811735033989
13,98,0.029745999723672867,2.405010036454769e-06,0.03434699773788452,0.08744248747825623,-0.006392613984644413,0.0,0.0,0.0,0.0,0.0,0.07127749919891357,0.0,0.0,0.0,1.2025050182273844e-06,0.01717349886894226,0.04372124373912811,-0.0031963069923222065,0.0,0.0,0.0,0.0,0.0,0.01425550039857626,0.0,0.0,0.10170114040374756
13,99,0.02630482241511345,3.0734847769053886e-06,0.0299912691116333,0.07537755370140076,0.005522359162569046,0.0,0.0,0.0,0.0,0.0,0.11281617730855942,0.0,0.0,0.0,1.5367423884526943e-06,0.01499563455581665,0.03768877685070038,0.002761179581284523,0.0,0.0,0.0,0.0,0.0,0.022563235834240913,0.0,0.0,0.10431518405675888
13,100,0.026728849858045578,2.469973651386681e-06,0.029617726802825928,0.07427331805229187,0.0027651693671941757,0.0,0.0,0.0,0.0,0.0,0.1568012237548828,0.0,0.0,0.0,1.2349868256933405e-06,0.014808863401412964,0.037136659026145935,0.0013825846835970879,0.0,0.0,0.0,0.0,0.0,0.03136024624109268,0.0,0.0,0.11141843348741531
14,1,0.04689330607652664,1.4770598681934644e-05,0.1616951823234558,0.5815185904502869,0.0031277863308787346,0.0,0.0,0.0,0.0,0.0,0.5547704696655273,0.0,0.0,0.0,7.385299340967322e-06,0.0808475911617279,0.29075929522514343,0.0015638931654393673,0.0,0.0,0.0,0.0,0.0,0.11095409840345383,0.0,0.0,0.5310255885124207
14,2,0.0807652622461319,7.785732123011257e-06,0.17718392610549927,0.6562628746032715,0.009621700271964073,0.0,0.0,0.0,0.0,0.0,0.5086865425109863,0.0,0.0,0.0,3.892866061505629e-06,0.08859196305274963,0.32813143730163574,0.004810850135982037,0.0,0.0,0.0,0.0,0.0,0.10173731297254562,0.0,0.0,0.6040407419204712
14,3,0.036655817180871964,1.1627985259110574e-05,0.15996599197387695,0.4806209206581116,0.008965959772467613,0.0,0.0,0.0,0.0,0.0,0.4100230932235718,0.0,0.0,0.0,5.813992629555287e-06,0.07998299598693848,0.2403104603290558,0.004482979886233807,0.0,0.0,0.0,0.0,0.0,0.0820046216249466,0.0,0.0,0.443442702293396
14,4,0.03057647868990898,1.2722179235424846e-05,0.11304253339767456,0.5520539283752441,0.009033618494868279,0.0,0.0,0.0,0.0,0.0,0.578779399394989,0.0,0.0,0.0,6.361089617712423e-06,0.05652126669883728,0.27602696418762207,0.004516809247434139,0.0,0.0,0.0,0.0,0.0,0.11575587838888168,0.0,0.0,0.4834037721157074
14,5,0.03465511277318001,7.67070559959393e-06,0.16676080226898193,0.4711897373199463,0.0023418283089995384,0.0,0.0,0.0,0.0,0.0,0.23462146520614624,0.0,0.0,0.0,3.835352799796965e-06,0.08338040113449097,0.23559486865997314,0.0011709141544997692,0.0,0.0,0.0,0.0,0.0,0.04692429304122925,0.0,0.0,0.40172943472862244
14,6,0.04890866205096245,9.597031748853624e-06,0.1037144660949707,0.49808233976364136,0.015557787381112576,0.0,0.0,0.0,0.0,0.0,0.7183333039283752,0.0,0.0,0.0,4.798515874426812e-06,0.05185723304748535,0.24904116988182068,0.007778893690556288,0.0,0.0,0.0,0.0,0.0,0.14366666972637177,0.0,0.0,0.5012574195861816
14,7,0.024791482836008072,8.477195478917565e-06,0.18051743507385254,0.48526731133461,0.01975868083536625,0.0,0.0,0.0,0.0,0.0,0.8082959055900574,0.0,0.0,0.0,4.238597739458783e-06,0.09025871753692627,0.242633655667305,0.009879340417683125,0.0,0.0,0.0,0.0,0.0,0.16165918111801147,0.0,0.0,0.5292266607284546
14,8,0.05019190162420273,1.238662434843718e-06,0.23603254556655884,0.6606123447418213,0.02494843304157257,0.0,0.0,0.0,0.0,0.0,0.0,0.0,0.0,0.0,6.19331217421859e-07,0.11801627278327942,0.33030617237091064,0.012474216520786285,0.0,0.0,0.0,0.0,0.0,0.0,0.0,0.0,0.5109891891479492
14,9,0.04974737763404846,8.240045644924976e-06,0.084278404712677,0.4126071035861969,0.03932826593518257,0.0,0.0,0.0,0.0,0.0,0.29931876063346863,0.0,0.0,0.0,4.120022822462488e-06,0.0421392023563385,0.20630355179309845,0.019664132967591286,0.0,0.0,0.0,0.0,0.0,0.059863753616809845,0.0,0.0,0.3777221441268921
14,10,0.0458967424929142,1.0200014912697952e-05,0.20024532079696655,0.4055783748626709,0.03186378628015518,0.0,0.0,0.0,0.0,0.0,0.6508182287216187,0.0,0.0,0.0,5.100007456348976e-06,0.10012266039848328,0.20278918743133545,0.01593189314007759,0.0,0.0,0.0,0.0,0.0,0.13016365468502045,0.0,0.0,0.49490922689437866
14,11,0.04528859630227089,6.442131052608602e-06,0.09696805477142334,0.4359947741031647,0.05093573406338692,0.0,0.0,0.0,0.0,0.0,0.4524308145046234,0.0,0.0,0.0,3.221065526304301e-06,0.04848402738571167,0.21799738705158234,0.02546786703169346,0.0,0.0,0.0,0.0,0.0,0.09048616141080856,0.0,0.0,0.42772728204727173
14,12,0.04030868783593178,1.057901590684196e-05,0.14869266748428345,0.3962135314941406,0.056534819304943085,0.0,0.0,0.0,0.0,0.0,1.0037449598312378,0.0,0.0,0.0,5.28950795342098e-06,0.07434633374214172,0.1981067657470703,0.028267409652471542,0.0,0.0,0.0,0.0,0.0,0.2007489949464798,0.0,0.0,0.5417835116386414
14,13,0.052743978798389435,1.2739382327708881e-05,0.16415202617645264,0.3425416946411133,0.06086959317326546,0.0,0.0,0.0,0.0,0.0,0.6562022566795349,0.0,0.0,0.0,6.369691163854441e-06,0.08207601308822632,0.17127084732055664,0.03043479658663273,0.0,0.0,0.0,0.0,0.0,0.13124045729637146,0.0,0.0,0.4677724540233612
14,14,0.04974265769124031,6.130247129476629e-06,0.06976640224456787,0.1981225311756134,0.03838912025094032,0.0,0.0,0.0,0.0,0.0,0.2684231996536255,0.0,0.0,0.0,3.0651235647383146e-06,0.034883201122283936,0.0990612655878067,0.01919456012547016,0.0,0.0,0.0,0.0,0.0,0.05368464067578316,0.0,0.0,0.25656938552856445
14,15,0.07014500349760056,8.174226422852371e-06,0.0785028338432312,0.4101865291595459,0.09627781063318253,0.0,0.0,0.0,0.0,0.0,0.3534041941165924,0.0,0.0,0.0,4.0871132114261854e-06,0.0392514169216156,0.20509326457977295,0.04813890531659126,0.0,0.0,0.0,0.0,0.0,0.07068084180355072,0.0,0.0,0.4333135485649109
14,16,0.06862590461969376,1.6029121979954652e-05,0.06628352403640747,0.2988091707229614,0.043794870376586914,0.0,0.0,0.0,0.0,0.0,0.31599849462509155,0.0,0.0,0.0,8.014560989977326e-06,0.033141762018203735,0.1494045853614807,0.021897435188293457,0.0,0.0,0.0,0.0,0.0,0.06319969892501831,0.0,0.0,0.33627739548683167
14,17,0.0623425655066967,1.4280914001574274e-05,0.0830453634262085,0.23790955543518066,0.06163354963064194,0.0,0.0,0.0,0.0,0.0,0.2281785011291504,0.0,0.0,0.0,7.140457000787137e-06,0.04152268171310425,0.11895477771759033,0.03081677481532097,0.0,0.0,0.0,0.0,0.0,0.04563570022583008,0.0,0.0,0.2992796301841736
14,18,0.05164731666445732,7.553449904662557e-06,0.040641069412231445,0.2039651870727539,0.058125246316194534,0.0,0.0,0.0,0.0,0.0,0.0807654857635498,0.0,0.0,0.0,3.7767249523312785e-06,0.020320534706115723,0.10198259353637695,0.029062623158097267,0.0,0.0,0.0,0.0,0.0,0.01615309715270996,0.0,0.0,0.21916994452476501
14,19,0.0649867132306099,1.1419166185078211e-05,0.07918524742126465,0.23616251349449158,0.058119338005781174,0.0,0.0,0.0,0.0,0.0,0.1587132215499878,0.0,0.0,0.0,5.7095830925391056e-06,0.039592623710632324,0.11808125674724579,0.029059669002890587,0.0,0.0,0.0,0.0,0.0,0.0317426435649395,0.0,0.0,0.2834686040878296
14,20,0.0513790063560009,1.394328774040332e-05,0.07207775115966797,0.26295363903045654,0.08658130466938019,0.0,0.0,0.0,0.0,0.0,0.2739082872867584,0.0,0.0,0.0,6.97164387020166e-06,0.036038875579833984,0.13147681951522827,0.043290652334690094,0.0,0.0,0.0,0.0,0.0,0.054781656712293625,0.0,0.0,0.3169739544391632
14,21,0.0383550301194191,7.064099463605089e-06,0.05114281177520752,0.16997429728507996,0.06353463977575302,0.0,0.0,0.0,0.0,0.0,0.537358820438385,0.0,0.0,0.0,3.5320497318025446e-06,0.02557140588760376,0.08498714864253998,0.03176731988787651,0.0,0.0,0.0,0.0,0.0,0.107471764087677,0.0,0.0,0.2881562113761902
14,22,0.03993944078683853,8.79505205375608e-06,0.07797509431838989,0.17369556427001953,0.05492176115512848,0.0,0.0,0.0,0.0,0.0,0.33304673433303833,0.0,0.0,0.0,4.39752602687804e-06,0.038987547159194946,0.08684778213500977,0.02746088057756424,0.0,0.0,0.0,0.0,0.0,0.06660934537649155,0.0,0.0,0.2598493993282318
14,23,0.04332968592643738,2.692715497687459e-06,0.12032246589660645,0.277133971452713,0.12844115495681763,0.0,0.0,0.0,0.0,0.0,0.31951412558555603,0.0,0.0,0.0,1.3463577488437295e-06,0.06016123294830322,0.1385669857263565,0.06422057747840881,0.0,0.0,0.0,0.0,0.0,0.0639028251171112,0.0,0.0,0.37018266320228577
14,24,0.04242024943232536,1.1473113772808574e-05,0.0607951283454895,0.23357176780700684,0.09490899741649628,0.0,0.0,0.0,0.0,0.0,0.20785528421401978,0.0,0.0,0.0,5.736556886404287e-06,0.03039756417274475,0.11678588390350342,0.04745449870824814,0.0,0.0,0.0,0.0,0.0,0.041571058332920074,0.0,0.0,0.2786349952220917
14,25,0.05179087072610855,1.088966200768482e-05,0.08791130781173706,0.214045912027359,0.08092167228460312,0.0,0.0,0.0,0.0,0.0,0.36683201789855957,0.0,0.0,0.0,5.44483100384241e-06,0.04395565390586853,0.1070229560136795,0.04046083614230156,0.0,0.0,0.0,0.0,0.0,0.07336640357971191,0.0,0.0,0.3166021704673767
14,26,0.025197375565767288,8.25368806545157e-06,0.08824080228805542,0.19181936979293823,0.10904484987258911,0.0,0.0,0.0,0.0,0.0,0.19543401896953583,0.0,0.0,0.0,4.126844032725785e-06,0.04412040114402771,0.09590968489646912,0.054522424936294556,0.0,0.0,0.0,0.0,0.0,0.039086803793907166,0.0,0.0,0.25884079933166504
14,27,0.051184892654418945,5.930116913077654e-06,0.08599621057510376,0.20565402507781982,0.10095243155956268,0.0,0.0,0.0,0.0,0.0,0.19556021690368652,0.0,0.0,0.0,2.965058456538827e-06,0.04299810528755188,0.10282701253890991,0.05047621577978134,0.0,0.0,0.0,0.0,0.0,0.039112042635679245,0.0,0.0,0.2866012156009674
14,28,0.06163330003619194,1.0908024705713615e-05,0.11127996444702148,0.14584258198738098,0.08204424381256104,0.0,0.0,0.0,0.0,0.0,0.2829440236091614,0.0,0.0,0.0,5.454012352856807e-06,0.05563998222351074,0.07292129099369049,0.04102212190628052,0.0,0.0,0.0,0.0,0.0,0.056588806211948395,0.0,0.0,0.28781095147132874
14,29,0.028658175840973854,3.892320364684565e-06,0.04055541753768921,0.10784399509429932,0.04903620854020119,0.0,0.0,0.0,0.0,0.0,0.20462870597839355,0.0,0.0,0.0,1.9461601823422825e-06,0.020277708768844604,0.05392199754714966,0.024518104270100594,0.0,0.0,0.0,0.0,0.0,0.04092574119567871,0.0,0.0,0.16830366849899292
14,30,0.04058349132537842,6.570195182575844e-06,0.03603696823120117,0.14034691452980042,0.13287323713302612,0.0,0.0,0.0,0.0,0.0,0.34162211418151855,0.0,0.0,0.0,3.285097591287922e-06,0.018018484115600586,0.07017345726490021,0.06643661856651306,0.0,0.0,0.0,0.0,0.0,0.06832442432641983,0.0,0.0,0.26353976130485535
14,31,0.030671382322907448,9.950928870239295e-06,0.04313182830810547,0.1906801462173462,0.0461442694067955,0.0,0.0,0.0,0.0,0.0,0.19739031791687012,0.0,0.0,0.0,4.9754644351196475e-06,0.021565914154052734,0.0953400731086731,0.02307213470339775,0.0,0.0,0.0,0.0,0.0,0.03947806358337402,0.0,0.0,0.21013255417346954
14,32,0.03920673206448555,7.252145223901607e-06,0.04745185375213623,0.1074470579624176,0.08473595976829529,0.0,0.0,0.0,0.0,0.0,0.13553166389465332,0.0,0.0,0.0,3.6260726119508035e-06,0.023725926876068115,0.0537235289812088,0.042367979884147644,0.0,0.0,0.0,0.0,0.0,0.027106333523988724,0.0,0.0,0.18613411486148834
14,33,0.042668767273426056,2.293906163686188e-06,0.05035984516143799,0.11622226238250732,0.07279257476329803,0.0,0.0,0.0,0.0,0.0,0.12852436304092407,0.0,0.0,0.0,1.146953081843094e-06,0.025179922580718994,0.05811113119125366,0.03639628738164902,0.0,0.0,0.0,0.0,0.0,0.025704873725771904,0.0,0.0,0.1880621463060379
14,34,0.03858305141329765,5.7638712860352825e-06,0.05527627468109131,0.18142390251159668,0.13126814365386963,0.0,0.0,0.0,0.0,0.0,0.2853688895702362,0.0,0.0,0.0,2.8819356430176413e-06,0.027638137340545654,0.09071195125579834,0.06563407182693481,0.0,0.0,0.0,0.0,0.0,0.05707377940416336,0.0,0.0,0.27964386343955994
14,35,0.025558212772011757,9.42023780226009e-06,0.030185461044311523,0.15340974926948547,0.08252941071987152,0.0,0.0,0.0,0.0,0.0,0.32654252648353577,0.0,0.0,0.0,4.710118901130045e-06,0.015092730522155762,0.07670487463474274,0.04126470535993576,0.0,0.0,0.0,0.0,0.0,0.06530850380659103,0.0,0.0,0.22393375635147095
14,36,0.03104378841817379,1.1713551430148073e-05,0.04962599277496338,0.19563505053520203,0.08312191069126129,0.0,0.0,0.0,0.0,0.0,0.20994555950164795,0.0,0.0,0.0,5.856775715074036e-06,0.02481299638748169,0.09781752526760101,0.041560955345630646,0.0,0.0,0.0,0.0,0.0,0.04198911413550377,0.0,0.0,0.23723024129867554
14,37,0.0394933857023716,5.705120202037506e-06,0.03488808870315552,0.14026036858558655,0.10172070562839508,0.0,0.0,0.0,0.0,0.0,0.23948609828948975,0.0,0.0,0.0,2.852560101018753e-06,0.01744404435157776,0.07013018429279327,0.05086035281419754,0.0,0.0,0.0,0.0,0.0,0.04789721965789795,0.0,0.0,0.22582805156707764
14,38,0.03924935311079025,6.318942268990213e-06,0.09314531087875366,0.14654621481895447,0.14457611739635468,0.0,0.0,0.0,0.0,0.0,0.21967849135398865,0.0,0.0,0.0,3.1594711344951065e-06,0.04657265543937683,0.07327310740947723,0.07228805869817734,0.0,0.0,0.0,0.0,0.0,0.04393569752573967,0.0,0.0,0.2753220200538635
14,39,0.03146464005112648,7.475480742868967e-06,0.022114217281341553,0.12745517492294312,0.10880368947982788,0.0,0.0,0.0,0.0,0.0,0.21692395210266113,0.0,0.0,0.0,3.7377403714344837e-06,0.011057108640670776,0.06372758746147156,0.05440184473991394,0.0,0.0,0.0,0.0,0.0,0.04338479042053223,0.0,0.0,0.20403970777988434
14,40,0.05107130855321884,4.39398127127788e-06,0.029082655906677246,0.09390226006507874,0.12345550954341888,0.0,0.0,0.0,0.0,0.0,0.1957697868347168,0.0,0.0,0.0,2.19699063563894e-06,0.014541327953338623,0.04695113003253937,0.06172775477170944,0.0,0.0,0.0,0.0,0.0,0.03915395960211754,0.0,0.0,0.2134476900100708
14,41,0.07913171499967575,6.3303195929620415e-06,0.025712966918945312,0.08525258302688599,0.06831935048103333,0.0,0.0,0.0,0.0,0.0,0.15605206787586212,0.0,0.0,0.0,3.1651597964810207e-06,0.012856483459472656,0.04262629151344299,0.03415967524051666,0.0,0.0,0.0,0.0,0.0,0.031210413202643394,0.0,0.0,0.1999877393245697
14,42,0.06697550415992737,2.874044639611384e-06,0.031140804290771484,0.08122706413269043,0.03993431478738785,0.0,0.0,0.0,0.0,0.0,0.14048784971237183,0.0,0.0,0.0,1.437022319805692e-06,0.015570402145385742,0.040613532066345215,0.019967157393693924,0.0,0.0,0.0,0.0,0.0,0.028097569942474365,0.0,0.0,0.17122560739517212
14,43,0.08339093625545502,1.1122981959488243e-05,0.052801430225372314,0.13747629523277283,0.03066360577940941,0.0,0.0,0.0,0.0,0.0,0.1220201626420021,0.0,0.0,0.0,5.5614909797441214e-06,0.026400715112686157,0.06873814761638641,0.015331802889704704,0.0,0.0,0.0,0.0,0.0,0.02440403215587139,0.0,0.0,0.2182711958885193
14,44,0.06140150874853134,1.0701176506699994e-05,0.044214844703674316,0.14266246557235718,0.09986147284507751,0.0,0.0,0.0,0.0,0.0,0.18327021598815918,0.0,0.0,0.0,5.350588253349997e-06,0.022107422351837158,0.07133123278617859,0.04993073642253876,0.0,0.0,0.0,0.0,0.0,0.036654043942689896,0.0,0.0,0.24143028259277344
14,45,0.045228879898786545,1.5644134236936225e-06,0.022675275802612305,0.07936614751815796,0.06780116260051727,0.0,0.0,0.0,0.0,0.0,0.1772417575120926,0.0,0.0,0.0,7.822067118468112e-07,0.011337637901306152,0.03968307375907898,0.033900581300258636,0.0,0.0,0.0,0.0,0.0,0.0354483537375927,0.0,0.0,0.1655993014574051
14,46,0.030849143862724304,6.548152214236325e-06,0.018933594226837158,0.09988674521446228,0.03162456303834915,0.0,0.0,0.0,0.0,0.0,0.40208375453948975,0.0,0.0,0.0,3.2740761071181623e-06,0.009466797113418579,0.04994337260723114,0.015812281519174576,0.0,0.0,0.0,0.0,0.0,0.08041675388813019,0.0,0.0,0.18649162352085114
14,47,0.0678391382098198,7.35692992748227e-06,0.03559434413909912,0.09588652849197388,0.06246122345328331,0.0,0.0,0.0,0.0,0.0,0.11619889736175537,0.0,0.0,0.0,3.678464963741135e-06,0.01779717206954956,0.04794326424598694,0.031230611726641655,0.0,0.0,0.0,0.0,0.0,0.023239780217409134,0.0,0.0,0.18805363774299622
14,48,0.02970270812511444,7.036200258880854e-06,0.04025077819824219,0.1272396743297577,0.054408829659223557,0.0,0.0,0.0,0.0,0.0,0.3354041576385498,0.0,0.0,0.0,3.518100129440427e-06,0.020125389099121094,0.06361983716487885,0.027204414829611778,0.0,0.0,0.0,0.0,0.0,0.06708083301782608,0.0,0.0,0.20773670077323914
14,49,0.03131517022848129,8.071772754192352e-06,0.05027210712432861,0.14670291543006897,0.08692507445812225,0.0,0.0,0.0,0.0,0.0,0.16297376155853271,0.0,0.0,0.0,4.035886377096176e-06,0.025136053562164307,0.07335145771503448,0.04346253722906113,0.0,0.0,0.0,0.0,0.0,0.03259475156664848,0.0,0.0,0.20586399734020233
14,50,0.05666784197092056,6.476516318798531e-06,0.052548766136169434,0.14420583844184875,0.0360686220228672,0.0,0.0,0.0,0.0,0.0,0.490525484085083,0.0,0.0,0.0,3.2382581593992654e-06,0.026274383068084717,0.07210291922092438,0.0180343110114336,0.0,0.0,0.0,0.0,0.0,0.09810509532690048,0.0,0.0,0.27118778228759766
14,51,0.031977467238903046,2.746208565440611e-06,0.04710197448730469,0.09952032566070557,0.013590123504400253,0.0,0.0,0.0,0.0,0.0,0.12137588113546371,0.0,0.0,0.0,1.3731042827203055e-06,0.023550987243652344,0.04976016283035278,0.006795061752200127,0.0,0.0,0.0,0.0,0.0,0.024275176227092743,0.0,0.0,0.13636022806167603
14,52,0.0439319834113121,9.714122825243976e-06,0.031943321228027344,0.13821056485176086,0.06607645004987717,0.0,0.0,0.0,0.0,0.0,0.25101253390312195,0.0,0.0,0.0,4.857061412621988e-06,0.015971660614013672,0.06910528242588043,0.03303822502493858,0.0,0.0,0.0,0.0,0.0,0.05020250752568245,0.0,0.0,0.21225450932979584
14,53,0.02524437941610813,8.098827493085992e-06,0.03971707820892334,0.11156666278839111,0.08461295068264008,0.0,0.0,0.0,0.0,0.0,0.3319336771965027,0.0,0.0,0.0,4.049413746542996e-06,0.01985853910446167,0.05578333139419556,0.04230647534132004,0.0,0.0,0.0,0.0,0.0,0.06638673692941666,0.0,0.0,0.20958352088928223
14,54,0.040263015776872635,6.2750182223680895e-06,0.07345753908157349,0.3362249433994293,0.1742837280035019,0.0,0.0,0.0,0.0,0.0,0.48717358708381653,0.0,0.0,0.0,3.1375091111840447e-06,0.03672876954078674,0.16811247169971466,0.08714186400175095,0.0,0.0,0.0,0.0,0.0,0.09743472188711166,0.0,0.0,0.42968398332595825
14,55,0.03263744339346886,5.051292646385264e-06,0.03195220232009888,0.11833593249320984,0.024705057963728905,0.0,0.0,0.0,0.0,0.0,0.06917405128479004,0.0,0.0,0.0,2.525646323192632e-06,0.01597610116004944,0.05916796624660492,0.012352528981864452,0.0,0.0,0.0,0.0,0.0,0.013834810815751553,0.0,0.0,0.13397136330604553
14,56,0.040146756917238235,3.518468020047294e-06,0.043804943561553955,0.10857543349266052,0.02933347411453724,0.0,0.0,0.0,0.0,0.0,0.10715711116790771,0.0,0.0,0.0,1.759234010023647e-06,0.021902471780776978,0.05428771674633026,0.01466673705726862,0.0,0.0,0.0,0.0,0.0,0.021431421861052513,0.0,0.0,0.15243685245513916
14,57,0.0373668298125267,5.2657942433143035e-06,0.025843262672424316,0.09390336275100708,0.0003982251510024071,0.0,0.0,0.0,0.0,0.0,0.19615691900253296,0.0,0.0,0.0,2.6328971216571517e-06,0.012921631336212158,0.04695168137550354,0.00019911257550120354,0.0,0.0,0.0,0.0,0.0,0.03923138603568077,0.0,0.0,0.13667327165603638
14,58,0.027160191908478737,9.611086170480121e-06,0.022110044956207275,0.13874009251594543,0.057013966143131256,0.0,0.0,0.0,0.0,0.0,0.3053188920021057,0.0,0.0,0.0,4.8055430852400605e-06,0.011055022478103638,0.06937004625797272,0.028506983071565628,0.0,0.0,0.0,0.0,0.0,0.06106377765536308,0.0,0.0,0.19716082513332367
14,59,0.04106265306472778,5.549946308747167e-06,0.0278550386428833,0.12391191720962524,0.0769738107919693,0.0,0.0,0.0,0.0,0.0,0.128448486328125,0.0,0.0,0.0,2.7749731543735834e-06,0.01392751932144165,0.06195595860481262,0.03848690539598465,0.0,0.0,0.0,0.0,0.0,0.02568969689309597,0.0,0.0,0.1811254918575287
14,60,0.03482374921441078,4.438850737642497e-06,0.025383710861206055,0.1526135802268982,0.09582465142011642,0.0,0.0,0.0,0.0,0.0,0.2508099675178528,0.0,0.0,0.0,2.2194253688212484e-06,0.012691855430603027,0.0763067901134491,0.04791232571005821,0.0,0.0,0.0,0.0,0.0,0.050161994993686676,0.0,0.0,0.22189894318580627
14,61,0.026763712987303734,5.189575404074276e-06,0.03865683078765869,0.10283473134040833,0.10224141925573349,0.0,0.0,0.0,0.0,0.0,0.09749507904052734,0.0,0.0,0.0,2.594787702037138e-06,0.019328415393829346,0.05141736567020416,0.051120709627866745,0.0,0.0,0.0,0.0,0.0,0.01949901692569256,0.0,0.0,0.16813181340694427
14,62,0.041721753776073456,5.359333044907544e-06,0.024775147438049316,0.0924784243106842,0.022951483726501465,0.0,0.0,0.0,0.0,0.0,0.10133671760559082,0.0,0.0,0.0,2.679666522453772e-06,0.012387573719024658,0.0462392121553421,0.011475741863250732,0.0,0.0,0.0,0.0,0.0,0.020267343148589134,0.0,0.0,0.13209429383277893
14,63,0.03771336004137993,7.484441084670834e-06,0.029300391674041748,0.11658298969268799,0.00526214437559247,0.0,0.0,0.0,0.0,0.0,0.1440240889787674,0.0,0.0,0.0,3.742220542335417e-06,0.014650195837020874,0.058291494846343994,0.002631072187796235,0.0,0.0,0.0,0.0,0.0,0.02880481816828251,0.0,0.0,0.142094686627388
14,64,0.022842496633529663,6.134235718491254e-06,0.053060829639434814,0.1390480399131775,0.048070743680000305,0.0,0.0,0.0,0.0,0.0,0.18370389938354492,0.0,0.0,0.0,3.067117859245627e-06,0.026530414819717407,0.06952401995658875,0.024035371840000153,0.0,0.0,0.0,0.0,0.0,0.036740779876708984,0.0,0.0,0.1796761453151703
14,65,0.036229219287633896,3.415992523514433e-06,0.02971816062927246,0.08284443616867065,0.0577230229973793,0.0,0.0,0.0,0.0,0.0,0.1292351484298706,0.0,0.0,0.0,1.7079962617572164e-06,0.01485908031463623,0.04142221808433533,0.02886151149868965,0.0,0.0,0.0,0.0,0.0,0.02584703080356121,0.0,0.0,0.14722076058387756
14,66,0.03125045448541641,2.809638772305334e-06,0.018689334392547607,0.09565389156341553,0.03297695517539978,0.0,0.0,0.0,0.0,0.0,0.3860243260860443,0.0,0.0,0.0,1.404819386152667e-06,0.009344667196273804,0.047826945781707764,0.01648847758769989,0.0,0.0,0.0,0.0,0.0,0.0772048681974411,0.0,0.0,0.1821168214082718
14,67,0.023185787722468376,5.483697350427974e-06,0.03790217638015747,0.08400020003318787,0.06853214651346207,0.0,0.0,0.0,0.0,0.0,0.2083473950624466,0.0,0.0,0.0,2.741848675213987e-06,0.018951088190078735,0.04200010001659393,0.03426607325673103,0.0,0.0,0.0,0.0,0.0,0.04166948050260544,0.0,0.0,0.16007527709007263
14,68,0.034190304577350616,5.383325287766638e-07,0.022009432315826416,0.06008291244506836,0.02334553562104702,0.0,0.0,0.0,0.0,0.0,0.19174568355083466,0.0,0.0,0.0,2.691662643883319e-07,0.011004716157913208,0.03004145622253418,0.01167276781052351,0.0,0.0,0.0,0.0,0.0,0.03834913671016693,0.0,0.0,0.1252586543560028
14,69,0.021145643666386604,6.80674293107586e-06,0.018174171447753906,0.08858397603034973,0.049012441188097,0.0,0.0,0.0,0.0,0.0,0.0,0.0,0.0,0.0,3.40337146553793e-06,0.009087085723876953,0.044291988015174866,0.0245062205940485,0.0,0.0,0.0,0.0,0.0,0.0,0.0,0.0,0.09903433918952942
14,70,0.031485415995121,2.446536655043019e-06,0.03670668601989746,0.09283953905105591,0.0342034250497818,0.0,0.0,0.0,0.0,0.0,0.17694294452667236,0.0,0.0,0.0,1.2232683275215095e-06,0.01835334300994873,0.046419769525527954,0.0171017125248909,0.0,0.0,0.0,0.0,0.0,0.03538858890533447,0.0,0.0,0.14875005185604095
14,71,0.02268698439002037,2.364231932006078e-06,0.03422600030899048,0.06685435771942139,0.02361978031694889,0.0,0.0,0.0,0.0,0.0,0.1384880244731903,0.0,0.0,0.0,1.182115966003039e-06,0.01711300015449524,0.03342717885971069,0.011809890158474445,0.0,0.0,0.0,0.0,0.0,0.02769760601222515,0.0,0.0,0.11273584514856339
14,72,0.029076475650072098,3.452335477049928e-06,0.062345683574676514,0.07776042819023132,0.05776156485080719,0.0,0.0,0.0,0.0,0.0,0.25992274284362793,0.0,0.0,0.0,1.726167738524964e-06,0.031172841787338257,0.03888021409511566,0.028880782425403595,0.0,0.0,0.0,0.0,0.0,0.051984548568725586,0.0,0.0,0.1799965798854828
14,73,0.03166898339986801,3.8481393858091906e-06,0.0646013617515564,0.08054426312446594,0.03696557879447937,0.0,0.0,0.0,0.0,0.0,0.1633663922548294,0.0,0.0,0.0,1.9240696929045953e-06,0.0323006808757782,0.04027213156223297,0.018482789397239685,0.0,0.0,0.0,0.0,0.0,0.03267328068614006,0.0,0.0,0.15539978444576263
14,74,0.021440064534544945,1.3260970263218042e-05,0.07857859134674072,0.1117064356803894,0.02566959150135517,0.0,0.0,0.0,0.0,0.0,0.19148701429367065,0.0,0.0,0.0,6.630485131609021e-06,0.03928929567337036,0.0558532178401947,0.012834795750677586,0.0,0.0,0.0,0.0,0.0,0.03829740360379219,0.0,0.0,0.16772140562534332
14,75,0.02892887219786644,3.547112783053308e-06,0.020827651023864746,0.07950299978256226,0.05280477553606033,0.0,0.0,0.0,0.0,0.0,0.10243344306945801,0.0,0.0,0.0,1.773556391526654e-06,0.010413825511932373,0.03975149989128113,0.026402387768030167,0.0,0.0,0.0,0.0,0.0,0.02048668824136257,0.0,0.0,0.1259850412607193
14,76,0.020608142018318176,8.282553380922764e-07,0.019885718822479248,0.053733259439468384,0.03675071522593498,0.0,0.0,0.0,0.0,0.0,0.11215871572494507,0.0,0.0,0.0,4.141276690461382e-07,0.009942859411239624,0.026866629719734192,0.01837535761296749,0.0,0.0,0.0,0.0,0.0,0.022431744262576103,0.0,0.0,0.09822514653205872
14,77,0.02894754149019718,9.065166750588105e-07,0.013462960720062256,0.05211934447288513,0.04489294812083244,0.0,0.0,0.0,0.0,0.0,0.10022950172424316,0.0,0.0,0.0,4.5325833752940525e-07,0.006731480360031128,0.026059672236442566,0.02244647406041622,0.0,0.0,0.0,0.0,0.0,0.020045900717377663,0.0,0.0,0.10423152148723602
14,78,0.027982791885733604,1.413288373441901e-05,0.056207895278930664,0.17133775353431702,0.025559233501553535,0.0,0.0,0.0,0.0,0.0,0.11914011090993881,0.0,0.0,0.0,7.066441867209505e-06,0.028103947639465332,0.08566887676715851,0.012779616750776768,0.0,0.0,0.0,0.0,0.0,0.023828022181987762,0.0,0.0,0.17837032675743103
14,79,0.029068950563669205,4.555231953418115e-06,0.019352436065673828,0.10769912600517273,0.06428872048854828,0.0,0.0,0.0,0.0,0.0,0.3486417531967163,0.0,0.0,0.0,2.2776159767090576e-06,0.009676218032836914,0.053849563002586365,0.03214436024427414,0.0,0.0,0.0,0.0,0.0,0.06972835212945938,0.0,0.0,0.19446972012519836
14,80,0.01962824910879135,3.1478159598918865e-06,0.09084159135818481,0.14027923345565796,0.0357230007648468,0.0,0.0,0.0,0.0,0.0,0.10696452856063843,0.0,0.0,0.0,1.5739079799459432e-06,0.04542079567909241,0.07013961672782898,0.0178615003824234,0.0,0.0,0.0,0.0,0.0,0.021392906084656715,0.0,0.0,0.17444464564323425
14,81,0.02081971988081932,9.3537721568282e-07,0.010585665702819824,0.05397006869316101,0.042764514684677124,0.0,0.0,0.0,0.0,0.0,0.06780320405960083,0.0,0.0,0.0,4.6768860784141e-07,0.005292832851409912,0.026985034346580505,0.021382257342338562,0.0,0.0,0.0,0.0,0.0,0.013560640625655651,0.0,0.0,0.08804094791412354
14,82,0.035653479397296906,2.012141294471803e-06,0.04440063238143921,0.07661393284797668,0.04994596168398857,0.0,0.0,0.0,0.0,0.0,0.12890183925628662,0.0,0.0,0.0,1.0060706472359016e-06,0.022200316190719604,0.03830696642398834,0.024972980841994286,0.0,0.0,0.0,0.0,0.0,0.025780368596315384,0.0,0.0,0.14691512286663055
14,83,0.020464710891246796,3.519453457556665e-06,0.06909823417663574,0.08775755763053894,0.07324713468551636,0.0,0.0,0.0,0.0,0.0,0.3450297713279724,0.0,0.0,0.0,1.7597267287783325e-06,0.03454911708831787,0.04387877881526947,0.03662356734275818,0.0,0.0,0.0,0.0,0.0,0.06900595873594284,0.0,0.0,0.20452389121055603
14,84,0.027235794812440872,5.20675257575931e-06,0.013990223407745361,0.08108195662498474,0.044311508536338806,0.0,0.0,0.0,0.0,0.0,0.12105953693389893,0.0,0.0,0.0,2.603376287879655e-06,0.006995111703872681,0.04054097831249237,0.022155754268169403,0.0,0.0,0.0,0.0,0.0,0.024211907759308815,0.0,0.0,0.12114214897155762
14,85,0.032473158091306686,1.4622628441429697e-06,0.018479108810424805,0.061395615339279175,0.009284913539886475,0.0,0.0,0.0,0.0,0.0,0.2108900547027588,0.0,0.0,0.0,7.311314220714848e-07,0.009239554405212402,0.030697807669639587,0.004642456769943237,0.0,0.0,0.0,0.0,0.0,0.04217801243066788,0.0,0.0,0.11923172324895859
14,86,0.036433104425668716,1.5287884025383391e-06,0.030787229537963867,0.06196621060371399,0.014179550111293793,0.0,0.0,0.0,0.0,0.0,0.15997298061847687,0.0,0.0,0.0,7.643942012691696e-07,0.015393614768981934,0.030983105301856995,0.007089775055646896,0.0,0.0,0.0,0.0,0.0,0.031994596123695374,0.0,0.0,0.1218949556350708
14,87,0.046247560530900955,6.243727057153592e-06,0.019376158714294434,0.12014752626419067,0.00151093490421772,0.0,0.0,0.0,0.0,0.0,0.3849742114543915,0.0,0.0,0.0,3.121863528576796e-06,0.009688079357147217,0.06007376313209534,0.00075546745210886,0.0,0.0,0.0,0.0,0.0,0.07699484378099442,0.0,0.0,0.19376283884048462
14,88,0.02428426221013069,1.5960564496708685e-06,0.02642267942428589,0.059581607580184937,0.039144400507211685,0.0,0.0,0.0,0.0,0.0,0.12093085050582886,0.0,0.0,0.0,7.980282248354342e-07,0.013211339712142944,0.029790803790092468,0.019572200253605843,0.0,0.0,0.0,0.0,0.0,0.02418616972863674,0.0,0.0,0.11104557663202286
14,89,0.02380065992474556,5.976805368845817e-06,0.06869608163833618,0.1028965413570404,0.028991850093007088,0.0,0.0,0.0,0.0,0.0,0.11804980039596558,0.0,0.0,0.0,2.9884026844229084e-06,0.03434804081916809,0.0514482706785202,0.014495925046503544,0.0,0.0,0.0,0.0,0.0,0.023609960451722145,0.0,0.0,0.14770585298538208
14,90,0.02333645150065422,1.6509151237187325e-06,0.01671624183654785,0.058622121810913086,0.05129130184650421,0.0,0.0,0.0,0.0,0.0,0.08155357837677002,0.0,0.0,0.0,8.254575618593663e-07,0.008358120918273926,0.029311060905456543,0.025645650923252106,0.0,0.0,0.0,0.0,0.0,0.016310716047883034,0.0,0.0,0.10296282172203064
14,91,0.019586460664868355,4.328047907620203e-06,0.019352734088897705,0.06085434556007385,0.005916943773627281,0.0,0.0,0.0,0.0,0.0,0.2986239790916443,0.0,0.0,0.0,2.1640239538101014e-06,0.009676367044448853,0.030427172780036926,0.0029584718868136406,0.0,0.0,0.0,0.0,0.0,0.05972479656338692,0.0,0.0,0.12237542867660522
14,92,0.02324037253856659,2.493815827619983e-06,0.02321922779083252,0.06845071911811829,0.033038996160030365,0.0,0.0,0.0,0.0,0.0,0.1437510848045349,0.0,0.0,0.0,1.2469079138099914e-06,0.01160961389541626,0.03422535955905914,0.016519498080015182,0.0,0.0,0.0,0.0,0.0,0.028750216588377953,0.0,0.0,0.11434630304574966
14,93,0.01813950389623642,3.482826969047892e-06,0.01694488525390625,0.07122981548309326,0.012013556435704231,0.0,0.0,0.0,0.0,0.0,0.11758124828338623,0.0,0.0,0.0,1.741413484523946e-06,0.008472442626953125,0.03561490774154663,0.006006778217852116,0.0,0.0,0.0,0.0,0.0,0.023516250774264336,0.0,0.0,0.09175162762403488
14,94,0.021038571372628212,3.94762309952057e-06,0.05477267503738403,0.06068029999732971,0.039538610726594925,0.0,0.0,0.0,0.0,0.0,0.15066993236541748,0.0,0.0,0.0,1.973811549760285e-06,0.027386337518692017,0.030340149998664856,0.019769305363297462,0.0,0.0,0.0,0.0,0.0,0.030133986845612526,0.0,0.0,0.1286703199148178
14,95,0.01983461156487465,3.2375337468693033e-06,0.019011378288269043,0.06995934247970581,0.04533897712826729,0.0,0.0,0.0,0.0,0.0,0.23750054836273193,0.0,0.0,0.0,1.6187668734346516e-06,0.009505689144134521,0.034979671239852905,0.022669488564133644,0.0,0.0,0.0,0.0,0.0,0.047500111162662506,0.0,0.0,0.1344911903142929
14,96,0.019810527563095093,1.890690327854827e-06,0.09720563888549805,0.09089741110801697,0.047288842499256134,0.0,0.0,0.0,0.0,0.0,0.0,0.0,0.0,0.0,9.453451639274135e-07,0.04860281944274902,0.045448705554008484,0.023644421249628067,0.0,0.0,0.0,0.0,0.0,0.0,0.0,0.0,0.13750742375850677
14,97,0.019331742078065872,5.030875854572514e-06,0.025694191455841064,0.06022369861602783,-0.0265633687376976,0.0,0.0,0.0,0.0,0.0,0.24008262157440186,0.0,0.0,0.0,2.515437927286257e-06,0.012847095727920532,0.030111849308013916,-0.0132816843688488,0.0,0.0,0.0,0.0,0.0,0.04801652580499649,0.0,0.0,0.09702804684638977
14,98,0.01974085345864296,2.4921048407122726e-06,0.029476165771484375,0.08281230926513672,0.0009978394955396652,0.0,0.0,0.0,0.0,0.0,0.08713996410369873,0.0,0.0,0.0,1.2460524203561363e-06,0.014738082885742188,0.04140615463256836,0.0004989197477698326,0.0,0.0,0.0,0.0,0.0,0.017427993938326836,0.0,0.0,0.09381325542926788
14,99,0.018156971782445908,2.8625740924326237e-06,0.02179664373397827,0.06801614165306091,0.038807064294815063,0.0,0.0,0.0,0.0,0.0,0.09259394556283951,0.0,0.0,0.0,1.4312870462163119e-06,0.010898321866989136,0.03400807082653046,0.019403532147407532,0.0,0.0,0.0,0.0,0.0,0.018518788740038872,0.0,0.0,0.10098712146282196
14,100,0.018498793244361877,2.126715571648674e-06,0.02810770273208618,0.05806928873062134,0.013114018365740776,0.0,0.0,0.0,0.0,0.0,0.1122635006904602,0.0,0.0,0.0,1.063357785824337e-06,0.01405385136604309,0.02903464436531067,0.006557009182870388,0.0,0.0,0.0,0.0,0.0,0.0224527008831501,0.0,0.0,0.09059806168079376
15,1,0.03434532508254051,1.2551287909445819e-05,0.16246217489242554,0.5508372783660889,0.0017811618745326996,0.0,0.0,0.0,0.0,0.0,0.5569065809249878,0.0,0.0,0.0,6.275643954722909e-06,0.08123108744621277,0.27541863918304443,0.0008905809372663498,0.0,0.0,0.0,0.0,0.0,0.11138131469488144,0.0,0.0,0.5032732486724854
15,2,0.04249191656708717,7.39244933356531e-06,0.1815621256828308,0.6712758541107178,0.01190843153744936,0.0,0.0,0.0,0.0,0.0,0.6911634206771851,0.0,0.0,0.0,3.696224666782655e-06,0.0907810628414154,0.3356379270553589,0.00595421576872468,0.0,0.0,0.0,0.0,0.0,0.13823269307613373,0.0,0.0,0.6131014823913574
15,3,0.02731228806078434,1.1136236935271882e-05,0.1671386957168579,0.5143738985061646,0.008645874448120594,0.0,0.0,0.0,0.0,0.0,0.16285502910614014,0.0,0.0,0.0,5.568118467635941e-06,0.08356934785842896,0.2571869492530823,0.004322937224060297,0.0,0.0,0.0,0.0,0.0,0.03257100656628609,0.0,0.0,0.40496811270713806
15,4,0.025747820734977722,1.1912071386177558e-05,0.11717945337295532,0.5223647356033325,0.01040907483547926,0.0,0.0,0.0,0.0,0.0,0.581459105014801,0.0,0.0,0.0,5.956035693088779e-06,0.05858972668647766,0.26118236780166626,0.00520453741773963,0.0,0.0,0.0,0.0,0.0,0.1162918210029602,0.0,0.0,0.46702221035957336
15,5,0.04544926807284355,7.976455890457146e-06,0.15863442420959473,0.4625837802886963,0.004006052855402231,0.0,0.0,0.0,0.0,0.0,0.23705095052719116,0.0,0.0,0.0,3.988227945228573e-06,0.07931721210479736,0.23129189014434814,0.0020030264277011156,0.0,0.0,0.0,0.0,0.0,0.04741019010543823,0.0,0.0,0.40547555685043335
15,6,0.04566611722111702,9.971075996872969e-06,0.10556423664093018,0.5081808567047119,0.014565667137503624,0.0,0.0,0.0,0.0,0.0,0.7562610507011414,0.0,0.0,0.0,4.9855379984364845e-06,0.05278211832046509,0.25409042835235596,0.007282833568751812,0.0,0.0,0.0,0.0,0.0,0.15125221014022827,0.0,0.0,0.5110787153244019
15,7,0.029651766642928123,7.770978299959097e-06,0.17300540208816528,0.5088003873825073,0.01914217136800289,0.0,0.0,0.0,0.0,0.0,0.8371230959892273,0.0,0.0,0.0,3.8854891499795485e-06,0.08650270104408264,0.25440019369125366,0.009571085684001446,0.0,0.0,0.0,0.0,0.0,0.16742461919784546,0.0,0.0,0.5475542545318604
15,8,0.04215013608336449,1.999031837840448e-06,0.22885233163833618,0.6638928651809692,0.022173244506120682,0.0,0.0,0.0,0.0,0.0,0.0,0.0,0.0,0.0,9.99515918920224e-07,0.11442616581916809,0.3319464325904846,0.011086622253060341,0.0,0.0,0.0,0.0,0.0,0.0,0.0,0.0,0.4996103346347809
15,9,0.039827845990657806,7.5210846262052655e-06,0.0903962254524231,0.43288275599479675,0.034232914447784424,0.0,0.0,0.0,0.0,0.0,0.3253311216831207,0.0,0.0,0.0,3.7605423131026328e-06,0.04519811272621155,0.21644137799739838,0.017116457223892212,0.0,0.0,0.0,0.0,0.0,0.06506622582674026,0.0,0.0,0.38365378975868225
15,10,0.025620078667998314,9.759807653608732e-06,0.20633095502853394,0.4019230306148529,0.03314067795872688,0.0,0.0,0.0,0.0,0.0,0.6162542104721069,0.0,0.0,0.0,4.879903826804366e-06,0.10316547751426697,0.20096151530742645,0.01657033897936344,0.0,0.0,0.0,0.0,0.0,0.12325084209442139,0.0,0.0,0.46957314014434814
15,11,0.01678582653403282,8.779136805969756e-06,0.07331681251525879,0.352617472410202,0.041683129966259,0.0,0.0,0.0,0.0,0.0,0.3734646439552307,0.0,0.0,0.0,4.389568402984878e-06,0.036658406257629395,0.176308736205101,0.0208415649831295,0.0,0.0,0.0,0.0,0.0,0.07469292730093002,0.0,0.0,0.32529187202453613
15,12,0.01559207309037447,1.1957119568251073e-05,0.13533520698547363,0.3529842793941498,0.04834190011024475,0.0,0.0,0.0,0.0,0.0,0.7711358070373535,0.0,0.0,0.0,5.978559784125537e-06,0.06766760349273682,0.1764921396970749,0.024170950055122375,0.0,0.0,0.0,0.0,0.0,0.15422716736793518,0.0,0.0,0.4381559193134308
15,13,0.02548345923423767,1.1543345863174181e-05,0.15040946006774902,0.3201318383216858,0.054337888956069946,0.0,0.0,0.0,0.0,0.0,0.7571783065795898,0.0,0.0,0.0,5.771672931587091e-06,0.07520473003387451,0.1600659191608429,0.027168944478034973,0.0,0.0,0.0,0.0,0.0,0.15143565833568573,0.0,0.0,0.439364492893219
15,14,0.031713131815195084,9.727260476211086e-06,0.09295481443405151,0.3307294547557831,0.0537273995578289,0.0,0.0,0.0,0.0,0.0,0.21779680252075195,0.0,0.0,0.0,4.863630238105543e-06,0.04647740721702576,0.16536472737789154,0.02686369977891445,0.0,0.0,0.0,0.0,0.0,0.04355936124920845,0.0,0.0,0.3139832019805908
15,15,0.01880829408764839,9.71002646110719e-06,0.0712733268737793,0.39492666721343994,0.08975054323673248,0.0,0.0,0.0,0.0,0.0,0.5526412725448608,0.0,0.0,0.0,4.855013230553595e-06,0.03563666343688965,0.19746333360671997,0.04487527161836624,0.0,0.0,0.0,0.0,0.0,0.11052825301885605,0.0,0.0,0.407316654920578
15,16,0.02653074823319912,1.4437767276831437e-05,0.13864243030548096,0.5017956495285034,0.07609347999095917,0.0,0.0,0.0,0.0,0.0,0.30195438861846924,0.0,0.0,0.0,7.2188836384157185e-06,0.06932121515274048,0.2508978247642517,0.038046739995479584,0.0,0.0,0.0,0.0,0.0,0.06039087846875191,0.0,0.0,0.44519463181495667
15,17,0.025251269340515137,8.212872671720106e-06,0.11937075853347778,0.2919083535671234,0.08788158744573593,0.0,0.0,0.0,0.0,0.0,0.11928153038024902,0.0,0.0,0.0,4.106436335860053e-06,0.05968537926673889,0.1459541767835617,0.043940793722867966,0.0,0.0,0.0,0.0,0.0,0.023856306448578835,0.0,0.0,0.2986920177936554
15,18,0.019025906920433044,1.0682874744816218e-05,0.060803115367889404,0.29961320757865906,0.10815940797328949,0.0,0.0,0.0,0.0,0.0,0.07617270946502686,0.0,0.0,0.0,5.341437372408109e-06,0.030401557683944702,0.14980660378932953,0.054079703986644745,0.0,0.0,0.0,0.0,0.0,0.015234542079269886,0.0,0.0,0.26855364441871643
15,19,0.026142936199903488,1.6172698451555334e-05,0.06448572874069214,0.3941366374492645,0.10891776531934738,0.0,0.0,0.0,0.0,0.0,0.1708551049232483,0.0,0.0,0.0,8.086349225777667e-06,0.03224286437034607,0.19706831872463226,0.05445888265967369,0.0,0.0,0.0,0.0,0.0,0.03417102247476578,0.0,0.0,0.34409210085868835
15,20,0.024051394313573837,1.1520342013682239e-05,0.1385655403137207,0.36794552206993103,0.13830162584781647,0.0,0.0,0.0,0.0,0.0,0.46750152111053467,0.0,0.0,0.0,5.760171006841119e-06,0.06928277015686035,0.18397276103496552,0.06915081292390823,0.0,0.0,0.0,0.0,0.0,0.09350030869245529,0.0,0.0,0.43996381759643555
15,21,0.015706375241279602,1.4485302017419599e-05,0.08386433124542236,0.29148995876312256,0.12492228299379349,0.0,0.0,0.0,0.0,0.0,0.3878309726715088,0.0,0.0,0.0,7.2426510087097995e-06,0.04193216562271118,0.14574497938156128,0.062461141496896744,0.0,0.0,0.0,0.0,0.0,0.07756619900465012,0.0,0.0,0.3434181213378906
15,22,0.016327504068613052,9.075680281966925e-06,0.12718719244003296,0.2383328080177307,0.10074539482593536,0.0,0.0,0.0,0.0,0.0,0.7179701924324036,0.0,0.0,0.0,4.537840140983462e-06,0.06359359622001648,0.11916640400886536,0.05037269741296768,0.0,0.0,0.0,0.0,0.0,0.14359404146671295,0.0,0.0,0.39305877685546875
15,23,0.02642366848886013,2.5223234842997044e-06,0.16474562883377075,0.4390760064125061,0.20177806913852692,0.0,0.0,0.0,0.0,0.0,0.5247549414634705,0.0,0.0,0.0,1.2611617421498522e-06,0.08237281441688538,0.21953800320625305,0.10088903456926346,0.0,0.0,0.0,0.0,0.0,0.10495098680257797,0.0,0.0,0.5341757535934448
15,24,0.025306731462478638,1.1782527508330531e-05,0.08199352025985718,0.3102080523967743,0.1552319973707199,0.0,0.0,0.0,0.0,0.0,0.40553730726242065,0.0,0.0,0.0,5.891263754165266e-06,0.04099676012992859,0.15510402619838715,0.07761599868535995,0.0,0.0,0.0,0.0,0.0,0.08110745996236801,0.0,0.0,0.3801368772983551
15,25,0.030327368527650833,9.784459507500287e-06,0.11159217357635498,0.2867479622364044,0.17140357196331024,0.0,0.0,0.0,0.0,0.0,0.4691038429737091,0.0,0.0,0.0,4.8922297537501436e-06,0.05579608678817749,0.1433739811182022,0.08570178598165512,0.0,0.0,0.0,0.0,0.0,0.09382077306509018,0.0,0.0,0.4090248942375183
15,26,0.036238156259059906,1.1767413525376469e-05,0.13977444171905518,0.2761513292789459,0.1656360924243927,0.0,0.0,0.0,0.0,0.0,0.30729958415031433,0.0,0.0,0.0,5.8837067626882344e-06,0.06988722085952759,0.13807566463947296,0.08281804621219635,0.0,0.0,0.0,0.0,0.0,0.061459917575120926,0.0,0.0,0.3884848952293396
15,27,0.028234615921974182,6.996614501986187e-06,0.06549346446990967,0.26988762617111206,0.18173956871032715,0.0,0.0,0.0,0.0,0.0,0.20270366966724396,0.0,0.0,0.0,3.4983072509930935e-06,0.032746732234954834,0.13494381308555603,0.09086978435516357,0.0,0.0,0.0,0.0,0.0,0.04054073616862297,0.0,0.0,0.32733917236328125
15,28,0.02786346711218357,5.930903625994688e-06,0.1544150710105896,0.25878989696502686,0.14188797771930695,0.0,0.0,0.0,0.0,0.0,0.32135215401649475,0.0,0.0,0.0,2.965451812997344e-06,0.0772075355052948,0.12939494848251343,0.07094398885965347,0.0,0.0,0.0,0.0,0.0,0.06427042931318283,0.0,0.0,0.36968332529067993
15,29,0.02367628552019596,7.24675510355155e-06,0.04028195142745972,0.18421205878257751,0.15083038806915283,0.0,0.0,0.0,0.0,0.0,0.31967777013778687,0.0,0.0,0.0,3.623377551775775e-06,0.02014097571372986,0.09210602939128876,0.07541519403457642,0.0,0.0,0.0,0.0,0.0,0.06393555551767349,0.0,0.0,0.27527767419815063
15,30,0.033588383346796036,2.5137510419881437e-06,0.03585028648376465,0.18811577558517456,0.16515037417411804,0.0,0.0,0.0,0.0,0.0,0.21695148944854736,0.0,0.0,0.0,1.2568755209940718e-06,0.017925143241882324,0.09405788779258728,0.08257518708705902,0.0,0.0,0.0,0.0,0.0,0.04339030012488365,0.0,0.0,0.2715381383895874
15,31,0.031693797558546066,1.3178195331420284e-05,0.045199453830718994,0.21814396977424622,0.09753390401601791,0.0,0.0,0.0,0.0,0.0,0.22407066822052002,0.0,0.0,0.0,6.589097665710142e-06,0.022599726915359497,0.10907198488712311,0.04876695200800896,0.0,0.0,0.0,0.0,0.0,0.04481413587927818,0.0,0.0,0.2569531798362732
15,32,0.045689329504966736,5.076614343124675e-06,0.05188781023025513,0.14274173974990845,0.09559421241283417,0.0,0.0,0.0,0.0,0.0,0.1621934175491333,0.0,0.0,0.0,2.5383071715623373e-06,0.025943905115127563,0.07137086987495422,0.047797106206417084,0.0,0.0,0.0,0.0,0.0,0.03243868425488472,0.0,0.0,0.22324241697788239
15,33,0.05113477259874344,1.9797132608800894e-06,0.04587829113006592,0.15000858902931213,0.10362374782562256,0.0,0.0,0.0,0.0,0.0,0.13483476638793945,0.0,0.0,0.0,9.898566304400447e-07,0.02293914556503296,0.07500429451465607,0.05181187391281128,0.0,0.0,0.0,0.0,0.0,0.02696695365011692,0.0,0.0,0.2278580367565155
15,34,0.054430365562438965,2.483157913957257e-06,0.07851284742355347,0.19956013560295105,0.19611060619354248,0.0,0.0,0.0,0.0,0.0,0.35387492179870605,0.0,0.0,0.0,1.2415789569786284e-06,0.03925642371177673,0.09978006780147552,0.09805530309677124,0.0,0.0,0.0,0.0,0.0,0.07077498733997345,0.0,0.0,0.3622983694076538
15,35,0.031887851655483246,8.874807463143952e-06,0.02836829423904419,0.1730053722858429,0.07771492004394531,0.0,0.0,0.0,0.0,0.0,0.3618049621582031,0.0,0.0,0.0,4.437403731571976e-06,0.014184147119522095,0.08650268614292145,0.038857460021972656,0.0,0.0,0.0,0.0,0.0,0.07236099243164062,0.0,0.0,0.24379757046699524
15,36,0.04696326330304146,1.5225658898998518e-05,0.03611934185028076,0.22359898686408997,0.08537790179252625,0.0,0.0,0.0,0.0,0.0,0.22305601835250854,0.0,0.0,0.0,7.612829449499259e-06,0.01805967092514038,0.11179949343204498,0.04268895089626312,0.0,0.0,0.0,0.0,0.0,0.04461120441555977,0.0,0.0,0.26413020491600037
15,37,0.04654766246676445,4.783893018611707e-06,0.04062134027481079,0.14107343554496765,0.10032033175230026,0.0,0.0,0.0,0.0,0.0,0.26952195167541504,0.0,0.0,0.0,2.3919465093058534e-06,0.020310670137405396,0.07053671777248383,0.05016016587615013,0.0,0.0,0.0,0.0,0.0,0.05390439182519913,0.0,0.0,0.24146199226379395
15,38,0.041216153651475906,4.234387233736925e-06,0.07983869314193726,0.12900900840759277,0.14229127764701843,0.0,0.0,0.0,0.0,0.0,0.18772995471954346,0.0,0.0,0.0,2.1171936168684624e-06,0.03991934657096863,0.06450450420379639,0.07114563882350922,0.0,0.0,0.0,0.0,0.0,0.03754599019885063,0.0,0.0,0.2543337345123291
15,39,0.03018273413181305,6.4956793721648864e-06,0.022161245346069336,0.13515162467956543,0.1109125167131424,0.0,0.0,0.0,0.0,0.0,0.144514262676239,0.0,0.0,0.0,3.2478396860824432e-06,0.011080622673034668,0.06757581233978271,0.0554562583565712,0.0,0.0,0.0,0.0,0.0,0.028902852907776833,0.0,0.0,0.19320154190063477
15,40,0.05078519508242607,4.1389016587345395e-06,0.03068643808364868,0.10758084058761597,0.13158026337623596,0.0,0.0,0.0,0.0,0.0,0.2989332675933838,0.0,0.0,0.0,2.0694508293672698e-06,0.01534321904182434,0.05379042029380798,0.06579013168811798,0.0,0.0,0.0,0.0,0.0,0.05978665500879288,0.0,0.0,0.2454977035522461
15,41,0.04382694512605667,3.2547688988415757e-06,0.02951735258102417,0.12778234481811523,0.13277551531791687,0.0,0.0,0.0,0.0,0.0,0.16697752475738525,0.0,0.0,0.0,1.6273844494207879e-06,0.014758676290512085,0.06389117240905762,0.06638775765895844,0.0,0.0,0.0,0.0,0.0,0.03339550644159317,0.0,0.0,0.2222616970539093
15,42,0.025696322321891785,4.713987891591387e-06,0.02888011932373047,0.09188264608383179,0.08128345012664795,0.0,0.0,0.0,0.0,0.0,0.13046330213546753,0.0,0.0,0.0,2.3569939457956934e-06,0.014440059661865234,0.045941323041915894,0.040641725063323975,0.0,0.0,0.0,0.0,0.0,0.026092661544680595,0.0,0.0,0.15281444787979126
15,43,0.03659234568476677,1.1130132406833582e-05,0.05981147289276123,0.14015260338783264,0.04104555770754814,0.0,0.0,0.0,0.0,0.0,0.15513861179351807,0.0,0.0,0.0,5.565066203416791e-06,0.029905736446380615,0.07007630169391632,0.02052277885377407,0.0,0.0,0.0,0.0,0.0,0.031027723103761673,0.0,0.0,0.1881304383277893
15,44,0.02401566505432129,9.327477528131567e-06,0.05376589298248291,0.16933554410934448,0.11660923063755035,0.0,0.0,0.0,0.0,0.0,0.23117583990097046,0.0,0.0,0.0,4.6637387640657835e-06,0.026882946491241455,0.08466777205467224,0.05830461531877518,0.0,0.0,0.0,0.0,0.0,0.04623517021536827,0.0,0.0,0.240110844373703
15,45,0.034023623913526535,3.2712787287891842e-06,0.026204049587249756,0.11789599061012268,0.13477489352226257,0.0,0.0,0.0,0.0,0.0,0.3123002052307129,0.0,0.0,0.0,1.6356393643945921e-06,0.013102024793624878,0.05894799530506134,0.06738744676113129,0.0,0.0,0.0,0.0,0.0,0.0624600425362587,0.0,0.0,0.23592275381088257
15,46,0.026705458760261536,7.151116278691916e-06,0.020937085151672363,0.14000576734542847,0.07689794898033142,0.0,0.0,0.0,0.0,0.0,0.39879509806632996,0.0,0.0,0.0,3.575558139345958e-06,0.010468542575836182,0.07000288367271423,0.03844897449016571,0.0,0.0,0.0,0.0,0.0,0.07975902408361435,0.0,0.0,0.22538846731185913
15,47,0.04473239555954933,4.803592673852108e-06,0.04321694374084473,0.0863603949546814,0.1069224402308464,0.0,0.0,0.0,0.0,0.0,0.11267131567001343,0.0,0.0,0.0,2.401796336926054e-06,0.021608471870422363,0.0431801974773407,0.0534612201154232,0.0,0.0,0.0,0.0,0.0,0.022534264251589775,0.0,0.0,0.18551895022392273
15,48,0.025189241394400597,5.698355380445719e-06,0.04544055461883545,0.1462917923927307,0.10556746274232864,0.0,0.0,0.0,0.0,0.0,0.362123966217041,0.0,0.0,0.0,2.8491776902228594e-06,0.022720277309417725,0.07314589619636536,0.05278373137116432,0.0,0.0,0.0,0.0,0.0,0.07242479175329208,0.0,0.0,0.24626678228378296
15,49,0.027277827262878418,7.386331617453834e-06,0.04561901092529297,0.13626587390899658,0.09796614944934845,0.0,0.0,0.0,0.0,0.0,0.1329004168510437,0.0,0.0,0.0,3.693165808726917e-06,0.022809505462646484,0.06813293695449829,0.048983074724674225,0.0,0.0,0.0,0.0,0.0,0.0265800841152668,0.0,0.0,0.1937871128320694
15,50,0.04283098876476288,9.452248832531041e-07,0.052469849586486816,0.11183187365531921,0.09106066823005676,0.0,0.0,0.0,0.0,0.0,0.41927021741867065,0.0,0.0,0.0,4.7261244162655203e-07,0.026234924793243408,0.05591593682765961,0.04553033411502838,0.0,0.0,0.0,0.0,0.0,0.08385404199361801,0.0,0.0,0.2543666958808899
15,51,0.030567282810807228,1.760085069690831e-06,0.056801438331604004,0.10458308458328247,0.045798927545547485,0.0,0.0,0.0,0.0,0.0,0.12765805423259735,0.0,0.0,0.0,8.800425348454155e-07,0.028400719165802002,0.052291542291641235,0.022899463772773743,0.0,0.0,0.0,0.0,0.0,0.02553161047399044,0.0,0.0,0.15969149768352509
15,52,0.035472605377435684,2.9707271096413024e-06,0.02951759099960327,0.07198181748390198,0.10723313689231873,0.0,0.0,0.0,0.0,0.0,0.1384226679801941,0.0,0.0,0.0,1.4853635548206512e-06,0.014758795499801636,0.03599090874195099,0.05361656844615936,0.0,0.0,0.0,0.0,0.0,0.027684533968567848,0.0,0.0,0.16752490401268005
15,53,0.02583937719464302,3.423373982514022e-06,0.02733910083770752,0.09205073118209839,0.07493969798088074,0.0,0.0,0.0,0.0,0.0,0.19139015674591064,0.0,0.0,0.0,1.711686991257011e-06,0.01366955041885376,0.046025365591049194,0.03746984899044037,0.0,0.0,0.0,0.0,0.0,0.03827803209424019,0.0,0.0,0.16128388047218323
15,54,0.033361393958330154,9.890184628602583e-06,0.07991832494735718,0.24859534204006195,0.1564566195011139,0.0,0.0,0.0,0.0,0.0,0.3899989426136017,0.0,0.0,0.0,4.9450923143012915e-06,0.03995916247367859,0.12429767102003098,0.07822830975055695,0.0,0.0,0.0,0.0,0.0,0.0779997929930687,0.0,0.0,0.3538512885570526
15,55,0.029902081936597824,5.158258773008129e-06,0.03650909662246704,0.09135478734970093,0.06734161078929901,0.0,0.0,0.0,0.0,0.0,0.07399964332580566,0.0,0.0,0.0,2.5791293865040643e-06,0.01825454831123352,0.045677393674850464,0.033670805394649506,0.0,0.0,0.0,0.0,0.0,0.014799929223954678,0.0,0.0,0.1423073410987854
15,56,0.03355031460523605,7.866694431868382e-06,0.04331374168395996,0.1467871069908142,-0.004186131060123444,0.0,0.0,0.0,0.0,0.0,0.11098802089691162,0.0,0.0,0.0,3.933347215934191e-06,0.02165687084197998,0.0733935534954071,-0.002093065530061722,0.0,0.0,0.0,0.0,0.0,0.022197604179382324,0.0,0.0,0.1487092226743698
15,57,0.03243272751569748,3.343878915984533e-06,0.02466428279876709,0.0813893973827362,0.019612044095993042,0.0,0.0,0.0,0.0,0.0,0.12472283840179443,0.0,0.0,0.0,1.6719394579922664e-06,0.012332141399383545,0.0406946986913681,0.009806022047996521,0.0,0.0,0.0,0.0,0.0,0.024944568052887917,0.0,0.0,0.12021183222532272
15,58,0.02496856078505516,6.579564796993509e-06,0.021724939346313477,0.10481199622154236,0.0037172632291913033,0.0,0.0,0.0,0.0,0.0,0.2991718649864197,0.0,0.0,0.0,3.2897823984967545e-06,0.010862469673156738,0.05240599811077118,0.0018586316145956516,0.0,0.0,0.0,0.0,0.0,0.059834372252225876,0.0,0.0,0.149933323264122
15,59,0.036947112530469894,6.622340151807293e-06,0.02721714973449707,0.12979444861412048,0.09856642782688141,0.0,0.0,0.0,0.0,0.0,0.19127142429351807,0.0,0.0,0.0,3.3111700759036466e-06,0.013608574867248535,0.06489722430706024,0.049283213913440704,0.0,0.0,0.0,0.0,0.0,0.03825428709387779,0.0,0.0,0.2029937207698822
15,60,0.03139621764421463,1.8226223801320884e-06,0.02899223566055298,0.0893334150314331,0.08991580456495285,0.0,0.0,0.0,0.0,0.0,0.1325528621673584,0.0,0.0,0.0,9.113111900660442e-07,0.01449611783027649,0.04466670751571655,0.044957902282476425,0.0,0.0,0.0,0.0,0.0,0.02651057206094265,0.0,0.0,0.16202843189239502
15,61,0.025808745995163918,6.334727459034184e-06,0.03409433364868164,0.10015937685966492,0.09341245144605637,0.0,0.0,0.0,0.0,0.0,0.10606741905212402,0.0,0.0,0.0,3.167363729517092e-06,0.01704716682434082,0.05007968842983246,0.04670622572302818,0.0,0.0,0.0,0.0,0.0,0.021213484928011894,0.0,0.0,0.16085848212242126
15,62,0.028460592031478882,3.80898245566641e-06,0.02193605899810791,0.10827794671058655,0.015248657204210758,0.0,0.0,0.0,0.0,0.0,0.11759352684020996,0.0,0.0,0.0,1.904491227833205e-06,0.010968029499053955,0.054138973355293274,0.007624328602105379,0.0,0.0,0.0,0.0,0.0,0.023518705740571022,0.0,0.0,0.12471253424882889
15,63,0.036737874150276184,5.87019212616724e-06,0.02580970525741577,0.11004090309143066,0.02804267592728138,0.0,0.0,0.0,0.0,0.0,0.14887817203998566,0.0,0.0,0.0,2.93509606308362e-06,0.012904852628707886,0.05502045154571533,0.01402133796364069,0.0,0.0,0.0,0.0,0.0,0.02977563440799713,0.0,0.0,0.14846308529376984
15,64,0.02345898002386093,6.956970082683256e-06,0.0737159252166748,0.1379292905330658,0.04512767493724823,0.0,0.0,0.0,0.0,0.0,0.20376169681549072,0.0,0.0,0.0,3.478485041341628e-06,0.0368579626083374,0.0689646452665329,0.022563837468624115,0.0,0.0,0.0,0.0,0.0,0.040752340108156204,0.0,0.0,0.1926012486219406
15,65,0.03627748787403107,3.979160737799248e-06,0.026976585388183594,0.12181437015533447,0.033505186438560486,0.0,0.0,0.0,0.0,0.0,0.12027150392532349,0.0,0.0,0.0,1.989580368899624e-06,0.013488292694091797,0.060907185077667236,0.016752593219280243,0.0,0.0,0.0,0.0,0.0,0.024054301902651787,0.0,0.0,0.15148185193538666
15,66,0.030419254675507545,2.516976792321657e-06,0.020183980464935303,0.1297212839126587,-0.002246328629553318,0.0,0.0,0.0,0.0,0.0,0.4308418333530426,0.0,0.0,0.0,1.2584883961608284e-06,0.010091990232467651,0.06486064195632935,-0.001123164314776659,0.0,0.0,0.0,0.0,0.0,0.08616837114095688,0.0,0.0,0.19041834771633148
15,67,0.02381390705704689,8.130051355692558e-06,0.0320737361907959,0.09157434105873108,0.06079922989010811,0.0,0.0,0.0,0.0,0.0,0.24118156731128693,0.0,0.0,0.0,4.065025677846279e-06,0.01603686809539795,0.04578717052936554,0.030399614945054054,0.0,0.0,0.0,0.0,0.0,0.048236314207315445,0.0,0.0,0.16427794098854065
15,68,0.03473544865846634,5.335010087037517e-07,0.02476102113723755,0.06254270672798157,0.01718173362314701,0.0,0.0,0.0,0.0,0.0,0.18004536628723145,0.0,0.0,0.0,2.6675050435187586e-07,0.012380510568618774,0.031271353363990784,0.008590866811573505,0.0,0.0,0.0,0.0,0.0,0.03600907325744629,0.0,0.0,0.1229875236749649
15,69,0.023487640544772148,7.424586328852456e-06,0.019954979419708252,0.09946703910827637,0.07553721964359283,0.0,0.0,0.0,0.0,0.0,0.0,0.0,0.0,0.0,3.712293164426228e-06,0.009977489709854126,0.049733519554138184,0.03776860982179642,0.0,0.0,0.0,0.0,0.0,0.0,0.0,0.0,0.12097097188234329
15,70,0.0317661426961422,1.4587953955924604e-06,0.026807188987731934,0.07859477400779724,0.05438653752207756,0.0,0.0,0.0,0.0,0.0,0.13603341579437256,0.0,0.0,0.0,7.293976977962302e-07,0.013403594493865967,0.03929738700389862,0.02719326876103878,0.0,0.0,0.0,0.0,0.0,0.02720668353140354,0.0,0.0,0.1388678103685379
15,71,0.02339736372232437,5.278697244648356e-06,0.02121591567993164,0.08212944865226746,-0.012363465502858162,0.0,0.0,0.0,0.0,0.0,0.14880818128585815,0.0,0.0,0.0,2.639348622324178e-06,0.01060795783996582,0.04106472432613373,-0.006181732751429081,0.0,0.0,0.0,0.0,0.0,0.02976163662970066,0.0,0.0,0.09865258634090424
15,72,0.029598582535982132,5.058848728367593e-06,0.05324685573577881,0.137114018201828,0.05970316007733345,0.0,0.0,0.0,0.0,0.0,0.37395793199539185,0.0,0.0,0.0,2.5294243641837966e-06,0.026623427867889404,0.068557009100914,0.029851580038666725,0.0,0.0,0.0,0.0,0.0,0.07479158788919449,0.0,0.0,0.22942471504211426
15,73,0.03128544241189957,6.069813025533222e-06,0.06449544429779053,0.09360286593437195,0.031464092433452606,0.0,0.0,0.0,0.0,0.0,0.16433501243591309,0.0,0.0,0.0,3.034906512766611e-06,0.032247722148895264,0.046801432967185974,0.015732046216726303,0.0,0.0,0.0,0.0,0.0,0.03286700323224068,0.0,0.0,0.15893667936325073
15,74,0.024686299264431,3.543193088262342e-06,0.061376094818115234,0.08599835634231567,0.06338419765233994,0.0,0.0,0.0,0.0,0.0,0.10058856010437012,0.0,0.0,0.0,1.771596544131171e-06,0.030688047409057617,0.04299917817115784,0.03169209882616997,0.0,0.0,0.0,0.0,0.0,0.020117713138461113,0.0,0.0,0.15018510818481445
15,75,0.028007250279188156,3.910718078259379e-06,0.02298152446746826,0.0799655020236969,0.08304241299629211,0.0,0.0,0.0,0.0,0.0,0.10246837139129639,0.0,0.0,0.0,1.9553590391296893e-06,0.01149076223373413,0.03998275101184845,0.04152120649814606,0.0,0.0,0.0,0.0,0.0,0.020493675023317337,0.0,0.0,0.14149759709835052
15,76,0.022846106439828873,6.563490160260699e-07,0.022472918033599854,0.06515097618103027,0.02072548307478428,0.0,0.0,0.0,0.0,0.0,0.10885089635848999,0.0,0.0,0.0,3.2817450801303494e-07,0.011236459016799927,0.03257548809051514,0.01036274153739214,0.0,0.0,0.0,0.0,0.0,0.021770179271697998,0.0,0.0,0.09879130125045776
15,77,0.02946128509938717,1.0019484761869535e-06,0.014349818229675293,0.050523728132247925,0.04408590495586395,0.0,0.0,0.0,0.0,0.0,0.10117048025131226,0.0,0.0,0.0,5.009742380934767e-07,0.0071749091148376465,0.025261864066123962,0.022042952477931976,0.0,0.0,0.0,0.0,0.0,0.02023409679532051,0.0,0.0,0.1041756123304367
15,78,0.028872573748230934,1.676299871178344e-05,0.05276334285736084,0.18219149112701416,0.03143845126032829,0.0,0.0,0.0,0.0,0.0,0.11965426057577133,0.0,0.0,0.0,8.38149935589172e-06,0.02638167142868042,0.09109574556350708,0.015719225630164146,0.0,0.0,0.0,0.0,0.0,0.023930853232741356,0.0,0.0,0.18600843846797943
15,79,0.02976336143910885,4.517561592365382e-06,0.020658016204833984,0.13295796513557434,0.07934187352657318,0.0,0.0,0.0,0.0,0.0,0.336031436920166,0.0,0.0,0.0,2.258780796182691e-06,0.010329008102416992,0.06647898256778717,0.03967093676328659,0.0,0.0,0.0,0.0,0.0,0.06720628589391708,0.0,0.0,0.2134508490562439
15,80,0.021671947091817856,3.3022959087247727e-06,0.08852481842041016,0.133431077003479,0.012859828770160675,0.0,0.0,0.0,0.0,0.0,0.10807722806930542,0.0,0.0,0.0,1.6511479543623864e-06,0.04426240921020508,0.0667155385017395,0.0064299143850803375,0.0,0.0,0.0,0.0,0.0,0.021615445613861084,0.0,0.0,0.16069689393043518
15,81,0.0233598742634058,2.8093975288356887e-06,0.013596117496490479,0.062242865562438965,0.014966154471039772,0.0,0.0,0.0,0.0,0.0,0.10409337282180786,0.0,0.0,0.0,1.4046987644178444e-06,0.006798058748245239,0.031121432781219482,0.007483077235519886,0.0,0.0,0.0,0.0,0.0,0.020818674936890602,0.0,0.0,0.08958252519369125
15,82,0.03412692993879318,1.909756065288093e-06,0.049671471118927,0.06701642274856567,0.049985479563474655,0.0,0.0,0.0,0.0,0.0,0.16181707382202148,0.0,0.0,0.0,9.548780326440465e-07,0.0248357355594635,0.03350821137428284,0.024992739781737328,0.0,0.0,0.0,0.0,0.0,0.0323634147644043,0.0,0.0,0.1498279869556427
15,83,0.026099320501089096,6.57782129565021e-06,0.09368127584457397,0.12048166990280151,0.0810898095369339,0.0,0.0,0.0,0.0,0.0,0.4508012533187866,0.0,0.0,0.0,3.288910647825105e-06,0.04684063792228699,0.06024083495140076,0.04054490476846695,0.0,0.0,0.0,0.0,0.0,0.09016025066375732,0.0,0.0,0.26388922333717346
15,84,0.02915070950984955,4.019572770630475e-06,0.015784144401550293,0.09816399216651917,0.032488711178302765,0.0,0.0,0.0,0.0,0.0,0.13197672367095947,0.0,0.0,0.0,2.0097863853152376e-06,0.007892072200775146,0.04908199608325958,0.016244355589151382,0.0,0.0,0.0,0.0,0.0,0.026395345106720924,0.0,0.0,0.1287664920091629
15,85,0.020495343953371048,1.7611707789910724e-06,0.021664142608642578,0.07471323013305664,-0.00833809468895197,0.0,0.0,0.0,0.0,0.0,0.26769110560417175,0.0,0.0,0.0,8.805853894955362e-07,0.010832071304321289,0.03735661506652832,-0.004169047344475985,0.0,0.0,0.0,0.0,0.0,0.05353822186589241,0.0,0.0,0.1180540919303894
15,86,0.024060070514678955,2.0462030079215765e-06,0.02646052837371826,0.0790891945362091,0.019143009558320045,0.0,0.0,0.0,0.0,0.0,0.16327285766601562,0.0,0.0,0.0,1.0231015039607882e-06,0.01323026418685913,0.03954459726810455,0.009571504779160023,0.0,0.0,0.0,0.0,0.0,0.032654572278261185,0.0,0.0,0.11906203627586365
15,87,0.027787979692220688,1.1262021871516481e-05,0.021554768085479736,0.1483553647994995,-0.01944410800933838,0.0,0.0,0.0,0.0,0.0,0.3837223947048187,0.0,0.0,0.0,5.6310109357582405e-06,0.010777384042739868,0.07417768239974976,-0.00972205400466919,0.0,0.0,0.0,0.0,0.0,0.07674448192119598,0.0,0.0,0.17977109551429749
15,88,0.02760707400739193,1.6529025970157818e-06,0.02606809139251709,0.06360068917274475,0.03455248475074768,0.0,0.0,0.0,0.0,0.0,0.11922824382781982,0.0,0.0,0.0,8.264512985078909e-07,0.013034045696258545,0.031800344586372375,0.01727624237537384,0.0,0.0,0.0,0.0,0.0,0.023845648393034935,0.0,0.0,0.11356418579816818
15,89,0.02753174677491188,8.03858074505115e-06,0.06468307971954346,0.08829453587532043,0.03603491932153702,0.0,0.0,0.0,0.0,0.0,0.12341612577438354,0.0,0.0,0.0,4.019290372525575e-06,0.03234153985977173,0.04414726793766022,0.01801745966076851,0.0,0.0,0.0,0.0,0.0,0.02468322589993477,0.0,0.0,0.14672525227069855
15,90,0.027432193979620934,5.296485142025631e-06,0.015788555145263672,0.07230329513549805,0.02298523485660553,0.0,0.0,0.0,0.0,0.0,0.09148212522268295,0.0,0.0,0.0,2.6482425710128155e-06,0.007894277572631836,0.03615164756774902,0.011492617428302765,0.0,0.0,0.0,0.0,0.0,0.01829642616212368,0.0,0.0,0.10126981139183044
15,91,0.022996628656983376,3.9168071452877484e-06,0.016792476177215576,0.05944794416427612,0.026823032647371292,0.0,0.0,0.0,0.0,0.0,0.26023799180984497,0.0,0.0,0.0,1.9584035726438742e-06,0.008396238088607788,0.02972397208213806,0.013411516323685646,0.0,0.0,0.0,0.0,0.0,0.052047599107027054,0.0,0.0,0.12657791376113892
15,92,0.02872396633028984,1.505638374510454e-05,0.041697680950164795,0.10707274079322815,-0.021549440920352936,0.0,0.0,0.0,0.0,0.0,0.1519368290901184,0.0,0.0,0.0,7.52819187255227e-06,0.020848840475082397,0.053536370396614075,-0.010774720460176468,0.0,0.0,0.0,0.0,0.0,0.03038736619055271,0.0,0.0,0.1227293536067009
15,93,0.02251395583152771,3.930435468646465e-06,0.018115758895874023,0.08694025874137878,0.004407068714499474,0.0,0.0,0.0,0.0,0.0,0.13913340866565704,0.0,0.0,0.0,1.9652177343232324e-06,0.009057879447937012,0.04347012937068939,0.002203534357249737,0.0,0.0,0.0,0.0,0.0,0.02782668173313141,0.0,0.0,0.10507414489984512
15,94,0.025148576125502586,3.7266079289111076e-06,0.05656200647354126,0.06548091769218445,0.029645200818777084,0.0,0.0,0.0,0.0,0.0,0.1536400318145752,0.0,0.0,0.0,1.8633039644555538e-06,0.02828100323677063,0.032740458846092224,0.014822600409388542,0.0,0.0,0.0,0.0,0.0,0.03072800673544407,0.0,0.0,0.13172250986099243
15,95,0.024749908596277237,3.1901388410915388e-06,0.02007436752319336,0.07154610753059387,0.05435223877429962,0.0,0.0,0.0,0.0,0.0,0.22696256637573242,0.0,0.0,0.0,1.5950694205457694e-06,0.01003718376159668,0.035773053765296936,0.02717611938714981,0.0,0.0,0.0,0.0,0.0,0.045392513275146484,0.0,0.0,0.143130362033844
15,96,0.024539124220609665,3.321405529277399e-06,0.08572351932525635,0.08719593286514282,0.060920774936676025,0.0,0.0,0.0,0.0,0.0,0.0,0.0,0.0,0.0,1.6607027646386996e-06,0.042861759662628174,0.04359796643257141,0.030460387468338013,0.0,0.0,0.0,0.0,0.0,0.0,0.0,0.0,0.14146089553833008
15,97,0.025708738714456558,8.218727089115418e-06,0.025874614715576172,0.08797073364257812,-0.015924308449029922,0.0,0.0,0.0,0.0,0.0,0.22007036209106445,0.0,0.0,0.0,4.109363544557709e-06,0.012937307357788086,0.04398536682128906,-0.007962154224514961,0.0,0.0,0.0,0.0,0.0,0.04401407390832901,0.0,0.0,0.11868744343519211
15,98,0.024252789095044136,2.48690957960207e-06,0.03520524501800537,0.09967350959777832,-0.01799381710588932,0.0,0.0,0.0,0.0,0.0,0.07875669002532959,0.0,0.0,0.0,1.243454789801035e-06,0.017602622509002686,0.04983675479888916,-0.00899690855294466,0.0,0.0,0.0,0.0,0.0,0.015751337632536888,0.0,0.0,0.09844783693552017
15,99,0.023637114092707634,3.6688554700958775e-06,0.020872294902801514,0.06941792368888855,0.01516680233180523,0.0,0.0,0.0,0.0,0.0,0.11078532785177231,0.0,0.0,0.0,1.8344277350479388e-06,0.010436147451400757,0.034708961844444275,0.007583401165902615,0.0,0.0,0.0,0.0,0.0,0.02215706557035446,0.0,0.0,0.09852452576160431
15,100,0.021254781633615494,2.3801694624125957e-06,0.027550578117370605,0.08627712726593018,-0.0029855240136384964,0.0,0.0,0.0,0.0,0.0,0.16481560468673706,0.0,0.0,0.0,1.1900847312062979e-06,0.013775289058685303,0.04313856363296509,-0.0014927620068192482,0.0,0.0,0.0,0.0,0.0,0.03296312317252159,0.0,0.0,0.10964018106460571
16,1,0.06332161277532578,9.547764420858584e-06,0.16708016395568848,0.5237863063812256,0.0009728753939270973,0.0,0.0,0.0,0.0,0.0,0.6029864549636841,0.0,0.0,0.0,4.773882210429292e-06,0.08354008197784424,0.2618931531906128,0.00048643769696354866,0.0,0.0,0.0,0.0,0.0,0.12059729546308517,0.0,0.0,0.5298433303833008
16,2,0.06675926595926285,5.996082109049894e-06,0.17507851123809814,0.6463173031806946,0.00987299345433712,0.0,0.0,0.0,0.0,0.0,0.6788808107376099,0.0,0.0,0.0,2.998041054524947e-06,0.08753925561904907,0.3231586515903473,0.00493649672716856,0.0,0.0,0.0,0.0,0.0,0.13577616214752197,0.0,0.0,0.618172824382782
16,3,0.036465004086494446,9.67833329923451e-06,0.15866827964782715,0.47597524523735046,0.007344189565628767,0.0,0.0,0.0,0.0,0.0,0.4022092819213867,0.0,0.0,0.0,4.839166649617255e-06,0.07933413982391357,0.23798762261867523,0.0036720947828143835,0.0,0.0,0.0,0.0,0.0,0.08044185489416122,0.0,0.0,0.43790555000305176
16,4,0.02370576001703739,1.1459042070782743e-05,0.12490320205688477,0.5261280536651611,0.009532229974865913,0.0,0.0,0.0,0.0,0.0,0.591880202293396,0.0,0.0,0.0,5.729521035391372e-06,0.06245160102844238,0.26306402683258057,0.004766114987432957,0.0,0.0,0.0,0.0,0.0,0.11837603896856308,0.0,0.0,0.4723692834377289
16,5,0.0455048605799675,1.014704230328789e-05,0.13851308822631836,0.3716028034687042,0.001963593065738678,0.0,0.0,0.0,0.0,0.0,0.23056739568710327,0.0,0.0,0.0,5.073521151643945e-06,0.06925654411315918,0.1858014017343521,0.000981796532869339,0.0,0.0,0.0,0.0,0.0,0.046113479882478714,0.0,0.0,0.34766316413879395
16,6,0.05299471691250801,1.2717635399894789e-05,0.07355242967605591,0.36424314975738525,0.0050163883715868,0.0,0.0,0.0,0.0,0.0,0.739324152469635,0.0,0.0,0.0,6.3588176999473944e-06,0.036776214838027954,0.18212157487869263,0.0025081941857934,0.0,0.0,0.0,0.0,0.0,0.14786483347415924,0.0,0.0,0.4222719073295593
16,7,0.06666933745145798,1.0929730706266128e-05,0.16590648889541626,0.4288228750228882,0.014360382221639156,0.0,0.0,0.0,0.0,0.0,0.561790943145752,0.0,0.0,0.0,5.464865353133064e-06,0.08295324444770813,0.2144114375114441,0.007180191110819578,0.0,0.0,0.0,0.0,0.0,0.11235819011926651,0.0,0.0,0.4835778474807739
16,8,0.04493602365255356,4.276550953363767e-06,0.19780796766281128,0.6609156131744385,0.01660904474556446,0.0,0.0,0.0,0.0,0.0,0.0,0.0,0.0,0.0,2.1382754766818834e-06,0.09890398383140564,0.33045780658721924,0.00830452237278223,0.0,0.0,0.0,0.0,0.0,0.0,0.0,0.0,0.4826045036315918
16,9,0.04356525093317032,9.35628850129433e-06,0.06970250606536865,0.28272202610969543,0.022552093490958214,0.0,0.0,0.0,0.0,0.0,0.3480932414531708,0.0,0.0,0.0,4.678144250647165e-06,0.034851253032684326,0.14136101305484772,0.011276046745479107,0.0,0.0,0.0,0.0,0.0,0.06961864978075027,0.0,0.0,0.3006769120693207
16,10,0.031611569225788116,1.1539653314684983e-05,0.19882839918136597,0.37027907371520996,0.03264693170785904,0.0,0.0,0.0,0.0,0.0,0.4884258508682251,0.0,0.0,0.0,5.769826657342492e-06,0.09941419959068298,0.18513953685760498,0.01632346585392952,0.0,0.0,0.0,0.0,0.0,0.09768517315387726,0.0,0.0,0.4301797151565552
16,11,0.04940201714634895,8.167898158717435e-06,0.0755084753036499,0.3466092050075531,0.04213996231555939,0.0,0.0,0.0,0.0,0.0,0.37953871488571167,0.0,0.0,0.0,4.0839490793587174e-06,0.03775423765182495,0.17330460250377655,0.021069981157779694,0.0,0.0,0.0,0.0,0.0,0.07590774446725845,0.0,0.0,0.3574426472187042
16,12,0.04884287714958191,1.216835698869545e-05,0.139207124710083,0.3551066219806671,0.049049682915210724,0.0,0.0,0.0,0.0,0.0,0.7814528346061707,0.0,0.0,0.0,6.084178494347725e-06,0.0696035623550415,0.17755331099033356,0.024524841457605362,0.0,0.0,0.0,0.0,0.0,0.15629057586193085,0.0,0.0,0.47682124376296997
16,13,0.012940675020217896,1.1840582374134101e-05,0.15736627578735352,0.327230840921402,0.05884194001555443,0.0,0.0,0.0,0.0,0.0,0.5690935850143433,0.0,0.0,0.0,5.9202911870670505e-06,0.07868313789367676,0.163615420460701,0.029420970007777214,0.0,0.0,0.0,0.0,0.0,0.11381871998310089,0.0,0.0,0.39848482608795166
16,14,0.05066932365298271,1.0988811482093297e-05,0.10486102104187012,0.34622371196746826,0.059156063944101334,0.0,0.0,0.0,0.0,0.0,0.2309253215789795,0.0,0.0,0.0,5.4944057410466485e-06,0.05243051052093506,0.17311185598373413,0.029578031972050667,0.0,0.0,0.0,0.0,0.0,0.04618506506085396,0.0,0.0,0.3519802987575531
16,15,0.04492241144180298,1.0115067198057659e-05,0.07571864128112793,0.39550578594207764,0.09025564789772034,0.0,0.0,0.0,0.0,0.0,0.5379677414894104,0.0,0.0,0.0,5.0575335990288295e-06,0.037859320640563965,0.19775289297103882,0.04512782394886017,0.0,0.0,0.0,0.0,0.0,0.10759355127811432,0.0,0.0,0.43326103687286377
16,16,0.08443965762853622,1.5007000001787674e-05,0.12400704622268677,0.4632694721221924,0.07235835492610931,0.0,0.0,0.0,0.0,0.0,0.2878240942955017,0.0,0.0,0.0,7.503500000893837e-06,0.062003523111343384,0.2316347360610962,0.03617917746305466,0.0,0.0,0.0,0.0,0.0,0.05756482109427452,0.0,0.0,0.47182944416999817
16,17,0.07363362610340118,8.877232176018879e-06,0.14979666471481323,0.31101229786872864,0.09752027690410614,0.0,0.0,0.0,0.0,0.0,0.121101975440979,0.0,0.0,0.0,4.438616088009439e-06,0.07489833235740662,0.15550614893436432,0.04876013845205307,0.0,0.0,0.0,0.0,0.0,0.02422039583325386,0.0,0.0,0.3770231008529663
16,18,0.05889873579144478,1.2047189557051752e-05,0.05813872814178467,0.30015408992767334,0.10359285026788712,0.0,0.0,0.0,0.0,0.0,0.06719744205474854,0.0,0.0,0.0,6.023594778525876e-06,0.029069364070892334,0.15007704496383667,0.05179642513394356,0.0,0.0,0.0,0.0,0.0,0.013439488597214222,0.0,0.0,0.3032870888710022
16,19,0.08339112251996994,1.5899850041023456e-05,0.059053659439086914,0.381742000579834,0.10264840722084045,0.0,0.0,0.0,0.0,0.0,0.15802431106567383,0.0,0.0,0.0,7.949925020511728e-06,0.029526829719543457,0.190871000289917,0.05132420361042023,0.0,0.0,0.0,0.0,0.0,0.031604863703250885,0.0,0.0,0.38672593235969543
16,20,0.04913436248898506,1.1728794561349787e-05,0.14207226037979126,0.3622991144657135,0.13436339795589447,0.0,0.0,0.0,0.0,0.0,0.45373550057411194,0.0,0.0,0.0,5.864397280674893e-06,0.07103613018989563,0.18114955723285675,0.06718169897794724,0.0,0.0,0.0,0.0,0.0,0.09074710309505463,0.0,0.0,0.45925474166870117
16,21,0.07438395172357559,1.3126275007380173e-05,0.08915835618972778,0.28987494111061096,0.1250518262386322,0.0,0.0,0.0,0.0,0.0,0.33566001057624817,0.0,0.0,0.0,6.563137503690086e-06,0.04457917809486389,0.14493747055530548,0.0625259131193161,0.0,0.0,0.0,0.0,0.0,0.06713200360536575,0.0,0.0,0.3935650587081909
16,22,0.07179118692874908,8.951526069722604e-06,0.14036786556243896,0.24182547628879547,0.12179462611675262,0.0,0.0,0.0,0.0,0.0,0.7374668121337891,0.0,0.0,0.0,4.475763034861302e-06,0.07018393278121948,0.12091273814439774,0.06089731305837631,0.0,0.0,0.0,0.0,0.0,0.1474933624267578,0.0,0.0,0.4712830185890198
16,23,0.041290827095508575,2.712345121835824e-06,0.1467244029045105,0.40306082367897034,0.1796310544013977,0.0,0.0,0.0,0.0,0.0,0.5391983389854431,0.0,0.0,0.0,1.356172560917912e-06,0.07336220145225525,0.20153041183948517,0.08981552720069885,0.0,0.0,0.0,0.0,0.0,0.1078396663069725,0.0,0.0,0.5138399600982666
16,24,0.03158295899629593,1.2141022125433665e-05,0.08434820175170898,0.3077237010002136,0.15255755186080933,0.0,0.0,0.0,0.0,0.0,0.39651092886924744,0.0,0.0,0.0,6.070511062716832e-06,0.04217410087585449,0.1538618505001068,0.07627877593040466,0.0,0.0,0.0,0.0,0.0,0.07930218428373337,0.0,0.0,0.38320595026016235
16,25,0.03212498500943184,8.940534826251678e-06,0.1156378984451294,0.2805788815021515,0.17466919124126434,0.0,0.0,0.0,0.0,0.0,0.5116379857063293,0.0,0.0,0.0,4.470267413125839e-06,0.0578189492225647,0.14028944075107574,0.08733459562063217,0.0,0.0,0.0,0.0,0.0,0.10232760012149811,0.0,0.0,0.4199000597000122
16,26,0.016144033521413803,1.121239984058775e-05,0.14815735816955566,0.2931652069091797,0.17778435349464417,0.0,0.0,0.0,0.0,0.0,0.37727272510528564,0.0,0.0,0.0,5.606199920293875e-06,0.07407867908477783,0.14658260345458984,0.08889217674732208,0.0,0.0,0.0,0.0,0.0,0.07545454800128937,0.0,0.0,0.4011576175689697
16,27,0.01481294073164463,8.486316801281646e-06,0.06690335273742676,0.2890142798423767,0.21024513244628906,0.0,0.0,0.0,0.0,0.0,0.19010166823863983,0.0,0.0,0.0,4.243158400640823e-06,0.03345167636871338,0.14450713992118835,0.10512256622314453,0.0,0.0,0.0,0.0,0.0,0.038020335137844086,0.0,0.0,0.3359189033508301
16,28,0.03759395331144333,9.491693162999582e-06,0.17800939083099365,0.29687339067459106,0.15908922255039215,0.0,0.0,0.0,0.0,0.0,0.3660490810871124,0.0,0.0,0.0,4.745846581499791e-06,0.08900469541549683,0.14843669533729553,0.07954461127519608,0.0,0.0,0.0,0.0,0.0,0.07320981472730637,0.0,0.0,0.42779451608657837
16,29,0.017508244141936302,1.099453766073566e-05,0.054046690464019775,0.2764717638492584,0.2019941508769989,0.0,0.0,0.0,0.0,0.0,0.46800652146339417,0.0,0.0,0.0,5.49726883036783e-06,0.027023345232009888,0.1382358819246292,0.10099707543849945,0.0,0.0,0.0,0.0,0.0,0.09360130876302719,0.0,0.0,0.37737134099006653
16,30,0.01784094236791134,4.528007139015244e-06,0.0335577130317688,0.29534387588500977,0.22451257705688477,0.0,0.0,0.0,0.0,0.0,0.6610856056213379,0.0,0.0,0.0,2.264003569507622e-06,0.0167788565158844,0.14767193794250488,0.11225628852844238,0.0,0.0,0.0,0.0,0.0,0.13221712410449982,0.0,0.0,0.42676740884780884
16,31,0.022277474403381348,1.4223449397832155e-05,0.0682557225227356,0.35248640179634094,0.17576174437999725,0.0,0.0,0.0,0.0,0.0,0.491841197013855,0.0,0.0,0.0,7.111724698916078e-06,0.0341278612613678,0.17624320089817047,0.08788087218999863,0.0,0.0,0.0,0.0,0.0,0.09836824238300323,0.0,0.0,0.41890478134155273
16,32,0.01676012948155403,1.3353771464608144e-05,0.04852187633514404,0.24278508126735687,0.18224139511585236,0.0,0.0,0.0,0.0,0.0,0.11348342895507812,0.0,0.0,0.0,6.676885732304072e-06,0.02426093816757202,0.12139254063367844,0.09112069755792618,0.0,0.0,0.0,0.0,0.0,0.022696686908602715,0.0,0.0,0.2762376666069031
16,33,0.02035118266940117,8.066762347880285e-06,0.059041380882263184,0.20521289110183716,0.18790805339813232,0.0,0.0,0.0,0.0,0.0,0.11492174863815308,0.0,0.0,0.0,4.033381173940143e-06,0.029520690441131592,0.10260644555091858,0.09395402669906616,0.0,0.0,0.0,0.0,0.0,0.022984350100159645,0.0,0.0,0.2694207429885864
16,34,0.016696475446224213,5.578784566750983e-06,0.09380871057510376,0.3050507605075836,0.252521276473999,0.0,0.0,0.0,0.0,0.0,0.37251952290534973,0.0,0.0,0.0,2.7893922833754914e-06,0.04690435528755188,0.1525253802537918,0.1262606382369995,0.0,0.0,0.0,0.0,0.0,0.07450390607118607,0.0,0.0,0.41689354181289673
16,35,0.018112745136022568,1.1173469829373062e-05,0.04654043912887573,0.20973820984363556,0.1687295138835907,0.0,0.0,0.0,0.0,0.0,0.3072342574596405,0.0,0.0,0.0,5.586734914686531e-06,0.023270219564437866,0.10486910492181778,0.08436475694179535,0.0,0.0,0.0,0.0,0.0,0.06144685298204422,0.0,0.0,0.2920692563056946
16,36,0.025178933516144753,1.3005841537960805e-05,0.04469954967498779,0.3399004638195038,0.17043454945087433,0.0,0.0,0.0,0.0,0.0,0.314477801322937,0.0,0.0,0.0,6.5029207689804025e-06,0.022349774837493896,0.1699502319097519,0.08521727472543716,0.0,0.0,0.0,0.0,0.0,0.06289555877447128,0.0,0.0,0.36559829115867615
16,37,0.026900310069322586,1.2419238373695407e-05,0.06116002798080444,0.25399041175842285,0.2457789033651352,0.0,0.0,0.0,0.0,0.0,0.3314703702926636,0.0,0.0,0.0,6.2096191868477035e-06,0.03058001399040222,0.12699520587921143,0.1228894516825676,0.0,0.0,0.0,0.0,0.0,0.06629407405853271,0.0,0.0,0.3736652731895447
16,38,0.02277459390461445,1.076437001756858e-05,0.15068262815475464,0.2397538125514984,0.2636594772338867,0.0,0.0,0.0,0.0,0.0,0.30936548113822937,0.0,0.0,0.0,5.38218500878429e-06,0.07534131407737732,0.1198769062757492,0.13182973861694336,0.0,0.0,0.0,0.0,0.0,0.061873096972703934,0.0,0.0,0.4117010533809662
16,39,0.029443925246596336,1.265189075638773e-05,0.05469173192977905,0.23498231172561646,0.2597101628780365,0.0,0.0,0.0,0.0,0.0,0.2955397963523865,0.0,0.0,0.0,6.325945378193865e-06,0.027345865964889526,0.11749115586280823,0.12985508143901825,0.0,0.0,0.0,0.0,0.0,0.059107959270477295,0.0,0.0,0.3632503151893616
16,40,0.027854815125465393,6.675625172647415e-06,0.06053602695465088,0.16768592596054077,0.22643247246742249,0.0,0.0,0.0,0.0,0.0,0.24904179573059082,0.0,0.0,0.0,3.3378125863237074e-06,0.03026801347732544,0.08384296298027039,0.11321623623371124,0.0,0.0,0.0,0.0,0.0,0.04980836063623428,0.0,0.0,0.30499371886253357
16,41,0.027543704956769943,7.66699122323189e-06,0.06907188892364502,0.20780906081199646,0.21563807129859924,0.0,0.0,0.0,0.0,0.0,0.29488134384155273,0.0,0.0,0.0,3.833495611615945e-06,0.03453594446182251,0.10390453040599823,0.10781903564929962,0.0,0.0,0.0,0.0,0.0,0.058976270258426666,0.0,0.0,0.3327833116054535
16,42,0.03412953019142151,1.0242264579574112e-05,0.029826998710632324,0.1359075903892517,0.19154435396194458,0.0,0.0,0.0,0.0,0.0,0.1890430450439453,0.0,0.0,0.0,5.121132289787056e-06,0.014913499355316162,0.06795379519462585,0.09577217698097229,0.0,0.0,0.0,0.0,0.0,0.037808608263731,0.0,0.0,0.2505827248096466
16,43,0.02590225078165531,1.535484079795424e-05,0.06241947412490845,0.18357455730438232,0.10893888771533966,0.0,0.0,0.0,0.0,0.0,0.28198131918907166,0.0,0.0,0.0,7.67742039897712e-06,0.031209737062454224,0.09178727865219116,0.05446944385766983,0.0,0.0,0.0,0.0,0.0,0.05639626458287239,0.0,0.0,0.2597726583480835
16,44,0.0223112590610981,1.0370037671236787e-05,0.059983253479003906,0.2156175673007965,0.12548236548900604,0.0,0.0,0.0,0.0,0.0,0.3081296682357788,0.0,0.0,0.0,5.1850188356183935e-06,0.029991626739501953,0.10780878365039825,0.06274118274450302,0.0,0.0,0.0,0.0,0.0,0.06162593513727188,0.0,0.0,0.28448396921157837
16,45,0.028378963470458984,5.451152901514433e-06,0.031174957752227783,0.13181856274604797,0.20217397809028625,0.0,0.0,0.0,0.0,0.0,0.2634791135787964,0.0,0.0,0.0,2.7255764507572167e-06,0.015587478876113892,0.06590928137302399,0.10108698904514313,0.0,0.0,0.0,0.0,0.0,0.05269582197070122,0.0,0.0,0.26366126537323
16,46,0.030589913949370384,6.974478310439736e-06,0.022640347480773926,0.15852022171020508,0.08653264492750168,0.0,0.0,0.0,0.0,0.0,0.39285242557525635,0.0,0.0,0.0,3.487239155219868e-06,0.011320173740386963,0.07926011085510254,0.04326632246375084,0.0,0.0,0.0,0.0,0.0,0.07857048511505127,0.0,0.0,0.2430104911327362
16,47,0.03393051400780678,5.263092134555336e-06,0.041373372077941895,0.09980833530426025,0.10887748748064041,0.0,0.0,0.0,0.0,0.0,0.14535897970199585,0.0,0.0,0.0,2.631546067277668e-06,0.020686686038970947,0.04990416765213013,0.054438743740320206,0.0,0.0,0.0,0.0,0.0,0.02907179668545723,0.0,0.0,0.1880345344543457
16,48,0.023432765156030655,6.262823717406718e-06,0.048394083976745605,0.1593112051486969,0.11615180224180222,0.0,0.0,0.0,0.0,0.0,0.45933687686920166,0.0,0.0,0.0,3.131411858703359e-06,0.024197041988372803,0.07965560257434845,0.05807590112090111,0.0,0.0,0.0,0.0,0.0,0.09186737984418869,0.0,0.0,0.2772318422794342
16,49,0.02954346314072609,9.090861567528918e-06,0.04517018795013428,0.1537175178527832,0.1376630663871765,0.0,0.0,0.0,0.0,0.0,0.12999612092971802,0.0,0.0,0.0,4.545430783764459e-06,0.02258509397506714,0.0768587589263916,0.06883153319358826,0.0,0.0,0.0,0.0,0.0,0.025999223813414574,0.0,0.0,0.22382260859012604
16,50,0.02857179380953312,2.631199777169968e-06,0.04556387662887573,0.13411638140678406,0.11777346581220627,0.0,0.0,0.0,0.0,0.0,0.40883463621139526,0.0,0.0,0.0,1.315599888584984e-06,0.022781938314437866,0.06705819070339203,0.058886732906103134,0.0,0.0,0.0,0.0,0.0,0.08176692575216293,0.0,0.0,0.2590669095516205
16,51,0.0329253263771534,4.028386683785357e-06,0.0511019229888916,0.15338832139968872,0.0014896467328071594,0.0,0.0,0.0,0.0,0.0,0.22022247314453125,0.0,0.0,0.0,2.0141933418926783e-06,0.0255509614944458,0.07669416069984436,0.0007448233664035797,0.0,0.0,0.0,0.0,0.0,0.04404449462890625,0.0,0.0,0.17996177077293396
16,52,0.02943599596619606,6.69110477247159e-06,0.032122910022735596,0.10673061013221741,0.1467747539281845,0.0,0.0,0.0,0.0,0.0,0.17828452587127686,0.0,0.0,0.0,3.345552386235795e-06,0.016061455011367798,0.053365305066108704,0.07338737696409225,0.0,0.0,0.0,0.0,0.0,0.03565690666437149,0.0,0.0,0.20791038870811462
16,53,0.026330988854169846,5.665802746079862e-06,0.030036449432373047,0.09928327798843384,0.09666319191455841,0.0,0.0,0.0,0.0,0.0,0.22452956438064575,0.0,0.0,0.0,2.832901373039931e-06,0.015018224716186523,0.04964163899421692,0.048331595957279205,0.0,0.0,0.0,0.0,0.0,0.04490591213107109,0.0,0.0,0.1842312067747116
16,54,0.026451056823134422,2.714054971875157e-06,0.09771430492401123,0.3877520263195038,0.25435397028923035,0.0,0.0,0.0,0.0,0.0,0.5491560697555542,0.0,0.0,0.0,1.3570274859375786e-06,0.048857152462005615,0.1938760131597519,0.12717698514461517,0.0,0.0,0.0,0.0,0.0,0.10983121395111084,0.0,0.0,0.5061937570571899
16,55,0.035961221903562546,1.535106093797367e-05,0.04325854778289795,0.13666117191314697,0.014022648334503174,0.0,0.0,0.0,0.0,0.0,0.07343780994415283,0.0,0.0,0.0,7.675530468986835e-06,0.021629273891448975,0.06833058595657349,0.007011324167251587,0.0,0.0,0.0,0.0,0.0,0.014687562361359596,0.0,0.0,0.14762765169143677
16,56,0.020190004259347916,1.0361638487665914e-05,0.058878421783447266,0.1828843206167221,-0.04738950729370117,0.0,0.0,0.0,0.0,0.0,0.11190485954284668,0.0,0.0,0.0,5.180819243832957e-06,0.029439210891723633,0.09144216030836105,-0.023694753646850586,0.0,0.0,0.0,0.0,0.0,0.022380972281098366,0.0,0.0,0.1397627890110016
16,57,0.0279582180082798,4.237158464093227e-06,0.03572666645050049,0.10092362761497498,0.07661035656929016,0.0,0.0,0.0,0.0,0.0,0.16519075632095337,0.0,0.0,0.0,2.1185792320466135e-06,0.017863333225250244,0.05046181380748749,0.03830517828464508,0.0,0.0,0.0,0.0,0.0,0.033038150519132614,0.0,0.0,0.16762880980968475
16,58,0.023312244564294815,1.3662416677107103e-05,0.019434034824371338,0.16323623061180115,0.005040556192398071,0.0,0.0,0.0,0.0,0.0,0.5394031405448914,0.0,0.0,0.0,6.831208338553552e-06,0.009717017412185669,0.08161811530590057,0.0025202780961990356,0.0,0.0,0.0,0.0,0.0,0.10788062959909439,0.0,0.0,0.22505511343479156
16,59,0.03275907412171364,6.896947525092401e-06,0.027064502239227295,0.14337262511253357,0.1140303686261177,0.0,0.0,0.0,0.0,0.0,0.31058168411254883,0.0,0.0,0.0,3.4484737625462003e-06,0.013532251119613647,0.07168631255626678,0.05701518431305885,0.0,0.0,0.0,0.0,0.0,0.062116336077451706,0.0,0.0,0.2371126115322113
16,60,0.025039711967110634,7.0465607677761e-06,0.02655273675918579,0.19150030612945557,0.12952417135238647,0.0,0.0,0.0,0.0,0.0,0.2643972635269165,0.0,0.0,0.0,3.52328038388805e-06,0.013276368379592896,0.09575015306472778,0.06476208567619324,0.0,0.0,0.0,0.0,0.0,0.0528794527053833,0.0,0.0,0.25171130895614624
16,61,0.025114959105849266,6.390798716893187e-06,0.03645998239517212,0.10546326637268066,0.12352771311998367,0.0,0.0,0.0,0.0,0.0,0.1265420913696289,0.0,0.0,0.0,3.1953993584465934e-06,0.01822999119758606,0.05273163318634033,0.06176385655999184,0.0,0.0,0.0,0.0,0.0,0.02530841901898384,0.0,0.0,0.18315204977989197
16,62,0.019101044163107872,9.91540673567215e-06,0.028411567211151123,0.15322554111480713,0.04633886739611626,0.0,0.0,0.0,0.0,0.0,0.19212055206298828,0.0,0.0,0.0,4.957703367836075e-06,0.014205783605575562,0.07661277055740356,0.02316943369805813,0.0,0.0,0.0,0.0,0.0,0.038424111902713776,0.0,0.0,0.17151808738708496
16,63,0.03311338648200035,1.0819311683007982e-05,0.035563647747039795,0.1670449674129486,-0.02962227165699005,0.0,0.0,0.0,0.0,0.0,0.18169085681438446,0.0,0.0,0.0,5.409655841503991e-06,0.017781823873519897,0.0835224837064743,-0.014811135828495026,0.0,0.0,0.0,0.0,0.0,0.03633817285299301,0.0,0.0,0.1559501439332962
16,64,0.018628843128681183,8.616611921752337e-06,0.06643325090408325,0.143795907497406,0.05813388153910637,0.0,0.0,0.0,0.0,0.0,0.25379085540771484,0.0,0.0,0.0,4.308305960876169e-06,0.033216625452041626,0.071897953748703,0.029066940769553185,0.0,0.0,0.0,0.0,0.0,0.05075817182660103,0.0,0.0,0.2035728394985199
16,65,0.02853030525147915,1.213145242218161e-05,0.031144440174102783,0.1625576913356781,0.003141738474369049,0.0,0.0,0.0,0.0,0.0,0.14571547508239746,0.0,0.0,0.0,6.065726211090805e-06,0.015572220087051392,0.08127884566783905,0.0015708692371845245,0.0,0.0,0.0,0.0,0.0,0.029143095016479492,0.0,0.0,0.15610139071941376
16,66,0.023013394325971603,5.8602713579603005e-06,0.024663329124450684,0.16465789079666138,0.02526654303073883,0.0,0.0,0.0,0.0,0.0,0.42712053656578064,0.0,0.0,0.0,2.9301356789801503e-06,0.012331664562225342,0.08232894539833069,0.012633271515369415,0.0,0.0,0.0,0.0,0.0,0.08542411029338837,0.0,0.0,0.2157343178987503
16,67,0.02056938223540783,1.0375393685535528e-05,0.034187495708465576,0.12709710001945496,0.13261540234088898,0.0,0.0,0.0,0.0,0.0,0.2614918053150177,0.0,0.0,0.0,5.187696842767764e-06,0.017093747854232788,0.06354855000972748,0.06630770117044449,0.0,0.0,0.0,0.0,0.0,0.05229836329817772,0.0,0.0,0.2198229432106018
16,68,0.025337766855955124,5.225449513091007e-07,0.020390570163726807,0.06711244583129883,0.03348715230822563,0.0,0.0,0.0,0.0,0.0,0.18885302543640137,0.0,0.0,0.0,2.6127247565455036e-07,0.010195285081863403,0.033556222915649414,0.016743576154112816,0.0,0.0,0.0,0.0,0.0,0.03777060657739639,0.0,0.0,0.1236037164926529
16,69,0.02329946681857109,1.3075081369606778e-05,0.018597126007080078,0.1927775740623474,0.0815083235502243,0.0,0.0,0.0,0.0,0.0,0.0,0.0,0.0,0.0,6.537540684803389e-06,0.009298563003540039,0.0963887870311737,0.04075416177511215,0.0,0.0,0.0,0.0,0.0,0.0,0.0,0.0,0.16974753141403198
16,70,0.023750800639390945,4.131527020945214e-06,0.02763962745666504,0.09989643096923828,0.061270613223314285,0.0,0.0,0.0,0.0,0.0,0.22071242332458496,0.0,0.0,0.0,2.065763510472607e-06,0.01381981372833252,0.04994821548461914,0.030635306611657143,0.0,0.0,0.0,0.0,0.0,0.04414248466491699,0.0,0.0,0.16229867935180664
16,71,0.023047970607876778,6.420169484044891e-06,0.022218286991119385,0.11484843492507935,-0.03826645016670227,0.0,0.0,0.0,0.0,0.0,0.22780466079711914,0.0,0.0,0.0,3.2100847420224454e-06,0.011109143495559692,0.05742421746253967,-0.019133225083351135,0.0,0.0,0.0,0.0,0.0,0.04556093364953995,0.0,0.0,0.11801224946975708
16,72,0.022224100306630135,6.049464445823105e-06,0.054434895515441895,0.2091675102710724,0.15804541110992432,0.0,0.0,0.0,0.0,0.0,0.7721130847930908,0.0,0.0,0.0,3.0247322229115525e-06,0.027217447757720947,0.1045837551355362,0.07902270555496216,0.0,0.0,0.0,0.0,0.0,0.15442262589931488,0.0,0.0,0.3874736428260803
16,73,0.02310958132147789,8.815297405817546e-06,0.018484115600585938,0.10893571376800537,0.08935323357582092,0.0,0.0,0.0,0.0,0.0,0.45698535442352295,0.0,0.0,0.0,4.407648702908773e-06,0.009242057800292969,0.054467856884002686,0.04467661678791046,0.0,0.0,0.0,0.0,0.0,0.09139706939458847,0.0,0.0,0.22289758920669556
16,74,0.020245231688022614,4.211805844533956e-06,0.04972261190414429,0.08676943182945251,0.08261441439390182,0.0,0.0,0.0,0.0,0.0,0.1034969687461853,0.0,0.0,0.0,2.105902922266978e-06,0.024861305952072144,0.04338471591472626,0.04130720719695091,0.0,0.0,0.0,0.0,0.0,0.02069939486682415,0.0,0.0,0.15049996972084045
16,75,0.022965800017118454,6.6857955971499905e-06,0.02315223217010498,0.10754403471946716,0.08947832882404327,0.0,0.0,0.0,0.0,0.0,0.10744953155517578,0.0,0.0,0.0,3.3428977985749952e-06,0.01157611608505249,0.05377201735973358,0.04473916441202164,0.0,0.0,0.0,0.0,0.0,0.021489907056093216,0.0,0.0,0.1545463353395462
16,76,0.021567393094301224,1.7474793594374205e-06,0.021208643913269043,0.07313475012779236,0.01995749957859516,0.0,0.0,0.0,0.0,0.0,0.09947943687438965,0.0,0.0,0.0,8.737396797187102e-07,0.010604321956634521,0.03656737506389618,0.00997874978929758,0.0,0.0,0.0,0.0,0.0,0.0198958870023489,0.0,0.0,0.09861460328102112
16,77,0.030920106917619705,3.1436452445632312e-06,0.014670073986053467,0.05982840061187744,0.01750396378338337,0.0,0.0,0.0,0.0,0.0,0.10717016458511353,0.0,0.0,0.0,1.5718226222816156e-06,0.007335036993026733,0.02991420030593872,0.008751981891691685,0.0,0.0,0.0,0.0,0.0,0.021434033289551735,0.0,0.0,0.0983569324016571
16,78,0.026166731491684914,1.8195270968135446e-05,0.05574929714202881,0.19604644179344177,0.01924385316669941,0.0,0.0,0.0,0.0,0.0,0.14417076110839844,0.0,0.0,0.0,9.097635484067723e-06,0.027874648571014404,0.09802322089672089,0.009621926583349705,0.0,0.0,0.0,0.0,0.0,0.028834152966737747,0.0,0.0,0.19052977859973907
16,79,0.026955893263220787,5.51909170098952e-06,0.01694488525390625,0.12893161177635193,0.07291451096534729,0.0,0.0,0.0,0.0,0.0,0.31533801555633545,0.0,0.0,0.0,2.75954585049476e-06,0.008472442626953125,0.06446580588817596,0.036457255482673645,0.0,0.0,0.0,0.0,0.0,0.06306760758161545,0.0,0.0,0.19942176342010498
16,80,0.019518157467246056,5.237245659373002e-06,0.07784610986709595,0.13390514254570007,-0.008750349283218384,0.0,0.0,0.0,0.0,0.0,0.09820812940597534,0.0,0.0,0.0,2.618622829686501e-06,0.038923054933547974,0.06695257127285004,-0.004375174641609192,0.0,0.0,0.0,0.0,0.0,0.019641626626253128,0.0,0.0,0.14066284894943237
16,81,0.021373553201556206,5.818779300170718e-06,0.017447471618652344,0.07115405797958374,-0.007916048169136047,0.0,0.0,0.0,0.0,0.0,0.10232347249984741,0.0,0.0,0.0,2.909389650085359e-06,0.008723735809326172,0.03557702898979187,-0.003958024084568024,0.0,0.0,0.0,0.0,0.0,0.020464694127440453,0.0,0.0,0.08218389749526978
16,82,0.02230961248278618,1.628004724807397e-06,0.04034137725830078,0.07632431387901306,0.06811319291591644,0.0,0.0,0.0,0.0,0.0,0.14485812187194824,0.0,0.0,0.0,8.140023624036985e-07,0.02017068862915039,0.03816215693950653,0.03405659645795822,0.0,0.0,0.0,0.0,0.0,0.028971625491976738,0.0,0.0,0.14367149770259857
16,83,0.02183745615184307,8.441871614195406e-06,0.06953668594360352,0.11576241254806519,0.058491870760917664,0.0,0.0,0.0,0.0,0.0,0.45363014936447144,0.0,0.0,0.0,4.220935807097703e-06,0.03476834297180176,0.05788120627403259,0.029245935380458832,0.0,0.0,0.0,0.0,0.0,0.09072603285312653,0.0,0.0,0.23446319997310638
16,84,0.02561313472688198,3.6370761336002033e-06,0.016399621963500977,0.08614015579223633,0.051387809216976166,0.0,0.0,0.0,0.0,0.0,0.13773667812347412,0.0,0.0,0.0,1.8185380668001017e-06,0.008199810981750488,0.043070077896118164,0.025693904608488083,0.0,0.0,0.0,0.0,0.0,0.027547335252165794,0.0,0.0,0.13012607395648956
16,85,0.01843651570379734,3.482924057607306e-06,0.024463415145874023,0.09330052137374878,-0.003392040729522705,0.0,0.0,0.0,0.0,0.0,0.27245020866394043,0.0,0.0,0.0,1.741462028803653e-06,0.012231707572937012,0.04665026068687439,-0.0016960203647613525,0.0,0.0,0.0,0.0,0.0,0.054490040987730026,0.0,0.0,0.13011424243450165
16,86,0.021293524652719498,8.457586773147341e-06,0.03617358207702637,0.1243475079536438,0.01283634640276432,0.0,0.0,0.0,0.0,0.0,0.17357373237609863,0.0,0.0,0.0,4.2287933865736704e-06,0.018086791038513184,0.0621737539768219,0.00641817320138216,0.0,0.0,0.0,0.0,0.0,0.034714747220277786,0.0,0.0,0.1426912248134613
16,87,0.022852009162306786,7.564976840512827e-06,0.022272348403930664,0.12443381547927856,0.016683118417859077,0.0,0.0,0.0,0.0,0.0,0.3640251159667969,0.0,0.0,0.0,3.7824884202564135e-06,0.011136174201965332,0.06221690773963928,0.008341559208929539,0.0,0.0,0.0,0.0,0.0,0.0728050246834755,0.0,0.0,0.17735545337200165
16,88,0.021952984854578972,1.051212507263699e-06,0.024819135665893555,0.06527438759803772,0.046259984374046326,0.0,0.0,0.0,0.0,0.0,0.13181072473526,0.0,0.0,0.0,5.256062536318495e-07,0.012409567832946777,0.03263719379901886,0.023129992187023163,0.0,0.0,0.0,0.0,0.0,0.026362145319581032,0.0,0.0,0.11649240553379059
16,89,0.021154671907424927,1.6737249097786844e-05,0.06471014022827148,0.1308421492576599,0.014905030839145184,0.0,0.0,0.0,0.0,0.0,0.13604813814163208,0.0,0.0,0.0,8.368624548893422e-06,0.03235507011413574,0.06542107462882996,0.007452515419572592,0.0,0.0,0.0,0.0,0.0,0.027209628373384476,0.0,0.0,0.15360131859779358
16,90,0.020937815308570862,5.231413069850532e-06,0.017665088176727295,0.06816983222961426,0.019152022898197174,0.0,0.0,0.0,0.0,0.0,0.08168026059865952,0.0,0.0,0.0,2.615706534925266e-06,0.008832544088363647,0.03408491611480713,0.009576011449098587,0.0,0.0,0.0,0.0,0.0,0.016336051747202873,0.0,0.0,0.08976995944976807
16,91,0.02158486284315586,5.4752204050600994e-06,0.01797926425933838,0.06805434823036194,0.031374357640743256,0.0,0.0,0.0,0.0,0.0,0.26524287462234497,0.0,0.0,0.0,2.7376102025300497e-06,0.00898963212966919,0.03402717411518097,0.015687178820371628,0.0,0.0,0.0,0.0,0.0,0.05304857715964317,0.0,0.0,0.13334016501903534
16,92,0.022734347730875015,1.4628133612859529e-05,0.04042375087738037,0.1041557788848877,-0.02291649393737316,0.0,0.0,0.0,0.0,0.0,0.14708352088928223,0.0,0.0,0.0,7.314066806429764e-06,0.020211875438690186,0.05207788944244385,-0.01145824696868658,0.0,0.0,0.0,0.0,0.0,0.029416704550385475,0.0,0.0,0.1129898801445961
16,93,0.021309077739715576,5.554752988246037e-06,0.018594741821289062,0.10288649797439575,-0.009348397143185139,0.0,0.0,0.0,0.0,0.0,0.1387142390012741,0.0,0.0,0.0,2.7773764941230183e-06,0.009297370910644531,0.051443248987197876,-0.004674198571592569,0.0,0.0,0.0,0.0,0.0,0.027742847800254822,0.0,0.0,0.10512112826108932
16,94,0.019713887944817543,5.206549758440815e-06,0.05412471294403076,0.08473098278045654,0.03242184594273567,0.0,0.0,0.0,0.0,0.0,0.17830240726470947,0.0,0.0,0.0,2.6032748792204075e-06,0.02706235647201538,0.04236549139022827,0.016210922971367836,0.0,0.0,0.0,0.0,0.0,0.035660482943058014,0.0,0.0,0.14101573824882507
16,95,0.022754371166229248,3.138384954581852e-06,0.02015167474746704,0.07113796472549438,0.061900511384010315,0.0,0.0,0.0,0.0,0.0,0.2116309404373169,0.0,0.0,0.0,1.569192477290926e-06,0.01007583737373352,0.03556898236274719,0.030950255692005157,0.0,0.0,0.0,0.0,0.0,0.0423261895775795,0.0,0.0,0.14167720079421997
16,96,0.019643453881144524,1.8676607851375593e-06,0.10722041130065918,0.08986040949821472,0.05280250310897827,0.0,0.0,0.0,0.0,0.0,0.0,0.0,0.0,0.0,9.338303925687796e-07,0.05361020565032959,0.04493020474910736,0.026401251554489136,0.0,0.0,0.0,0.0,0.0,0.0,0.0,0.0,0.14458605647087097
16,97,0.019300680607557297,7.644218385394197e-06,0.024911046028137207,0.07127952575683594,-0.017900455743074417,0.0,0.0,0.0,0.0,0.0,0.21886521577835083,0.0,0.0,0.0,3.8221091926970985e-06,0.012455523014068604,0.03563976287841797,-0.008950227871537209,0.0,0.0,0.0,0.0,0.0,0.043773043900728226,0.0,0.0,0.10222260653972626
16,98,0.02229435369372368,3.90300328945159e-06,0.029037535190582275,0.09615027904510498,-0.019762184470891953,0.0,0.0,0.0,0.0,0.0,0.08155322074890137,0.0,0.0,0.0,1.951501644725795e-06,0.014518767595291138,0.04807513952255249,-0.009881092235445976,0.0,0.0,0.0,0.0,0.0,0.016310645267367363,0.0,0.0,0.09131976962089539
16,99,0.01849793642759323,3.0378910196304787e-06,0.022566020488739014,0.06902146339416504,0.019103161990642548,0.0,0.0,0.0,0.0,0.0,0.1081998348236084,0.0,0.0,0.0,1.5189455098152393e-06,0.011283010244369507,0.03451073169708252,0.009551580995321274,0.0,0.0,0.0,0.0,0.0,0.02163996733725071,0.0,0.0,0.09548474103212357
16,100,0.019857551902532578,6.733616828569211e-06,0.029822826385498047,0.09739542007446289,-0.009389675222337246,0.0,0.0,0.0,0.0,0.0,0.4653628468513489,0.0,0.0,0.0,3.3668084142846055e-06,0.014911413192749023,0.048697710037231445,-0.004694837611168623,0.0,0.0,0.0,0.0,0.0,0.0930725708603859,0.0,0.0,0.17184779047966003
17,1,0.024873506277799606,1.4776621355849784e-05,0.1520400047302246,0.5156760215759277,0.002291806973516941,0.0,0.0,0.0,0.0,0.0,0.4829958975315094,0.0,0.0,0.0,7.388310677924892e-06,0.0760200023651123,0.25783801078796387,0.0011459034867584705,0.0,0.0,0.0,0.0,0.0,0.09659918397665024,0.0,0.0,0.45648398995399475
17,2,0.0390196219086647,6.836467036919203e-06,0.19493311643600464,0.7344440221786499,0.011179854162037373,0.0,0.0,0.0,0.0,0.0,0.6823828816413879,0.0,0.0,0.0,3.4182335184596013e-06,0.09746655821800232,0.36722201108932495,0.005589927081018686,0.0,0.0,0.0,0.0,0.0,0.1364765763282776,0.0,0.0,0.6457780599594116
17,3,0.021654397249221802,1.069639347406337e-05,0.16842710971832275,0.49306559562683105,0.0072982111014425755,0.0,0.0,0.0,0.0,0.0,0.16179966926574707,0.0,0.0,0.0,5.348196737031685e-06,0.08421355485916138,0.24653279781341553,0.0036491055507212877,0.0,0.0,0.0,0.0,0.0,0.03235993534326553,0.0,0.0,0.38841512799263
17,4,0.019944239407777786,1.2062138011970092e-05,0.11906605958938599,0.5328992605209351,0.008550187572836876,0.0,0.0,0.0,0.0,0.0,0.5813112258911133,0.0,0.0,0.0,6.031069005985046e-06,0.05953302979469299,0.26644963026046753,0.004275093786418438,0.0,0.0,0.0,0.0,0.0,0.11626224964857101,0.0,0.0,0.46647027134895325
17,5,0.025398436933755875,7.285277661139844e-06,0.16196894645690918,0.4678651988506317,4.538334906101227e-06,0.0,0.0,0.0,0.0,0.0,0.23081594705581665,0.0,0.0,0.0,3.642638830569922e-06,0.08098447322845459,0.23393259942531586,2.2691674530506134e-06,0.0,0.0,0.0,0.0,0.0,0.04616319015622139,0.0,0.0,0.38648462295532227
17,6,0.032604195177555084,7.972706043801736e-06,0.11480796337127686,0.5068013668060303,0.012948434799909592,0.0,0.0,0.0,0.0,0.0,0.7713932991027832,0.0,0.0,0.0,3.986353021900868e-06,0.05740398168563843,0.25340068340301514,0.006474217399954796,0.0,0.0,0.0,0.0,0.0,0.15427866578102112,0.0,0.0,0.504165768623352
17,7,0.010303446091711521,7.796636054990813e-06,0.1666744351387024,0.48444244265556335,0.013677955605089664,0.0,0.0,0.0,0.0,0.0,0.8324108719825745,0.0,0.0,0.0,3.8983180274954066e-06,0.0833372175693512,0.24222122132778168,0.006838977802544832,0.0,0.0,0.0,0.0,0.0,0.16648218035697937,0.0,0.0,0.5091869831085205
17,8,0.032247528433799744,9.180854476653622e-07,0.2601211667060852,0.6574957370758057,0.020537031814455986,0.0,0.0,0.0,0.0,0.0,0.0,0.0,0.0,0.0,4.590427238326811e-07,0.1300605833530426,0.32874786853790283,0.010268515907227993,0.0,0.0,0.0,0.0,0.0,0.0,0.0,0.0,0.5013249516487122
17,9,0.029264051467180252,5.783431788586313e-06,0.09583091735839844,0.47491830587387085,0.0345592238008976,0.0,0.0,0.0,0.0,0.0,0.34450459480285645,0.0,0.0,0.0,2.8917158942931565e-06,0.04791545867919922,0.23745915293693542,0.0172796119004488,0.0,0.0,0.0,0.0,0.0,0.06890092045068741,0.0,0.0,0.40082207322120667
17,10,0.016252104192972183,9.255317308998201e-06,0.2406286597251892,0.4852908253669739,0.03775569424033165,0.0,0.0,0.0,0.0,0.0,1.0037912130355835,0.0,0.0,0.0,4.6276586544991005e-06,0.1203143298625946,0.24264541268348694,0.018877847120165825,0.0,0.0,0.0,0.0,0.0,0.20075824856758118,0.0,0.0,0.5988525748252869
17,11,0.02423347719013691,5.356229394237744e-06,0.11436885595321655,0.5158151388168335,0.0474148727953434,0.0,0.0,0.0,0.0,0.0,0.5933367609977722,0.0,0.0,0.0,2.678114697118872e-06,0.057184427976608276,0.25790756940841675,0.0237074363976717,0.0,0.0,0.0,0.0,0.0,0.1186673566699028,0.0,0.0,0.481702983379364
17,12,0.022883059456944466,1.075045747711556e-05,0.13710570335388184,0.38935762643814087,0.05391538888216019,0.0,0.0,0.0,0.0,0.0,0.7552719116210938,0.0,0.0,0.0,5.37522873855778e-06,0.06855285167694092,0.19467881321907043,0.026957694441080093,0.0,0.0,0.0,0.0,0.0,0.15105438232421875,0.0,0.0,0.4641321897506714
17,13,0.010458756238222122,1.2004485142824706e-05,0.15589863061904907,0.3670397400856018,0.05539173260331154,0.0,0.0,0.0,0.0,0.0,0.7478320002555847,0.0,0.0,0.0,6.002242571412353e-06,0.07794931530952454,0.1835198700428009,0.02769586630165577,0.0,0.0,0.0,0.0,0.0,0.1495663970708847,0.0,0.0,0.4491962194442749
17,14,0.010943991132080555,9.345612852484919e-06,0.17591506242752075,0.49070751667022705,0.07348787039518356,0.0,0.0,0.0,0.0,0.0,0.8450634479522705,0.0,0.0,0.0,4.6728064262424596e-06,0.08795753121376038,0.24535375833511353,0.03674393519759178,0.0,0.0,0.0,0.0,0.0,0.16901269555091858,0.0,0.0,0.5500165820121765
17,15,0.02405100129544735,7.965976692503318e-06,0.11101925373077393,0.5878603458404541,0.11128326505422592,0.0,0.0,0.0,0.0,0.0,0.5459622144699097,0.0,0.0,0.0,3.982988346251659e-06,0.05550962686538696,0.29393017292022705,0.05564163252711296,0.0,0.0,0.0,0.0,0.0,0.10919244587421417,0.0,0.0,0.5383288264274597
17,16,0.02630244754254818,1.3406024663709104e-05,0.15580719709396362,0.4685690402984619,0.08904663473367691,0.0,0.0,0.0,0.0,0.0,0.28833383321762085,0.0,0.0,0.0,6.703012331854552e-06,0.07790359854698181,0.23428452014923096,0.044523317366838455,0.0,0.0,0.0,0.0,0.0,0.05766676738858223,0.0,0.0,0.4406873881816864
17,17,0.012327881529927254,1.151124706666451e-05,0.11086201667785645,0.30909261107444763,0.08990637958049774,0.0,0.0,0.0,0.0,0.0,0.22476232051849365,0.0,0.0,0.0,5.755623533332255e-06,0.05543100833892822,0.15454630553722382,0.04495318979024887,0.0,0.0,0.0,0.0,0.0,0.04495246335864067,0.0,0.0,0.3122166097164154
17,18,0.026016633957624435,1.063476247509243e-05,0.059552133083343506,0.3218444287776947,0.10842824727296829,0.0,0.0,0.0,0.0,0.0,0.06470227241516113,0.0,0.0,0.0,5.317381237546215e-06,0.029776066541671753,0.16092221438884735,0.054214123636484146,0.0,0.0,0.0,0.0,0.0,0.012940454296767712,0.0,0.0,0.2838748097419739
17,19,0.07124055922031403,1.5216680367302615e-05,0.060643792152404785,0.4117649495601654,0.1054389700293541,0.0,0.0,0.0,0.0,0.0,0.1516348123550415,0.0,0.0,0.0,7.608340183651308e-06,0.030321896076202393,0.2058824747800827,0.05271948501467705,0.0,0.0,0.0,0.0,0.0,0.0303269624710083,0.0,0.0,0.39049896597862244
17,20,0.04081125184893608,1.0851726074179169e-05,0.14167016744613647,0.36210399866104126,0.13710029423236847,0.0,0.0,0.0,0.0,0.0,0.4711550176143646,0.0,0.0,0.0,5.425863037089584e-06,0.07083508372306824,0.18105199933052063,0.06855014711618423,0.0,0.0,0.0,0.0,0.0,0.0942310020327568,0.0,0.0,0.45548489689826965
17,21,0.05915667861700058,1.3542619853978977e-05,0.08078879117965698,0.270942747592926,0.118279829621315,0.0,0.0,0.0,0.0,0.0,0.3220524489879608,0.0,0.0,0.0,6.771309926989488e-06,0.04039439558982849,0.135471373796463,0.0591399148106575,0.0,0.0,0.0,0.0,0.0,0.0644104927778244,0.0,0.0,0.3585796356201172
17,22,0.04251452535390854,1.0575548913038801e-05,0.1362924575805664,0.23893649876117706,0.11179660260677338,0.0,0.0,0.0,0.0,0.0,0.725531816482544,0.0,0.0,0.0,5.287774456519401e-06,0.0681462287902832,0.11946824938058853,0.05589830130338669,0.0,0.0,0.0,0.0,0.0,0.14510636031627655,0.0,0.0,0.43113893270492554
17,23,0.028718721121549606,3.763909262488596e-06,0.15512508153915405,0.417169988155365,0.18317969143390656,0.0,0.0,0.0,0.0,0.0,0.5376796722412109,0.0,0.0,0.0,1.881954631244298e-06,0.07756254076957703,0.2085849940776825,0.09158984571695328,0.0,0.0,0.0,0.0,0.0,0.1075359359383583,0.0,0.0,0.5139939188957214
17,24,0.01392449252307415,1.0312119229638483e-05,0.07483994960784912,0.3141784965991974,0.13525508344173431,0.0,0.0,0.0,0.0,0.0,0.3934871554374695,0.0,0.0,0.0,5.156059614819242e-06,0.03741997480392456,0.1570892482995987,0.06762754172086716,0.0,0.0,0.0,0.0,0.0,0.07869743555784225,0.0,0.0,0.35476386547088623
17,25,0.03051052615046501,1.4060306057217531e-05,0.12342256307601929,0.37354713678359985,0.18188856542110443,0.0,0.0,0.0,0.0,0.0,0.375101774930954,0.0,0.0,0.0,7.0301530286087655e-06,0.061711281538009644,0.18677356839179993,0.09094428271055222,0.0,0.0,0.0,0.0,0.0,0.07502035796642303,0.0,0.0,0.44496703147888184
17,26,0.012782195582985878,1.2513803085312247e-05,0.15046805143356323,0.3228374421596527,0.1786489188671112,0.0,0.0,0.0,0.0,0.0,0.3980731964111328,0.0,0.0,0.0,6.256901542656124e-06,0.07523402571678162,0.16141872107982635,0.0893244594335556,0.0,0.0,0.0,0.0,0.0,0.07961463928222656,0.0,0.0,0.4183803200721741
17,27,0.015211014077067375,7.779042789479718e-06,0.07326012849807739,0.3104662597179413,0.2190982550382614,0.0,0.0,0.0,0.0,0.0,0.2973676919937134,0.0,0.0,0.0,3.889521394739859e-06,0.036630064249038696,0.15523312985897064,0.1095491275191307,0.0,0.0,0.0,0.0,0.0,0.059473540633916855,0.0,0.0,0.3761007785797119
17,28,0.04353346675634384,6.921569820406148e-06,0.16853481531143188,0.29406794905662537,0.16312125325202942,0.0,0.0,0.0,0.0,0.0,0.3736599385738373,0.0,0.0,0.0,3.460784910203074e-06,0.08426740765571594,0.14703397452831268,0.08156062662601471,0.0,0.0,0.0,0.0,0.0,0.0747319906949997,0.0,0.0,0.43113094568252563
17,29,0.013228684663772583,1.0535347428231034e-05,0.05341625213623047,0.3923810124397278,0.22738701105117798,0.0,0.0,0.0,0.0,0.0,0.45260822772979736,0.0,0.0,0.0,5.267673714115517e-06,0.026708126068115234,0.1961905062198639,0.11369350552558899,0.0,0.0,0.0,0.0,0.0,0.09052164852619171,0.0,0.0,0.44034773111343384
17,30,0.028751809149980545,4.8723154577601235e-06,0.034508347511291504,0.2918904721736908,0.22420454025268555,0.0,0.0,0.0,0.0,0.0,0.7348241806030273,0.0,0.0,0.0,2.4361577288800618e-06,0.017254173755645752,0.1459452360868454,0.11210227012634277,0.0,0.0,0.0,0.0,0.0,0.14696483314037323,0.0,0.0,0.4510207772254944
17,31,0.01650550775229931,1.2149782378401142e-05,0.06632834672927856,0.33966153860092163,0.1752895712852478,0.0,0.0,0.0,0.0,0.0,0.5051878690719604,0.0,0.0,0.0,6.074891189200571e-06,0.03316417336463928,0.16983076930046082,0.0876447856426239,0.0,0.0,0.0,0.0,0.0,0.10103757679462433,0.0,0.0,0.4081888794898987
17,32,0.027869099751114845,1.3673430657945573e-05,0.0517159104347229,0.2624116539955139,0.17984452843666077,0.0,0.0,0.0,0.0,0.0,0.11426711082458496,0.0,0.0,0.0,6.836715328972787e-06,0.02585795521736145,0.13120582699775696,0.08992226421833038,0.0,0.0,0.0,0.0,0.0,0.022853422909975052,0.0,0.0,0.297715425491333
17,33,0.016062380746006966,6.807839326938847e-06,0.07181251049041748,0.20702895522117615,0.17607790231704712,0.0,0.0,0.0,0.0,0.0,0.130440354347229,0.0,0.0,0.0,3.4039196634694235e-06,0.03590625524520874,0.10351447761058807,0.08803895115852356,0.0,0.0,0.0,0.0,0.0,0.02608807198703289,0.0,0.0,0.2696135342121124
17,34,0.0269478652626276,1.0913560799963307e-05,0.07191097736358643,0.27207618951797485,0.23344406485557556,0.0,0.0,0.0,0.0,0.0,0.3616904318332672,0.0,0.0,0.0,5.456780399981653e-06,0.03595548868179321,0.13603809475898743,0.11672203242778778,0.0,0.0,0.0,0.0,0.0,0.07233808934688568,0.0,0.0,0.3880070447921753
17,35,0.026563599705696106,1.0195539289270528e-05,0.044400930404663086,0.19728566706180573,0.1590622365474701,0.0,0.0,0.0,0.0,0.0,0.29936090111732483,0.0,0.0,0.0,5.097769644635264e-06,0.022200465202331543,0.09864283353090286,0.07953111827373505,0.0,0.0,0.0,0.0,0.0,0.059872180223464966,0.0,0.0,0.2868152856826782
17,36,0.013139444403350353,1.4341515452542808e-05,0.03631091117858887,0.32190847396850586,0.20297910273075104,0.0,0.0,0.0,0.0,0.0,0.22538048028945923,0.0,0.0,0.0,7.170757726271404e-06,0.018155455589294434,0.16095423698425293,0.10148955136537552,0.0,0.0,0.0,0.0,0.0,0.045076098293066025,0.0,0.0,0.3388219475746155
17,37,0.03165804594755173,1.0466996172908694e-05,0.06598293781280518,0.25646644830703735,0.2525412440299988,0.0,0.0,0.0,0.0,0.0,0.38481807708740234,0.0,0.0,0.0,5.233498086454347e-06,0.03299146890640259,0.12823322415351868,0.1262706220149994,0.0,0.0,0.0,0.0,0.0,0.07696361839771271,0.0,0.0,0.3961222171783447
17,38,0.031127970665693283,8.064934263529722e-06,0.14861911535263062,0.24499256908893585,0.247304767370224,0.0,0.0,0.0,0.0,0.0,0.2652973532676697,0.0,0.0,0.0,4.032467131764861e-06,0.07430955767631531,0.12249628454446793,0.123652383685112,0.0,0.0,0.0,0.0,0.0,0.053059469908475876,0.0,0.0,0.40464967489242554
17,39,0.019616151228547096,9.065870472113602e-06,0.04158425331115723,0.2120000422000885,0.19926847517490387,0.0,0.0,0.0,0.0,0.0,0.20820921659469604,0.0,0.0,0.0,4.532935236056801e-06,0.020792126655578613,0.10600002110004425,0.09963423758745193,0.0,0.0,0.0,0.0,0.0,0.04164184257388115,0.0,0.0,0.2876889109611511
17,40,0.031091976910829544,6.690186182822799e-06,0.06372451782226562,0.18666251003742218,0.21586468815803528,0.0,0.0,0.0,0.0,0.0,0.16457688808441162,0.0,0.0,0.0,3.3450930914113997e-06,0.03186225891113281,0.09333125501871109,0.10793234407901764,0.0,0.0,0.0,0.0,0.0,0.0329153798520565,0.0,0.0,0.2971365749835968
17,41,0.02035374566912651,7.407353223243263e-06,0.03610879182815552,0.20131152868270874,0.1867123246192932,0.0,0.0,0.0,0.0,0.0,0.15691566467285156,0.0,0.0,0.0,3.7036766116216313e-06,0.01805439591407776,0.10065576434135437,0.0933561623096466,0.0,0.0,0.0,0.0,0.0,0.03138313442468643,0.0,0.0,0.26380690932273865
17,42,0.02941613271832466,7.754421858408023e-06,0.03989565372467041,0.13831046223640442,0.15959054231643677,0.0,0.0,0.0,0.0,0.0,0.2120533585548401,0.0,0.0,0.0,3.877210929204011e-06,0.019947826862335205,0.06915523111820221,0.07979527115821838,0.0,0.0,0.0,0.0,0.0,0.04241067171096802,0.0,0.0,0.24072900414466858
17,43,0.030280407518148422,1.1859930964419618e-05,0.09387201070785522,0.2601745128631592,0.17772997915744781,0.0,0.0,0.0,0.0,0.0,0.3405994474887848,0.0,0.0,0.0,5.929965482209809e-06,0.04693600535392761,0.1300872564315796,0.08886498957872391,0.0,0.0,0.0,0.0,0.0,0.06811989098787308,0.0,0.0,0.36429446935653687
17,44,0.03167426586151123,6.06063986197114e-06,0.07514780759811401,0.1775636076927185,0.1766045093536377,0.0,0.0,0.0,0.0,0.0,0.4739646315574646,0.0,0.0,0.0,3.03031993098557e-06,0.03757390379905701,0.08878180384635925,0.08830225467681885,0.0,0.0,0.0,0.0,0.0,0.0947929248213768,0.0,0.0,0.3411281704902649
17,45,0.028272300958633423,8.358426384802442e-06,0.03565329313278198,0.16113564372062683,0.1945360004901886,0.0,0.0,0.0,0.0,0.0,0.34758949279785156,0.0,0.0,0.0,4.179213192401221e-06,0.01782664656639099,0.08056782186031342,0.0972680002450943,0.0,0.0,0.0,0.0,0.0,0.06951790302991867,0.0,0.0,0.2934568524360657
17,46,0.01707136631011963,1.1428007383074146e-05,0.026242434978485107,0.19408175349235535,0.1565127968788147,0.0,0.0,0.0,0.0,0.0,0.38006117939949036,0.0,0.0,0.0,5.714003691537073e-06,0.013121217489242554,0.09704087674617767,0.07825639843940735,0.0,0.0,0.0,0.0,0.0,0.07601223886013031,0.0,0.0,0.28150779008865356
17,47,0.03022746369242668,6.459717951656785e-06,0.07010209560394287,0.15077543258666992,0.16225042939186096,0.0,0.0,0.0,0.0,0.0,0.28301599621772766,0.0,0.0,0.0,3.2298589758283924e-06,0.035051047801971436,0.07538771629333496,0.08112521469593048,0.0,0.0,0.0,0.0,0.0,0.05660320073366165,0.0,0.0,0.27839788794517517
17,48,0.019097784534096718,1.1423509022279177e-05,0.08026695251464844,0.18742626905441284,0.16655956208705902,0.0,0.0,0.0,0.0,0.0,0.3512904644012451,0.0,0.0,0.0,5.7117545111395884e-06,0.04013347625732422,0.09371313452720642,0.08327978104352951,0.0,0.0,0.0,0.0,0.0,0.07025809586048126,0.0,0.0,0.3064879775047302
17,49,0.03032282553613186,6.754788500984432e-06,0.03445464372634888,0.1673389971256256,0.1544439196586609,0.0,0.0,0.0,0.0,0.0,0.12579578161239624,0.0,0.0,0.0,3.377394250492216e-06,0.01722732186317444,0.0836694985628128,0.07722195982933044,0.0,0.0,0.0,0.0,0.0,0.025159155949950218,0.0,0.0,0.23360413312911987
17,50,0.02069849707186222,6.744936854374828e-06,0.04577052593231201,0.1725527048110962,0.18222856521606445,0.0,0.0,0.0,0.0,0.0,0.5370600819587708,0.0,0.0,0.0,3.372468427187414e-06,0.022885262966156006,0.0862763524055481,0.09111428260803223,0.0,0.0,0.0,0.0,0.0,0.10741201788187027,0.0,0.0,0.3283897936344147
17,51,0.02836277149617672,7.668295438634232e-06,0.04069864749908447,0.19703899323940277,0.13022246956825256,0.0,0.0,0.0,0.0,0.0,0.10846694558858871,0.0,0.0,0.0,3.834147719317116e-06,0.020349323749542236,0.09851949661970139,0.06511123478412628,0.0,0.0,0.0,0.0,0.0,0.021693389862775803,0.0,0.0,0.2340400516986847
17,52,0.02228703536093235,5.941689778410364e-06,0.049428462982177734,0.10421973466873169,0.15152809023857117,0.0,0.0,0.0,0.0,0.0,0.12910255789756775,0.0,0.0,0.0,2.970844889205182e-06,0.024714231491088867,0.052109867334365845,0.07576404511928558,0.0,0.0,0.0,0.0,0.0,0.02582051232457161,0.0,0.0,0.20069865882396698
17,53,0.021764807403087616,5.54486405235366e-06,0.040938377380371094,0.11194142699241638,0.0973314568400383,0.0,0.0,0.0,0.0,0.0,0.294796884059906,0.0,0.0,0.0,2.77243202617683e-06,0.020469188690185547,0.05597071349620819,0.04866572842001915,0.0,0.0,0.0,0.0,0.0,0.05895937606692314,0.0,0.0,0.2058325856924057
17,54,0.0248932633548975,9.279916412197053e-06,0.08120185136795044,0.26575371623039246,0.16964711248874664,0.0,0.0,0.0,0.0,0.0,0.45031455159187317,0.0,0.0,0.0,4.639958206098527e-06,0.04060092568397522,0.13287685811519623,0.08482355624437332,0.0,0.0,0.0,0.0,0.0,0.09006290882825851,0.0,0.0,0.3732621669769287
17,55,0.03495779260993004,6.044534075044794e-06,0.04934746026992798,0.11047321557998657,0.10610441863536835,0.0,0.0,0.0,0.0,0.0,0.07814741134643555,0.0,0.0,0.0,3.022267037522397e-06,0.02467373013496399,0.055236607789993286,0.053052209317684174,0.0,0.0,0.0,0.0,0.0,0.0156294833868742,0.0,0.0,0.1835528463125229
17,56,0.021975254639983177,7.420422207360389e-06,0.05127429962158203,0.14098939299583435,0.08012941479682922,0.0,0.0,0.0,0.0,0.0,0.10761129856109619,0.0,0.0,0.0,3.7102111036801944e-06,0.025637149810791016,0.07049469649791718,0.04006470739841461,0.0,0.0,0.0,0.0,0.0,0.02152225933969021,0.0,0.0,0.17969778180122375
17,57,0.03224333003163338,3.8827897697046865e-06,0.030345678329467773,0.08640512824058533,0.052290529012680054,0.0,0.0,0.0,0.0,0.0,0.15516716241836548,0.0,0.0,0.0,1.9413948848523432e-06,0.015172839164733887,0.043202564120292664,0.026145264506340027,0.0,0.0,0.0,0.0,0.0,0.031033432111144066,0.0,0.0,0.14779937267303467
17,58,0.025598466396331787,7.11121310814633e-06,0.02635824680328369,0.12125241756439209,0.004379041492938995,0.0,0.0,0.0,0.0,0.0,0.5284528732299805,0.0,0.0,0.0,3.555606554073165e-06,0.013179123401641846,0.060626208782196045,0.0021895207464694977,0.0,0.0,0.0,0.0,0.0,0.10569057613611221,0.0,0.0,0.20728746056556702
17,59,0.0425998792052269,7.67153142078314e-06,0.03592252731323242,0.13839209079742432,0.11191007494926453,0.0,0.0,0.0,0.0,0.0,0.1784210205078125,0.0,0.0,0.0,3.83576571039157e-06,0.01796126365661621,0.06919604539871216,0.05595503747463226,0.0,0.0,0.0,0.0,0.0,0.03568420559167862,0.0,0.0,0.22140026092529297
17,60,0.034350406378507614,1.8675744968277286e-06,0.035721659660339355,0.08972397446632385,0.06508898735046387,0.0,0.0,0.0,0.0,0.0,0.12786513566970825,0.0,0.0,0.0,9.337872484138643e-07,0.017860829830169678,0.044861987233161926,0.032544493675231934,0.0,0.0,0.0,0.0,0.0,0.02557302825152874,0.0,0.0,0.15519167482852936
17,61,0.03640507534146309,6.031505108694546e-06,0.031963050365448,0.10419803857803345,0.07704836130142212,0.0,0.0,0.0,0.0,0.0,0.1143268346786499,0.0,0.0,0.0,3.015752554347273e-06,0.015981525182724,0.052099019289016724,0.03852418065071106,0.0,0.0,0.0,0.0,0.0,0.02286536805331707,0.0,0.0,0.16587819159030914
17,62,0.027710452675819397,2.2280335087998537e-06,0.02051633596420288,0.09532022476196289,0.009313344955444336,0.0,0.0,0.0,0.0,0.0,0.15969419479370117,0.0,0.0,0.0,1.1140167543999269e-06,0.01025816798210144,0.047660112380981445,0.004656672477722168,0.0,0.0,0.0,0.0,0.0,0.031938839703798294,0.0,0.0,0.12222535908222198
17,63,0.04975060373544693,8.52542416396318e-06,0.04418450593948364,0.22731268405914307,-0.013244293630123138,0.0,0.0,0.0,0.0,0.0,0.1678828001022339,0.0,0.0,0.0,4.26271208198159e-06,0.02209225296974182,0.11365634202957153,-0.006622146815061569,0.0,0.0,0.0,0.0,0.0,0.03357655927538872,0.0,0.0,0.21245786547660828
17,64,0.029668446630239487,4.707086191046983e-06,0.09107697010040283,0.14792916178703308,0.028080157935619354,0.0,0.0,0.0,0.0,0.0,0.19289064407348633,0.0,0.0,0.0,2.3535430955234915e-06,0.045538485050201416,0.07396458089351654,0.014040078967809677,0.0,0.0,0.0,0.0,0.0,0.038578130304813385,0.0,0.0,0.20179209113121033
17,65,0.04435712844133377,2.9342895686568227e-06,0.02671992778778076,0.11755767464637756,-0.006114646792411804,0.0,0.0,0.0,0.0,0.0,0.14742803573608398,0.0,0.0,0.0,1.4671447843284113e-06,0.01335996389389038,0.05877883732318878,-0.003057323396205902,0.0,0.0,0.0,0.0,0.0,0.029485607519745827,0.0,0.0,0.1429256796836853
17,66,0.033272434026002884,1.501743440712744e-06,0.025072574615478516,0.14509108662605286,-0.03588322550058365,0.0,0.0,0.0,0.0,0.0,0.41646090149879456,0.0,0.0,0.0,7.50871720356372e-07,0.012536287307739258,0.07254554331302643,-0.017941612750291824,0.0,0.0,0.0,0.0,0.0,0.08329217880964279,0.0,0.0,0.18370559811592102
17,67,0.029836511239409447,8.650451491121203e-06,0.040795743465423584,0.15316224098205566,-0.04688049480319023,0.0,0.0,0.0,0.0,0.0,0.37460270524024963,0.0,0.0,0.0,4.325225745560601e-06,0.020397871732711792,0.07658112049102783,-0.023440247401595116,0.0,0.0,0.0,0.0,0.0,0.07492054253816605,0.0,0.0,0.17830011248588562
17,68,0.03906547278165817,2.5620593078201637e-06,0.05020904541015625,0.11641782522201538,-0.028153052553534508,0.0,0.0,0.0,0.0,0.0,0.27050578594207764,0.0,0.0,0.0,1.2810296539100818e-06,0.025104522705078125,0.05820891261100769,-0.014076526276767254,0.0,0.0,0.0,0.0,0.0,0.05410115793347359,0.0,0.0,0.16240482032299042
17,69,0.026678895577788353,5.850839443155564e-06,0.0265769362449646,0.1162906289100647,0.046535249799489975,0.0,0.0,0.0,0.0,0.0,0.0,0.0,0.0,0.0,2.925419721577782e-06,0.0132884681224823,0.05814531445503235,0.023267624899744987,0.0,0.0,0.0,0.0,0.0,0.0,0.0,0.0,0.12138323485851288
17,70,0.032397426664829254,3.057844423892675e-06,0.03813415765762329,0.12738633155822754,0.0318731814622879,0.0,0.0,0.0,0.0,0.0,0.2362600564956665,0.0,0.0,0.0,1.5289222119463375e-06,0.019067078828811646,0.06369316577911377,0.01593659073114395,0.0,0.0,0.0,0.0,0.0,0.04725201055407524,0.0,0.0,0.17834781110286713
17,71,0.024912742897868156,3.023165845661424e-06,0.027018964290618896,0.11522248387336731,-0.011049125343561172,0.0,0.0,0.0,0.0,0.0,0.1672975718975067,0.0,0.0,0.0,1.511582922830712e-06,0.013509482145309448,0.057611241936683655,-0.005524562671780586,0.0,0.0,0.0,0.0,0.0,0.03345951437950134,0.0,0.0,0.12396993488073349
17,72,0.030918309465050697,3.788897402046132e-06,0.04429733753204346,0.1416776478290558,0.04555502161383629,0.0,0.0,0.0,0.0,0.0,0.33604174852371216,0.0,0.0,0.0,1.894448701023066e-06,0.02214866876602173,0.0708388239145279,0.022777510806918144,0.0,0.0,0.0,0.0,0.0,0.06720834970474243,0.0,0.0,0.2138935625553131
17,73,0.029665902256965637,4.181940767011838e-06,0.056925058364868164,0.08320331573486328,0.049264878034591675,0.0,0.0,0.0,0.0,0.0,0.17699933052062988,0.0,0.0,0.0,2.090970383505919e-06,0.028462529182434082,0.04160165786743164,0.024632439017295837,0.0,0.0,0.0,0.0,0.0,0.03539986535906792,0.0,0.0,0.15976448357105255
17,74,0.028291095048189163,3.615479045038228e-06,0.06691360473632812,0.09331583976745605,0.07336235791444778,0.0,0.0,0.0,0.0,0.0,0.10936379432678223,0.0,0.0,0.0,1.807739522519114e-06,0.03345680236816406,0.04665791988372803,0.03668117895722389,0.0,0.0,0.0,0.0,0.0,0.021872758865356445,0.0,0.0,0.16696156561374664
17,75,0.025555450469255447,3.2488940178154735e-06,0.03054887056350708,0.0919584333896637,0.08039168268442154,0.0,0.0,0.0,0.0,0.0,0.10464286804199219,0.0,0.0,0.0,1.6244470089077367e-06,0.01527443528175354,0.04597921669483185,0.04019584134221077,0.0,0.0,0.0,0.0,0.0,0.020928574725985527,0.0,0.0,0.14793513715267181
17,76,0.025401443243026733,2.7476446575747104e-06,0.021632373332977295,0.08810877799987793,0.03889060765504837,0.0,0.0,0.0,0.0,0.0,0.14281809329986572,0.0,0.0,0.0,1.3738223287873552e-06,0.010816186666488647,0.044054388999938965,0.019445303827524185,0.0,0.0,0.0,0.0,0.0,0.028563618659973145,0.0,0.0,0.1282823085784912
17,77,0.02645137347280979,8.451632425021671e-07,0.017761290073394775,0.056760817766189575,0.058300163596868515,0.0,0.0,0.0,0.0,0.0,0.11050719022750854,0.0,0.0,0.0,4.2258162125108356e-07,0.008880645036697388,0.028380408883094788,0.029150081798434258,0.0,0.0,0.0,0.0,0.0,0.02210143767297268,0.0,0.0,0.11496437340974808
17,78,0.02948024496436119,1.3652880625159014e-05,0.04501301050186157,0.19156351685523987,0.013444103300571442,0.0,0.0,0.0,0.0,0.0,0.14884419739246368,0.0,0.0,0.0,6.826440312579507e-06,0.022506505250930786,0.09578175842761993,0.006722051650285721,0.0,0.0,0.0,0.0,0.0,0.029768839478492737,0.0,0.0,0.18426622450351715
17,79,0.02721574530005455,2.583035211500828e-06,0.023363173007965088,0.1293136179447174,0.07852791249752045,0.0,0.0,0.0,0.0,0.0,0.3316430449485779,0.0,0.0,0.0,1.291517605750414e-06,0.011681586503982544,0.0646568089723587,0.03926395624876022,0.0,0.0,0.0,0.0,0.0,0.06632860749959946,0.0,0.0,0.20914798974990845
17,80,0.024349164217710495,3.163575229336857e-06,0.08644884824752808,0.14682862162590027,0.02076141908764839,0.0,0.0,0.0,0.0,0.0,0.11991351842880249,0.0,0.0,0.0,1.5817876146684284e-06,0.04322442412376404,0.07341431081295013,0.010380709543824196,0.0,0.0,0.0,0.0,0.0,0.023982703685760498,0.0,0.0,0.17535290122032166
17,81,0.026544028893113136,2.643726475071162e-06,0.013830959796905518,0.07947894930839539,0.04944353550672531,0.0,0.0,0.0,0.0,0.0,0.09080880880355835,0.0,0.0,0.0,1.321863237535581e-06,0.006915479898452759,0.03973947465419769,0.024721767753362656,0.0,0.0,0.0,0.0,0.0,0.01816176250576973,0.0,0.0,0.11608383059501648
17,82,0.025430049747228622,1.526950313746056e-06,0.05114030838012695,0.07108601927757263,0.0562233068048954,0.0,0.0,0.0,0.0,0.0,0.20315034687519073,0.0,0.0,0.0,7.63475156873028e-07,0.025570154190063477,0.035543009638786316,0.0281116534024477,0.0,0.0,0.0,0.0,0.0,0.04063006862998009,0.0,0.0,0.15528570115566254
17,83,0.030767494812607765,4.5400906856229994e-06,0.09174388647079468,0.11959856748580933,0.06024986505508423,0.0,0.0,0.0,0.0,0.0,0.453876256942749,0.0,0.0,0.0,2.2700453428114997e-06,0.04587194323539734,0.05979928374290466,0.030124932527542114,0.0,0.0,0.0,0.0,0.0,0.0907752513885498,0.0,0.0,0.2573411762714386
17,84,0.029271701350808144,2.4698285869817482e-06,0.01827859878540039,0.10153773427009583,0.04483703151345253,0.0,0.0,0.0,0.0,0.0,0.12559866905212402,0.0,0.0,0.0,1.2349142934908741e-06,0.009139299392700195,0.05076886713504791,0.022418515756726265,0.0,0.0,0.0,0.0,0.0,0.025119734928011894,0.0,0.0,0.13671934604644775
17,85,0.023086916655302048,1.5511793662881246e-06,0.02391153573989868,0.08218574523925781,-0.015003178268671036,0.0,0.0,0.0,0.0,0.0,0.3042931854724884,0.0,0.0,0.0,7.755896831440623e-07,0.01195576786994934,0.041092872619628906,-0.007501589134335518,0.0,0.0,0.0,0.0,0.0,0.06085863709449768,0.0,0.0,0.12949338555335999
17,86,0.02787616476416588,9.79945070866961e-07,0.0266227126121521,0.07298362255096436,0.042333394289016724,0.0,0.0,0.0,0.0,0.0,0.16723017394542694,0.0,0.0,0.0,4.899725354334805e-07,0.01331135630607605,0.03649181127548218,0.021166697144508362,0.0,0.0,0.0,0.0,0.0,0.03344603627920151,0.0,0.0,0.13229255378246307
17,87,0.027928780764341354,4.702797014033422e-06,0.022240400314331055,0.12457984685897827,-0.023151058703660965,0.0,0.0,0.0,0.0,0.0,0.34909114241600037,0.0,0.0,0.0,2.351398507016711e-06,0.011120200157165527,0.062289923429489136,-0.011575529351830482,0.0,0.0,0.0,0.0,0.0,0.06981822848320007,0.0,0.0,0.1595839560031891
17,88,0.03016676940023899,1.2078494364686776e-06,0.02939605712890625,0.07613277435302734,0.03422892838716507,0.0,0.0,0.0,0.0,0.0,0.1273919939994812,0.0,0.0,0.0,6.039247182343388e-07,0.014698028564453125,0.03806638717651367,0.017114464193582535,0.0,0.0,0.0,0.0,0.0,0.02547839842736721,0.0,0.0,0.125524640083313
17,89,0.026428651064634323,5.9714952840295155e-06,0.062428176403045654,0.09325093030929565,0.06878843903541565,0.0,0.0,0.0,0.0,0.0,0.14561378955841064,0.0,0.0,0.0,2.9857476420147577e-06,0.031214088201522827,0.04662546515464783,0.034394219517707825,0.0,0.0,0.0,0.0,0.0,0.02912275865674019,0.0,0.0,0.16778816282749176
17,90,0.029334116727113724,2.7223948109167395e-06,0.017092227935791016,0.07233303785324097,0.04132241755723953,0.0,0.0,0.0,0.0,0.0,0.09108773618936539,0.0,0.0,0.0,1.3611974054583698e-06,0.008546113967895508,0.03616651892662048,0.020661208778619766,0.0,0.0,0.0,0.0,0.0,0.018217546865344048,0.0,0.0,0.11292687058448792
17,91,0.026379823684692383,3.7311569940357003e-06,0.020943939685821533,0.06903383135795593,0.04720452427864075,0.0,0.0,0.0,0.0,0.0,0.2620500326156616,0.0,0.0,0.0,1.8655784970178502e-06,0.010471969842910767,0.034516915678977966,0.023602262139320374,0.0,0.0,0.0,0.0,0.0,0.052410006523132324,0.0,0.0,0.14738284051418304
17,92,0.030898049473762512,9.24653977563139e-06,0.03327900171279907,0.09905147552490234,-0.00924550462514162,0.0,0.0,0.0,0.0,0.0,0.15196222066879272,0.0,0.0,0.0,4.623269887815695e-06,0.016639500856399536,0.04952573776245117,-0.00462275231257081,0.0,0.0,0.0,0.0,0.0,0.030392443761229515,0.0,0.0,0.1228376030921936
17,93,0.02862686477601528,2.7531291380000766e-06,0.01956617832183838,0.10180824995040894,0.011793374083936214,0.0,0.0,0.0,0.0,0.0,0.12974107265472412,0.0,0.0,0.0,1.3765645690000383e-06,0.00978308916091919,0.05090412497520447,0.005896687041968107,0.0,0.0,0.0,0.0,0.0,0.025948215276002884,0.0,0.0,0.1211603581905365
17,94,0.02410813421010971,7.053029662529298e-07,0.05173075199127197,0.06579199433326721,0.029208755120635033,0.0,0.0,0.0,0.0,0.0,0.17583191394805908,0.0,0.0,0.0,3.526514831264649e-07,0.025865375995635986,0.032895997166633606,0.014604377560317516,0.0,0.0,0.0,0.0,0.0,0.035166382789611816,0.0,0.0,0.13264061510562897
17,95,0.03366478905081749,1.4016289924256853e-06,0.024280786514282227,0.08546316623687744,0.060314398258924484,0.0,0.0,0.0,0.0,0.0,0.21417677402496338,0.0,0.0,0.0,7.008144962128426e-07,0.012140393257141113,0.04273158311843872,0.030157199129462242,0.0,0.0,0.0,0.0,0.0,0.042835354804992676,0.0,0.0,0.1615300178527832
17,96,0.025344660505652428,2.247364591312362e-06,0.09553039073944092,0.09643024206161499,0.08029742538928986,0.0,0.0,0.0,0.0,0.0,0.0,0.0,0.0,0.0,1.123682295656181e-06,0.04776519536972046,0.048215121030807495,0.04014871269464493,0.0,0.0,0.0,0.0,0.0,0.0,0.0,0.0,0.1614748239517212
17,97,0.02603314258158207,4.307612471166067e-06,0.026637017726898193,0.0635281503200531,0.006056837737560272,0.0,0.0,0.0,0.0,0.0,0.22857850790023804,0.0,0.0,0.0,2.1538062355830334e-06,0.013318508863449097,0.03176407516002655,0.003028418868780136,0.0,0.0,0.0,0.0,0.0,0.04571570083498955,0.0,0.0,0.11986200511455536
17,98,0.032551463693380356,1.7287080709138536e-06,0.03574109077453613,0.11054635047912598,-0.028703533113002777,0.0,0.0,0.0,0.0,0.0,0.0762624740600586,0.0,0.0,0.0,8.643540354569268e-07,0.017870545387268066,0.05527317523956299,-0.014351766556501389,0.0,0.0,0.0,0.0,0.0,0.015252495184540749,0.0,0.0,0.10659677535295486
17,99,0.024746466428041458,2.4980545276775956e-06,0.01825469732284546,0.06906893849372864,0.01515319012105465,0.0,0.0,0.0,0.0,0.0,0.12001430988311768,0.0,0.0,0.0,1.2490272638387978e-06,0.00912734866142273,0.03453446924686432,0.007576595060527325,0.0,0.0,0.0,0.0,0.0,0.024002863094210625,0.0,0.0,0.09998898953199387
17,100,0.026730526238679886,1.5599301832480705e-06,0.038501083850860596,0.12997999787330627,0.02855389006435871,0.0,0.0,0.0,0.0,0.0,0.1613985300064087,0.0,0.0,0.0,7.799650916240353e-07,0.019250541925430298,0.06498999893665314,0.014276945032179356,0.0,0.0,0.0,0.0,0.0,0.03227970749139786,0.0,0.0,0.15752848982810974
18,1,0.039645299315452576,1.4295381333795376e-05,0.15441101789474487,0.5391156077384949,0.0020076362416148186,0.0,0.0,0.0,0.0,0.0,0.5573344230651855,0.0,0.0,0.0,7.147690666897688e-06,0.07720550894737244,0.26955780386924744,0.0010038181208074093,0.0,0.0,0.0,0.0,0.0,0.11146688461303711,0.0,0.0,0.49888649582862854
18,2,0.04549703001976013,7.073592314554844e-06,0.18068534135818481,0.6620982885360718,0.011470436118543148,0.0,0.0,0.0,0.0,0.0,0.6745116114616394,0.0,0.0,0.0,3.536796157277422e-06,0.09034267067909241,0.3310491442680359,0.005735218059271574,0.0,0.0,0.0,0.0,0.0,0.13490232825279236,0.0,0.0,0.607529878616333
18,3,0.013829700648784637,1.1011556125595234e-05,0.15191364288330078,0.5067319869995117,0.00759709719568491,0.0,0.0,0.0,0.0,0.0,0.3045501708984375,0.0,0.0,0.0,5.505778062797617e-06,0.07595682144165039,0.25336599349975586,0.003798548597842455,0.0,0.0,0.0,0.0,0.0,0.06091003492474556,0.0,0.0,0.40786659717559814
18,4,0.011445024982094765,1.1585835636651609e-05,0.11700624227523804,0.5192817449569702,0.009352046065032482,0.0,0.0,0.0,0.0,0.0,0.5305620431900024,0.0,0.0,0.0,5.7929178183258045e-06,0.05850312113761902,0.2596408724784851,0.004676023032516241,0.0,0.0,0.0,0.0,0.0,0.10611241310834885,0.0,0.0,0.44038325548171997
18,5,0.023282106965780258,7.575243671453791e-06,0.14594638347625732,0.4375472962856293,-0.0029822331853210926,0.0,0.0,0.0,0.0,0.0,0.2309066653251648,0.0,0.0,0.0,3.7876218357268954e-06,0.07297319173812866,0.21877364814281464,-0.0014911165926605463,0.0,0.0,0.0,0.0,0.0,0.0461813323199749,0.0,0.0,0.35972291231155396
18,6,0.023483503609895706,9.520749699731823e-06,0.10434830188751221,0.41755837202072144,0.010672073811292648,0.0,0.0,0.0,0.0,0.0,0.7108137011528015,0.0,0.0,0.0,4.7603748498659115e-06,0.052174150943756104,0.20877918601036072,0.005336036905646324,0.0,0.0,0.0,0.0,0.0,0.1421627402305603,0.0,0.0,0.43194037675857544
18,7,0.008664841763675213,1.4439870938076638e-05,0.17435944080352783,0.45316287875175476,0.011271383613348007,0.0,0.0,0.0,0.0,0.0,0.5862650275230408,0.0,0.0,0.0,7.219935469038319e-06,0.08717972040176392,0.22658143937587738,0.005635691806674004,0.0,0.0,0.0,0.0,0.0,0.11725300550460815,0.0,0.0,0.4453219175338745
18,8,0.02348024956882,9.547471563564613e-06,0.15799963474273682,0.6419519186019897,0.0111155416816473,0.0,0.0,0.0,0.0,0.0,0.0,0.0,0.0,0.0,4.773735781782307e-06,0.07899981737136841,0.3209759593009949,0.00555777084082365,0.0,0.0,0.0,0.0,0.0,0.0,0.0,0.0,0.4290185570716858
18,9,0.02197125367820263,1.104257989936741e-05,0.07268083095550537,0.2824958264827728,0.02468794584274292,0.0,0.0,0.0,0.0,0.0,0.3215586543083191,0.0,0.0,0.0,5.521289949683705e-06,0.036340415477752686,0.1412479132413864,0.01234397292137146,0.0,0.0,0.0,0.0,0.0,0.06431173533201218,0.0,0.0,0.27622082829475403
18,10,0.010065939277410507,1.0492568435438443e-05,0.20359385013580322,0.42405790090560913,0.033707041293382645,0.0,0.0,0.0,0.0,0.0,0.6206634044647217,0.0,0.0,0.0,5.2462842177192215e-06,0.10179692506790161,0.21202895045280457,0.016853520646691322,0.0,0.0,0.0,0.0,0.0,0.1241326853632927,0.0,0.0,0.4648832678794861
18,11,0.03233076259493828,1.0404687600384932e-05,0.07285809516906738,0.33398592472076416,0.0396609827876091,0.0,0.0,0.0,0.0,0.0,0.36904093623161316,0.0,0.0,0.0,5.202343800192466e-06,0.03642904758453369,0.16699296236038208,0.01983049139380455,0.0,0.0,0.0,0.0,0.0,0.07380818575620651,0.0,0.0,0.32939666509628296
18,12,0.03188524767756462,1.1488384188851342e-05,0.1302470564842224,0.31011903285980225,0.048620130866765976,0.0,0.0,0.0,0.0,0.0,0.7389225959777832,0.0,0.0,0.0,5.744192094425671e-06,0.0651235282421112,0.15505951642990112,0.024310065433382988,0.0,0.0,0.0,0.0,0.0,0.1477845162153244,0.0,0.0,0.42416858673095703
18,13,0.020007900893688202,1.4577724869013764e-05,0.15278565883636475,0.267148494720459,0.05183786153793335,0.0,0.0,0.0,0.0,0.0,0.6562004685401917,0.0,0.0,0.0,7.288862434506882e-06,0.07639282941818237,0.1335742473602295,0.025918930768966675,0.0,0.0,0.0,0.0,0.0,0.1312400996685028,0.0,0.0,0.38714128732681274
18,14,0.021698562428355217,1.1204590009583626e-05,0.06350791454315186,0.3312761187553406,0.04691171646118164,0.0,0.0,0.0,0.0,0.0,0.18945932388305664,0.0,0.0,0.0,5.602295004791813e-06,0.03175395727157593,0.1656380593776703,0.02345585823059082,0.0,0.0,0.0,0.0,0.0,0.03789186477661133,0.0,0.0,0.2804439067840576
18,15,0.026698410511016846,1.3801715795125347e-05,0.07845556735992432,0.4260607957839966,0.08788144588470459,0.0,0.0,0.0,0.0,0.0,0.5464155673980713,0.0,0.0,0.0,6.900857897562673e-06,0.03922778367996216,0.2130303978919983,0.043940722942352295,0.0,0.0,0.0,0.0,0.0,0.10928311198949814,0.0,0.0,0.43218734860420227
18,16,0.029137548059225082,7.806428584444802e-06,0.13102537393569946,0.3620985448360443,0.07773090898990631,0.0,0.0,0.0,0.0,0.0,0.20244282484054565,0.0,0.0,0.0,3.903214292222401e-06,0.06551268696784973,0.18104927241802216,0.038865454494953156,0.0,0.0,0.0,0.0,0.0,0.04048856720328331,0.0,0.0,0.3550574481487274
18,17,0.011968997307121754,1.5317637007683516e-05,0.13961458206176758,0.3399837017059326,0.09357330203056335,0.0,0.0,0.0,0.0,0.0,0.1186220645904541,0.0,0.0,0.0,7.658818503841758e-06,0.06980729103088379,0.1699918508529663,0.04678665101528168,0.0,0.0,0.0,0.0,0.0,0.02372441254556179,0.0,0.0,0.3222868740558624
18,18,0.02649521827697754,1.0471881068951916e-05,0.051875412464141846,0.29941439628601074,0.09226952493190765,0.0,0.0,0.0,0.0,0.0,0.06231379508972168,0.0,0.0,0.0,5.235940534475958e-06,0.025937706232070923,0.14970719814300537,0.04613476246595383,0.0,0.0,0.0,0.0,0.0,0.012462759390473366,0.0,0.0,0.2607429027557373
18,19,0.027453934773802757,1.411873017787002e-05,0.05197793245315552,0.3840412199497223,0.10602668672800064,0.0,0.0,0.0,0.0,0.0,0.16454243659973145,0.0,0.0,0.0,7.05936508893501e-06,0.02598896622657776,0.19202060997486115,0.05301334336400032,0.0,0.0,0.0,0.0,0.0,0.03290848806500435,0.0,0.0,0.33139240741729736
18,20,0.011271950788795948,1.4570985513273627e-05,0.10672670602798462,0.35878390073776245,0.11950775980949402,0.0,0.0,0.0,0.0,0.0,0.4435490071773529,0.0,0.0,0.0,7.285492756636813e-06,0.05336335301399231,0.17939195036888123,0.05975387990474701,0.0,0.0,0.0,0.0,0.0,0.08870980143547058,0.0,0.0,0.3924982249736786
18,21,0.029100686311721802,1.101509860745864e-05,0.08135610818862915,0.24488775432109833,0.10669948905706406,0.0,0.0,0.0,0.0,0.0,0.3767499625682831,0.0,0.0,0.0,5.50754930372932e-06,0.040678054094314575,0.12244387716054916,0.05334974452853203,0.0,0.0,0.0,0.0,0.0,0.07534999400377274,0.0,0.0,0.32092785835266113
18,22,0.030649755150079727,1.159346902568359e-05,0.14420247077941895,0.247464120388031,0.10769732296466827,0.0,0.0,0.0,0.0,0.0,0.6725146174430847,0.0,0.0,0.0,5.796734512841795e-06,0.07210123538970947,0.1237320601940155,0.05384866148233414,0.0,0.0,0.0,0.0,0.0,0.13450293242931366,0.0,0.0,0.4148404598236084
18,23,0.02828880585730076,2.913294565587421e-06,0.13102149963378906,0.3924943506717682,0.14300353825092316,0.0,0.0,0.0,0.0,0.0,0.489094614982605,0.0,0.0,0.0,1.4566472827937105e-06,0.06551074981689453,0.1962471753358841,0.07150176912546158,0.0,0.0,0.0,0.0,0.0,0.09781892597675323,0.0,0.0,0.45936888456344604
18,24,0.01788685843348503,8.491411790600978e-06,0.07596063613891602,0.32195883989334106,0.1410171240568161,0.0,0.0,0.0,0.0,0.0,0.4160674512386322,0.0,0.0,0.0,4.245705895300489e-06,0.03798031806945801,0.16097941994667053,0.07050856202840805,0.0,0.0,0.0,0.0,0.0,0.08321349322795868,0.0,0.0,0.37057292461395264
18,25,0.027560364454984665,7.4484164542809594e-06,0.10934680700302124,0.2801155745983124,0.1853044629096985,0.0,0.0,0.0,0.0,0.0,0.3505002558231354,0.0,0.0,0.0,3.7242082271404797e-06,0.05467340350151062,0.1400577872991562,0.09265223145484924,0.0,0.0,0.0,0.0,0.0,0.07010005414485931,0.0,0.0,0.3850475549697876
18,26,0.01618758775293827,1.0578933142824098e-05,0.15234798192977905,0.2928001284599304,0.1838281899690628,0.0,0.0,0.0,0.0,0.0,0.3680126667022705,0.0,0.0,0.0,5.289466571412049e-06,0.07617399096488953,0.1464000642299652,0.0919140949845314,0.0,0.0,0.0,0.0,0.0,0.07360253483057022,0.0,0.0,0.4042835533618927
18,27,0.01134975254535675,1.1611127774813212e-05,0.054097533226013184,0.28512102365493774,0.19768664240837097,0.0,0.0,0.0,0.0,0.0,0.21995492279529572,0.0,0.0,0.0,5.805563887406606e-06,0.027048766613006592,0.14256051182746887,0.09884332120418549,0.0,0.0,0.0,0.0,0.0,0.04399098455905914,0.0,0.0,0.32379913330078125
18,28,0.04113226383924484,4.283697307982948e-06,0.16880309581756592,0.2720232903957367,0.17271022498607635,0.0,0.0,0.0,0.0,0.0,0.2805453836917877,0.0,0.0,0.0,2.141848653991474e-06,0.08440154790878296,0.13601164519786835,0.08635511249303818,0.0,0.0,0.0,0.0,0.0,0.05610907822847366,0.0,0.0,0.4040117859840393
18,29,0.011522594839334488,9.323802260041703e-06,0.05615431070327759,0.2764345109462738,0.20959314703941345,0.0,0.0,0.0,0.0,0.0,0.43965786695480347,0.0,0.0,0.0,4.661901130020851e-06,0.028077155351638794,0.1382172554731369,0.10479657351970673,0.0,0.0,0.0,0.0,0.0,0.0879315733909607,0.0,0.0,0.3705497980117798
18,30,0.02813771367073059,3.609250825320487e-06,0.039655983448028564,0.2475898712873459,0.1941784918308258,0.0,0.0,0.0,0.0,0.0,0.1978052854537964,0.0,0.0,0.0,1.8046254126602435e-06,0.019827991724014282,0.12379493564367294,0.0970892459154129,0.0,0.0,0.0,0.0,0.0,0.039561059325933456,0.0,0.0,0.3084127604961395
18,31,0.01608668826520443,1.142658857133938e-05,0.06932979822158813,0.3016742467880249,0.1988915503025055,0.0,0.0,0.0,0.0,0.0,0.4412660002708435,0.0,0.0,0.0,5.71329428566969e-06,0.03466489911079407,0.15083712339401245,0.09944577515125275,0.0,0.0,0.0,0.0,0.0,0.0882532000541687,0.0,0.0,0.3892934024333954
18,32,0.025997528806328773,1.2332106052781455e-05,0.04454934597015381,0.22195692360401154,0.1980750858783722,0.0,0.0,0.0,0.0,0.0,0.11419796943664551,0.0,0.0,0.0,6.166053026390728e-06,0.022274672985076904,0.11097846180200577,0.0990375429391861,0.0,0.0,0.0,0.0,0.0,0.02283959463238716,0.0,0.0,0.2811339795589447
18,33,0.01380690187215805,6.419921646738658e-06,0.07938450574874878,0.18707025051116943,0.19978740811347961,0.0,0.0,0.0,0.0,0.0,0.12599468231201172,0.0,0.0,0.0,3.209960823369329e-06,0.03969225287437439,0.09353512525558472,0.09989370405673981,0.0,0.0,0.0,0.0,0.0,0.025198936462402344,0.0,0.0,0.2721301317214966
18,34,0.0295347161591053,6.911364835104905e-06,0.06879127025604248,0.2734367847442627,0.2710203528404236,0.0,0.0,0.0,0.0,0.0,0.38405856490135193,0.0,0.0,0.0,3.4556824175524525e-06,0.03439563512802124,0.13671839237213135,0.1355101764202118,0.0,0.0,0.0,0.0,0.0,0.07681171596050262,0.0,0.0,0.41297411918640137
18,35,0.025225568562746048,9.938282346411142e-06,0.03989517688751221,0.1595171093940735,0.12881538271903992,0.0,0.0,0.0,0.0,0.0,0.29859182238578796,0.0,0.0,0.0,4.969141173205571e-06,0.019947588443756104,0.07975855469703674,0.06440769135951996,0.0,0.0,0.0,0.0,0.0,0.05971836671233177,0.0,0.0,0.24906274676322937
18,36,0.01867036148905754,1.0479985576239415e-05,0.029891550540924072,0.2873232364654541,0.16652309894561768,0.0,0.0,0.0,0.0,0.0,0.275644987821579,0.0,0.0,0.0,5.239992788119707e-06,0.014945775270462036,0.14366161823272705,0.08326154947280884,0.0,0.0,0.0,0.0,0.0,0.055128999054431915,0.0,0.0,0.3156735301017761
18,37,0.03532106801867485,1.0001631380873732e-05,0.07116252183914185,0.221296489238739,0.262408584356308,0.0,0.0,0.0,0.0,0.0,0.29857587814331055,0.0,0.0,0.0,5.000815690436866e-06,0.03558126091957092,0.1106482446193695,0.131204292178154,0.0,0.0,0.0,0.0,0.0,0.05971517786383629,0.0,0.0,0.3724750578403473
18,38,0.030254732817411423,7.909407031547744e-06,0.13150787353515625,0.1872560977935791,0.22218671441078186,0.0,0.0,0.0,0.0,0.0,0.2507433295249939,0.0,0.0,0.0,3.954703515773872e-06,0.06575393676757812,0.09362804889678955,0.11109335720539093,0.0,0.0,0.0,0.0,0.0,0.05014866590499878,0.0,0.0,0.35088270902633667
18,39,0.017782367765903473,8.450597306364216e-06,0.032714009284973145,0.1764582395553589,0.18569780886173248,0.0,0.0,0.0,0.0,0.0,0.1384119987487793,0.0,0.0,0.0,4.225298653182108e-06,0.016357004642486572,0.08822911977767944,0.09284890443086624,0.0,0.0,0.0,0.0,0.0,0.02768239937722683,0.0,0.0,0.24290400743484497
18,40,0.037717629224061966,6.9966522460163105e-06,0.05922979116439819,0.1719343662261963,0.2223084568977356,0.0,0.0,0.0,0.0,0.0,0.22336184978485107,0.0,0.0,0.0,3.4983261230081553e-06,0.029614895582199097,0.08596718311309814,0.1111542284488678,0.0,0.0,0.0,0.0,0.0,0.044672369956970215,0.0,0.0,0.3091298043727875
18,41,0.023995693773031235,5.004909780836897e-06,0.03657180070877075,0.1701071858406067,0.18784767389297485,0.0,0.0,0.0,0.0,0.0,0.15528003871440887,0.0,0.0,0.0,2.5024548904184485e-06,0.018285900354385376,0.08505359292030334,0.09392383694648743,0.0,0.0,0.0,0.0,0.0,0.031056007370352745,0.0,0.0,0.25231754779815674
18,42,0.027983343228697777,7.887814717832953e-06,0.03341531753540039,0.1446245312690735,0.17479681968688965,0.0,0.0,0.0,0.0,0.0,0.1733710765838623,0.0,0.0,0.0,3.943907358916476e-06,0.016707658767700195,0.07231226563453674,0.08739840984344482,0.0,0.0,0.0,0.0,0.0,0.03467421606183052,0.0,0.0,0.23907983303070068
18,43,0.0330704040825367,1.838021125877276e-05,0.07344710826873779,0.20167440176010132,0.13865122199058533,0.0,0.0,0.0,0.0,0.0,0.31746429204940796,0.0,0.0,0.0,9.19010562938638e-06,0.036723554134368896,0.10083720088005066,0.06932561099529266,0.0,0.0,0.0,0.0,0.0,0.06349285691976547,0.0,0.0,0.3034588098526001
18,44,0.0316990502178669,9.739514098328073e-06,0.06604748964309692,0.17389151453971863,0.14945872128009796,0.0,0.0,0.0,0.0,0.0,0.45432135462760925,0.0,0.0,0.0,4.869757049164036e-06,0.03302374482154846,0.08694575726985931,0.07472936064004898,0.0,0.0,0.0,0.0,0.0,0.09086427092552185,0.0,0.0,0.3172670602798462
18,45,0.0313476026058197,3.6127441944699967e-06,0.03055858612060547,0.13851645588874817,0.17725834250450134,0.0,0.0,0.0,0.0,0.0,0.33686068654060364,0.0,0.0,0.0,1.8063720972349984e-06,0.015279293060302734,0.06925822794437408,0.08862917125225067,0.0,0.0,0.0,0.0,0.0,0.06737213581800461,0.0,0.0,0.27188822627067566
18,46,0.021093059331178665,6.1963214648130815e-06,0.022576332092285156,0.14446058869361877,0.10577535629272461,0.0,0.0,0.0,0.0,0.0,0.3932769000530243,0.0,0.0,0.0,3.0981607324065408e-06,0.011288166046142578,0.07223029434680939,0.052887678146362305,0.0,0.0,0.0,0.0,0.0,0.07865538448095322,0.0,0.0,0.23615768551826477
18,47,0.03660702332854271,5.652846084558405e-06,0.05025815963745117,0.10059031844139099,0.11607035994529724,0.0,0.0,0.0,0.0,0.0,0.15162086486816406,0.0,0.0,0.0,2.8264230422792025e-06,0.025129079818725586,0.050295159220695496,0.05803517997264862,0.0,0.0,0.0,0.0,0.0,0.030324174091219902,0.0,0.0,0.2003934532403946
18,48,0.01942438632249832,8.140479621943086e-06,0.06019669771194458,0.15961652994155884,0.13959452509880066,0.0,0.0,0.0,0.0,0.0,0.3422088623046875,0.0,0.0,0.0,4.070239810971543e-06,0.03009834885597229,0.07980826497077942,0.06979726254940033,0.0,0.0,0.0,0.0,0.0,0.06844177097082138,0.0,0.0,0.26757410168647766
18,49,0.0374288409948349,8.045299182413146e-06,0.042463600635528564,0.1724572777748108,0.09861183166503906,0.0,0.0,0.0,0.0,0.0,0.1373056173324585,0.0,0.0,0.0,4.022649591206573e-06,0.021231800317764282,0.0862286388874054,0.04930591583251953,0.0,0.0,0.0,0.0,0.0,0.02746112458407879,0.0,0.0,0.22166034579277039
18,50,0.018636099994182587,4.210695351503091e-06,0.05009758472442627,0.13170406222343445,0.09018656611442566,0.0,0.0,0.0,0.0,0.0,0.5625622868537903,0.0,0.0,0.0,2.1053476757515455e-06,0.025048792362213135,0.06585203111171722,0.04509328305721283,0.0,0.0,0.0,0.0,0.0,0.11251246184110641,0.0,0.0,0.2671447694301605
18,51,0.0372418574988842,1.6525301589354058e-06,0.05286562442779541,0.11791208386421204,0.044128481298685074,0.0,0.0,0.0,0.0,0.0,0.11990753561258316,0.0,0.0,0.0,8.262650794677029e-07,0.026432812213897705,0.05895604193210602,0.022064240649342537,0.0,0.0,0.0,0.0,0.0,0.023981507867574692,0.0,0.0,0.16867728531360626
18,52,0.03507816791534424,9.439070709049702e-06,0.026723086833953857,0.11821398138999939,0.04938589036464691,0.0,0.0,0.0,0.0,0.0,0.23320651054382324,0.0,0.0,0.0,4.719535354524851e-06,0.013361543416976929,0.059106990694999695,0.024692945182323456,0.0,0.0,0.0,0.0,0.0,0.04664130136370659,0.0,0.0,0.17888568341732025
18,53,0.019069012254476547,1.0393894626758993e-05,0.056675076484680176,0.17210254073143005,-0.025272324681282043,0.0,0.0,0.0,0.0,0.0,0.8509138822555542,0.0,0.0,0.0,5.196947313379496e-06,0.028337538242340088,0.08605127036571503,-0.012636162340641022,0.0,0.0,0.0,0.0,0.0,0.17018277943134308,0.0,0.0,0.2910096347332001
18,54,0.018860232084989548,1.391051227983553e-05,0.059528231620788574,0.27326950430870056,0.09578116238117218,0.0,0.0,0.0,0.0,0.0,0.470890611410141,0.0,0.0,0.0,6.955256139917765e-06,0.029764115810394287,0.13663475215435028,0.04789058119058609,0.0,0.0,0.0,0.0,0.0,0.09417812526226044,0.0,0.0,0.32733476161956787
18,55,0.03787732869386673,1.189879094454227e-05,0.044740915298461914,0.15296170115470886,0.009937074035406113,0.0,0.0,0.0,0.0,0.0,0.07735705375671387,0.0,0.0,0.0,5.949395472271135e-06,0.022370457649230957,0.07648085057735443,0.004968537017703056,0.0,0.0,0.0,0.0,0.0,0.015471410937607288,0.0,0.0,0.15717454254627228
18,56,0.03173260763287544,7.001665835559834e-06,0.06252682209014893,0.1467132270336151,0.018090952187776566,0.0,0.0,0.0,0.0,0.0,0.1081852912902832,0.0,0.0,0.0,3.500832917779917e-06,0.03126341104507446,0.07335661351680756,0.009045476093888283,0.0,0.0,0.0,0.0,0.0,0.02163705788552761,0.0,0.0,0.1670386642217636
18,57,0.033765193074941635,5.139268978382461e-06,0.019371211528778076,0.11858129501342773,-0.028078090399503708,0.0,0.0,0.0,0.0,0.0,0.20710131525993347,0.0,0.0,0.0,2.5696344891912304e-06,0.009685605764389038,0.05929064750671387,-0.014039045199751854,0.0,0.0,0.0,0.0,0.0,0.041420262306928635,0.0,0.0,0.1301252245903015
18,58,0.03315826505422592,5.202893134992337e-06,0.026475191116333008,0.09789109230041504,0.0021472424268722534,0.0,0.0,0.0,0.0,0.0,0.34458374977111816,0.0,0.0,0.0,2.6014465674961684e-06,0.013237595558166504,0.04894554615020752,0.0010736212134361267,0.0,0.0,0.0,0.0,0.0,0.06891675293445587,0.0,0.0,0.16533437371253967
18,59,0.023112719878554344,1.1811493095592596e-05,0.03253376483917236,0.17808017134666443,-0.027870573103427887,0.0,0.0,0.0,0.0,0.0,0.18721777200698853,0.0,0.0,0.0,5.905746547796298e-06,0.01626688241958618,0.08904008567333221,-0.013935286551713943,0.0,0.0,0.0,0.0,0.0,0.037443555891513824,0.0,0.0,0.15193387866020203
18,60,0.03535277396440506,5.255816176941153e-06,0.024090349674224854,0.09336036443710327,0.05002286285161972,0.0,0.0,0.0,0.0,0.0,0.12646961212158203,0.0,0.0,0.0,2.6279080884705763e-06,0.012045174837112427,0.046680182218551636,0.02501143142580986,0.0,0.0,0.0,0.0,0.0,0.025293922051787376,0.0,0.0,0.14438611268997192
18,61,0.024941645562648773,1.1423057003412396e-05,0.028101861476898193,0.12385216355323792,0.035928428173065186,0.0,0.0,0.0,0.0,0.0,0.0966535210609436,0.0,0.0,0.0,5.711528501706198e-06,0.014050930738449097,0.06192608177661896,0.017964214086532593,0.0,0.0,0.0,0.0,0.0,0.01933070458471775,0.0,0.0,0.13821929693222046
18,62,0.030964380130171776,3.2326506698154844e-06,0.022071361541748047,0.11697119474411011,-0.037656743079423904,0.0,0.0,0.0,0.0,0.0,0.20214992761611938,0.0,0.0,0.0,1.6163253349077422e-06,0.011035680770874023,0.058485597372055054,-0.018828371539711952,0.0,0.0,0.0,0.0,0.0,0.040429987013339996,0.0,0.0,0.12208889424800873
18,63,0.024534551426768303,8.873767001205124e-06,0.04270428419113159,0.14123788475990295,-0.029033999890089035,0.0,0.0,0.0,0.0,0.0,0.26887643337249756,0.0,0.0,0.0,4.436883500602562e-06,0.021352142095565796,0.07061894237995148,-0.014516999945044518,0.0,0.0,0.0,0.0,0.0,0.05377528816461563,0.0,0.0,0.15576836466789246
18,64,0.027602797374129295,7.386830930045107e-06,0.07279151678085327,0.15688246488571167,0.02985788881778717,0.0,0.0,0.0,0.0,0.0,0.19983196258544922,0.0,0.0,0.0,3.6934154650225537e-06,0.036395758390426636,0.07844123244285583,0.014928944408893585,0.0,0.0,0.0,0.0,0.0,0.0399663932621479,0.0,0.0,0.19733880460262299
18,65,0.03579869121313095,3.512752755341353e-06,0.027972817420959473,0.1267186403274536,0.02671077661216259,0.0,0.0,0.0,0.0,0.0,0.12827301025390625,0.0,0.0,0.0,1.7563763776706764e-06,0.013986408710479736,0.0633593201637268,0.013355388306081295,0.0,0.0,0.0,0.0,0.0,0.02565460279583931,0.0,0.0,0.15215615928173065
18,66,0.016111008822917938,4.855746738030575e-06,0.025530755519866943,0.1381923258304596,0.0025015976279973984,0.0,0.0,0.0,0.0,0.0,0.41889849305152893,0.0,0.0,0.0,2.4278733690152876e-06,0.012765377759933472,0.0690961629152298,0.0012507988139986992,0.0,0.0,0.0,0.0,0.0,0.0837797001004219,0.0,0.0,0.18300548195838928
18,67,0.030273402109742165,9.3333937911666e-06,0.028603434562683105,0.12465637922286987,0.03701626881957054,0.0,0.0,0.0,0.0,0.0,0.22384469211101532,0.0,0.0,0.0,4.6666968955833e-06,0.014301717281341553,0.062328189611434937,0.01850813440978527,0.0,0.0,0.0,0.0,0.0,0.04476894065737724,0.0,0.0,0.17018505930900574
18,68,0.03400406986474991,4.965991138305981e-07,0.02279561758041382,0.06556779146194458,0.04408084601163864,0.0,0.0,0.0,0.0,0.0,0.16308335959911346,0.0,0.0,0.0,2.4829955691529904e-07,0.01139780879020691,0.03278389573097229,0.02204042300581932,0.0,0.0,0.0,0.0,0.0,0.03261667117476463,0.0,0.0,0.13284312188625336
18,69,0.01585829071700573,9.39106939767953e-06,0.021229982376098633,0.13553136587142944,0.04677695035934448,0.0,0.0,0.0,0.0,0.0,0.0,0.0,0.0,0.0,4.695534698839765e-06,0.010614991188049316,0.06776568293571472,0.02338847517967224,0.0,0.0,0.0,0.0,0.0,0.0,0.0,0.0,0.11763213574886322
18,70,0.030461078509688377,2.070064965664642e-06,0.033816754817962646,0.1091693639755249,0.05423283576965332,0.0,0.0,0.0,0.0,0.0,0.22024327516555786,0.0,0.0,0.0,1.035032482832321e-06,0.016908377408981323,0.05458468198776245,0.02711641788482666,0.0,0.0,0.0,0.0,0.0,0.04404865577816963,0.0,0.0,0.17312024533748627
18,71,0.015124361030757427,4.4694088501273654e-06,0.027249038219451904,0.09489285945892334,0.010097304359078407,0.0,0.0,0.0,0.0,0.0,0.1581363081932068,0.0,0.0,0.0,2.2347044250636827e-06,0.013624519109725952,0.04744642972946167,0.005048652179539204,0.0,0.0,0.0,0.0,0.0,0.031627263873815536,0.0,0.0,0.11287346482276917
18,72,0.030950119718909264,7.657775313418824e-06,0.061799705028533936,0.1550622284412384,0.07358067482709885,0.0,0.0,0.0,0.0,0.0,0.405841588973999,0.0,0.0,0.0,3.828887656709412e-06,0.030899852514266968,0.0775311142206192,0.03679033741354942,0.0,0.0,0.0,0.0,0.0,0.08116831630468369,0.0,0.0,0.257343590259552
18,73,0.03131181374192238,4.358168553153519e-06,0.060683250427246094,0.08773025870323181,0.05300521105527878,0.0,0.0,0.0,0.0,0.0,0.18306700885295868,0.0,0.0,0.0,2.1790842765767593e-06,0.030341625213623047,0.043865129351615906,0.02650260552763939,0.0,0.0,0.0,0.0,0.0,0.036613401025533676,0.0,0.0,0.168636754155159
18,74,0.013370366767048836,5.698154382116627e-06,0.053477942943573,0.10617527365684509,0.06196999177336693,0.0,0.0,0.0,0.0,0.0,0.24522501230239868,0.0,0.0,0.0,2.8490771910583135e-06,0.0267389714717865,0.053087636828422546,0.030984995886683464,0.0,0.0,0.0,0.0,0.0,0.049045003950595856,0.0,0.0,0.17322981357574463
18,75,0.030555594712495804,5.721406068914803e-06,0.027145743370056152,0.10051354765892029,0.07629037648439407,0.0,0.0,0.0,0.0,0.0,0.10117876529693604,0.0,0.0,0.0,2.8607030344574014e-06,0.013572871685028076,0.050256773829460144,0.03814518824219704,0.0,0.0,0.0,0.0,0.0,0.020235752686858177,0.0,0.0,0.1527690291404724
18,76,0.01468602754175663,9.242934311259887e-07,0.021884560585021973,0.06913766264915466,0.024634012952446938,0.0,0.0,0.0,0.0,0.0,0.10890507698059082,0.0,0.0,0.0,4.6214671556299436e-07,0.010942280292510986,0.03456883132457733,0.012317006476223469,0.0,0.0,0.0,0.0,0.0,0.021781016141176224,0.0,0.0,0.09429562091827393
18,77,0.030311807990074158,7.087889457579877e-07,0.016444683074951172,0.048600465059280396,0.05573059245944023,0.0,0.0,0.0,0.0,0.0,0.10514724254608154,0.0,0.0,0.0,3.5439447287899384e-07,0.008222341537475586,0.024300232529640198,0.027865296229720116,0.0,0.0,0.0,0.0,0.0,0.02102944813668728,0.0,0.0,0.11172948777675629
18,78,0.03262583538889885,1.5736863133497536e-05,0.059687912464141846,0.1902698278427124,0.037449516355991364,0.0,0.0,0.0,0.0,0.0,0.12310806661844254,0.0,0.0,0.0,7.868431566748768e-06,0.029843956232070923,0.0951349139213562,0.018724758177995682,0.0,0.0,0.0,0.0,0.0,0.024621613323688507,0.0,0.0,0.20095893740653992
18,79,0.01593412645161152,4.68712914880598e-06,0.023621201515197754,0.12112694978713989,0.07885362207889557,0.0,0.0,0.0,0.0,0.0,0.345497727394104,0.0,0.0,0.0,2.34356457440299e-06,0.011810600757598877,0.060563474893569946,0.039426811039447784,0.0,0.0,0.0,0.0,0.0,0.0690995454788208,0.0,0.0,0.1968369036912918
18,80,0.02877875789999962,3.1773420232639182e-06,0.10159122943878174,0.1356281340122223,0.026089970022439957,0.0,0.0,0.0,0.0,0.0,0.10586416721343994,0.0,0.0,0.0,1.5886710116319591e-06,0.05079561471939087,0.06781406700611115,0.013044985011219978,0.0,0.0,0.0,0.0,0.0,0.021172834560275078,0.0,0.0,0.18160785734653473
18,81,0.015649516135454178,1.6255334003290045e-06,0.01352304220199585,0.05849382281303406,0.021630747243762016,0.0,0.0,0.0,0.0,0.0,0.09806317090988159,0.0,0.0,0.0,8.127667001645023e-07,0.006761521100997925,0.02924691140651703,0.010815373621881008,0.0,0.0,0.0,0.0,0.0,0.019612634554505348,0.0,0.0,0.08208677172660828
18,82,0.032936129719018936,1.8433927380101522e-06,0.042316317558288574,0.0681363046169281,0.06142726540565491,0.0,0.0,0.0,0.0,0.0,0.12925811111927032,0.0,0.0,0.0,9.216963690050761e-07,0.021158158779144287,0.03406815230846405,0.030713632702827454,0.0,0.0,0.0,0.0,0.0,0.025851622223854065,0.0,0.0,0.1447286158800125
18,83,0.030600007623434067,7.063671546347905e-06,0.09812456369400024,0.11497879028320312,0.08026672899723053,0.0,0.0,0.0,0.0,0.0,0.4567873477935791,0.0,0.0,0.0,3.5318357731739525e-06,0.04906228184700012,0.05748939514160156,0.040133364498615265,0.0,0.0,0.0,0.0,0.0,0.09135746955871582,0.0,0.0,0.2686460614204407
18,84,0.017547357827425003,4.586033355735708e-06,0.016577482223510742,0.09822407364845276,0.06622176617383957,0.0,0.0,0.0,0.0,0.0,0.14690124988555908,0.0,0.0,0.0,2.293016677867854e-06,0.008288741111755371,0.04911203682422638,0.033110883086919785,0.0,0.0,0.0,0.0,0.0,0.029380250722169876,0.0,0.0,0.13744156062602997
18,85,0.029418567195534706,1.0909287766480702e-06,0.024088501930236816,0.0750558078289032,0.007058018818497658,0.0,0.0,0.0,0.0,0.0,0.2655438184738159,0.0,0.0,0.0,5.454643883240351e-07,0.012044250965118408,0.0375279039144516,0.003529009409248829,0.0,0.0,0.0,0.0,0.0,0.053108762949705124,0.0,0.0,0.13562904298305511
18,86,0.015938173979520798,1.0497492439753842e-06,0.027073323726654053,0.05253991484642029,0.0031731855124235153,0.0,0.0,0.0,0.0,0.0,0.14256346225738525,0.0,0.0,0.0,5.248746219876921e-07,0.013536661863327026,0.026269957423210144,0.0015865927562117577,0.0,0.0,0.0,0.0,0.0,0.02851269207894802,0.0,0.0,0.08584460616111755
18,87,0.03273221105337143,9.23639254324371e-06,0.017897307872772217,0.1284305453300476,0.0016412455588579178,0.0,0.0,0.0,0.0,0.0,0.36937785148620605,0.0,0.0,0.0,4.618196271621855e-06,0.008948653936386108,0.0642152726650238,0.0008206227794289589,0.0,0.0,0.0,0.0,0.0,0.07387556880712509,0.0,0.0,0.1805969476699829
18,88,0.03311298415064812,9.673130989540368e-07,0.029602527618408203,0.06994232535362244,0.04051000624895096,0.0,0.0,0.0,0.0,0.0,0.11307811737060547,0.0,0.0,0.0,4.836565494770184e-07,0.014801263809204102,0.03497116267681122,0.02025500312447548,0.0,0.0,0.0,0.0,0.0,0.022615624591708183,0.0,0.0,0.12575651705265045
18,89,0.029085734859108925,6.360342013067566e-06,0.05917215347290039,0.08947256207466125,0.06847542524337769,0.0,0.0,0.0,0.0,0.0,0.11840564012527466,0.0,0.0,0.0,3.180171006533783e-06,0.029586076736450195,0.04473628103733063,0.03423771262168884,0.0,0.0,0.0,0.0,0.0,0.02368112839758396,0.0,0.0,0.16133011877536774
18,90,0.017255062237381935,3.663797087938292e-06,0.01775836944580078,0.061983078718185425,0.0308974701911211,0.0,0.0,0.0,0.0,0.0,0.0844602957367897,0.0,0.0,0.0,1.831898543969146e-06,0.00887918472290039,0.030991539359092712,0.01544873509556055,0.0,0.0,0.0,0.0,0.0,0.01689205877482891,0.0,0.0,0.08946841210126877
18,91,0.03205672279000282,3.662065864773467e-06,0.016945481300354004,0.05746293067932129,0.04041358456015587,0.0,0.0,0.0,0.0,0.0,0.25411003828048706,0.0,0.0,0.0,1.8310329323867336e-06,0.008472740650177002,0.028731465339660645,0.020206792280077934,0.0,0.0,0.0,0.0,0.0,0.05082200840115547,0.0,0.0,0.14029155671596527
18,92,0.03304615989327431,1.183994572784286e-05,0.03184056282043457,0.09719008207321167,-0.015292815864086151,0.0,0.0,0.0,0.0,0.0,0.15199720859527588,0.0,0.0,0.0,5.91997286392143e-06,0.015920281410217285,0.048595041036605835,-0.0076464079320430756,0.0,0.0,0.0,0.0,0.0,0.030399441719055176,0.0,0.0,0.12032043933868408
18,93,0.01576951891183853,4.350245490059024e-06,0.022673368453979492,0.09226813912391663,0.016569020226597786,0.0,0.0,0.0,0.0,0.0,0.1962561160326004,0.0,0.0,0.0,2.175122745029512e-06,0.011336684226989746,0.04613406956195831,0.008284510113298893,0.0,0.0,0.0,0.0,0.0,0.03925122320652008,0.0,0.0,0.12077818065881729
18,94,0.029110262170433998,2.463192458890262e-06,0.06296110153198242,0.060909777879714966,0.044802114367485046,0.0,0.0,0.0,0.0,0.0,0.14335811138153076,0.0,0.0,0.0,1.231596229445131e-06,0.03148055076599121,0.030454888939857483,0.022401057183742523,0.0,0.0,0.0,0.0,0.0,0.028671622276306152,0.0,0.0,0.1421196162700653
18,95,0.01772153750061989,2.960179244837491e-06,0.020696163177490234,0.07114863395690918,0.07901816070079803,0.0,0.0,0.0,0.0,0.0,0.22882354259490967,0.0,0.0,0.0,1.4800896224187454e-06,0.010348081588745117,0.03557431697845459,0.03950908035039902,0.0,0.0,0.0,0.0,0.0,0.04576471075415611,0.0,0.0,0.1489192098379135
18,96,0.03000851534307003,3.381964006621274e-06,0.08325809240341187,0.08483618497848511,0.06966200470924377,0.0,0.0,0.0,0.0,0.0,0.0,0.0,0.0,0.0,1.690982003310637e-06,0.04162904620170593,0.042418092489242554,0.03483100235462189,0.0,0.0,0.0,0.0,0.0,0.0,0.0,0.0,0.14888834953308105
18,97,0.029158681631088257,6.66289543005405e-06,0.024866938591003418,0.07584947347640991,-0.04140801727771759,0.0,0.0,0.0,0.0,0.0,0.22153282165527344,0.0,0.0,0.0,3.331447715027025e-06,0.012433469295501709,0.037924736738204956,-0.020704008638858795,0.0,0.0,0.0,0.0,0.0,0.04430656507611275,0.0,0.0,0.1031227707862854
18,98,0.018032778054475784,2.0406400835781824e-06,0.03482431173324585,0.0911569893360138,-0.011776911094784737,0.0,0.0,0.0,0.0,0.0,0.06957769393920898,0.0,0.0,0.0,1.0203200417890912e-06,0.017412155866622925,0.0455784946680069,-0.005888455547392368,0.0,0.0,0.0,0.0,0.0,0.013915538787841797,0.0,0.0,0.08905153721570969
18,99,0.028098519891500473,3.4896982015197864e-06,0.015675127506256104,0.07015323638916016,0.053299203515052795,0.0,0.0,0.0,0.0,0.0,0.09761015325784683,0.0,0.0,0.0,1.7448491007598932e-06,0.007837563753128052,0.03507661819458008,0.026649601757526398,0.0,0.0,0.0,0.0,0.0,0.019522031769156456,0.0,0.0,0.11718608438968658
18,100,0.02825244888663292,2.288408040840295e-06,0.03173947334289551,0.07001718878746033,0.01725316047668457,0.0,0.0,0.0,0.0,0.0,0.12171298265457153,0.0,0.0,0.0,1.1442040204201476e-06,0.015869736671447754,0.035008594393730164,0.008626580238342285,0.0,0.0,0.0,0.0,0.0,0.024342596530914307,0.0,0.0,0.11210110038518906
19,1,0.03900683671236038,1.6715397578082047e-05,0.1496274471282959,0.515952467918396,0.002045736648142338,0.0,0.0,0.0,0.0,0.0,0.47161388397216797,0.0,0.0,0.0,8.357698789041024e-06,0.07481372356414795,0.257976233959198,0.001022868324071169,0.0,0.0,0.0,0.0,0.0,0.09432277828454971,0.0,0.0,0.46715080738067627
19,2,0.08383019268512726,8.350656571565196e-06,0.17685484886169434,0.672641396522522,0.010387652553617954,0.0,0.0,0.0,0.0,0.0,0.6397914886474609,0.0,0.0,0.0,4.175328285782598e-06,0.08842742443084717,0.336320698261261,0.005193826276808977,0.0,0.0,0.0,0.0,0.0,0.1279582977294922,0.0,0.0,0.6417346000671387
19,3,0.017312228679656982,1.3228825082478579e-05,0.11304306983947754,0.3638133704662323,0.0007594246417284012,0.0,0.0,0.0,0.0,0.0,0.38394713401794434,0.0,0.0,0.0,6.6144125412392896e-06,0.05652153491973877,0.18190668523311615,0.0003797123208642006,0.0,0.0,0.0,0.0,0.0,0.07678943127393723,0.0,0.0,0.3329162299633026
19,4,0.028316447511315346,1.4704956811328884e-05,0.09082245826721191,0.38804399967193604,0.0008930061012506485,0.0,0.0,0.0,0.0,0.0,0.5415690541267395,0.0,0.0,0.0,7.352478405664442e-06,0.04541122913360596,0.19402199983596802,0.00044650305062532425,0.0,0.0,0.0,0.0,0.0,0.10831381380558014,0.0,0.0,0.3765173554420471
19,5,0.03983277082443237,1.2225445061631035e-05,0.12947005033493042,0.36213448643684387,-0.0001490311697125435,0.0,0.0,0.0,0.0,0.0,0.2346019744873047,0.0,0.0,0.0,6.1127225308155175e-06,0.06473502516746521,0.18106724321842194,-7.451558485627174e-05,0.0,0.0,0.0,0.0,0.0,0.04692039638757706,0.0,0.0,0.332487016916275
19,6,0.04029538854956627,1.0668249160517007e-05,0.08612096309661865,0.3623492419719696,0.005994963925331831,0.0,0.0,0.0,0.0,0.0,0.7593511343002319,0.0,0.0,0.0,5.3341245802585036e-06,0.043060481548309326,0.1811746209859848,0.0029974819626659155,0.0,0.0,0.0,0.0,0.0,0.1518702358007431,0.0,0.0,0.4194035530090332
19,7,0.007524462882429361,1.1006303793692496e-05,0.15783506631851196,0.40901461243629456,0.008286537602543831,0.0,0.0,0.0,0.0,0.0,0.5775572657585144,0.0,0.0,0.0,5.503151896846248e-06,0.07891753315925598,0.20450730621814728,0.0041432688012719154,0.0,0.0,0.0,0.0,0.0,0.115511454641819,0.0,0.0,0.41060951352119446
19,8,0.0382467545568943,5.147875071997987e-06,0.18726229667663574,0.6543464064598083,0.006890435703098774,0.0,0.0,0.0,0.0,0.0,0.0,0.0,0.0,0.0,2.5739375359989936e-06,0.09363114833831787,0.3271732032299042,0.003445217851549387,0.0,0.0,0.0,0.0,0.0,0.0,0.0,0.0,0.46249890327453613
19,9,0.05816761776804924,9.875710020423867e-06,0.06520247459411621,0.28328195214271545,0.022483250126242638,0.0,0.0,0.0,0.0,0.0,0.292947381734848,0.0,0.0,0.0,4.937855010211933e-06,0.032601237297058105,0.14164097607135773,0.011241625063121319,0.0,0.0,0.0,0.0,0.0,0.058589477092027664,0.0,0.0,0.3022458851337433
19,10,0.031071722507476807,1.2868491467088461e-05,0.19051718711853027,0.37693697214126587,0.03224170207977295,0.0,0.0,0.0,0.0,0.0,0.5306429862976074,0.0,0.0,0.0,6.4342457335442305e-06,0.09525859355926514,0.18846848607063293,0.016120851039886475,0.0,0.0,0.0,0.0,0.0,0.10612859576940536,0.0,0.0,0.43705469369888306
19,11,0.02367212623357773,1.0737238881119993e-05,0.07055658102035522,0.33643901348114014,0.03438176214694977,0.0,0.0,0.0,0.0,0.0,0.3609037399291992,0.0,0.0,0.0,5.368619440559996e-06,0.03527829051017761,0.16821950674057007,0.017190881073474884,0.0,0.0,0.0,0.0,0.0,0.07218074798583984,0.0,0.0,0.3165469169616699
19,12,0.022810399532318115,1.2563171367219184e-05,0.12525451183319092,0.32775449752807617,0.04462878406047821,0.0,0.0,0.0,0.0,0.0,0.7229660153388977,0.0,0.0,0.0,6.281585683609592e-06,0.06262725591659546,0.16387724876403809,0.022314392030239105,0.0,0.0,0.0,0.0,0.0,0.14459320902824402,0.0,0.0,0.4162288010120392
19,13,0.007837871089577675,1.4217846000974532e-05,0.15449011325836182,0.31512489914894104,0.05196470767259598,0.0,0.0,0.0,0.0,0.0,0.6502522230148315,0.0,0.0,0.0,7.108923000487266e-06,0.07724505662918091,0.15756244957447052,0.02598235383629799,0.0,0.0,0.0,0.0,0.0,0.1300504505634308,0.0,0.0,0.3986852765083313
19,14,0.014637002721428871,8.627158422314096e-06,0.10993349552154541,0.33497679233551025,0.045853517949581146,0.0,0.0,0.0,0.0,0.0,0.27280938625335693,0.0,0.0,0.0,4.313579211157048e-06,0.054966747760772705,0.16748839616775513,0.022926758974790573,0.0,0.0,0.0,0.0,0.0,0.054561879485845566,0.0,0.0,0.3145850896835327
19,15,0.030765285715460777,1.2337808584561571e-05,0.07433885335922241,0.42884087562561035,0.08195067942142487,0.0,0.0,0.0,0.0,0.0,0.5226107835769653,0.0,0.0,0.0,6.168904292280786e-06,0.037169426679611206,0.21442043781280518,0.04097533971071243,0.0,0.0,0.0,0.0,0.0,0.10452216118574142,0.0,0.0,0.427858829498291
19,16,0.04410528391599655,1.2775446521118283e-05,0.12616997957229614,0.4193662106990814,0.05752021074295044,0.0,0.0,0.0,0.0,0.0,0.286316454410553,0.0,0.0,0.0,6.387723260559142e-06,0.06308498978614807,0.2096831053495407,0.02876010537147522,0.0,0.0,0.0,0.0,0.0,0.057263292372226715,0.0,0.0,0.40290313959121704
19,17,0.019304227083921432,1.0082666449306998e-05,0.13499563932418823,0.2713461220264435,0.08890519291162491,0.0,0.0,0.0,0.0,0.0,0.12252461910247803,0.0,0.0,0.0,5.041333224653499e-06,0.06749781966209412,0.13567306101322174,0.044452596455812454,0.0,0.0,0.0,0.0,0.0,0.024504924193024635,0.0,0.0,0.29143768548965454
19,18,0.03636094182729721,1.1015992640750483e-05,0.052203238010406494,0.2682231664657593,0.08519060164690018,0.0,0.0,0.0,0.0,0.0,0.0627586841583252,0.0,0.0,0.0,5.507996320375241e-06,0.026101619005203247,0.13411158323287964,0.04259530082345009,0.0,0.0,0.0,0.0,0.0,0.012551737017929554,0.0,0.0,0.2517266869544983
19,19,0.030171766877174377,1.702934423519764e-05,0.058377087116241455,0.34179627895355225,0.08186265826225281,0.0,0.0,0.0,0.0,0.0,0.16169613599777222,0.0,0.0,0.0,8.51467211759882e-06,0.029188543558120728,0.17089813947677612,0.040931329131126404,0.0,0.0,0.0,0.0,0.0,0.032339226454496384,0.0,0.0,0.3035374879837036
19,20,0.0111909881234169,1.0439623110869434e-05,0.09443056583404541,0.28210484981536865,0.10374166071414948,0.0,0.0,0.0,0.0,0.0,0.40516412258148193,0.0,0.0,0.0,5.219811555434717e-06,0.047215282917022705,0.14105242490768433,0.05187083035707474,0.0,0.0,0.0,0.0,0.0,0.08103282749652863,0.0,0.0,0.33236759901046753
19,21,0.0293895211070776,9.061032869794872e-06,0.0568200945854187,0.1677466630935669,0.0721830204129219,0.0,0.0,0.0,0.0,0.0,0.35477736592292786,0.0,0.0,0.0,4.530516434897436e-06,0.02841004729270935,0.08387333154678345,0.03609151020646095,0.0,0.0,0.0,0.0,0.0,0.07095547765493393,0.0,0.0,0.24872443079948425
19,22,0.028599321842193604,1.004161276796367e-05,0.10740673542022705,0.20449554920196533,0.07846933603286743,0.0,0.0,0.0,0.0,0.0,0.4514271020889282,0.0,0.0,0.0,5.020806383981835e-06,0.053703367710113525,0.10224777460098267,0.039234668016433716,0.0,0.0,0.0,0.0,0.0,0.09028542041778564,0.0,0.0,0.3140755891799927
19,23,0.03778799623250961,3.3295016237389063e-06,0.1312708854675293,0.30940186977386475,0.15002025663852692,0.0,0.0,0.0,0.0,0.0,0.3775019943714142,0.0,0.0,0.0,1.6647508118694532e-06,0.06563544273376465,0.15470093488693237,0.07501012831926346,0.0,0.0,0.0,0.0,0.0,0.07550039887428284,0.0,0.0,0.40863654017448425
19,24,0.02034374140202999,1.2184046681795735e-05,0.07704263925552368,0.308674156665802,0.12928642332553864,0.0,0.0,0.0,0.0,0.0,0.347322016954422,0.0,0.0,0.0,6.0920233408978675e-06,0.03852131962776184,0.154337078332901,0.06464321166276932,0.0,0.0,0.0,0.0,0.0,0.06946440786123276,0.0,0.0,0.34731584787368774
19,25,0.039410583674907684,1.0420248145237565e-05,0.09036099910736084,0.26239919662475586,0.14917638897895813,0.0,0.0,0.0,0.0,0.0,0.38820287585258484,0.0,0.0,0.0,5.2101240726187825e-06,0.04518049955368042,0.13119959831237793,0.07458819448947906,0.0,0.0,0.0,0.0,0.0,0.0776405781507492,0.0,0.0,0.36802464723587036
19,26,0.027444368228316307,1.1848796930280514e-05,0.129338800907135,0.26957064867019653,0.14225342869758606,0.0,0.0,0.0,0.0,0.0,0.1987447738647461,0.0,0.0,0.0,5.924398465140257e-06,0.0646694004535675,0.13478532433509827,0.07112671434879303,0.0,0.0,0.0,0.0,0.0,0.03974895551800728,0.0,0.0,0.3377807140350342
19,27,0.019207682460546494,6.6420416260370985e-06,0.04903298616409302,0.22705908119678497,0.1426769345998764,0.0,0.0,0.0,0.0,0.0,0.2099107950925827,0.0,0.0,0.0,3.3210208130185492e-06,0.02451649308204651,0.11352954059839249,0.0713384672999382,0.0,0.0,0.0,0.0,0.0,0.04198215901851654,0.0,0.0,0.27057766914367676
19,28,0.04526364058256149,6.76456511428114e-06,0.156849205493927,0.23848651349544525,0.12415792047977448,0.0,0.0,0.0,0.0,0.0,0.2565165162086487,0.0,0.0,0.0,3.38228255714057e-06,0.0784246027469635,0.11924325674772263,0.06207896023988724,0.0,0.0,0.0,0.0,0.0,0.051303304731845856,0.0,0.0,0.3563171327114105
19,29,0.017771098762750626,9.203510671795812e-06,0.04184997081756592,0.18287643790245056,0.14446434378623962,0.0,0.0,0.0,0.0,0.0,0.24978035688400269,0.0,0.0,0.0,4.601755335897906e-06,0.02092498540878296,0.09143821895122528,0.07223217189311981,0.0,0.0,0.0,0.0,0.0,0.0499560721218586,0.0,0.0,0.2523271441459656
19,30,0.030243098735809326,5.525371307157911e-06,0.031756043434143066,0.18300631642341614,0.1437518298625946,0.0,0.0,0.0,0.0,0.0,0.19263958930969238,0.0,0.0,0.0,2.7626856535789557e-06,0.015878021717071533,0.09150315821170807,0.0718759149312973,0.0,0.0,0.0,0.0,0.0,0.03852791711688042,0.0,0.0,0.2480308711528778
19,31,0.01976098120212555,1.256413906958187e-05,0.045911550521850586,0.23725257813930511,0.11611177772283554,0.0,0.0,0.0,0.0,0.0,0.3440905213356018,0.0,0.0,0.0,6.282069534790935e-06,0.022955775260925293,0.11862628906965256,0.05805588886141777,0.0,0.0,0.0,0.0,0.0,0.0688181072473526,0.0,0.0,0.2882233262062073
19,32,0.026575913652777672,1.2158622666902374e-05,0.04694688320159912,0.1668398678302765,0.1343175768852234,0.0,0.0,0.0,0.0,0.0,0.1334611177444458,0.0,0.0,0.0,6.079311333451187e-06,0.02347344160079956,0.08341993391513824,0.0671587884426117,0.0,0.0,0.0,0.0,0.0,0.02669222466647625,0.0,0.0,0.2273263782262802
19,33,0.016435811296105385,5.549549314309843e-06,0.05209225416183472,0.13564375042915344,0.10462547093629837,0.0,0.0,0.0,0.0,0.0,0.126395583152771,0.0,0.0,0.0,2.7747746571549214e-06,0.02604612708091736,0.06782187521457672,0.052312735468149185,0.0,0.0,0.0,0.0,0.0,0.02527911774814129,0.0,0.0,0.1878984421491623
19,34,0.03379659727215767,9.899674296320882e-06,0.050530314445495605,0.2173253893852234,0.1943020224571228,0.0,0.0,0.0,0.0,0.0,0.32366809248924255,0.0,0.0,0.0,4.949837148160441e-06,0.025265157222747803,0.1086626946926117,0.0971510112285614,0.0,0.0,0.0,0.0,0.0,0.06473361700773239,0.0,0.0,0.3296140432357788
19,35,0.027177128940820694,7.639680916327052e-06,0.028943777084350586,0.15020421147346497,0.0769025981426239,0.0,0.0,0.0,0.0,0.0,0.2942432165145874,0.0,0.0,0.0,3.819840458163526e-06,0.014471888542175293,0.07510210573673248,0.03845129907131195,0.0,0.0,0.0,0.0,0.0,0.05884864553809166,0.0,0.0,0.2140548825263977
19,36,0.017289578914642334,1.0124166692548897e-05,0.03866565227508545,0.18387985229492188,0.11190983653068542,0.0,0.0,0.0,0.0,0.0,0.1553194522857666,0.0,0.0,0.0,5.0620833462744486e-06,0.019332826137542725,0.09193992614746094,0.05595491826534271,0.0,0.0,0.0,0.0,0.0,0.03106389008462429,0.0,0.0,0.21558620035648346
19,37,0.031197676435112953,8.953337783168536e-06,0.042278826236724854,0.13699686527252197,0.12856416404247284,0.0,0.0,0.0,0.0,0.0,0.18878793716430664,0.0,0.0,0.0,4.476668891584268e-06,0.021139413118362427,0.06849843263626099,0.06428208202123642,0.0,0.0,0.0,0.0,0.0,0.03775758668780327,0.0,0.0,0.22287966310977936
19,38,0.03029790148139,8.761898243392352e-06,0.10874950885772705,0.1501311957836151,0.16896751523017883,0.0,0.0,0.0,0.0,0.0,0.20124968886375427,0.0,0.0,0.0,4.380949121696176e-06,0.054374754428863525,0.07506559789180756,0.08448375761508942,0.0,0.0,0.0,0.0,0.0,0.040249940007925034,0.0,0.0,0.2844763398170471
19,39,0.015233276411890984,7.927496881166007e-06,0.02651160955429077,0.13923615217208862,0.14233967661857605,0.0,0.0,0.0,0.0,0.0,0.13642656803131104,0.0,0.0,0.0,3.963748440583004e-06,0.013255804777145386,0.06961807608604431,0.07116983830928802,0.0,0.0,0.0,0.0,0.0,0.027285313233733177,0.0,0.0,0.19656626880168915
19,40,0.03891768306493759,6.548708370246459e-06,0.035743892192840576,0.10616868734359741,0.14872810244560242,0.0,0.0,0.0,0.0,0.0,0.2540806531906128,0.0,0.0,0.0,3.2743541851232294e-06,0.017871946096420288,0.053084343671798706,0.07436405122280121,0.0,0.0,0.0,0.0,0.0,0.0508161298930645,0.0,0.0,0.23505742847919464
19,41,0.01849355176091194,7.080559043970425e-06,0.025446593761444092,0.11372974514961243,0.10553081333637238,0.0,0.0,0.0,0.0,0.0,0.14998619258403778,0.0,0.0,0.0,3.5402795219852123e-06,0.012723296880722046,0.05686487257480621,0.05276540666818619,0.0,0.0,0.0,0.0,0.0,0.029997238889336586,0.0,0.0,0.17084790766239166
19,42,0.03046463057398796,5.3741778174298815e-06,0.03067493438720703,0.08299201726913452,0.06604451686143875,0.0,0.0,0.0,0.0,0.0,0.14178645610809326,0.0,0.0,0.0,2.6870889087149408e-06,0.015337467193603516,0.04149600863456726,0.033022258430719376,0.0,0.0,0.0,0.0,0.0,0.028357291594147682,0.0,0.0,0.14868034422397614
19,43,0.033460743725299835,1.8008309780270793e-05,0.06605410575866699,0.16830158233642578,0.0857190266251564,0.0,0.0,0.0,0.0,0.0,0.1441899538040161,0.0,0.0,0.0,9.004154890135396e-06,0.033027052879333496,0.08415079116821289,0.0428595133125782,0.0,0.0,0.0,0.0,0.0,0.028837991878390312,0.0,0.0,0.22234509885311127
19,44,0.02906866930425167,8.48239960760111e-06,0.04936408996582031,0.14723721146583557,0.09971912205219269,0.0,0.0,0.0,0.0,0.0,0.27793025970458984,0.0,0.0,0.0,4.241199803800555e-06,0.024682044982910156,0.07361860573291779,0.049859561026096344,0.0,0.0,0.0,0.0,0.0,0.05558605119585991,0.0,0.0,0.23281918466091156
19,45,0.029472261667251587,3.7961995076329913e-06,0.023319482803344727,0.09833908081054688,0.12454032897949219,0.0,0.0,0.0,0.0,0.0,0.19235949218273163,0.0,0.0,0.0,1.8980997538164956e-06,0.011659741401672363,0.04916954040527344,0.062270164489746094,0.0,0.0,0.0,0.0,0.0,0.038471899926662445,0.0,0.0,0.19104552268981934
19,46,0.016568860039114952,4.983729468222009e-06,0.022055506706237793,0.10910391807556152,0.03465155139565468,0.0,0.0,0.0,0.0,0.0,0.3882991373538971,0.0,0.0,0.0,2.4918647341110045e-06,0.011027753353118896,0.05455195903778076,0.01732577569782734,0.0,0.0,0.0,0.0,0.0,0.07765983045101166,0.0,0.0,0.17713665962219238
19,47,0.03231535106897354,5.5677669479337055e-06,0.02806621789932251,0.08372190594673157,0.08181531727313995,0.0,0.0,0.0,0.0,0.0,0.14417409896850586,0.0,0.0,0.0,2.7838834739668528e-06,0.014033108949661255,0.041860952973365784,0.04090765863656998,0.0,0.0,0.0,0.0,0.0,0.028834819793701172,0.0,0.0,0.15795466303825378
19,48,0.014899356290698051,6.982202648941893e-06,0.04555356502532959,0.12792542576789856,0.049693070352077484,0.0,0.0,0.0,0.0,0.0,0.2744826078414917,0.0,0.0,0.0,3.4911013244709466e-06,0.022776782512664795,0.06396271288394928,0.024846535176038742,0.0,0.0,0.0,0.0,0.0,0.0548965223133564,0.0,0.0,0.18138539791107178
19,49,0.03259262442588806,8.474174137518276e-06,0.04935485124588013,0.17512139678001404,0.08818601816892624,0.0,0.0,0.0,0.0,0.0,0.1276911497116089,0.0,0.0,0.0,4.237087068759138e-06,0.024677425622940063,0.08756069839000702,0.04409300908446312,0.0,0.0,0.0,0.0,0.0,0.025538230314850807,0.0,0.0,0.21446622908115387
19,50,0.014358095824718475,5.705976491299225e-06,0.045032799243927,0.11246782541275024,0.07456114888191223,0.0,0.0,0.0,0.0,0.0,0.4789798855781555,0.0,0.0,0.0,2.8529882456496125e-06,0.0225163996219635,0.05623391270637512,0.037280574440956116,0.0,0.0,0.0,0.0,0.0,0.09579598158597946,0.0,0.0,0.2261878252029419
19,51,0.036079294979572296,4.050866209581727e-06,0.039845943450927734,0.12941581010818481,0.015005819499492645,0.0,0.0,0.0,0.0,0.0,0.1333533078432083,0.0,0.0,0.0,2.0254331047908636e-06,0.019922971725463867,0.06470790505409241,0.007502909749746323,0.0,0.0,0.0,0.0,0.0,0.026670662686228752,0.0,0.0,0.15488576889038086
19,52,0.032614849507808685,7.793983058945742e-06,0.03097844123840332,0.10622122883796692,0.016595914959907532,0.0,0.0,0.0,0.0,0.0,0.2325439751148224,0.0,0.0,0.0,3.896991529472871e-06,0.01548922061920166,0.05311061441898346,0.008297957479953766,0.0,0.0,0.0,0.0,0.0,0.0465087965130806,0.0,0.0,0.15602533519268036
19,53,0.0124512305483222,6.655116521869786e-06,0.0513300895690918,0.1337166428565979,-0.004685215651988983,0.0,0.0,0.0,0.0,0.0,0.49686604738235474,0.0,0.0,0.0,3.327558260934893e-06,0.0256650447845459,0.06685832142829895,-0.0023426078259944916,0.0,0.0,0.0,0.0,0.0,0.0993732139468193,0.0,0.0,0.20200851559638977
19,54,0.015553990378975868,1.1885385902132839e-05,0.0767143964767456,0.23939061164855957,0.12479399889707565,0.0,0.0,0.0,0.0,0.0,0.45431551337242126,0.0,0.0,0.0,5.9426929510664195e-06,0.0383571982383728,0.11969530582427979,0.06239699944853783,0.0,0.0,0.0,0.0,0.0,0.09086310118436813,0.0,0.0,0.3268725574016571
19,55,0.029010558500885963,4.567938049149234e-06,0.03994816541671753,0.11628329753875732,0.021336272358894348,0.0,0.0,0.0,0.0,0.0,0.07603991031646729,0.0,0.0,0.0,2.283969024574617e-06,0.019974082708358765,0.05814164876937866,0.010668136179447174,0.0,0.0,0.0,0.0,0.0,0.015207982622087002,0.0,0.0,0.13300469517707825
19,56,0.027088403701782227,4.580293079925468e-06,0.04684484004974365,0.1053953468799591,0.036410920321941376,0.0,0.0,0.0,0.0,0.0,0.11267316341400146,0.0,0.0,0.0,2.290146539962734e-06,0.023422420024871826,0.05269767343997955,0.018205460160970688,0.0,0.0,0.0,0.0,0.0,0.022534633055329323,0.0,0.0,0.14395089447498322
19,57,0.026970744132995605,2.418582880636677e-06,0.024755895137786865,0.07535302639007568,0.0027672313153743744,0.0,0.0,0.0,0.0,0.0,0.12781032919883728,0.0,0.0,0.0,1.2092914403183386e-06,0.012377947568893433,0.03767651319503784,0.0013836156576871872,0.0,0.0,0.0,0.0,0.0,0.025562066584825516,0.0,0.0,0.10397209227085114
19,58,0.025836821645498276,7.902604011178482e-06,0.02570629119873047,0.11319738626480103,0.011469900608062744,0.0,0.0,0.0,0.0,0.0,0.3525214195251465,0.0,0.0,0.0,3.951302005589241e-06,0.012853145599365234,0.05659869313240051,0.005734950304031372,0.0,0.0,0.0,0.0,0.0,0.07050428539514542,0.0,0.0,0.17153185606002808
19,59,0.014779548160731792,5.6693861552048475e-06,0.01815342903137207,0.11404168605804443,0.061670467257499695,0.0,0.0,0.0,0.0,0.0,0.14516496658325195,0.0,0.0,0.0,2.8346930776024237e-06,0.009076714515686035,0.05702084302902222,0.030835233628749847,0.0,0.0,0.0,0.0,0.0,0.02903299406170845,0.0,0.0,0.14074817299842834
19,60,0.02747684344649315,5.581842287938343e-06,0.020453989505767822,0.08600583672523499,0.05791706591844559,0.0,0.0,0.0,0.0,0.0,0.1126401424407959,0.0,0.0,0.0,2.7909211439691717e-06,0.010226994752883911,0.04300291836261749,0.028958532959222794,0.0,0.0,0.0,0.0,0.0,0.02252802811563015,0.0,0.0,0.1321960985660553
19,61,0.011608568020164967,5.280555797071429e-06,0.038257062435150146,0.09449538588523865,0.09653037786483765,0.0,0.0,0.0,0.0,0.0,0.09945142269134521,0.0,0.0,0.0,2.6402778985357145e-06,0.019128531217575073,0.047247692942619324,0.04826518893241882,0.0,0.0,0.0,0.0,0.0,0.019890284165740013,0.0,0.0,0.1461428999900818
19,62,0.026806926354765892,4.3583168007899076e-06,0.024449467658996582,0.10045194625854492,0.02217157557606697,0.0,0.0,0.0,0.0,0.0,0.11215144395828247,0.0,0.0,0.0,2.1791584003949538e-06,0.012224733829498291,0.05022597312927246,0.011085787788033485,0.0,0.0,0.0,0.0,0.0,0.022430289536714554,0.0,0.0,0.12277588248252869
19,63,0.013631823472678661,8.763166079006623e-06,0.019826829433441162,0.10846704244613647,0.02525787428021431,0.0,0.0,0.0,0.0,0.0,0.15749509632587433,0.0,0.0,0.0,4.381583039503312e-06,0.009913414716720581,0.05423352122306824,0.012628937140107155,0.0,0.0,0.0,0.0,0.0,0.031499020755290985,0.0,0.0,0.12191109359264374
19,64,0.02451181784272194,1.208258527185535e-05,0.050444841384887695,0.17077922821044922,0.09078656882047653,0.0,0.0,0.0,0.0,0.0,0.3796144723892212,0.0,0.0,0.0,6.041292635927675e-06,0.025222420692443848,0.08538961410522461,0.045393284410238266,0.0,0.0,0.0,0.0,0.0,0.0759228989481926,0.0,0.0,0.25644609332084656
19,65,0.028607860207557678,4.6580030357290525e-06,0.031026601791381836,0.10115155577659607,0.05217256769537926,0.0,0.0,0.0,0.0,0.0,0.12695318460464478,0.0,0.0,0.0,2.3290015178645262e-06,0.015513300895690918,0.050575777888298035,0.02608628384768963,0.0,0.0,0.0,0.0,0.0,0.025390638038516045,0.0,0.0,0.14617618918418884
19,66,0.011297231540083885,5.322269771568244e-06,0.022874116897583008,0.11602100729942322,0.022397037595510483,0.0,0.0,0.0,0.0,0.0,0.3903323709964752,0.0,0.0,0.0,2.661134885784122e-06,0.011437058448791504,0.05801050364971161,0.011198518797755241,0.0,0.0,0.0,0.0,0.0,0.07806647568941116,0.0,0.0,0.1700124442577362
19,67,0.026690592989325523,6.722988473484293e-06,0.043508172035217285,0.08128079771995544,0.06613665819168091,0.0,0.0,0.0,0.0,0.0,0.22328181564807892,0.0,0.0,0.0,3.3614942367421463e-06,0.021754086017608643,0.04064039885997772,0.033068329095840454,0.0,0.0,0.0,0.0,0.0,0.044656362384557724,0.0,0.0,0.16681313514709473
19,68,0.02756592258810997,9.061361652129563e-07,0.028974711894989014,0.06692624092102051,0.005678672343492508,0.0,0.0,0.0,0.0,0.0,0.15531210601329803,0.0,0.0,0.0,4.5306808260647813e-07,0.014487355947494507,0.033463120460510254,0.002839336171746254,0.0,0.0,0.0,0.0,0.0,0.031062422320246696,0.0,0.0,0.1094186082482338
19,69,0.011351031251251698,5.510594746738207e-06,0.019017338752746582,0.09277209639549255,0.07895027101039886,0.0,0.0,0.0,0.0,0.0,0.0,0.0,0.0,0.0,2.7552973733691033e-06,0.009508669376373291,0.04638604819774628,0.03947513550519943,0.0,0.0,0.0,0.0,0.0,0.0,0.0,0.0,0.10672364383935928
19,70,0.026004677638411522,1.4572515283362009e-06,0.02788841724395752,0.06618630886077881,0.03476415202021599,0.0,0.0,0.0,0.0,0.0,0.11631762981414795,0.0,0.0,0.0,7.286257641681004e-07,0.01394420862197876,0.033093154430389404,0.017382076010107994,0.0,0.0,0.0,0.0,0.0,0.02326352708041668,0.0,0.0,0.11368837207555771
19,71,0.010909004136919975,1.898410346257151e-06,0.028683483600616455,0.07651340961456299,-0.002652443014085293,0.0,0.0,0.0,0.0,0.0,0.12421402335166931,0.0,0.0,0.0,9.492051731285756e-07,0.014341741800308228,0.038256704807281494,-0.0013262215070426464,0.0,0.0,0.0,0.0,0.0,0.024842804297804832,0.0,0.0,0.0870249792933464
19,72,0.02706730365753174,6.356452104228083e-06,0.04591161012649536,0.12273994088172913,0.07443995773792267,0.0,0.0,0.0,0.0,0.0,0.23224443197250366,0.0,0.0,0.0,3.1782260521140415e-06,0.02295580506324768,0.06136997044086456,0.037219978868961334,0.0,0.0,0.0,0.0,0.0,0.04644888639450073,0.0,0.0,0.19506511092185974
19,73,0.026365187019109726,5.905453235754976e-06,0.06529456377029419,0.07852593064308167,0.03681546449661255,0.0,0.0,0.0,0.0,0.0,0.1806216686964035,0.0,0.0,0.0,2.952726617877488e-06,0.032647281885147095,0.03926296532154083,0.018407732248306274,0.0,0.0,0.0,0.0,0.0,0.0361243337392807,0.0,0.0,0.1528104543685913
19,74,0.01189487986266613,4.565205017570406e-06,0.06537330150604248,0.11572721600532532,0.04522185027599335,0.0,0.0,0.0,0.0,0.0,0.24959146976470947,0.0,0.0,0.0,2.282602508785203e-06,0.03268665075302124,0.05786360800266266,0.022610925137996674,0.0,0.0,0.0,0.0,0.0,0.049918293952941895,0.0,0.0,0.174976646900177
19,75,0.025723552331328392,5.046151272836141e-06,0.02244257926940918,0.09460771083831787,0.08367056399583817,0.0,0.0,0.0,0.0,0.0,0.09709012508392334,0.0,0.0,0.0,2.5230756364180706e-06,0.01122128963470459,0.047303855419158936,0.04183528199791908,0.0,0.0,0.0,0.0,0.0,0.019418025389313698,0.0,0.0,0.14550453424453735
19,76,0.010437043383717537,3.611723968788283e-06,0.0165138840675354,0.06437703967094421,0.026816826313734055,0.0,0.0,0.0,0.0,0.0,0.10554546117782593,0.0,0.0,0.0,1.8058619843941415e-06,0.0082569420337677,0.03218851983547211,0.013408413156867027,0.0,0.0,0.0,0.0,0.0,0.021109092980623245,0.0,0.0,0.08540181815624237
19,77,0.025093505159020424,1.0552944331720937e-06,0.011956334114074707,0.04473310708999634,0.030612045899033546,0.0,0.0,0.0,0.0,0.0,0.11342084407806396,0.0,0.0,0.0,5.276472165860469e-07,0.0059781670570373535,0.02236655354499817,0.015306022949516773,0.0,0.0,0.0,0.0,0.0,0.022684169933199883,0.0,0.0,0.09142895042896271
19,78,0.026050925254821777,1.532354872324504e-05,0.06314563751220703,0.18560993671417236,0.04826480895280838,0.0,0.0,0.0,0.0,0.0,0.1259113997220993,0.0,0.0,0.0,7.66177436162252e-06,0.031572818756103516,0.09280496835708618,0.02413240447640419,0.0,0.0,0.0,0.0,0.0,0.02518228068947792,0.0,0.0,0.19975104928016663
19,79,0.012492559850215912,3.533999233695795e-06,0.017067015171051025,0.1110052764415741,0.05759963020682335,0.0,0.0,0.0,0.0,0.0,0.3092115521430969,0.0,0.0,0.0,1.7669996168478974e-06,0.008533507585525513,0.05550263822078705,0.028799815103411674,0.0,0.0,0.0,0.0,0.0,0.061842311173677444,0.0,0.0,0.1671725958585739
19,80,0.022135954350233078,5.570873781834962e-06,0.11410033702850342,0.13627484440803528,0.03859613090753555,0.0,0.0,0.0,0.0,0.0,0.09347671270370483,0.0,0.0,0.0,2.785436890917481e-06,0.05705016851425171,0.06813742220401764,0.019298065453767776,0.0,0.0,0.0,0.0,0.0,0.018695343285799026,0.0,0.0,0.185319721698761
19,81,0.010800831019878387,3.225154159736121e-06,0.013935565948486328,0.05820813775062561,0.003797694109380245,0.0,0.0,0.0,0.0,0.0,0.06888866424560547,0.0,0.0,0.0,1.6125770798680605e-06,0.006967782974243164,0.029104068875312805,0.0018988470546901226,0.0,0.0,0.0,0.0,0.0,0.013777732849121094,0.0,0.0,0.0625508725643158
19,82,0.02547130361199379,1.7297073782174266e-06,0.05385267734527588,0.07490068674087524,0.0446220263838768,0.0,0.0,0.0,0.0,0.0,0.15584266185760498,0.0,0.0,0.0,8.648536891087133e-07,0.02692633867263794,0.03745034337043762,0.0223110131919384,0.0,0.0,0.0,0.0,0.0,0.031168533489108086,0.0,0.0,0.14332839846611023
19,83,0.02349797822535038,4.310472832003143e-06,0.06024426221847534,0.09031382203102112,0.05182534456253052,0.0,0.0,0.0,0.0,0.0,0.45673781633377075,0.0,0.0,0.0,2.1552364160015713e-06,0.03012213110923767,0.04515691101551056,0.02591267228126526,0.0,0.0,0.0,0.0,0.0,0.09134756773710251,0.0,0.0,0.21603941917419434
19,84,0.013314751908183098,3.2662085232004756e-06,0.018730759620666504,0.07033920288085938,0.04509643837809563,0.0,0.0,0.0,0.0,0.0,0.10450136661529541,0.0,0.0,0.0,1.6331042616002378e-06,0.009365379810333252,0.03516960144042969,0.022548219189047813,0.0,0.0,0.0,0.0,0.0,0.020900273695588112,0.0,0.0,0.10129985958337784
19,85,0.02431163564324379,1.029300051413884e-06,0.025008797645568848,0.07264986634254456,-0.012938037514686584,0.0,0.0,0.0,0.0,0.0,0.3012794554233551,0.0,0.0,0.0,5.14650025706942e-07,0.012504398822784424,0.03632493317127228,-0.006469018757343292,0.0,0.0,0.0,0.0,0.0,0.06025589257478714,0.0,0.0,0.12692835927009583
19,86,0.011040501296520233,2.0622790088964393e-06,0.03136336803436279,0.0852276086807251,0.02304423600435257,0.0,0.0,0.0,0.0,0.0,0.16080598533153534,0.0,0.0,0.0,1.0311395044482197e-06,0.015681684017181396,0.04261380434036255,0.011522118002176285,0.0,0.0,0.0,0.0,0.0,0.03216119855642319,0.0,0.0,0.11302033811807632
19,87,0.027133842930197716,8.210872692870907e-06,0.01967519521713257,0.12421715259552002,0.014014195650815964,0.0,0.0,0.0,0.0,0.0,0.367550253868103,0.0,0.0,0.0,4.105436346435454e-06,0.009837597608566284,0.06210857629776001,0.007007097825407982,0.0,0.0,0.0,0.0,0.0,0.0735100507736206,0.0,0.0,0.1796012818813324
19,88,0.029972363263368607,1.057909571500204e-06,0.02731078863143921,0.06068280339241028,0.034469347447156906,0.0,0.0,0.0,0.0,0.0,0.12237924337387085,0.0,0.0,0.0,5.28954785750102e-07,0.013655394315719604,0.03034140169620514,0.017234673723578453,0.0,0.0,0.0,0.0,0.0,0.02447584830224514,0.0,0.0,0.11568021774291992
19,89,0.0239090733230114,7.896254828665406e-06,0.060113728046417236,0.11306864023208618,0.04483683407306671,0.0,0.0,0.0,0.0,0.0,0.10932224988937378,0.0,0.0,0.0,3.948127414332703e-06,0.030056864023208618,0.05653432011604309,0.022418417036533356,0.0,0.0,0.0,0.0,0.0,0.021864449605345726,0.0,0.0,0.1547870635986328
19,90,0.011144300922751427,1.7880209952636505e-06,0.022640347480773926,0.06182512640953064,0.02293328009545803,0.0,0.0,0.0,0.0,0.0,0.07859662920236588,0.0,0.0,0.0,8.940104976318253e-07,0.011320173740386963,0.03091256320476532,0.011466640047729015,0.0,0.0,0.0,0.0,0.0,0.015719326213002205,0.0,0.0,0.08056389540433884
19,91,0.025704870000481606,3.2319167075911537e-06,0.02032923698425293,0.05781176686286926,0.02541707269847393,0.0,0.0,0.0,0.0,0.0,0.24995625019073486,0.0,0.0,0.0,1.6159583537955768e-06,0.010164618492126465,0.02890588343143463,0.012708536349236965,0.0,0.0,0.0,0.0,0.0,0.04999125003814697,0.0,0.0,0.1274767816066742
19,92,0.026738207787275314,3.3999326660705265e-06,0.02457427978515625,0.08071967959403992,0.02886233665049076,0.0,0.0,0.0,0.0,0.0,0.175758957862854,0.0,0.0,0.0,1.6999663330352632e-06,0.012287139892578125,0.04035983979701996,0.01443116832524538,0.0,0.0,0.0,0.0,0.0,0.03515179082751274,0.0,0.0,0.12896984815597534
19,93,0.011989912018179893,8.591203368268907e-06,0.02137809991836548,0.10845878720283508,-0.006573708727955818,0.0,0.0,0.0,0.0,0.0,0.14020974934101105,0.0,0.0,0.0,4.2956016841344535e-06,0.01068904995918274,0.05422939360141754,-0.003286854363977909,0.0,0.0,0.0,0.0,0.0,0.02804194949567318,0.0,0.0,0.10166774690151215
19,94,0.027922961860895157,5.473891178553458e-06,0.06373065710067749,0.08590459823608398,0.03508719801902771,0.0,0.0,0.0,0.0,0.0,0.3424602746963501,0.0,0.0,0.0,2.736945589276729e-06,0.031865328550338745,0.04295229911804199,0.017543599009513855,0.0,0.0,0.0,0.0,0.0,0.06849205493927002,0.0,0.0,0.18877898156642914
19,95,0.012011682614684105,2.868442379622138e-06,0.020322203636169434,0.06810814142227173,0.0602005198597908,0.0,0.0,0.0,0.0,0.0,0.2240433692932129,0.0,0.0,0.0,1.434221189811069e-06,0.010161101818084717,0.034054070711135864,0.0301002599298954,0.0,0.0,0.0,0.0,0.0,0.04480867460370064,0.0,0.0,0.13113722205162048
19,96,0.024514902383089066,3.1843526357988594e-06,0.07972103357315063,0.10058385133743286,0.038096725940704346,0.0,0.0,0.0,0.0,0.0,0.0,0.0,0.0,0.0,1.5921763178994297e-06,0.03986051678657532,0.05029192566871643,0.019048362970352173,0.0,0.0,0.0,0.0,0.0,0.0,0.0,0.0,0.13371729850769043
19,97,0.023456936702132225,5.308075742505025e-06,0.028711259365081787,0.0686679482460022,-0.03951410949230194,0.0,0.0,0.0,0.0,0.0,0.2354443073272705,0.0,0.0,0.0,2.6540378712525126e-06,0.014355629682540894,0.0343339741230011,-0.01975705474615097,0.0,0.0,0.0,0.0,0.0,0.0470888614654541,0.0,0.0,0.099481001496315
19,98,0.011282814666628838,2.3072620933817234e-06,0.033266305923461914,0.07986655831336975,0.0038685626350343227,0.0,0.0,0.0,0.0,0.0,0.0733262300491333,0.0,0.0,0.0,1.1536310466908617e-06,0.016633152961730957,0.039933279156684875,0.0019342813175171614,0.0,0.0,0.0,0.0,0.0,0.01466524600982666,0.0,0.0,0.08444992452859879
19,99,0.022792289033532143,3.1796598705113865e-06,0.018895626068115234,0.07203248143196106,0.039240431040525436,0.0,0.0,0.0,0.0,0.0,0.09460600465536118,0.0,0.0,0.0,1.5898299352556933e-06,0.009447813034057617,0.03601624071598053,0.019620215520262718,0.0,0.0,0.0,0.0,0.0,0.018921202048659325,0.0,0.0,0.10679935663938522
19,100,0.0223995391279459,1.725730385260249e-06,0.027965128421783447,0.05811202526092529,0.01288449577987194,0.0,0.0,0.0,0.0,0.0,0.16404634714126587,0.0,0.0,0.0,8.628651926301245e-07,0.013982564210891724,0.029056012630462646,0.00644224788993597,0.0,0.0,0.0,0.0,0.0,0.032809268683195114,0.0,0.0,0.10469049215316772
20,1,0.039005327969789505,1.3523595953301992e-05,0.14203155040740967,0.5182267427444458,0.0014141006395220757,0.0,0.0,0.0,0.0,0.0,0.48956099152565,0.0,0.0,0.0,6.761797976650996e-06,0.07101577520370483,0.2591133713722229,0.0007070503197610378,0.0,0.0,0.0,0.0,0.0,0.09791219979524612,0.0,0.0,0.46776047348976135
20,2,0.07522843033075333,7.853013812564313e-06,0.17723113298416138,0.6693018674850464,0.00983321014791727,0.0,0.0,0.0,0.0,0.0,0.6582823395729065,0.0,0.0,0.0,3.926506906282157e-06,0.08861556649208069,0.3346509337425232,0.004916605073958635,0.0,0.0,0.0,0.0,0.0,0.1316564679145813,0.0,0.0,0.6350719332695007
20,3,0.014322842471301556,1.0419554200780112e-05,0.1504458785057068,0.49865642189979553,0.004003293812274933,0.0,0.0,0.0,0.0,0.0,0.39883625507354736,0.0,0.0,0.0,5.209777100390056e-06,0.0752229392528534,0.24932821094989777,0.0020016469061374664,0.0,0.0,0.0,0.0,0.0,0.07976724952459335,0.0,0.0,0.42064809799194336
20,4,0.015197819098830223,1.2132913070672657e-05,0.11551040410995483,0.5236822366714478,0.00794429611414671,0.0,0.0,0.0,0.0,0.0,0.5217218995094299,0.0,0.0,0.0,6.066456535336329e-06,0.05775520205497742,0.2618411183357239,0.003972148057073355,0.0,0.0,0.0,0.0,0.0,0.10434438288211823,0.0,0.0,0.4431167244911194
20,5,0.038234688341617584,7.851405825931579e-06,0.16561293601989746,0.46877607703208923,-8.997693657875061e-05,0.0,0.0,0.0,0.0,0.0,0.2275903820991516,0.0,0.0,0.0,3.9257029129657894e-06,0.08280646800994873,0.23438803851604462,-4.4988468289375305e-05,0.0,0.0,0.0,0.0,0.0,0.04551807790994644,0.0,0.0,0.40090617537498474
20,6,0.0311095230281353,8.284348041343037e-06,0.11245673894882202,0.5102008581161499,0.011005323380231857,0.0,0.0,0.0,0.0,0.0,0.7643564343452454,0.0,0.0,0.0,4.1421740206715185e-06,0.05622836947441101,0.25510042905807495,0.005502661690115929,0.0,0.0,0.0,0.0,0.0,0.1528712958097458,0.0,0.0,0.5008164048194885
20,7,0.0063799479976296425,1.0685361303330865e-05,0.1776646375656128,0.488076776266098,0.012601939029991627,0.0,0.0,0.0,0.0,0.0,0.8175622820854187,0.0,0.0,0.0,5.342680651665432e-06,0.0888323187828064,0.244038388133049,0.006300969514995813,0.0,0.0,0.0,0.0,0.0,0.1635124534368515,0.0,0.0,0.5090693831443787
20,8,0.02376127615571022,1.0041511586678098e-06,0.25143957138061523,0.666517972946167,0.020496584475040436,0.0,0.0,0.0,0.0,0.0,0.0,0.0,0.0,0.0,5.020755793339049e-07,0.12571978569030762,0.3332589864730835,0.010248292237520218,0.0,0.0,0.0,0.0,0.0,0.0,0.0,0.0,0.49298885464668274
20,9,0.021006990224123,8.60255750012584e-06,0.09565520286560059,0.45230036973953247,0.0358133390545845,0.0,0.0,0.0,0.0,0.0,0.32669544219970703,0.0,0.0,0.0,4.30127875006292e-06,0.04782760143280029,0.22615018486976624,0.01790666952729225,0.0,0.0,0.0,0.0,0.0,0.0653390884399414,0.0,0.0,0.3782348334789276
20,10,0.010160819627344608,9.56897929427214e-06,0.22135907411575317,0.47054675221443176,0.03517469763755798,0.0,0.0,0.0,0.0,0.0,0.9985122680664062,0.0,0.0,0.0,4.78448964713607e-06,0.11067953705787659,0.23527337610721588,0.01758734881877899,0.0,0.0,0.0,0.0,0.0,0.1997024565935135,0.0,0.0,0.573408305644989
20,11,0.021101992577314377,7.034826012386475e-06,0.11611723899841309,0.5120330452919006,0.04861757159233093,0.0,0.0,0.0,0.0,0.0,0.6075558662414551,0.0,0.0,0.0,3.5174130061932374e-06,0.05805861949920654,0.2560165226459503,0.024308785796165466,0.0,0.0,0.0,0.0,0.0,0.12151117622852325,0.0,0.0,0.4810006022453308
20,12,0.02035825327038765,9.527322617941536e-06,0.15235376358032227,0.4493153989315033,0.05885753780603409,0.0,0.0,0.0,0.0,0.0,0.9777071475982666,0.0,0.0,0.0,4.763661308970768e-06,0.07617688179016113,0.22465769946575165,0.029428768903017044,0.0,0.0,0.0,0.0,0.0,0.19554142653942108,0.0,0.0,0.54616779088974
20,13,0.010378612205386162,1.3603073966805823e-05,0.1689910888671875,0.36347222328186035,0.06303170323371887,0.0,0.0,0.0,0.0,0.0,0.6918690204620361,0.0,0.0,0.0,6.8015369834029116e-06,0.08449554443359375,0.18173611164093018,0.031515851616859436,0.0,0.0,0.0,0.0,0.0,0.13837380707263947,0.0,0.0,0.4465067386627197
20,14,0.008930674754083157,1.2871991202700883e-05,0.13430911302566528,0.39942488074302673,0.06685539335012436,0.0,0.0,0.0,0.0,0.0,0.4833904504776001,0.0,0.0,0.0,6.4359956013504416e-06,0.06715455651283264,0.19971244037151337,0.03342769667506218,0.0,0.0,0.0,0.0,0.0,0.09667809307575226,0.0,0.0,0.4059098958969116
20,15,0.026715632528066635,1.0184527127421461e-05,0.09564989805221558,0.48083674907684326,0.10283894091844559,0.0,0.0,0.0,0.0,0.0,0.5401787161827087,0.0,0.0,0.0,5.0922635637107305e-06,0.04782494902610779,0.24041837453842163,0.051419470459222794,0.0,0.0,0.0,0.0,0.0,0.10803574323654175,0.0,0.0,0.4744192659854889
20,16,0.025095652788877487,1.660228917899076e-05,0.10054463148117065,0.37844160199165344,0.07384903728961945,0.0,0.0,0.0,0.0,0.0,0.29210954904556274,0.0,0.0,0.0,8.30114458949538e-06,0.05027231574058533,0.18922080099582672,0.03692451864480972,0.0,0.0,0.0,0.0,0.0,0.05842190980911255,0.0,0.0,0.3599434792995453
20,17,0.010244409553706646,1.740466723276768e-05,0.12366378307342529,0.32386916875839233,0.09045622497797012,0.0,0.0,0.0,0.0,0.0,0.2319347858428955,0.0,0.0,0.0,8.70233361638384e-06,0.061831891536712646,0.16193458437919617,0.04522811248898506,0.0,0.0,0.0,0.0,0.0,0.0463869571685791,0.0,0.0,0.3256346583366394
20,18,0.025314752012491226,1.2023489944112953e-05,0.063393235206604,0.3473275601863861,0.11182939261198044,0.0,0.0,0.0,0.0,0.0,0.06308579444885254,0.0,0.0,0.0,6.011744972056476e-06,0.031696617603302,0.17366378009319305,0.05591469630599022,0.0,0.0,0.0,0.0,0.0,0.012617158703505993,0.0,0.0,0.2992130219936371
20,19,0.023693814873695374,1.5025228094600607e-05,0.07633674144744873,0.4393783211708069,0.12060023844242096,0.0,0.0,0.0,0.0,0.0,0.16037148237228394,0.0,0.0,0.0,7.512614047300303e-06,0.038168370723724365,0.21968916058540344,0.06030011922121048,0.0,0.0,0.0,0.0,0.0,0.032074298709630966,0.0,0.0,0.3739332854747772
20,20,0.011608649045228958,1.2783098100044299e-05,0.12352430820465088,0.33650922775268555,0.13579516112804413,0.0,0.0,0.0,0.0,0.0,0.4330398142337799,0.0,0.0,0.0,6.3915490500221495e-06,0.06176215410232544,0.16825461387634277,0.06789758056402206,0.0,0.0,0.0,0.0,0.0,0.08660796284675598,0.0,0.0,0.3961373567581177
20,21,0.02108907885849476,7.550328973593423e-06,0.0797995924949646,0.24411946535110474,0.11085165292024612,0.0,0.0,0.0,0.0,0.0,0.3279268741607666,0.0,0.0,0.0,3.7751644867967116e-06,0.0398997962474823,0.12205973267555237,0.05542582646012306,0.0,0.0,0.0,0.0,0.0,0.06558537483215332,0.0,0.0,0.3040635883808136
20,22,0.02370014600455761,1.1531713425938506e-05,0.13405048847198486,0.28133639693260193,0.11506514251232147,0.0,0.0,0.0,0.0,0.0,0.5047124028205872,0.0,0.0,0.0,5.765856712969253e-06,0.06702524423599243,0.14066819846630096,0.057532571256160736,0.0,0.0,0.0,0.0,0.0,0.10094248503446579,0.0,0.0,0.3898744285106659
20,23,0.027389323338866234,6.0729057622666005e-06,0.17552369832992554,0.3567529320716858,0.18982599675655365,0.0,0.0,0.0,0.0,0.0,0.4478917419910431,0.0,0.0,0.0,3.0364528811333003e-06,0.08776184916496277,0.1783764660358429,0.09491299837827682,0.0,0.0,0.0,0.0,0.0,0.08957835286855698,0.0,0.0,0.478022038936615
20,24,0.01399925909936428,8.780911230132915e-06,0.08687329292297363,0.3466074466705322,0.1469811201095581,0.0,0.0,0.0,0.0,0.0,0.4248650372028351,0.0,0.0,0.0,4.3904556150664575e-06,0.043436646461486816,0.1733037233352661,0.07349056005477905,0.0,0.0,0.0,0.0,0.0,0.08497300744056702,0.0,0.0,0.3892075717449188
20,25,0.033409494906663895,1.0779796866700053e-05,0.10949671268463135,0.27658942341804504,0.13580983877182007,0.0,0.0,0.0,0.0,0.0,0.38215211033821106,0.0,0.0,0.0,5.389898433350027e-06,0.054748356342315674,0.13829471170902252,0.06790491938591003,0.0,0.0,0.0,0.0,0.0,0.07643042504787445,0.0,0.0,0.37079328298568726
20,26,0.05425392463803291,9.177295396511909e-06,0.14649415016174316,0.27380403876304626,0.15254449844360352,0.0,0.0,0.0,0.0,0.0,0.19572870433330536,0.0,0.0,0.0,4.588647698255954e-06,0.07324707508087158,0.13690201938152313,0.07627224922180176,0.0,0.0,0.0,0.0,0.0,0.03914574161171913,0.0,0.0,0.3798255920410156
20,27,0.027033731341362,3.515699972922448e-06,0.06590044498443604,0.24611686170101166,0.13379552960395813,0.0,0.0,0.0,0.0,0.0,0.1791927069425583,0.0,0.0,0.0,1.757849986461224e-06,0.03295022249221802,0.12305843085050583,0.06689776480197906,0.0,0.0,0.0,0.0,0.0,0.0358385406434536,0.0,0.0,0.2857804298400879
20,28,0.06736458837985992,1.0455691153765656e-05,0.13497716188430786,0.15752112865447998,0.09595103561878204,0.0,0.0,0.0,0.0,0.0,0.20880043506622314,0.0,0.0,0.0,5.227845576882828e-06,0.06748858094215393,0.07876056432723999,0.04797551780939102,0.0,0.0,0.0,0.0,0.0,0.04176008701324463,0.0,0.0,0.30335456132888794
20,29,0.03210464492440224,7.872574315115344e-06,0.036778271198272705,0.1739593744277954,0.1522626131772995,0.0,0.0,0.0,0.0,0.0,0.28527379035949707,0.0,0.0,0.0,3.936287157557672e-06,0.018389135599136353,0.0869796872138977,0.07613130658864975,0.0,0.0,0.0,0.0,0.0,0.057054758071899414,0.0,0.0,0.27066347002983093
20,30,0.04070258140563965,3.8640368984488305e-06,0.04044175148010254,0.18957626819610596,0.14504779875278473,0.0,0.0,0.0,0.0,0.0,0.17694389820098877,0.0,0.0,0.0,1.9320184492244152e-06,0.02022087574005127,0.09478813409805298,0.07252389937639236,0.0,0.0,0.0,0.0,0.0,0.035388778895139694,0.0,0.0,0.26362618803977966
20,31,0.017595648765563965,1.2568609236041084e-05,0.044508397579193115,0.22871486842632294,0.1240142360329628,0.0,0.0,0.0,0.0,0.0,0.3232079744338989,0.0,0.0,0.0,6.284304618020542e-06,0.022254198789596558,0.11435743421316147,0.0620071180164814,0.0,0.0,0.0,0.0,0.0,0.06464159488677979,0.0,0.0,0.2808622717857361
20,32,0.0310361385345459,1.126286770158913e-05,0.04059195518493652,0.17122524976730347,0.152507483959198,0.0,0.0,0.0,0.0,0.0,0.12645626068115234,0.0,0.0,0.0,5.631433850794565e-06,0.02029597759246826,0.08561262488365173,0.076253741979599,0.0,0.0,0.0,0.0,0.0,0.02529125288128853,0.0,0.0,0.2384953647851944
20,33,0.01977115124464035,4.92682920594234e-06,0.06928342580795288,0.12181472778320312,0.12717726826667786,0.0,0.0,0.0,0.0,0.0,0.12913870811462402,0.0,0.0,0.0,2.46341460297117e-06,0.03464171290397644,0.06090736389160156,0.06358863413333893,0.0,0.0,0.0,0.0,0.0,0.025827741250395775,0.0,0.0,0.2047390639781952
20,34,0.03074600175023079,9.23087281989865e-06,0.05401432514190674,0.2060908079147339,0.18409061431884766,0.0,0.0,0.0,0.0,0.0,0.33842262625694275,0.0,0.0,0.0,4.615436409949325e-06,0.02700716257095337,0.10304540395736694,0.09204530715942383,0.0,0.0,0.0,0.0,0.0,0.06768452376127243,0.0,0.0,0.32053303718566895
20,35,0.025896122679114342,8.928713214118034e-06,0.03136187791824341,0.14454886317253113,0.08903905004262924,0.0,0.0,0.0,0.0,0.0,0.29340264201164246,0.0,0.0,0.0,4.464356607059017e-06,0.015680938959121704,0.07227443158626556,0.04451952502131462,0.0,0.0,0.0,0.0,0.0,0.05868053063750267,0.0,0.0,0.2170560210943222
20,36,0.02314518764615059,8.86589077708777e-06,0.0385248064994812,0.22242462635040283,0.1276794970035553,0.0,0.0,0.0,0.0,0.0,0.18988418579101562,0.0,0.0,0.0,4.432945388543885e-06,0.0192624032497406,0.11121231317520142,0.06383974850177765,0.0,0.0,0.0,0.0,0.0,0.037976838648319244,0.0,0.0,0.25544092059135437
20,37,0.028743049129843712,7.2078328230418265e-06,0.04409921169281006,0.14986702799797058,0.10105844587087631,0.0,0.0,0.0,0.0,0.0,0.18913054466247559,0.0,0.0,0.0,3.6039164115209132e-06,0.02204960584640503,0.07493351399898529,0.050529222935438156,0.0,0.0,0.0,0.0,0.0,0.03782610967755318,0.0,0.0,0.21408510208129883
20,38,0.029913514852523804,6.426357685995754e-06,0.11734837293624878,0.17946234345436096,0.19679997861385345,0.0,0.0,0.0,0.0,0.0,0.25041624903678894,0.0,0.0,0.0,3.213178842997877e-06,0.05867418646812439,0.08973117172718048,0.09839998930692673,0.0,0.0,0.0,0.0,0.0,0.05008324980735779,0.0,0.0,0.32680532336235046
20,39,0.01798301562666893,7.7294280345086e-06,0.027450978755950928,0.14121800661087036,0.13382035493850708,0.0,0.0,0.0,0.0,0.0,0.17452377080917358,0.0,0.0,0.0,3.8647140172543e-06,0.013725489377975464,0.07060900330543518,0.06691017746925354,0.0,0.0,0.0,0.0,0.0,0.034904755651950836,0.0,0.0,0.20413631200790405
20,40,0.0499507412314415,4.096937573194737e-06,0.02746349573135376,0.09436860680580139,0.11913932859897614,0.0,0.0,0.0,0.0,0.0,0.1738194227218628,0.0,0.0,0.0,2.0484687865973683e-06,0.01373174786567688,0.047184303402900696,0.05956966429948807,0.0,0.0,0.0,0.0,0.0,0.0347638837993145,0.0,0.0,0.2052023857831955
20,41,0.06699108332395554,7.321855264308397e-06,0.023863911628723145,0.10987943410873413,0.10835083574056625,0.0,0.0,0.0,0.0,0.0,0.18620805442333221,0.0,0.0,0.0,3.6609276321541984e-06,0.011931955814361572,0.054939717054367065,0.05417541787028313,0.0,0.0,0.0,0.0,0.0,0.0372416116297245,0.0,0.0,0.2252834439277649
20,42,0.03217984735965729,6.819222107878886e-06,0.02877974510192871,0.09496182203292847,0.043289665132761,0.0,0.0,0.0,0.0,0.0,0.36423811316490173,0.0,0.0,0.0,3.409611053939443e-06,0.014389872550964355,0.04748091101646423,0.0216448325663805,0.0,0.0,0.0,0.0,0.0,0.0728476271033287,0.0,0.0,0.18854650855064392
20,43,0.038038838654756546,1.468999107601121e-05,0.049453794956207275,0.14068669080734253,-0.0263422429561615,0.0,0.0,0.0,0.0,0.0,0.14719660580158234,0.0,0.0,0.0,7.344995538005605e-06,0.024726897478103638,0.07034334540367126,-0.01317112147808075,0.0,0.0,0.0,0.0,0.0,0.029439320787787437,0.0,0.0,0.14938461780548096
20,44,0.05936859920620918,1.0171787835133728e-05,0.04276007413864136,0.1621648371219635,0.06038641929626465,0.0,0.0,0.0,0.0,0.0,0.24996709823608398,0.0,0.0,0.0,5.085893917566864e-06,0.02138003706932068,0.08108241856098175,0.030193209648132324,0.0,0.0,0.0,0.0,0.0,0.049993421882390976,0.0,0.0,0.2420227825641632
20,45,0.04917469620704651,5.825089829158969e-06,0.03152745962142944,0.1082676351070404,0.01455020159482956,0.0,0.0,0.0,0.0,0.0,0.28116264939308167,0.0,0.0,0.0,2.9125449145794846e-06,0.01576372981071472,0.0541338175535202,0.00727510079741478,0.0,0.0,0.0,0.0,0.0,0.05623253062367439,0.0,0.0,0.1825827807188034
20,46,0.016134945675730705,5.922975560679333e-06,0.053423166275024414,0.2289906144142151,-0.10602640360593796,0.0,0.0,0.0,0.0,0.0,0.7107334733009338,0.0,0.0,0.0,2.9614877803396666e-06,0.026711583137512207,0.11449530720710754,-0.05301320180296898,0.0,0.0,0.0,0.0,0.0,0.14214669167995453,0.0,0.0,0.24647827446460724
20,47,0.03003770112991333,4.3439176806714386e-06,0.03918498754501343,0.08004811406135559,0.07453413307666779,0.0,0.0,0.0,0.0,0.0,0.11893820762634277,0.0,0.0,0.0,2.1719588403357193e-06,0.019592493772506714,0.040024057030677795,0.03726706653833389,0.0,0.0,0.0,0.0,0.0,0.023787641897797585,0.0,0.0,0.15071114897727966
20,48,0.011222253553569317,8.408866051468067e-06,0.038426995277404785,0.16425123810768127,0.03966445475816727,0.0,0.0,0.0,0.0,0.0,0.30227887630462646,0.0,0.0,0.0,4.2044330257340334e-06,0.019213497638702393,0.08212561905384064,0.019832227379083633,0.0,0.0,0.0,0.0,0.0,0.06045577675104141,0.0,0.0,0.19285356998443604
20,49,0.027374809607863426,1.0561345334281214e-05,0.059306323528289795,0.21152162551879883,0.0261240191757679,0.0,0.0,0.0,0.0,0.0,0.19894367456436157,0.0,0.0,0.0,5.280672667140607e-06,0.029653161764144897,0.10576081275939941,0.01306200958788395,0.0,0.0,0.0,0.0,0.0,0.039788734167814255,0.0,0.0,0.21564482152462006
20,50,0.010680045932531357,5.092412720841821e-06,0.07651609182357788,0.17266765236854553,0.015577681362628937,0.0,0.0,0.0,0.0,0.0,0.6470470428466797,0.0,0.0,0.0,2.5462063604209106e-06,0.03825804591178894,0.08633382618427277,0.007788840681314468,0.0,0.0,0.0,0.0,0.0,0.12940941751003265,0.0,0.0,0.2724727392196655
20,51,0.028014788404107094,2.0081427010154584e-06,0.05525338649749756,0.09581205248832703,0.017838340252637863,0.0,0.0,0.0,0.0,0.0,0.10666108131408691,0.0,0.0,0.0,1.0040713505077292e-06,0.02762669324874878,0.04790602624416351,0.008919170126318932,0.0,0.0,0.0,0.0,0.0,0.021332217380404472,0.0,0.0,0.13379989564418793
20,52,0.02470114640891552,4.702231308328919e-06,0.026275932788848877,0.08610761165618896,0.09386264532804489,0.0,0.0,0.0,0.0,0.0,0.20870858430862427,0.0,0.0,0.0,2.3511156541644596e-06,0.013137966394424438,0.04305380582809448,0.046931322664022446,0.0,0.0,0.0,0.0,0.0,0.04174171760678291,0.0,0.0,0.16956830024719238
20,53,0.009448235854506493,7.852116141293664e-06,0.0444643497467041,0.11370015144348145,0.04687708616256714,0.0,0.0,0.0,0.0,0.0,0.2640972137451172,0.0,0.0,0.0,3.926058070646832e-06,0.02223217487335205,0.05685007572174072,0.02343854308128357,0.0,0.0,0.0,0.0,0.0,0.05281944200396538,0.0,0.0,0.16479240357875824
20,54,0.011536350473761559,1.5713376342318952e-05,0.054474472999572754,0.25678160786628723,0.12133876979351044,0.0,0.0,0.0,0.0,0.0,0.4015175402164459,0.0,0.0,0.0,7.856688171159476e-06,0.027237236499786377,0.12839080393314362,0.06066938489675522,0.0,0.0,0.0,0.0,0.0,0.08030351251363754,0.0,0.0,0.3081451654434204
20,55,0.024424264207482338,1.0576815839158371e-05,0.0367811918258667,0.1311568319797516,0.021261129528284073,0.0,0.0,0.0,0.0,0.0,0.07437312602996826,0.0,0.0,0.0,5.2884079195791855e-06,0.01839059591293335,0.0655784159898758,0.010630564764142036,0.0,0.0,0.0,0.0,0.0,0.014874625019729137,0.0,0.0,0.13390375673770905
20,56,0.024685565382242203,3.9846049730840605e-06,0.042124032974243164,0.11111670732498169,0.04607133939862251,0.0,0.0,0.0,0.0,0.0,0.10849189758300781,0.0,0.0,0.0,1.9923024865420302e-06,0.021062016487121582,0.055558353662490845,0.023035669699311256,0.0,0.0,0.0,0.0,0.0,0.021698379889130592,0.0,0.0,0.14604197442531586
20,57,0.024517949670553207,3.7757918107672594e-06,0.02329784631729126,0.0941491425037384,-0.009357783943414688,0.0,0.0,0.0,0.0,0.0,0.18409836292266846,0.0,0.0,0.0,1.8878959053836297e-06,0.01164892315864563,0.0470745712518692,-0.004678891971707344,0.0,0.0,0.0,0.0,0.0,0.03681967407464981,0.0,0.0,0.11538411676883698
20,58,0.024431239813566208,7.603312496939907e-06,0.024491965770721436,0.13961806893348694,0.00556894950568676,0.0,0.0,0.0,0.0,0.0,0.2623961567878723,0.0,0.0,0.0,3.8016562484699534e-06,0.012245982885360718,0.06980903446674347,0.00278447475284338,0.0,0.0,0.0,0.0,0.0,0.05247923359274864,0.0,0.0,0.16175377368927002
20,59,0.01373310200870037,6.314919573924271e-06,0.024261176586151123,0.10938891768455505,0.08274336159229279,0.0,0.0,0.0,0.0,0.0,0.16291707754135132,0.0,0.0,0.0,3.1574597869621357e-06,0.012130588293075562,0.05469445884227753,0.04137168079614639,0.0,0.0,0.0,0.0,0.0,0.032583415508270264,0.0,0.0,0.15451639890670776
20,60,0.026020128279924393,4.781785719387699e-06,0.023764610290527344,0.10096657276153564,0.05474803224205971,0.0,0.0,0.0,0.0,0.0,0.14609915018081665,0.0,0.0,0.0,2.3908928596938495e-06,0.011882305145263672,0.05048328638076782,0.027374016121029854,0.0,0.0,0.0,0.0,0.0,0.02921983040869236,0.0,0.0,0.1449819654226303
20,61,0.011954816058278084,6.5805356825876515e-06,0.02178013324737549,0.12737569212913513,0.058943815529346466,0.0,0.0,0.0,0.0,0.0,0.10057938098907471,0.0,0.0,0.0,3.2902678412938258e-06,0.010890066623687744,0.06368784606456757,0.029471907764673233,0.0,0.0,0.0,0.0,0.0,0.02011587657034397,0.0,0.0,0.13612380623817444
20,62,0.025806982070207596,4.435719347384293e-06,0.019863605499267578,0.11065316200256348,-0.017205726355314255,0.0,0.0,0.0,0.0,0.0,0.18924754858016968,0.0,0.0,0.0,2.2178596736921463e-06,0.009931802749633789,0.05532658100128174,-0.008602863177657127,0.0,0.0,0.0,0.0,0.0,0.037849511951208115,0.0,0.0,0.12031422555446625
20,63,0.016186188906431198,6.770522304577753e-06,0.021211981773376465,0.09621894359588623,0.030156316235661507,0.0,0.0,0.0,0.0,0.0,0.134286567568779,0.0,0.0,0.0,3.3852611522888765e-06,0.010605990886688232,0.048109471797943115,0.015078158117830753,0.0,0.0,0.0,0.0,0.0,0.026857314631342888,0.0,0.0,0.11684051156044006
20,64,0.024386383593082428,1.12137595351669e-05,0.06054377555847168,0.20591598749160767,0.024549420922994614,0.0,0.0,0.0,0.0,0.0,0.2094939947128296,0.0,0.0,0.0,5.60687976758345e-06,0.03027188777923584,0.10295799374580383,0.012274710461497307,0.0,0.0,0.0,0.0,0.0,0.04189879819750786,0.0,0.0,0.2117953896522522
20,65,0.030915305018424988,3.941069735446945e-06,0.03605729341506958,0.13271036744117737,0.0349656417965889,0.0,0.0,0.0,0.0,0.0,0.11644834280014038,0.0,0.0,0.0,1.9705348677234724e-06,0.01802864670753479,0.06635518372058868,0.01748282089829445,0.0,0.0,0.0,0.0,0.0,0.023289669305086136,0.0,0.0,0.15607358515262604
20,66,0.01698032021522522,4.185777925158618e-06,0.02629530429840088,0.11883297562599182,0.04999084770679474,0.0,0.0,0.0,0.0,0.0,0.3635962903499603,0.0,0.0,0.0,2.092888962579309e-06,0.01314765214920044,0.05941648781299591,0.02499542385339737,0.0,0.0,0.0,0.0,0.0,0.0727192610502243,0.0,0.0,0.18726123869419098
20,67,0.02574882283806801,6.07442416367121e-06,0.037545740604400635,0.08372360467910767,0.05919840931892395,0.0,0.0,0.0,0.0,0.0,0.22357682883739471,0.0,0.0,0.0,3.037212081835605e-06,0.018772870302200317,0.04186180233955383,0.029599204659461975,0.0,0.0,0.0,0.0,0.0,0.04471536725759506,0.0,0.0,0.16070109605789185
20,68,0.025173047557473183,7.350087116719806e-07,0.025173664093017578,0.06146812438964844,0.027484580874443054,0.0,0.0,0.0,0.0,0.0,0.18973489105701447,0.0,0.0,0.0,3.675043558359903e-07,0.012586832046508789,0.03073406219482422,0.013742290437221527,0.0,0.0,0.0,0.0,0.0,0.03794698044657707,0.0,0.0,0.12018357217311859
20,69,0.012281308881938457,4.338025064498652e-06,0.02133190631866455,0.07805711030960083,0.05937361344695091,0.0,0.0,0.0,0.0,0.0,0.0,0.0,0.0,0.0,2.169012532249326e-06,0.010665953159332275,0.039028555154800415,0.029686806723475456,0.0,0.0,0.0,0.0,0.0,0.0,0.0,0.0,0.09166479110717773
20,70,0.013244690373539925,3.0074547794356477e-06,0.019996285438537598,0.08763712644577026,0.04375137388706207,0.0,0.0,0.0,0.0,0.0,0.1841946840286255,0.0,0.0,0.0,1.5037273897178238e-06,0.009998142719268799,0.04381856322288513,0.021875686943531036,0.0,0.0,0.0,0.0,0.0,0.03683893755078316,0.0,0.0,0.12577752768993378
20,71,0.013211576268076897,1.862032604549313e-06,0.03352546691894531,0.06455367803573608,0.020666999742388725,0.0,0.0,0.0,0.0,0.0,0.128038227558136,0.0,0.0,0.0,9.310163022746565e-07,0.016762733459472656,0.03227683901786804,0.010333499871194363,0.0,0.0,0.0,0.0,0.0,0.025607645511627197,0.0,0.0,0.0981932282447815
20,72,0.012239059433341026,5.913439053983893e-06,0.0519258975982666,0.12269353866577148,0.0980735570192337,0.0,0.0,0.0,0.0,0.0,0.2496228814125061,0.0,0.0,0.0,2.9567195269919466e-06,0.0259629487991333,0.06134676933288574,0.04903677850961685,0.0,0.0,0.0,0.0,0.0,0.0499245785176754,0.0,0.0,0.19851309061050415
20,73,0.01296186726540327,3.305224709038157e-06,0.06130903959274292,0.07144677639007568,0.03984582796692848,0.0,0.0,0.0,0.0,0.0,0.15499906241893768,0.0,0.0,0.0,1.6526123545190785e-06,0.03065451979637146,0.03572338819503784,0.01992291398346424,0.0,0.0,0.0,0.0,0.0,0.030999813228845596,0.0,0.0,0.13026414811611176
20,74,0.011434893123805523,4.0916911530075595e-06,0.05597114562988281,0.1001143753528595,0.06470274925231934,0.0,0.0,0.0,0.0,0.0,0.21770983934402466,0.0,0.0,0.0,2.0458455765037797e-06,0.027985572814941406,0.05005718767642975,0.03235137462615967,0.0,0.0,0.0,0.0,0.0,0.04354196786880493,0.0,0.0,0.1653730422258377
20,75,0.011891928501427174,4.539234851108631e-06,0.020804762840270996,0.0857873260974884,0.06853596121072769,0.0,0.0,0.0,0.0,0.0,0.0995560884475708,0.0,0.0,0.0,2.2696174255543156e-06,0.010402381420135498,0.0428936630487442,0.034267980605363846,0.0,0.0,0.0,0.0,0.0,0.01991121843457222,0.0,0.0,0.11936943233013153
20,76,0.011063942685723305,6.578009674740315e-07,0.0214463472366333,0.04879629611968994,0.030318010598421097,0.0,0.0,0.0,0.0,0.0,0.1074410080909729,0.0,0.0,0.0,3.2890048373701575e-07,0.01072317361831665,0.02439814805984497,0.015159005299210548,0.0,0.0,0.0,0.0,0.0,0.02148820273578167,0.0,0.0,0.08283280581235886
20,77,0.011573221534490585,8.089098741947964e-07,0.012246310710906982,0.04795530438423157,0.0266546793282032,0.0,0.0,0.0,0.0,0.0,0.10295259952545166,0.0,0.0,0.0,4.044549370973982e-07,0.006123155355453491,0.023977652192115784,0.0133273396641016,0.0,0.0,0.0,0.0,0.0,0.020590519532561302,0.0,0.0,0.0755922943353653
20,78,0.012366296723484993,1.5254437130352017e-05,0.056716740131378174,0.1656155288219452,0.051312610507011414,0.0,0.0,0.0,0.0,0.0,0.11624423414468765,0.0,0.0,0.0,7.627218565176008e-06,0.028358370065689087,0.0828077644109726,0.025656305253505707,0.0,0.0,0.0,0.0,0.0,0.02324884757399559,0.0,0.0,0.17244520783424377
20,79,0.013913005590438843,5.654710093949689e-06,0.021393537521362305,0.11574950814247131,0.07466515153646469,0.0,0.0,0.0,0.0,0.0,0.3566422462463379,0.0,0.0,0.0,2.8273550469748443e-06,0.010696768760681152,0.05787475407123566,0.037332575768232346,0.0,0.0,0.0,0.0,0.0,0.07132845371961594,0.0,0.0,0.19114840030670166
20,80,0.011135069653391838,4.28589419243508e-06,0.10371655225753784,0.15595999360084534,0.015718847513198853,0.0,0.0,0.0,0.0,0.0,0.10957348346710205,0.0,0.0,0.0,2.14294709621754e-06,0.05185827612876892,0.07797999680042267,0.007859423756599426,0.0,0.0,0.0,0.0,0.0,0.02191469632089138,0.0,0.0,0.17074958980083466
20,81,0.010896275751292706,9.302693797508255e-07,0.011379837989807129,0.05122089385986328,0.010760725475847721,0.0,0.0,0.0,0.0,0.0,0.07347500324249268,0.0,0.0,0.0,4.6513468987541273e-07,0.0056899189949035645,0.02561044692993164,0.0053803627379238605,0.0,0.0,0.0,0.0,0.0,0.01469500083476305,0.0,0.0,0.06227247044444084
20,82,0.012646704912185669,1.2922027963213623e-06,0.04692476987838745,0.08075740933418274,0.02352125570178032,0.0,0.0,0.0,0.0,0.0,0.1318720579147339,0.0,0.0,0.0,6.461013981606811e-07,0.023462384939193726,0.04037870466709137,0.01176062785089016,0.0,0.0,0.0,0.0,0.0,0.026374412700533867,0.0,0.0,0.11462348699569702
20,83,0.012518170289695263,4.938025085721165e-06,0.06911808252334595,0.096917062997818,0.0724276602268219,0.0,0.0,0.0,0.0,0.0,0.4459002614021301,0.0,0.0,0.0,2.4690125428605825e-06,0.034559041261672974,0.048458531498909,0.03621383011341095,0.0,0.0,0.0,0.0,0.0,0.08918005228042603,0.0,0.0,0.22093209624290466
20,84,0.012451082468032837,3.8093876355560496e-06,0.016271889209747314,0.06752997636795044,0.053786955773830414,0.0,0.0,0.0,0.0,0.0,0.10249900817871094,0.0,0.0,0.0,1.9046938177780248e-06,0.008135944604873657,0.03376498818397522,0.026893477886915207,0.0,0.0,0.0,0.0,0.0,0.020499801263213158,0.0,0.0,0.10174719989299774
20,85,0.010399261489510536,1.7502853779660654e-06,0.01895272731781006,0.06458207964897156,0.004802762530744076,0.0,0.0,0.0,0.0,0.0,0.19742636382579803,0.0,0.0,0.0,8.751426889830327e-07,0.00947636365890503,0.03229103982448578,0.002401381265372038,0.0,0.0,0.0,0.0,0.0,0.03948527202010155,0.0,0.0,0.0940541923046112
20,86,0.010494448244571686,3.0861551749694627e-06,0.027169764041900635,0.076509028673172,0.04255635291337967,0.0,0.0,0.0,0.0,0.0,0.14654763042926788,0.0,0.0,0.0,1.5430775874847313e-06,0.013584882020950317,0.038254514336586,0.021278176456689835,0.0,0.0,0.0,0.0,0.0,0.029309526085853577,0.0,0.0,0.11292308568954468
20,87,0.01354418694972992,7.5810926318808924e-06,0.018473029136657715,0.12153059244155884,0.01586080715060234,0.0,0.0,0.0,0.0,0.0,0.37542662024497986,0.0,0.0,0.0,3.7905463159404462e-06,0.009236514568328857,0.06076529622077942,0.00793040357530117,0.0,0.0,0.0,0.0,0.0,0.07508532702922821,0.0,0.0,0.16656552255153656
20,88,0.012761262245476246,1.65931407991593e-06,0.02916097640991211,0.06469416618347168,0.03716036304831505,0.0,0.0,0.0,0.0,0.0,0.11408388614654541,0.0,0.0,0.0,8.29657039957965e-07,0.014580488204956055,0.03234708309173584,0.018580181524157524,0.0,0.0,0.0,0.0,0.0,0.022816777229309082,0.0,0.0,0.10108662396669388
20,89,0.012244395911693573,8.71327119966736e-06,0.05573767423629761,0.09682312607765198,0.06535661965608597,0.0,0.0,0.0,0.0,0.0,0.11331719160079956,0.0,0.0,0.0,4.35663559983368e-06,0.027868837118148804,0.04841156303882599,0.032678309828042984,0.0,0.0,0.0,0.0,0.0,0.022663438692688942,0.0,0.0,0.14387090504169464
20,90,0.011336547322571278,1.5064081253512995e-06,0.020919084548950195,0.06514191627502441,0.023953702300786972,0.0,0.0,0.0,0.0,0.0,0.07578742504119873,0.0,0.0,0.0,7.532040626756498e-07,0.010459542274475098,0.03257095813751221,0.011976851150393486,0.0,0.0,0.0,0.0,0.0,0.015157485380768776,0.0,0.0,0.08150213956832886
20,91,0.012337160296738148,3.3411608910682844e-06,0.019957900047302246,0.0577143132686615,0.031905196607112885,0.0,0.0,0.0,0.0,0.0,0.2625488042831421,0.0,0.0,0.0,1.6705804455341422e-06,0.009978950023651123,0.02885715663433075,0.015952598303556442,0.0,0.0,0.0,0.0,0.0,0.05250976234674454,0.0,0.0,0.11963730305433273
20,92,0.013418746180832386,2.5684555566840572e-06,0.027789533138275146,0.07400447130203247,0.0068782027810812,0.0,0.0,0.0,0.0,0.0,0.15192264318466187,0.0,0.0,0.0,1.2842277783420286e-06,0.013894766569137573,0.037002235651016235,0.0034391013905406,0.0,0.0,0.0,0.0,0.0,0.030384529381990433,0.0,0.0,0.0981406569480896
20,93,0.01130369771271944,3.960939011449227e-06,0.016603171825408936,0.07840630412101746,0.00591210275888443,0.0,0.0,0.0,0.0,0.0,0.12525033950805664,0.0,0.0,0.0,1.9804695057246136e-06,0.008301585912704468,0.03920315206050873,0.002956051379442215,0.0,0.0,0.0,0.0,0.0,0.025050068274140358,0.0,0.0,0.08681653439998627
20,94,0.010871311649680138,1.0087468353958684e-06,0.047155141830444336,0.04945927858352661,0.028674347326159477,0.0,0.0,0.0,0.0,0.0,0.2217165231704712,0.0,0.0,0.0,5.043734176979342e-07,0.023577570915222168,0.024729639291763306,0.014337173663079739,0.0,0.0,0.0,0.0,0.0,0.04434330388903618,0.0,0.0,0.11785949766635895
20,95,0.010771124623715878,1.6133880080815288e-06,0.020657002925872803,0.0715932846069336,0.0665479376912117,0.0,0.0,0.0,0.0,0.0,0.2378145456314087,0.0,0.0,0.0,8.066940040407644e-07,0.010328501462936401,0.0357966423034668,0.03327396884560585,0.0,0.0,0.0,0.0,0.0,0.04756290838122368,0.0,0.0,0.13773395121097565
20,96,0.011651555076241493,2.9803452434862265e-06,0.08409768342971802,0.09334790706634521,0.03922039642930031,0.0,0.0,0.0,0.0,0.0,0.0,0.0,0.0,0.0,1.4901726217431133e-06,0.04204884171485901,0.04667395353317261,0.019610198214650154,0.0,0.0,0.0,0.0,0.0,0.0,0.0,0.0,0.11998603492975235
20,97,0.010815436951816082,7.139399713196326e-06,0.02103978395462036,0.06189531087875366,-0.023483067750930786,0.0,0.0,0.0,0.0,0.0,0.2105119228363037,0.0,0.0,0.0,3.569699856598163e-06,0.01051989197731018,0.03094765543937683,-0.011741533875465393,0.0,0.0,0.0,0.0,0.0,0.0421023853123188,0.0,0.0,0.082647405564785
20,98,0.013487624004483223,2.3256188796949573e-06,0.032441675662994385,0.09544974565505981,-0.004485399462282658,0.0,0.0,0.0,0.0,0.0,0.06969547271728516,0.0,0.0,0.0,1.1628094398474786e-06,0.016220837831497192,0.04772487282752991,-0.002242699731141329,0.0,0.0,0.0,0.0,0.0,0.013939094729721546,0.0,0.0,0.08913089334964752
20,99,0.00972636230289936,4.885469934379216e-06,0.02411174774169922,0.07704678177833557,0.05105004459619522,0.0,0.0,0.0,0.0,0.0,0.19912688434123993,0.0,0.0,0.0,2.442734967189608e-06,0.01205587387084961,0.038523390889167786,0.02552502229809761,0.0,0.0,0.0,0.0,0.0,0.039825376123189926,0.0,0.0,0.12565846741199493
20,100,0.011627170257270336,1.8092678146786056e-06,0.03089243173599243,0.06765902042388916,0.020818069577217102,0.0,0.0,0.0,0.0,0.0,0.13245010375976562,0.0,0.0,0.0,9.046339073393028e-07,0.015446215867996216,0.03382951021194458,0.010409034788608551,0.0,0.0,0.0,0.0,0.0,0.026490021497011185,0.0,0.0,0.09780286252498627
21,1,0.030022889375686646,1.120120668929303e-05,0.16078752279281616,0.5558321475982666,-0.0006842957809567451,0.0,0.0,0.0,0.0,0.0,0.556689977645874,0.0,0.0,0.0,5.600603344646515e-06,0.08039376139640808,0.2779160737991333,-0.0003421478904783726,0.0,0.0,0.0,0.0,0.0,0.11133799701929092,0.0,0.0,0.4993341565132141
21,2,0.03141387179493904,7.75248645368265e-06,0.17861348390579224,0.674881637096405,0.009828794747591019,0.0,0.0,0.0,0.0,0.0,0.6703094840049744,0.0,0.0,0.0,3.876243226841325e-06,0.08930674195289612,0.3374408185482025,0.004914397373795509,0.0,0.0,0.0,0.0,0.0,0.13406190276145935,0.0,0.0,0.5971416234970093
21,3,0.010097093880176544,1.015672751236707e-05,0.14776837825775146,0.5045307874679565,0.004833714105188847,0.0,0.0,0.0,0.0,0.0,0.39363861083984375,0.0,0.0,0.0,5.078363756183535e-06,0.07388418912887573,0.25226539373397827,0.0024168570525944233,0.0,0.0,0.0,0.0,0.0,0.07872772216796875,0.0,0.0,0.41739633679389954
21,4,0.008091188035905361,1.2268937098269816e-05,0.11772787570953369,0.5141232013702393,0.005508017726242542,0.0,0.0,0.0,0.0,0.0,0.5275520086288452,0.0,0.0,0.0,6.134468549134908e-06,0.058863937854766846,0.25706160068511963,0.002754008863121271,0.0,0.0,0.0,0.0,0.0,0.1055104061961174,0.0,0.0,0.4322872757911682
21,5,0.020896006375551224,6.15909311818541e-06,0.1653795838356018,0.4854070544242859,-0.001059811096638441,0.0,0.0,0.0,0.0,0.0,0.2235090136528015,0.0,0.0,0.0,3.079546559092705e-06,0.0826897919178009,0.24270352721214294,-0.0005299055483192205,0.0,0.0,0.0,0.0,0.0,0.04470180347561836,0.0,0.0,0.39046430587768555
21,6,0.02146388217806816,9.859120837063529e-06,0.0975998044013977,0.4673331379890442,0.005071056075394154,0.0,0.0,0.0,0.0,0.0,0.7864564061164856,0.0,0.0,0.0,4.929560418531764e-06,0.04879990220069885,0.2336665689945221,0.002535528037697077,0.0,0.0,0.0,0.0,0.0,0.15729127824306488,0.0,0.0,0.463762104511261
21,7,0.005282063502818346,9.83560130407568e-06,0.1783304214477539,0.5013109445571899,0.01054318342357874,0.0,0.0,0.0,0.0,0.0,0.8275846838951111,0.0,0.0,0.0,4.91780065203784e-06,0.08916521072387695,0.25065547227859497,0.00527159171178937,0.0,0.0,0.0,0.0,0.0,0.1655169427394867,0.0,0.0,0.515896201133728
21,8,0.021352963522076607,4.1468565541435964e-06,0.21009355783462524,0.6638693809509277,0.011090459302067757,0.0,0.0,0.0,0.0,0.0,0.0,0.0,0.0,0.0,2.0734282770717982e-06,0.10504677891731262,0.33193469047546387,0.005545229651033878,0.0,0.0,0.0,0.0,0.0,0.0,0.0,0.0,0.4638817310333252
21,9,0.0279928557574749,1.1092253771494143e-05,0.072898268699646,0.2875751852989197,0.0246412493288517,0.0,0.0,0.0,0.0,0.0,0.33693742752075195,0.0,0.0,0.0,5.546126885747071e-06,0.036449134349823,0.14378759264945984,0.01232062466442585,0.0,0.0,0.0,0.0,0.0,0.06738748401403427,0.0,0.0,0.2879432439804077
21,10,0.0058899843133986,9.96362814476015e-06,0.20910745859146118,0.4075411558151245,0.03113044984638691,0.0,0.0,0.0,0.0,0.0,0.6119184494018555,0.0,0.0,0.0,4.981814072380075e-06,0.10455372929573059,0.20377057790756226,0.015565224923193455,0.0,0.0,0.0,0.0,0.0,0.12238369137048721,0.0,0.0,0.45216816663742065
21,11,0.02038424462080002,1.0046488569059875e-05,0.0710492730140686,0.3482424020767212,0.038549888879060745,0.0,0.0,0.0,0.0,0.0,0.3865012526512146,0.0,0.0,0.0,5.0232442845299374e-06,0.0355246365070343,0.1741212010383606,0.019274944439530373,0.0,0.0,0.0,0.0,0.0,0.07730025053024292,0.0,0.0,0.3266102969646454
21,12,0.023117903620004654,1.1725967851816677e-05,0.1302320957183838,0.33953869342803955,0.045397017151117325,0.0,0.0,0.0,0.0,0.0,0.710299551486969,0.0,0.0,0.0,5.862983925908338e-06,0.0651160478591919,0.16976934671401978,0.022698508575558662,0.0,0.0,0.0,0.0,0.0,0.14205990731716156,0.0,0.0,0.4227675795555115
21,13,0.005376595072448254,1.3217699233791791e-05,0.15620338916778564,0.3141939640045166,0.055254850536584854,0.0,0.0,0.0,0.0,0.0,0.666191577911377,0.0,0.0,0.0,6.6088496168958955e-06,0.07810169458389282,0.1570969820022583,0.027627425268292427,0.0,0.0,0.0,0.0,0.0,0.1332383155822754,0.0,0.0,0.4014476239681244
21,14,0.005971138831228018,1.0689899681892712e-05,0.10212814807891846,0.3548000156879425,0.05202674865722656,0.0,0.0,0.0,0.0,0.0,0.18767261505126953,0.0,0.0,0.0,5.344949840946356e-06,0.05106407403945923,0.17740000784397125,0.02601337432861328,0.0,0.0,0.0,0.0,0.0,0.037534523755311966,0.0,0.0,0.2979884743690491
21,15,0.02747904323041439,1.2623192560567986e-05,0.08013737201690674,0.41500699520111084,0.08367841690778732,0.0,0.0,0.0,0.0,0.0,0.4515531063079834,0.0,0.0,0.0,6.311596280283993e-06,0.04006868600845337,0.20750349760055542,0.04183920845389366,0.0,0.0,0.0,0.0,0.0,0.09031062573194504,0.0,0.0,0.4072073996067047
21,16,0.021568898111581802,1.6473371942993253e-05,0.11627364158630371,0.4427146911621094,0.05722501128911972,0.0,0.0,0.0,0.0,0.0,0.2929573059082031,0.0,0.0,0.0,8.236685971496627e-06,0.058136820793151855,0.2213573455810547,0.02861250564455986,0.0,0.0,0.0,0.0,0.0,0.058591462671756744,0.0,0.0,0.38827523589134216
21,17,0.005928168538957834,1.3819758351019118e-05,0.12231248617172241,0.28936630487442017,0.08088281005620956,0.0,0.0,0.0,0.0,0.0,0.22147226333618164,0.0,0.0,0.0,6.909879175509559e-06,0.061156243085861206,0.14468315243721008,0.04044140502810478,0.0,0.0,0.0,0.0,0.0,0.04429445415735245,0.0,0.0,0.2965103089809418
21,18,0.02850043773651123,1.4916175132384524e-05,0.060213446617126465,0.32619786262512207,0.0979963093996048,0.0,0.0,0.0,0.0,0.0,0.062184691429138184,0.0,0.0,0.0,7.458087566192262e-06,0.030106723308563232,0.16309893131256104,0.0489981546998024,0.0,0.0,0.0,0.0,0.0,0.012436938472092152,0.0,0.0,0.2831486165523529
21,19,0.021929409354925156,1.1784507478296291e-05,0.05138152837753296,0.4375233054161072,0.10647845268249512,0.0,0.0,0.0,0.0,0.0,0.15829336643218994,0.0,0.0,0.0,5.8922537391481455e-06,0.02569076418876648,0.2187616527080536,0.05323922634124756,0.0,0.0,0.0,0.0,0.0,0.03165867552161217,0.0,0.0,0.3512856066226959
21,20,0.005834265612065792,1.217023418575991e-05,0.1350475549697876,0.357975035905838,0.1255081444978714,0.0,0.0,0.0,0.0,0.0,0.4775436222553253,0.0,0.0,0.0,6.085117092879955e-06,0.0675237774848938,0.178987517952919,0.0627540722489357,0.0,0.0,0.0,0.0,0.0,0.09550872445106506,0.0,0.0,0.4106144309043884
21,21,0.0220823734998703,1.2358987987681758e-05,0.07028788328170776,0.2180665135383606,0.0961846113204956,0.0,0.0,0.0,0.0,0.0,0.34126710891723633,0.0,0.0,0.0,6.179493993840879e-06,0.03514394164085388,0.1090332567691803,0.0480923056602478,0.0,0.0,0.0,0.0,0.0,0.06825342029333115,0.0,0.0,0.2826114892959595
21,22,0.022496258839964867,1.4329442819871474e-05,0.1473226547241211,0.27912813425064087,0.1127120703458786,0.0,0.0,0.0,0.0,0.0,0.7183097004890442,0.0,0.0,0.0,7.164721409935737e-06,0.07366132736206055,0.13956406712532043,0.0563560351729393,0.0,0.0,0.0,0.0,0.0,0.14366194605827332,0.0,0.0,0.43574678897857666
21,23,0.026447955518960953,2.699317747101304e-06,0.14715462923049927,0.40344101190567017,0.16875122487545013,0.0,0.0,0.0,0.0,0.0,0.5001392960548401,0.0,0.0,0.0,1.349658873550652e-06,0.07357731461524963,0.20172050595283508,0.08437561243772507,0.0,0.0,0.0,0.0,0.0,0.10002785921096802,0.0,0.0,0.4861506223678589
21,24,0.007127796299755573,1.1894545423274394e-05,0.08113753795623779,0.3134009540081024,0.14607714116573334,0.0,0.0,0.0,0.0,0.0,0.35326170921325684,0.0,0.0,0.0,5.947272711637197e-06,0.040568768978118896,0.1567004770040512,0.07303857058286667,0.0,0.0,0.0,0.0,0.0,0.07065234333276749,0.0,0.0,0.3480938971042633
21,25,0.02367052063345909,1.3573742762673646e-05,0.11008989810943604,0.29898568987846375,0.1392817199230194,0.0,0.0,0.0,0.0,0.0,0.4186652600765228,0.0,0.0,0.0,6.786871381336823e-06,0.05504494905471802,0.14949284493923187,0.0696408599615097,0.0,0.0,0.0,0.0,0.0,0.08373305201530457,0.0,0.0,0.38158902525901794
21,26,0.007918322458863258,1.134684407588793e-05,0.13774698972702026,0.272967129945755,0.16173887252807617,0.0,0.0,0.0,0.0,0.0,0.3254249393939972,0.0,0.0,0.0,5.673422037943965e-06,0.06887349486351013,0.1364835649728775,0.08086943626403809,0.0,0.0,0.0,0.0,0.0,0.06508498638868332,0.0,0.0,0.3592354953289032
21,27,0.008253591135144234,7.472249762940919e-06,0.04137641191482544,0.25817447900772095,0.16493284702301025,0.0,0.0,0.0,0.0,0.0,0.17721934616565704,0.0,0.0,0.0,3.7361248814704595e-06,0.02068820595741272,0.12908723950386047,0.08246642351150513,0.0,0.0,0.0,0.0,0.0,0.03544386848807335,0.0,0.0,0.2759430706501007
21,28,0.03697970509529114,7.346037364186486e-06,0.1168893575668335,0.16184118390083313,0.10364102572202682,0.0,0.0,0.0,0.0,0.0,0.21001964807510376,0.0,0.0,0.0,3.673018682093243e-06,0.05844467878341675,0.08092059195041656,0.05182051286101341,0.0,0.0,0.0,0.0,0.0,0.04200392961502075,0.0,0.0,0.2701731026172638
21,29,0.012233307585120201,7.749478754703887e-06,0.05363821983337402,0.25464677810668945,0.1920367181301117,0.0,0.0,0.0,0.0,0.0,0.43366506695747375,0.0,0.0,0.0,3.874739377351943e-06,0.02681910991668701,0.12732338905334473,0.09601835906505585,0.0,0.0,0.0,0.0,0.0,0.08673301339149475,0.0,0.0,0.3491310775279999
21,30,0.042678363621234894,7.757672392472159e-06,0.052535176277160645,0.23809680342674255,0.1850872039794922,0.0,0.0,0.0,0.0,0.0,0.35291773080825806,0.0,0.0,0.0,3.8788361962360796e-06,0.026267588138580322,0.11904840171337128,0.0925436019897461,0.0,0.0,0.0,0.0,0.0,0.07058354467153549,0.0,0.0,0.3511253893375397
21,31,0.030066553503274918,1.1066456863773055e-05,0.054426729679107666,0.27046626806259155,0.1401313990354538,0.0,0.0,0.0,0.0,0.0,0.41751211881637573,0.0,0.0,0.0,5.533228431886528e-06,0.027213364839553833,0.13523313403129578,0.0700656995177269,0.0,0.0,0.0,0.0,0.0,0.08350242674350739,0.0,0.0,0.3460867404937744
21,32,0.022556884214282036,8.397322744713165e-06,0.04352712631225586,0.18699142336845398,0.1479487419128418,0.0,0.0,0.0,0.0,0.0,0.12044847011566162,0.0,0.0,0.0,4.1986613723565824e-06,0.02176356315612793,0.09349571168422699,0.0739743709564209,0.0,0.0,0.0,0.0,0.0,0.024089694023132324,0.0,0.0,0.235884428024292
21,33,0.009365824051201344,3.955868123739492e-06,0.050380825996398926,0.1560327112674713,0.14593930542469025,0.0,0.0,0.0,0.0,0.0,0.12411600351333618,0.0,0.0,0.0,1.977934061869746e-06,0.025190412998199463,0.07801635563373566,0.07296965271234512,0.0,0.0,0.0,0.0,0.0,0.024823201820254326,0.0,0.0,0.21036742627620697
21,34,0.047673556953668594,5.313853307598038e-06,0.08690255880355835,0.28192338347435,0.2083003968000412,0.0,0.0,0.0,0.0,0.0,0.36931630969047546,0.0,0.0,0.0,2.656926653799019e-06,0.043451279401779175,0.140961691737175,0.1041501984000206,0.0,0.0,0.0,0.0,0.0,0.07386326044797897,0.0,0.0,0.4101026654243469
21,35,0.04093925654888153,9.107445293921046e-06,0.03467315435409546,0.15357190370559692,0.11185798794031143,0.0,0.0,0.0,0.0,0.0,0.28925469517707825,0.0,0.0,0.0,4.553722646960523e-06,0.01733657717704773,0.07678595185279846,0.055928993970155716,0.0,0.0,0.0,0.0,0.0,0.05785093829035759,0.0,0.0,0.24884626269340515
21,36,0.013240814208984375,1.0221463526249863e-05,0.03275495767593384,0.23934239149093628,0.15406814217567444,0.0,0.0,0.0,0.0,0.0,0.18484997749328613,0.0,0.0,0.0,5.110731763124932e-06,0.01637747883796692,0.11967119574546814,0.07703407108783722,0.0,0.0,0.0,0.0,0.0,0.036969996988773346,0.0,0.0,0.2632986605167389
21,37,0.047591812908649445,4.580660970532335e-06,0.04904657602310181,0.1430669128894806,0.12928429245948792,0.0,0.0,0.0,0.0,0.0,0.18837881088256836,0.0,0.0,0.0,2.2903304852661677e-06,0.024523288011550903,0.0715334564447403,0.06464214622974396,0.0,0.0,0.0,0.0,0.0,0.03767576441168785,0.0,0.0,0.245968759059906
21,38,0.024322694167494774,5.163862169865752e-06,0.11139798164367676,0.15416041016578674,0.19243180751800537,0.0,0.0,0.0,0.0,0.0,0.20408105850219727,0.0,0.0,0.0,2.581931084932876e-06,0.05569899082183838,0.07708020508289337,0.09621590375900269,0.0,0.0,0.0,0.0,0.0,0.04081621393561363,0.0,0.0,0.29413658380508423
21,39,0.05859847739338875,4.3828858906636015e-06,0.03105473518371582,0.16224762797355652,0.16412658989429474,0.0,0.0,0.0,0.0,0.0,0.1352868676185608,0.0,0.0,0.0,2.1914429453318007e-06,0.01552736759185791,0.08112381398677826,0.08206329494714737,0.0,0.0,0.0,0.0,0.0,0.027057373896241188,0.0,0.0,0.2643725275993347
21,40,0.03136243671178818,4.597165116138058e-06,0.04969280958175659,0.15141141414642334,0.19638900458812714,0.0,0.0,0.0,0.0,0.0,0.2524149417877197,0.0,0.0,0.0,2.298582558069029e-06,0.024846404790878296,0.07570570707321167,0.09819450229406357,0.0,0.0,0.0,0.0,0.0,0.050482988357543945,0.0,0.0,0.2805943489074707
21,41,0.03875236585736275,6.89538774167886e-06,0.03002721071243286,0.1490638256072998,0.16468536853790283,0.0,0.0,0.0,0.0,0.0,0.15620489418506622,0.0,0.0,0.0,3.44769387083943e-06,0.01501360535621643,0.0745319128036499,0.08234268426895142,0.0,0.0,0.0,0.0,0.0,0.031240979209542274,0.0,0.0,0.2418849915266037
21,42,0.026993324980139732,5.384388714446686e-06,0.02948552370071411,0.09834370017051697,0.11073362082242966,0.0,0.0,0.0,0.0,0.0,0.21349000930786133,0.0,0.0,0.0,2.692194357223343e-06,0.014742761850357056,0.049171850085258484,0.05536681041121483,0.0,0.0,0.0,0.0,0.0,0.042698003351688385,0.0,0.0,0.18897545337677002
21,43,0.052401065826416016,1.6228867025347427e-05,0.06293165683746338,0.1597926914691925,0.08211428672075272,0.0,0.0,0.0,0.0,0.0,0.21243543922901154,0.0,0.0,0.0,8.114433512673713e-06,0.03146582841873169,0.07989634573459625,0.04105714336037636,0.0,0.0,0.0,0.0,0.0,0.04248708859086037,0.0,0.0,0.24731558561325073
21,44,0.04723653942346573,8.018429980438668e-06,0.06564146280288696,0.1573617160320282,0.1621658205986023,0.0,0.0,0.0,0.0,0.0,0.45098477602005005,0.0,0.0,0.0,4.009214990219334e-06,0.03282073140144348,0.0786808580160141,0.08108291029930115,0.0,0.0,0.0,0.0,0.0,0.09019695967435837,0.0,0.0,0.33002200722694397
21,45,0.03130960464477539,2.8910176297358703e-06,0.01973569393157959,0.0956730842590332,0.11496277898550034,0.0,0.0,0.0,0.0,0.0,0.27292338013648987,0.0,0.0,0.0,1.4455088148679351e-06,0.009867846965789795,0.0478365421295166,0.05748138949275017,0.0,0.0,0.0,0.0,0.0,0.05458467826247215,0.0,0.0,0.2010815143585205
21,46,0.04095776751637459,5.626623078569537e-06,0.01919269561767578,0.12487667798995972,0.10419586300849915,0.0,0.0,0.0,0.0,0.0,0.3855259418487549,0.0,0.0,0.0,2.8133115392847685e-06,0.00959634780883789,0.06243833899497986,0.05209793150424957,0.0,0.0,0.0,0.0,0.0,0.07710518687963486,0.0,0.0,0.2421983778476715
21,47,0.03554347902536392,6.742898676748155e-06,0.04077303409576416,0.10684028267860413,0.12235285341739655,0.0,0.0,0.0,0.0,0.0,0.1746167540550232,0.0,0.0,0.0,3.3714493383740773e-06,0.02038651704788208,0.05342014133930206,0.06117642670869827,0.0,0.0,0.0,0.0,0.0,0.03492335230112076,0.0,0.0,0.2054532766342163
21,48,0.030214229598641396,6.744832262484124e-06,0.05061948299407959,0.12779295444488525,0.10992519557476044,0.0,0.0,0.0,0.0,0.0,0.2721959352493286,0.0,0.0,0.0,3.372416131242062e-06,0.025309741497039795,0.06389647722244263,0.05496259778738022,0.0,0.0,0.0,0.0,0.0,0.05443918704986572,0.0,0.0,0.22882559895515442
21,49,0.051128219813108444,8.667205293022562e-06,0.03922736644744873,0.16433385014533997,0.12430007755756378,0.0,0.0,0.0,0.0,0.0,0.13164091110229492,0.0,0.0,0.0,4.333602646511281e-06,0.019613683223724365,0.08216692507266998,0.06215003877878189,0.0,0.0,0.0,0.0,0.0,0.026328181847929955,0.0,0.0,0.2413913607597351
21,50,0.010659722611308098,1.9134117792418692e-06,0.04475659132003784,0.10969230532646179,0.13065016269683838,0.0,0.0,0.0,0.0,0.0,0.46946248412132263,0.0,0.0,0.0,9.567058896209346e-07,0.02237829566001892,0.054846152663230896,0.06532508134841919,0.0,0.0,0.0,0.0,0.0,0.09389249980449677,0.0,0.0,0.24710270762443542
21,51,0.04868175834417343,1.5042268159959349e-06,0.059800684452056885,0.09813043475151062,0.05104567110538483,0.0,0.0,0.0,0.0,0.0,0.10892053693532944,0.0,0.0,0.0,7.521134079979674e-07,0.029900342226028442,0.04906521737575531,0.025522835552692413,0.0,0.0,0.0,0.0,0.0,0.021784108132123947,0.0,0.0,0.17495502531528473
21,52,0.02647683024406433,2.688114591364865e-06,0.026342391967773438,0.07847970724105835,0.11832231283187866,0.0,0.0,0.0,0.0,0.0,0.1470220386981964,0.0,0.0,0.0,1.3440572956824326e-06,0.013171195983886719,0.039239853620529175,0.05916115641593933,0.0,0.0,0.0,0.0,0.0,0.029404407367110252,0.0,0.0,0.1674547791481018
21,53,0.009935131296515465,6.923128694324987e-06,0.043105483055114746,0.10204041004180908,0.10234516859054565,0.0,0.0,0.0,0.0,0.0,0.19389700889587402,0.0,0.0,0.0,3.4615643471624935e-06,0.021552741527557373,0.05102020502090454,0.05117258429527283,0.0,0.0,0.0,0.0,0.0,0.038779404014348984,0.0,0.0,0.1724635362625122
21,54,0.009931005537509918,1.3408738595899194e-05,0.08831590414047241,0.26639610528945923,0.14708319306373596,0.0,0.0,0.0,0.0,0.0,0.45241740345954895,0.0,0.0,0.0,6.704369297949597e-06,0.044157952070236206,0.13319805264472961,0.07354159653186798,0.0,0.0,0.0,0.0,0.0,0.09048347920179367,0.0,0.0,0.3513187766075134
21,55,0.02615387737751007,4.501798684941605e-06,0.034617841243743896,0.0991145670413971,0.09853477776050568,0.0,0.0,0.0,0.0,0.0,0.07448709011077881,0.0,0.0,0.0,2.2508993424708024e-06,0.017308920621871948,0.04955728352069855,0.04926738888025284,0.0,0.0,0.0,0.0,0.0,0.014897418208420277,0.0,0.0,0.15718714892864227
21,56,0.024330971762537956,7.855632247810718e-06,0.058255791664123535,0.14192360639572144,0.03275444731116295,0.0,0.0,0.0,0.0,0.0,0.10817527770996094,0.0,0.0,0.0,3.927816123905359e-06,0.029127895832061768,0.07096180319786072,0.016377223655581474,0.0,0.0,0.0,0.0,0.0,0.021635055541992188,0.0,0.0,0.16243687272071838
21,57,0.024822624400258064,2.9980278668517713e-06,0.02467489242553711,0.07903188467025757,0.02271145209670067,0.0,0.0,0.0,0.0,0.0,0.12803515791893005,0.0,0.0,0.0,1.4990139334258856e-06,0.012337446212768555,0.039515942335128784,0.011355726048350334,0.0,0.0,0.0,0.0,0.0,0.0256070327013731,0.0,0.0,0.11364027857780457
21,58,0.02515501342713833,5.753687673859531e-06,0.02465033531188965,0.10508415102958679,-0.01885504275560379,0.0,0.0,0.0,0.0,0.0,0.34409070014953613,0.0,0.0,0.0,2.8768438369297655e-06,0.012325167655944824,0.052542075514793396,-0.009427521377801895,0.0,0.0,0.0,0.0,0.0,0.06881814450025558,0.0,0.0,0.1494157612323761
21,59,0.01357661746442318,7.190220458141994e-06,0.023575901985168457,0.11942833662033081,0.08506818115711212,0.0,0.0,0.0,0.0,0.0,0.15933918952941895,0.0,0.0,0.0,3.595110229070997e-06,0.011787950992584229,0.059714168310165405,0.04253409057855606,0.0,0.0,0.0,0.0,0.0,0.03186783939599991,0.0,0.0,0.15948426723480225
21,60,0.026631111279129982,3.261601477788645e-06,0.021783828735351562,0.0860157310962677,0.07249961048364639,0.0,0.0,0.0,0.0,0.0,0.1201331615447998,0.0,0.0,0.0,1.6308007388943224e-06,0.010891914367675781,0.04300786554813385,0.036249805241823196,0.0,0.0,0.0,0.0,0.0,0.02402663230895996,0.0,0.0,0.14080895483493805
21,61,0.012155133299529552,7.286540949280607e-06,0.03537529706954956,0.10336017608642578,0.07547535002231598,0.0,0.0,0.0,0.0,0.0,0.09766143560409546,0.0,0.0,0.0,3.6432704746403033e-06,0.01768764853477478,0.05168008804321289,0.03773767501115799,0.0,0.0,0.0,0.0,0.0,0.01953228749334812,0.0,0.0,0.13879647850990295
21,62,0.024006640538573265,4.335697667556815e-06,0.02390831708908081,0.10969999432563782,-0.012845130637288094,0.0,0.0,0.0,0.0,0.0,0.13726991415023804,0.0,0.0,0.0,2.1678488337784074e-06,0.011954158544540405,0.05484999716281891,-0.006422565318644047,0.0,0.0,0.0,0.0,0.0,0.027453983202576637,0.0,0.0,0.11184438318014145
21,63,0.014873976819217205,8.879022061591968e-06,0.02383589744567871,0.12380638718605042,-0.006671976298093796,0.0,0.0,0.0,0.0,0.0,0.14312060177326202,0.0,0.0,0.0,4.439511030795984e-06,0.011917948722839355,0.06190319359302521,-0.003335988149046898,0.0,0.0,0.0,0.0,0.0,0.028624121099710464,0.0,0.0,0.11398768424987793
21,64,0.02223213016986847,1.3190803656470962e-05,0.04275238513946533,0.18738555908203125,0.09821641445159912,0.0,0.0,0.0,0.0,0.0,0.3651515245437622,0.0,0.0,0.0,6.595401828235481e-06,0.021376192569732666,0.09369277954101562,0.04910820722579956,0.0,0.0,0.0,0.0,0.0,0.07303030788898468,0.0,0.0,0.2594462037086487
21,65,0.028063934296369553,7.5028847277280875e-06,0.03759181499481201,0.14016473293304443,0.01558239758014679,0.0,0.0,0.0,0.0,0.0,0.14152318239212036,0.0,0.0,0.0,3.7514423638640437e-06,0.018795907497406006,0.07008236646652222,0.007791198790073395,0.0,0.0,0.0,0.0,0.0,0.028304636478424072,0.0,0.0,0.1530417948961258
21,66,0.008993499912321568,4.407465439726366e-06,0.022075295448303223,0.1438012719154358,-0.0018141642212867737,0.0,0.0,0.0,0.0,0.0,0.4303886890411377,0.0,0.0,0.0,2.203732719863183e-06,0.011037647724151611,0.0719006359577179,-0.0009070821106433868,0.0,0.0,0.0,0.0,0.0,0.0860777422785759,0.0,0.0,0.177104651927948
21,67,0.02469489350914955,5.713109203497879e-06,0.04471457004547119,0.08759716153144836,0.0652761459350586,0.0,0.0,0.0,0.0,0.0,0.24337010085582733,0.0,0.0,0.0,2.8565546017489396e-06,0.022357285022735596,0.04379858076572418,0.0326380729675293,0.0,0.0,0.0,0.0,0.0,0.048674020916223526,0.0,0.0,0.17216570675373077
21,68,0.02524084411561489,4.61711721300162e-07,0.027401506900787354,0.06355303525924683,0.01797005720436573,0.0,0.0,0.0,0.0,0.0,0.16992859542369843,0.0,0.0,0.0,2.30855860650081e-07,0.013700753450393677,0.03177651762962341,0.008985028602182865,0.0,0.0,0.0,0.0,0.0,0.033985719084739685,0.0,0.0,0.11368909478187561
21,69,0.009200876578688622,6.281946298258845e-06,0.017280638217926025,0.1156129539012909,0.0459110252559185,0.0,0.0,0.0,0.0,0.0,0.0,0.0,0.0,0.0,3.1409731491294224e-06,0.008640319108963013,0.05780647695064545,0.02295551262795925,0.0,0.0,0.0,0.0,0.0,0.0,0.0,0.0,0.09860632568597794
21,70,0.02385498583316803,2.134843953172094e-06,0.03361225128173828,0.08023834228515625,0.02478896453976631,0.0,0.0,0.0,0.0,0.0,0.1822819709777832,0.0,0.0,0.0,1.067421976586047e-06,0.01680612564086914,0.040119171142578125,0.012394482269883156,0.0,0.0,0.0,0.0,0.0,0.0364563949406147,0.0,0.0,0.12963221967220306
21,71,0.008158440701663494,5.020188837079331e-06,0.023136436939239502,0.09215012192726135,-0.017888324335217476,0.0,0.0,0.0,0.0,0.0,0.18586596846580505,0.0,0.0,0.0,2.5100944185396656e-06,0.011568218469619751,0.046075060963630676,-0.008944162167608738,0.0,0.0,0.0,0.0,0.0,0.03717319294810295,0.0,0.0,0.09403325617313385
21,72,0.02400239184498787,8.958799298852682e-06,0.06095403432846069,0.14763593673706055,0.07251493632793427,0.0,0.0,0.0,0.0,0.0,0.33384203910827637,0.0,0.0,0.0,4.479399649426341e-06,0.030477017164230347,0.07381796836853027,0.03625746816396713,0.0,0.0,0.0,0.0,0.0,0.06676840782165527,0.0,0.0,0.23132774233818054
21,73,0.02370305359363556,7.149337761802599e-06,0.08295571804046631,0.08860167860984802,-0.009021792560815811,0.0,0.0,0.0,0.0,0.0,0.13769447803497314,0.0,0.0,0.0,3.5746688809012994e-06,0.041477859020233154,0.04430083930492401,-0.004510896280407906,0.0,0.0,0.0,0.0,0.0,0.02753889560699463,0.0,0.0,0.13251332938671112
21,74,0.00740915397182107,3.910375653504161e-06,0.06889629364013672,0.09031790494918823,0.051508959382772446,0.0,0.0,0.0,0.0,0.0,0.09993255138397217,0.0,0.0,0.0,1.9551878267520806e-06,0.03444814682006836,0.045158952474594116,0.025754479691386223,0.0,0.0,0.0,0.0,0.0,0.019986510276794434,0.0,0.0,0.1327591985464096
21,75,0.023300906643271446,5.3973249123373535e-06,0.023227214813232422,0.09571501612663269,0.06624139845371246,0.0,0.0,0.0,0.0,0.0,0.10042703151702881,0.0,0.0,0.0,2.6986624561686767e-06,0.011613607406616211,0.047857508063316345,0.03312069922685623,0.0,0.0,0.0,0.0,0.0,0.02008540742099285,0.0,0.0,0.13598082959651947
21,76,0.007496715523302555,1.2095790680177743e-06,0.02159827947616577,0.06085816025733948,0.017279520630836487,0.0,0.0,0.0,0.0,0.0,0.10799580812454224,0.0,0.0,0.0,6.047895340088871e-07,0.010799139738082886,0.03042908012866974,0.008639760315418243,0.0,0.0,0.0,0.0,0.0,0.021599162369966507,0.0,0.0,0.07896445691585541
21,77,0.0231685321778059,2.532215830797213e-06,0.011843264102935791,0.055965274572372437,0.03376772254705429,0.0,0.0,0.0,0.0,0.0,0.10828405618667603,0.0,0.0,0.0,1.2661079153986066e-06,0.0059216320514678955,0.027982637286186218,0.016883861273527145,0.0,0.0,0.0,0.0,0.0,0.021656811237335205,0.0,0.0,0.09561474621295929
21,78,0.023594776168465614,1.5507539501413703e-05,0.05830353498458862,0.18897807598114014,0.031278759241104126,0.0,0.0,0.0,0.0,0.0,0.12617409229278564,0.0,0.0,0.0,7.753769750706851e-06,0.02915176749229431,0.09448903799057007,0.015639379620552063,0.0,0.0,0.0,0.0,0.0,0.02523481845855713,0.0,0.0,0.18811753392219543
21,79,0.010111309587955475,4.5952720029163174e-06,0.01908940076828003,0.1331397294998169,0.059540484100580215,0.0,0.0,0.0,0.0,0.0,0.31694793701171875,0.0,0.0,0.0,2.2976360014581587e-06,0.009544700384140015,0.06656986474990845,0.029770242050290108,0.0,0.0,0.0,0.0,0.0,0.06338959187269211,0.0,0.0,0.17938801646232605
21,80,0.02095220610499382,3.5246910101705e-06,0.0918571949005127,0.14831766486167908,-0.0025743208825588226,0.0,0.0,0.0,0.0,0.0,0.10058683156967163,0.0,0.0,0.0,1.76234550508525e-06,0.04592859745025635,0.07415883243083954,-0.0012871604412794113,0.0,0.0,0.0,0.0,0.0,0.020117366686463356,0.0,0.0,0.15987160801887512
21,81,0.007423613220453262,2.1502548861462856e-06,0.014929711818695068,0.05689188838005066,-0.0038139838725328445,0.0,0.0,0.0,0.0,0.0,0.10533565282821655,0.0,0.0,0.0,1.0751274430731428e-06,0.007464855909347534,0.02844594419002533,-0.0019069919362664223,0.0,0.0,0.0,0.0,0.0,0.02106713131070137,0.0,0.0,0.062495630234479904
21,82,0.024461926892399788,1.4494481774818269e-06,0.04577571153640747,0.0744047462940216,0.04031532257795334,0.0,0.0,0.0,0.0,0.0,0.14363808929920197,0.0,0.0,0.0,7.247240887409134e-07,0.022887855768203735,0.0372023731470108,0.02015766128897667,0.0,0.0,0.0,0.0,0.0,0.028727618977427483,0.0,0.0,0.13343816995620728
21,83,0.022634141147136688,6.812590527260909e-06,0.06673061847686768,0.11626636981964111,0.06411834061145782,0.0,0.0,0.0,0.0,0.0,0.44916391372680664,0.0,0.0,0.0,3.4062952636304544e-06,0.03336530923843384,0.05813318490982056,0.03205917030572891,0.0,0.0,0.0,0.0,0.0,0.08983278274536133,0.0,0.0,0.23602798581123352
21,84,0.008906719274818897,2.5481888314971e-06,0.01746279001235962,0.07804575562477112,0.02371671050786972,0.0,0.0,0.0,0.0,0.0,0.10646301507949829,0.0,0.0,0.0,1.27409441574855e-06,0.00873139500617981,0.03902287781238556,0.01185835525393486,0.0,0.0,0.0,0.0,0.0,0.02129260264337063,0.0,0.0,0.0898132249712944
21,85,0.0232830923050642,3.2468840345245553e-06,0.018756866455078125,0.09311777353286743,-0.00113617442548275,0.0,0.0,0.0,0.0,0.0,0.32346442341804504,0.0,0.0,0.0,1.6234420172622777e-06,0.009378433227539062,0.046558886766433716,-0.000568087212741375,0.0,0.0,0.0,0.0,0.0,0.06469288468360901,0.0,0.0,0.1433468461036682
21,86,0.008070094510912895,1.308907712882501e-06,0.027041196823120117,0.08257412910461426,0.021101849153637886,0.0,0.0,0.0,0.0,0.0,0.14849615097045898,0.0,0.0,0.0,6.544538564412505e-07,0.013520598411560059,0.04128706455230713,0.010550924576818943,0.0,0.0,0.0,0.0,0.0,0.029699230566620827,0.0,0.0,0.10312856733798981
21,87,0.025961438193917274,9.905856131808832e-06,0.027357757091522217,0.153315007686615,-0.027158571407198906,0.0,0.0,0.0,0.0,0.0,0.396810919046402,0.0,0.0,0.0,4.952928065904416e-06,0.013678878545761108,0.0766575038433075,-0.013579285703599453,0.0,0.0,0.0,0.0,0.0,0.0793621838092804,0.0,0.0,0.18208566308021545
21,88,0.025186410173773766,2.1357986952352803e-06,0.03654450178146362,0.06702953577041626,0.010538959875702858,0.0,0.0,0.0,0.0,0.0,0.12321841716766357,0.0,0.0,0.0,1.0678993476176402e-06,0.01827225089073181,0.03351476788520813,0.005269479937851429,0.0,0.0,0.0,0.0,0.0,0.024643683806061745,0.0,0.0,0.10688766092061996
21,89,0.02332720346748829,8.670258466736414e-06,0.057674288749694824,0.09230685234069824,0.03014339692890644,0.0,0.0,0.0,0.0,0.0,0.11327224969863892,0.0,0.0,0.0,4.335129233368207e-06,0.028837144374847412,0.04615342617034912,0.01507169846445322,0.0,0.0,0.0,0.0,0.0,0.022654449567198753,0.0,0.0,0.13604825735092163
21,90,0.011266760528087616,4.095547865290428e-06,0.0237351655960083,0.06371387839317322,0.015530584380030632,0.0,0.0,0.0,0.0,0.0,0.08643627166748047,0.0,0.0,0.0,2.047773932645214e-06,0.01186758279800415,0.03185693919658661,0.007765292190015316,0.0,0.0,0.0,0.0,0.0,0.017287254333496094,0.0,0.0,0.08004587888717651
21,91,0.027155235409736633,3.365382553965901e-06,0.0206681489944458,0.05731472373008728,0.021160535514354706,0.0,0.0,0.0,0.0,0.0,0.24546265602111816,0.0,0.0,0.0,1.6826912769829505e-06,0.0103340744972229,0.02865736186504364,0.010580267757177353,0.0,0.0,0.0,0.0,0.0,0.04909253120422363,0.0,0.0,0.12582115828990936
21,92,0.027952730655670166,1.1314001312712207e-05,0.03505563735961914,0.10101905465126038,-0.01196297537535429,0.0,0.0,0.0,0.0,0.0,0.15905076265335083,0.0,0.0,0.0,5.657000656356104e-06,0.01752781867980957,0.05050952732563019,-0.005981487687677145,0.0,0.0,0.0,0.0,0.0,0.031810153275728226,0.0,0.0,0.12182439863681793
21,93,0.009294455870985985,3.3907256238308037e-06,0.017741858959197998,0.09243562817573547,-0.0014024609699845314,0.0,0.0,0.0,0.0,0.0,0.14459991455078125,0.0,0.0,0.0,1.6953628119154018e-06,0.008870929479598999,0.04621781408786774,-0.0007012304849922657,0.0,0.0,0.0,0.0,0.0,0.02891998365521431,0.0,0.0,0.0926036387681961
21,94,0.024395110085606575,4.0360851016885135e-06,0.0555453896522522,0.07117864489555359,0.031054025515913963,0.0,0.0,0.0,0.0,0.0,0.15285921096801758,0.0,0.0,0.0,2.0180425508442568e-06,0.0277726948261261,0.035589322447776794,0.015527012757956982,0.0,0.0,0.0,0.0,0.0,0.030571842566132545,0.0,0.0,0.13385799527168274
21,95,0.010812010616064072,3.4780332498485222e-06,0.02016305923461914,0.07450103759765625,0.057476919144392014,0.0,0.0,0.0,0.0,0.0,0.20287370681762695,0.0,0.0,0.0,1.7390166249242611e-06,0.01008152961730957,0.037250518798828125,0.028738459572196007,0.0,0.0,0.0,0.0,0.0,0.04057474061846733,0.0,0.0,0.12745900452136993
21,96,0.024866696447134018,3.039863031517598e-06,0.08251738548278809,0.08517521619796753,0.04469272494316101,0.0,0.0,0.0,0.0,0.0,0.0,0.0,0.0,0.0,1.519931515758799e-06,0.04125869274139404,0.042587608098983765,0.022346362471580505,0.0,0.0,0.0,0.0,0.0,0.0,0.0,0.0,0.1310608834028244
21,97,0.023849088698625565,9.665424840932246e-06,0.025268912315368652,0.09652608633041382,-0.03622458130121231,0.0,0.0,0.0,0.0,0.0,0.2252063751220703,0.0,0.0,0.0,4.832712420466123e-06,0.012634456157684326,0.04826304316520691,-0.018112290650606155,0.0,0.0,0.0,0.0,0.0,0.045041274279356,0.0,0.0,0.11168040335178375
21,98,0.009200731292366982,2.233168061138713e-06,0.03448742628097534,0.07974472641944885,-0.0003662724047899246,0.0,0.0,0.0,0.0,0.0,0.06997990608215332,0.0,0.0,0.0,1.1165840305693564e-06,0.01724371314048767,0.039872363209724426,-0.0001831362023949623,0.0,0.0,0.0,0.0,0.0,0.013995981775224209,0.0,0.0,0.08013077080249786
21,99,0.023315755650401115,3.227241904824041e-06,0.019157230854034424,0.06603828072547913,0.022843826562166214,0.0,0.0,0.0,0.0,0.0,0.08577398210763931,0.0,0.0,0.0,1.6136209524120204e-06,0.009578615427017212,0.03301914036273956,0.011421913281083107,0.0,0.0,0.0,0.0,0.0,0.017154796048998833,0.0,0.0,0.09449183195829391
21,100,0.02234489470720291,1.9650265130621847e-06,0.029775679111480713,0.0637502372264862,0.005251851864159107,0.0,0.0,0.0,0.0,0.0,0.15799397230148315,0.0,0.0,0.0,9.825132565310923e-07,0.014887839555740356,0.0318751186132431,0.0026259259320795536,0.0,0.0,0.0,0.0,0.0,0.03159879520535469,0.0,0.0,0.10333356261253357
22,1,0.03426060825586319,1.671122845436912e-05,0.12926554679870605,0.46891990303993225,0.00041117891669273376,0.0,0.0,0.0,0.0,0.0,0.382430762052536,0.0,0.0,0.0,8.35561422718456e-06,0.06463277339935303,0.23445995151996613,0.00020558945834636688,0.0,0.0,0.0,0.0,0.0,0.07648615539073944,0.0,0.0,0.41005343198776245
22,2,0.22293691337108612,9.920012416841928e-06,0.16826701164245605,0.6100820302963257,0.008981308899819851,0.0,0.0,0.0,0.0,0.0,0.6748129725456238,0.0,0.0,0.0,4.960006208420964e-06,0.08413350582122803,0.30504101514816284,0.0044906544499099255,0.0,0.0,0.0,0.0,0.0,0.13496260344982147,0.0,0.0,0.7515696883201599
22,3,0.04478571191430092,1.1339840057189576e-05,0.12513887882232666,0.3465164601802826,0.00041390303522348404,0.0,0.0,0.0,0.0,0.0,0.23296701908111572,0.0,0.0,0.0,5.669920028594788e-06,0.06256943941116333,0.1732582300901413,0.00020695151761174202,0.0,0.0,0.0,0.0,0.0,0.046593405306339264,0.0,0.0,0.3274194002151489
22,4,0.02929021045565605,1.4985231246100739e-05,0.08590030670166016,0.4086264967918396,0.0021995864808559418,0.0,0.0,0.0,0.0,0.0,0.5097325444221497,0.0,0.0,0.0,7.492615623050369e-06,0.04295015335083008,0.2043132483959198,0.0010997932404279709,0.0,0.0,0.0,0.0,0.0,0.10194651037454605,0.0,0.0,0.3796074092388153
22,5,0.023849302902817726,1.1239311788813211e-05,0.13592350482940674,0.3719802796840668,-0.0012062075547873974,0.0,0.0,0.0,0.0,0.0,0.23218059539794922,0.0,0.0,0.0,5.6196558944066055e-06,0.06796175241470337,0.1859901398420334,-0.0006031037773936987,0.0,0.0,0.0,0.0,0.0,0.0464361198246479,0.0,0.0,0.323639839887619
22,6,0.02595287561416626,1.1063534657296259e-05,0.08593261241912842,0.35599684715270996,0.004144235979765654,0.0,0.0,0.0,0.0,0.0,0.7430762052536011,0.0,0.0,0.0,5.5317673286481295e-06,0.04296630620956421,0.17799842357635498,0.002072117989882827,0.0,0.0,0.0,0.0,0.0,0.14861524105072021,0.0,0.0,0.39761048555374146
22,7,0.04323384165763855,1.3272875548864249e-05,0.16402995586395264,0.42017850279808044,0.009713444858789444,0.0,0.0,0.0,0.0,0.0,0.5588250756263733,0.0,0.0,0.0,6.6364377744321246e-06,0.08201497793197632,0.21008925139904022,0.004856722429394722,0.0,0.0,0.0,0.0,0.0,0.11176501959562302,0.0,0.0,0.45196646451950073
22,8,0.02472240850329399,5.13973554916447e-06,0.20150649547576904,0.6649423837661743,0.0085002351552248,0.0,0.0,0.0,0.0,0.0,0.0,0.0,0.0,0.0,2.569867774582235e-06,0.10075324773788452,0.33247119188308716,0.0042501175776124,0.0,0.0,0.0,0.0,0.0,0.0,0.0,0.0,0.46219950914382935
22,9,0.034902751445770264,1.1169035133207217e-05,0.06809878349304199,0.28544938564300537,0.021239789202809334,0.0,0.0,0.0,0.0,0.0,0.35278061032295227,0.0,0.0,0.0,5.5845175666036084e-06,0.034049391746520996,0.14272469282150269,0.010619894601404667,0.0,0.0,0.0,0.0,0.0,0.07055612653493881,0.0,0.0,0.29285845160484314
22,10,0.006961400154978037,1.2965412679477595e-05,0.19689255952835083,0.3945567309856415,0.029210740700364113,0.0,0.0,0.0,0.0,0.0,0.5582229495048523,0.0,0.0,0.0,6.482706339738797e-06,0.09844627976417542,0.19727836549282074,0.014605370350182056,0.0,0.0,0.0,0.0,0.0,0.11164458841085434,0.0,0.0,0.4289425015449524
22,11,0.02189014106988907,9.989187674364075e-06,0.07008922100067139,0.33707866072654724,0.03595545142889023,0.0,0.0,0.0,0.0,0.0,0.3654564321041107,0.0,0.0,0.0,4.9945938371820375e-06,0.03504461050033569,0.16853933036327362,0.017977725714445114,0.0,0.0,0.0,0.0,0.0,0.0730912908911705,0.0,0.0,0.31654807925224304
22,12,0.01438078097999096,1.2667859664361458e-05,0.12464231252670288,0.3389645218849182,0.04144177958369255,0.0,0.0,0.0,0.0,0.0,0.7440828084945679,0.0,0.0,0.0,6.333929832180729e-06,0.06232115626335144,0.1694822609424591,0.020720889791846275,0.0,0.0,0.0,0.0,0.0,0.1488165706396103,0.0,0.0,0.41572797298431396
22,13,0.0044397469609975815,1.4624519280914683e-05,0.1569083333015442,0.3630940318107605,0.05248156934976578,0.0,0.0,0.0,0.0,0.0,0.681851863861084,0.0,0.0,0.0,7.3122596404573414e-06,0.0784541666507721,0.18154701590538025,0.02624078467488289,0.0,0.0,0.0,0.0,0.0,0.13637037575244904,0.0,0.0,0.4270594120025635
22,14,0.004767764825373888,1.1629182154138107e-05,0.10763055086135864,0.3587456941604614,0.05159986391663551,0.0,0.0,0.0,0.0,0.0,0.21418607234954834,0.0,0.0,0.0,5.8145910770690534e-06,0.05381527543067932,0.1793728470802307,0.025799931958317757,0.0,0.0,0.0,0.0,0.0,0.04283721372485161,0.0,0.0,0.30659884214401245
22,15,0.014636771753430367,1.1058906238758937e-05,0.08999896049499512,0.46341803669929504,0.08775720745325089,0.0,0.0,0.0,0.0,0.0,0.526099681854248,0.0,0.0,0.0,5.529453119379468e-06,0.04499948024749756,0.23170901834964752,0.04387860372662544,0.0,0.0,0.0,0.0,0.0,0.10521993786096573,0.0,0.0,0.4404493570327759
22,16,0.009306333027780056,5.2482587307167705e-06,0.12856262922286987,0.38418033719062805,0.07970134913921356,0.0,0.0,0.0,0.0,0.0,0.17950284481048584,0.0,0.0,0.0,2.6241293653583853e-06,0.06428131461143494,0.19209016859531403,0.03985067456960678,0.0,0.0,0.0,0.0,0.0,0.03590057045221329,0.0,0.0,0.3414316773414612
22,17,0.005019285716116428,1.0353575817134697e-05,0.12378603219985962,0.3096735179424286,0.08156459033489227,0.0,0.0,0.0,0.0,0.0,0.11340475082397461,0.0,0.0,0.0,5.1767879085673485e-06,0.06189301609992981,0.1548367589712143,0.040782295167446136,0.0,0.0,0.0,0.0,0.0,0.02268095128238201,0.0,0.0,0.2852174639701843
22,18,0.0044727930799126625,1.3518574633053504e-05,0.07588160037994385,0.3268347680568695,0.10418520867824554,0.0,0.0,0.0,0.0,0.0,0.06157183647155762,0.0,0.0,0.0,6.759287316526752e-06,0.037940800189971924,0.16341738402843475,0.05209260433912277,0.0,0.0,0.0,0.0,0.0,0.012314367108047009,0.0,0.0,0.2702447175979614
22,19,0.0054373787716031075,1.4342033864522818e-05,0.06457561254501343,0.4643387496471405,0.11302554607391357,0.0,0.0,0.0,0.0,0.0,0.14677691459655762,0.0,0.0,0.0,7.171016932261409e-06,0.032287806272506714,0.23216937482357025,0.05651277303695679,0.0,0.0,0.0,0.0,0.0,0.029355382546782494,0.0,0.0,0.3557698726654053
22,20,0.01200925000011921,1.0495971764612477e-05,0.12488383054733276,0.38251569867134094,0.1360313594341278,0.0,0.0,0.0,0.0,0.0,0.45390307903289795,0.0,0.0,0.0,5.247985882306239e-06,0.06244191527366638,0.19125784933567047,0.0680156797170639,0.0,0.0,0.0,0.0,0.0,0.09078061580657959,0.0,0.0,0.42451053857803345
22,21,0.04168576002120972,1.2372004675853532e-05,0.08509171009063721,0.2487587332725525,0.10258780419826508,0.0,0.0,0.0,0.0,0.0,0.33138516545295715,0.0,0.0,0.0,6.186002337926766e-06,0.042545855045318604,0.12437936663627625,0.05129390209913254,0.0,0.0,0.0,0.0,0.0,0.06627703458070755,0.0,0.0,0.3261880874633789
22,22,0.019792014732956886,8.995808457257226e-06,0.13651812076568604,0.25884950160980225,0.11189825087785721,0.0,0.0,0.0,0.0,0.0,0.5071224570274353,0.0,0.0,0.0,4.497904228628613e-06,0.06825906038284302,0.12942475080490112,0.055949125438928604,0.0,0.0,0.0,0.0,0.0,0.10142449289560318,0.0,0.0,0.3748539388179779
22,23,0.005207575857639313,5.40528981218813e-06,0.1537642478942871,0.4006149470806122,0.17212837934494019,0.0,0.0,0.0,0.0,0.0,0.5353856682777405,0.0,0.0,0.0,2.702644906094065e-06,0.07688212394714355,0.2003074735403061,0.08606418967247009,0.0,0.0,0.0,0.0,0.0,0.10707713663578033,0.0,0.0,0.47554123401641846
22,24,0.005013465415686369,1.227476604981348e-05,0.08173084259033203,0.32230308651924133,0.15086738765239716,0.0,0.0,0.0,0.0,0.0,0.37560391426086426,0.0,0.0,0.0,6.13738302490674e-06,0.040865421295166016,0.16115154325962067,0.07543369382619858,0.0,0.0,0.0,0.0,0.0,0.07512078434228897,0.0,0.0,0.35759103298187256
22,25,0.005889784544706345,1.1697781701514032e-05,0.12597781419754028,0.3517039120197296,0.21120141446590424,0.0,0.0,0.0,0.0,0.0,0.35907116532325745,0.0,0.0,0.0,5.848890850757016e-06,0.06298890709877014,0.1758519560098648,0.10560070723295212,0.0,0.0,0.0,0.0,0.0,0.07181423157453537,0.0,0.0,0.42215144634246826
22,26,0.005753026343882084,1.4419426406675484e-05,0.14344727993011475,0.33776119351387024,0.19351881742477417,0.0,0.0,0.0,0.0,0.0,0.3694145381450653,0.0,0.0,0.0,7.209713203337742e-06,0.07172363996505737,0.16888059675693512,0.09675940871238708,0.0,0.0,0.0,0.0,0.0,0.07388290762901306,0.0,0.0,0.41700679063796997
22,27,0.005778591614216566,7.701383765379433e-06,0.06968843936920166,0.2665059566497803,0.1931968480348587,0.0,0.0,0.0,0.0,0.0,0.16265635192394257,0.0,0.0,0.0,3.850691882689716e-06,0.03484421968460083,0.13325297832489014,0.09659842401742935,0.0,0.0,0.0,0.0,0.0,0.03253127261996269,0.0,0.0,0.3030093312263489
22,28,0.006521638482809067,8.938384780776687e-06,0.16282981634140015,0.2716238796710968,0.16255135834217072,0.0,0.0,0.0,0.0,0.0,0.35768869519233704,0.0,0.0,0.0,4.4691923903883435e-06,0.08141490817070007,0.1358119398355484,0.08127567917108536,0.0,0.0,0.0,0.0,0.0,0.07153774052858353,0.0,0.0,0.3765663504600525
22,29,0.0065896520391106606,1.1179779903613962e-05,0.05641824007034302,0.47620511054992676,0.25811752676963806,0.0,0.0,0.0,0.0,0.0,0.44506368041038513,0.0,0.0,0.0,5.589889951806981e-06,0.02820912003517151,0.23810255527496338,0.12905876338481903,0.0,0.0,0.0,0.0,0.0,0.08901273459196091,0.0,0.0,0.4909784197807312
22,30,0.018144315108656883,7.155738785513677e-06,0.032742321491241455,0.2956770360469818,0.22550630569458008,0.0,0.0,0.0,0.0,0.0,0.7678147554397583,0.0,0.0,0.0,3.5778693927568384e-06,0.016371160745620728,0.1478385180234909,0.11275315284729004,0.0,0.0,0.0,0.0,0.0,0.15356294810771942,0.0,0.0,0.44867366552352905
22,31,0.00846640020608902,1.2922043424623553e-05,0.0632067322731018,0.29111841320991516,0.16824081540107727,0.0,0.0,0.0,0.0,0.0,0.4638267457485199,0.0,0.0,0.0,6.461021712311776e-06,0.0316033661365509,0.14555920660495758,0.08412040770053864,0.0,0.0,0.0,0.0,0.0,0.09276535362005234,0.0,0.0,0.3625212013721466
22,32,0.006393420044332743,1.4959506188461091e-05,0.0318412184715271,0.24755598604679108,0.2118632197380066,0.0,0.0,0.0,0.0,0.0,0.10455119609832764,0.0,0.0,0.0,7.479753094230546e-06,0.01592060923576355,0.12377799302339554,0.1059316098690033,0.0,0.0,0.0,0.0,0.0,0.020910238847136497,0.0,0.0,0.27294135093688965
22,33,0.009219679981470108,6.542007213283796e-06,0.057528793811798096,0.19171404838562012,0.19918692111968994,0.0,0.0,0.0,0.0,0.0,0.11467307806015015,0.0,0.0,0.0,3.271003606641898e-06,0.028764396905899048,0.09585702419281006,0.09959346055984497,0.0,0.0,0.0,0.0,0.0,0.02293461561203003,0.0,0.0,0.25637245178222656
22,34,0.006646771915256977,9.300913916376885e-06,0.06289196014404297,0.24497951567173004,0.2340744286775589,0.0,0.0,0.0,0.0,0.0,0.3268595039844513,0.0,0.0,0.0,4.6504569581884425e-06,0.031445980072021484,0.12248975783586502,0.11703721433877945,0.0,0.0,0.0,0.0,0.0,0.06537190079689026,0.0,0.0,0.3429962694644928
22,35,0.006529100239276886,9.146468983090017e-06,0.038276851177215576,0.16956990957260132,0.16137929260730743,0.0,0.0,0.0,0.0,0.0,0.26376214623451233,0.0,0.0,0.0,4.5732344915450085e-06,0.019138425588607788,0.08478495478630066,0.08068964630365372,0.0,0.0,0.0,0.0,0.0,0.052752431482076645,0.0,0.0,0.2438991367816925
22,36,0.009179225191473961,8.518992217432242e-06,0.02539968490600586,0.2047038972377777,0.17615950107574463,0.0,0.0,0.0,0.0,0.0,0.12086594104766846,0.0,0.0,0.0,4.259496108716121e-06,0.01269984245300293,0.10235194861888885,0.08807975053787231,0.0,0.0,0.0,0.0,0.0,0.02417318895459175,0.0,0.0,0.2364882081747055
22,37,0.012703207321465015,1.044316104525933e-05,0.05914032459259033,0.2062336504459381,0.2276754528284073,0.0,0.0,0.0,0.0,0.0,0.35936951637268066,0.0,0.0,0.0,5.221580522629665e-06,0.029570162296295166,0.10311682522296906,0.11383772641420364,0.0,0.0,0.0,0.0,0.0,0.07187390327453613,0.0,0.0,0.3311070501804352
22,38,0.00965572614222765,1.1588404959184118e-05,0.14908814430236816,0.24231919646263123,0.2675498127937317,0.0,0.0,0.0,0.0,0.0,0.30095523595809937,0.0,0.0,0.0,5.794202479592059e-06,0.07454407215118408,0.12115959823131561,0.13377490639686584,0.0,0.0,0.0,0.0,0.0,0.06019104644656181,0.0,0.0,0.39933112263679504
22,39,0.016562843695282936,1.2023985618725419e-05,0.050776779651641846,0.22655388712882996,0.24288851022720337,0.0,0.0,0.0,0.0,0.0,0.2598573565483093,0.0,0.0,0.0,6.0119928093627095e-06,0.025388389825820923,0.11327694356441498,0.12144425511360168,0.0,0.0,0.0,0.0,0.0,0.051971472799777985,0.0,0.0,0.3286499083042145
22,40,0.02178557775914669,6.834103260189295e-06,0.06870543956756592,0.17310059070587158,0.23985764384269714,0.0,0.0,0.0,0.0,0.0,0.2535521984100342,0.0,0.0,0.0,3.4170516300946474e-06,0.03435271978378296,0.08655029535293579,0.11992882192134857,0.0,0.0,0.0,0.0,0.0,0.050710439682006836,0.0,0.0,0.31333127617836
22,41,0.03317065164446831,7.40681844035862e-06,0.0384976863861084,0.160019189119339,0.17896458506584167,0.0,0.0,0.0,0.0,0.0,0.14481942355632782,0.0,0.0,0.0,3.70340922017931e-06,0.0192488431930542,0.0800095945596695,0.08948229253292084,0.0,0.0,0.0,0.0,0.0,0.028963884338736534,0.0,0.0,0.2508789598941803
22,42,0.010742089711129665,2.153537707272335e-06,0.03836488723754883,0.10740366578102112,0.1050260066986084,0.0,0.0,0.0,0.0,0.0,0.16435199975967407,0.0,0.0,0.0,1.0767688536361675e-06,0.019182443618774414,0.05370183289051056,0.0525130033493042,0.0,0.0,0.0,0.0,0.0,0.032870400696992874,0.0,0.0,0.16901084780693054
22,43,0.023092221468687057,1.5578363672830164e-05,0.07453393936157227,0.1523386538028717,0.11630415916442871,0.0,0.0,0.0,0.0,0.0,0.20742960274219513,0.0,0.0,0.0,7.789181836415082e-06,0.03726696968078613,0.07616932690143585,0.058152079582214355,0.0,0.0,0.0,0.0,0.0,0.041485920548439026,0.0,0.0,0.2361743003129959
22,44,0.0171644389629364,8.52156153996475e-06,0.0650789737701416,0.1640039086341858,0.17977696657180786,0.0,0.0,0.0,0.0,0.0,0.41381025314331055,0.0,0.0,0.0,4.260780769982375e-06,0.0325394868850708,0.0820019543170929,0.08988848328590393,0.0,0.0,0.0,0.0,0.0,0.08276205509901047,0.0,0.0,0.30436068773269653
22,45,0.017477557063102722,1.899030735330598e-06,0.02717071771621704,0.1275985836982727,0.1801518201828003,0.0,0.0,0.0,0.0,0.0,0.2653791606426239,0.0,0.0,0.0,9.49515367665299e-07,0.01358535885810852,0.06379929184913635,0.09007591009140015,0.0,0.0,0.0,0.0,0.0,0.05307583138346672,0.0,0.0,0.23801490664482117
22,46,0.019321296364068985,5.830766895087436e-06,0.021273434162139893,0.13161557912826538,0.12146835029125214,0.0,0.0,0.0,0.0,0.0,0.38907790184020996,0.0,0.0,0.0,2.915383447543718e-06,0.010636717081069946,0.06580778956413269,0.06073417514562607,0.0,0.0,0.0,0.0,0.0,0.07781558483839035,0.0,0.0,0.23431849479675293
22,47,0.022869756445288658,5.3206390475679655e-06,0.04736781120300293,0.08487588167190552,0.12169231474399567,0.0,0.0,0.0,0.0,0.0,0.1324271559715271,0.0,0.0,0.0,2.6603195237839827e-06,0.023683905601501465,0.04243794083595276,0.06084615737199783,0.0,0.0,0.0,0.0,0.0,0.02648543193936348,0.0,0.0,0.17632584273815155
22,48,0.014526048675179482,7.490838470403105e-06,0.05028104782104492,0.1349281370639801,0.12246236205101013,0.0,0.0,0.0,0.0,0.0,0.3973388671875,0.0,0.0,0.0,3.7454192352015525e-06,0.02514052391052246,0.06746406853199005,0.061231181025505066,0.0,0.0,0.0,0.0,0.0,0.0794677734375,0.0,0.0,0.24783334136009216
22,49,0.021249225363135338,8.779265044722706e-06,0.030765414237976074,0.1514739990234375,0.14282415807247162,0.0,0.0,0.0,0.0,0.0,0.10862576961517334,0.0,0.0,0.0,4.389632522361353e-06,0.015382707118988037,0.07573699951171875,0.07141207903623581,0.0,0.0,0.0,0.0,0.0,0.021725153550505638,0.0,0.0,0.20551055669784546
22,50,0.019605735316872597,3.5107245821563993e-06,0.0439571738243103,0.1365683674812317,0.14722247421741486,0.0,0.0,0.0,0.0,0.0,0.38803181052207947,0.0,0.0,0.0,1.7553622910781996e-06,0.02197858691215515,0.06828418374061584,0.07361123710870743,0.0,0.0,0.0,0.0,0.0,0.07760636508464813,0.0,0.0,0.2610878646373749
22,51,0.020701047033071518,1.6912559885895462e-06,0.051217079162597656,0.09472540020942688,0.059271760284900665,0.0,0.0,0.0,0.0,0.0,0.10934829711914062,0.0,0.0,0.0,8.456279942947731e-07,0.025608539581298828,0.04736270010471344,0.029635880142450333,0.0,0.0,0.0,0.0,0.0,0.021869659423828125,0.0,0.0,0.1451786756515503
22,52,0.016412289813160896,3.1674039746576454e-06,0.02971750497817993,0.06930828094482422,0.11555410921573639,0.0,0.0,0.0,0.0,0.0,0.13298091292381287,0.0,0.0,0.0,1.5837019873288227e-06,0.014858752489089966,0.03465414047241211,0.057777054607868195,0.0,0.0,0.0,0.0,0.0,0.026596182957291603,0.0,0.0,0.1503000110387802
22,53,0.016612129285931587,2.988827191074961e-06,0.027678310871124268,0.08451506495475769,0.06835637986660004,0.0,0.0,0.0,0.0,0.0,0.2163480520248413,0.0,0.0,0.0,1.4944135955374804e-06,0.013839155435562134,0.042257532477378845,0.03417818993330002,0.0,0.0,0.0,0.0,0.0,0.04326961189508438,0.0,0.0,0.1501581072807312
22,54,0.015411590225994587,1.3639423741551582e-05,0.0765223503112793,0.24948258697986603,0.1625271588563919,0.0,0.0,0.0,0.0,0.0,0.41487982869148254,0.0,0.0,0.0,6.819711870775791e-06,0.03826117515563965,0.12474129348993301,0.08126357942819595,0.0,0.0,0.0,0.0,0.0,0.08297596871852875,0.0,0.0,0.34266042709350586
22,55,0.02439155988395214,5.326836344465846e-06,0.036187946796417236,0.09220582246780396,0.09567337483167648,0.0,0.0,0.0,0.0,0.0,0.07463681697845459,0.0,0.0,0.0,2.663418172232923e-06,0.018093973398208618,0.04610291123390198,0.04783668741583824,0.0,0.0,0.0,0.0,0.0,0.014927363954484463,0.0,0.0,0.15135514736175537
22,56,0.011319332756102085,6.793108696001582e-06,0.04732191562652588,0.1412394940853119,0.003347449004650116,0.0,0.0,0.0,0.0,0.0,0.11063408851623535,0.0,0.0,0.0,3.396554348000791e-06,0.02366095781326294,0.07061974704265594,0.001673724502325058,0.0,0.0,0.0,0.0,0.0,0.0221268180757761,0.0,0.0,0.1294039785861969
22,57,0.017827430739998817,3.97791018258431e-06,0.0212060809135437,0.0875391960144043,0.009453849866986275,0.0,0.0,0.0,0.0,0.0,0.14599475264549255,0.0,0.0,0.0,1.988955091292155e-06,0.01060304045677185,0.04376959800720215,0.004726924933493137,0.0,0.0,0.0,0.0,0.0,0.02919895015656948,0.0,0.0,0.10612793266773224
22,58,0.015366820618510246,6.662137820967473e-06,0.022723793983459473,0.10122060775756836,-0.024054747074842453,0.0,0.0,0.0,0.0,0.0,0.288989782333374,0.0,0.0,0.0,3.3310689104837365e-06,0.011361896991729736,0.05061030387878418,-0.012027373537421227,0.0,0.0,0.0,0.0,0.0,0.057797957211732864,0.0,0.0,0.12311293184757233
22,59,0.022345390170812607,6.616666723857634e-06,0.02627098560333252,0.12185743451118469,0.05314921215176582,0.0,0.0,0.0,0.0,0.0,0.16120731830596924,0.0,0.0,0.0,3.308333361928817e-06,0.01313549280166626,0.060928717255592346,0.02657460607588291,0.0,0.0,0.0,0.0,0.0,0.03224146366119385,0.0,0.0,0.15522897243499756
22,60,0.015018777921795845,5.477746526594274e-06,0.02278745174407959,0.08189618587493896,0.08243915438652039,0.0,0.0,0.0,0.0,0.0,0.12561166286468506,0.0,0.0,0.0,2.738873263297137e-06,0.011393725872039795,0.04094809293746948,0.04121957719326019,0.0,0.0,0.0,0.0,0.0,0.02512233331799507,0.0,0.0,0.1337052434682846
22,61,0.01677694171667099,8.256673027062789e-06,0.03636115789413452,0.09690985083580017,0.08171454817056656,0.0,0.0,0.0,0.0,0.0,0.10109472274780273,0.0,0.0,0.0,4.128336513531394e-06,0.01818057894706726,0.048454925417900085,0.04085727408528328,0.0,0.0,0.0,0.0,0.0,0.020218944177031517,0.0,0.0,0.14449279010295868
22,62,0.013417410664260387,3.5706266316992696e-06,0.023978054523468018,0.10366150736808777,0.013335741125047207,0.0,0.0,0.0,0.0,0.0,0.132887601852417,0.0,0.0,0.0,1.7853133158496348e-06,0.011989027261734009,0.051830753684043884,0.0066678705625236034,0.0,0.0,0.0,0.0,0.0,0.026577521115541458,0.0,0.0,0.11048436164855957
22,63,0.017169583588838577,6.042659151717089e-06,0.029196619987487793,0.11963868141174316,0.010664665140211582,0.0,0.0,0.0,0.0,0.0,0.1802763193845749,0.0,0.0,0.0,3.0213295758585446e-06,0.014598309993743896,0.05981934070587158,0.005332332570105791,0.0,0.0,0.0,0.0,0.0,0.03605526313185692,0.0,0.0,0.13297785818576813
22,64,0.012974421493709087,6.845395091659157e-06,0.07014131546020508,0.15729179978370667,0.026678722351789474,0.0,0.0,0.0,0.0,0.0,0.23331916332244873,0.0,0.0,0.0,3.4226975458295783e-06,0.03507065773010254,0.07864589989185333,0.013339361175894737,0.0,0.0,0.0,0.0,0.0,0.046663831919431686,0.0,0.0,0.1866976022720337
22,65,0.016776736825704575,3.696352450788254e-06,0.023988187313079834,0.12972497940063477,-0.00018378812819719315,0.0,0.0,0.0,0.0,0.0,0.1279764175415039,0.0,0.0,0.0,1.848176225394127e-06,0.011994093656539917,0.06486248970031738,-9.189406409859657e-05,0.0,0.0,0.0,0.0,0.0,0.02559528313577175,0.0,0.0,0.11913856118917465
22,66,0.013794511556625366,6.258886969590094e-06,0.02289867401123047,0.15506628155708313,-0.02105315402150154,0.0,0.0,0.0,0.0,0.0,0.4368976056575775,0.0,0.0,0.0,3.129443484795047e-06,0.011449337005615234,0.07753314077854156,-0.01052657701075077,0.0,0.0,0.0,0.0,0.0,0.08737952262163162,0.0,0.0,0.17963306605815887
22,67,0.012453848496079445,8.656374120619148e-06,0.025823593139648438,0.09789276123046875,0.050135184079408646,0.0,0.0,0.0,0.0,0.0,0.29137668013572693,0.0,0.0,0.0,4.328187060309574e-06,0.012911796569824219,0.048946380615234375,0.025067592039704323,0.0,0.0,0.0,0.0,0.0,0.058275338262319565,0.0,0.0,0.15765927731990814
22,68,0.01747995801270008,4.826227950616158e-07,0.02649819850921631,0.062195003032684326,-0.007186277769505978,0.0,0.0,0.0,0.0,0.0,0.17132322490215302,0.0,0.0,0.0,2.413113975308079e-07,0.013249099254608154,0.031097501516342163,-0.003593138884752989,0.0,0.0,0.0,0.0,0.0,0.03426464647054672,0.0,0.0,0.0924983099102974
22,69,0.013244385831058025,9.5126843007165e-06,0.020100057125091553,0.11948871612548828,0.07009067386388779,0.0,0.0,0.0,0.0,0.0,0.0,0.0,0.0,0.0,4.75634215035825e-06,0.010050028562545776,0.05974435806274414,0.03504533693194389,0.0,0.0,0.0,0.0,0.0,0.0,0.0,0.0,0.11808887124061584
22,70,0.01611052080988884,2.581744865892688e-06,0.04197287559509277,0.10466179251670837,0.003419121727347374,0.0,0.0,0.0,0.0,0.0,0.2219029664993286,0.0,0.0,0.0,1.290872432946344e-06,0.020986437797546387,0.05233089625835419,0.001709560863673687,0.0,0.0,0.0,0.0,0.0,0.04438059404492378,0.0,0.0,0.13551929593086243
22,71,0.013035997748374939,4.765481207869016e-06,0.01919454336166382,0.10677143931388855,-0.04517930746078491,0.0,0.0,0.0,0.0,0.0,0.1639971137046814,0.0,0.0,0.0,2.382740603934508e-06,0.00959727168083191,0.053385719656944275,-0.022589653730392456,0.0,0.0,0.0,0.0,0.0,0.03279942274093628,0.0,0.0,0.08623114228248596
22,72,0.01530851237475872,6.98006715538213e-06,0.040497541427612305,0.1443997621536255,0.050800397992134094,0.0,0.0,0.0,0.0,0.0,0.4402615427970886,0.0,0.0,0.0,3.490033577691065e-06,0.020248770713806152,0.07219988107681274,0.025400198996067047,0.0,0.0,0.0,0.0,0.0,0.08805231004953384,0.0,0.0,0.22121316194534302
22,73,0.015064889565110207,7.592704605485778e-06,0.0841677188873291,0.10087135434150696,0.004683494567871094,0.0,0.0,0.0,0.0,0.0,0.15637190639972687,0.0,0.0,0.0,3.796352302742889e-06,0.04208385944366455,0.05043567717075348,0.002341747283935547,0.0,0.0,0.0,0.0,0.0,0.03127438202500343,0.0,0.0,0.1412043571472168
22,74,0.014436799101531506,4.029610863653943e-06,0.06674379110336304,0.08469536900520325,0.05930992215871811,0.0,0.0,0.0,0.0,0.0,0.09882521629333496,0.0,0.0,0.0,2.0148054318269715e-06,0.03337189555168152,0.042347684502601624,0.029654961079359055,0.0,0.0,0.0,0.0,0.0,0.019765043631196022,0.0,0.0,0.13957840204238892
22,75,0.013508794829249382,5.9862550187972374e-06,0.024516165256500244,0.09494620561599731,0.08041343092918396,0.0,0.0,0.0,0.0,0.0,0.10531234741210938,0.0,0.0,0.0,2.9931275093986187e-06,0.012258082628250122,0.04747310280799866,0.04020671546459198,0.0,0.0,0.0,0.0,0.0,0.021062469109892845,0.0,0.0,0.13451215624809265
22,76,0.013094541616737843,7.535383019785513e-07,0.019386351108551025,0.06487604975700378,0.007468251511454582,0.0,0.0,0.0,0.0,0.0,0.09755337238311768,0.0,0.0,0.0,3.7676915098927566e-07,0.009693175554275513,0.03243802487850189,0.003734125755727291,0.0,0.0,0.0,0.0,0.0,0.019510675221681595,0.0,0.0,0.07847091555595398
22,77,0.014724227599799633,9.318290494775283e-07,0.0148162841796875,0.04775318503379822,0.0490148663520813,0.0,0.0,0.0,0.0,0.0,0.09918969869613647,0.0,0.0,0.0,4.6591452473876416e-07,0.00740814208984375,0.02387659251689911,0.02450743317604065,0.0,0.0,0.0,0.0,0.0,0.019837940111756325,0.0,0.0,0.0903548002243042
22,78,0.016101093962788582,1.4740293408976868e-05,0.058382630348205566,0.17437690496444702,0.03686119616031647,0.0,0.0,0.0,0.0,0.0,0.12762956321239471,0.0,0.0,0.0,7.370146704488434e-06,0.029191315174102783,0.08718845248222351,0.018430598080158234,0.0,0.0,0.0,0.0,0.0,0.025525912642478943,0.0,0.0,0.17644475400447845
22,79,0.016624879091978073,4.905675268673804e-06,0.02078789472579956,0.11055305600166321,0.06966584175825119,0.0,0.0,0.0,0.0,0.0,0.3108946681022644,0.0,0.0,0.0,2.452837634336902e-06,0.01039394736289978,0.055276528000831604,0.034832920879125595,0.0,0.0,0.0,0.0,0.0,0.06217893585562706,0.0,0.0,0.1793096661567688
22,80,0.013056663796305656,3.837683834717609e-06,0.09084290266036987,0.11961716413497925,0.01967514306306839,0.0,0.0,0.0,0.0,0.0,0.0984540581703186,0.0,0.0,0.0,1.9188419173588045e-06,0.045421451330184937,0.059808582067489624,0.009837571531534195,0.0,0.0,0.0,0.0,0.0,0.01969081163406372,0.0,0.0,0.147817000746727
22,81,0.013737639412283897,2.245182486149133e-06,0.014593064785003662,0.0583263635635376,0.018991557881236076,0.0,0.0,0.0,0.0,0.0,0.09839010238647461,0.0,0.0,0.0,1.1225912430745666e-06,0.007296532392501831,0.0291631817817688,0.009495778940618038,0.0,0.0,0.0,0.0,0.0,0.01967802084982395,0.0,0.0,0.07937227934598923
22,82,0.01355015765875578,2.2671672468277393e-06,0.048088908195495605,0.06929153203964233,0.03675582632422447,0.0,0.0,0.0,0.0,0.0,0.15051619708538055,0.0,0.0,0.0,1.1335836234138696e-06,0.024044454097747803,0.03464576601982117,0.018377913162112236,0.0,0.0,0.0,0.0,0.0,0.03010324016213417,0.0,0.0,0.12072266638278961
22,83,0.01629888266324997,7.882331374275964e-06,0.09112519025802612,0.11399948596954346,0.07422211021184921,0.0,0.0,0.0,0.0,0.0,0.4466082453727722,0.0,0.0,0.0,3.941165687137982e-06,0.04556259512901306,0.05699974298477173,0.037111055105924606,0.0,0.0,0.0,0.0,0.0,0.08932165056467056,0.0,0.0,0.2452978789806366
22,84,0.014856025576591492,3.0200112632883247e-06,0.016865968704223633,0.09622544050216675,0.04661125689744949,0.0,0.0,0.0,0.0,0.0,0.11702132225036621,0.0,0.0,0.0,1.5100056316441623e-06,0.008432984352111816,0.048112720251083374,0.023305628448724747,0.0,0.0,0.0,0.0,0.0,0.023404264822602272,0.0,0.0,0.11811312288045883
22,85,0.012487749569118023,1.3683951465282007e-06,0.022794485092163086,0.07277804613113403,-0.002988082356750965,0.0,0.0,0.0,0.0,0.0,0.27289390563964844,0.0,0.0,0.0,6.841975732641004e-07,0.011397242546081543,0.03638902306556702,-0.0014940411783754826,0.0,0.0,0.0,0.0,0.0,0.05457878112792969,0.0,0.0,0.11335943639278412
22,86,0.01396005880087614,1.2734774372802349e-06,0.0312654972076416,0.07056966423988342,0.040387481451034546,0.0,0.0,0.0,0.0,0.0,0.1513417512178421,0.0,0.0,0.0,6.367387186401174e-07,0.0156327486038208,0.03528483211994171,0.020193740725517273,0.0,0.0,0.0,0.0,0.0,0.03026835061609745,0.0,0.0,0.11534036695957184
22,87,0.014889776706695557,9.353479981655255e-06,0.03006082773208618,0.13829147815704346,-0.017234880477190018,0.0,0.0,0.0,0.0,0.0,0.360940545797348,0.0,0.0,0.0,4.6767399908276275e-06,0.01503041386604309,0.06914573907852173,-0.008617440238595009,0.0,0.0,0.0,0.0,0.0,0.0721881091594696,0.0,0.0,0.16264128684997559
22,88,0.015604265034198761,1.0291950047758291e-06,0.039157092571258545,0.08416801691055298,0.016547689214348793,0.0,0.0,0.0,0.0,0.0,0.10334599018096924,0.0,0.0,0.0,5.145975023879146e-07,0.019578546285629272,0.04208400845527649,0.008273844607174397,0.0,0.0,0.0,0.0,0.0,0.020669197663664818,0.0,0.0,0.1062103807926178
22,89,0.01294923759996891,6.4005771491792984e-06,0.06572431325912476,0.09910273551940918,0.058214221149683,0.0,0.0,0.0,0.0,0.0,0.1401020884513855,0.0,0.0,0.0,3.2002885745896492e-06,0.03286215662956238,0.04955136775970459,0.0291071105748415,0.0,0.0,0.0,0.0,0.0,0.02802041731774807,0.0,0.0,0.15249349176883698
22,90,0.015489647164940834,5.4391725825553294e-06,0.01593613624572754,0.07083526253700256,0.02730296179652214,0.0,0.0,0.0,0.0,0.0,0.09063716977834702,0.0,0.0,0.0,2.7195862912776647e-06,0.00796806812286377,0.03541763126850128,0.01365148089826107,0.0,0.0,0.0,0.0,0.0,0.018127433955669403,0.0,0.0,0.09065698087215424
22,91,0.013789323158562183,3.38374957209453e-06,0.01744312047958374,0.05792549252510071,0.046796977519989014,0.0,0.0,0.0,0.0,0.0,0.251642644405365,0.0,0.0,0.0,1.691874786047265e-06,0.00872156023979187,0.028962746262550354,0.023398488759994507,0.0,0.0,0.0,0.0,0.0,0.05032853037118912,0.0,0.0,0.12520234286785126
22,92,0.014982828870415688,1.4430213923333213e-05,0.03513437509536743,0.10651898384094238,-0.003984280861914158,0.0,0.0,0.0,0.0,0.0,0.14685946702957153,0.0,0.0,0.0,7.215106961666606e-06,0.017567187547683716,0.05325949192047119,-0.001992140430957079,0.0,0.0,0.0,0.0,0.0,0.029371893033385277,0.0,0.0,0.1131964772939682
22,93,0.013502871617674828,2.095242962241173e-06,0.015496909618377686,0.07447785139083862,0.020362386479973793,0.0,0.0,0.0,0.0,0.0,0.11481273174285889,0.0,0.0,0.0,1.0476214811205864e-06,0.007748454809188843,0.03723892569541931,0.010181193239986897,0.0,0.0,0.0,0.0,0.0,0.022962545976042747,0.0,0.0,0.09163504093885422
22,94,0.0128098726272583,5.713486189051764e-06,0.06193572282791138,0.06371283531188965,0.03831196576356888,0.0,0.0,0.0,0.0,0.0,0.17419278621673584,0.0,0.0,0.0,2.856743094525882e-06,0.03096786141395569,0.031856417655944824,0.01915598288178444,0.0,0.0,0.0,0.0,0.0,0.03483855724334717,0.0,0.0,0.12963154911994934
22,95,0.014495588839054108,4.5564243009721395e-06,0.019776761531829834,0.06605443358421326,0.0555877722799778,0.0,0.0,0.0,0.0,0.0,0.2215437889099121,0.0,0.0,0.0,2.2782121504860697e-06,0.009888380765914917,0.03302721679210663,0.0277938861399889,0.0,0.0,0.0,0.0,0.0,0.04430875927209854,0.0,0.0,0.1295161098241806
22,96,0.012418891303241253,1.9815611267404165e-06,0.1224854588508606,0.08476150035858154,0.057629045099020004,0.0,0.0,0.0,0.0,0.0,0.0,0.0,0.0,0.0,9.907805633702083e-07,0.0612427294254303,0.04238075017929077,0.028814522549510002,0.0,0.0,0.0,0.0,0.0,0.0,0.0,0.0,0.14485788345336914
22,97,0.012832386419177055,5.9277367654431146e-06,0.02043735980987549,0.06671708822250366,0.0019575785845518112,0.0,0.0,0.0,0.0,0.0,0.22515255212783813,0.0,0.0,0.0,2.9638683827215573e-06,0.010218679904937744,0.03335854411125183,0.0009787892922759056,0.0,0.0,0.0,0.0,0.0,0.045030511915683746,0.0,0.0,0.10242187976837158
22,98,0.0161050446331501,1.7271981960220728e-06,0.035263001918792725,0.0881853997707367,0.002787278965115547,0.0,0.0,0.0,0.0,0.0,0.07236051559448242,0.0,0.0,0.0,8.635990980110364e-07,0.017631500959396362,0.04409269988536835,0.0013936394825577736,0.0,0.0,0.0,0.0,0.0,0.01447210367769003,0.0,0.0,0.09369584918022156
22,99,0.011464709416031837,4.2413512346684e-06,0.014506995677947998,0.06631916761398315,0.04795137420296669,0.0,0.0,0.0,0.0,0.0,0.10748469829559326,0.0,0.0,0.0,2.1206756173342e-06,0.007253497838973999,0.03315958380699158,0.023975687101483345,0.0,0.0,0.0,0.0,0.0,0.021496940404176712,0.0,0.0,0.097352534532547
22,100,0.01248893328011036,2.3507318474003114e-06,0.03457915782928467,0.07067552208900452,0.026075642555952072,0.0,0.0,0.0,0.0,0.0,0.11011773347854614,0.0,0.0,0.0,1.1753659237001557e-06,0.017289578914642334,0.03533776104450226,0.013037821277976036,0.0,0.0,0.0,0.0,0.0,0.022023547440767288,0.0,0.0,0.10017882287502289
23,1,0.033725447952747345,1.4713194104842842e-05,0.16368985176086426,0.6186227202415466,0.0016414336860179901,0.0,0.0,0.0,0.0,0.0,0.5891022682189941,0.0,0.0,0.0,7.356597052421421e-06,0.08184492588043213,0.3093113601207733,0.0008207168430089951,0.0,0.0,0.0,0.0,0.0,0.11782045662403107,0.0,0.0,0.543530285358429
23,2,0.0691709890961647,7.661473318876233e-06,0.17804384231567383,0.6850950717926025,0.008492464199662209,0.0,0.0,0.0,0.0,0.0,0.6890189051628113,0.0,0.0,0.0,3.8307366594381165e-06,0.08902192115783691,0.34254753589630127,0.004246232099831104,0.0,0.0,0.0,0.0,0.0,0.13780377805233002,0.0,0.0,0.6427943110466003
23,3,0.01708090677857399,1.0228191058558878e-05,0.15294194221496582,0.4863213300704956,0.005010054912418127,0.0,0.0,0.0,0.0,0.0,0.32443833351135254,0.0,0.0,0.0,5.114095529279439e-06,0.07647097110748291,0.2431606650352478,0.0025050274562090635,0.0,0.0,0.0,0.0,0.0,0.06488766521215439,0.0,0.0,0.4041103720664978
23,4,0.016179479658603668,1.195618460769765e-05,0.11606144905090332,0.5276341438293457,0.005658203735947609,0.0,0.0,0.0,0.0,0.0,0.5279881954193115,0.0,0.0,0.0,5.978092303848825e-06,0.05803072452545166,0.26381707191467285,0.0028291018679738045,0.0,0.0,0.0,0.0,0.0,0.10559763759374619,0.0,0.0,0.4464600086212158
23,5,0.02740316465497017,7.79203310230514e-06,0.16853493452072144,0.4672132730484009,-0.00040075695142149925,0.0,0.0,0.0,0.0,0.0,0.22685295343399048,0.0,0.0,0.0,3.89601655115257e-06,0.08426746726036072,0.23360663652420044,-0.00020037847571074963,0.0,0.0,0.0,0.0,0.0,0.045370589941740036,0.0,0.0,0.3904513716697693
23,6,0.023966912180185318,7.183538400568068e-06,0.11645770072937012,0.4874149560928345,0.006750732194632292,0.0,0.0,0.0,0.0,0.0,0.7618876695632935,0.0,0.0,0.0,3.591769200284034e-06,0.05822885036468506,0.24370747804641724,0.003375366097316146,0.0,0.0,0.0,0.0,0.0,0.15237753093242645,0.0,0.0,0.4816597104072571
23,7,0.0038348939269781113,9.194165613735095e-06,0.17277395725250244,0.4952932894229889,0.009632577188313007,0.0,0.0,0.0,0.0,0.0,0.8311152458190918,0.0,0.0,0.0,4.597082806867547e-06,0.08638697862625122,0.24764664471149445,0.004816288594156504,0.0,0.0,0.0,0.0,0.0,0.16622304916381836,0.0,0.0,0.5089124441146851
23,8,0.014692699536681175,2.7222636163060088e-06,0.23316317796707153,0.6728264093399048,0.014520516619086266,0.0,0.0,0.0,0.0,0.0,0.0,0.0,0.0,0.0,1.3611318081530044e-06,0.11658158898353577,0.3364132046699524,0.007260258309543133,0.0,0.0,0.0,0.0,0.0,0.0,0.0,0.0,0.4749491214752197
23,9,0.014807933941483498,1.198620429931907e-05,0.07461440563201904,0.32111379504203796,0.024524323642253876,0.0,0.0,0.0,0.0,0.0,0.3293919265270233,0.0,0.0,0.0,5.993102149659535e-06,0.03730720281600952,0.16055689752101898,0.012262161821126938,0.0,0.0,0.0,0.0,0.0,0.06587838381528854,0.0,0.0,0.29081857204437256
23,10,0.015176882967352867,1.208413959830068e-05,0.20618075132369995,0.4042728841304779,0.02857520617544651,0.0,0.0,0.0,0.0,0.0,0.6402055025100708,0.0,0.0,0.0,6.04206979915034e-06,0.10309037566184998,0.20213644206523895,0.014287603087723255,0.0,0.0,0.0,0.0,0.0,0.1280411034822464,0.0,0.0,0.4627384543418884
23,11,0.014320348389446735,9.194212907459587e-06,0.06795090436935425,0.3585638999938965,0.036732085049152374,0.0,0.0,0.0,0.0,0.0,0.3650939166545868,0.0,0.0,0.0,4.5971064537297934e-06,0.033975452184677124,0.17928194999694824,0.018366042524576187,0.0,0.0,0.0,0.0,0.0,0.07301878184080124,0.0,0.0,0.31896716356277466
23,12,0.004023316316306591,1.2577545021486003e-05,0.13016051054000854,0.32967355847358704,0.04356095939874649,0.0,0.0,0.0,0.0,0.0,0.7338622808456421,0.0,0.0,0.0,6.2887725107430015e-06,0.06508025527000427,0.16483677923679352,0.021780479699373245,0.0,0.0,0.0,0.0,0.0,0.14677245914936066,0.0,0.0,0.40249955654144287
23,13,0.011177336797118187,1.181866718980018e-05,0.15442168712615967,0.35785365104675293,0.053673580288887024,0.0,0.0,0.0,0.0,0.0,0.6971656084060669,0.0,0.0,0.0,5.90933359490009e-06,0.07721084356307983,0.17892682552337646,0.026836790144443512,0.0,0.0,0.0,0.0,0.0,0.1394331306219101,0.0,0.0,0.433590829372406
23,14,0.010022339411079884,9.693674655864015e-06,0.10638487339019775,0.36576318740844727,0.050556886941194534,0.0,0.0,0.0,0.0,0.0,0.1644430160522461,0.0,0.0,0.0,4.846837327932008e-06,0.05319243669509888,0.18288159370422363,0.025278443470597267,0.0,0.0,0.0,0.0,0.0,0.03288860246539116,0.0,0.0,0.3042682409286499
23,15,0.0038926030974835157,1.1996583452855702e-05,0.08368158340454102,0.45168787240982056,0.08416625112295151,0.0,0.0,0.0,0.0,0.0,0.540119469165802,0.0,0.0,0.0,5.998291726427851e-06,0.04184079170227051,0.22584393620491028,0.042083125561475754,0.0,0.0,0.0,0.0,0.0,0.10802389681339264,0.0,0.0,0.42169034481048584
23,16,0.009743320755660534,5.7580996326578315e-06,0.13886874914169312,0.4002425968647003,0.07681506872177124,0.0,0.0,0.0,0.0,0.0,0.18814992904663086,0.0,0.0,0.0,2.8790498163289158e-06,0.06943437457084656,0.20012129843235016,0.03840753436088562,0.0,0.0,0.0,0.0,0.0,0.03762998804450035,0.0,0.0,0.3553394079208374
23,17,0.008935553021728992,9.04193893802585e-06,0.11682367324829102,0.2855606973171234,0.0757627859711647,0.0,0.0,0.0,0.0,0.0,0.11665880680084229,0.0,0.0,0.0,4.520969469012925e-06,0.05841183662414551,0.1427803486585617,0.03788139298558235,0.0,0.0,0.0,0.0,0.0,0.023331761360168457,0.0,0.0,0.2713454067707062
23,18,0.0038963682018220425,1.300233543588547e-05,0.06493669748306274,0.33143842220306396,0.09978832304477692,0.0,0.0,0.0,0.0,0.0,0.061924099922180176,0.0,0.0,0.0,6.501167717942735e-06,0.03246834874153137,0.16571921110153198,0.04989416152238846,0.0,0.0,0.0,0.0,0.0,0.01238481979817152,0.0,0.0,0.2643694281578064
23,19,0.008802127093076706,1.6137688362505287e-05,0.07191300392150879,0.3866652548313141,0.1118631437420845,0.0,0.0,0.0,0.0,0.0,0.15998297929763794,0.0,0.0,0.0,8.068844181252643e-06,0.035956501960754395,0.19333262741565704,0.05593157187104225,0.0,0.0,0.0,0.0,0.0,0.03199659660458565,0.0,0.0,0.326027512550354
23,20,0.0071188597939908504,1.1380036085029133e-05,0.14669424295425415,0.3642030954360962,0.13713595271110535,0.0,0.0,0.0,0.0,0.0,0.47111979126930237,0.0,0.0,0.0,5.690018042514566e-06,0.07334712147712708,0.1821015477180481,0.06856797635555267,0.0,0.0,0.0,0.0,0.0,0.09422396123409271,0.0,0.0,0.425365149974823
23,21,0.0038861155044287443,1.3318653145688586e-05,0.09401679039001465,0.268023282289505,0.12143662571907043,0.0,0.0,0.0,0.0,0.0,0.3107249140739441,0.0,0.0,0.0,6.659326572844293e-06,0.047008395195007324,0.1340116411447525,0.06071831285953522,0.0,0.0,0.0,0.0,0.0,0.06214498355984688,0.0,0.0,0.3077761232852936
23,22,0.004351160489022732,1.1989996892225463e-05,0.1473219394683838,0.2786896526813507,0.11759769171476364,0.0,0.0,0.0,0.0,0.0,0.8129717111587524,0.0,0.0,0.0,5.9949984461127315e-06,0.0736609697341919,0.13934482634067535,0.05879884585738182,0.0,0.0,0.0,0.0,0.0,0.16259434819221497,0.0,0.0,0.43875613808631897
23,23,0.012750687077641487,4.384289240988437e-06,0.15412777662277222,0.42277249693870544,0.17473874986171722,0.0,0.0,0.0,0.0,0.0,0.547141969203949,0.0,0.0,0.0,2.1921446204942185e-06,0.07706388831138611,0.21138624846935272,0.08736937493085861,0.0,0.0,0.0,0.0,0.0,0.10942839831113815,0.0,0.0,0.4980008006095886
23,24,0.005479527171701193,1.1348221960361116e-05,0.07840222120285034,0.3209688067436218,0.14559811353683472,0.0,0.0,0.0,0.0,0.0,0.38703668117523193,0.0,0.0,0.0,5.674110980180558e-06,0.03920111060142517,0.1604844033718109,0.07279905676841736,0.0,0.0,0.0,0.0,0.0,0.0774073377251625,0.0,0.0,0.35537710785865784
23,25,0.006477370858192444,9.661544936534483e-06,0.1422705054283142,0.357552707195282,0.2141129970550537,0.0,0.0,0.0,0.0,0.0,0.35336998105049133,0.0,0.0,0.0,4.8307724682672415e-06,0.0711352527141571,0.178776353597641,0.10705649852752686,0.0,0.0,0.0,0.0,0.0,0.07067399471998215,0.0,0.0,0.43412429094314575
23,26,0.008147950284183025,1.2048980352119543e-05,0.14542102813720703,0.3184894025325775,0.17409682273864746,0.0,0.0,0.0,0.0,0.0,0.4185120761394501,0.0,0.0,0.0,6.024490176059771e-06,0.07271051406860352,0.15924470126628876,0.08704841136932373,0.0,0.0,0.0,0.0,0.0,0.08370241522789001,0.0,0.0,0.4108600318431854
23,27,0.005313397850841284,8.330634045705665e-06,0.0661361813545227,0.2810641825199127,0.1953410506248474,0.0,0.0,0.0,0.0,0.0,0.15995649993419647,0.0,0.0,0.0,4.1653170228528325e-06,0.03306809067726135,0.14053209125995636,0.0976705253124237,0.0,0.0,0.0,0.0,0.0,0.031991299241781235,0.0,0.0,0.30857956409454346
23,28,0.005880048498511314,8.738553333387244e-06,0.1813254952430725,0.30028435587882996,0.18255847692489624,0.0,0.0,0.0,0.0,0.0,0.3795197904109955,0.0,0.0,0.0,4.369276666693622e-06,0.09066274762153625,0.15014217793941498,0.09127923846244812,0.0,0.0,0.0,0.0,0.0,0.07590395957231522,0.0,0.0,0.41387253999710083
23,29,0.004810885991901159,1.3725613825954497e-05,0.059056997299194336,0.5211988687515259,0.2670787572860718,0.0,0.0,0.0,0.0,0.0,0.4746527075767517,0.0,0.0,0.0,6.8628069129772484e-06,0.029528498649597168,0.26059943437576294,0.1335393786430359,0.0,0.0,0.0,0.0,0.0,0.09493054449558258,0.0,0.0,0.5234156250953674
23,30,0.005345884710550308,6.4393161665066145e-06,0.034340620040893555,0.30910566449165344,0.2272849828004837,0.0,0.0,0.0,0.0,0.0,0.7619414925575256,0.0,0.0,0.0,3.2196580832533073e-06,0.017170310020446777,0.15455283224582672,0.11364249140024185,0.0,0.0,0.0,0.0,0.0,0.1523883044719696,0.0,0.0,0.44310304522514343
23,31,0.006702938117086887,1.3431814295472577e-05,0.0776822566986084,0.3539709746837616,0.19864268600940704,0.0,0.0,0.0,0.0,0.0,0.5233166217803955,0.0,0.0,0.0,6.715907147736289e-06,0.0388411283493042,0.1769854873418808,0.09932134300470352,0.0,0.0,0.0,0.0,0.0,0.10466332733631134,0.0,0.0,0.4265209436416626
23,32,0.004925788380205631,1.623497882974334e-05,0.034969866275787354,0.3403029441833496,0.24399232864379883,0.0,0.0,0.0,0.0,0.0,0.11006593704223633,0.0,0.0,0.0,8.11748941487167e-06,0.017484933137893677,0.1701514720916748,0.12199616432189941,0.0,0.0,0.0,0.0,0.0,0.022013187408447266,0.0,0.0,0.33657968044281006
23,33,0.006207432597875595,6.430867870221846e-06,0.0644230842590332,0.21561896800994873,0.21427541971206665,0.0,0.0,0.0,0.0,0.0,0.1269690990447998,0.0,0.0,0.0,3.215433935110923e-06,0.0322115421295166,0.10780948400497437,0.10713770985603333,0.0,0.0,0.0,0.0,0.0,0.02539381943643093,0.0,0.0,0.27876320481300354
23,34,0.004798301495611668,4.630393505067332e-06,0.08381372690200806,0.2809700667858124,0.2386680245399475,0.0,0.0,0.0,0.0,0.0,0.35600605607032776,0.0,0.0,0.0,2.315196752533666e-06,0.04190686345100403,0.1404850333929062,0.11933401226997375,0.0,0.0,0.0,0.0,0.0,0.07120121270418167,0.0,0.0,0.377727746963501
23,35,0.004932744894176722,1.2237162991368677e-05,0.05765938758850098,0.2372092455625534,0.2208571434020996,0.0,0.0,0.0,0.0,0.0,0.2942405045032501,0.0,0.0,0.0,6.118581495684339e-06,0.02882969379425049,0.1186046227812767,0.1104285717010498,0.0,0.0,0.0,0.0,0.0,0.058848101645708084,0.0,0.0,0.3216498792171478
23,36,0.00620656181126833,1.5353365597547963e-05,0.04540902376174927,0.4488213062286377,0.2834828495979309,0.0,0.0,0.0,0.0,0.0,0.23623013496398926,0.0,0.0,0.0,7.676682798773982e-06,0.022704511880874634,0.22441065311431885,0.14174142479896545,0.0,0.0,0.0,0.0,0.0,0.04724602773785591,0.0,0.0,0.44231685996055603
23,37,0.007899574935436249,9.34738818614278e-06,0.06755459308624268,0.24605487287044525,0.28017014265060425,0.0,0.0,0.0,0.0,0.0,0.3693286180496216,0.0,0.0,0.0,4.67369409307139e-06,0.03377729654312134,0.12302743643522263,0.14008507132530212,0.0,0.0,0.0,0.0,0.0,0.07386572659015656,0.0,0.0,0.37865978479385376
23,38,0.006072769407182932,1.2339673958194908e-05,0.18386489152908325,0.30897077918052673,0.31923651695251465,0.0,0.0,0.0,0.0,0.0,0.43311867117881775,0.0,0.0,0.0,6.169836979097454e-06,0.09193244576454163,0.15448538959026337,0.15961825847625732,0.0,0.0,0.0,0.0,0.0,0.08662373572587967,0.0,0.0,0.49873876571655273
23,39,0.04011690989136696,1.3432979358185548e-05,0.0718832015991211,0.29403653740882874,0.28886479139328003,0.0,0.0,0.0,0.0,0.0,0.6956678628921509,0.0,0.0,0.0,6.716489679092774e-06,0.03594160079956055,0.14701826870441437,0.14443239569664001,0.0,0.0,0.0,0.0,0.0,0.13913357257843018,0.0,0.0,0.5066494941711426
23,40,0.012210545130074024,6.3449392655456904e-06,0.07075393199920654,0.20559316873550415,0.23568788170814514,0.0,0.0,0.0,0.0,0.0,0.15861904621124268,0.0,0.0,0.0,3.1724696327728452e-06,0.03537696599960327,0.10279658436775208,0.11784394085407257,0.0,0.0,0.0,0.0,0.0,0.031723808497190475,0.0,0.0,0.29995501041412354
23,41,0.01776917651295662,6.560840120073408e-06,0.07514995336532593,0.2781272530555725,0.27834588289260864,0.0,0.0,0.0,0.0,0.0,0.2577858865261078,0.0,0.0,0.0,3.280420060036704e-06,0.037574976682662964,0.13906362652778625,0.13917294144630432,0.0,0.0,0.0,0.0,0.0,0.05155717954039574,0.0,0.0,0.38514119386672974
23,42,0.005761859007179737,8.620955668448005e-06,0.0391157865524292,0.13997173309326172,0.1901504099369049,0.0,0.0,0.0,0.0,0.0,0.2431027889251709,0.0,0.0,0.0,4.3104778342240024e-06,0.0195578932762146,0.06998586654663086,0.09507520496845245,0.0,0.0,0.0,0.0,0.0,0.0486205592751503,0.0,0.0,0.2390056848526001
23,43,0.02697354182600975,1.4182965060172137e-05,0.10150116682052612,0.30888277292251587,0.24903741478919983,0.0,0.0,0.0,0.0,0.0,0.4212252199649811,0.0,0.0,0.0,7.0914825300860684e-06,0.05075058341026306,0.15444138646125793,0.12451870739459991,0.0,0.0,0.0,0.0,0.0,0.08424504846334457,0.0,0.0,0.4409363567829132
23,44,0.023988019675016403,6.223517175385496e-06,0.06957763433456421,0.15780875086784363,0.18622195720672607,0.0,0.0,0.0,0.0,0.0,0.4880772829055786,0.0,0.0,0.0,3.111758587692748e-06,0.034788817167282104,0.07890437543392181,0.09311097860336304,0.0,0.0,0.0,0.0,0.0,0.09761545807123184,0.0,0.0,0.3284107446670532
23,45,0.017401564866304398,8.993217306851875e-06,0.0338786244392395,0.1796341836452484,0.2417031228542328,0.0,0.0,0.0,0.0,0.0,0.3184557855129242,0.0,0.0,0.0,4.4966086534259375e-06,0.01693931221961975,0.0898170918226242,0.1208515614271164,0.0,0.0,0.0,0.0,0.0,0.0636911615729332,0.0,0.0,0.3087051808834076
23,46,0.02126154489815235,1.1978037036897149e-05,0.026311516761779785,0.17981424927711487,0.17135991156101227,0.0,0.0,0.0,0.0,0.0,0.3809267282485962,0.0,0.0,0.0,5.9890185184485745e-06,0.013155758380889893,0.08990712463855743,0.08567995578050613,0.0,0.0,0.0,0.0,0.0,0.07618534564971924,0.0,0.0,0.2861957252025604
23,47,0.03517463058233261,7.206452210084535e-06,0.06842756271362305,0.11998236179351807,0.2173471599817276,0.0,0.0,0.0,0.0,0.0,0.19025146961212158,0.0,0.0,0.0,3.6032261050422676e-06,0.03421378135681152,0.05999118089675903,0.1086735799908638,0.0,0.0,0.0,0.0,0.0,0.038050293922424316,0.0,0.0,0.2761070728302002
23,48,0.013874433934688568,1.1137783985759597e-05,0.09123796224594116,0.17515861988067627,0.1902289092540741,0.0,0.0,0.0,0.0,0.0,0.3145561218261719,0.0,0.0,0.0,5.568891992879799e-06,0.04561898112297058,0.08757930994033813,0.09511445462703705,0.0,0.0,0.0,0.0,0.0,0.06291122734546661,0.0,0.0,0.30510395765304565
23,49,0.029610525816679,8.020530913199764e-06,0.027600526809692383,0.16519278287887573,0.14057599008083344,0.0,0.0,0.0,0.0,0.0,0.1131773591041565,0.0,0.0,0.0,4.010265456599882e-06,0.013800263404846191,0.08259639143943787,0.07028799504041672,0.0,0.0,0.0,0.0,0.0,0.02263547293841839,0.0,0.0,0.21893467009067535
23,50,0.028447577729821205,8.302677997562569e-06,0.04485142230987549,0.1698213368654251,0.21111036837100983,0.0,0.0,0.0,0.0,0.0,0.4673597514629364,0.0,0.0,0.0,4.151338998781284e-06,0.022425711154937744,0.08491066843271255,0.10555518418550491,0.0,0.0,0.0,0.0,0.0,0.0934719517827034,0.0,0.0,0.33481523394584656
23,51,0.026197735220193863,6.36144704913022e-06,0.04754459857940674,0.16099953651428223,0.13225698471069336,0.0,0.0,0.0,0.0,0.0,0.10732308775186539,0.0,0.0,0.0,3.18072352456511e-06,0.02377229928970337,0.08049976825714111,0.06612849235534668,0.0,0.0,0.0,0.0,0.0,0.021464617922902107,0.0,0.0,0.21806609630584717
23,52,0.023988623172044754,4.4746334424417e-06,0.04086655378341675,0.09180587530136108,0.1791914999485016,0.0,0.0,0.0,0.0,0.0,0.13479194045066833,0.0,0.0,0.0,2.23731672122085e-06,0.020433276891708374,0.04590293765068054,0.0895957499742508,0.0,0.0,0.0,0.0,0.0,0.026958389207720757,0.0,0.0,0.20688121020793915
23,53,0.013987516984343529,5.777734713774407e-06,0.04068481922149658,0.10035979747772217,0.0948309674859047,0.0,0.0,0.0,0.0,0.0,0.2995221018791199,0.0,0.0,0.0,2.8888673568872036e-06,0.02034240961074829,0.050179898738861084,0.04741548374295235,0.0,0.0,0.0,0.0,0.0,0.059904422610998154,0.0,0.0,0.19183261692523956
23,54,0.01688576303422451,5.132398655405268e-06,0.08605098724365234,0.3166492283344269,0.20438146591186523,0.0,0.0,0.0,0.0,0.0,0.48212572932243347,0.0,0.0,0.0,2.566199327702634e-06,0.04302549362182617,0.15832461416721344,0.10219073295593262,0.0,0.0,0.0,0.0,0.0,0.0964251458644867,0.0,0.0,0.4168543219566345
23,55,0.02075612172484398,7.259448921104195e-06,0.041398048400878906,0.12227237224578857,0.14762407541275024,0.0,0.0,0.0,0.0,0.0,0.07569873332977295,0.0,0.0,0.0,3.6297244605520973e-06,0.020699024200439453,0.06113618612289429,0.07381203770637512,0.0,0.0,0.0,0.0,0.0,0.015139746479690075,0.0,0.0,0.1915467530488968
23,56,0.009711631573736668,1.0390062925580423e-05,0.03427469730377197,0.12746661901474,0.06994922459125519,0.0,0.0,0.0,0.0,0.0,0.11175298690795898,0.0,0.0,0.0,5.195031462790212e-06,0.017137348651885986,0.06373330950737,0.034974612295627594,0.0,0.0,0.0,0.0,0.0,0.022350598126649857,0.0,0.0,0.14791269600391388
23,57,0.0121090617030859,5.420265551947523e-06,0.03176379203796387,0.08591488003730774,0.0893969014286995,0.0,0.0,0.0,0.0,0.0,0.14885550737380981,0.0,0.0,0.0,2.7101327759737615e-06,0.015881896018981934,0.04295744001865387,0.04469845071434975,0.0,0.0,0.0,0.0,0.0,0.029771102592349052,0.0,0.0,0.14542065560817719
23,58,0.01311756856739521,8.81205232872162e-06,0.03735828399658203,0.12736734747886658,0.04371269419789314,0.0,0.0,0.0,0.0,0.0,0.48389989137649536,0.0,0.0,0.0,4.40602616436081e-06,0.018679141998291016,0.06368367373943329,0.02185634709894657,0.0,0.0,0.0,0.0,0.0,0.09677997976541519,0.0,0.0,0.21412111818790436
23,59,0.01620662957429886,5.825250809721183e-06,0.051244378089904785,0.1007186770439148,0.10836711525917053,0.0,0.0,0.0,0.0,0.0,0.16728347539901733,0.0,0.0,0.0,2.9126254048605915e-06,0.025622189044952393,0.0503593385219574,0.054183557629585266,0.0,0.0,0.0,0.0,0.0,0.03345669433474541,0.0,0.0,0.17983132600784302
23,60,0.01302147377282381,1.8985911083291285e-06,0.036337196826934814,0.09308916330337524,0.0667644813656807,0.0,0.0,0.0,0.0,0.0,0.18309414386749268,0.0,0.0,0.0,9.492955541645642e-07,0.018168598413467407,0.04654458165168762,0.03338224068284035,0.0,0.0,0.0,0.0,0.0,0.036618828773498535,0.0,0.0,0.14773666858673096
23,61,0.012899482622742653,5.647894795401953e-06,0.03361022472381592,0.10353162884712219,0.07857221364974976,0.0,0.0,0.0,0.0,0.0,0.10787159204483032,0.0,0.0,0.0,2.8239473977009766e-06,0.01680511236190796,0.051765814423561096,0.03928610682487488,0.0,0.0,0.0,0.0,0.0,0.021574318408966064,0.0,0.0,0.14233365654945374
23,62,0.011184687726199627,1.9719964257092215e-06,0.021286725997924805,0.09889626502990723,-0.00586266815662384,0.0,0.0,0.0,0.0,0.0,0.16688477993011475,0.0,0.0,0.0,9.859982128546108e-07,0.010643362998962402,0.04944813251495361,-0.00293133407831192,0.0,0.0,0.0,0.0,0.0,0.03337695822119713,0.0,0.0,0.10172279179096222
23,63,0.019805291667580605,8.028138836380094e-06,0.040968120098114014,0.1544569432735443,-0.017212338745594025,0.0,0.0,0.0,0.0,0.0,0.2502520978450775,0.0,0.0,0.0,4.014069418190047e-06,0.020484060049057007,0.07722847163677216,-0.008606169372797012,0.0,0.0,0.0,0.0,0.0,0.05005041882395744,0.0,0.0,0.1589660942554474
23,64,0.013620875775814056,1.0661998203431722e-05,0.11598354578018188,0.1798599660396576,0.004433438181877136,0.0,0.0,0.0,0.0,0.0,0.35222697257995605,0.0,0.0,0.0,5.330999101715861e-06,0.05799177289009094,0.0899299830198288,0.002216719090938568,0.0,0.0,0.0,0.0,0.0,0.07044539600610733,0.0,0.0,0.2342100739479065
23,65,0.022401664406061172,4.230750164424535e-06,0.028161823749542236,0.11295726895332336,0.006207700818777084,0.0,0.0,0.0,0.0,0.0,0.15390580892562866,0.0,0.0,0.0,2.1153750822122674e-06,0.014080911874771118,0.05647863447666168,0.003103850409388542,0.0,0.0,0.0,0.0,0.0,0.030781162902712822,0.0,0.0,0.12684834003448486
23,66,0.016052749007940292,1.2517557479441166e-06,0.02560645341873169,0.1202993094921112,-0.003544524312019348,0.0,0.0,0.0,0.0,0.0,0.33804774284362793,0.0,0.0,0.0,6.258778739720583e-07,0.012803226709365845,0.0601496547460556,-0.001772262156009674,0.0,0.0,0.0,0.0,0.0,0.06760954856872559,0.0,0.0,0.1548435389995575
23,67,0.014535827562212944,9.98134146357188e-06,0.0425456166267395,0.1691831648349762,-0.044513508677482605,0.0,0.0,0.0,0.0,0.0,0.3696976900100708,0.0,0.0,0.0,4.99067073178594e-06,0.02127280831336975,0.0845915824174881,-0.022256754338741302,0.0,0.0,0.0,0.0,0.0,0.07393953949213028,0.0,0.0,0.17208799719810486
23,68,0.0206415094435215,4.687520231527742e-06,0.04311329126358032,0.09156477451324463,-0.02299651876091957,0.0,0.0,0.0,0.0,0.0,0.22680146992206573,0.0,0.0,0.0,2.343760115763871e-06,0.02155664563179016,0.045782387256622314,-0.011498259380459785,0.0,0.0,0.0,0.0,0.0,0.04536029323935509,0.0,0.0,0.12184491753578186
23,69,0.013905773870646954,6.026039955031592e-06,0.035617709159851074,0.11011144518852234,0.03211910277605057,0.0,0.0,0.0,0.0,0.0,0.0,0.0,0.0,0.0,3.013019977515796e-06,0.017808854579925537,0.05505572259426117,0.016059551388025284,0.0,0.0,0.0,0.0,0.0,0.0,0.0,0.0,0.10283291339874268
23,70,0.018223609775304794,4.9534110075910576e-06,0.038485944271087646,0.13523659110069275,0.012596100568771362,0.0,0.0,0.0,0.0,0.0,0.21055817604064941,0.0,0.0,0.0,2.4767055037955288e-06,0.019242972135543823,0.06761829555034637,0.006298050284385681,0.0,0.0,0.0,0.0,0.0,0.04211163520812988,0.0,0.0,0.15349704027175903
23,71,0.014705541543662548,5.570813300437294e-06,0.019998908042907715,0.12467747926712036,-0.013840015977621078,0.0,0.0,0.0,0.0,0.0,0.16194209456443787,0.0,0.0,0.0,2.785406650218647e-06,0.009999454021453857,0.06233873963356018,-0.006920007988810539,0.0,0.0,0.0,0.0,0.0,0.03238841891288757,0.0,0.0,0.112514927983284
23,72,0.01538047194480896,1.660435145822703e-06,0.04891890287399292,0.0974724292755127,0.04080904275178909,0.0,0.0,0.0,0.0,0.0,0.27061355113983154,0.0,0.0,0.0,8.302175729113515e-07,0.02445945143699646,0.04873621463775635,0.020404521375894547,0.0,0.0,0.0,0.0,0.0,0.05412271246314049,0.0,0.0,0.16310420632362366
23,73,0.016474951058626175,7.2002944762061816e-06,0.08105504512786865,0.09658196568489075,0.012207134626805782,0.0,0.0,0.0,0.0,0.0,0.15554587543010712,0.0,0.0,0.0,3.6001472381030908e-06,0.040527522563934326,0.048290982842445374,0.006103567313402891,0.0,0.0,0.0,0.0,0.0,0.031109174713492393,0.0,0.0,0.1425098031759262
23,74,0.01468723826110363,9.701907401904464e-06,0.08858466148376465,0.10093581676483154,0.0411665141582489,0.0,0.0,0.0,0.0,0.0,0.09895110130310059,0.0,0.0,0.0,4.850953700952232e-06,0.044292330741882324,0.05046790838241577,0.02058325707912445,0.0,0.0,0.0,0.0,0.0,0.019790221005678177,0.0,0.0,0.1498257964849472
23,75,0.014274087734520435,1.00958254733996e-06,0.03501319885253906,0.08628863096237183,0.06965525448322296,0.0,0.0,0.0,0.0,0.0,0.09660124778747559,0.0,0.0,0.0,5.0479127366998e-07,0.01750659942626953,0.04314431548118591,0.03482762724161148,0.0,0.0,0.0,0.0,0.0,0.019320249557495117,0.0,0.0,0.1290733814239502
23,76,0.012602180242538452,7.212551054180949e-07,0.025084197521209717,0.0621454119682312,0.03501126915216446,0.0,0.0,0.0,0.0,0.0,0.11753439903259277,0.0,0.0,0.0,3.6062755270904745e-07,0.012542098760604858,0.0310727059841156,0.01750563457608223,0.0,0.0,0.0,0.0,0.0,0.023506879806518555,0.0,0.0,0.09722986072301865
23,77,0.01600831188261509,5.650807679558056e-07,0.01778542995452881,0.05419155955314636,0.06704877316951752,0.0,0.0,0.0,0.0,0.0,0.12728822231292725,0.0,0.0,0.0,2.825403839779028e-07,0.008892714977264404,0.02709577977657318,0.03352438658475876,0.0,0.0,0.0,0.0,0.0,0.02545764483511448,0.0,0.0,0.1109791174530983
23,78,0.017682312056422234,1.2569282262120396e-05,0.0700526237487793,0.17862412333488464,0.0036752913147211075,0.0,0.0,0.0,0.0,0.0,0.12985014915466309,0.0,0.0,0.0,6.284641131060198e-06,0.03502631187438965,0.08931206166744232,0.0018376456573605537,0.0,0.0,0.0,0.0,0.0,0.025970030575990677,0.0,0.0,0.16983462870121002
23,79,0.017045732587575912,1.9682361198647413e-06,0.018656432628631592,0.09311884641647339,0.02982599101960659,0.0,0.0,0.0,0.0,0.0,0.2842087149620056,0.0,0.0,0.0,9.841180599323707e-07,0.009328216314315796,0.046559423208236694,0.014912995509803295,0.0,0.0,0.0,0.0,0.0,0.05684174224734306,0.0,0.0,0.14468909800052643
23,80,0.01289890706539154,1.944605628523277e-06,0.09628641605377197,0.1253567636013031,0.006022683344781399,0.0,0.0,0.0,0.0,0.0,0.10442286729812622,0.0,0.0,0.0,9.723028142616386e-07,0.048143208026885986,0.06267838180065155,0.0030113416723906994,0.0,0.0,0.0,0.0,0.0,0.020884573459625244,0.0,0.0,0.1476173847913742
23,81,0.01424494944512844,1.4802409395997529e-06,0.013329386711120605,0.06314554810523987,0.04446875676512718,0.0,0.0,0.0,0.0,0.0,0.09208458662033081,0.0,0.0,0.0,7.401204697998764e-07,0.006664693355560303,0.031572774052619934,0.02223437838256359,0.0,0.0,0.0,0.0,0.0,0.018416916951537132,0.0,0.0,0.09313445538282394
23,82,0.014958207495510578,5.67861718536733e-07,0.04542416334152222,0.062141358852386475,0.05428912118077278,0.0,0.0,0.0,0.0,0.0,0.1386507749557495,0.0,0.0,0.0,2.839308592683665e-07,0.02271208167076111,0.031070679426193237,0.02714456059038639,0.0,0.0,0.0,0.0,0.0,0.027730155736207962,0.0,0.0,0.12361596524715424
23,83,0.017721466720104218,2.9703926429647254e-06,0.07471108436584473,0.09991177916526794,0.03651254624128342,0.0,0.0,0.0,0.0,0.0,0.4418073296546936,0.0,0.0,0.0,1.4851963214823627e-06,0.03735554218292236,0.04995588958263397,0.01825627312064171,0.0,0.0,0.0,0.0,0.0,0.0883614644408226,0.0,0.0,0.21165212988853455
23,84,0.019811388105154037,2.3100005819287617e-06,0.01956009864807129,0.07170143723487854,0.0425601527094841,0.0,0.0,0.0,0.0,0.0,0.12693965435028076,0.0,0.0,0.0,1.1550002909643808e-06,0.009780049324035645,0.03585071861743927,0.02128007635474205,0.0,0.0,0.0,0.0,0.0,0.025387931615114212,0.0,0.0,0.11211131513118744
23,85,0.011640165001153946,6.745997325197095e-07,0.031047403812408447,0.07789081335067749,0.0039001591503620148,0.0,0.0,0.0,0.0,0.0,0.24958746135234833,0.0,0.0,0.0,3.3729986625985475e-07,0.015523701906204224,0.038945406675338745,0.0019500795751810074,0.0,0.0,0.0,0.0,0.0,0.049917493015527725,0.0,0.0,0.11797718703746796
23,86,0.016243474557995796,1.1059497637688764e-06,0.03228384256362915,0.07686686515808105,0.05206091329455376,0.0,0.0,0.0,0.0,0.0,0.1503663808107376,0.0,0.0,0.0,5.529748818844382e-07,0.016141921281814575,0.03843343257904053,0.02603045664727688,0.0,0.0,0.0,0.0,0.0,0.030073275789618492,0.0,0.0,0.1269231140613556
23,87,0.014489841647446156,3.6976589399273507e-06,0.028954744338989258,0.08959037065505981,-0.014831772074103355,0.0,0.0,0.0,0.0,0.0,0.34059450030326843,0.0,0.0,0.0,1.8488294699636754e-06,0.014477372169494629,0.04479518532752991,-0.007415886037051678,0.0,0.0,0.0,0.0,0.0,0.06811890006065369,0.0,0.0,0.13446727395057678
23,88,0.014944234862923622,8.738836640986847e-07,0.025546669960021973,0.05982649326324463,0.037497252225875854,0.0,0.0,0.0,0.0,0.0,0.1154780387878418,0.0,0.0,0.0,4.3694183204934234e-07,0.012773334980010986,0.029913246631622314,0.018748626112937927,0.0,0.0,0.0,0.0,0.0,0.02309560775756836,0.0,0.0,0.09947548806667328
23,89,0.014283341355621815,4.7188477765303105e-06,0.07037383317947388,0.082215815782547,0.05373937636613846,0.0,0.0,0.0,0.0,0.0,0.13637882471084595,0.0,0.0,0.0,2.3594238882651553e-06,0.03518691658973694,0.0411079078912735,0.02686968818306923,0.0,0.0,0.0,0.0,0.0,0.02727576531469822,0.0,0.0,0.1447259783744812
23,90,0.013541117310523987,1.8741775420494378e-06,0.016516268253326416,0.056363314390182495,0.04271303117275238,0.0,0.0,0.0,0.0,0.0,0.08392485231161118,0.0,0.0,0.0,9.370887710247189e-07,0.008258134126663208,0.028181657195091248,0.02135651558637619,0.0,0.0,0.0,0.0,0.0,0.016784971579909325,0.0,0.0,0.08812333643436432
23,91,0.013482771813869476,3.3604806048970204e-06,0.019194185733795166,0.062287837266922,0.05266625061631203,0.0,0.0,0.0,0.0,0.0,0.25219327211380005,0.0,0.0,0.0,1.6802403024485102e-06,0.009597092866897583,0.031143918633461,0.026333125308156013,0.0,0.0,0.0,0.0,0.0,0.05043865367770195,0.0,0.0,0.13099724054336548
23,92,0.01422792673110962,5.703123406419763e-06,0.03300344944000244,0.08504322171211243,0.01972120627760887,0.0,0.0,0.0,0.0,0.0,0.15136927366256714,0.0,0.0,0.0,2.8515617032098817e-06,0.01650172472000122,0.04252161085605621,0.009860603138804436,0.0,0.0,0.0,0.0,0.0,0.030273854732513428,0.0,0.0,0.11338857561349869
23,93,0.01450191717594862,2.1706532606913242e-06,0.016454875469207764,0.08444797992706299,0.015694888308644295,0.0,0.0,0.0,0.0,0.0,0.10391052812337875,0.0,0.0,0.0,1.0853266303456621e-06,0.008227437734603882,0.042223989963531494,0.007847444154322147,0.0,0.0,0.0,0.0,0.0,0.02078210562467575,0.0,0.0,0.09358397871255875
23,94,0.012440860271453857,7.115356766007608e-07,0.05970335006713867,0.059834063053131104,0.03264375776052475,0.0,0.0,0.0,0.0,0.0,0.1479884386062622,0.0,0.0,0.0,3.557678383003804e-07,0.029851675033569336,0.029917031526565552,0.016321878880262375,0.0,0.0,0.0,0.0,0.0,0.0295976884663105,0.0,0.0,0.11812949180603027
23,95,0.014827708713710308,1.4214754173735855e-06,0.02296924591064453,0.08288076519966125,0.040420833975076675,0.0,0.0,0.0,0.0,0.0,0.17946374416351318,0.0,0.0,0.0,7.107377086867928e-07,0.011484622955322266,0.04144038259983063,0.020210416987538338,0.0,0.0,0.0,0.0,0.0,0.035892751067876816,0.0,0.0,0.12385658919811249
23,96,0.012278882786631584,1.88199794592947e-06,0.09303629398345947,0.08528873324394226,0.06958909332752228,0.0,0.0,0.0,0.0,0.0,0.0,0.0,0.0,0.0,9.40998972964735e-07,0.046518146991729736,0.04264436662197113,0.03479454666376114,0.0,0.0,0.0,0.0,0.0,0.0,0.0,0.0,0.13623687624931335
23,97,0.012900574132800102,3.6359224395710044e-06,0.02812778949737549,0.061797499656677246,0.019674813374876976,0.0,0.0,0.0,0.0,0.0,0.24366408586502075,0.0,0.0,0.0,1.8179612197855022e-06,0.014063894748687744,0.030898749828338623,0.009837406687438488,0.0,0.0,0.0,0.0,0.0,0.04873281717300415,0.0,0.0,0.11643525958061218
23,98,0.015371699817478657,1.3069048918623594e-06,0.038976073265075684,0.09378701448440552,0.0003331713378429413,0.0,0.0,0.0,0.0,0.0,0.07564544677734375,0.0,0.0,0.0,6.534524459311797e-07,0.019488036632537842,0.04689350724220276,0.00016658566892147064,0.0,0.0,0.0,0.0,0.0,0.01512908935546875,0.0,0.0,0.09704957157373428
23,99,0.010825568810105324,1.9395647541387007e-06,0.019649207592010498,0.06636616587638855,0.018773972988128662,0.0,0.0,0.0,0.0,0.0,0.08749528974294662,0.0,0.0,0.0,9.697823770693503e-07,0.009824603796005249,0.033183082938194275,0.009386986494064331,0.0,0.0,0.0,0.0,0.0,0.017499057576060295,0.0,0.0,0.08072027564048767
23,100,0.012928135693073273,6.147563453851035e-07,0.03240072727203369,0.07950469851493835,0.02948227897286415,0.0,0.0,0.0,0.0,0.0,0.15173131227493286,0.0,0.0,0.0,3.0737817269255174e-07,0.016200363636016846,0.03975234925746918,0.014741139486432076,0.0,0.0,0.0,0.0,0.0,0.030346263200044632,0.0,0.0,0.11396855115890503
24,1,0.030267629772424698,1.2967950169695541e-05,0.1718580722808838,0.6585209369659424,0.00132672768086195,0.0,0.0,0.0,0.0,0.0,0.6080509424209595,0.0,0.0,0.0,6.483975084847771e-06,0.0859290361404419,0.3292604684829712,0.000663363840430975,0.0,0.0,0.0,0.0,0.0,0.12161018699407578,0.0,0.0,0.5677371621131897
24,2,0.036161135882139206,1.01809046100243e-05,0.16008543968200684,0.5636603832244873,0.005663363263010979,0.0,0.0,0.0,0.0,0.0,0.3595450520515442,0.0,0.0,0.0,5.09045230501215e-06,0.08004271984100342,0.28183019161224365,0.0028316816315054893,0.0,0.0,0.0,0.0,0.0,0.07190901041030884,0.0,0.0,0.4727798104286194
24,3,0.019005481153726578,1.2580989277921617e-05,0.141079843044281,0.4042397141456604,0.0004810127429664135,0.0,0.0,0.0,0.0,0.0,0.15124738216400146,0.0,0.0,0.0,6.2904946389608085e-06,0.0705399215221405,0.2021198570728302,0.00024050637148320675,0.0,0.0,0.0,0.0,0.0,0.030249476432800293,0.0,0.0,0.3221615254878998
24,4,0.017894163727760315,1.2015430911560543e-05,0.11598861217498779,0.5178879499435425,0.0006817909888923168,0.0,0.0,0.0,0.0,0.0,0.5348992943763733,0.0,0.0,0.0,6.0077154557802714e-06,0.057994306087493896,0.25894397497177124,0.0003408954944461584,0.0,0.0,0.0,0.0,0.0,0.1069798618555069,0.0,0.0,0.4421592354774475
24,5,0.021073028445243835,1.048322519636713e-05,0.126214861869812,0.33998769521713257,-0.0050399424508214,0.0,0.0,0.0,0.0,0.0,0.22863030433654785,0.0,0.0,0.0,5.241612598183565e-06,0.063107430934906,0.16999384760856628,-0.0025199712254107,0.0,0.0,0.0,0.0,0.0,0.04572606086730957,0.0,0.0,0.29738563299179077
24,6,0.0337655209004879,9.318382581113838e-06,0.08594632148742676,0.36153990030288696,-0.000559523468837142,0.0,0.0,0.0,0.0,0.0,0.7461222410202026,0.0,0.0,0.0,4.659191290556919e-06,0.04297316074371338,0.18076995015144348,-0.000279761734418571,0.0,0.0,0.0,0.0,0.0,0.1492244452238083,0.0,0.0,0.40645796060562134
24,7,0.018405871465802193,9.692336789157707e-06,0.1662769317626953,0.4142031669616699,0.007223713677376509,0.0,0.0,0.0,0.0,0.0,0.5657119750976562,0.0,0.0,0.0,4.846168394578854e-06,0.08313846588134766,0.20710158348083496,0.0036118568386882544,0.0,0.0,0.0,0.0,0.0,0.11314239352941513,0.0,0.0,0.42540502548217773
24,8,0.042614493519067764,4.062475909449859e-06,0.205460786819458,0.6651568412780762,0.0049789478071033955,0.0,0.0,0.0,0.0,0.0,0.0,0.0,0.0,0.0,2.0312379547249293e-06,0.102730393409729,0.3325784206390381,0.0024894739035516977,0.0,0.0,0.0,0.0,0.0,0.0,0.0,0.0,0.48041480779647827
24,9,0.0302568431943655,7.88955730968155e-06,0.07289999723434448,0.3251948654651642,0.016446836292743683,0.0,0.0,0.0,0.0,0.0,0.39764150977134705,0.0,0.0,0.0,3.944778654840775e-06,0.03644999861717224,0.1625974327325821,0.008223418146371841,0.0,0.0,0.0,0.0,0.0,0.07952830195426941,0.0,0.0,0.3170599341392517
24,10,0.012822474353015423,1.2031782716803718e-05,0.2254565954208374,0.45843082666397095,0.023406682536005974,0.0,0.0,0.0,0.0,0.0,0.6837546229362488,0.0,0.0,0.0,6.015891358401859e-06,0.1127282977104187,0.22921541333198547,0.011703341268002987,0.0,0.0,0.0,0.0,0.0,0.13675092160701752,0.0,0.0,0.5032264590263367
24,11,0.02164171263575554,8.305579285661224e-06,0.06207144260406494,0.3491252362728119,0.02824152074754238,0.0,0.0,0.0,0.0,0.0,0.3713415563106537,0.0,0.0,0.0,4.152789642830612e-06,0.03103572130203247,0.17456261813640594,0.01412076037377119,0.0,0.0,0.0,0.0,0.0,0.07426831126213074,0.0,0.0,0.31563326716423035
24,12,0.019815998151898384,9.037510608322918e-06,0.15122979879379272,0.40203139185905457,0.0392562635242939,0.0,0.0,0.0,0.0,0.0,0.7930787801742554,0.0,0.0,0.0,4.518755304161459e-06,0.07561489939689636,0.20101569592952728,0.01962813176214695,0.0,0.0,0.0,0.0,0.0,0.15861575305461884,0.0,0.0,0.47469502687454224
24,13,0.007660213857889175,6.329805273708189e-06,0.16784614324569702,0.4551582336425781,0.0552481971681118,0.0,0.0,0.0,0.0,0.0,0.754395604133606,0.0,0.0,0.0,3.1649026368540945e-06,0.08392307162284851,0.22757911682128906,0.0276240985840559,0.0,0.0,0.0,0.0,0.0,0.1508791297674179,0.0,0.0,0.4976688027381897
24,14,0.0066019026562571526,7.475252459698822e-06,0.11402368545532227,0.36429134011268616,0.04840698093175888,0.0,0.0,0.0,0.0,0.0,0.1846144199371338,0.0,0.0,0.0,3.737626229849411e-06,0.05701184272766113,0.18214567005634308,0.02420349046587944,0.0,0.0,0.0,0.0,0.0,0.0369228832423687,0.0,0.0,0.30688950419425964
24,15,0.021462295204401016,6.813928393967217e-06,0.08468246459960938,0.4643270671367645,0.08073356002569199,0.0,0.0,0.0,0.0,0.0,0.524455726146698,0.0,0.0,0.0,3.4069641969836084e-06,0.04234123229980469,0.23216353356838226,0.04036678001284599,0.0,0.0,0.0,0.0,0.0,0.10489114373922348,0.0,0.0,0.44122838973999023
24,16,0.023699171841144562,1.1781295143009629e-05,0.13868415355682373,0.43773284554481506,0.06882279366254807,0.0,0.0,0.0,0.0,0.0,0.17140871286392212,0.0,0.0,0.0,5.8906475715048146e-06,0.06934207677841187,0.21886642277240753,0.03441139683127403,0.0,0.0,0.0,0.0,0.0,0.034281741827726364,0.0,0.0,0.38060668110847473
24,17,0.0051558902487158775,1.4270168321672827e-05,0.12947767972946167,0.33063486218452454,0.08532417565584183,0.0,0.0,0.0,0.0,0.0,0.11791825294494629,0.0,0.0,0.0,7.1350841608364135e-06,0.06473883986473083,0.16531743109226227,0.042662087827920914,0.0,0.0,0.0,0.0,0.0,0.023583650588989258,0.0,0.0,0.3014650344848633
24,18,0.022356102243065834,1.3973721252114046e-05,0.07165497541427612,0.35071122646331787,0.10343065857887268,0.0,0.0,0.0,0.0,0.0,0.06166946887969971,0.0,0.0,0.0,6.986860626057023e-06,0.03582748770713806,0.17535561323165894,0.05171532928943634,0.0,0.0,0.0,0.0,0.0,0.012333894148468971,0.0,0.0,0.29759541153907776
24,19,0.021824542433023453,1.4278206435847096e-05,0.07063961029052734,0.3895484209060669,0.10930393636226654,0.0,0.0,0.0,0.0,0.0,0.14460885524749756,0.0,0.0,0.0,7.139103217923548e-06,0.03531980514526367,0.19477421045303345,0.05465196818113327,0.0,0.0,0.0,0.0,0.0,0.02892177179455757,0.0,0.0,0.33549946546554565
24,20,0.0048712375573813915,1.1131313840451185e-05,0.13927137851715088,0.3617023229598999,0.13760912418365479,0.0,0.0,0.0,0.0,0.0,0.4521108567714691,0.0,0.0,0.0,5.565656920225592e-06,0.06963568925857544,0.18085116147994995,0.06880456209182739,0.0,0.0,0.0,0.0,0.0,0.09042217582464218,0.0,0.0,0.41459038853645325
24,21,0.020163675770163536,1.3501251487468835e-05,0.09698408842086792,0.2956225275993347,0.12127875536680222,0.0,0.0,0.0,0.0,0.0,0.31047871708869934,0.0,0.0,0.0,6.7506257437344175e-06,0.04849204421043396,0.14781126379966736,0.06063937768340111,0.0,0.0,0.0,0.0,0.0,0.06209574267268181,0.0,0.0,0.33920884132385254
24,22,0.014055212959647179,1.230846464750357e-05,0.13862448930740356,0.253577321767807,0.10816808044910431,0.0,0.0,0.0,0.0,0.0,0.723127543926239,0.0,0.0,0.0,6.154232323751785e-06,0.06931224465370178,0.1267886608839035,0.054084040224552155,0.0,0.0,0.0,0.0,0.0,0.14462551474571228,0.0,0.0,0.4088718295097351
24,23,0.004391900263726711,5.2506661631923635e-06,0.18459481000900269,0.4658486843109131,0.1921597570180893,0.0,0.0,0.0,0.0,0.0,0.5485777258872986,0.0,0.0,0.0,2.6253330815961817e-06,0.09229740500450134,0.23292434215545654,0.09607987850904465,0.0,0.0,0.0,0.0,0.0,0.1097155436873436,0.0,0.0,0.5354117155075073
24,24,0.004651777911931276,1.2128622984164394e-05,0.08949160575866699,0.3541410565376282,0.15042530000209808,0.0,0.0,0.0,0.0,0.0,0.42888787388801575,0.0,0.0,0.0,6.064311492082197e-06,0.044745802879333496,0.1770705282688141,0.07521265000104904,0.0,0.0,0.0,0.0,0.0,0.08577757328748703,0.0,0.0,0.38746440410614014
24,25,0.025289680808782578,7.670062586839776e-06,0.14680230617523193,0.34918972849845886,0.19969500601291656,0.0,0.0,0.0,0.0,0.0,0.4473459720611572,0.0,0.0,0.0,3.835031293419888e-06,0.07340115308761597,0.17459486424922943,0.09984750300645828,0.0,0.0,0.0,0.0,0.0,0.08946919441223145,0.0,0.0,0.4626062214374542
24,26,0.02423197776079178,1.0354345249652397e-05,0.15187084674835205,0.3300953209400177,0.17952856421470642,0.0,0.0,0.0,0.0,0.0,0.3727132976055145,0.0,0.0,0.0,5.1771726248261984e-06,0.07593542337417603,0.16504766047000885,0.08976428210735321,0.0,0.0,0.0,0.0,0.0,0.07454266399145126,0.0,0.0,0.4295271933078766
24,27,0.006015934981405735,6.685171229037223e-06,0.07510650157928467,0.2814101576805115,0.197156623005867,0.0,0.0,0.0,0.0,0.0,0.16567914187908173,0.0,0.0,0.0,3.3425856145186117e-06,0.037553250789642334,0.14070507884025574,0.0985783115029335,0.0,0.0,0.0,0.0,0.0,0.033135827630758286,0.0,0.0,0.31599175930023193
24,28,0.0947924554347992,1.0641838343872223e-05,0.182503342628479,0.3425835371017456,0.19881418347358704,0.0,0.0,0.0,0.0,0.0,0.5791443586349487,0.0,0.0,0.0,5.3209191719361115e-06,0.0912516713142395,0.1712917685508728,0.09940709173679352,0.0,0.0,0.0,0.0,0.0,0.11582887172698975,0.0,0.0,0.572577178478241
24,29,0.08890338242053986,1.095065726985922e-05,0.05139583349227905,0.4699985682964325,0.2452346384525299,0.0,0.0,0.0,0.0,0.0,0.3838493227958679,0.0,0.0,0.0,5.47532863492961e-06,0.025697916746139526,0.23499928414821625,0.12261731922626495,0.0,0.0,0.0,0.0,0.0,0.0767698660492897,0.0,0.0,0.5489932894706726
24,30,0.15963643789291382,5.168290499568684e-06,0.03670543432235718,0.26710245013237,0.23126843571662903,0.0,0.0,0.0,0.0,0.0,0.4742434322834015,0.0,0.0,0.0,2.584145249784342e-06,0.01835271716117859,0.133551225066185,0.11563421785831451,0.0,0.0,0.0,0.0,0.0,0.09484868496656418,0.0,0.0,0.5220258831977844
24,31,0.08251463621854782,1.1860620361403562e-05,0.06241750717163086,0.2970733940601349,0.1663220226764679,0.0,0.0,0.0,0.0,0.0,0.476723849773407,0.0,0.0,0.0,5.930310180701781e-06,0.03120875358581543,0.14853669703006744,0.08316101133823395,0.0,0.0,0.0,0.0,0.0,0.09534477442502975,0.0,0.0,0.44077181816101074
24,32,0.08061496913433075,1.5055908988870215e-05,0.033017635345458984,0.32704591751098633,0.22746363282203674,0.0,0.0,0.0,0.0,0.0,0.10130167007446289,0.0,0.0,0.0,7.527954494435107e-06,0.016508817672729492,0.16352295875549316,0.11373181641101837,0.0,0.0,0.0,0.0,0.0,0.020260334014892578,0.0,0.0,0.39464640617370605
24,33,0.054413944482803345,6.698500783386407e-06,0.06290626525878906,0.21574223041534424,0.20039141178131104,0.0,0.0,0.0,0.0,0.0,0.11159771680831909,0.0,0.0,0.0,3.3492503916932037e-06,0.03145313262939453,0.10787111520767212,0.10019570589065552,0.0,0.0,0.0,0.0,0.0,0.022319544106721878,0.0,0.0,0.3162568211555481
24,34,0.0272417813539505,3.4112513276340906e-06,0.07981586456298828,0.24780301749706268,0.19053968787193298,0.0,0.0,0.0,0.0,0.0,0.32562318444252014,0.0,0.0,0.0,1.7056256638170453e-06,0.03990793228149414,0.12390150874853134,0.09526984393596649,0.0,0.0,0.0,0.0,0.0,0.06512463837862015,0.0,0.0,0.3514474034309387
24,35,0.02725079096853733,9.649200364947319e-06,0.04702496528625488,0.20965047180652618,0.18589270114898682,0.0,0.0,0.0,0.0,0.0,0.2979666292667389,0.0,0.0,0.0,4.8246001824736595e-06,0.02351248264312744,0.10482523590326309,0.09294635057449341,0.0,0.0,0.0,0.0,0.0,0.0595933273434639,0.0,0.0,0.30813300609588623
24,36,0.005893673747777939,1.2152424460509792e-05,0.024420499801635742,0.290211021900177,0.21209853887557983,0.0,0.0,0.0,0.0,0.0,0.19343560934066772,0.0,0.0,0.0,6.076212230254896e-06,0.012210249900817871,0.1451055109500885,0.10604926943778992,0.0,0.0,0.0,0.0,0.0,0.038687121123075485,0.0,0.0,0.3079518973827362
24,37,0.008226407691836357,1.1017225006071385e-05,0.06799888610839844,0.2578158378601074,0.25823071599006653,0.0,0.0,0.0,0.0,0.0,0.6071362495422363,0.0,0.0,0.0,5.5086125030356925e-06,0.03399944305419922,0.1289079189300537,0.12911535799503326,0.0,0.0,0.0,0.0,0.0,0.1214272528886795,0.0,0.0,0.42168188095092773
24,38,0.007447036448866129,1.0536994523135945e-05,0.15900176763534546,0.2684832513332367,0.27731844782829285,0.0,0.0,0.0,0.0,0.0,0.32301077246665955,0.0,0.0,0.0,5.268497261567973e-06,0.07950088381767273,0.13424162566661835,0.13865922391414642,0.0,0.0,0.0,0.0,0.0,0.06460215896368027,0.0,0.0,0.4244562089443207
24,39,0.007255339529365301,1.506798707850976e-05,0.06338715553283691,0.2796843647956848,0.25371772050857544,0.0,0.0,0.0,0.0,0.0,0.2837168574333191,0.0,0.0,0.0,7.53399353925488e-06,0.03169357776641846,0.1398421823978424,0.12685886025428772,0.0,0.0,0.0,0.0,0.0,0.05674337223172188,0.0,0.0,0.3624008893966675
24,40,0.0357259102165699,1.0680973900889512e-05,0.08032584190368652,0.2391122281551361,0.26647135615348816,0.0,0.0,0.0,0.0,0.0,0.2328026294708252,0.0,0.0,0.0,5.340486950444756e-06,0.04016292095184326,0.11955611407756805,0.13323567807674408,0.0,0.0,0.0,0.0,0.0,0.04656052589416504,0.0,0.0,0.37524649500846863
24,41,0.010788668878376484,1.034058823279338e-05,0.08818203210830688,0.30680736899375916,0.2577788233757019,0.0,0.0,0.0,0.0,0.0,0.3928006589412689,0.0,0.0,0.0,5.17029411639669e-06,0.04409101605415344,0.15340368449687958,0.12888941168785095,0.0,0.0,0.0,0.0,0.0,0.07856013625860214,0.0,0.0,0.4157380759716034
24,42,0.007322716526687145,7.4055556069652084e-06,0.03567683696746826,0.1425042748451233,0.18544916808605194,0.0,0.0,0.0,0.0,0.0,0.21985101699829102,0.0,0.0,0.0,3.7027778034826042e-06,0.01783841848373413,0.07125213742256165,0.09272458404302597,0.0,0.0,0.0,0.0,0.0,0.04397020488977432,0.0,0.0,0.23311176896095276
24,43,0.010034320876002312,1.2663442248594947e-05,0.07541906833648682,0.19774498045444489,0.15047743916511536,0.0,0.0,0.0,0.0,0.0,0.34326255321502686,0.0,0.0,0.0,6.331721124297474e-06,0.03770953416824341,0.09887249022722244,0.07523871958255768,0.0,0.0,0.0,0.0,0.0,0.06865251064300537,0.0,0.0,0.29051390290260315
24,44,0.010411997325718403,7.521334282500902e-06,0.08268594741821289,0.19098323583602905,0.2243085652589798,0.0,0.0,0.0,0.0,0.0,0.47495076060295105,0.0,0.0,0.0,3.760667141250451e-06,0.041342973709106445,0.09549161791801453,0.1121542826294899,0.0,0.0,0.0,0.0,0.0,0.09499015659093857,0.0,0.0,0.354394793510437
24,45,0.009469478391110897,3.404721155675361e-06,0.03525698184967041,0.17946520447731018,0.24686196446418762,0.0,0.0,0.0,0.0,0.0,0.3259734809398651,0.0,0.0,0.0,1.7023605778376805e-06,0.017628490924835205,0.08973260223865509,0.12343098223209381,0.0,0.0,0.0,0.0,0.0,0.06519469618797302,0.0,0.0,0.3054579496383667
24,46,0.009754031896591187,8.326511306222528e-06,0.02467525005340576,0.18365687131881714,0.13225814700126648,0.0,0.0,0.0,0.0,0.0,0.39039501547813416,0.0,0.0,0.0,4.163255653111264e-06,0.01233762502670288,0.09182843565940857,0.06612907350063324,0.0,0.0,0.0,0.0,0.0,0.07807900756597519,0.0,0.0,0.25813233852386475
24,47,0.013412448577582836,5.743025212723296e-06,0.06890791654586792,0.1378677487373352,0.15123043954372406,0.0,0.0,0.0,0.0,0.0,0.2994951605796814,0.0,0.0,0.0,2.871512606361648e-06,0.03445395827293396,0.0689338743686676,0.07561521977186203,0.0,0.0,0.0,0.0,0.0,0.05989903211593628,0.0,0.0,0.2523173987865448
24,48,0.012035218998789787,8.170822184183635e-06,0.06553041934967041,0.1746753752231598,0.16429772973060608,0.0,0.0,0.0,0.0,0.0,0.49474072456359863,0.0,0.0,0.0,4.085411092091817e-06,0.032765209674835205,0.0873376876115799,0.08214886486530304,0.0,0.0,0.0,0.0,0.0,0.09894814342260361,0.0,0.0,0.3132392168045044
24,49,0.01098285336047411,7.760349035379477e-06,0.030885040760040283,0.16408073902130127,0.21204406023025513,0.0,0.0,0.0,0.0,0.0,0.1156817078590393,0.0,0.0,0.0,3.880174517689738e-06,0.015442520380020142,0.08204036951065063,0.10602203011512756,0.0,0.0,0.0,0.0,0.0,0.02313634194433689,0.0,0.0,0.2376279979944229
24,50,0.017263861373066902,5.903690180275589e-06,0.03969442844390869,0.15343329310417175,0.18208971619606018,0.0,0.0,0.0,0.0,0.0,0.45989060401916504,0.0,0.0,0.0,2.9518450901377946e-06,0.019847214221954346,0.07671664655208588,0.09104485809803009,0.0,0.0,0.0,0.0,0.0,0.09197812527418137,0.0,0.0,0.2968536615371704
24,51,0.017622889950871468,1.9538520064088516e-06,0.0590897798538208,0.11413297057151794,0.1121513620018959,0.0,0.0,0.0,0.0,0.0,0.10727322101593018,0.0,0.0,0.0,9.769260032044258e-07,0.0295448899269104,0.05706648528575897,0.05607568100094795,0.0,0.0,0.0,0.0,0.0,0.021454645320773125,0.0,0.0,0.1817655712366104
24,52,0.015335443429648876,3.8236671571212355e-06,0.028721749782562256,0.09232848882675171,0.1534568965435028,0.0,0.0,0.0,0.0,0.0,0.1338258683681488,0.0,0.0,0.0,1.9118335785606178e-06,0.014360874891281128,0.046164244413375854,0.0767284482717514,0.0,0.0,0.0,0.0,0.0,0.02676517330110073,0.0,0.0,0.17935609817504883
24,53,0.015060831792652607,5.654219876305433e-06,0.03787726163864136,0.11161187291145325,0.1080530509352684,0.0,0.0,0.0,0.0,0.0,0.28199779987335205,0.0,0.0,0.0,2.8271099381527165e-06,0.01893863081932068,0.055805936455726624,0.0540265254676342,0.0,0.0,0.0,0.0,0.0,0.05639956146478653,0.0,0.0,0.2002343237400055
24,54,0.015096137300133705,2.992757345054997e-06,0.09484541416168213,0.37371987104415894,0.24065110087394714,0.0,0.0,0.0,0.0,0.0,0.6178833842277527,0.0,0.0,0.0,1.4963786725274986e-06,0.047422707080841064,0.18685993552207947,0.12032555043697357,0.0,0.0,0.0,0.0,0.0,0.12357667833566666,0.0,0.0,0.4932824969291687
24,55,0.025903305038809776,6.006723197060637e-06,0.02773761749267578,0.1120741069316864,0.1268766075372696,0.0,0.0,0.0,0.0,0.0,0.06989157199859619,0.0,0.0,0.0,3.0033615985303186e-06,0.01386880874633789,0.0560370534658432,0.0634383037686348,0.0,0.0,0.0,0.0,0.0,0.013978314585983753,0.0,0.0,0.17322878539562225
24,56,0.027818303555250168,6.474842393799918e-06,0.04993551969528198,0.1429128646850586,0.0877506285905838,0.0,0.0,0.0,0.0,0.0,0.11356937885284424,0.0,0.0,0.0,3.237421196899959e-06,0.02496775984764099,0.0714564323425293,0.0438753142952919,0.0,0.0,0.0,0.0,0.0,0.022713875398039818,0.0,0.0,0.1908349096775055
24,57,0.02775481902062893,2.4694563762750477e-06,0.024810731410980225,0.08493369817733765,0.04060634598135948,0.0,0.0,0.0,0.0,0.0,0.13675671815872192,0.0,0.0,0.0,1.2347281881375238e-06,0.012405365705490112,0.04246684908866882,0.02030317299067974,0.0,0.0,0.0,0.0,0.0,0.027351344004273415,0.0,0.0,0.13028278946876526
24,58,0.015604783780872822,6.217107511474751e-06,0.02620464563369751,0.10253459215164185,-0.020033564418554306,0.0,0.0,0.0,0.0,0.0,0.29595184326171875,0.0,0.0,0.0,3.1085537557373755e-06,0.013102322816848755,0.05126729607582092,-0.010016782209277153,0.0,0.0,0.0,0.0,0.0,0.05919037014245987,0.0,0.0,0.1291511058807373
24,59,0.031397417187690735,4.801996510650497e-06,0.02492368221282959,0.115750253200531,0.0748516395688057,0.0,0.0,0.0,0.0,0.0,0.17871516942977905,0.0,0.0,0.0,2.4009982553252485e-06,0.012461841106414795,0.0578751266002655,0.03742581978440285,0.0,0.0,0.0,0.0,0.0,0.03574303537607193,0.0,0.0,0.17490562796592712
24,60,0.020961102098226547,4.262107722752262e-06,0.02588707208633423,0.08762040734291077,0.09102580696344376,0.0,0.0,0.0,0.0,0.0,0.13327646255493164,0.0,0.0,0.0,2.131053861376131e-06,0.012943536043167114,0.04381020367145538,0.04551290348172188,0.0,0.0,0.0,0.0,0.0,0.0266552921384573,0.0,0.0,0.1498851627111435
24,61,0.027343755587935448,7.0879777922527865e-06,0.03586113452911377,0.1017787754535675,0.076112300157547,0.0,0.0,0.0,0.0,0.0,0.09230548143386841,0.0,0.0,0.0,3.5439888961263932e-06,0.017930567264556885,0.05088938772678375,0.0380561500787735,0.0,0.0,0.0,0.0,0.0,0.01846109703183174,0.0,0.0,0.15268449485301971
24,62,0.015236636623740196,2.2931246803636895e-06,0.021307766437530518,0.08844128251075745,0.04029066488146782,0.0,0.0,0.0,0.0,0.0,0.11069077253341675,0.0,0.0,0.0,1.1465623401818448e-06,0.010653883218765259,0.04422064125537872,0.02014533244073391,0.0,0.0,0.0,0.0,0.0,0.02213815413415432,0.0,0.0,0.11239579319953918
24,63,0.04108371213078499,5.12647966388613e-06,0.02922797203063965,0.112926185131073,0.02799561619758606,0.0,0.0,0.0,0.0,0.0,0.14563791453838348,0.0,0.0,0.0,2.563239831943065e-06,0.014613986015319824,0.0564630925655365,0.01399780809879303,0.0,0.0,0.0,0.0,0.0,0.029127582907676697,0.0,0.0,0.15528874099254608
24,64,0.016070976853370667,7.838722922315355e-06,0.06788957118988037,0.14410603046417236,0.08588440716266632,0.0,0.0,0.0,0.0,0.0,0.38159382343292236,0.0,0.0,0.0,3.919361461157678e-06,0.033944785594940186,0.07205301523208618,0.04294220358133316,0.0,0.0,0.0,0.0,0.0,0.07631876319646835,0.0,0.0,0.24133366346359253
24,65,0.03055080771446228,2.8196186576678883e-06,0.024524331092834473,0.09807270765304565,0.023702021688222885,0.0,0.0,0.0,0.0,0.0,0.13218843936920166,0.0,0.0,0.0,1.4098093288339442e-06,0.012262165546417236,0.04903635382652283,0.011851010844111443,0.0,0.0,0.0,0.0,0.0,0.02643768861889839,0.0,0.0,0.13013944029808044
24,66,0.019600778818130493,3.0362082270585233e-06,0.021833360195159912,0.12484464049339294,-0.00646340474486351,0.0,0.0,0.0,0.0,0.0,0.4048965871334076,0.0,0.0,0.0,1.5181041135292617e-06,0.010916680097579956,0.06242232024669647,-0.003231702372431755,0.0,0.0,0.0,0.0,0.0,0.08097931742668152,0.0,0.0,0.1706889122724533
24,67,0.0211607925593853,7.993009603524115e-06,0.024118423461914062,0.09710580110549927,0.059809327125549316,0.0,0.0,0.0,0.0,0.0,0.29319730401039124,0.0,0.0,0.0,3.9965048017620575e-06,0.012059211730957031,0.048552900552749634,0.029904663562774658,0.0,0.0,0.0,0.0,0.0,0.058639463037252426,0.0,0.0,0.1703210324048996
24,68,0.025709321722388268,4.962868729307957e-07,0.02763843536376953,0.07337278127670288,-0.020849648863077164,0.0,0.0,0.0,0.0,0.0,0.17083430290222168,0.0,0.0,0.0,2.481434364653978e-07,0.013819217681884766,0.03668639063835144,-0.010424824431538582,0.0,0.0,0.0,0.0,0.0,0.034166861325502396,0.0,0.0,0.09995721280574799
24,69,0.019767461344599724,3.926899807993323e-06,0.030820846557617188,0.08927705883979797,0.10782060027122498,0.0,0.0,0.0,0.0,0.0,0.0,0.0,0.0,0.0,1.9634499039966613e-06,0.015410423278808594,0.04463852941989899,0.05391030013561249,0.0,0.0,0.0,0.0,0.0,0.0,0.0,0.0,0.13372868299484253
24,70,0.02475072629749775,1.0493133686395595e-06,0.028207361698150635,0.09195086359977722,0.03644753247499466,0.0,0.0,0.0,0.0,0.0,0.1412968635559082,0.0,0.0,0.0,5.246566843197797e-07,0.014103680849075317,0.04597543179988861,0.01822376623749733,0.0,0.0,0.0,0.0,0.0,0.02825937233865261,0.0,0.0,0.1313135027885437
24,71,0.01978369429707527,4.511946826823987e-06,0.020099937915802002,0.10545611381530762,-0.06234804540872574,0.0,0.0,0.0,0.0,0.0,0.15804529190063477,0.0,0.0,0.0,2.2559734134119935e-06,0.010049968957901001,0.05272805690765381,-0.03117402270436287,0.0,0.0,0.0,0.0,0.0,0.03160905838012695,0.0,0.0,0.08299900591373444
24,72,0.021214842796325684,2.4283904167532455e-06,0.04687643051147461,0.12694165110588074,0.018508754670619965,0.0,0.0,0.0,0.0,0.0,0.34312355518341064,0.0,0.0,0.0,1.2141952083766228e-06,0.023438215255737305,0.06347082555294037,0.009254377335309982,0.0,0.0,0.0,0.0,0.0,0.06862471252679825,0.0,0.0,0.18600419163703918
24,73,0.022863183170557022,3.906559868482873e-06,0.06732279062271118,0.08163416385650635,0.021466176956892014,0.0,0.0,0.0,0.0,0.0,0.15407752990722656,0.0,0.0,0.0,1.9532799342414364e-06,0.03366139531135559,0.040817081928253174,0.010733088478446007,0.0,0.0,0.0,0.0,0.0,0.030815506353974342,0.0,0.0,0.13889221847057343
24,74,0.024723175913095474,2.340083028684603e-06,0.07321023941040039,0.08361616730690002,0.06991580128669739,0.0,0.0,0.0,0.0,0.0,0.09896862506866455,0.0,0.0,0.0,1.1700415143423015e-06,0.036605119705200195,0.04180808365345001,0.034957900643348694,0.0,0.0,0.0,0.0,0.0,0.01979372464120388,0.0,0.0,0.15788917243480682
24,75,0.01847853884100914,1.1992962072326918e-06,0.03276193141937256,0.08279427886009216,0.05360274016857147,0.0,0.0,0.0,0.0,0.0,0.098777174949646,0.0,0.0,0.0,5.996481036163459e-07,0.01638096570968628,0.04139713943004608,0.026801370084285736,0.0,0.0,0.0,0.0,0.0,0.01975543610751629,0.0,0.0,0.12281405180692673
24,76,0.017489444464445114,7.773921311127197e-07,0.02454930543899536,0.07903239130973816,-0.0013833828270435333,0.0,0.0,0.0,0.0,0.0,0.1230362057685852,0.0,0.0,0.0,3.8869606555635983e-07,0.01227465271949768,0.03951619565486908,-0.0006916914135217667,0.0,0.0,0.0,0.0,0.0,0.02460724115371704,0.0,0.0,0.09319623559713364
24,77,0.020378971472382545,8.572764613745676e-07,0.018867850303649902,0.05483141541481018,0.07246944308280945,0.0,0.0,0.0,0.0,0.0,0.10738825798034668,0.0,0.0,0.0,4.286382306872838e-07,0.009433925151824951,0.02741570770740509,0.036234721541404724,0.0,0.0,0.0,0.0,0.0,0.021477652713656425,0.0,0.0,0.11494141072034836
24,78,0.021872851997613907,1.4651987839897629e-05,0.06670159101486206,0.17261990904808044,0.019349273294210434,0.0,0.0,0.0,0.0,0.0,0.151262566447258,0.0,0.0,0.0,7.3259939199488144e-06,0.03335079550743103,0.08630995452404022,0.009674636647105217,0.0,0.0,0.0,0.0,0.0,0.03025251440703869,0.0,0.0,0.18146808445453644
24,79,0.023467546328902245,4.153864210820757e-06,0.02065044641494751,0.10466811060905457,0.06520123779773712,0.0,0.0,0.0,0.0,0.0,0.2910218834877014,0.0,0.0,0.0,2.0769321054103784e-06,0.010325223207473755,0.05233405530452728,0.03260061889886856,0.0,0.0,0.0,0.0,0.0,0.05820437893271446,0.0,0.0,0.1769338995218277
24,80,0.016641603782773018,2.243294602521928e-06,0.08213794231414795,0.12341269850730896,-0.011529223993420601,0.0,0.0,0.0,0.0,0.0,0.11461234092712402,0.0,0.0,0.0,1.121647301260964e-06,0.041068971157073975,0.06170634925365448,-0.0057646119967103004,0.0,0.0,0.0,0.0,0.0,0.022922469303011894,0.0,0.0,0.13657590746879578
24,81,0.018516559153795242,2.1553694296017056e-06,0.016382038593292236,0.0776452124118805,0.00816824845969677,0.0,0.0,0.0,0.0,0.0,0.10127890110015869,0.0,0.0,0.0,1.0776847148008528e-06,0.008191019296646118,0.03882260620594025,0.004084124229848385,0.0,0.0,0.0,0.0,0.0,0.02025577984750271,0.0,0.0,0.08987116813659668
24,82,0.018011998385190964,1.638857838770491e-06,0.04874235391616821,0.07213258743286133,0.033276334404945374,0.0,0.0,0.0,0.0,0.0,0.1873423308134079,0.0,0.0,0.0,8.194289193852455e-07,0.024371176958084106,0.036066293716430664,0.016638167202472687,0.0,0.0,0.0,0.0,0.0,0.03746846690773964,0.0,0.0,0.13255693018436432
24,83,0.021935997530817986,6.5117005760839675e-06,0.0864037275314331,0.12175321578979492,0.06117328256368637,0.0,0.0,0.0,0.0,0.0,0.454923152923584,0.0,0.0,0.0,3.2558502880419837e-06,0.04320186376571655,0.06087660789489746,0.030586641281843185,0.0,0.0,0.0,0.0,0.0,0.09098463505506516,0.0,0.0,0.24758899211883545
24,84,0.021829187870025635,3.0166511351126246e-06,0.016964256763458252,0.09770560264587402,0.03679598495364189,0.0,0.0,0.0,0.0,0.0,0.13252508640289307,0.0,0.0,0.0,1.5083255675563123e-06,0.008482128381729126,0.04885280132293701,0.018397992476820946,0.0,0.0,0.0,0.0,0.0,0.026505017653107643,0.0,0.0,0.12406863272190094
24,85,0.01526063121855259,1.5531788903899724e-06,0.026801884174346924,0.09182778000831604,-0.033121202141046524,0.0,0.0,0.0,0.0,0.0,0.3106893002986908,0.0,0.0,0.0,7.765894451949862e-07,0.013400942087173462,0.04591389000415802,-0.016560601070523262,0.0,0.0,0.0,0.0,0.0,0.06213786080479622,0.0,0.0,0.1201535016298294
24,86,0.01876084879040718,1.803004693101684e-06,0.032123684883117676,0.0842619240283966,0.025753460824489594,0.0,0.0,0.0,0.0,0.0,0.15664665400981903,0.0,0.0,0.0,9.01502346550842e-07,0.016061842441558838,0.0421309620141983,0.012876730412244797,0.0,0.0,0.0,0.0,0.0,0.031329330056905746,0.0,0.0,0.12116062641143799
24,87,0.018488958477973938,4.626259851647774e-06,0.03895360231399536,0.11632305383682251,-0.04666157066822052,0.0,0.0,0.0,0.0,0.0,0.3627415597438812,0.0,0.0,0.0,2.313129925823887e-06,0.01947680115699768,0.058161526918411255,-0.02333078533411026,0.0,0.0,0.0,0.0,0.0,0.07254831492900848,0.0,0.0,0.14534711837768555
24,88,0.01909140683710575,1.0485648545000004e-06,0.04023265838623047,0.07598122954368591,0.023183166980743408,0.0,0.0,0.0,0.0,0.0,0.12336260080337524,0.0,0.0,0.0,5.242824272500002e-07,0.020116329193115234,0.03799061477184296,0.011591583490371704,0.0,0.0,0.0,0.0,0.0,0.02467252127826214,0.0,0.0,0.11346298456192017
24,89,0.017826978117227554,6.683071660518181e-06,0.08352398872375488,0.09835416078567505,0.04732528701424599,0.0,0.0,0.0,0.0,0.0,0.15541988611221313,0.0,0.0,0.0,3.3415358302590903e-06,0.04176199436187744,0.049177080392837524,0.023662643507122993,0.0,0.0,0.0,0.0,0.0,0.031083976849913597,0.0,0.0,0.16351601481437683
24,90,0.018300270661711693,3.534772986313328e-06,0.019031226634979248,0.06888794898986816,0.022243482992053032,0.0,0.0,0.0,0.0,0.0,0.09624870866537094,0.0,0.0,0.0,1.767386493156664e-06,0.009515613317489624,0.03444397449493408,0.011121741496026516,0.0,0.0,0.0,0.0,0.0,0.019249742850661278,0.0,0.0,0.09263311326503754
24,91,0.017037253826856613,4.278221240383573e-06,0.017289161682128906,0.06902116537094116,0.04346858710050583,0.0,0.0,0.0,0.0,0.0,0.2617620825767517,0.0,0.0,0.0,2.1391106201917864e-06,0.008644580841064453,0.03451058268547058,0.021734293550252914,0.0,0.0,0.0,0.0,0.0,0.0523524172604084,0.0,0.0,0.13428126275539398
24,92,0.0206805020570755,1.167792288470082e-05,0.0479201078414917,0.1048644483089447,-0.02536020427942276,0.0,0.0,0.0,0.0,0.0,0.15329879522323608,0.0,0.0,0.0,5.83896144235041e-06,0.02396005392074585,0.05243222415447235,-0.01268010213971138,0.0,0.0,0.0,0.0,0.0,0.030659759417176247,0.0,0.0,0.1150582805275917
24,93,0.017660824581980705,2.4470282369293272e-06,0.021992862224578857,0.09969460964202881,-0.012154623866081238,0.0,0.0,0.0,0.0,0.0,0.11423281580209732,0.0,0.0,0.0,1.2235141184646636e-06,0.010996431112289429,0.049847304821014404,-0.006077311933040619,0.0,0.0,0.0,0.0,0.0,0.022846562787890434,0.0,0.0,0.09527503699064255
24,94,0.016633057966828346,3.3883925425470807e-06,0.06305861473083496,0.07412081956863403,0.02332284301519394,0.0,0.0,0.0,0.0,0.0,0.19418883323669434,0.0,0.0,0.0,1.6941962712735403e-06,0.03152930736541748,0.03706040978431702,0.01166142150759697,0.0,0.0,0.0,0.0,0.0,0.03883776813745499,0.0,0.0,0.13572365045547485
24,95,0.020725509151816368,3.417427933527506e-06,0.022236168384552002,0.08553057909011841,0.04976896196603775,0.0,0.0,0.0,0.0,0.0,0.18357443809509277,0.0,0.0,0.0,1.708713966763753e-06,0.011118084192276001,0.042765289545059204,0.024884480983018875,0.0,0.0,0.0,0.0,0.0,0.036714889109134674,0.0,0.0,0.13620996475219727
24,96,0.016772335395216942,2.185184030167875e-06,0.1233375072479248,0.09994697570800781,0.07684141397476196,0.0,0.0,0.0,0.0,0.0,0.0,0.0,0.0,0.0,1.0925920150839374e-06,0.0616687536239624,0.049973487854003906,0.03842070698738098,0.0,0.0,0.0,0.0,0.0,0.0,0.0,0.0,0.16683638095855713
24,97,0.018041836097836494,6.554811079695355e-06,0.02595078945159912,0.07635843753814697,0.0017597116529941559,0.0,0.0,0.0,0.0,0.0,0.22765499353408813,0.0,0.0,0.0,3.2774055398476776e-06,0.01297539472579956,0.038179218769073486,0.0008798558264970779,0.0,0.0,0.0,0.0,0.0,0.045531000941991806,0.0,0.0,0.11561058461666107
24,98,0.021051956340670586,1.662637941990397e-06,0.03984755277633667,0.10310667753219604,-0.010521752759814262,0.0,0.0,0.0,0.0,0.0,0.07141602039337158,0.0,0.0,0.0,8.313189709951985e-07,0.019923776388168335,0.05155333876609802,-0.005260876379907131,0.0,0.0,0.0,0.0,0.0,0.014283204451203346,0.0,0.0,0.10155222564935684
24,99,0.015808716416358948,2.5081092189793708e-06,0.02290654182434082,0.07262963056564331,0.013956960290670395,0.0,0.0,0.0,0.0,0.0,0.10438549518585205,0.0,0.0,0.0,1.2540546094896854e-06,0.01145327091217041,0.036314815282821655,0.0069784801453351974,0.0,0.0,0.0,0.0,0.0,0.02087709866464138,0.0,0.0,0.09143363684415817
24,100,0.018200216814875603,9.460267733629735e-07,0.03246051073074341,0.10337632894515991,0.01399942860007286,0.0,0.0,0.0,0.0,0.0,0.16979455947875977,0.0,0.0,0.0,4.7301338668148674e-07,0.016230255365371704,0.051688164472579956,0.00699971430003643,0.0,0.0,0.0,0.0,0.0,0.03395891189575195,0.0,0.0,0.12707772850990295
25,1,0.023015903308987617,1.2927488569403067e-05,0.17861813306808472,0.7401473522186279,0.001966092735528946,0.0,0.0,0.0,0.0,0.0,0.6597013473510742,0.0,0.0,0.0,6.463744284701534e-06,0.08930906653404236,0.37007367610931396,0.000983046367764473,0.0,0.0,0.0,0.0,0.0,0.13194027543067932,0.0,0.0,0.6153284311294556
25,2,0.023732010275125504,1.0033792023023125e-05,0.17357385158538818,0.5896356701850891,0.006419752724468708,0.0,0.0,0.0,0.0,0.0,0.35326385498046875,0.0,0.0,0.0,5.016896011511562e-06,0.08678692579269409,0.29481783509254456,0.003209876362234354,0.0,0.0,0.0,0.0,0.0,0.07065277546644211,0.0,0.0,0.4792044758796692
25,3,0.0033051813952624798,1.2180455087218434e-05,0.14887619018554688,0.4806538224220276,0.00034851208329200745,0.0,0.0,0.0,0.0,0.0,0.15314221382141113,0.0,0.0,0.0,6.090227543609217e-06,0.07443809509277344,0.2403269112110138,0.00017425604164600372,0.0,0.0,0.0,0.0,0.0,0.030628442764282227,0.0,0.0,0.34887897968292236
25,4,0.0030031511560082436,8.674885975779034e-06,0.13779997825622559,0.5204229950904846,0.000627102330327034,0.0,0.0,0.0,0.0,0.0,0.5032910704612732,0.0,0.0,0.0,4.337442987889517e-06,0.06889998912811279,0.2602114975452423,0.000313551165163517,0.0,0.0,0.0,0.0,0.0,0.10065821558237076,0.0,0.0,0.4330907464027405
25,5,0.020628497004508972,1.1239963896514382e-05,0.13482123613357544,0.4055725038051605,-0.006400857586413622,0.0,0.0,0.0,0.0,0.0,0.2275141477584839,0.0,0.0,0.0,5.619981948257191e-06,0.06741061806678772,0.20278625190258026,-0.003200428793206811,0.0,0.0,0.0,0.0,0.0,0.04550283029675484,0.0,0.0,0.33313336968421936
25,6,0.020294804126024246,9.742220754560549e-06,0.09612023830413818,0.3756939470767975,0.00031626620329916477,0.0,0.0,0.0,0.0,0.0,0.64199298620224,0.0,0.0,0.0,4.871110377280274e-06,0.04806011915206909,0.18784697353839874,0.00015813310164958239,0.0,0.0,0.0,0.0,0.0,0.128398597240448,0.0,0.0,0.3847634792327881
25,7,0.003605929668992758,1.271258315682644e-05,0.17527806758880615,0.44296079874038696,0.0025839153677225113,0.0,0.0,0.0,0.0,0.0,0.5637748837471008,0.0,0.0,0.0,6.35629157841322e-06,0.08763903379440308,0.22148039937019348,0.0012919576838612556,0.0,0.0,0.0,0.0,0.0,0.11275497823953629,0.0,0.0,0.426778644323349
25,8,0.0229598730802536,6.820676844654372e-06,0.17775219678878784,0.6324925422668457,0.0010023184586316347,0.0,0.0,0.0,0.0,0.0,0.0,0.0,0.0,0.0,3.410338422327186e-06,0.08887609839439392,0.31624627113342285,0.0005011592293158174,0.0,0.0,0.0,0.0,0.0,0.0,0.0,0.0,0.42858681082725525
25,9,0.02305690571665764,1.10276978375623e-05,0.07418781518936157,0.2953852117061615,0.017454970628023148,0.0,0.0,0.0,0.0,0.0,0.37733256816864014,0.0,0.0,0.0,5.51384891878115e-06,0.037093907594680786,0.14769260585308075,0.008727485314011574,0.0,0.0,0.0,0.0,0.0,0.07546651363372803,0.0,0.0,0.29204294085502625
25,10,0.023314671590924263,1.0270290658809245e-05,0.22664445638656616,0.4807147681713104,0.024229731410741806,0.0,0.0,0.0,0.0,0.0,0.637499213218689,0.0,0.0,0.0,5.135145329404622e-06,0.11332222819328308,0.2403573840856552,0.012114865705370903,0.0,0.0,0.0,0.0,0.0,0.12749984860420227,0.0,0.0,0.5166141390800476
25,11,0.027103206142783165,9.478250831307378e-06,0.0637241005897522,0.33919864892959595,0.027178121730685234,0.0,0.0,0.0,0.0,0.0,0.37190306186676025,0.0,0.0,0.0,4.739125415653689e-06,0.0318620502948761,0.16959932446479797,0.013589060865342617,0.0,0.0,0.0,0.0,0.0,0.07438061386346817,0.0,0.0,0.3165389895439148
25,12,0.01969439908862114,9.746532668941654e-06,0.14231431484222412,0.38936156034469604,0.040011726319789886,0.0,0.0,0.0,0.0,0.0,0.7245979905128479,0.0,0.0,0.0,4.873266334470827e-06,0.07115715742111206,0.19468078017234802,0.020005863159894943,0.0,0.0,0.0,0.0,0.0,0.14491960406303406,0.0,0.0,0.45046266913414
25,13,0.0032716095447540283,1.0789824955281802e-05,0.16274869441986084,0.38804131746292114,0.04629785194993019,0.0,0.0,0.0,0.0,0.0,0.7075828313827515,0.0,0.0,0.0,5.394912477640901e-06,0.08137434720993042,0.19402065873146057,0.023148925974965096,0.0,0.0,0.0,0.0,0.0,0.1415165662765503,0.0,0.0,0.44333750009536743
25,14,0.003882513614371419,1.134270405600546e-05,0.11049258708953857,0.3748585879802704,0.04321092739701271,0.0,0.0,0.0,0.0,0.0,0.2473137378692627,0.0,0.0,0.0,5.67135202800273e-06,0.05524629354476929,0.1874292939901352,0.021605463698506355,0.0,0.0,0.0,0.0,0.0,0.04946274682879448,0.0,0.0,0.3176319897174835
25,15,0.02038968726992607,1.1035514944524039e-05,0.07444250583648682,0.3868146240711212,0.06980153173208237,0.0,0.0,0.0,0.0,0.0,0.5187535285949707,0.0,0.0,0.0,5.517757472262019e-06,0.03722125291824341,0.1934073120355606,0.034900765866041183,0.0,0.0,0.0,0.0,0.0,0.10375070571899414,0.0,0.0,0.38967522978782654
25,16,0.021330567076802254,1.3058654985798057e-05,0.12469983100891113,0.3842094838619232,0.05452365428209305,0.0,0.0,0.0,0.0,0.0,0.19084709882736206,0.0,0.0,0.0,6.529327492899029e-06,0.062349915504455566,0.1921047419309616,0.027261827141046524,0.0,0.0,0.0,0.0,0.0,0.03816942125558853,0.0,0.0,0.34122300148010254
25,17,0.0034264097921550274,9.392691026732791e-06,0.12539976835250854,0.2916770875453949,0.07445819675922394,0.0,0.0,0.0,0.0,0.0,0.11689531803131104,0.0,0.0,0.0,4.696345513366396e-06,0.06269988417625427,0.14583854377269745,0.03722909837961197,0.0,0.0,0.0,0.0,0.0,0.023379063233733177,0.0,0.0,0.2725776731967926
25,18,0.021799977868795395,1.1124397133244202e-05,0.06851851940155029,0.324359655380249,0.0926293209195137,0.0,0.0,0.0,0.0,0.0,0.06327331066131592,0.0,0.0,0.0,5.562198566622101e-06,0.034259259700775146,0.1621798276901245,0.04631466045975685,0.0,0.0,0.0,0.0,0.0,0.012654662132263184,0.0,0.0,0.2772139608860016
25,19,0.022143717855215073,1.5069768778630532e-05,0.07294166088104248,0.3913201689720154,0.10724007338285446,0.0,0.0,0.0,0.0,0.0,0.146747887134552,0.0,0.0,0.0,7.534884389315266e-06,0.03647083044052124,0.1956600844860077,0.05362003669142723,0.0,0.0,0.0,0.0,0.0,0.02934957854449749,0.0,0.0,0.33725178241729736
25,20,0.003374238731339574,1.4348047443490941e-05,0.11673778295516968,0.42385852336883545,0.12377898395061493,0.0,0.0,0.0,0.0,0.0,0.47028660774230957,0.0,0.0,0.0,7.1740237217454705e-06,0.05836889147758484,0.21192926168441772,0.061889491975307465,0.0,0.0,0.0,0.0,0.0,0.09405732154846191,0.0,0.0,0.42962637543678284
25,21,0.027451643720269203,1.3531594959204085e-05,0.08970916271209717,0.26439231634140015,0.10511504113674164,0.0,0.0,0.0,0.0,0.0,0.47705313563346863,0.0,0.0,0.0,6.765797479602043e-06,0.044854581356048584,0.13219615817070007,0.05255752056837082,0.0,0.0,0.0,0.0,0.0,0.09541063010692596,0.0,0.0,0.3524773120880127
25,22,0.021926317363977432,6.529393886012258e-06,0.11565041542053223,0.23452186584472656,0.07626805454492569,0.0,0.0,0.0,0.0,0.0,0.5341072678565979,0.0,0.0,0.0,3.264696943006129e-06,0.05782520771026611,0.11726093292236328,0.038134027272462845,0.0,0.0,0.0,0.0,0.0,0.1068214550614357,0.0,0.0,0.341971218585968
25,23,0.02340940199792385,2.8033809940097854e-06,0.14518028497695923,0.385407418012619,0.145178884267807,0.0,0.0,0.0,0.0,0.0,0.5156344771385193,0.0,0.0,0.0,1.4016904970048927e-06,0.07259014248847961,0.1927037090063095,0.0725894421339035,0.0,0.0,0.0,0.0,0.0,0.1031268984079361,0.0,0.0,0.46442097425460815
25,24,0.004120177589356899,8.735067240195349e-06,0.07956129312515259,0.324934184551239,0.1413145661354065,0.0,0.0,0.0,0.0,0.0,0.419664204120636,0.0,0.0,0.0,4.3675336200976744e-06,0.039780646562576294,0.1624670922756195,0.07065728306770325,0.0,0.0,0.0,0.0,0.0,0.08393283933401108,0.0,0.0,0.3609624207019806
25,25,0.02213536575436592,8.372438969672658e-06,0.09736120700836182,0.27415749430656433,0.15335822105407715,0.0,0.0,0.0,0.0,0.0,0.42058002948760986,0.0,0.0,0.0,4.186219484836329e-06,0.04868060350418091,0.13707874715328217,0.07667911052703857,0.0,0.0,0.0,0.0,0.0,0.08411600440740585,0.0,0.0,0.3686940371990204
25,26,0.01242897380143404,1.1118356269435026e-05,0.1434333324432373,0.2831744849681854,0.16767534613609314,0.0,0.0,0.0,0.0,0.0,0.35382696986198425,0.0,0.0,0.0,5.559178134717513e-06,0.07171666622161865,0.1415872424840927,0.08383767306804657,0.0,0.0,0.0,0.0,0.0,0.07076539844274521,0.0,0.0,0.380341500043869
25,27,0.006612162105739117,5.706798674509628e-06,0.06772065162658691,0.24753208458423615,0.1735946536064148,0.0,0.0,0.0,0.0,0.0,0.17719586193561554,0.0,0.0,0.0,2.853399337254814e-06,0.03386032581329346,0.12376604229211807,0.0867973268032074,0.0,0.0,0.0,0.0,0.0,0.03543917462229729,0.0,0.0,0.2864778935909271
25,28,0.04093179851770401,4.114444891456515e-06,0.16568344831466675,0.2590571939945221,0.16088764369487762,0.0,0.0,0.0,0.0,0.0,0.2640748620033264,0.0,0.0,0.0,2.0572224457282573e-06,0.08284172415733337,0.12952859699726105,0.08044382184743881,0.0,0.0,0.0,0.0,0.0,0.052814971655607224,0.0,0.0,0.3865629732608795
25,29,0.012243751436471939,7.455513241438894e-06,0.050851285457611084,0.24460598826408386,0.18266132473945618,0.0,0.0,0.0,0.0,0.0,0.43949249386787415,0.0,0.0,0.0,3.727756620719447e-06,0.025425642728805542,0.12230299413204193,0.09133066236972809,0.0,0.0,0.0,0.0,0.0,0.08789850026369095,0.0,0.0,0.339205265045166
25,30,0.02822769060730934,2.8355377708066953e-06,0.03805208206176758,0.2311086654663086,0.18800178170204163,0.0,0.0,0.0,0.0,0.0,0.17861789464950562,0.0,0.0,0.0,1.4177688854033477e-06,0.01902604103088379,0.1155543327331543,0.09400089085102081,0.0,0.0,0.0,0.0,0.0,0.03572357818484306,0.0,0.0,0.2925339341163635
25,31,0.01736476644873619,1.369961682939902e-05,0.05513185262680054,0.2658694088459015,0.15614308416843414,0.0,0.0,0.0,0.0,0.0,0.4233086109161377,0.0,0.0,0.0,6.84980841469951e-06,0.02756592631340027,0.13293470442295074,0.07807154208421707,0.0,0.0,0.0,0.0,0.0,0.08466172218322754,0.0,0.0,0.3406054973602295
25,32,0.02543955110013485,7.75189164414769e-06,0.04608386754989624,0.2137388288974762,0.17178499698638916,0.0,0.0,0.0,0.0,0.0,0.11747968196868896,0.0,0.0,0.0,3.875945822073845e-06,0.02304193377494812,0.1068694144487381,0.08589249849319458,0.0,0.0,0.0,0.0,0.0,0.023495936766266823,0.0,0.0,0.26474320888519287
25,33,0.010354293510317802,3.095321972068632e-06,0.054805874824523926,0.17330026626586914,0.1774996668100357,0.0,0.0,0.0,0.0,0.0,0.11564946174621582,0.0,0.0,0.0,1.547660986034316e-06,0.027402937412261963,0.08665013313293457,0.08874983340501785,0.0,0.0,0.0,0.0,0.0,0.023129893466830254,0.0,0.0,0.2362886518239975
25,34,0.02677120268344879,4.890285254077753e-06,0.06724739074707031,0.22198517620563507,0.21125614643096924,0.0,0.0,0.0,0.0,0.0,0.36226263642311096,0.0,0.0,0.0,2.4451426270388765e-06,0.033623695373535156,0.11099258810281754,0.10562807321548462,0.0,0.0,0.0,0.0,0.0,0.07245253026485443,0.0,0.0,0.3494705557823181
25,35,0.021954284980893135,9.19208559935214e-06,0.0378190279006958,0.15621575713157654,0.137550950050354,0.0,0.0,0.0,0.0,0.0,0.2705439031124115,0.0,0.0,0.0,4.59604279967607e-06,0.0189095139503479,0.07810787856578827,0.068775475025177,0.0,0.0,0.0,0.0,0.0,0.05410877987742424,0.0,0.0,0.2418605238199234
25,36,0.009527647867798805,1.0038289474323392e-05,0.034732937812805176,0.2466915249824524,0.1383877396583557,0.0,0.0,0.0,0.0,0.0,0.22810882329940796,0.0,0.0,0.0,5.019144737161696e-06,0.017366468906402588,0.1233457624912262,0.06919386982917786,0.0,0.0,0.0,0.0,0.0,0.04562176391482353,0.0,0.0,0.26506051421165466
25,37,0.026980608701705933,6.551113528985297e-06,0.06218808889389038,0.19380205869674683,0.1941492259502411,0.0,0.0,0.0,0.0,0.0,0.29137611389160156,0.0,0.0,0.0,3.2755567644926487e-06,0.03109404444694519,0.09690102934837341,0.09707461297512054,0.0,0.0,0.0,0.0,0.0,0.05827522277832031,0.0,0.0,0.31032878160476685
25,38,0.02456412836909294,5.642905307468027e-06,0.12843012809753418,0.18092676997184753,0.21914663910865784,0.0,0.0,0.0,0.0,0.0,0.268485426902771,0.0,0.0,0.0,2.8214526537340134e-06,0.06421506404876709,0.09046338498592377,0.10957331955432892,0.0,0.0,0.0,0.0,0.0,0.05369708687067032,0.0,0.0,0.3425157964229584
25,39,0.008117860183119774,9.281430720875505e-06,0.03311872482299805,0.17588528990745544,0.18383024632930756,0.0,0.0,0.0,0.0,0.0,0.12961941957473755,0.0,0.0,0.0,4.640715360437753e-06,0.016559362411499023,0.08794264495372772,0.09191512316465378,0.0,0.0,0.0,0.0,0.0,0.02592388354241848,0.0,0.0,0.23046350479125977
25,40,0.05896812677383423,5.398432676884113e-06,0.04540520906448364,0.1343703269958496,0.1764560341835022,0.0,0.0,0.0,0.0,0.0,0.27547764778137207,0.0,0.0,0.0,2.6992163384420564e-06,0.02270260453224182,0.0671851634979248,0.0882280170917511,0.0,0.0,0.0,0.0,0.0,0.05509553104639053,0.0,0.0,0.29218214750289917
25,41,0.011194727383553982,4.589570835378254e-06,0.028222084045410156,0.13738122582435608,0.1505337357521057,0.0,0.0,0.0,0.0,0.0,0.14561891555786133,0.0,0.0,0.0,2.294785417689127e-06,0.014111042022705078,0.06869061291217804,0.07526686787605286,0.0,0.0,0.0,0.0,0.0,0.029123783111572266,0.0,0.0,0.19838932156562805
25,42,0.025297069922089577,2.6436919142724946e-06,0.03874850273132324,0.11710315942764282,0.11852557212114334,0.0,0.0,0.0,0.0,0.0,0.19722968339920044,0.0,0.0,0.0,1.3218459571362473e-06,0.01937425136566162,0.05855157971382141,0.05926278606057167,0.0,0.0,0.0,0.0,0.0,0.03944593667984009,0.0,0.0,0.20193295180797577
25,43,0.029042601585388184,1.6485400919918902e-05,0.07850104570388794,0.15718641877174377,0.1117759719491005,0.0,0.0,0.0,0.0,0.0,0.1926674097776413,0.0,0.0,0.0,8.242700459959451e-06,0.03925052285194397,0.07859320938587189,0.05588798597455025,0.0,0.0,0.0,0.0,0.0,0.03853348270058632,0.0,0.0,0.2413160353899002
25,44,0.027620553970336914,7.761608685541432e-06,0.06054419279098511,0.1456817090511322,0.15519049763679504,0.0,0.0,0.0,0.0,0.0,0.33309322595596313,0.0,0.0,0.0,3.880804342770716e-06,0.030272096395492554,0.0728408545255661,0.07759524881839752,0.0,0.0,0.0,0.0,0.0,0.06661864370107651,0.0,0.0,0.2749512791633606
25,45,0.03396217152476311,2.1827204363944475e-06,0.02282339334487915,0.09887993335723877,0.11825010180473328,0.0,0.0,0.0,0.0,0.0,0.2356841117143631,0.0,0.0,0.0,1.0913602181972237e-06,0.011411696672439575,0.049439966678619385,0.05912505090236664,0.0,0.0,0.0,0.0,0.0,0.0471368245780468,0.0,0.0,0.20107680559158325
25,46,0.020655527710914612,6.851776561234146e-06,0.01927173137664795,0.11405527591705322,0.07425868511199951,0.0,0.0,0.0,0.0,0.0,0.39455974102020264,0.0,0.0,0.0,3.425888280617073e-06,0.009635865688323975,0.05702763795852661,0.037129342555999756,0.0,0.0,0.0,0.0,0.0,0.07891195267438889,0.0,0.0,0.20336374640464783
25,47,0.0501076877117157,6.662830401182873e-06,0.03616267442703247,0.08425593376159668,0.11727722734212875,0.0,0.0,0.0,0.0,0.0,0.13584095239639282,0.0,0.0,0.0,3.3314152005914366e-06,0.018081337213516235,0.04212796688079834,0.05863861367106438,0.0,0.0,0.0,0.0,0.0,0.027168190106749535,0.0,0.0,0.19612711668014526
25,48,0.013726526871323586,4.062208972754888e-06,0.05167055130004883,0.09824123978614807,0.06021591275930405,0.0,0.0,0.0,0.0,0.0,0.3305710554122925,0.0,0.0,0.0,2.031104486377444e-06,0.025835275650024414,0.049120619893074036,0.030107956379652023,0.0,0.0,0.0,0.0,0.0,0.06611420959234238,0.0,0.0,0.18490663170814514
25,49,0.04370109736919403,1.004979458230082e-05,0.03584223985671997,0.16259008646011353,0.09305348992347717,0.0,0.0,0.0,0.0,0.0,0.12199819087982178,0.0,0.0,0.0,5.02489729115041e-06,0.017921119928359985,0.08129504323005676,0.046526744961738586,0.0,0.0,0.0,0.0,0.0,0.024399638175964355,0.0,0.0,0.21384866535663605
25,50,0.02066233567893505,3.9758529055689e-06,0.05111056566238403,0.11107337474822998,0.10007067769765854,0.0,0.0,0.0,0.0,0.0,0.4302341938018799,0.0,0.0,0.0,1.98792645278445e-06,0.025555282831192017,0.05553668737411499,0.05003533884882927,0.0,0.0,0.0,0.0,0.0,0.08604683727025986,0.0,0.0,0.237838476896286
25,51,0.03907015174627304,2.615823404994444e-06,0.03863787651062012,0.09912499785423279,0.05183659866452217,0.0,0.0,0.0,0.0,0.0,0.11396976560354233,0.0,0.0,0.0,1.307911702497222e-06,0.01931893825531006,0.049562498927116394,0.025918299332261086,0.0,0.0,0.0,0.0,0.0,0.022793954238295555,0.0,0.0,0.1566651463508606
25,52,0.03173515573143959,6.930112704139901e-06,0.031200110912322998,0.09421035647392273,0.06653031706809998,0.0,0.0,0.0,0.0,0.0,0.19904041290283203,0.0,0.0,0.0,3.4650563520699507e-06,0.015600055456161499,0.047105178236961365,0.03326515853404999,0.0,0.0,0.0,0.0,0.0,0.039808083325624466,0.0,0.0,0.16751709580421448
25,53,0.01192927360534668,9.817131285672076e-06,0.07248282432556152,0.17593145370483398,-0.018919888883829117,0.0,0.0,0.0,0.0,0.0,0.8388364315032959,0.0,0.0,0.0,4.908565642836038e-06,0.03624141216278076,0.08796572685241699,-0.009459944441914558,0.0,0.0,0.0,0.0,0.0,0.16776728630065918,0.0,0.0,0.2944486737251282
25,54,0.010885216295719147,1.6420133761130273e-05,0.05798375606536865,0.27228423953056335,0.050919074565172195,0.0,0.0,0.0,0.0,0.0,0.5379709005355835,0.0,0.0,0.0,8.210066880565137e-06,0.028991878032684326,0.13614211976528168,0.025459537282586098,0.0,0.0,0.0,0.0,0.0,0.10759418457746506,0.0,0.0,0.30908113718032837
25,55,0.02903447113931179,1.3864893844584003e-05,0.06280893087387085,0.13029387593269348,0.005542967468500137,0.0,0.0,0.0,0.0,0.0,0.07297658920288086,0.0,0.0,0.0,6.9324469222920015e-06,0.031404465436935425,0.06514693796634674,0.0027714837342500687,0.0,0.0,0.0,0.0,0.0,0.014595317654311657,0.0,0.0,0.1429595947265625
25,56,0.026748493313789368,6.985420441196766e-06,0.04262852668762207,0.12039938569068909,0.04422738030552864,0.0,0.0,0.0,0.0,0.0,0.11508262157440186,0.0,0.0,0.0,3.492710220598383e-06,0.021314263343811035,0.06019969284534454,0.02211369015276432,0.0,0.0,0.0,0.0,0.0,0.02301652543246746,0.0,0.0,0.15339615941047668
25,57,0.026039665564894676,4.314437319408171e-06,0.022790849208831787,0.08409538865089417,0.001023765653371811,0.0,0.0,0.0,0.0,0.0,0.19520127773284912,0.0,0.0,0.0,2.1572186597040854e-06,0.011395424604415894,0.04204769432544708,0.0005118828266859055,0.0,0.0,0.0,0.0,0.0,0.039040256291627884,0.0,0.0,0.11903707683086395
25,58,0.026318613439798355,6.392740488081472e-06,0.024012625217437744,0.09103822708129883,0.01503634825348854,0.0,0.0,0.0,0.0,0.0,0.3240935206413269,0.0,0.0,0.0,3.196370244040736e-06,0.012006312608718872,0.045519113540649414,0.00751817412674427,0.0,0.0,0.0,0.0,0.0,0.06481870263814926,0.0,0.0,0.1561841070652008
25,59,0.01100236363708973,7.786271453369409e-06,0.029552578926086426,0.13478299975395203,0.014723151922225952,0.0,0.0,0.0,0.0,0.0,0.17405515909194946,0.0,0.0,0.0,3.893135726684704e-06,0.014776289463043213,0.06739149987697601,0.007361575961112976,0.0,0.0,0.0,0.0,0.0,0.03481103107333183,0.0,0.0,0.1353466510772705
25,60,0.026300901547074318,3.929941613023402e-06,0.025619864463806152,0.08838045597076416,0.06219349429011345,0.0,0.0,0.0,0.0,0.0,0.13553285598754883,0.0,0.0,0.0,1.964970806511701e-06,0.012809932231903076,0.04419022798538208,0.031096747145056725,0.0,0.0,0.0,0.0,0.0,0.027106571942567825,0.0,0.0,0.1415063440799713
25,61,0.008508916944265366,6.4397127061965875e-06,0.046749114990234375,0.09887376427650452,0.0898544117808342,0.0,0.0,0.0,0.0,0.0,0.1065247654914856,0.0,0.0,0.0,3.2198563530982938e-06,0.023374557495117188,0.04943688213825226,0.0449272058904171,0.0,0.0,0.0,0.0,0.0,0.02130495384335518,0.0,0.0,0.14755573868751526
25,62,0.025846946984529495,3.803449999395525e-06,0.018895864486694336,0.08163946866989136,0.010250214487314224,0.0,0.0,0.0,0.0,0.0,0.10234105587005615,0.0,0.0,0.0,1.9017249996977625e-06,0.009447932243347168,0.04081973433494568,0.005125107243657112,0.0,0.0,0.0,0.0,0.0,0.0204682108014822,0.0,0.0,0.10170983523130417
25,63,0.009520431980490685,1.0760079931060318e-05,0.03059518337249756,0.13555386662483215,0.009078903123736382,0.0,0.0,0.0,0.0,0.0,0.1698673516511917,0.0,0.0,0.0,5.380039965530159e-06,0.01529759168624878,0.06777693331241608,0.004539451561868191,0.0,0.0,0.0,0.0,0.0,0.03397347033023834,0.0,0.0,0.13111326098442078
25,64,0.024792436510324478,7.5730858952738345e-06,0.06624108552932739,0.16127371788024902,0.08296582847833633,0.0,0.0,0.0,0.0,0.0,0.35437285900115967,0.0,0.0,0.0,3.7865429476369172e-06,0.033120542764663696,0.08063685894012451,0.04148291423916817,0.0,0.0,0.0,0.0,0.0,0.07087457180023193,0.0,0.0,0.2509111166000366
25,65,0.02849802002310753,2.5390213522769045e-06,0.027953505516052246,0.087033212184906,0.03746699541807175,0.0,0.0,0.0,0.0,0.0,0.09732121229171753,0.0,0.0,0.0,1.2695106761384523e-06,0.013976752758026123,0.043516606092453,0.018733497709035873,0.0,0.0,0.0,0.0,0.0,0.019464243203401566,0.0,0.0,0.12419039011001587
25,66,0.008362922817468643,2.9350862860155758e-06,0.026215851306915283,0.11556142568588257,0.009377910755574703,0.0,0.0,0.0,0.0,0.0,0.3514033854007721,0.0,0.0,0.0,1.4675431430077879e-06,0.013107925653457642,0.057780712842941284,0.004688955377787352,0.0,0.0,0.0,0.0,0.0,0.07028067857027054,0.0,0.0,0.15422266721725464
25,67,0.026761973276734352,3.7986649203958223e-06,0.03455239534378052,0.07892477512359619,0.03407447040081024,0.0,0.0,0.0,0.0,0.0,0.20945806801319122,0.0,0.0,0.0,1.8993324601979111e-06,0.01727619767189026,0.039462387561798096,0.01703723520040512,0.0,0.0,0.0,0.0,0.0,0.041891615837812424,0.0,0.0,0.14243130385875702
25,68,0.028987020254135132,9.758566648088163e-07,0.02411109209060669,0.061709076166152954,0.028178634122014046,0.0,0.0,0.0,0.0,0.0,0.14100492000579834,0.0,0.0,0.0,4.879283324044081e-07,0.012055546045303345,0.030854538083076477,0.014089317061007023,0.0,0.0,0.0,0.0,0.0,0.028200984001159668,0.0,0.0,0.11418789625167847
25,69,0.009838755242526531,6.452787602029275e-06,0.01945960521697998,0.09561988711357117,0.035519473254680634,0.0,0.0,0.0,0.0,0.0,0.0,0.0,0.0,0.0,3.2263938010146376e-06,0.00972980260848999,0.047809943556785583,0.017759736627340317,0.0,0.0,0.0,0.0,0.0,0.0,0.0,0.0,0.08514146506786346
25,70,0.028528908267617226,1.5562302451144205e-06,0.02478015422821045,0.07080960273742676,0.04207505285739899,0.0,0.0,0.0,0.0,0.0,0.12386220693588257,0.0,0.0,0.0,7.781151225572103e-07,0.012390077114105225,0.03540480136871338,0.021037526428699493,0.0,0.0,0.0,0.0,0.0,0.024772441014647484,0.0,0.0,0.12213453650474548
25,71,0.009067771025002003,1.5507272337345057e-06,0.03613072633743286,0.0751015841960907,0.003091513179242611,0.0,0.0,0.0,0.0,0.0,0.15283194184303284,0.0,0.0,0.0,7.753636168672529e-07,0.01806536316871643,0.03755079209804535,0.0015457565896213055,0.0,0.0,0.0,0.0,0.0,0.030566388741135597,0.0,0.0,0.09679684787988663
25,72,0.02779577299952507,4.894015546597075e-06,0.04280787706375122,0.11907219886779785,0.03711901232600212,0.0,0.0,0.0,0.0,0.0,0.3464285731315613,0.0,0.0,0.0,2.4470077732985374e-06,0.02140393853187561,0.059536099433898926,0.01855950616300106,0.0,0.0,0.0,0.0,0.0,0.06928571313619614,0.0,0.0,0.19658347964286804
25,73,0.027799999341368675,5.691834758181358e-06,0.067965567111969,0.08317214250564575,0.041804950684309006,0.0,0.0,0.0,0.0,0.0,0.1770186871290207,0.0,0.0,0.0,2.845917379090679e-06,0.0339827835559845,0.041586071252822876,0.020902475342154503,0.0,0.0,0.0,0.0,0.0,0.03540373966097832,0.0,0.0,0.1596779227256775
25,74,0.009683008305728436,6.8683020799653605e-06,0.08488202095031738,0.0988042950630188,0.041019827127456665,0.0,0.0,0.0,0.0,0.0,0.09932345151901245,0.0,0.0,0.0,3.4341510399826802e-06,0.04244101047515869,0.0494021475315094,0.020509913563728333,0.0,0.0,0.0,0.0,0.0,0.01986469142138958,0.0,0.0,0.14190420508384705
25,75,0.02727937139570713,4.427157819009153e-06,0.025183916091918945,0.07997637987136841,0.06324782222509384,0.0,0.0,0.0,0.0,0.0,0.10306763648986816,0.0,0.0,0.0,2.2135789095045766e-06,0.012591958045959473,0.039988189935684204,0.03162391111254692,0.0,0.0,0.0,0.0,0.0,0.020613526925444603,0.0,0.0,0.13209916651248932
25,76,0.007854199036955833,1.5590167095069773e-06,0.017135322093963623,0.06744182109832764,0.02235906757414341,0.0,0.0,0.0,0.0,0.0,0.12084561586380005,0.0,0.0,0.0,7.795083547534887e-07,0.008567661046981812,0.03372091054916382,0.011179533787071705,0.0,0.0,0.0,0.0,0.0,0.02416912280023098,0.0,0.0,0.08549220860004425
25,77,0.02701992727816105,2.1529235709749628e-06,0.013994932174682617,0.05801472067832947,0.046169914305210114,0.0,0.0,0.0,0.0,0.0,0.237748920917511,0.0,0.0,0.0,1.0764617854874814e-06,0.006997466087341309,0.029007360339164734,0.023084957152605057,0.0,0.0,0.0,0.0,0.0,0.0475497841835022,0.0,0.0,0.13366056978702545
25,78,0.027965109795331955,1.4002990610606503e-05,0.058535873889923096,0.17996624112129211,0.017980653792619705,0.0,0.0,0.0,0.0,0.0,0.12831954658031464,0.0,0.0,0.0,7.001495305303251e-06,0.029267936944961548,0.08998312056064606,0.008990326896309853,0.0,0.0,0.0,0.0,0.0,0.025663910433650017,0.0,0.0,0.18187741935253143
25,79,0.012371737509965897,3.671696731544216e-06,0.020922422409057617,0.09770157933235168,0.040168844163417816,0.0,0.0,0.0,0.0,0.0,0.3007412552833557,0.0,0.0,0.0,1.835848365772108e-06,0.010461211204528809,0.04885078966617584,0.020084422081708908,0.0,0.0,0.0,0.0,0.0,0.06014825031161308,0.0,0.0,0.15191824734210968
25,80,0.015242666006088257,3.916652076441096e-06,0.10691320896148682,0.12830263376235962,0.025932911783456802,0.0,0.0,0.0,0.0,0.0,0.10662287473678589,0.0,0.0,0.0,1.958326038220548e-06,0.05345660448074341,0.06415131688117981,0.012966455891728401,0.0,0.0,0.0,0.0,0.0,0.021324574947357178,0.0,0.0,0.1671435832977295
25,81,0.009321889840066433,2.603559323688387e-06,0.013215184211730957,0.06835469603538513,0.022637706249952316,0.0,0.0,0.0,0.0,0.0,0.0712781548500061,0.0,0.0,0.0,1.3017796618441935e-06,0.0066075921058654785,0.034177348017692566,0.011318853124976158,0.0,0.0,0.0,0.0,0.0,0.014255630783736706,0.0,0.0,0.0756826102733612
25,82,0.012283490970730782,1.0663525245035999e-06,0.05425703525543213,0.06176409125328064,0.04023087024688721,0.0,0.0,0.0,0.0,0.0,0.1464981585741043,0.0,0.0,0.0,5.331762622517999e-07,0.027128517627716064,0.03088204562664032,0.020115435123443604,0.0,0.0,0.0,0.0,0.0,0.029299631714820862,0.0,0.0,0.11970965564250946
25,83,0.011650142259895802,2.0398106244101655e-06,0.06543779373168945,0.0893966555595398,0.036771729588508606,0.0,0.0,0.0,0.0,0.0,0.2753841280937195,0.0,0.0,0.0,1.0199053122050827e-06,0.03271889686584473,0.0446983277797699,0.018385864794254303,0.0,0.0,0.0,0.0,0.0,0.055076826363801956,0.0,0.0,0.1625310778617859
25,84,0.011843259446322918,2.4969649530248716e-06,0.021284520626068115,0.07099923491477966,0.0366213284432888,0.0,0.0,0.0,0.0,0.0,0.149358332157135,0.0,0.0,0.0,1.2484824765124358e-06,0.010642260313034058,0.03549961745738983,0.0183106642216444,0.0,0.0,0.0,0.0,0.0,0.029871666803956032,0.0,0.0,0.1061687171459198
25,85,0.0072692884132266045,8.706803669156216e-07,0.026639223098754883,0.07135149836540222,0.007319890893995762,0.0,0.0,0.0,0.0,0.0,0.22154729068279266,0.0,0.0,0.0,4.353401834578108e-07,0.013319611549377441,0.03567574918270111,0.003659945446997881,0.0,0.0,0.0,0.0,0.0,0.04430945962667465,0.0,0.0,0.1042344868183136
25,86,0.009015759453177452,1.5144988765314338e-06,0.0287400484085083,0.0724208652973175,0.039522863924503326,0.0,0.0,0.0,0.0,0.0,0.1433742791414261,0.0,0.0,0.0,7.572494382657169e-07,0.01437002420425415,0.03621043264865875,0.019761431962251663,0.0,0.0,0.0,0.0,0.0,0.028674855828285217,0.0,0.0,0.10803326219320297
25,87,0.008248971775174141,7.469328920706175e-06,0.022374987602233887,0.12449976801872253,-0.010224545374512672,0.0,0.0,0.0,0.0,0.0,0.3621586263179779,0.0,0.0,0.0,3.7346644603530876e-06,0.011187493801116943,0.06224988400936127,-0.005112272687256336,0.0,0.0,0.0,0.0,0.0,0.07243172824382782,0.0,0.0,0.14900954067707062
25,88,0.008340684697031975,1.6605209793851827e-06,0.025895774364471436,0.05986940860748291,0.036550700664520264,0.0,0.0,0.0,0.0,0.0,0.12176895141601562,0.0,0.0,0.0,8.302604896925914e-07,0.012947887182235718,0.029934704303741455,0.018275350332260132,0.0,0.0,0.0,0.0,0.0,0.024353791028261185,0.0,0.0,0.09385325014591217
25,89,0.007896444760262966,5.787349891761551e-06,0.05962854623794556,0.0818261206150055,0.059401605278253555,0.0,0.0,0.0,0.0,0.0,0.11996901035308838,0.0,0.0,0.0,2.8936749458807753e-06,0.02981427311897278,0.04091306030750275,0.029700802639126778,0.0,0.0,0.0,0.0,0.0,0.023993803188204765,0.0,0.0,0.13232126832008362
25,90,0.007877315394580364,2.0773984488187125e-06,0.017671823501586914,0.05304211378097534,0.04496545344591141,0.0,0.0,0.0,0.0,0.0,0.07562649250030518,0.0,0.0,0.0,1.0386992244093562e-06,0.008835911750793457,0.02652105689048767,0.022482726722955704,0.0,0.0,0.0,0.0,0.0,0.015125298872590065,0.0,0.0,0.08084335178136826
25,91,0.007517731748521328,3.577609732019482e-06,0.01597142219543457,0.055179089307785034,0.042554520070552826,0.0,0.0,0.0,0.0,0.0,0.24856406450271606,0.0,0.0,0.0,1.788804866009741e-06,0.007985711097717285,0.027589544653892517,0.021277260035276413,0.0,0.0,0.0,0.0,0.0,0.04971281439065933,0.0,0.0,0.11408484727144241
25,92,0.00793849304318428,2.9594443731184583e-06,0.02360004186630249,0.06985688209533691,0.019829778000712395,0.0,0.0,0.0,0.0,0.0,0.14379602670669556,0.0,0.0,0.0,1.4797221865592292e-06,0.011800020933151245,0.03492844104766846,0.009914889000356197,0.0,0.0,0.0,0.0,0.0,0.02875920571386814,0.0,0.0,0.09334252774715424
25,93,0.0076407864689826965,2.1438297608256107e-06,0.014320015907287598,0.07426983118057251,0.01011529192328453,0.0,0.0,0.0,0.0,0.0,0.10313697904348373,0.0,0.0,0.0,1.0719148804128054e-06,0.007160007953643799,0.037134915590286255,0.005057645961642265,0.0,0.0,0.0,0.0,0.0,0.020627396181225777,0.0,0.0,0.07762182503938675
25,94,0.007446958217769861,3.2422901767859003e-06,0.06458336114883423,0.06401655077934265,0.04301206395030022,0.0,0.0,0.0,0.0,0.0,0.14155328273773193,0.0,0.0,0.0,1.6211450883929501e-06,0.032291680574417114,0.032008275389671326,0.02150603197515011,0.0,0.0,0.0,0.0,0.0,0.028310656547546387,0.0,0.0,0.12156523019075394
25,95,0.008274834603071213,3.4210356716357637e-06,0.023981153964996338,0.08092057704925537,0.0648890882730484,0.0,0.0,0.0,0.0,0.0,0.1995455026626587,0.0,0.0,0.0,1.7105178358178819e-06,0.011990576982498169,0.040460288524627686,0.0324445441365242,0.0,0.0,0.0,0.0,0.0,0.03990910202264786,0.0,0.0,0.13308104872703552
25,96,0.007080929819494486,2.0018633222207427e-06,0.11408388614654541,0.08522158861160278,0.05957728996872902,0.0,0.0,0.0,0.0,0.0,0.0,0.0,0.0,0.0,1.0009316611103714e-06,0.057041943073272705,0.04261079430580139,0.02978864498436451,0.0,0.0,0.0,0.0,0.0,0.0,0.0,0.0,0.1365233212709427
25,97,0.0070647671818733215,3.0663875350001035e-06,0.027998685836791992,0.05930247902870178,0.018467111513018608,0.0,0.0,0.0,0.0,0.0,0.21641963720321655,0.0,0.0,0.0,1.5331937675000518e-06,0.013999342918395996,0.02965123951435089,0.009233555756509304,0.0,0.0,0.0,0.0,0.0,0.04328392818570137,0.0,0.0,0.10323436558246613
25,98,0.008231078274548054,2.00975932784786e-06,0.032800495624542236,0.09350946545600891,0.0027808398008346558,0.0,0.0,0.0,0.0,0.0,0.0685880184173584,0.0,0.0,0.0,1.00487966392393e-06,0.016400247812271118,0.046754732728004456,0.0013904199004173279,0.0,0.0,0.0,0.0,0.0,0.013717603869736195,0.0,0.0,0.08649509400129318
25,99,0.006519532762467861,3.3752567105693743e-06,0.015157103538513184,0.06427231431007385,0.043207719922065735,0.0,0.0,0.0,0.0,0.0,0.08792480081319809,0.0,0.0,0.0,1.6876283552846871e-06,0.007578551769256592,0.032136157155036926,0.021603859961032867,0.0,0.0,0.0,0.0,0.0,0.017584960907697678,0.0,0.0,0.0854247510433197
25,100,0.0070320433005690575,2.3953896288730903e-06,0.0330691933631897,0.08809539675712585,0.03019978478550911,0.0,0.0,0.0,0.0,0.0,0.1227903962135315,0.0,0.0,0.0,1.1976948144365451e-06,0.01653459668159485,0.04404769837856293,0.015099892392754555,0.0,0.0,0.0,0.0,0.0,0.02455808036029339,0.0,0.0,0.10727351158857346
