client,split,sample_index,true_class,route_class,true_ppm,phase,physical_identity,filename,repeat_id,gas,gas_code,concentration,window_start_s,window_end_s,quality_flag,samples_per_bin_mean,empty_bin_ratio,observed_ratio,short_gap_interpolated_ratio,max_missing_run,baseline_n_raw_samples,duplicate_timestamps,sampling_completeness,pred_class,H1_federated_source_ridge_ppm,prob_class_0,prob_class_1,prob_class_2,prob_class_3,confidence,route_correct,pred_84d_h1_ppm,pred_ppm,abs_error,squared_error,pred_83d_ppm,pred_83d_oracle_ppm,pred_84d_oracle_ppm,h1_ppm,h2_ppm,h3_ppm,classification_uncertainty_risk,regression_disagreement_risk,source_prior_disagreement_risk
C5,calibration,0,1,1,25.0,2,C5|B5_GCO_F010_R1.txt|1|1|25.000000|100.000000|110.000000,B5_GCO_F010_R1.txt,1,carbon_monoxide,CO,25.0,100.0,110.00000000000001,valid,20.0,0.0,1.0,0.0,0,3000,18,1.0,1,100.57922478507794,0.0018572397530078888,0.988952100276947,0.008797393180429935,0.0003933015977963805,0.988952100276947,1,25.0,25.0,0.0,0.0,25.0,25.0,25.0,100.57922478507794,250.0,250.0,0.04861215309655668,0.0,0.6640923342885425
C5,calibration,1,1,1,25.0,2,C5|B5_GCO_F010_R1.txt|1|1|25.000000|140.000000|150.000000,B5_GCO_F010_R1.txt,1,carbon_monoxide,CO,25.0,140.0,150.0,valid,20.0,0.0,1.0,0.0,0,3000,18,1.0,1,103.32571777611088,0.0003907478239852935,0.9082747101783752,0.09105834364891052,0.00027623737696558237,0.9082747101783752,1,25.0,25.0,0.0,0.0,25.0,25.0,25.0,103.32571777611088,250.0,250.0,0.22427602323973447,0.0,0.6518856987728405
C5,calibration,2,1,1,25.0,2,C5|B5_GCO_F010_R1.txt|1|1|25.000000|65.000000|75.000000,B5_GCO_F010_R1.txt,1,carbon_monoxide,CO,25.0,65.0,75.0,valid,20.0,0.0,1.0,0.0,0,3000,18,1.0,1,145.3625605948693,0.024076394736766815,0.9747961163520813,0.0009514878038316965,0.00017607260087970644,0.9747961163520813,1,25.0,25.0,0.0,0.0,25.254754706952532,25.254754706952532,25.0,145.3625605948693,250.0,250.0,0.08854313728298371,0.0011322431420112543,0.4650552862450253
C5,calibration,3,1,1,25.0,2,C5|B5_GCO_F010_R1.txt|1|1|25.000000|90.000000|100.000000,B5_GCO_F010_R1.txt,1,carbon_monoxide,CO,25.0,90.0,100.00000000000001,valid,20.0,0.0,1.0,0.0,0,3000,18,1.0,1,96.52530042769604,0.0006210925639607012,0.9879697561264038,0.011148907244205475,0.0002601536107249558,0.9879697561264038,1,28.228485715557298,28.228485715557298,3.228485715557298,10.423120015557519,26.1371528464976,26.1371528464976,28.228485715557298,96.52530042769604,250.0,250.0,0.049644020096045696,0.009294812751376438,0.6821097758769065
C5,calibration,4,1,1,25.0,2,C5|B5_GCO_F010_R2.txt|2|1|25.000000|100.000000|110.000000,B5_GCO_F010_R2.txt,2,carbon_monoxide,CO,25.0,100.0,110.00000000000001,valid,20.0,0.0,1.0,0.0,0,2996,304,1.0,1,49.58758851903144,0.004421813413500786,0.9948175549507141,0.0005469576572068036,0.00021365043357945979,0.9948175549507141,1,25.0,25.0,0.0,0.0,25.0,25.0,25.0,49.58758851903144,250.0,250.0,0.02528642091390678,0.0,0.8907218288043047
C5,calibration,5,1,1,25.0,2,C5|B5_GCO_F010_R2.txt|2|1|25.000000|115.000000|125.000000,B5_GCO_F010_R2.txt,2,carbon_monoxide,CO,25.0,115.0,125.00000000000001,valid,20.0,0.0,1.0,0.0,0,2996,304,1.0,1,51.49225106911189,0.0024287214037030935,0.9923052191734314,0.005052442196756601,0.00021353505144361407,0.9923052191734314,1,26.021387557374055,26.021387557374055,1.0213875573740552,1.043232542358539,32.34488083378125,32.34488083378125,26.021387557374055,51.49225106911189,250.0,250.0,0.03665052262110412,0.02810441456180974,0.8822566619150582
C5,calibration,6,1,1,25.0,2,C5|B5_GCO_F010_R2.txt|2|1|25.000000|120.000000|130.000000,B5_GCO_F010_R2.txt,2,carbon_monoxide,CO,25.0,120.0,130.0,valid,20.0,0.0,1.0,0.0,0,2996,304,1.0,1,55.09907336985111,0.0010499024065211415,0.9979206919670105,0.0008882248075678945,0.00014123732398729771,0.9979206919670105,1,25.0,25.0,0.0,0.0,25.0,25.0,25.0,55.09907336985111,250.0,250.0,0.012098069988373228,0.0,0.8662263405784395
C5,calibration,7,1,1,25.0,2,C5|B5_GCO_F010_R2.txt|2|1|25.000000|130.000000|140.000000,B5_GCO_F010_R2.txt,2,carbon_monoxide,CO,25.0,130.0,140.0,valid,19.82,0.0,1.0,0.0,0,2996,304,1.0,1,48.09496654214581,0.0018375206273049116,0.9962156414985657,0.0018731809686869383,7.363405165961012e-05,0.9962156414985657,1,25.0,25.0,0.0,0.0,25.0,25.0,25.0,48.09496654214581,250.0,250.0,0.020065637321330317,0.0,0.8973557042571297
C5,calibration,8,1,1,50.0,2,C5|B5_GCO_F020_R1.txt|1|1|50.000000|105.000000|115.000000,B5_GCO_F020_R1.txt,1,carbon_monoxide,CO,50.0,105.0,115.00000000000001,valid,20.0,0.0,1.0,0.0,0,3000,1,1.0,1,152.2457744220398,0.0003083562187384814,0.9450636506080627,0.05437197536230087,0.0002559939166530967,0.9450636506080627,1,55.54478228257511,55.54478228257511,5.544782282575113,30.744610561158883,55.12175703690315,55.12175703690315,55.54478228257511,152.2457744220398,250.0,250.0,0.1560527341597715,0.001880112202986513,0.43446322479093424
C5,calibration,9,1,1,50.0,2,C5|B5_GCO_F020_R1.txt|1|1|50.000000|135.000000|145.000000,B5_GCO_F020_R1.txt,1,carbon_monoxide,CO,50.0,135.0,145.0,valid,20.0,0.0,1.0,0.0,0,3000,1,1.0,1,152.60369125677056,0.00037591817090287805,0.7832727432250977,0.2159876972436905,0.0003636913897935301,0.7832727432250977,1,53.760182599793154,53.760182599793154,3.760182599793154,14.138973183787204,55.510820789753396,55.510820789753396,53.760182599793154,152.60369125677056,250.0,250.0,0.43271495401859283,0.007780614177601074,0.43287248330324196
C5,calibration,10,1,1,50.0,2,C5|B5_GCO_F020_R1.txt|1|1|50.000000|160.000000|170.000000,B5_GCO_F020_R1.txt,1,carbon_monoxide,CO,50.0,160.0,170.0,valid,20.0,0.0,1.0,0.0,0,3000,1,1.0,1,25.0,0.0014724611537531018,0.9921844601631165,0.005876563955098391,0.0004664583539124578,0.9921844601631165,1,48.28406316887413,48.28406316887413,1.7159368311258731,2.944439208414303,48.55031259254706,48.55031259254706,48.28406316887413,25.0,250.0,250.0,0.036897720547143624,0.001183330771879696,1.0
C5,calibration,11,1,1,50.0,2,C5|B5_GCO_F020_R1.txt|1|1|50.000000|75.000000|85.000000,B5_GCO_F020_R1.txt,1,carbon_monoxide,CO,50.0,75.0,85.00000000000001,valid,20.0,0.0,1.0,0.0,0,3000,1,1.0,1,173.23824783693794,0.0022038009483367205,0.9966318011283875,0.0010379337472841144,0.00012656541366595775,0.9966318011283875,1,51.23725061229925,51.23725061229925,1.237250612299249,1.5307890776348667,50.42141585270015,50.42141585270015,51.23725061229925,173.23824783693794,250.0,250.0,0.01811409774741791,0.003625932264884884,0.34116334294694245
C5,calibration,12,1,1,50.0,2,C5|B5_GCO_F020_R2.txt|2|1|50.000000|105.000000|115.000000,B5_GCO_F020_R2.txt,2,carbon_monoxide,CO,50.0,105.0,115.00000000000001,valid,19.94,0.0,1.0,0.0,0,2996,16,1.0,1,127.52419815320513,0.0008953909273259342,0.998197615146637,0.0007816567667759955,0.00012528490333352238,0.998197615146637,1,52.561260452966195,52.561260452966195,2.561260452966195,6.560055107928599,48.79000255207973,48.79000255207973,52.561260452966195,127.52419815320513,250.0,250.0,0.010677788926656741,0.01676114622616208,0.5443368970968661
C5,calibration,13,1,1,50.0,2,C5|B5_GCO_F020_R2.txt|2|1|50.000000|60.000000|70.000000,B5_GCO_F020_R2.txt,2,carbon_monoxide,CO,50.0,60.0,70.0,valid,20.0,0.0,1.0,0.0,0,2996,16,1.0,1,141.146620295854,0.0036543875467032194,0.9960188269615173,0.00017948557797353715,0.00014717942394781858,0.9960188269615173,1,54.60867695855475,54.60867695855475,4.608676958554753,21.239903308313487,50.85182351026464,50.85182351026464,54.60867695855475,141.146620295854,250.0,250.0,0.01971288084644272,0.01669712643684496,0.4837927986850933
C5,calibration,14,1,1,50.0,2,C5|B5_GCO_F020_R2.txt|2|1|50.000000|80.000000|90.000000,B5_GCO_F020_R2.txt,2,carbon_monoxide,CO,50.0,80.0,90.00000000000001,valid,20.0,0.0,1.0,0.0,0,2996,16,1.0,1,118.23342724115145,0.0019184870179742575,0.9976552724838257,0.00024193468561861664,0.00018435071979183704,0.9976552724838257,1,51.82799352886181,51.82799352886181,1.8279935288618105,3.341560341560655,49.66486329813284,49.66486329813284,51.82799352886181,118.23342724115145,250.0,250.0,0.012943985053210752,0.009613912136573187,0.5856292122615492
C5,calibration,15,1,1,50.0,2,C5|B5_GCO_F020_R2.txt|2|1|50.000000|95.000000|105.000000,B5_GCO_F020_R2.txt,2,carbon_monoxide,CO,50.0,95.0,105.00000000000001,valid,20.0,0.0,1.0,0.0,0,2996,16,1.0,1,119.721048692963,0.0012632631696760654,0.9981111288070679,0.0004672712821047753,0.00015837105456739664,0.9981111288070679,1,46.48415762068012,46.48415762068012,3.515842379319878,12.36114763622166,43.767338755124456,43.767338755124456,46.48415762068012,119.721048692963,250.0,250.0,0.011027477917307436,0.012074750513580739,0.5790175613646089
C5,calibration,16,1,1,75.0,2,C5|B5_GCO_F030_R1.txt|1|1|75.000000|140.000000|150.000000,B5_GCO_F030_R1.txt,1,carbon_monoxide,CO,75.0,140.0,150.0,valid,20.0,0.0,1.0,0.0,0,2995,10,1.0,1,216.2839737392896,0.00018991476099472493,0.9983783960342407,0.0011618910357356071,0.0002698671887628734,0.9983783960342407,1,73.55937268494739,73.55937268494739,1.440627315052609,2.075407060875689,79.11568483297093,79.11568483297093,73.55937268494739,216.2839737392896,250.0,250.0,0.009606206283255482,0.024694720657882384,0.14984900560315736
C5,calibration,17,1,1,75.0,2,C5|B5_GCO_F030_R1.txt|1|1|75.000000|155.000000|165.000000,B5_GCO_F030_R1.txt,1,carbon_monoxide,CO,75.0,155.0,165.0,valid,20.0,0.0,1.0,0.0,0,2995,10,1.0,1,74.62537092485991,0.0005393752362579107,0.9957648515701294,0.003389355493709445,0.000306410132907331,0.9957648515701294,1,73.40171045071297,73.40171045071297,1.5982895492870313,2.5545294833601417,71.28176772975013,71.28176772975013,73.40171045071297,74.62537092485991,250.0,250.0,0.021669072688308526,0.009421967648723733,0.7794427958895115
C5,calibration,18,1,1,75.0,2,C5|B5_GCO_F030_R1.txt|1|1|75.000000|160.000000|170.000000,B5_GCO_F030_R1.txt,1,carbon_monoxide,CO,75.0,160.0,170.0,valid,20.0,0.0,1.0,0.0,0,2995,10,1.0,1,25.0,0.0006191764841787517,0.9972568154335022,0.001684654038399458,0.00043943620403297246,0.9972568154335022,1,75.88435215992527,75.88435215992527,0.884352159925271,0.7820787427644922,72.87044630658333,72.87044630658333,75.88435215992527,25.0,250.0,250.0,0.015486414266823014,0.013395137125964173,1.0
C5,calibration,19,1,1,75.0,2,C5|B5_GCO_F030_R2.txt|2|1|75.000000|120.000000|130.000000,B5_GCO_F030_R2.txt,2,carbon_monoxide,CO,75.0,120.0,130.0,valid,20.0,0.0,1.0,0.0,0,3000,5,1.0,1,201.19327763600478,0.0007791973766870797,0.9968344569206238,0.002215523272752762,0.0001709203061182052,0.9968344569206238,1,78.05421078946338,78.05421078946338,3.054210789463383,9.32820354647454,86.69046764725346,86.69046764725346,78.05421078946338,201.19327763600478,250.0,250.0,0.017140602213903504,0.038383363812400324,0.21691876606220098
C5,calibration,20,1,1,75.0,2,C5|B5_GCO_F030_R2.txt|2|1|75.000000|155.000000|165.000000,B5_GCO_F030_R2.txt,2,carbon_monoxide,CO,75.0,155.0,165.0,valid,20.0,0.0,1.0,0.0,0,3000,5,1.0,1,93.45482893351817,0.02049611136317253,0.9785912036895752,0.0004330536175984889,0.0004796916909981519,0.9785912036895752,1,86.02523596557641,86.02523596557641,11.025235965576414,121.55582809663967,87.10189205019823,87.10189205019823,86.02523596557641,93.45482893351817,250.0,250.0,0.07781669681956938,0.004785138153874742,0.6957563158510304
C5,calibration,21,1,1,75.0,2,C5|B5_GCO_F030_R2.txt|2|1|75.000000|70.000000|80.000000,B5_GCO_F030_R2.txt,2,carbon_monoxide,CO,75.0,70.0,80.00000000000001,valid,20.0,0.0,1.0,0.0,0,3000,5,1.0,1,198.9129833757704,0.010036904364824295,0.9890323877334595,0.0008419692167080939,8.88052090886049e-05,0.9890323877334595,1,68.42661067544788,68.42661067544788,6.573389324552124,43.209447212135835,72.98722374633883,72.98722374633883,68.42661067544788,198.9129833757704,250.0,250.0,0.04608064825276132,0.020269391426182008,0.2270534072187982
C5,calibration,22,1,1,75.0,2,C5|B5_GCO_F030_R2.txt|2|1|75.000000|90.000000|100.000000,B5_GCO_F030_R2.txt,2,carbon_monoxide,CO,75.0,90.0,100.00000000000001,valid,20.0,0.0,1.0,0.0,0,3000,5,1.0,1,191.41752287203963,0.0015478325076401234,0.997880220413208,0.00036117134732194245,0.00021074092364870012,0.997880220413208,1,82.61199667890398,82.61199667890398,7.611996678903978,57.94249343964519,84.45696582382391,84.45696582382391,82.61199667890398,191.41752287203963,250.0,250.0,0.012104210110691899,0.008199862866310796,0.2603665650131572
C5,calibration,23,1,1,75.0,2,C5|B5_GCO_F030_R2.txt|2|1|75.000000|95.000000|105.000000,B5_GCO_F030_R2.txt,2,carbon_monoxide,CO,75.0,95.0,105.00000000000001,valid,20.0,0.0,1.0,0.0,0,3000,5,1.0,1,189.51158207375425,0.0012099997838959098,0.9972317814826965,0.0013788057258352637,0.00017946609295904636,0.9972317814826965,1,73.95272739076304,73.95272739076304,1.0472726092369555,1.096779918057981,71.06537872147089,71.06537872147089,73.95272739076304,189.51158207375425,250.0,250.0,0.015524596316529865,0.012832660752409563,0.26883741300553665
C5,calibration,24,1,1,100.0,2,C5|B5_GCO_F040_R1.txt|1|1|100.000000|100.000000|110.000000,B5_GCO_F040_R1.txt,1,carbon_monoxide,CO,100.0,100.0,110.00000000000001,valid,20.0,0.0,1.0,0.0,0,3000,2,0.9996666666666667,1,250.0,0.00024200369080062956,0.9984891414642334,0.0007570037269033492,0.0005118642002344131,0.9984891414642334,1,104.0899313953986,104.0899313953986,4.089931395398594,16.72753881906709,109.83767372564535,109.83767372564535,104.0899313953986,250.0,250.0,250.0,0.009264509186644152,0.02554552146776334,0.0
C5,calibration,25,1,1,100.0,2,C5|B5_GCO_F040_R1.txt|1|1|100.000000|110.000000|120.000000,B5_GCO_F040_R1.txt,1,carbon_monoxide,CO,100.0,110.0,120.00000000000001,valid,20.0,0.0,1.0,0.0,0,3000,2,0.9996666666666667,1,250.0,0.00023855199106037617,0.9986048340797424,0.0006923742475919425,0.00046428493806160986,0.9986048340797424,1,98.92673774062149,98.92673774062149,1.0732622593785095,1.151891877406263,97.05488407036904,97.05488407036904,98.92673774062149,250.0,250.0,250.0,0.008645073807935548,0.008319349645566439,0.0
C5,calibration,26,1,1,100.0,2,C5|B5_GCO_F040_R1.txt|1|1|100.000000|115.000000|125.000000,B5_GCO_F040_R1.txt,1,carbon_monoxide,CO,100.0,115.0,125.00000000000001,valid,20.0,0.0,1.0,0.0,0,3000,2,0.9996666666666667,1,250.0,0.0002527303877286613,0.9987186193466187,0.0005722835194319487,0.0004563068214338273,0.9987186193466187,1,95.78618726516237,95.78618726516237,4.2138127348376315,17.7562177642798,102.24714398521566,102.24714398521566,95.78618726516237,250.0,250.0,250.0,0.008047814478683307,0.02871536320023684,0.0
C5,calibration,27,1,1,100.0,2,C5|B5_GCO_F040_R2.txt|2|1|100.000000|100.000000|110.000000,B5_GCO_F040_R2.txt,2,carbon_monoxide,CO,100.0,100.0,110.00000000000001,valid,19.98,0.0,1.0,0.0,0,2996,40,0.9996666666666667,1,213.12271246703716,0.001146726543083787,0.9977438449859619,0.0008654476259835064,0.00024404506257269531,0.9977438449859619,1,97.83529692159584,97.83529692159584,2.164703078404159,4.685939417652443,95.19018638482734,95.19018638482734,97.83529692159584,213.12271246703716,250.0,250.0,0.013093384110179872,0.011756046830082217,0.16389905570205707
C5,calibration,28,1,1,100.0,2,C5|B5_GCO_F040_R2.txt|2|1|100.000000|105.000000|115.000000,B5_GCO_F040_R2.txt,2,carbon_monoxide,CO,100.0,105.0,115.00000000000001,valid,19.8,0.0,1.0,0.0,0,2996,40,0.9996666666666667,1,215.0536966033207,0.003674666862934828,0.9924222826957703,0.003746653674170375,0.0001563575933687389,0.9924222826957703,1,99.70451571960356,99.70451571960356,0.2954842803964368,0.08731095996140009,99.838875430901,99.838875430901,99.70451571960356,215.0536966033207,250.0,250.0,0.03639382962210062,0.0005971542724330448,0.1553169039852413
C5,calibration,29,1,1,100.0,2,C5|B5_GCO_F040_R2.txt|2|1|100.000000|125.000000|135.000000,B5_GCO_F040_R2.txt,2,carbon_monoxide,CO,100.0,125.0,135.0,valid,19.88,0.0,1.0,0.0,0,2996,40,0.9996666666666667,1,210.521367280032,0.0005270752008073032,0.993871808052063,0.005432423669844866,0.00016869927640073001,0.993871808052063,1,100.731933015209,100.731933015209,0.7319330152089947,0.5357259387529304,100.2712347511963,100.2712347511963,100.731933015209,210.521367280032,250.0,250.0,0.028771294750316822,0.0020475478400564066,0.17546058986652446
C5,calibration,30,1,1,100.0,2,C5|B5_GCO_F040_R2.txt|2|1|100.000000|155.000000|165.000000,B5_GCO_F040_R2.txt,2,carbon_monoxide,CO,100.0,155.0,165.0,valid,19.98,0.0,1.0,0.0,0,2996,40,0.9996666666666667,1,85.1896726726651,0.047084975987672806,0.9510487914085388,0.0003381556016393006,0.0015280634397640824,0.9510487914085388,1,109.77259637736486,109.77259637736486,9.772596377364863,95.50363995488485,106.22229969801766,106.22229969801766,109.77259637736486,85.1896726726651,250.0,250.0,0.14731756916157068,0.015779096352654214,0.732490343677044
C5,calibration,31,1,1,100.0,2,C5|B5_GCO_F040_R2.txt|2|1|100.000000|80.000000|90.000000,B5_GCO_F040_R2.txt,2,carbon_monoxide,CO,100.0,80.0,90.00000000000001,valid,20.0,0.0,1.0,0.0,0,2996,40,0.9996666666666667,1,216.9302317040558,0.006286924239248037,0.9932746887207031,0.00027604144997894764,0.00016234822396654636,0.9932746887207031,1,99.21145597460492,99.21145597460492,0.7885440253950833,0.6218016799862818,108.13944268573141,108.13944268573141,99.21145597460492,216.9302317040558,250.0,250.0,0.030478091922082385,0.03967994093833997,0.14697674798197416
C5,calibration,32,1,1,125.0,2,C5|B5_GCO_F050_R1.txt|1|1|125.000000|115.000000|125.000000,B5_GCO_F050_R1.txt,1,carbon_monoxide,CO,125.0,115.0,125.00000000000001,valid,20.0,0.0,1.0,0.0,0,3000,0,0.9996666666666667,1,250.0,0.0002493506472092122,0.9986624717712402,0.0006776651134714484,0.0004105042607989162,0.9986624717712402,1,126.44003602257646,126.44003602257646,1.4400360225764643,2.073703746317843,121.8095509806987,121.8095509806987,126.44003602257646,250.0,250.0,250.0,0.008332571851319774,0.02057993351945672,0.0
C5,calibration,33,1,1,125.0,2,C5|B5_GCO_F050_R1.txt|1|1|125.000000|120.000000|130.000000,B5_GCO_F050_R1.txt,1,carbon_monoxide,CO,125.0,120.0,130.0,valid,20.0,0.0,1.0,0.0,0,3000,0,0.9996666666666667,1,250.0,0.00024824123829603195,0.9986464381217957,0.0005062218406237662,0.0005992275546304882,0.9986464381217957,1,128.74146263733962,128.74146263733962,3.741462637339623,13.998542666608369,131.18754739824777,131.18754739824777,128.74146263733962,250.0,250.0,250.0,0.008440484159742655,0.010871487826258443,0.0
C5,calibration,34,1,1,125.0,2,C5|B5_GCO_F050_R1.txt|1|1|125.000000|155.000000|165.000000,B5_GCO_F050_R1.txt,1,carbon_monoxide,CO,125.0,155.0,165.0,valid,20.0,0.0,1.0,0.0,0,3000,0,0.9996666666666667,1,111.7868667070988,0.00045379114453680813,0.9943740367889404,0.0048515950329601765,0.00032063876278698444,0.9943740367889404,1,125.15184799801688,125.15184799801688,0.15184799801687632,0.023057814501733276,122.960796460902,122.960796460902,125.15184799801688,111.7868667070988,250.0,250.0,0.02707535121325894,0.009738006831621659,0.6142805924128942
C5,calibration,35,1,1,125.0,2,C5|B5_GCO_F050_R1.txt|1|1|125.000000|85.000000|95.000000,B5_GCO_F050_R1.txt,1,carbon_monoxide,CO,125.0,85.0,95.00000000000001,valid,20.0,0.0,1.0,0.0,0,3000,0,0.9996666666666667,1,250.0,0.0006204546079970896,0.9944880604743958,0.004670074675232172,0.0002213727857451886,0.9944880604743958,1,128.06264907115857,128.06264907115857,3.0626490711585745,9.379819333068479,132.41466719717687,132.41466719717687,128.06264907115857,250.0,250.0,250.0,0.02669284690159099,0.019342302782303526,0.0
C5,calibration,36,1,1,125.0,2,C5|B5_GCO_F050_R2.txt|2|1|125.000000|60.000000|70.000000,B5_GCO_F050_R2.txt,2,carbon_monoxide,CO,125.0,60.0,70.0,valid,20.0,0.0,1.0,0.0,0,3000,51,1.0,1,250.0,0.004450693726539612,0.9950422048568726,0.0003719919186551124,0.0001351277605863288,0.9950422048568726,1,126.65294018418925,126.65294018418925,1.652940184189248,2.732211252507585,134.93721087433536,134.93721087433536,126.65294018418925,250.0,250.0,250.0,0.023938648472909614,0.03681898084509385,0.0
C5,calibration,37,1,1,125.0,2,C5|B5_GCO_F050_R2.txt|2|1|125.000000|65.000000|75.000000,B5_GCO_F050_R2.txt,2,carbon_monoxide,CO,125.0,65.0,75.0,valid,20.0,0.0,1.0,0.0,0,3000,51,1.0,1,250.0,0.0036608295049518347,0.9959455132484436,0.0002471494663041085,0.00014649282093159854,0.9959455132484436,1,114.99566929526966,114.99566929526966,10.004330704730336,100.08663284961018,122.10676475462846,122.10676475462846,114.99566929526966,250.0,250.0,250.0,0.02014707076121643,0.031604868708261305,0.0
C5,calibration,38,1,1,125.0,2,C5|B5_GCO_F050_R2.txt|2|1|125.000000|85.000000|95.000000,B5_GCO_F050_R2.txt,2,carbon_monoxide,CO,125.0,85.0,95.00000000000001,valid,20.0,0.0,1.0,0.0,0,3000,51,1.0,1,250.0,0.0007712767110206187,0.9985247254371643,0.000518640736117959,0.0001854194706538692,0.9985247254371643,1,122.37225255407377,122.37225255407377,2.627747445926232,6.9050566395718365,129.7877043130827,129.7877043130827,122.37225255407377,250.0,250.0,250.0,0.009030352057773791,0.03295756337337309,0.0
C5,calibration,39,1,1,125.0,2,C5|B5_GCO_F050_R2.txt|2|1|125.000000|90.000000|100.000000,B5_GCO_F050_R2.txt,2,carbon_monoxide,CO,125.0,90.0,100.00000000000001,valid,20.0,0.0,1.0,0.0,0,3000,51,1.0,1,250.0,0.001229983987286687,0.9976329803466797,0.0010103571694344282,0.00012669462012127042,0.9976329803466797,1,120.96368086852289,120.96368086852289,4.036319131477114,16.291872131128166,122.49538429813506,122.49538429813506,120.96368086852289,250.0,250.0,250.0,0.013497746031641972,0.006807570798276351,0.0
C5,calibration,40,1,1,150.0,2,C5|B5_GCO_F060_R1.txt|1|1|150.000000|105.000000|115.000000,B5_GCO_F060_R1.txt,1,carbon_monoxide,CO,150.0,105.0,115.00000000000001,valid,20.0,0.0,1.0,0.0,0,3000,0,1.0,1,250.0,0.00027987948851659894,0.9986143112182617,0.000488610821776092,0.0006172427092678845,0.9986143112182617,1,145.954868798481,145.954868798481,4.045131201519013,16.363086437502652,146.88124687978546,146.88124687978546,145.954868798481,250.0,250.0,250.0,0.008628169890253803,0.004117235916908789,0.0
C5,calibration,41,1,1,150.0,2,C5|B5_GCO_F060_R1.txt|1|1|150.000000|135.000000|145.000000,B5_GCO_F060_R1.txt,1,carbon_monoxide,CO,150.0,135.0,145.0,valid,20.0,0.0,1.0,0.0,0,3000,0,1.0,1,250.0,0.00029823961085639894,0.9986594915390015,0.00030454996158368886,0.0007377745932899415,0.9986594915390015,1,143.09631713218073,143.09631713218073,6.9036828678192705,47.66083713942131,145.511098501134,145.511098501134,143.09631713218073,250.0,250.0,250.0,0.00832953087938562,0.010732361639792316,0.0
C5,calibration,42,1,1,150.0,2,C5|B5_GCO_F060_R1.txt|1|1|150.000000|155.000000|165.000000,B5_GCO_F060_R1.txt,1,carbon_monoxide,CO,150.0,155.0,165.0,valid,20.0,0.0,1.0,0.0,0,3000,0,1.0,1,94.01168132912682,0.0004173051274847239,0.9965276122093201,0.0026179207488894463,0.0004371789691504091,0.9965276122093201,1,150.88582994062193,150.88582994062193,0.8858299406219317,0.7846946837022549,154.47375768616388,154.47375768616388,150.88582994062193,94.01168132912682,250.0,250.0,0.01850968028252573,0.015946345535741986,0.693281416314992
C5,calibration,43,1,1,150.0,2,C5|B5_GCO_F060_R1.txt|1|1|150.000000|65.000000|75.000000,B5_GCO_F060_R1.txt,1,carbon_monoxide,CO,150.0,65.0,75.0,valid,20.0,0.0,1.0,0.0,0,3000,0,1.0,1,250.0,0.0003945787902921438,0.9804291725158691,0.018776824697852135,0.00039937978726811707,0.9804291725158691,1,150.17252452258145,150.17252452258145,0.17252452258145468,0.029764710891958864,153.14900823396601,153.14900823396601,150.17252452258145,250.0,250.0,250.0,0.07230526736553482,0.013228816495042489,0.0
C5,calibration,44,1,1,150.0,2,C5|B5_GCO_F060_R1.txt|1|1|150.000000|70.000000|80.000000,B5_GCO_F060_R1.txt,1,carbon_monoxide,CO,150.0,70.0,80.00000000000001,valid,20.0,0.0,1.0,0.0,0,3000,0,1.0,1,250.0,0.004198130685836077,0.9889700412750244,0.006721510551869869,0.00011032619659090415,0.9889700412750244,1,147.61417571605438,147.61417571605438,2.385824283945624,5.6921575138646485,146.27657457460532,146.27657457460532,147.61417571605438,250.0,250.0,250.0,0.049466427015582314,0.005944893961995806,0.0
C5,calibration,45,1,1,150.0,2,C5|B5_GCO_F060_R1.txt|1|1|150.000000|85.000000|95.000000,B5_GCO_F060_R1.txt,1,carbon_monoxide,CO,150.0,85.0,95.00000000000001,valid,20.0,0.0,1.0,0.0,0,3000,0,1.0,1,250.0,0.0003155623853672296,0.9981841444969177,0.000452075939392671,0.001048148493282497,0.9981841444969177,1,149.2065858556725,149.2065858556725,0.7934141443274996,0.6295060044189383,147.30421490265752,147.30421490265752,149.2065858556725,250.0,250.0,250.0,0.010842431790224129,0.008454982013399911,0.0
C5,calibration,46,1,1,150.0,2,C5|B5_GCO_F060_R2.txt|2|1|150.000000|140.000000|150.000000,B5_GCO_F060_R2.txt,2,carbon_monoxide,CO,150.0,140.0,150.0,valid,19.98,0.0,1.0,0.0,0,2993,18,1.0,1,250.0,0.006689404137432575,0.9922210574150085,0.0007011975976638496,0.0003883594472426921,0.9922210574150085,1,160.4991354294369,160.4991354294369,10.499135429436905,110.23184476565726,159.33392376614617,159.33392376614617,160.4991354294369,250.0,250.0,250.0,0.03562490881678524,0.005178718503514372,0.0
C5,calibration,47,1,1,150.0,2,C5|B5_GCO_F060_R2.txt|2|1|150.000000|80.000000|90.000000,B5_GCO_F060_R2.txt,2,carbon_monoxide,CO,150.0,80.0,90.00000000000001,valid,20.0,0.0,1.0,0.0,0,2993,18,1.0,1,250.0,0.0031293206848204136,0.9964698553085327,0.00022753777739126235,0.0001733538811095059,0.9964698553085327,1,160.97912289044802,160.97912289044802,10.979122890448025,120.5411394435598,171.96449199510556,171.96449199510556,160.97912289044802,250.0,250.0,250.0,0.01801956044891219,0.048823862687366826,0.0
C5,calibration,48,1,1,175.0,2,C5|B5_GCO_F070_R1.txt|1|1|175.000000|160.000000|170.000000,B5_GCO_F070_R1.txt,1,carbon_monoxide,CO,175.0,160.0,170.0,valid,20.0,0.0,1.0,0.0,0,3000,5,1.0,1,25.0,0.00036811508471146226,0.9976876974105835,0.0013268709881231189,0.0006173990550450981,0.9976876974105835,1,175.30865475532536,175.30865475532536,0.3086547553253638,0.09526775798496019,176.24407446011477,176.24407446011477,175.30865475532536,25.0,250.0,250.0,0.01339784796976399,0.004157420910175158,1.0
C5,calibration,49,1,1,175.0,2,C5|B5_GCO_F070_R1.txt|1|1|175.000000|95.000000|105.000000,B5_GCO_F070_R1.txt,1,carbon_monoxide,CO,175.0,95.0,105.00000000000001,valid,20.0,0.0,1.0,0.0,0,3000,5,1.0,1,250.0,0.0002889254828915,0.9985684156417847,0.0005577278789132833,0.0005849784356541932,0.9985684156417847,1,175.8592020497668,175.8592020497668,0.8592020497667932,0.7382281623234589,174.82126030897666,174.82126030897666,175.8592020497668,250.0,250.0,250.0,0.008885522388927938,0.004613074403511695,0.0
C5,calibration,50,1,1,175.0,2,C5|B5_GCO_F070_R2.txt|2|1|175.000000|105.000000|115.000000,B5_GCO_F070_R2.txt,2,carbon_monoxide,CO,175.0,105.0,115.00000000000001,valid,20.0,0.0,1.0,0.0,0,3000,42,1.0,1,250.0,0.00043692218605428934,0.9934497475624084,0.005923351272940636,0.00019003156921826303,0.9934497475624084,1,177.30780609558207,177.30780609558207,2.307806095582066,5.325968974805741,171.6528455411053,171.6528455411053,177.30780609558207,250.0,250.0,250.0,0.030236669490999804,0.025133158019896705,0.0
C5,calibration,51,1,1,175.0,2,C5|B5_GCO_F070_R2.txt|2|1|175.000000|130.000000|140.000000,B5_GCO_F070_R2.txt,2,carbon_monoxide,CO,175.0,130.0,140.0,valid,20.0,0.0,1.0,0.0,0,3000,42,1.0,1,250.0,0.0005547774489969015,0.9680483937263489,0.031085053458809853,0.00031176823540590703,0.9680483937263489,1,171.10161495895372,171.10161495895372,3.898385041046282,15.197405928253422,171.19762060283114,171.19762060283114,171.10161495895372,250.0,250.0,250.0,0.10532311691727043,0.0004266917505663059,0.0
C5,calibration,52,1,1,175.0,2,C5|B5_GCO_F070_R2.txt|2|1|175.000000|65.000000|75.000000,B5_GCO_F070_R2.txt,2,carbon_monoxide,CO,175.0,65.0,75.0,valid,20.0,0.0,1.0,0.0,0,3000,42,1.0,1,250.0,0.004500294104218483,0.9950423240661621,0.0001983907859539613,0.0002589446376077831,0.9950423240661621,1,172.3396411557618,172.3396411557618,2.6603588442382033,7.077509180116429,168.16539302896894,168.16539302896894,172.3396411557618,250.0,250.0,250.0,0.02387165749540499,0.01855221389685716,0.0
C5,calibration,53,1,1,175.0,2,C5|B5_GCO_F070_R2.txt|2|1|175.000000|75.000000|85.000000,B5_GCO_F070_R2.txt,2,carbon_monoxide,CO,175.0,75.0,85.00000000000001,valid,20.0,0.0,1.0,0.0,0,3000,42,1.0,1,250.0,0.00545910932123661,0.9940345883369446,0.00034751123166643083,0.00015882187290117145,0.9940345883369446,1,171.95279902315914,171.95279902315914,3.0472009768408554,9.285433793259864,175.8610151515223,175.8610151515223,171.95279902315914,250.0,250.0,250.0,0.027807416210187605,0.017369849459391844,0.0
C5,calibration,54,1,1,175.0,2,C5|B5_GCO_F070_R2.txt|2|1|175.000000|80.000000|90.000000,B5_GCO_F070_R2.txt,2,carbon_monoxide,CO,175.0,80.0,90.00000000000001,valid,20.0,0.0,1.0,0.0,0,3000,42,1.0,1,250.0,0.000702825840562582,0.9977769255638123,0.001417071558535099,0.00010316707630408928,0.9977769255638123,1,181.10878252508547,181.10878252508547,6.1087825250854735,37.31722393878965,178.97573934824183,178.97573934824183,181.10878252508547,250.0,250.0,250.0,0.012670605945571187,0.009480191897082857,0.0
C5,calibration,55,1,1,175.0,2,C5|B5_GCO_F070_R2.txt|2|1|175.000000|90.000000|100.000000,B5_GCO_F070_R2.txt,2,carbon_monoxide,CO,175.0,90.0,100.00000000000001,valid,20.0,0.0,1.0,0.0,0,3000,42,1.0,1,250.0,0.001844763639383018,0.9957616925239563,0.0020956427324563265,0.0002979146665893495,0.9957616925239563,1,182.61358279899002,182.61358279899002,7.6135827989900235,57.966643037076764,185.29214354687122,185.29214354687122,182.61358279899002,250.0,250.0,250.0,0.022496831658845497,0.011904714435027523,0.0
C5,calibration,56,1,1,200.0,2,C5|B5_GCO_F080_R1.txt|1|1|200.000000|135.000000|145.000000,B5_GCO_F080_R1.txt,1,carbon_monoxide,CO,200.0,135.0,145.0,valid,20.0,0.0,1.0,0.0,0,3000,4,0.9996666666666667,1,250.0,0.0002926281886175275,0.9985823631286621,0.00028210299205966294,0.0008429323206655681,0.9985823631286621,1,208.73208676593862,208.73208676593862,8.732086765938618,76.24933928788036,213.0782103283875,213.0782103283875,208.73208676593862,250.0,250.0,250.0,0.008706757034941295,0.01931610472199509,0.0
C5,calibration,57,1,1,200.0,2,C5|B5_GCO_F080_R1.txt|1|1|200.000000|75.000000|85.000000,B5_GCO_F080_R1.txt,1,carbon_monoxide,CO,200.0,75.0,85.00000000000001,valid,20.0,0.0,1.0,0.0,0,3000,4,0.9996666666666667,1,250.0,0.0038733682595193386,0.993665337562561,0.0019381585298106074,0.0005231818067841232,0.993665337562561,1,196.55793759782136,196.55793759782136,3.4420624021786352,11.847793580491757,201.07969845195552,201.07969845195552,196.55793759782136,250.0,250.0,250.0,0.03165599479945708,0.020096714907262923,0.0
C5,calibration,58,1,1,200.0,2,C5|B5_GCO_F080_R2.txt|2|1|200.000000|105.000000|115.000000,B5_GCO_F080_R2.txt,2,carbon_monoxide,CO,200.0,105.0,115.00000000000001,valid,20.0,0.0,1.0,0.0,0,3000,1,1.0,1,250.0,0.0011037979274988174,0.9976164102554321,0.0011827180860564113,9.714184852782637e-05,0.9976164102554321,1,200.7358902936569,200.7358902936569,0.7358902936568938,0.5415345242984294,203.0005455733185,203.0005455733185,200.7358902936569,250.0,250.0,250.0,0.013536432763189169,0.010065134576273825,0.0
C5,calibration,59,1,1,200.0,2,C5|B5_GCO_F080_R2.txt|2|1|200.000000|120.000000|130.000000,B5_GCO_F080_R2.txt,2,carbon_monoxide,CO,200.0,120.0,130.0,valid,20.0,0.0,1.0,0.0,0,3000,1,1.0,1,250.0,0.00094998610438779,0.9959577918052673,0.0028968988917768,0.00019534878083504736,0.9959577918052673,1,207.33164741177708,207.33164741177708,7.331647411777084,53.75305377061761,212.30154563232315,212.30154563232315,207.33164741177708,250.0,250.0,250.0,0.02109455994728573,0.022088436535760314,0.0
C5,calibration,60,1,1,200.0,2,C5|B5_GCO_F080_R2.txt|2|1|200.000000|150.000000|160.000000,B5_GCO_F080_R2.txt,2,carbon_monoxide,CO,200.0,150.0,160.0,valid,20.0,0.0,1.0,0.0,0,3000,1,1.0,1,250.0,0.003795897588133812,0.8367840647697449,0.15921540558338165,0.0002047302550636232,0.8367840647697449,1,195.5492439552716,195.5492439552716,4.450756044728394,19.809229369686335,195.8280764808099,195.8280764808099,195.5492439552716,250.0,250.0,250.0,0.3351095082745289,0.0012392556690590734,0.0
C5,calibration,61,1,1,200.0,2,C5|B5_GCO_F080_R2.txt|2|1|200.000000|160.000000|170.000000,B5_GCO_F080_R2.txt,2,carbon_monoxide,CO,200.0,160.0,170.0,valid,20.0,0.0,1.0,0.0,0,3000,1,1.0,1,80.04693765340227,0.01062601339071989,0.9883176684379578,0.0006305077695287764,0.00042583959293551743,0.9883176684379578,1,187.88951622052818,187.88951622052818,12.11048377947182,146.66381737285008,190.7103512308258,190.7103512308258,187.88951622052818,80.04693765340227,250.0,250.0,0.04894671034373571,0.012537044490211681,0.7553469437626565
C5,calibration,62,1,1,200.0,2,C5|B5_GCO_F080_R2.txt|2|1|200.000000|60.000000|70.000000,B5_GCO_F080_R2.txt,2,carbon_monoxide,CO,200.0,60.0,70.0,valid,20.0,0.0,1.0,0.0,0,3000,1,1.0,1,250.0,0.005121907684952021,0.9944382905960083,0.00016322343435604125,0.000276555452728644,0.9944382905960083,1,201.2872103588673,201.2872103588673,1.2872103588672985,1.6569105079752795,194.7918430950033,194.7918430950033,201.2872103588673,250.0,250.0,250.0,0.026148518128745458,0.02886829895050672,0.0
C5,calibration,63,1,1,200.0,2,C5|B5_GCO_F080_R2.txt|2|1|200.000000|95.000000|105.000000,B5_GCO_F080_R2.txt,2,carbon_monoxide,CO,200.0,95.0,105.00000000000001,valid,20.0,0.0,1.0,0.0,0,3000,1,1.0,1,250.0,0.0007619943935424089,0.997668445110321,0.0013692786451429129,0.00020029369625262916,0.997668445110321,1,195.22154795007614,195.22154795007614,4.778452049923857,22.83360399342151,196.51822067738524,196.51822067738524,195.22154795007614,250.0,250.0,250.0,0.01336914718107388,0.00576298989915156,0.0
C5,calibration,64,1,1,225.0,2,C5|B5_GCO_F090_R1.txt|1|1|225.000000|115.000000|125.000000,B5_GCO_F090_R1.txt,1,carbon_monoxide,CO,225.0,115.0,125.00000000000001,valid,20.0,0.0,1.0,0.0,0,3000,1,1.0,1,250.0,0.00027351584867574275,0.9988849759101868,0.0004050502320751548,0.0004363592597655952,0.9988849759101868,1,221.11860988616505,221.11860988616505,3.8813901138349536,15.065189215775714,217.93506650555548,217.93506650555548,221.11860988616505,250.0,250.0,250.0,0.007140293268503621,0.014149081691598061,0.0
C5,calibration,65,1,1,225.0,2,C5|B5_GCO_F090_R1.txt|1|1|225.000000|75.000000|85.000000,B5_GCO_F090_R1.txt,1,carbon_monoxide,CO,225.0,75.0,85.00000000000001,valid,20.0,0.0,1.0,0.0,0,3000,1,1.0,1,250.0,0.0018851278582587838,0.9940096139907837,0.0002587933267932385,0.0038464583922177553,0.9940096139907837,1,227.74338799552618,227.74338799552618,2.7433879955261773,7.526177693997137,224.58269614942884,224.58269614942884,227.74338799552618,250.0,250.0,250.0,0.029809954079304205,0.01404751931598816,0.0
C5,calibration,66,1,1,225.0,2,C5|B5_GCO_F090_R1.txt|1|1|225.000000|90.000000|100.000000,B5_GCO_F090_R1.txt,1,carbon_monoxide,CO,225.0,90.0,100.00000000000001,valid,20.0,0.0,1.0,0.0,0,3000,1,1.0,1,250.0,0.0003079480375163257,0.9986156225204468,0.0005168552161194384,0.0005595427937805653,0.9986156225204468,1,224.67579100393237,224.67579100393237,0.3242089960676253,0.1051114731311775,222.75803473122983,222.75803473122983,224.67579100393237,250.0,250.0,250.0,0.008638037012619223,0.008523361212011322,0.0
C5,calibration,67,1,1,225.0,2,C5|B5_GCO_F090_R2.txt|2|1|225.000000|105.000000|115.000000,B5_GCO_F090_R2.txt,2,carbon_monoxide,CO,225.0,105.0,115.00000000000001,valid,19.84,0.0,1.0,0.0,0,3000,20,1.0,1,250.0,0.0005188107024878263,0.9924820065498352,0.006823030766099691,0.00017618833226151764,0.9924820065498352,1,224.53129658453452,224.53129658453452,0.4687034154654839,0.21968289166901,219.3000467500359,219.3000467500359,224.53129658453452,250.0,250.0,250.0,0.03387911861499151,0.023249999264438277,0.0
C5,calibration,68,1,1,225.0,2,C5|B5_GCO_F090_R2.txt|2|1|225.000000|120.000000|130.000000,B5_GCO_F090_R2.txt,2,carbon_monoxide,CO,225.0,120.0,130.0,valid,19.86,0.0,1.0,0.0,0,3000,20,1.0,1,250.0,0.0008890489116311073,0.9859776496887207,0.01282390858978033,0.00030937365954741836,0.9859776496887207,1,216.87301777850195,216.87301777850195,8.126982221498054,66.04784002854544,216.05175655258716,216.05175655258716,216.87301777850195,250.0,250.0,250.0,0.05665184802559509,0.0036500498929545855,0.0
C5,calibration,69,1,1,225.0,2,C5|B5_GCO_F090_R2.txt|2|1|225.000000|140.000000|150.000000,B5_GCO_F090_R2.txt,2,carbon_monoxide,CO,225.0,140.0,150.0,valid,20.0,0.0,1.0,0.0,0,3000,20,1.0,1,250.0,0.0007629867177456617,0.9938567280769348,0.005056164227426052,0.00032416576868854463,0.9938567280769348,1,218.05780131553445,218.05780131553445,6.942198684465552,48.19412257459524,218.19822315071343,218.19822315071343,218.05780131553445,250.0,250.0,250.0,0.029530815312747816,0.0006240970452399274,0.0
C5,calibration,70,1,1,225.0,2,C5|B5_GCO_F090_R2.txt|2|1|225.000000|145.000000|155.000000,B5_GCO_F090_R2.txt,2,carbon_monoxide,CO,225.0,145.0,155.0,valid,20.0,0.0,1.0,0.0,0,3000,20,1.0,1,250.0,0.0006592333083972335,0.9731407165527344,0.02595280483365059,0.00024716168991290033,0.9731407165527344,1,223.73867640177346,223.73867640177346,1.2613235982265394,1.5909372194431446,228.34792443853271,228.34792443853271,223.73867640177346,250.0,250.0,250.0,0.09243537299453806,0.02048554683004113,0.0
C5,calibration,71,1,1,225.0,2,C5|B5_GCO_F090_R2.txt|2|1|225.000000|70.000000|80.000000,B5_GCO_F090_R2.txt,2,carbon_monoxide,CO,225.0,70.0,80.00000000000001,valid,20.0,0.0,1.0,0.0,0,3000,20,1.0,1,250.0,0.0006279007066041231,0.969664454460144,0.02943781018257141,0.0002697797608561814,0.969664454460144,1,221.0221802887742,221.0221802887742,3.9778197112258056,15.82304965501655,217.89576533534327,217.89576533534327,221.0221802887742,250.0,250.0,250.0,0.10134903087692528,0.013895177570804107,0.0
C5,calibration,72,1,1,250.0,2,C5|B5_GCO_F100_R1.txt|1|1|250.000000|120.000000|130.000000,B5_GCO_F100_R1.txt,1,carbon_monoxide,CO,250.0,120.0,130.0,valid,20.0,0.0,1.0,0.0,0,3000,1,0.9993333333333333,1,250.0,0.00037060456816107035,0.996547520160675,0.00030616475851275027,0.002775757107883692,0.996547520160675,1,250.0,250.0,0.0,0.0,244.475121278679,244.475121278679,250.0,250.0,250.0,250.0,0.01817228832459774,0.024555016539204392,0.0
C5,calibration,73,1,1,250.0,2,C5|B5_GCO_F100_R1.txt|1|1|250.000000|135.000000|145.000000,B5_GCO_F100_R1.txt,1,carbon_monoxide,CO,250.0,135.0,145.0,valid,20.0,0.0,1.0,0.0,0,3000,1,0.9993333333333333,1,250.0,0.00044301425805315375,0.9985490441322327,0.00028088822728022933,0.000726970611140132,0.9985490441322327,1,250.0,250.0,0.0,0.0,250.0,250.0,250.0,250.0,250.0,250.0,0.008960103197929052,0.0,0.0
C5,calibration,74,1,1,250.0,2,C5|B5_GCO_F100_R1.txt|1|1|250.000000|145.000000|155.000000,B5_GCO_F100_R1.txt,1,carbon_monoxide,CO,250.0,145.0,155.0,valid,20.0,0.0,1.0,0.0,0,3000,1,0.9993333333333333,1,250.0,0.00041620692354626954,0.9988000392913818,0.0004447255050763488,0.0003389395133126527,0.9988000392913818,1,250.0,250.0,0.0,0.0,247.086312429258,247.086312429258,250.0,250.0,250.0,250.0,0.0076315452170563555,0.012949722536631169,0.0
C5,calibration,75,1,1,250.0,2,C5|B5_GCO_F100_R1.txt|1|1|250.000000|60.000000|70.000000,B5_GCO_F100_R1.txt,1,carbon_monoxide,CO,250.0,60.0,70.0,valid,20.0,0.0,1.0,0.0,0,3000,1,0.9993333333333333,1,250.0,0.005321966949850321,0.9926509261131287,0.0008356419857591391,0.0011914741480723023,0.9926509261131287,1,250.0,250.0,0.0,0.0,249.7062936872419,249.7062936872419,250.0,250.0,250.0,250.0,0.03544087509215308,0.0013053613900360183,0.0
C5,calibration,76,1,1,250.0,2,C5|B5_GCO_F100_R2.txt|2|1|250.000000|105.000000|115.000000,B5_GCO_F100_R2.txt,2,carbon_monoxide,CO,250.0,105.0,115.00000000000001,valid,20.0,0.0,1.0,0.0,0,2999,7,1.0,1,250.0,0.0011915173381567001,0.9968892931938171,0.0017051738686859608,0.00021402638230938464,0.9968892931938171,1,247.52031539425602,247.52031539425602,2.4796846057439836,6.148835743963695,239.52146085287393,239.52146085287393,247.52031539425602,250.0,250.0,250.0,0.01717175893860836,0.03555046462836483,0.0
C5,calibration,77,1,1,250.0,2,C5|B5_GCO_F100_R2.txt|2|1|250.000000|145.000000|155.000000,B5_GCO_F100_R2.txt,2,carbon_monoxide,CO,250.0,145.0,155.0,valid,19.98,0.0,1.0,0.0,0,2999,7,1.0,1,250.0,0.0006454932154156268,0.9741341471672058,0.02493627369403839,0.00028409744845703244,0.9741341471672058,1,250.0,250.0,0.0,0.0,247.92695677381354,247.92695677381354,250.0,250.0,250.0,250.0,0.08990906127584149,0.009213525449717585,0.0
C5,calibration,78,1,1,250.0,2,C5|B5_GCO_F100_R2.txt|2|1|250.000000|70.000000|80.000000,B5_GCO_F100_R2.txt,2,carbon_monoxide,CO,250.0,70.0,80.00000000000001,valid,20.0,0.0,1.0,0.0,0,2999,7,1.0,1,250.0,0.005466599483042955,0.9938774704933167,0.0005319415940903127,0.0001239779667230323,0.9938774704933167,1,250.0,250.0,0.0,0.0,247.6960068217354,247.6960068217354,250.0,250.0,250.0,250.0,0.02864134231485657,0.01023996968117596,0.0
C5,calibration,79,1,1,250.0,2,C5|B5_GCO_F100_R2.txt|2|1|250.000000|80.000000|90.000000,B5_GCO_F100_R2.txt,2,carbon_monoxide,CO,250.0,80.0,90.00000000000001,valid,20.0,0.0,1.0,0.0,0,2999,7,1.0,1,250.0,0.0032032879535108805,0.9894459843635559,0.007176205050200224,0.00017457471403758973,0.9894459843635559,1,250.0,250.0,0.0,0.0,243.56263287230425,243.56263287230425,250.0,250.0,250.0,250.0,0.04749055882860436,0.02861052056753667,0.0
C5,calibration,80,0,0,12.5,2,C5|B5_GEa_F010_R1.txt|1|0|12.500000|135.000000|145.000000,B5_GEa_F010_R1.txt,1,ethanol,Ea,12.5,135.0,145.0,valid,18.84,0.0,1.0,0.0,0,2842,964,0.9996666666666667,0,12.5,0.9987624883651733,0.0007971315062604845,0.00021814373030792922,0.00022225474822334945,0.9987624883651733,1,12.5,12.5,0.0,0.0,12.5,12.5,12.5,12.5,125.0,250.0,0.007669684006326607,0.0,2.111111111111111
C5,calibration,81,0,0,12.5,2,C5|B5_GEa_F010_R1.txt|1|0|12.500000|70.000000|80.000000,B5_GEa_F010_R1.txt,1,ethanol,Ea,12.5,70.0,80.00000000000001,valid,19.0,0.0,1.0,0.0,0,2842,964,0.9996666666666667,0,12.5,0.9931288957595825,0.006404372397810221,8.57385530252941e-05,0.0003811463830061257,0.9931288957595825,1,12.5,12.5,0.0,0.0,12.5,12.5,12.5,12.5,81.52478874537842,12.5,0.03101640424715518,0.0,0.613553677736697
C5,calibration,82,0,0,12.5,2,C5|B5_GEa_F010_R1.txt|1|0|12.500000|75.000000|85.000000,B5_GEa_F010_R1.txt,1,ethanol,Ea,12.5,75.0,85.00000000000001,valid,18.92,0.0,1.0,0.0,0,2842,964,0.9996666666666667,0,12.5,0.9977898597717285,0.0018059654394164681,0.0002124871825799346,0.00019177440844941884,0.9977898597717285,1,12.5,12.5,0.0,0.0,12.5,12.5,12.5,12.5,88.50526534138105,38.26719599633279,0.0123016619935509,0.0,0.6756023585900538
C5,calibration,83,0,0,12.5,2,C5|B5_GEa_F010_R2.txt|2|0|12.500000|105.000000|115.000000,B5_GEa_F010_R2.txt,2,ethanol,Ea,12.5,105.0,115.00000000000001,valid,19.98,0.0,1.0,0.0,0,2994,9,1.0,0,12.5,0.9988401532173157,0.0006836692919023335,0.00027948504430241883,0.0001967394637176767,0.9988401532173157,1,12.5,12.5,0.0,0.0,12.5,12.5,12.5,12.5,115.28521809745727,12.5,0.0072910820668945905,0.0,0.9136463830885091
C5,calibration,84,0,0,12.5,2,C5|B5_GEa_F010_R2.txt|2|0|12.500000|125.000000|135.000000,B5_GEa_F010_R2.txt,2,ethanol,Ea,12.5,125.0,135.0,valid,20.0,0.0,1.0,0.0,0,2994,9,1.0,0,12.5,0.9988538026809692,0.0006738993688486516,0.000268356641754508,0.00020384271920192987,0.9988538026809692,1,12.5,12.5,0.0,0.0,12.533805954075312,12.533805954075312,12.5,12.5,125.0,47.972679322527966,0.007217572500933778,0.00030049736955833044,1.0
C5,calibration,85,0,0,12.5,2,C5|B5_GEa_F010_R2.txt|2|0|12.500000|145.000000|155.000000,B5_GEa_F010_R2.txt,2,ethanol,Ea,12.5,145.0,155.0,valid,20.0,0.0,1.0,0.0,0,2994,9,1.0,0,12.5,0.9986491799354553,0.0008900038665160537,0.00013914408918935806,0.000321661529596895,0.9986491799354553,1,12.831744741824274,12.831744741824274,0.3317447418242736,0.11005457372805395,12.834742392680717,12.834742392680717,12.831744741824274,12.5,125.0,12.5,0.008240640126929925,2.6645785390605348e-05,1.0
C5,calibration,86,0,0,12.5,2,C5|B5_GEa_F010_R2.txt|2|0|12.500000|150.000000|160.000000,B5_GEa_F010_R2.txt,2,ethanol,Ea,12.5,150.0,160.0,valid,20.0,0.0,1.0,0.0,0,2994,9,1.0,0,12.5,0.9938305020332336,0.004426630213856697,5.425079143606126e-05,0.0016886225203052163,0.9938305020332336,1,13.529321174248771,13.529321174248771,1.0293211742487713,1.0595020797568695,13.544441605081552,13.544441605081552,13.529321174248771,12.5,98.06774300726312,12.5,0.029904200568135895,0.00013440382962471632,0.760602160064561
C5,calibration,87,0,0,12.5,2,C5|B5_GEa_F010_R2.txt|2|0|12.500000|75.000000|85.000000,B5_GEa_F010_R2.txt,2,ethanol,Ea,12.5,75.0,85.00000000000001,valid,20.0,0.0,1.0,0.0,0,2994,9,1.0,0,12.5,0.9949508905410767,0.004750360269099474,0.0001325199264101684,0.00016633933410048485,0.9949508905410767,1,12.5,12.5,0.0,0.0,12.5,12.5,12.5,12.5,89.82976657787349,12.5,0.02386159767011716,0.0,0.687375702914431
C5,calibration,88,0,0,25.0,2,C5|B5_GEa_F020_R1.txt|1|0|25.000000|100.000000|110.000000,B5_GEa_F020_R1.txt,1,ethanol,Ea,25.0,100.0,110.00000000000001,valid,19.12,0.0,1.0,0.0,0,2764,1002,0.9993333333333333,0,12.5,0.9988459348678589,0.000707980478182435,0.00021060756989754736,0.00023541803238913417,0.9988459348678589,1,23.726771037989174,23.726771037989174,1.2732289620108261,1.6211119897031658,23.776408636409712,23.776408636409712,23.726771037989174,12.5,120.02314269770976,250.0,0.007240934229080147,0.0004412230970714543,2.111111111111111
C5,calibration,89,0,0,25.0,2,C5|B5_GEa_F020_R1.txt|1|0|25.000000|95.000000|105.000000,B5_GEa_F020_R1.txt,1,ethanol,Ea,25.0,95.0,105.00000000000001,valid,18.92,0.0,1.0,0.0,0,2764,1002,0.9993333333333333,0,12.5,0.9988558292388916,0.0006918765138834715,0.00021742489479947835,0.0002347961562918499,0.9988558292388916,1,24.03589324650165,24.03589324650165,0.9641067534983492,0.9295018321411266,24.09392550815542,24.09392550815542,24.03589324650165,12.5,117.22130480800928,250.0,0.007194367150858968,0.0005158423258112698,2.111111111111111
C5,calibration,90,0,0,25.0,2,C5|B5_GEa_F020_R2.txt|2|0|25.000000|105.000000|115.000000,B5_GEa_F020_R2.txt,2,ethanol,Ea,25.0,105.0,115.00000000000001,valid,20.0,0.0,1.0,0.0,0,3000,3,0.999,0,12.5,0.9989317059516907,0.000567004841286689,0.0002817579952534288,0.00021953380201011896,0.9989317059516907,1,27.03395856683383,27.03395856683383,2.0339585668338316,4.136987451596734,26.975073980310988,26.975073980310988,27.03395856683383,12.5,118.20364758175926,250.0,0.0068230379694787366,0.0005234185468697205,2.111111111111111
C5,calibration,91,0,0,25.0,2,C5|B5_GEa_F020_R2.txt|2|0|25.000000|120.000000|130.000000,B5_GEa_F020_R2.txt,2,ethanol,Ea,25.0,120.0,130.0,valid,19.24,0.02,0.98,0.02,1,3000,3,0.999,0,12.5,0.9989380240440369,0.0005720503977499902,0.00026615362730808556,0.00022375755361281335,0.9989380240440369,1,24.48958253548595,24.48958253548595,0.5104174645140489,0.26052598808095034,24.512748495649276,24.512748495649276,24.48958253548595,12.5,125.0,250.0,0.006783551752563483,0.00020591964589622574,2.111111111111111
C5,calibration,92,0,0,25.0,2,C5|B5_GEa_F020_R2.txt|2|0|25.000000|125.000000|135.000000,B5_GEa_F020_R2.txt,2,ethanol,Ea,25.0,125.0,135.0,valid,20.0,0.0,1.0,0.0,0,3000,3,0.999,0,12.5,0.9989206790924072,0.0006076257559470832,0.0002508815668988973,0.00022080862254370004,0.9989206790924072,1,25.52558405087914,25.52558405087914,0.5255840508791394,0.2762385945385258,25.531614070165986,25.531614070165986,25.52558405087914,12.5,125.0,250.0,0.006865454152837413,5.360017143863792e-05,2.111111111111111
C5,calibration,93,0,0,25.0,2,C5|B5_GEa_F020_R2.txt|2|0|25.000000|65.000000|75.000000,B5_GEa_F020_R2.txt,2,ethanol,Ea,25.0,65.0,75.0,valid,20.0,0.0,1.0,0.0,0,3000,3,0.999,0,12.5,0.9854655265808105,0.01384985726326704,6.830736674601212e-05,0.0006163316429592669,0.9854655265808105,1,27.19541506402949,27.19541506402949,2.19541506402949,4.819847303367609,27.28794517401755,27.28794517401755,27.19541506402949,12.5,84.1234094550915,95.43538546529093,0.056921134922934824,0.0008224898665605451,0.7372034263581416
C5,calibration,94,0,0,25.0,2,C5|B5_GEa_F020_R2.txt|2|0|25.000000|75.000000|85.000000,B5_GEa_F020_R2.txt,2,ethanol,Ea,25.0,75.0,85.00000000000001,valid,19.14,0.02,0.98,0.02,1,3000,3,0.999,0,12.5,0.9987678527832031,0.0005590231739915907,0.0004543136165011674,0.00021884607849642634,0.9987678527832031,1,24.761525638720833,24.761525638720833,0.23847436127916666,0.0568700209875065,24.678323500201934,24.678323500201934,24.761525638720833,12.5,91.63787281252493,181.73944239733052,0.007761024123455912,0.0007395745646124396,1.5043505990873824
C5,calibration,95,0,0,25.0,2,C5|B5_GEa_F020_R2.txt|2|0|25.000000|80.000000|90.000000,B5_GEa_F020_R2.txt,2,ethanol,Ea,25.0,80.0,90.00000000000001,valid,19.14,0.02,0.98,0.02,1,3000,3,0.999,0,12.5,0.9988675117492676,0.0005115720559842885,0.0003900871961377561,0.00023092908668331802,0.9988675117492676,1,23.741471327589075,23.741471327589075,1.2585286724109253,1.583894419280406,23.732127868540765,23.732127868540765,23.741471327589075,12.5,100.08391775685152,238.95125477835418,0.007216405173213518,8.305296931831031e-05,2.0129000424742594
C5,calibration,96,0,0,37.5,2,C5|B5_GEa_F030_R1.txt|1|0|37.500000|120.000000|130.000000,B5_GEa_F030_R1.txt,1,ethanol,Ea,37.5,120.0,130.0,valid,18.94,0.0,1.0,0.0,0,2849,1140,1.0,0,12.5,0.9988816380500793,0.000665685161948204,0.0002193022519350052,0.00023343355860561132,0.9988816380500793,1,40.85492878588341,40.85492878588341,3.354928785883409,11.255547158349126,40.84753885559011,40.84753885559011,40.85492878588341,12.5,125.0,250.0,0.007059661195959242,6.568826927377813e-05,2.111111111111111
C5,calibration,97,0,0,37.5,2,C5|B5_GEa_F030_R1.txt|1|0|37.500000|125.000000|135.000000,B5_GEa_F030_R1.txt,1,ethanol,Ea,37.5,125.0,135.0,valid,18.7,0.0,1.0,0.0,0,2849,1140,1.0,0,12.5,0.9988806843757629,0.0006671732990071177,0.0002149947249563411,0.00023702120233792812,0.9988806843757629,1,41.75571546633954,41.75571546633954,4.255715466339538,18.11111413044155,41.70242993242759,41.70242993242759,41.75571546633954,12.5,125.0,250.0,0.007063057912714013,0.00047364919032841295,2.111111111111111
C5,calibration,98,0,0,37.5,2,C5|B5_GEa_F030_R1.txt|1|0|37.500000|135.000000|145.000000,B5_GEa_F030_R1.txt,1,ethanol,Ea,37.5,135.0,145.0,valid,18.9,0.0,1.0,0.0,0,2849,1140,1.0,0,12.5,0.9988898634910583,0.0006565542425960302,0.00021709021530114114,0.0002364681859035045,0.9988898634910583,1,39.67668809807918,39.67668809807918,2.1766880980791825,4.737971076319569,39.62215965036911,39.62215965036911,39.67668809807918,12.5,125.0,250.0,0.007016343778320658,0.0004846973129783944,2.111111111111111
C5,calibration,99,0,0,37.5,2,C5|B5_GEa_F030_R1.txt|1|0|37.500000|65.000000|75.000000,B5_GEa_F030_R1.txt,1,ethanol,Ea,37.5,65.0,75.0,valid,18.94,0.0,1.0,0.0,0,2849,1140,1.0,0,12.5,0.9968478083610535,0.001065380871295929,0.0019392493413761258,0.00014763367653358728,0.9968478083610535,1,39.13384802734596,39.13384802734596,1.6338480273459624,2.6694593764622927,39.01712408920342,39.01712408920342,39.13384802734596,12.5,116.63638623212184,250.0,0.01720621032218192,0.0010375461168225936,2.111111111111111
C5,calibration,100,0,0,37.5,2,C5|B5_GEa_F030_R2.txt|2|0|37.500000|115.000000|125.000000,B5_GEa_F030_R2.txt,2,ethanol,Ea,37.5,115.0,125.00000000000001,valid,20.0,0.0,1.0,0.0,0,3000,9,1.0,0,12.5,0.997628390789032,0.0019858910236507654,0.00010178102820646018,0.00028400818700902164,0.997628390789032,1,40.73080808983973,40.73080808983973,3.2308080898397264,10.438120913373822,40.66350858620635,40.66350858620635,40.73080808983973,12.5,125.0,250.0,0.012969384324669918,0.000598217810074478,2.111111111111111
C5,calibration,101,0,0,37.5,2,C5|B5_GEa_F030_R2.txt|2|0|37.500000|160.000000|170.000000,B5_GEa_F030_R2.txt,2,ethanol,Ea,37.5,160.0,170.0,valid,20.0,0.0,1.0,0.0,0,3000,9,1.0,0,12.5,0.9983830451965332,0.0010979254730045795,9.677286288933828e-05,0.00042222480988129973,0.9983830451965332,1,37.49103906773737,37.49103906773737,0.008960932262631616,8.029830701547216e-05,37.482387893443196,37.482387893443196,37.49103906773737,12.5,94.45144836165042,12.5,0.009574039617928607,7.689932705931016e-05,0.728457318770226
C5,calibration,102,0,0,37.5,2,C5|B5_GEa_F030_R2.txt|2|0|37.500000|70.000000|80.000000,B5_GEa_F030_R2.txt,2,ethanol,Ea,37.5,70.0,80.00000000000001,valid,20.0,0.0,1.0,0.0,0,3000,9,1.0,0,12.5,0.9982346296310425,0.0006232638843357563,0.0009495997219346464,0.00019238867389503866,0.9982346296310425,1,38.2718823721443,38.2718823721443,0.7718823721442973,0.5958023964271075,38.23574278455263,38.23574278455263,38.2718823721443,12.5,104.07954441176484,250.0,0.010545107072187589,0.0003212407785926214,2.111111111111111
C5,calibration,103,0,0,37.5,2,C5|B5_GEa_F030_R2.txt|2|0|37.500000|95.000000|105.000000,B5_GEa_F030_R2.txt,2,ethanol,Ea,37.5,95.0,105.00000000000001,valid,20.0,0.0,1.0,0.0,0,3000,9,1.0,0,12.5,0.9989369511604309,0.0005816356861032546,0.0002553459198679775,0.0002261316403746605,0.9989369511604309,1,41.313327799766654,41.313327799766654,3.813327799766654,14.54146890847319,41.26656289090452,41.26656289090452,41.313327799766654,12.5,125.0,250.0,0.00678511187623643,0.0004156880787745523,2.111111111111111
C5,calibration,104,0,0,50.0,2,C5|B5_GEa_F040_R1.txt|1|0|50.000000|115.000000|125.000000,B5_GEa_F040_R1.txt,1,ethanol,Ea,50.0,115.0,125.00000000000001,valid,18.98,0.0,1.0,0.0,0,2848,829,1.0,0,12.5,0.9989194869995117,0.0005959217087365687,0.00025698755052872,0.00022762667504139245,0.9989194869995117,1,49.93125880645202,49.93125880645202,0.0687411935479787,0.004725351690400668,49.98848057937624,49.98848057937624,49.93125880645202,12.5,125.0,250.0,0.006880615088041498,0.0005086379815485821,2.111111111111111
C5,calibration,105,0,0,50.0,2,C5|B5_GEa_F040_R1.txt|1|0|50.000000|135.000000|145.000000,B5_GEa_F040_R1.txt,1,ethanol,Ea,50.0,135.0,145.0,valid,19.24,0.0,1.0,0.0,0,2848,829,1.0,0,12.5,0.9989237189292908,0.0005940511473454535,0.0002495555381756276,0.0002325142122572288,0.9989237189292908,1,50.36542657688507,50.36542657688507,0.36542657688507063,0.13353658309394043,50.34686487321791,50.34686487321791,50.36542657688507,12.5,125.0,250.0,0.0068558682132793414,0.00016499292148586795,2.111111111111111
C5,calibration,106,0,0,50.0,2,C5|B5_GEa_F040_R1.txt|1|0|50.000000|65.000000|75.000000,B5_GEa_F040_R1.txt,1,ethanol,Ea,50.0,65.0,75.0,valid,18.9,0.0,1.0,0.0,0,2848,829,1.0,0,12.5,0.9972755312919617,0.0007948069833219051,0.0017649445217102766,0.00016464148939121515,0.9972755312919617,1,48.70535471699739,48.70535471699739,1.294645283002609,1.6761064088009054,48.325453057392515,48.325453057392515,48.70535471699739,12.5,125.0,250.0,0.015160588273854931,0.00337690364093223,2.111111111111111
C5,calibration,107,0,0,50.0,2,C5|B5_GEa_F040_R1.txt|1|0|50.000000|80.000000|90.000000,B5_GEa_F040_R1.txt,1,ethanol,Ea,50.0,80.0,90.00000000000001,valid,18.92,0.0,1.0,0.0,0,2848,829,1.0,0,12.5,0.9988825917243958,0.0005416375934146345,0.00036126014310866594,0.00021440668206196278,0.9988825917243958,1,49.146672502184394,49.146672502184394,0.8533274978156058,0.7281678185282427,49.22207681158306,49.22207681158306,49.146672502184394,12.5,125.0,250.0,0.007116049272392105,0.0006702605279881229,2.111111111111111
C5,calibration,108,0,0,50.0,2,C5|B5_GEa_F040_R2.txt|2|0|50.000000|130.000000|140.000000,B5_GEa_F040_R2.txt,2,ethanol,Ea,50.0,130.0,140.0,valid,20.0,0.0,1.0,0.0,0,3000,0,1.0,0,12.5,0.9982118606567383,0.0014042239636182785,0.00011714557331288233,0.0002667910885065794,0.9982118606567383,1,52.25107735653642,52.25107735653642,2.2510773565364204,5.067349265110998,52.26172056580896,52.26172056580896,52.25107735653642,12.5,125.0,250.0,0.010290535172504452,9.460630464477365e-05,2.111111111111111
C5,calibration,109,0,0,50.0,2,C5|B5_GEa_F040_R2.txt|2|0|50.000000|145.000000|155.000000,B5_GEa_F040_R2.txt,2,ethanol,Ea,50.0,145.0,155.0,valid,20.0,0.0,1.0,0.0,0,3000,0,1.0,0,12.5,0.9977530837059021,0.0018028048798441887,8.70913136168383e-05,0.00035711354576051235,0.9977530837059021,1,54.764503547048136,54.764503547048136,4.764503547048136,22.70049404983427,54.75410448820676,54.75410448820676,54.764503547048136,12.5,119.80858297035834,250.0,0.012467773722645797,9.243607859003886e-05,2.111111111111111
C5,calibration,110,0,0,50.0,2,C5|B5_GEa_F040_R2.txt|2|0|50.000000|80.000000|90.000000,B5_GEa_F040_R2.txt,2,ethanol,Ea,50.0,80.0,90.00000000000001,valid,20.0,0.0,1.0,0.0,0,3000,0,1.0,0,12.5,0.9989058971405029,0.00047193924547173083,0.0004021843196824193,0.00022010545944795012,0.9989058971405029,1,51.28540639312988,51.28540639312988,1.2854063931298825,1.652269595499174,51.2992749435251,51.2992749435251,51.28540639312988,12.5,123.38046083031416,250.0,0.007001429161922308,0.00012327600351303165,2.111111111111111
C5,calibration,111,0,0,50.0,2,C5|B5_GEa_F040_R2.txt|2|0|50.000000|90.000000|100.000000,B5_GEa_F040_R2.txt,2,ethanol,Ea,50.0,90.0,100.00000000000001,valid,20.0,0.0,1.0,0.0,0,3000,0,1.0,0,12.5,0.9989437460899353,0.0005169146461412311,0.00031525277881883085,0.0002241629408672452,0.9989437460899353,1,52.75546677152696,52.75546677152696,2.7554667715269616,7.592597128989217,52.777176638615586,52.777176638615586,52.75546677152696,12.5,125.0,250.0,0.006775472117521879,0.00019297659634332832,2.111111111111111
C5,calibration,112,0,0,62.5,2,C5|B5_GEa_F050_R1.txt|1|0|62.500000|100.000000|110.000000,B5_GEa_F050_R1.txt,1,ethanol,Ea,62.5,100.0,110.00000000000001,valid,19.06,0.0,1.0,0.0,0,2865,400,1.0,0,12.5,0.9989567995071411,0.0005425614072009921,0.00026793216238729656,0.0002326745307072997,0.9989567995071411,1,64.8147513644774,64.8147513644774,2.3147513644774023,5.358073879349996,64.80597943717488,64.80597943717488,64.8147513644774,12.5,125.0,250.0,0.006688692012541051,7.797268713349896e-05,2.111111111111111
C5,calibration,113,0,0,62.5,2,C5|B5_GEa_F050_R1.txt|1|0|62.500000|110.000000|120.000000,B5_GEa_F050_R1.txt,1,ethanol,Ea,62.5,110.0,120.00000000000001,valid,19.14,0.0,1.0,0.0,0,2865,400,1.0,0,12.5,0.9989499449729919,0.0005812406889162958,0.00024058086273726076,0.00022833523689769208,0.9989499449729919,1,63.359839400535556,63.359839400535556,0.8598394005355559,0.7393237947133441,63.34697760594153,63.34697760594153,63.359839400535556,12.5,125.0,250.0,0.0067078813302667946,0.00011432706305798648,2.111111111111111
C5,calibration,114,0,0,62.5,2,C5|B5_GEa_F050_R1.txt|1|0|62.500000|155.000000|165.000000,B5_GEa_F050_R1.txt,1,ethanol,Ea,62.5,155.0,165.0,valid,19.14,0.0,1.0,0.0,0,2865,400,1.0,0,12.5,0.9987651109695435,0.000739623443223536,0.00013655626389663666,0.0003587616083677858,0.9987651109695435,1,69.23492224823359,69.23492224823359,6.7349222482335875,45.35917768975176,69.19213201987648,69.19213201987648,69.23492224823359,12.5,125.0,12.5,0.007666143163037101,0.00038035758539649577,1.0
C5,calibration,115,0,0,62.5,2,C5|B5_GEa_F050_R1.txt|1|0|62.500000|70.000000|80.000000,B5_GEa_F050_R1.txt,1,ethanol,Ea,62.5,70.0,80.00000000000001,valid,19.14,0.0,1.0,0.0,0,2865,400,1.0,0,12.5,0.9987550973892212,0.0004849650722462684,0.0005631796666420996,0.00019686008454300463,0.9987550973892212,1,64.08782667967053,64.08782667967053,1.5878266796705276,2.521193564673532,64.07933071579032,64.07933071579032,64.08782667967053,12.5,125.0,250.0,0.007818380875973726,7.551967893517839e-05,2.111111111111111
C5,calibration,116,0,0,62.5,2,C5|B5_GEa_F050_R1.txt|1|0|62.500000|95.000000|105.000000,B5_GEa_F050_R1.txt,1,ethanol,Ea,62.5,95.0,105.00000000000001,valid,19.16,0.0,1.0,0.0,0,2865,400,1.0,0,12.5,0.9989571571350098,0.0005263960338197649,0.00028178610955365,0.00023477473587263376,0.9989571571350098,1,63.661792796720995,63.661792796720995,1.1617927967209951,1.3497625025127915,63.68052043859728,63.68052043859728,63.661792796720995,12.5,125.0,250.0,0.006695338475540548,0.00016646792778917392,2.111111111111111
C5,calibration,117,0,0,62.5,2,C5|B5_GEa_F050_R2.txt|2|0|62.500000|140.000000|150.000000,B5_GEa_F050_R2.txt,2,ethanol,Ea,62.5,140.0,150.0,valid,20.0,0.0,1.0,0.0,0,3000,1,0.9996667777407531,0,12.5,0.9984449744224548,0.001180489780381322,0.0001277051051147282,0.0002468294114805758,0.9984449744224548,1,65.84191740923545,65.84191740923545,3.3419174092354496,11.168411970150979,65.79645307938891,65.79645307938891,65.84191740923545,12.5,125.0,250.0,0.009166750813394086,0.00040412737641367535,2.111111111111111
C5,calibration,118,0,0,62.5,2,C5|B5_GEa_F050_R2.txt|2|0|62.500000|160.000000|170.000000,B5_GEa_F050_R2.txt,2,ethanol,Ea,62.5,160.0,170.0,valid,20.0,0.0,1.0,0.0,0,3000,1,0.9996667777407531,0,12.5,0.9987647533416748,0.0007032892317511141,0.00012588441313710064,0.00040613437886349857,0.9987647533416748,1,59.869512141503265,59.869512141503265,2.6304878584967355,6.919466373698741,59.91306485444318,59.91306485444318,59.869512141503265,12.5,71.98219695272742,12.5,0.007676634688603065,0.00038713522613256324,0.5287306395797993
C5,calibration,119,0,0,62.5,2,C5|B5_GEa_F050_R2.txt|2|0|62.500000|90.000000|100.000000,B5_GEa_F050_R2.txt,2,ethanol,Ea,62.5,90.0,100.00000000000001,valid,20.0,0.0,1.0,0.0,0,3000,1,0.9996667777407531,0,12.5,0.9975869655609131,0.0019961500074714422,9.934142872225493e-05,0.00031768649932928383,0.9975869655609131,1,62.8817539840875,62.8817539840875,0.38175398408750283,0.14573610436668136,62.88014327008467,62.88014327008467,62.8817539840875,12.5,125.0,250.0,0.013196093769871008,1.431745780293012e-05,2.111111111111111
C5,calibration,120,0,0,75.0,2,C5|B5_GEa_F060_R1.txt|1|0|75.000000|140.000000|150.000000,B5_GEa_F060_R1.txt,1,ethanol,Ea,75.0,140.0,150.0,valid,18.92,0.0,1.0,0.0,0,2831,992,1.0,0,12.5,0.9989558458328247,0.0005505365552380681,0.00026779421023093164,0.00022578402422368526,0.9989558458328247,1,74.8690494192471,74.8690494192471,0.130950580752895,0.017148054599520478,74.81690027153381,74.81690027153381,74.8690494192471,12.5,125.0,250.0,0.0066894362080936,0.0004635479796737248,2.111111111111111
C5,calibration,121,0,0,75.0,2,C5|B5_GEa_F060_R1.txt|1|0|75.000000|160.000000|170.000000,B5_GEa_F060_R1.txt,1,ethanol,Ea,75.0,160.0,170.0,valid,18.98,0.0,1.0,0.0,0,2831,992,1.0,0,12.5,0.9986979961395264,0.0007682027062401175,0.00012339507520664483,0.0004104160761926323,0.9986979961395264,1,81.05320338274034,81.05320338274034,6.053203382740335,36.64127119281904,81.0283647708501,81.0283647708501,81.05320338274034,12.5,125.0,12.5,0.0080224106412501,0.0002207876612465043,1.0
C5,calibration,122,0,0,75.0,2,C5|B5_GEa_F060_R1.txt|1|0|75.000000|60.000000|70.000000,B5_GEa_F060_R1.txt,1,ethanol,Ea,75.0,60.0,70.0,valid,18.84,0.0,1.0,0.0,0,2831,992,1.0,0,125.0,0.9939270615577698,0.0010022029746323824,0.004873722791671753,0.00019706554303411394,0.9939270615577698,1,74.74405474403721,74.74405474403721,0.2559452559627857,0.0655079740498559,75.02748688879443,75.02748688879443,74.74405474403721,125.0,125.0,250.0,0.029289439953923628,0.0025193968422863437,1.1111111111111112
C5,calibration,123,0,0,75.0,2,C5|B5_GEa_F060_R2.txt|2|0|75.000000|120.000000|130.000000,B5_GEa_F060_R2.txt,2,ethanol,Ea,75.0,120.0,130.0,valid,20.0,0.0,1.0,0.0,0,3000,4,1.0,0,12.5,0.998279333114624,0.0013408580562099814,0.00012001545837847516,0.0002599379513412714,0.998279333114624,1,68.55694221144549,68.55694221144549,6.443057788554512,41.51299366665296,68.52284672802831,68.52284672802831,68.55694221144549,12.5,125.0,250.0,0.009967226564290544,0.00030307096370822564,2.111111111111111
C5,calibration,124,0,0,75.0,2,C5|B5_GEa_F060_R2.txt|2|0|75.000000|150.000000|160.000000,B5_GEa_F060_R2.txt,2,ethanol,Ea,75.0,150.0,160.0,valid,20.0,0.0,1.0,0.0,0,3000,4,1.0,0,12.5,0.9986656904220581,0.0008018930093385279,0.00012073256948497146,0.0004116917261853814,0.9986656904220581,1,73.05433126450319,73.05433126450319,1.9456687354968096,3.7856268282897543,72.97268714966836,72.97268714966836,73.05433126450319,12.5,125.0,12.5,0.008186008068740437,0.0007257254651984921,1.0
C5,calibration,125,0,0,75.0,2,C5|B5_GEa_F060_R2.txt|2|0|75.000000|155.000000|165.000000,B5_GEa_F060_R2.txt,2,ethanol,Ea,75.0,155.0,165.0,valid,20.0,0.0,1.0,0.0,0,3000,4,1.0,0,12.5,0.9986798167228699,0.0007968044374138117,0.00011710474063875154,0.0004062173829879612,0.9986798167228699,1,72.65147162106403,72.65147162106403,2.348528378935967,5.515585546667601,72.63091821069875,72.63091821069875,72.65147162106403,12.5,115.00381321305018,12.5,0.008105431760611532,0.0001826969810247192,0.9111450063382238
C5,calibration,126,0,0,75.0,2,C5|B5_GEa_F060_R2.txt|2|0|75.000000|85.000000|95.000000,B5_GEa_F060_R2.txt,2,ethanol,Ea,75.0,85.0,95.00000000000001,valid,20.0,0.0,1.0,0.0,0,3000,4,1.0,0,12.5,0.9976637363433838,0.001918478519655764,0.00010075329191749915,0.00031702357227914035,0.9976637363433838,1,66.73349957367127,66.73349957367127,8.266500426328733,68.33502929849313,66.76095692855846,66.76095692855846,66.73349957367127,12.5,125.0,250.0,0.012852457184142506,0.00024406537677502152,2.111111111111111
C5,calibration,127,0,0,75.0,2,C5|B5_GEa_F060_R2.txt|2|0|75.000000|90.000000|100.000000,B5_GEa_F060_R2.txt,2,ethanol,Ea,75.0,90.0,100.00000000000001,valid,20.0,0.0,1.0,0.0,0,3000,4,1.0,0,12.5,0.9977038502693176,0.0018883023876696825,0.0001025601668516174,0.00030531827360391617,0.9977038502693176,1,66.05675710169557,66.05675710169557,8.943242898304433,79.98159353807267,66.02051624916704,66.02051624916704,66.05675710169557,12.5,125.0,250.0,0.012659940919058487,0.0003221409113646385,2.111111111111111
C5,calibration,128,0,0,87.5,2,C5|B5_GEa_F070_R1.txt|1|0|87.500000|110.000000|120.000000,B5_GEa_F070_R1.txt,1,ethanol,Ea,87.5,110.0,120.00000000000001,valid,18.86,0.0,1.0,0.0,0,2853,865,1.0,0,12.5,0.9989572763442993,0.0005471408949233592,0.0002813776955008507,0.00021408495376817882,0.9989572763442993,1,88.692714485175,88.692714485175,1.192714485175003,1.4225678431462723,88.76187695765127,88.76187695765127,88.692714485175,12.5,125.0,250.0,0.006680379578529396,0.0006147775331223531,2.111111111111111
C5,calibration,129,0,0,87.5,2,C5|B5_GEa_F070_R1.txt|1|0|87.500000|120.000000|130.000000,B5_GEa_F070_R1.txt,1,ethanol,Ea,87.5,120.0,130.0,valid,18.92,0.0,1.0,0.0,0,2853,865,1.0,0,12.5,0.9989578723907471,0.0005578089621849358,0.00027268307167105377,0.00021159635798539966,0.9989578723907471,1,87.0512225452963,87.0512225452963,0.448777454703702,0.2014012038503333,87.04233158202625,87.04233158202625,87.0512225452963,12.5,125.0,250.0,0.006671492430364404,7.903078462264704e-05,2.111111111111111
C5,calibration,130,0,0,87.5,2,C5|B5_GEa_F070_R1.txt|1|0|87.500000|125.000000|135.000000,B5_GEa_F070_R1.txt,1,ethanol,Ea,87.5,125.0,135.0,valid,18.98,0.0,1.0,0.0,0,2853,865,1.0,0,12.5,0.9989585876464844,0.0005570119828917086,0.0002737408794928342,0.00021068596106488258,0.9989585876464844,1,87.15656645718403,87.15656645718403,0.3434335428159727,0.11794659833113057,87.16455465258939,87.16455465258939,87.15656645718403,12.5,125.0,250.0,0.006667841574865988,7.100618138098172e-05,2.111111111111111
C5,calibration,131,0,0,87.5,2,C5|B5_GEa_F070_R1.txt|1|0|87.500000|65.000000|75.000000,B5_GEa_F070_R1.txt,1,ethanol,Ea,87.5,65.0,75.0,valid,19.08,0.0,1.0,0.0,0,2853,865,1.0,0,42.007173544676846,0.9982522130012512,0.0005362069350667298,0.0010395237477496266,0.00017208636563736945,0.9982522130012512,1,90.0637510316826,90.0637510316826,2.5637510316825995,6.572819352453593,90.18648370009,90.18648370009,90.0637510316826,42.007173544676846,125.0,250.0,0.010399284846234137,0.0010909570525101722,1.848825124047317
C5,calibration,132,0,0,87.5,2,C5|B5_GEa_F070_R2.txt|2|0|87.500000|100.000000|110.000000,B5_GEa_F070_R2.txt,2,ethanol,Ea,87.5,100.0,110.00000000000001,valid,20.0,0.0,1.0,0.0,0,3000,0,1.0,0,12.5,0.9987571239471436,0.0008482252014800906,0.00016422085172962397,0.00023055853671394289,0.9987571239471436,1,91.72614459656819,91.72614459656819,4.22614459656819,17.86029815110251,91.79209150883878,91.79209150883878,91.72614459656819,12.5,125.0,250.0,0.007648490787282036,0.0005861947757385779,2.111111111111111
C5,calibration,133,0,0,87.5,2,C5|B5_GEa_F070_R2.txt|2|0|87.500000|105.000000|115.000000,B5_GEa_F070_R2.txt,2,ethanol,Ea,87.5,105.0,115.00000000000001,valid,20.0,0.0,1.0,0.0,0,3000,0,1.0,0,12.5,0.9987707734107971,0.0008354437304660678,0.0001665056770434603,0.00022728912881575525,0.9987707734107971,1,91.5837220443673,91.5837220443673,4.083722044367306,16.67678573565149,91.59477603906524,91.59477603906524,91.5837220443673,12.5,125.0,250.0,0.007577893726255903,9.82577306482805e-05,2.111111111111111
C5,calibration,134,0,0,87.5,2,C5|B5_GEa_F070_R2.txt|2|0|87.500000|110.000000|120.000000,B5_GEa_F070_R2.txt,2,ethanol,Ea,87.5,110.0,120.00000000000001,valid,20.0,0.0,1.0,0.0,0,3000,0,1.0,0,12.5,0.9987888932228088,0.0008169882348738611,0.0001697973202681169,0.00022434482525568455,0.9987888932228088,1,92.45046077724025,92.45046077724025,4.950460777240252,24.507061906994164,92.44994461453467,92.44994461453467,92.45046077724025,12.5,125.0,250.0,0.007486201578331573,4.5881129384876355e-06,2.111111111111111
C5,calibration,135,0,0,87.5,2,C5|B5_GEa_F070_R2.txt|2|0|87.500000|140.000000|150.000000,B5_GEa_F070_R2.txt,2,ethanol,Ea,87.5,140.0,150.0,valid,20.0,0.0,1.0,0.0,0,3000,0,1.0,0,12.5,0.998845100402832,0.0007584158447571099,0.00017981197743210942,0.00021666641987394542,0.998845100402832,1,91.30660078932436,91.30660078932436,3.8066007893243636,14.490209569284868,91.26748167837212,91.26748167837212,91.30660078932436,12.5,125.0,250.0,0.007200185853146329,0.0003477254306865992,2.111111111111111
C5,calibration,136,0,0,100.0,2,C5|B5_GEa_F080_R1.txt|1|0|100.000000|110.000000|120.000000,B5_GEa_F080_R1.txt,1,ethanol,Ea,100.0,110.0,120.00000000000001,valid,18.32,0.0,1.0,0.0,0,2758,4857,1.0,0,12.5,0.9988937973976135,0.000531778612639755,0.0003615616587921977,0.00021291062876116484,0.9988937973976135,1,100.38674558298564,100.38674558298564,0.38674558298563966,0.14957214595890228,100.40673694161983,100.40673694161983,100.38674558298564,12.5,125.0,250.0,0.007055000051003216,0.0001777009656372128,2.111111111111111
C5,calibration,137,0,0,100.0,2,C5|B5_GEa_F080_R1.txt|1|0|100.000000|145.000000|155.000000,B5_GEa_F080_R1.txt,1,ethanol,Ea,100.0,145.0,155.0,valid,18.26,0.0,1.0,0.0,0,2758,4857,1.0,0,12.5,0.998915433883667,0.0005328485858626664,0.00033109591458924115,0.00022066390374675393,0.998915433883667,1,100.07857122183353,100.07857122183353,0.07857122183352772,0.006173436900413423,100.07737607880475,100.07737607880475,100.07857122183353,12.5,125.0,250.0,0.006932906595074012,1.0623493589163345e-05,2.111111111111111
C5,calibration,138,0,0,100.0,2,C5|B5_GEa_F080_R1.txt|1|0|100.000000|155.000000|165.000000,B5_GEa_F080_R1.txt,1,ethanol,Ea,100.0,155.0,165.0,valid,18.48,0.0,1.0,0.0,0,2758,4857,1.0,0,12.5,0.9985923171043396,0.0008330392302013934,0.00012881400471087545,0.00044585036812350154,0.9985923171043396,1,99.67145396925648,99.67145396925648,0.3285460307435244,0.10794249431732487,99.75015500857708,99.75015500857708,99.67145396925648,12.5,125.0,12.5,0.008589138071315979,0.0006995647939609423,1.0
C5,calibration,139,0,0,100.0,2,C5|B5_GEa_F080_R1.txt|1|0|100.000000|160.000000|170.000000,B5_GEa_F080_R1.txt,1,ethanol,Ea,100.0,160.0,170.0,valid,18.36,0.0,1.0,0.0,0,2758,4857,1.0,0,12.5,0.9985750913619995,0.0008529074839316308,0.00011544323933776468,0.0004565546114463359,0.9985750913619995,1,92.04607393614279,92.04607393614279,7.95392606385721,63.26493982930705,92.00136271744947,92.00136271744947,92.04607393614279,12.5,125.0,12.5,0.00866316079003182,0.0003974330550517556,1.0
C5,calibration,140,0,0,100.0,2,C5|B5_GEa_F080_R2.txt|2|0|100.000000|110.000000|120.000000,B5_GEa_F080_R2.txt,2,ethanol,Ea,100.0,110.0,120.00000000000001,valid,20.0,0.0,1.0,0.0,0,3000,202,0.999,0,12.5,0.9987614154815674,0.0008433922776021063,0.00017061331891454756,0.00022456832812167704,0.9987614154815674,1,102.357600821,102.357600821,2.3576008210000055,5.5582816311798995,102.42605355791073,102.42605355791073,102.357600821,12.5,125.0,250.0,0.0076277787127894976,0.0006084687725398099,2.111111111111111
C5,calibration,141,0,0,100.0,2,C5|B5_GEa_F080_R2.txt|2|0|100.000000|130.000000|140.000000,B5_GEa_F080_R2.txt,2,ethanol,Ea,100.0,130.0,140.0,valid,20.0,0.0,1.0,0.0,0,3000,202,0.999,0,12.5,0.9987198114395142,0.0008968710317276418,0.00016771967057138681,0.00021566729992628098,0.9987198114395142,1,101.70017280063945,101.70017280063945,1.70017280063945,2.8905875520341913,101.76122876762925,101.76122876762925,101.70017280063945,12.5,125.0,250.0,0.007827335190395704,0.000542719706575983,2.111111111111111
C5,calibration,142,0,0,100.0,2,C5|B5_GEa_F080_R2.txt|2|0|100.000000|145.000000|155.000000,B5_GEa_F080_R2.txt,2,ethanol,Ea,100.0,145.0,155.0,valid,20.0,0.0,1.0,0.0,0,3000,202,0.999,0,12.5,0.9987345337867737,0.0008831591694615781,0.00017087625747080892,0.0002113947703037411,0.9987345337867737,1,98.68539360221115,98.68539360221115,1.3146063977888502,1.7281899811073769,98.80147899253794,98.80147899253794,98.68539360221115,12.5,125.0,250.0,0.007751672517929568,0.0010318701362381135,2.111111111111111
C5,calibration,143,0,0,100.0,2,C5|B5_GEa_F080_R2.txt|2|0|100.000000|155.000000|165.000000,B5_GEa_F080_R2.txt,2,ethanol,Ea,100.0,155.0,165.0,valid,20.0,0.0,1.0,0.0,0,3000,202,0.999,0,12.5,0.9988119602203369,0.0006884963368065655,0.000151289306813851,0.0003482339670881629,0.9988119602203369,1,104.37678141433048,104.37678141433048,4.37678141433048,19.15621554882872,104.31600048004393,104.31600048004393,104.37678141433048,12.5,125.0,44.578517867514535,0.007432710717533452,0.000540274971436045,1.0
C5,calibration,144,0,0,112.5,2,C5|B5_GEa_F090_R1.txt|1|0|112.500000|130.000000|140.000000,B5_GEa_F090_R1.txt,1,ethanol,Ea,112.5,130.0,140.0,valid,19.26,0.0,1.0,0.0,0,2906,901,0.9993333333333333,0,12.5,0.9989240765571594,0.0005732720019295812,0.000324274820741266,0.00017838271742220968,0.9989240765571594,1,108.32036002906284,108.32036002906284,4.17963997093716,17.46939028665558,108.36819461192155,108.36819461192155,108.32036002906284,12.5,125.0,250.0,0.006852264077119167,0.000425196292077443,2.111111111111111
C5,calibration,145,0,0,112.5,2,C5|B5_GEa_F090_R1.txt|1|0|112.500000|150.000000|160.000000,B5_GEa_F090_R1.txt,1,ethanol,Ea,112.5,150.0,160.0,valid,19.36,0.0,1.0,0.0,0,2906,901,0.9993333333333333,0,12.5,0.9988546371459961,0.0006846148171462119,0.00018636089225765318,0.0002743783115874976,0.9988546371459961,1,106.62799036631586,106.62799036631586,5.872009633684144,34.48049713807939,106.63963170082324,106.63963170082324,106.62799036631586,12.5,125.0,250.0,0.007201840009863123,0.00010347852895456021,2.111111111111111
C5,calibration,146,0,0,112.5,2,C5|B5_GEa_F090_R1.txt|1|0|112.500000|155.000000|165.000000,B5_GEa_F090_R1.txt,1,ethanol,Ea,112.5,155.0,165.0,valid,19.36,0.0,1.0,0.0,0,2906,901,0.9993333333333333,0,12.5,0.998776376247406,0.0007393253617919981,0.00015256964252330363,0.0003317631490062922,0.998776376247406,1,113.16959167779744,113.16959167779744,0.6695916777974418,0.4483530149755931,113.24263354372323,113.24263354372323,113.16959167779744,12.5,125.0,12.5,0.007611508845811219,0.0006492610304514477,1.0
C5,calibration,147,0,0,112.5,2,C5|B5_GEa_F090_R2.txt|2|0|112.500000|115.000000|125.000000,B5_GEa_F090_R2.txt,2,ethanol,Ea,112.5,115.0,125.00000000000001,valid,20.0,0.0,1.0,0.0,0,3000,3,0.9996666666666667,0,12.5,0.9989444613456726,0.0006176752503961325,0.00021764023404102772,0.0002201433526352048,0.9989444613456726,1,110.17637141893297,110.17637141893297,2.3236285810670267,5.399249782751564,110.16536165259046,110.16536165259046,110.17637141893297,12.5,125.0,250.0,0.0067146546906561725,9.786458971120737e-05,2.111111111111111
C5,calibration,148,0,0,112.5,2,C5|B5_GEa_F090_R2.txt|2|0|112.500000|120.000000|130.000000,B5_GEa_F090_R2.txt,2,ethanol,Ea,112.5,120.0,130.0,valid,20.0,0.0,1.0,0.0,0,3000,3,0.9996666666666667,0,12.5,0.998961329460144,0.0005888346349820495,0.00022387718490790576,0.0002259013563161716,0.998961329460144,1,109.95514748601344,109.95514748601344,2.544852513986555,6.47627431794369,109.97933170364612,109.97933170364612,109.95514748601344,12.5,125.0,250.0,0.006633223573456861,0.00021497082340159876,2.111111111111111
C5,calibration,149,0,0,112.5,2,C5|B5_GEa_F090_R2.txt|2|0|112.500000|140.000000|150.000000,B5_GEa_F090_R2.txt,2,ethanol,Ea,112.5,140.0,150.0,valid,20.0,0.0,1.0,0.0,0,3000,3,0.9996666666666667,0,12.5,0.998977780342102,0.000554199272301048,0.0002287559473188594,0.00023924153356347233,0.998977780342102,1,107.02024833581366,107.02024833581366,5.479751664186338,30.027678301152942,107.02186052800839,107.02186052800839,107.02024833581366,12.5,125.0,250.0,0.006556694182373076,1.4330597286465895e-05,2.111111111111111
C5,calibration,150,0,0,112.5,2,C5|B5_GEa_F090_R2.txt|2|0|112.500000|145.000000|155.000000,B5_GEa_F090_R2.txt,2,ethanol,Ea,112.5,145.0,155.0,valid,20.0,0.0,1.0,0.0,0,3000,3,0.9996666666666667,0,12.5,0.99892657995224,0.0006115147261880338,0.00017868571740109473,0.0002831413294188678,0.99892657995224,1,110.2332249629383,110.2332249629383,2.2667750370617057,5.138269068646097,110.19882147191468,110.19882147191468,110.2332249629383,12.5,125.0,250.0,0.0068188755095212475,0.0003058088090987591,2.111111111111111
C5,calibration,151,0,0,112.5,2,C5|B5_GEa_F090_R2.txt|2|0|112.500000|85.000000|95.000000,B5_GEa_F090_R2.txt,2,ethanol,Ea,112.5,85.0,95.00000000000001,valid,20.0,0.0,1.0,0.0,0,3000,3,0.9996666666666667,0,12.5,0.998840868473053,0.0007452595164068043,0.00019000619067810476,0.00022386811906471848,0.998840868473053,1,113.85533379488356,113.85533379488356,1.3553337948835633,1.8369296955534808,113.91094538002417,113.91094538002417,113.85533379488356,12.5,125.0,250.0,0.007238867772455799,0.000494325201249871,2.111111111111111
C5,calibration,152,0,0,125.0,2,C5|B5_GEa_F100_R1.txt|1|0|125.000000|110.000000|120.000000,B5_GEa_F100_R1.txt,1,ethanol,Ea,125.0,110.0,120.00000000000001,valid,19.06,0.0,1.0,0.0,0,2846,770,1.0,0,12.5,0.9989107847213745,0.0005627581849694252,0.0003421822329983115,0.00018419022671878338,0.9989107847213745,1,125.0,125.0,0.0,0.0,124.96964041882279,124.96964041882279,125.0,12.5,125.0,250.0,0.006935160020795797,0.00026986294379740785,2.111111111111111
C5,calibration,153,0,0,125.0,2,C5|B5_GEa_F100_R1.txt|1|0|125.000000|125.000000|135.000000,B5_GEa_F100_R1.txt,1,ethanol,Ea,125.0,125.0,135.0,valid,18.94,0.0,1.0,0.0,0,2846,770,1.0,0,12.5,0.9989051818847656,0.0005770004354417324,0.00034403757308609784,0.0001736884005367756,0.9989051818847656,1,125.0,125.0,0.0,0.0,125.0,125.0,125.0,12.5,125.0,250.0,0.006957216609441777,0.0,2.111111111111111
C5,calibration,154,0,0,125.0,2,C5|B5_GEa_F100_R1.txt|1|0|125.000000|65.000000|75.000000,B5_GEa_F100_R1.txt,1,ethanol,Ea,125.0,65.0,75.0,valid,19.08,0.0,1.0,0.0,0,2846,770,1.0,0,38.61294704773985,0.9981600642204285,0.0005090268095955253,0.0011600073194131255,0.00017085112631320953,0.9981600642204285,1,123.41932018111854,123.41932018111854,1.580679818881464,2.4985486898191374,123.20835707482715,123.20835707482715,123.41932018111854,38.61294704773985,125.0,250.0,0.01083547204200139,0.001875227611479002,1.8789960262423124
C5,calibration,155,0,0,125.0,2,C5|B5_GEa_F100_R2.txt|2|0|125.000000|100.000000|110.000000,B5_GEa_F100_R2.txt,2,ethanol,Ea,125.0,100.0,110.00000000000001,valid,20.0,0.0,1.0,0.0,0,3000,7,1.0,0,12.5,0.9987832903862,0.0008185890619643033,0.00018502653983887285,0.00021314993500709534,0.9987832903862,1,123.425334128469,123.425334128469,1.5746658715309962,2.479572606964472,123.41202229231547,123.41202229231547,123.425334128469,12.5,125.0,250.0,0.007521211317732888,0.00011832743247585616,2.111111111111111
C5,calibration,156,0,0,125.0,2,C5|B5_GEa_F100_R2.txt|2|0|125.000000|110.000000|120.000000,B5_GEa_F100_R2.txt,2,ethanol,Ea,125.0,110.0,120.00000000000001,valid,20.0,0.0,1.0,0.0,0,3000,7,1.0,0,12.5,0.9987689852714539,0.0008375595207326114,0.00018580544565338641,0.00020752781711053103,0.9987689852714539,1,125.0,125.0,0.0,0.0,125.0,125.0,125.0,12.5,125.0,250.0,0.0075889274401394965,0.0,2.111111111111111
C5,calibration,157,0,0,125.0,2,C5|B5_GEa_F100_R2.txt|2|0|125.000000|125.000000|135.000000,B5_GEa_F100_R2.txt,2,ethanol,Ea,125.0,125.0,135.0,valid,20.0,0.0,1.0,0.0,0,3000,7,1.0,0,12.5,0.9987726807594299,0.0008362340740859509,0.00019152041932102293,0.00019953488663304597,0.9987726807594299,1,125.0,125.0,0.0,0.0,125.0,125.0,125.0,12.5,125.0,250.0,0.007568435328699642,0.0,2.111111111111111
C5,calibration,158,0,0,125.0,2,C5|B5_GEa_F100_R2.txt|2|0|125.000000|85.000000|95.000000,B5_GEa_F100_R2.txt,2,ethanol,Ea,125.0,85.0,95.00000000000001,valid,20.0,0.0,1.0,0.0,0,3000,7,1.0,0,12.5,0.9988180994987488,0.0007669246406294405,0.00018996797734871507,0.0002250261459266767,0.9988180994987488,1,120.30304196745618,120.30304196745618,4.696958032543819,22.061414759477902,120.33541655108053,120.33541655108053,120.30304196745618,12.5,125.0,250.0,0.007357944246612089,0.0002877740766608541,2.111111111111111
C5,calibration,159,0,0,125.0,2,C5|B5_GEa_F100_R2.txt|2|0|125.000000|90.000000|100.000000,B5_GEa_F100_R2.txt,2,ethanol,Ea,125.0,90.0,100.00000000000001,valid,20.0,0.0,1.0,0.0,0,3000,7,1.0,0,12.5,0.9987969398498535,0.0007953964523039758,0.00018315108900424093,0.00022459002502728254,0.9987969398498535,1,120.27425249912311,120.27425249912311,4.725747500876892,22.33268944204419,120.26161772466287,120.26161772466287,120.27425249912311,12.5,125.0,250.0,0.007459961830531065,0.00011230910631323038,2.111111111111111
C5,calibration,160,2,2,12.5,2,C5|B5_GEy_F010_R1.txt|1|2|12.500000|75.000000|85.000000,B5_GEy_F010_R1.txt,1,ethylene,Ey,12.5,75.0,85.00000000000001,valid,20.0,0.0,1.0,0.0,0,3000,0,1.0,2,12.5,0.0002819747314788401,0.025619380176067352,0.9738581776618958,0.00024046348698902875,0.9738581776618958,1,12.5,12.5,0.0,0.0,12.5,12.5,12.5,12.5,125.0,12.5,0.08943660850214884,0.0,1.0
C5,calibration,161,2,2,12.5,2,C5|B5_GEy_F010_R2.txt|2|2|12.500000|115.000000|125.000000,B5_GEy_F010_R2.txt,2,ethylene,Ey,12.5,115.0,125.00000000000001,valid,20.0,0.0,1.0,0.0,0,3000,11,1.0,2,12.5,0.00031140679493546486,0.07328491657972336,0.926088809967041,0.0003148363612126559,0.926088809967041,1,12.5,12.5,0.0,0.0,12.5,12.5,12.5,12.5,125.0,20.80018778976162,0.19309448219062997,0.0,1.0
C5,calibration,162,2,2,12.5,2,C5|B5_GEy_F010_R2.txt|2|2|12.500000|125.000000|135.000000,B5_GEy_F010_R2.txt,2,ethylene,Ey,12.5,125.0,135.0,valid,20.0,0.0,1.0,0.0,0,3000,11,1.0,2,12.5,0.00036428694147616625,0.11811308562755585,0.8811332583427429,0.000389362481655553,0.8811332583427429,1,12.5,12.5,0.0,0.0,12.5,12.5,12.5,12.5,125.0,53.90143268522101,0.26671699667238796,0.0,1.0
C5,calibration,163,2,2,12.5,2,C5|B5_GEy_F010_R2.txt|2|2|12.500000|130.000000|140.000000,B5_GEy_F010_R2.txt,2,ethylene,Ey,12.5,130.0,140.0,valid,20.0,0.0,1.0,0.0,0,3000,11,1.0,2,12.5,0.00038442484219558537,0.13725486397743225,0.8619347810745239,0.00042592897079885006,0.8619347810745239,1,12.5,12.5,0.0,0.0,12.5,12.5,12.5,12.5,125.0,75.02449947325343,0.2935652840104343,0.0,1.0
C5,calibration,164,2,2,12.5,2,C5|B5_GEy_F010_R2.txt|2|2|12.500000|155.000000|165.000000,B5_GEy_F010_R2.txt,2,ethylene,Ey,12.5,155.0,165.0,valid,19.88,0.0,1.0,0.0,0,3000,11,1.0,2,12.5,0.007205698173493147,0.06251773983240128,0.9301955699920654,8.100066042970866e-05,0.9301955699920654,1,12.5,12.5,0.0,0.0,12.5,12.5,12.5,12.5,125.0,12.5,0.19976678179571158,0.0,1.0
C5,calibration,165,2,2,12.5,2,C5|B5_GEy_F010_R2.txt|2|2|12.500000|60.000000|70.000000,B5_GEy_F010_R2.txt,2,ethylene,Ey,12.5,60.0,70.0,valid,20.0,0.0,1.0,0.0,0,3000,11,1.0,2,12.5,0.0002194573899032548,0.004768218379467726,0.9949166774749756,9.575175499776378e-05,0.9949166774749756,1,12.5,12.5,0.0,0.0,12.5,12.5,12.5,12.5,125.0,12.5,0.0240173295014507,0.0,1.0
C5,calibration,166,2,2,12.5,2,C5|B5_GEy_F010_R2.txt|2|2|12.500000|75.000000|85.000000,B5_GEy_F010_R2.txt,2,ethylene,Ey,12.5,75.0,85.00000000000001,valid,20.0,0.0,1.0,0.0,0,3000,11,1.0,2,12.5,0.0009793775388970971,0.12173508107662201,0.8770168423652649,0.0002686403167899698,0.8770168423652649,1,12.5,12.5,0.0,0.0,12.5,12.5,12.5,12.5,125.0,12.5,0.2744348681845337,0.0,1.0
C5,calibration,167,2,2,12.5,2,C5|B5_GEy_F010_R2.txt|2|2|12.500000|90.000000|100.000000,B5_GEy_F010_R2.txt,2,ethylene,Ey,12.5,90.0,100.00000000000001,valid,20.0,0.0,1.0,0.0,0,3000,11,1.0,2,12.5,0.0005385134136304259,0.26336875557899475,0.7356518507003784,0.0004408698296174407,0.7356518507003784,1,12.5,12.5,0.0,0.0,12.5,12.5,12.5,12.5,125.0,12.5,0.5277169048786163,0.0,1.0
C5,calibration,168,2,2,25.0,2,C5|B5_GEy_F020_R1.txt|1|2|25.000000|110.000000|120.000000,B5_GEy_F020_R1.txt,1,ethylene,Ey,25.0,110.0,120.00000000000001,valid,20.0,0.0,1.0,0.0,0,3000,0,1.0,2,12.5,0.00011130174243589863,0.0025098652113229036,0.9971356391906738,0.0002432041655993089,0.9971356391906738,1,28.674671580431117,28.674671580431117,3.6746715804311165,13.503211224028119,28.60650759862564,28.60650759862564,28.674671580431117,12.5,125.0,250.0,0.015094339516317997,0.000605902060493122,2.111111111111111
C5,calibration,169,2,2,25.0,2,C5|B5_GEy_F020_R1.txt|1|2|25.000000|130.000000|140.000000,B5_GEy_F020_R1.txt,1,ethylene,Ey,25.0,130.0,140.0,valid,20.0,0.0,1.0,0.0,0,3000,0,1.0,2,12.5,0.00010515358007978648,0.0023766332305967808,0.9972656965255737,0.0002524563460610807,0.9972656965255737,1,28.670946405867564,28.670946405867564,3.6709464058675643,13.475847514751988,28.68536011046939,28.68536011046939,28.670946405867564,12.5,125.0,250.0,0.014531531629686735,0.00012812181868288993,2.111111111111111
C5,calibration,170,2,2,25.0,2,C5|B5_GEy_F020_R1.txt|1|2|25.000000|80.000000|90.000000,B5_GEy_F020_R1.txt,1,ethylene,Ey,25.0,80.0,90.00000000000001,valid,20.0,0.0,1.0,0.0,0,3000,0,1.0,2,12.5,0.0001673393853707239,0.007424129638820887,0.9921758770942688,0.0002327038237126544,0.9921758770942688,1,30.25935801898776,30.25935801898776,5.259358018987761,27.66084677189087,30.174773015237868,30.174773015237868,30.25935801898776,12.5,125.0,250.0,0.03433320399497816,0.0007518666999990526,2.111111111111111
C5,calibration,171,2,2,25.0,2,C5|B5_GEy_F020_R1.txt|1|2|25.000000|95.000000|105.000000,B5_GEy_F020_R1.txt,1,ethylene,Ey,25.0,95.0,105.00000000000001,valid,20.0,0.0,1.0,0.0,0,3000,0,1.0,2,12.5,0.00012394264922477305,0.0032698526047170162,0.9963604807853699,0.00024576621945016086,0.9963604807853699,1,30.044388209617487,30.044388209617487,5.0443882096174875,25.44585240932792,29.93029038877955,29.93029038877955,30.044388209617487,12.5,125.0,250.0,0.018397126898603337,0.001014202851892776,2.111111111111111
C5,calibration,172,2,2,25.0,2,C5|B5_GEy_F020_R2.txt|2|2|25.000000|115.000000|125.000000,B5_GEy_F020_R2.txt,2,ethylene,Ey,25.0,115.0,125.00000000000001,valid,20.0,0.0,1.0,0.0,0,3000,1,1.0,2,12.5,9.583807695889845e-05,0.0028413371182978153,0.996870219707489,0.00019260986300650984,0.996870219707489,1,23.973720358295353,23.973720358295353,1.0262796417046474,1.0532499029774194,24.043528186153655,24.043528186153655,23.973720358295353,12.5,125.0,250.0,0.016100133986949563,0.0006205140254071276,2.111111111111111
C5,calibration,173,2,2,25.0,2,C5|B5_GEy_F020_R2.txt|2|2|25.000000|135.000000|145.000000,B5_GEy_F020_R2.txt,2,ethylene,Ey,25.0,135.0,145.0,valid,20.0,0.0,1.0,0.0,0,3000,1,1.0,2,12.5,9.219600178766996e-05,0.002661561593413353,0.9970620274543762,0.00018422740686219186,0.9970620274543762,1,28.557057210762558,28.557057210762558,3.557057210762558,12.65265600063791,28.61851860482558,28.61851860482558,28.557057210762558,12.5,125.0,250.0,0.015259755625958963,0.0005463235027824314,2.111111111111111
C5,calibration,174,2,2,25.0,2,C5|B5_GEy_F020_R2.txt|2|2|25.000000|145.000000|155.000000,B5_GEy_F020_R2.txt,2,ethylene,Ey,25.0,145.0,155.0,valid,20.0,0.0,1.0,0.0,0,3000,1,1.0,2,12.5,9.701262024464086e-05,0.0024396274238824844,0.9972816705703735,0.00018167606322094798,0.9972816705703735,1,30.03691561493398,30.03691561493398,5.0369156149339815,25.37051891196577,29.991441574172107,29.991441574172107,30.03691561493398,12.5,125.0,250.0,0.014320551385725617,0.0004042136956611052,2.111111111111111
C5,calibration,175,2,2,25.0,2,C5|B5_GEy_F020_R2.txt|2|2|25.000000|85.000000|95.000000,B5_GEy_F020_R2.txt,2,ethylene,Ey,25.0,85.0,95.00000000000001,valid,20.0,0.0,1.0,0.0,0,3000,1,1.0,2,12.5,9.953064727596939e-05,0.004352204501628876,0.9953540563583374,0.00019420994794927537,0.9953540563583374,1,27.400003026986237,27.400003026986237,2.400003026986237,5.760014529543101,27.389088719136936,27.389088719136936,27.400003026986237,12.5,125.0,158.19261095716527,0.022271890042409058,9.701606977156669e-05,1.295045430730358
C5,calibration,176,2,2,37.5,2,C5|B5_GEy_F030_R1.txt|1|2|37.500000|120.000000|130.000000,B5_GEy_F030_R1.txt,1,ethylene,Ey,37.5,120.0,130.0,valid,20.0,0.0,1.0,0.0,0,3000,0,1.0,2,12.5,0.00012120834435336292,0.0014059945242479444,0.9981430768966675,0.00032972646295093,0.9981430768966675,1,42.23578744861436,42.23578744861436,4.73578744861436,22.42768275845331,42.22292498705416,42.22292498705416,42.23578744861436,12.5,125.0,250.0,0.010693929337491071,0.00011433299164625371,2.111111111111111
C5,calibration,177,2,2,37.5,2,C5|B5_GEy_F030_R1.txt|1|2|37.500000|135.000000|145.000000,B5_GEy_F030_R1.txt,1,ethylene,Ey,37.5,135.0,145.0,valid,20.0,0.0,1.0,0.0,0,3000,0,1.0,2,12.5,0.00011757256288547069,0.0013314861571416259,0.998228132724762,0.0003228089481126517,0.998228132724762,1,43.99343953140784,43.99343953140784,6.493439531407837,42.164756948050034,43.98722950658606,43.98722950658606,43.99343953140784,12.5,125.0,250.0,0.010275892555654226,5.5200220638009036e-05,2.111111111111111
C5,calibration,178,2,2,37.5,2,C5|B5_GEy_F030_R1.txt|1|2|37.500000|145.000000|155.000000,B5_GEy_F030_R1.txt,1,ethylene,Ey,37.5,145.0,155.0,valid,20.0,0.0,1.0,0.0,0,3000,0,1.0,2,12.5,0.00011608260683715343,0.0012602240312844515,0.9983079433441162,0.00031568759004585445,0.9983079433441162,1,42.43509123805102,42.43509123805102,4.935091238051022,24.35512552788797,42.462299482133815,42.462299482133815,42.43509123805102,12.5,125.0,250.0,0.009883180020385374,0.00024185105851371545,2.111111111111111
C5,calibration,179,2,2,37.5,2,C5|B5_GEy_F030_R1.txt|1|2|37.500000|60.000000|70.000000,B5_GEy_F030_R1.txt,1,ethylene,Ey,37.5,60.0,70.0,valid,20.0,0.0,1.0,0.0,0,3000,0,1.0,2,12.5,0.00010723700688686222,0.0013187623117119074,0.9968858361244202,0.0016880922485142946,0.9968858361244202,1,39.89795850071528,39.89795850071528,2.3979585007152835,5.75020497115269,40.79727003201903,40.79727003201903,39.89795850071528,12.5,125.0,250.0,0.01703198530737683,0.00799388027825551,2.111111111111111
C5,calibration,180,2,2,37.5,2,C5|B5_GEy_F030_R1.txt|1|2|37.500000|65.000000|75.000000,B5_GEy_F030_R1.txt,1,ethylene,Ey,37.5,65.0,75.0,valid,20.0,0.0,1.0,0.0,0,3000,0,1.0,2,12.5,0.0001344410702586174,0.0014582909643650055,0.9982213377952576,0.00018587737577036023,0.9982213377952576,1,42.144392825652986,42.144392825652986,4.644392825652986,21.570384718976925,42.29252738549094,42.29252738549094,42.144392825652986,12.5,125.0,250.0,0.01016786860566844,0.001316751643004055,2.111111111111111
C5,calibration,181,2,2,37.5,2,C5|B5_GEy_F030_R1.txt|1|2|37.500000|85.000000|95.000000,B5_GEy_F030_R1.txt,1,ethylene,Ey,37.5,85.0,95.00000000000001,valid,20.0,0.0,1.0,0.0,0,3000,0,1.0,2,12.5,0.00011378715134924278,0.0018288751598447561,0.9977267384529114,0.00033064294257201254,0.9977267384529114,1,43.3380842961722,43.3380842961722,5.838084296172198,34.08322824921243,43.22232960013288,43.22232960013288,43.3380842961722,12.5,125.0,250.0,0.012611501885279828,0.0010289306314606014,2.111111111111111
C5,calibration,182,2,2,37.5,2,C5|B5_GEy_F030_R2.txt|2|2|37.500000|110.000000|120.000000,B5_GEy_F030_R2.txt,2,ethylene,Ey,37.5,110.0,120.00000000000001,valid,20.0,0.0,1.0,0.0,0,3000,6,0.9986666666666667,2,12.5,8.878405060386285e-05,0.0016441578045487404,0.9980090260505676,0.00025799384457059205,0.9980090260505676,1,37.900380094197914,37.900380094197914,0.40038009419791365,0.1603042198299302,37.82725992938664,37.82725992938664,37.900380094197914,12.5,125.0,250.0,0.011172876323241926,0.0006499570205446364,2.111111111111111
C5,calibration,183,2,2,37.5,2,C5|B5_GEy_F030_R2.txt|2|2|37.500000|145.000000|155.000000,B5_GEy_F030_R2.txt,2,ethylene,Ey,37.5,145.0,155.0,valid,20.0,0.0,1.0,0.0,0,3000,6,0.9986666666666667,2,12.5,8.670950774103403e-05,0.0015705190598964691,0.9980776309967041,0.0002650329261086881,0.9980776309967041,1,38.47160897715422,38.47160897715422,0.9716089771542187,0.944024004486667,38.44626653749912,38.44626653749912,38.47160897715422,12.5,125.0,250.0,0.010859200890015689,0.00022526613026754047,2.111111111111111
C5,calibration,184,2,2,50.0,2,C5|B5_GEy_F040_R1.txt|1|2|50.000000|100.000000|110.000000,B5_GEy_F040_R1.txt,1,ethylene,Ey,50.0,100.0,110.00000000000001,valid,20.0,0.0,1.0,0.0,0,3000,3,1.0,2,12.5,0.00011073758651036769,0.00105295202229172,0.9979438185691833,0.0008924905559979379,0.9979438185691833,1,53.58560205760338,53.58560205760338,3.5856020576033814,12.856542115489603,53.57896002187046,53.57896002187046,53.58560205760338,12.5,125.0,250.0,0.011937237542771373,5.904031762598707e-05,2.111111111111111
C5,calibration,185,2,2,50.0,2,C5|B5_GEy_F040_R1.txt|1|2|50.000000|135.000000|145.000000,B5_GEy_F040_R1.txt,1,ethylene,Ey,50.0,135.0,145.0,valid,20.0,0.0,1.0,0.0,0,3000,3,1.0,2,12.5,0.0001344643533229828,0.0009377304231747985,0.9982675313949585,0.0006601905333809555,0.9982675313949585,1,53.89563178643639,53.89563178643639,3.8956317864363896,15.175947015493577,53.79575977183011,53.79575977183011,53.89563178643639,12.5,125.0,250.0,0.010316766840918175,0.0008877512409446809,2.111111111111111
C5,calibration,186,2,2,50.0,2,C5|B5_GEy_F040_R1.txt|1|2|50.000000|145.000000|155.000000,B5_GEy_F040_R1.txt,1,ethylene,Ey,50.0,145.0,155.0,valid,20.0,0.0,1.0,0.0,0,3000,3,1.0,2,12.5,0.00011661564349196851,0.0009446025360375643,0.9985030889511108,0.0004357515135779977,0.9985030889511108,1,52.89197899251235,52.89197899251235,2.8919789925123496,8.363542493132744,52.96693520000262,52.96693520000262,52.89197899251235,12.5,125.0,250.0,0.00901892711069233,0.0006662773999134843,2.111111111111111
C5,calibration,187,2,2,50.0,2,C5|B5_GEy_F040_R2.txt|2|2|50.000000|115.000000|125.000000,B5_GEy_F040_R2.txt,2,ethylene,Ey,50.0,115.0,125.00000000000001,valid,20.0,0.0,1.0,0.0,0,3000,0,1.0,2,12.5,8.674147102283314e-05,0.0010013703722506762,0.9985958933830261,0.00031598503119312227,0.9985958933830261,1,53.31125049030919,53.31125049030919,3.3112504903091917,10.964379809572863,53.13382292622692,53.13382292622692,53.31125049030919,12.5,125.0,250.0,0.0084231808359937,0.0015771339029535308,2.111111111111111
C5,calibration,188,2,2,50.0,2,C5|B5_GEy_F040_R2.txt|2|2|50.000000|125.000000|135.000000,B5_GEy_F040_R2.txt,2,ethylene,Ey,50.0,125.0,135.0,valid,20.0,0.0,1.0,0.0,0,3000,0,1.0,2,12.5,8.745118975639343e-05,0.000997779075987637,0.9985983967781067,0.0003163787187077105,0.9985983967781067,1,52.71702077684774,52.71702077684774,2.7170207768477397,7.382201901822294,52.63166764602778,52.63166764602778,52.71702077684774,12.5,125.0,250.0,0.00841235073515018,0.000758694496177428,2.111111111111111
C5,calibration,189,2,2,50.0,2,C5|B5_GEy_F040_R2.txt|2|2|50.000000|130.000000|140.000000,B5_GEy_F040_R2.txt,2,ethylene,Ey,50.0,130.0,140.0,valid,20.0,0.0,1.0,0.0,0,3000,0,1.0,2,12.5,8.993878145702183e-05,0.0009714477346278727,0.9986153841018677,0.000323223794111982,0.9986153841018677,1,52.580802332580994,52.580802332580994,2.580802332580994,6.6605406798555,52.54460409188502,52.54460409188502,52.580802332580994,12.5,125.0,250.0,0.008337354805193428,0.00032176213951976885,2.111111111111111
C5,calibration,190,2,2,50.0,2,C5|B5_GEy_F040_R2.txt|2|2|50.000000|60.000000|70.000000,B5_GEy_F040_R2.txt,2,ethylene,Ey,50.0,60.0,70.0,valid,20.0,0.0,1.0,0.0,0,3000,0,1.0,2,18.13597162196119,0.00024909869534894824,0.002083908300846815,0.9975724816322327,9.449123172089458e-05,0.9975724816322327,1,52.17761701365951,52.17761701365951,2.177617013659507,4.742015858179349,53.31496841200393,53.31496841200393,52.17761701365951,18.13597162196119,125.0,250.0,0.013151742033252818,0.010109790207505966,2.0610135855825673
C5,calibration,191,2,2,50.0,2,C5|B5_GEy_F040_R2.txt|2|2|50.000000|75.000000|85.000000,B5_GEy_F040_R2.txt,2,ethylene,Ey,50.0,75.0,85.00000000000001,valid,20.0,0.0,1.0,0.0,0,3000,0,1.0,2,12.5,0.00010439426841912791,0.0010669048642739654,0.9986140727996826,0.00021467779879458249,0.9986140727996826,1,54.578667438928825,54.578667438928825,4.578667438928825,20.964195516307047,54.35614315182672,54.35614315182672,54.578667438928825,12.5,125.0,250.0,0.008263797084197293,0.001977993663129812,2.111111111111111
C5,calibration,192,2,2,62.5,2,C5|B5_GEy_F050_R1.txt|1|2|62.500000|120.000000|130.000000,B5_GEy_F050_R1.txt,1,ethylene,Ey,62.5,120.0,130.0,valid,20.0,0.0,1.0,0.0,0,3000,8,1.0,2,12.5,0.0001344065967714414,0.0006092206458561122,0.9988441467285156,0.00041217668331228197,0.9988441467285156,1,69.06080123506143,69.06080123506143,6.560801235061433,43.044112845983626,68.94956938941014,68.94956938941014,69.06080123506143,12.5,125.0,250.0,0.007268414660267837,0.0009887275169003513,2.111111111111111
C5,calibration,193,2,2,62.5,2,C5|B5_GEy_F050_R1.txt|1|2|62.500000|160.000000|170.000000,B5_GEy_F050_R1.txt,1,ethylene,Ey,62.5,160.0,170.0,valid,20.0,0.0,1.0,0.0,0,3000,8,1.0,2,12.5,0.0010170458117499948,0.0041034407913684845,0.9948242902755737,5.522775245481171e-05,0.9948242902755737,1,64.11863936866148,64.11863936866148,1.6186393686614764,2.6199934057808227,63.96765717978663,63.96765717978663,64.11863936866148,12.5,125.0,12.5,0.02543780259121117,0.0013420639011097694,1.0
C5,calibration,194,2,2,62.5,2,C5|B5_GEy_F050_R1.txt|1|2|62.500000|90.000000|100.000000,B5_GEy_F050_R1.txt,1,ethylene,Ey,62.5,90.0,100.00000000000001,valid,20.0,0.0,1.0,0.0,0,3000,8,1.0,2,12.5,0.0001338418514933437,0.0006872437661513686,0.9987221360206604,0.000456702196970582,0.9987221360206604,1,66.85606304865271,66.85606304865271,4.3560630486527145,18.975285283837582,66.77439996834222,66.77439996834222,66.85606304865271,12.5,125.0,250.0,0.007926564616053924,0.0007258940472043681,2.111111111111111
C5,calibration,195,2,2,62.5,2,C5|B5_GEy_F050_R1.txt|1|2|62.500000|95.000000|105.000000,B5_GEy_F050_R1.txt,1,ethylene,Ey,62.5,95.0,105.00000000000001,valid,20.0,0.0,1.0,0.0,0,3000,8,1.0,2,12.5,0.0001390491524944082,0.0006835302338004112,0.9987180233001709,0.00045948600745759904,0.9987180233001709,1,66.53886769428318,66.53886769428318,4.038867694283184,16.31245225192436,66.42568889290848,66.42568889290848,66.53886769428318,12.5,125.0,250.0,0.007955794423914008,0.0010060337899973446,2.111111111111111
C5,calibration,196,2,2,62.5,2,C5|B5_GEy_F050_R2.txt|2|2|62.500000|105.000000|115.000000,B5_GEy_F050_R2.txt,2,ethylene,Ey,62.5,105.0,115.00000000000001,valid,20.0,0.0,1.0,0.0,0,3000,5,1.0,2,12.5,8.242816693382338e-05,0.0008254171116277575,0.9987325072288513,0.00035970090539194643,0.9987325072288513,1,57.02179201558977,57.02179201558977,5.478207984410233,30.010762720456025,57.08918576811347,57.08918576811347,57.02179201558977,12.5,125.0,250.0,0.0077577118716294965,0.000599055577988439,2.111111111111111
C5,calibration,197,2,2,62.5,2,C5|B5_GEy_F050_R2.txt|2|2|62.500000|110.000000|120.000000,B5_GEy_F050_R2.txt,2,ethylene,Ey,62.5,110.0,120.00000000000001,valid,20.0,0.0,1.0,0.0,0,3000,5,1.0,2,12.5,8.627096394775435e-05,0.0007699902635067701,0.9988071918487549,0.00033658070606179535,0.9988071918487549,1,55.64534901542014,55.64534901542014,6.854650984579862,46.986240120401675,55.657409347743624,55.657409347743624,55.64534901542014,12.5,125.0,250.0,0.007365758689894064,0.00010720295398654243,2.111111111111111
C5,calibration,198,2,2,62.5,2,C5|B5_GEy_F050_R2.txt|2|2|62.500000|120.000000|130.000000,B5_GEy_F050_R2.txt,2,ethylene,Ey,62.5,120.0,130.0,valid,20.0,0.0,1.0,0.0,0,3000,5,1.0,2,12.5,8.883518603397533e-05,0.0007989389123395085,0.9987770915031433,0.00033511134097352624,0.9987770915031433,1,55.39973387574142,55.39973387574142,7.100266124258582,50.41377903529398,55.371210575859116,55.371210575859116,55.39973387574142,12.5,125.0,250.0,0.007523895910240093,0.0002535404433982396,2.111111111111111
C5,calibration,199,2,2,62.5,2,C5|B5_GEy_F050_R2.txt|2|2|62.500000|80.000000|90.000000,B5_GEy_F050_R2.txt,2,ethylene,Ey,62.5,80.0,90.00000000000001,valid,20.0,0.0,1.0,0.0,0,3000,5,1.0,2,12.5,9.85720835160464e-05,0.0007669721962884068,0.9988405108451843,0.000293975870590657,0.9988405108451843,1,63.82882009876752,63.82882009876752,1.3288200987675225,1.7657628548885282,63.68838693914765,63.68838693914765,63.82882009876752,12.5,125.0,250.0,0.007184816031793997,0.001248294752176662,2.111111111111111
C5,calibration,200,2,2,75.0,2,C5|B5_GEy_F060_R1.txt|1|2|75.000000|75.000000|85.000000,B5_GEy_F060_R1.txt,1,ethylene,Ey,75.0,75.0,85.00000000000001,valid,20.0,0.0,1.0,0.0,0,3000,0,1.0,2,12.5,0.0001144717462011613,0.0005275058792904019,0.9990052580833435,0.0003527316730469465,0.9990052580833435,1,80.83097673739455,80.83097673739455,5.8309767373945505,34.0002897120364,80.72504672904745,80.72504672904745,80.83097673739455,12.5,125.0,250.0,0.00636121613618489,0.0009416000741964581,2.111111111111111
C5,calibration,201,2,2,75.0,2,C5|B5_GEy_F060_R1.txt|1|2|75.000000|90.000000|100.000000,B5_GEy_F060_R1.txt,1,ethylene,Ey,75.0,90.0,100.00000000000001,valid,20.0,0.0,1.0,0.0,0,3000,0,1.0,2,12.5,0.00013543367094825953,0.0004694210656452924,0.9990149736404419,0.0003801009152084589,0.9990149736404419,1,80.94785657411569,80.94785657411569,5.94785657411569,35.376997826251234,80.9792722491203,80.9792722491203,80.94785657411569,12.5,125.0,250.0,0.006334746471465061,0.00027925044448541786,2.111111111111111
C5,calibration,202,2,2,75.0,2,C5|B5_GEy_F060_R2.txt|2|2|75.000000|110.000000|120.000000,B5_GEy_F060_R2.txt,2,ethylene,Ey,75.0,110.0,120.00000000000001,valid,20.0,0.0,1.0,0.0,0,3000,0,1.0,2,12.5,9.86052182270214e-05,0.0005866248393431306,0.9989627599716187,0.0003519688325468451,0.9989627599716187,1,76.91078844076269,76.91078844076269,1.910788440762687,3.6511124653523006,76.99265787520805,76.99265787520805,76.91078844076269,12.5,125.0,250.0,0.006571669377148146,0.000727728306181032,2.111111111111111
C5,calibration,203,2,2,75.0,2,C5|B5_GEy_F060_R2.txt|2|2|75.000000|125.000000|135.000000,B5_GEy_F060_R2.txt,2,ethylene,Ey,75.0,125.0,135.0,valid,20.0,0.0,1.0,0.0,0,3000,0,1.0,2,12.5,0.00010502964869374409,0.0006570190307684243,0.9988699555397034,0.0003679546352941543,0.9988699555397034,1,76.16047768783295,76.16047768783295,1.1604776878329517,1.3467084639581137,76.12492460052445,76.12492460052445,76.16047768783295,12.5,125.0,250.0,0.007080554613124119,0.0003160274427422236,2.111111111111111
C5,calibration,204,2,2,75.0,2,C5|B5_GEy_F060_R2.txt|2|2|75.000000|135.000000|145.000000,B5_GEy_F060_R2.txt,2,ethylene,Ey,75.0,135.0,145.0,valid,20.0,0.0,1.0,0.0,0,3000,0,1.0,2,12.5,0.00010784374899230897,0.0006264718249440193,0.99891197681427,0.0003536196891218424,0.99891197681427,1,76.52249639232339,76.52249639232339,1.52249639232339,2.317995264637738,76.55498679942951,76.55498679942951,76.52249639232339,12.5,125.0,250.0,0.006855230448968518,0.0002888036187211027,2.111111111111111
C5,calibration,205,2,2,75.0,2,C5|B5_GEy_F060_R2.txt|2|2|75.000000|65.000000|75.000000,B5_GEy_F060_R2.txt,2,ethylene,Ey,75.0,65.0,75.0,valid,20.0,0.0,1.0,0.0,0,3000,0,1.0,2,12.5,0.00013727448822464794,0.0006648963317275047,0.999081015586853,0.00011679291492328048,0.999081015586853,1,76.51451795064183,76.51451795064183,1.5145179506418316,2.2937646228163335,77.21508757288889,77.21508757288889,76.51451795064183,12.5,125.0,250.0,0.005814991840732964,0.0062272855310849685,2.111111111111111
C5,calibration,206,2,2,75.0,2,C5|B5_GEy_F060_R2.txt|2|2|75.000000|70.000000|80.000000,B5_GEy_F060_R2.txt,2,ethylene,Ey,75.0,70.0,80.00000000000001,valid,20.0,0.0,1.0,0.0,0,3000,0,1.0,2,12.5,0.00011018849909305573,0.0006171799614094198,0.9990977048873901,0.00017495854990556836,0.9990977048873901,1,76.94445258719745,76.94445258719745,1.9444525871974463,3.7808958638588424,77.00890542010973,77.00890542010973,76.94445258719745,12.5,125.0,250.0,0.0057569348360944125,0.0005729140703313836,2.111111111111111
C5,calibration,207,2,2,75.0,2,C5|B5_GEy_F060_R2.txt|2|2|75.000000|80.000000|90.000000,B5_GEy_F060_R2.txt,2,ethylene,Ey,75.0,80.0,90.00000000000001,valid,20.0,0.0,1.0,0.0,0,3000,0,1.0,2,12.5,9.864967432804406e-05,0.0006020263535901904,0.9989738464355469,0.00032548417220823467,0.9989738464355469,1,76.07530090724501,76.07530090724501,1.0753009072450084,1.156272041121938,76.00015543765939,76.00015543765939,76.07530090724501,12.5,125.0,250.0,0.006501807089849594,0.0006679597296499651,2.111111111111111
C5,calibration,208,2,2,87.5,2,C5|B5_GEy_F070_R1.txt|1|2|87.500000|105.000000|115.000000,B5_GEy_F070_R1.txt,1,ethylene,Ey,87.5,105.0,115.00000000000001,valid,20.0,0.0,1.0,0.0,0,3000,0,0.9996666666666667,2,12.5,0.0001643001160118729,0.00047392924898304045,0.9989256262779236,0.0004360762541182339,0.9989256262779236,1,88.71184047395535,88.71184047395535,1.2118404739553483,1.4685573343163232,88.54931445647786,88.54931445647786,88.71184047395535,12.5,125.0,250.0,0.006858118226856561,0.001444675710911017,2.111111111111111
C5,calibration,209,2,2,87.5,2,C5|B5_GEy_F070_R1.txt|1|2|87.500000|145.000000|155.000000,B5_GEy_F070_R1.txt,1,ethylene,Ey,87.5,145.0,155.0,valid,20.0,0.0,1.0,0.0,0,3000,0,0.9996666666666667,2,12.5,0.00015274586621671915,0.00045200902968645096,0.9989882111549377,0.00040703339618630707,0.9989882111549377,1,86.60216080657274,86.60216080657274,0.8978391934272594,0.8061152172541117,86.64284631903324,86.64284631903324,86.60216080657274,12.5,125.0,250.0,0.006500967332942097,0.0003616489996488781,2.111111111111111
C5,calibration,210,2,2,87.5,2,C5|B5_GEy_F070_R1.txt|1|2|87.500000|160.000000|170.000000,B5_GEy_F070_R1.txt,1,ethylene,Ey,87.5,160.0,170.0,valid,20.0,0.0,1.0,0.0,0,3000,0,0.9996666666666667,2,12.5,0.0006322664557956159,0.001779433572664857,0.997532844543457,5.538683763006702e-05,0.997532844543457,1,82.3426856349734,82.3426856349734,5.157314365026593,26.597891459709654,82.30585293057143,82.30585293057143,82.3426856349734,12.5,125.0,12.5,0.013655670499859288,0.00032740181690643215,1.0
C5,calibration,211,2,2,87.5,2,C5|B5_GEy_F070_R1.txt|1|2|87.500000|75.000000|85.000000,B5_GEy_F070_R1.txt,1,ethylene,Ey,87.5,75.0,85.00000000000001,valid,20.0,0.0,1.0,0.0,0,3000,0,0.9996666666666667,2,12.5,0.00012321537360548973,0.00048322268412448466,0.9989731311798096,0.0004205227887723595,0.9989731311798096,1,87.29039002636682,87.29039002636682,0.20960997363317802,0.043936341046501584,87.17695496266595,87.17695496266595,87.29039002636682,12.5,125.0,250.0,0.006559966329126852,0.0010083116773411246,2.111111111111111
C5,calibration,212,2,2,87.5,2,C5|B5_GEy_F070_R1.txt|1|2|87.500000|95.000000|105.000000,B5_GEy_F070_R1.txt,1,ethylene,Ey,87.5,95.0,105.00000000000001,valid,20.0,0.0,1.0,0.0,0,3000,0,0.9996666666666667,2,12.5,0.0001760076847858727,0.0005003915866836905,0.9988756775856018,0.00044801904004998505,0.9988756775856018,1,89.0753528005945,89.0753528005945,1.5753528005945014,2.481736446340939,88.95251242144046,88.95251242144046,89.0753528005945,12.5,125.0,250.0,0.007143388060852951,0.0010919144813692583,2.111111111111111
C5,calibration,213,2,2,87.5,2,C5|B5_GEy_F070_R2.txt|2|2|87.500000|140.000000|150.000000,B5_GEy_F070_R2.txt,2,ethylene,Ey,87.5,140.0,150.0,valid,4.42,0.0,1.0,0.0,0,3000,1,1.0,2,12.5,0.00011722170893335715,0.0005288927932269871,0.9990235567092896,0.0003303353441879153,0.9990235567092896,1,86.42756115735169,86.42756115735169,1.0724388426483102,1.150125071220847,86.4690648693443,86.4690648693443,86.42756115735169,12.5,125.0,250.0,0.006257771480007864,0.0003689218843787027,2.111111111111111
C5,calibration,214,2,2,87.5,2,C5|B5_GEy_F070_R2.txt|2|2|87.500000|145.000000|155.000000,B5_GEy_F070_R2.txt,2,ethylene,Ey,87.5,145.0,155.0,valid,6.28,0.0,1.0,0.0,0,3000,1,1.0,2,12.5,0.00011754375736927614,0.0005737509927712381,0.9990110397338867,0.00029759525205008686,0.9990110397338867,1,88.7510984903883,88.7510984903883,1.2510984903883013,1.5652474326518866,88.76490400305687,88.76490400305687,88.7510984903883,12.5,125.0,250.0,0.0063122095780730894,0.00012271566816505382,2.111111111111111
C5,calibration,215,2,2,87.5,2,C5|B5_GEy_F070_R2.txt|2|2|87.500000|80.000000|90.000000,B5_GEy_F070_R2.txt,2,ethylene,Ey,87.5,80.0,90.00000000000001,valid,19.6,0.0,1.0,0.0,0,3000,1,1.0,2,12.5,0.0001014599110931158,0.000529235927388072,0.9989884495735168,0.0003808168403338641,0.9989884495735168,1,84.22268094678117,84.22268094678117,3.2773190532188323,10.740820176591184,84.14826170150647,84.14826170150647,84.22268094678117,12.5,125.0,250.0,0.006445159832984783,0.0006615044024417531,2.111111111111111
C5,calibration,216,2,2,100.0,2,C5|B5_GEy_F080_R1.txt|1|2|100.000000|90.000000|100.000000,B5_GEy_F080_R1.txt,1,ethylene,Ey,100.0,90.0,100.00000000000001,valid,20.0,0.0,1.0,0.0,0,2996,2,1.0,2,12.5,0.0001812603004509583,0.00041166521259583533,0.9990185499191284,0.0003884405887220055,0.9990185499191284,1,102.5668006039457,102.5668006039457,2.566800603945694,6.58846534041598,102.43862127167918,102.43862127167918,102.5668006039457,12.5,125.0,250.0,0.0063494826198406676,0.0011393718423689987,2.111111111111111
C5,calibration,217,2,2,100.0,2,C5|B5_GEy_F080_R2.txt|2|2|100.000000|125.000000|135.000000,B5_GEy_F080_R2.txt,2,ethylene,Ey,100.0,125.0,135.0,valid,20.0,0.0,1.0,0.0,0,2995,11,0.9986666666666667,2,12.5,0.00013585046690423042,0.00046421110164374113,0.9990455508232117,0.0003543702478054911,0.9990455508232117,1,100.56328467050342,100.56328467050342,0.5632846705034211,0.3172896200241477,100.60868481151553,100.60868481151553,100.56328467050342,12.5,125.0,250.0,0.006161772886639223,0.00040355680899652825,2.111111111111111
C5,calibration,218,2,2,100.0,2,C5|B5_GEy_F080_R2.txt|2|2|100.000000|135.000000|145.000000,B5_GEy_F080_R2.txt,2,ethylene,Ey,100.0,135.0,145.0,valid,20.0,0.0,1.0,0.0,0,2995,11,0.9986666666666667,2,12.5,0.00013564871915150434,0.000468151003587991,0.9990384578704834,0.00035780537291429937,0.9990384578704834,1,99.69173023106387,99.69173023106387,0.30826976893612823,0.09503025043993389,99.6984113858946,99.6984113858946,99.69173023106387,12.5,125.0,250.0,0.006201890753582873,5.938804293982179e-05,2.111111111111111
C5,calibration,219,2,2,100.0,2,C5|B5_GEy_F080_R2.txt|2|2|100.000000|150.000000|160.000000,B5_GEy_F080_R2.txt,2,ethylene,Ey,100.0,150.0,160.0,valid,19.92,0.0,1.0,0.0,0,2995,11,0.9986666666666667,2,12.5,0.00015086765051819384,0.00039624155033379793,0.9993583559989929,9.458143176743761e-05,0.9993583559989929,1,103.30114678274386,103.30114678274386,3.3011467827438565,10.897570081220115,103.43511888111159,103.43511888111159,103.30114678274386,12.5,125.0,250.0,0.004291504051900315,0.0011908630966020912,2.111111111111111
C5,calibration,220,2,2,100.0,2,C5|B5_GEy_F080_R2.txt|2|2|100.000000|160.000000|170.000000,B5_GEy_F080_R2.txt,2,ethylene,Ey,100.0,160.0,170.0,valid,20.0,0.0,1.0,0.0,0,2995,11,0.9986666666666667,2,12.5,0.0008058667299337685,0.05339675024151802,0.9451261758804321,0.0006713276379741728,0.9451261758804321,1,101.4986930281578,101.4986930281578,1.4986930281578026,2.246080792648804,101.52898514960012,101.52898514960012,101.4986930281578,12.5,125.0,12.5,0.15901259042388555,0.00026926330170946736,1.0
C5,calibration,221,2,2,100.0,2,C5|B5_GEy_F080_R2.txt|2|2|100.000000|60.000000|70.000000,B5_GEy_F080_R2.txt,2,ethylene,Ey,100.0,60.0,70.0,valid,20.0,0.0,1.0,0.0,0,2995,11,0.9986666666666667,2,69.57152120975859,0.00019717050599865615,0.0005339426570571959,0.9991620779037476,0.00010679760453058407,0.9991620779037476,1,97.78215824613353,97.78215824613353,2.217841753866466,4.918822045193482,96.45178247755399,96.45178247755399,97.78215824613353,69.57152120975859,125.0,250.0,0.005424327655489659,0.011825562387373718,1.6038087003577013
C5,calibration,222,2,2,100.0,2,C5|B5_GEy_F080_R2.txt|2|2|100.000000|65.000000|75.000000,B5_GEy_F080_R2.txt,2,ethylene,Ey,100.0,65.0,75.0,valid,20.0,0.0,1.0,0.0,0,2995,11,0.9986666666666667,2,12.5,0.0001297463895753026,0.0004928437410853803,0.9992368221282959,0.0001405678631272167,0.9992368221282959,1,101.55376121554116,101.55376121554116,1.553761215541158,2.4141739149199366,102.5110206142579,102.5110206142579,101.55376121554116,12.5,125.0,250.0,0.00499466881001446,0.008508972433037722,2.111111111111111
C5,calibration,223,2,2,100.0,2,C5|B5_GEy_F080_R2.txt|2|2|100.000000|95.000000|105.000000,B5_GEy_F080_R2.txt,2,ethylene,Ey,100.0,95.0,105.00000000000001,valid,20.0,0.0,1.0,0.0,0,2995,11,0.9986666666666667,2,12.5,0.00011171331425430253,0.0004710544308181852,0.9990309476852417,0.0003863309102598578,0.9990309476852417,1,102.42679154241895,102.42679154241895,2.426791542418954,5.889317190356166,102.44625564681856,102.44625564681856,102.42679154241895,12.5,125.0,250.0,0.006225055814288531,0.00017301426132980345,2.111111111111111
C5,calibration,224,2,2,112.5,2,C5|B5_GEy_F090_R1.txt|1|2|112.500000|100.000000|110.000000,B5_GEy_F090_R1.txt,1,ethylene,Ey,112.5,100.0,110.00000000000001,valid,18.04,0.0,1.0,0.0,0,2681,6127,1.0,2,12.5,0.00019863936176989228,0.0004376841534394771,0.9968193769454956,0.002544321585446596,0.9968193769454956,1,107.72370496727831,107.72370496727831,4.776295032721691,22.812994239601903,107.57679160263365,107.57679160263365,107.72370496727831,12.5,125.0,250.0,0.016917994713239935,0.0013058965746192068,2.111111111111111
C5,calibration,225,2,2,112.5,2,C5|B5_GEy_F090_R1.txt|1|2|112.500000|130.000000|140.000000,B5_GEy_F090_R1.txt,1,ethylene,Ey,112.5,130.0,140.0,valid,18.16,0.0,1.0,0.0,0,2681,6127,1.0,2,12.5,0.00019078997138421983,0.00044748312211595476,0.9982290863990784,0.0011325896484777331,0.9982290863990784,1,106.84149214232099,106.84149214232099,5.658507857679012,32.01871117541513,106.76337422591942,106.76337422591942,106.84149214232099,12.5,125.0,250.0,0.010486159520551326,0.0006943814791250386,2.111111111111111
C5,calibration,226,2,2,112.5,2,C5|B5_GEy_F090_R1.txt|1|2|112.500000|70.000000|80.000000,B5_GEy_F090_R1.txt,1,ethylene,Ey,112.5,70.0,80.00000000000001,valid,18.04,0.0,1.0,0.0,0,2681,6127,1.0,2,12.5,0.00011710188846336678,0.0004302721645217389,0.9988774657249451,0.0005751300486736,0.9988774657249451,1,104.83734823107397,104.83734823107397,7.662651768926025,58.716232131825144,105.16153639290594,105.16153639290594,104.83734823107397,12.5,125.0,250.0,0.0070750055651240314,0.002881672549617507,2.111111111111111
C5,calibration,227,2,2,112.5,2,C5|B5_GEy_F090_R1.txt|1|2|112.500000|75.000000|85.000000,B5_GEy_F090_R1.txt,1,ethylene,Ey,112.5,75.0,85.00000000000001,valid,18.18,0.0,1.0,0.0,0,2681,6127,1.0,2,12.5,0.0001317887508776039,0.00038639939157292247,0.9988293051719666,0.0006524726049974561,0.9988293051719666,1,105.2180746676228,105.2180746676228,7.281925332377199,53.02643654631678,105.2954503021947,105.2954503021947,105.2180746676228,12.5,125.0,250.0,0.007335918219417705,0.0006877834184168326,2.111111111111111
C5,calibration,228,2,2,112.5,2,C5|B5_GEy_F090_R2.txt|2|2|112.500000|100.000000|110.000000,B5_GEy_F090_R2.txt,2,ethylene,Ey,112.5,100.0,110.00000000000001,valid,20.0,0.0,1.0,0.0,0,3000,0,1.0,2,12.5,0.00013988772116135806,0.0004702302103396505,0.9989843964576721,0.0004054979362990707,0.9989843964576721,1,106.02394144296724,106.02394144296724,6.476058557032758,41.93933443411721,105.89191457184194,105.89191457184194,106.02394144296724,12.5,125.0,250.0,0.0065113756953862345,0.0011735721877804888,2.111111111111111
C5,calibration,229,2,2,112.5,2,C5|B5_GEy_F090_R2.txt|2|2|112.500000|155.000000|165.000000,B5_GEy_F090_R2.txt,2,ethylene,Ey,112.5,155.0,165.0,valid,20.0,0.0,1.0,0.0,0,3000,0,1.0,2,12.5,0.0004773368127644062,0.0007060224306769669,0.9987358450889587,8.083628199528903e-05,0.9987358450889587,1,119.74099827092641,119.74099827092641,7.240998270926411,52.43205595955928,119.75721562978386,119.75721562978386,119.74099827092641,12.5,125.0,12.5,0.007789267245193163,0.0001441543009550767,1.0
C5,calibration,230,2,2,112.5,2,C5|B5_GEy_F090_R2.txt|2|2|112.500000|160.000000|170.000000,B5_GEy_F090_R2.txt,2,ethylene,Ey,112.5,160.0,170.0,valid,20.0,0.0,1.0,0.0,0,3000,0,1.0,2,12.5,0.0006428545457310975,0.01564093865454197,0.9833621382713318,0.0003540530160535127,0.9833621382713318,1,105.11349529093712,105.11349529093712,7.386504709062876,54.56045181700805,105.28606631274334,105.28606631274334,105.11349529093712,12.5,125.0,12.5,0.06425014477480544,0.001533964638277515,1.0
C5,calibration,231,2,2,112.5,2,C5|B5_GEy_F090_R2.txt|2|2|112.500000|80.000000|90.000000,B5_GEy_F090_R2.txt,2,ethylene,Ey,112.5,80.0,90.00000000000001,valid,20.0,0.0,1.0,0.0,0,3000,0,1.0,2,12.5,0.00012146589870098978,0.0003626163525041193,0.999146580696106,0.00036940985592082143,0.999146580696106,1,105.51848390043676,105.51848390043676,6.981516099563237,48.741567048460674,105.44335151190073,105.44335151190073,105.51848390043676,12.5,125.0,250.0,0.0055836282955190044,0.0006678434536536315,2.111111111111111
C5,calibration,232,2,2,125.0,2,C5|B5_GEy_F100_R1.txt|1|2|125.000000|105.000000|115.000000,B5_GEy_F100_R1.txt,1,ethylene,Ey,125.0,105.0,115.00000000000001,valid,20.0,0.0,1.0,0.0,0,3000,0,1.0,2,12.5,0.0001912906882353127,0.00040821367292664945,0.9989226460456848,0.00047784627531655133,0.9989226460456848,1,118.46678619436815,118.46678619436815,6.533213805631846,42.68288263009854,118.4068822972256,118.4068822972256,118.46678619436815,12.5,125.0,250.0,0.006891648601408647,0.0005324790857116568,2.111111111111111
C5,calibration,233,2,2,125.0,2,C5|B5_GEy_F100_R1.txt|1|2|125.000000|120.000000|130.000000,B5_GEy_F100_R1.txt,1,ethylene,Ey,125.0,120.0,130.0,valid,20.0,0.0,1.0,0.0,0,3000,0,1.0,2,12.5,0.00019602682732511312,0.0004158802330493927,0.9989078044891357,0.00048019803944043815,0.9989078044891357,1,121.89216143115372,121.89216143115372,3.107838568846276,9.658660570008468,121.83598206411396,121.83598206411396,121.89216143115372,12.5,125.0,250.0,0.006976980251162877,0.0004993721514645384,2.111111111111111
C5,calibration,234,2,2,125.0,2,C5|B5_GEy_F100_R1.txt|1|2|125.000000|145.000000|155.000000,B5_GEy_F100_R1.txt,1,ethylene,Ey,125.0,145.0,155.0,valid,20.0,0.0,1.0,0.0,0,3000,0,1.0,2,12.5,0.00017486288561485708,0.00035481754457578063,0.9990819692611694,0.0003884289471898228,0.9990819692611694,1,123.71889368719233,123.71889368719233,1.2811063128076654,1.641233384715652,123.79050945451652,123.79050945451652,123.71889368719233,12.5,125.0,250.0,0.00598686881455015,0.00063658459843724,2.111111111111111
C5,calibration,235,2,2,125.0,2,C5|B5_GEy_F100_R1.txt|1|2|125.000000|70.000000|80.000000,B5_GEy_F100_R1.txt,1,ethylene,Ey,125.0,70.0,80.00000000000001,valid,20.0,0.0,1.0,0.0,0,3000,0,1.0,2,12.5,0.0001321210729656741,0.00038760172901675105,0.9990729093551636,0.0004073045856785029,0.9990729093551636,1,121.31869277785945,121.31869277785945,3.6813072221405463,13.552022863784146,121.66344191219827,121.66344191219827,121.31869277785945,12.5,125.0,250.0,0.006009514088008901,0.0030644367496783314,2.111111111111111
C5,calibration,236,2,2,125.0,2,C5|B5_GEy_F100_R1.txt|1|2|125.000000|75.000000|85.000000,B5_GEy_F100_R1.txt,1,ethylene,Ey,125.0,75.0,85.00000000000001,valid,20.0,0.0,1.0,0.0,0,3000,0,1.0,2,12.5,0.00015993166016414762,0.0003243043611291796,0.9990874528884888,0.00042824141564778984,0.9990874528884888,1,122.73639939688637,122.73639939688637,2.2636006031136304,5.1238876904163915,122.72693090435197,122.72693090435197,122.73639939688637,12.5,125.0,250.0,0.0059416138769979015,8.416437808351576e-05,2.111111111111111
C5,calibration,237,2,2,125.0,2,C5|B5_GEy_F100_R2.txt|2|2|125.000000|110.000000|120.000000,B5_GEy_F100_R2.txt,2,ethylene,Ey,125.0,110.0,120.00000000000001,valid,20.0,0.0,1.0,0.0,0,3000,4,1.0,2,12.5,0.0001555346098029986,0.0004108813009224832,0.9990660548210144,0.0003675005864351988,0.9990660548210144,1,122.19304954032997,122.19304954032997,2.806950459670034,7.8789708830418155,122.20840621037898,122.20840621037898,122.19304954032997,12.5,125.0,250.0,0.006064762357031006,0.0001365037337690309,2.111111111111111
C5,calibration,238,2,2,125.0,2,C5|B5_GEy_F100_R2.txt|2|2|125.000000|135.000000|145.000000,B5_GEy_F100_R2.txt,2,ethylene,Ey,125.0,135.0,145.0,valid,20.0,0.0,1.0,0.0,0,3000,4,1.0,2,12.5,0.00017643799947109073,0.00037997218896634877,0.9990857839584351,0.0003577378811314702,0.9990857839584351,1,125.0,125.0,0.0,0.0,125.0,125.0,125.0,12.5,125.0,250.0,0.005965552994780158,0.0,2.111111111111111
C5,calibration,239,2,2,125.0,2,C5|B5_GEy_F100_R2.txt|2|2|125.000000|60.000000|70.000000,B5_GEy_F100_R2.txt,2,ethylene,Ey,125.0,60.0,70.0,valid,20.0,0.0,1.0,0.0,0,3000,4,1.0,2,65.13043471100522,0.00017061596736311913,0.00045085977762937546,0.9992637038230896,0.00011484267452033237,0.9992637038230896,1,125.0,125.0,0.0,0.0,125.0,125.0,125.0,65.13043471100522,125.0,250.0,0.004855920754013958,0.0,1.6432850247910646
C5,calibration,240,3,3,25.0,2,C5|B5_GMe_F010_R1.txt|1|3|25.000000|100.000000|110.000000,B5_GMe_F010_R1.txt,1,methane,Me,25.0,100.0,110.00000000000001,valid,20.0,0.0,1.0,0.0,0,3000,0,1.0,3,25.0,8.449035522062331e-05,0.0001402339548803866,0.00015792691556271166,0.999617338180542,0.999617338180542,1,39.53602887667299,39.53602887667299,14.536028876672987,211.29613550347094,41.09309385612568,41.09309385612568,39.53602887667299,25.0,71.00370623460712,12.5,0.0027422678179939274,0.006920288797567511,0.2600164721538094
C5,calibration,241,3,3,25.0,2,C5|B5_GMe_F010_R1.txt|1|3|25.000000|110.000000|120.000000,B5_GMe_F010_R1.txt,1,methane,Me,25.0,110.0,120.00000000000001,valid,20.0,0.0,1.0,0.0,0,3000,0,1.0,3,25.0,8.494953362969682e-05,0.0001420246990164742,0.00015162807540036738,0.9996213912963867,0.9996213912963867,1,25.0,25.0,0.0,0.0,25.0,25.0,25.0,25.0,80.74668098054683,12.5,0.002716959830803473,0.0,0.3033185821357637
C5,calibration,242,3,3,25.0,2,C5|B5_GMe_F010_R1.txt|1|3|25.000000|125.000000|135.000000,B5_GMe_F010_R1.txt,1,methane,Me,25.0,125.0,135.0,valid,20.0,0.0,1.0,0.0,0,3000,0,1.0,3,25.0,8.867610449669883e-05,0.00014387472765520215,0.00013205067079979926,0.9996353387832642,0.9996353387832642,1,41.80919524868082,41.80919524868082,16.809195248680822,282.5490449082739,43.06771465391074,43.06771465391074,41.80919524868082,25.0,94.17267160638862,34.61470997896302,0.002628811013132395,0.005593419578799639,0.3074340960283939
C5,calibration,243,3,3,25.0,2,C5|B5_GMe_F010_R1.txt|1|3|25.000000|140.000000|150.000000,B5_GMe_F010_R1.txt,1,methane,Me,25.0,140.0,150.0,valid,20.0,0.0,1.0,0.0,0,3000,0,1.0,3,25.0,8.931458432925865e-05,0.00014669432130176574,0.0001269667991437018,0.9996370077133179,0.9996370077133179,1,34.70550730115809,34.70550730115809,9.705507301158093,94.19687197283305,34.57479101263374,34.57479101263374,34.70550730115809,25.0,104.73942107128663,106.73984674563778,0.0026182208167476557,0.0005809612823304633,0.3632882077583901
C5,calibration,244,3,3,25.0,2,C5|B5_GMe_F010_R1.txt|1|3|25.000000|145.000000|155.000000,B5_GMe_F010_R1.txt,1,methane,Me,25.0,145.0,155.0,valid,20.0,0.0,1.0,0.0,0,3000,0,1.0,3,25.0,9.673309978097677e-05,0.0001367161312373355,0.00011533807264640927,0.9996511936187744,0.9996511936187744,1,25.0,25.0,0.0,0.0,25.0,25.0,25.0,25.0,115.49352529397841,87.69501931524596,0.0025284627823833152,0.0,0.4021934457510151
C5,calibration,245,3,3,25.0,2,C5|B5_GMe_F010_R1.txt|1|3|25.000000|160.000000|170.000000,B5_GMe_F010_R1.txt,1,methane,Me,25.0,160.0,170.0,valid,20.0,0.0,1.0,0.0,0,3000,0,1.0,3,61.724939729665266,8.934181823860854e-05,0.0001588817103765905,0.0001454985758755356,0.9996063113212585,0.9996063113212585,1,25.0,25.0,0.0,0.0,25.0,25.0,25.0,61.724939729665266,81.64063148845081,19.257510741710146,0.0028146061455319943,0.0,0.27725831442995846
C5,calibration,246,3,3,25.0,2,C5|B5_GMe_F010_R1.txt|1|3|25.000000|90.000000|100.000000,B5_GMe_F010_R1.txt,1,methane,Me,25.0,90.0,100.00000000000001,valid,20.0,0.0,1.0,0.0,0,3000,0,1.0,3,25.0,7.89585683378391e-05,0.00012992837582714856,0.0004363582411315292,0.9993547797203064,0.9993547797203064,1,29.697652189568146,29.697652189568146,4.697652189568146,22.067936094154394,28.789726715256222,28.789726715256222,29.697652189568146,25.0,64.15084704469164,12.5,0.004277369281514466,0.004035224330275216,0.22955932019862954
C5,calibration,247,3,3,25.0,2,C5|B5_GMe_F010_R2.txt|2|3|25.000000|115.000000|125.000000,B5_GMe_F010_R2.txt,2,methane,Me,25.0,115.0,125.00000000000001,valid,20.0,0.0,1.0,0.0,0,3000,117,1.0,3,25.0,9.096301073441282e-05,0.0001483295054640621,0.0001192975469166413,0.9996414184570312,0.9996414184570312,1,43.549500297237955,43.549500297237955,18.549500297237955,344.08396127723097,42.6532700497562,42.6532700497562,43.549500297237955,25.0,89.89014356849118,37.28338230819713,0.002589881516939885,0.0039832455443633485,0.288400638082183
C5,calibration,248,3,3,50.0,2,C5|B5_GMe_F020_R1.txt|1|3|50.000000|120.000000|130.000000,B5_GMe_F020_R1.txt,1,methane,Me,50.0,120.0,130.0,valid,20.0,0.0,1.0,0.0,0,3000,0,1.0,3,56.716877246111494,9.6635238151066e-05,0.00014686278882436454,0.00010469288099557161,0.9996517896652222,0.9996517896652222,1,46.00729254769416,46.00729254769416,3.9927074523058366,15.941712799698564,47.433164375764335,47.433164375764335,46.00729254769416,56.716877246111494,115.16852783875028,240.72848232278304,0.002522674266332283,0.006337208124756318,0.817829355896318
C5,calibration,249,3,3,50.0,2,C5|B5_GMe_F020_R1.txt|1|3|50.000000|130.000000|140.000000,B5_GMe_F020_R1.txt,1,methane,Me,50.0,130.0,140.0,valid,20.0,0.0,1.0,0.0,0,3000,0,1.0,3,52.49327011581079,9.669583232607692e-05,0.00014420406660065055,0.00010606416617520154,0.9996529817581177,0.9996529817581177,1,53.605924212337044,53.605924212337044,3.605924212337044,13.00268942511853,56.010265427136915,56.010265427136915,53.605924212337044,52.49327011581079,118.2321998526971,250.0,0.0025152179560838078,0.010685960954666092,0.8778076883741743
C5,calibration,250,3,3,50.0,2,C5|B5_GMe_F020_R1.txt|1|3|50.000000|135.000000|145.000000,B5_GMe_F020_R1.txt,1,methane,Me,50.0,135.0,145.0,valid,20.0,0.0,1.0,0.0,0,3000,0,1.0,3,51.034144070293564,9.623781079426408e-05,0.00014565717719960958,0.0001056627879734151,0.9996523857116699,0.9996523857116699,1,46.57344511491249,46.57344511491249,3.426554885087512,11.741278380517093,48.219286570900636,48.219286570900636,46.57344511491249,51.034144070293564,124.38720252615657,250.0,0.0025187796676460683,0.007314850915502878,0.8842926930209175
C5,calibration,251,3,3,50.0,2,C5|B5_GMe_F020_R1.txt|1|3|50.000000|145.000000|155.000000,B5_GMe_F020_R1.txt,1,methane,Me,50.0,145.0,155.0,valid,20.0,0.0,1.0,0.0,0,3000,0,1.0,3,55.065887200042425,9.676053014118224e-05,0.0001452924479963258,0.00010457000462338328,0.9996533393859863,0.9996533393859863,1,41.555586466797905,41.555586466797905,8.444413533202095,71.30811991972669,42.06560940781017,42.06560940781017,41.555586466797905,55.065887200042425,140.17394495508515,250.0,0.0025127070394568127,0.0022667686267211847,0.8663738346664781
C5,calibration,252,3,3,50.0,2,C5|B5_GMe_F020_R1.txt|1|3|50.000000|65.000000|75.000000,B5_GMe_F020_R1.txt,1,methane,Me,50.0,65.0,75.0,valid,20.0,0.0,1.0,0.0,0,3000,0,1.0,3,87.1561540182247,0.00011366458784323186,0.00012112013064324856,0.00010122697131009772,0.9996639490127563,0.9996639490127563,1,48.09874528644919,48.09874528644919,1.9012547135508129,3.6147694857991834,53.749869259763315,53.749869259763315,48.09874528644919,87.1561540182247,162.70237028966218,12.5,0.002446648898373913,0.025116106548062792,0.6675660901762763
C5,calibration,253,3,3,50.0,2,C5|B5_GMe_F020_R2.txt|2|3|50.000000|105.000000|115.000000,B5_GMe_F020_R2.txt,2,methane,Me,50.0,105.0,115.00000000000001,valid,20.0,0.0,1.0,0.0,0,3000,2,0.9996666666666667,3,46.31683428027134,9.56612711888738e-05,0.00014735649165231735,0.00010522298543946818,0.9996517896652222,0.9996517896652222,1,64.05286277952297,64.05286277952297,14.052862779522968,197.482952300102,66.53171401367194,66.53171401367194,64.05286277952297,46.31683428027134,99.94407052970568,219.17752882256795,0.002522785874323724,0.011017116596217673,0.7682697535213183
C5,calibration,254,3,3,50.0,2,C5|B5_GMe_F020_R2.txt|2|3|50.000000|135.000000|145.000000,B5_GMe_F020_R2.txt,2,methane,Me,50.0,135.0,145.0,valid,20.0,0.0,1.0,0.0,0,3000,2,0.9996666666666667,3,51.51950541661188,9.541267354506999e-05,0.0001483025262132287,0.00010498427582206205,0.999651312828064,0.999651312828064,1,54.7792965427482,54.7792965427482,4.779296542748199,22.841675443524885,56.43504374179798,56.43504374179798,54.7792965427482,51.51950541661188,119.72335270301828,250.0,0.002525580170312987,0.007358876440221264,0.882135531481725
C5,calibration,255,3,3,50.0,2,C5|B5_GMe_F020_R2.txt|2|3|50.000000|160.000000|170.000000,B5_GMe_F020_R2.txt,2,methane,Me,50.0,160.0,170.0,valid,20.0,0.0,1.0,0.0,0,3000,2,0.9996666666666667,3,130.31639468400522,0.00010485325037734583,0.00016314360254909843,9.258634236175567e-05,0.9996393918991089,0.9996393918991089,1,65.7382912453572,65.7382912453572,15.738291245357203,247.69381132368719,67.08010923850998,67.08010923850998,65.7382912453572,130.31639468400522,156.46416626515233,185.86927130081736,0.0025996984461445463,0.005963635525123436,0.24690167385249842
C5,calibration,256,3,3,75.0,2,C5|B5_GMe_F030_R1.txt|1|3|75.000000|100.000000|110.000000,B5_GMe_F030_R1.txt,1,methane,Me,75.0,100.0,110.00000000000001,valid,20.0,0.0,1.0,0.0,0,3000,0,1.0,3,79.79937178906647,9.77241579676047e-05,0.00014515519433189183,0.0001018291077343747,0.9996552467346191,0.9996552467346191,1,73.38009975328373,73.38009975328373,1.61990024671627,2.624076809311432,73.15784452693447,73.15784452693447,73.38009975328373,79.79937178906647,114.68622122064083,250.0,0.002500111468346364,0.0009878010059967185,0.7564472364930379
C5,calibration,257,3,3,75.0,2,C5|B5_GMe_F030_R1.txt|1|3|75.000000|135.000000|145.000000,B5_GMe_F030_R1.txt,1,methane,Me,75.0,135.0,145.0,valid,20.0,0.0,1.0,0.0,0,3000,0,1.0,3,72.0801617995653,9.785247675608844e-05,0.0001458818296669051,0.00010103184467880055,0.9996552467346191,0.9996552467346191,1,69.98333009008294,69.98333009008294,5.016669909917056,25.1669769850672,72.03764999763797,72.03764999763797,69.98333009008294,72.0801617995653,149.09862691016113,250.0,0.0025002667533679003,0.009130310700244561,0.7907548364463765
C5,calibration,258,3,3,75.0,2,C5|B5_GMe_F030_R1.txt|1|3|75.000000|65.000000|75.000000,B5_GMe_F030_R1.txt,1,methane,Me,75.0,65.0,75.0,valid,20.0,0.0,1.0,0.0,0,3000,0,1.0,3,94.84355409381482,0.00010546784324105829,0.0001284624304389581,0.00010256638051941991,0.9996634721755981,0.9996634721755981,1,71.16278779103128,71.16278779103128,3.8372122089687224,14.724197536658622,70.71440354905246,70.71440354905246,71.16278779103128,94.84355409381482,103.22716943890634,174.99159499653445,0.002449213374436174,0.0019928188532391763,0.3562135151231984
C5,calibration,259,3,3,75.0,2,C5|B5_GMe_F030_R1.txt|1|3|75.000000|80.000000|90.000000,B5_GMe_F030_R1.txt,1,methane,Me,75.0,80.0,90.00000000000001,valid,20.0,0.0,1.0,0.0,0,3000,0,1.0,3,80.7781383864799,9.865645552054048e-05,0.0001441231434000656,9.999221947509795e-05,0.9996572732925415,0.9996572732925415,1,80.51523504382871,80.51523504382871,5.51523504382871,30.417817588676275,81.53730313367026,81.53730313367026,80.51523504382871,80.7781383864799,99.81937718282408,230.8529895298373,0.0024874793800428356,0.004542524843740239,0.6669993384149218
C5,calibration,260,3,3,75.0,2,C5|B5_GMe_F030_R1.txt|1|3|75.000000|85.000000|95.000000,B5_GMe_F030_R1.txt,1,methane,Me,75.0,85.0,95.00000000000001,valid,20.0,0.0,1.0,0.0,0,3000,0,1.0,3,76.78627078935426,9.81771809165366e-05,0.00014523394929710776,0.00010065560491057113,0.9996559619903564,0.9996559619903564,1,79.4651210547004,79.4651210547004,4.465121054700404,19.93730603312885,81.32235290101232,81.32235290101232,79.4651210547004,76.78627078935426,105.43225683594224,241.13178354271662,0.0024957911060490222,0.008254363761386305,0.730424501126055
C5,calibration,261,3,3,75.0,2,C5|B5_GMe_F030_R1.txt|1|3|75.000000|95.000000|105.000000,B5_GMe_F030_R1.txt,1,methane,Me,75.0,95.0,105.00000000000001,valid,20.0,0.0,1.0,0.0,0,3000,0,1.0,3,72.20006969517061,9.797969687497243e-05,0.00014463374100159854,0.00010173809278057888,0.9996556043624878,0.9996556043624878,1,68.70144906287797,68.70144906287797,6.29855093712203,39.671743907520806,70.91847453332758,70.91847453332758,68.70144906287797,72.20006969517061,114.1186667925037,250.0,0.0024978843186297577,0.009853446535331614,0.7902219124659083
C5,calibration,262,3,3,75.0,2,C5|B5_GMe_F030_R2.txt|2|3|75.000000|115.000000|125.000000,B5_GMe_F030_R2.txt,2,methane,Me,75.0,115.0,125.00000000000001,valid,20.0,0.0,1.0,0.0,0,2998,70,1.0,3,73.21830355874829,9.90555708995089e-05,0.00014166069740895182,0.00010059119813377038,0.9996587038040161,0.9996587038040161,1,75.19457776930865,75.19457776930865,0.19457776930865123,0.037860508309130694,78.52255841602104,78.52255841602104,75.19457776930865,73.21830355874829,127.72587811800433,250.0,0.0024784112195049626,0.014791025096499513,0.7856964286277854
C5,calibration,263,3,3,75.0,2,C5|B5_GMe_F030_R2.txt|2|3|75.000000|125.000000|135.000000,B5_GMe_F030_R2.txt,2,methane,Me,75.0,125.0,135.0,valid,20.0,0.0,1.0,0.0,0,2998,70,1.0,3,79.66373634337634,9.904825856210664e-05,0.00014188684872351587,9.991081606131047e-05,0.9996591806411743,0.9996591806411743,1,76.18938380698326,76.18938380698326,1.1893838069832583,1.4146338403139886,78.09100418329001,78.09100418329001,76.18938380698326,79.66373634337634,140.6403807417748,250.0,0.0024752781139128163,0.008451646116918898,0.7570500606961051
C5,calibration,264,3,3,100.0,2,C5|B5_GMe_F040_R1.txt|1|3|100.000000|140.000000|150.000000,B5_GMe_F040_R1.txt,1,methane,Me,100.0,140.0,150.0,valid,20.0,0.0,1.0,0.0,0,2996,4,1.0,3,107.80989523950521,0.00010328055213904008,0.00013802683679386973,9.717997454572469e-05,0.9996615648269653,0.9996615648269653,1,88.78935186963636,88.78935186963636,11.210648130363637,125.67863150282571,90.27692339477551,90.27692339477551,88.78935186963636,107.80989523950521,197.6638552896766,250.0,0.0024604621620311178,0.006611429000618424,0.6319560211577546
C5,calibration,265,3,3,100.0,2,C5|B5_GMe_F040_R1.txt|1|3|100.000000|145.000000|155.000000,B5_GMe_F040_R1.txt,1,methane,Me,100.0,145.0,155.0,valid,20.0,0.0,1.0,0.0,0,2996,4,1.0,3,140.61043430046465,0.0001064744355971925,0.000123837569844909,0.00010497476614546031,0.9996646642684937,0.9996646642684937,1,94.12093194372181,94.12093194372181,5.879068056278186,34.56344121035057,93.30277183985918,93.30277183985918,94.12093194372181,140.61043430046465,224.23985518369824,250.0,0.0024418566408310146,0.003636267128278392,0.48617584755349047
C5,calibration,266,3,3,100.0,2,C5|B5_GMe_F040_R1.txt|1|3|100.000000|160.000000|170.000000,B5_GMe_F040_R1.txt,1,methane,Me,100.0,160.0,170.0,valid,20.0,0.0,1.0,0.0,0,2996,4,1.0,3,241.16301150217643,0.00012260959192644805,0.00012526415230240673,0.00010236152593279257,0.9996497631072998,0.9996497631072998,1,104.01290826734312,104.01290826734312,4.012908267343121,16.10343276211077,89.90670433845193,89.90670433845193,104.01290826734312,241.16301150217643,250.0,250.0,0.00253940580930286,0.06269423968396085,0.039275504434771416
C5,calibration,267,3,3,100.0,2,C5|B5_GMe_F040_R1.txt|1|3|100.000000|65.000000|75.000000,B5_GMe_F040_R1.txt,1,methane,Me,100.0,65.0,75.0,valid,20.0,0.0,1.0,0.0,0,2996,4,1.0,3,134.17114234031578,0.00010946670226985589,0.00012132191477576271,0.00010287113400408998,0.9996663331985474,0.9996663331985474,1,105.61520226839204,105.61520226839204,5.615202268392039,31.530496514955104,103.08424223037895,103.08424223037895,105.61520226839204,134.17114234031578,175.4791321206854,250.0,0.0024312794444127147,0.011248711280058185,0.5147949229319299
C5,calibration,268,3,3,100.0,2,C5|B5_GMe_F040_R1.txt|1|3|100.000000|70.000000|80.000000,B5_GMe_F040_R1.txt,1,methane,Me,100.0,70.0,80.00000000000001,valid,20.0,0.0,1.0,0.0,0,2996,4,1.0,3,114.70833052998057,0.00010619789827615023,0.00012938051077071577,9.879870049189776e-05,0.9996656179428101,0.9996656179428101,1,95.08746049619464,95.08746049619464,4.9125395038053625,24.133044376448236,95.20347456136015,95.20347456136015,95.08746049619464,114.70833052998057,131.24044249252407,250.0,0.0024349332696351937,0.000515618067402291,0.6012963087556419
C5,calibration,269,3,3,100.0,2,C5|B5_GMe_F040_R1.txt|1|3|100.000000|90.000000|100.000000,B5_GMe_F040_R1.txt,1,methane,Me,100.0,90.0,100.00000000000001,valid,20.0,0.0,1.0,0.0,0,2996,4,1.0,3,108.36778756260053,0.00010415134602226317,0.0001363113260595128,9.626188693800941e-05,0.999663233757019,0.999663233757019,1,104.06244215995112,104.06244215995112,4.062442159951118,16.503436302948305,106.97731697994405,106.97731697994405,104.06244215995112,108.36778756260053,133.69669315717854,250.0,0.0024491645563939806,0.012954999199968585,0.6294764997217753
C5,calibration,270,3,3,100.0,2,C5|B5_GMe_F040_R2.txt|2|3|100.000000|145.000000|155.000000,B5_GMe_F040_R2.txt,2,methane,Me,100.0,145.0,155.0,valid,20.0,0.0,1.0,0.0,0,3000,1,1.0,3,107.22041872961027,0.00010507775004953146,0.0001338967849733308,9.810504707274958e-05,0.9996628761291504,0.9996628761291504,1,101.11366625645331,101.11366625645331,1.113666256453314,1.2402525307627386,101.15004143170474,101.15004143170474,101.11366625645331,107.22041872961027,176.77052422914534,250.0,0.0024520569488576103,0.00016166744556187496,0.6345759167572876
C5,calibration,271,3,3,100.0,2,C5|B5_GMe_F040_R2.txt|2|3|100.000000|60.000000|70.000000,B5_GMe_F040_R2.txt,2,methane,Me,100.0,60.0,70.0,valid,20.0,0.0,1.0,0.0,0,3000,1,1.0,3,250.0,0.00011129457561764866,0.00013054435839876533,0.00010565040429355577,0.9996525049209595,0.9996525049209595,1,101.83317597962173,101.83317597962173,1.8331759796217284,3.3605341722620836,100.86493085691129,100.86493085691129,101.83317597962173,250.0,250.0,39.13253247497417,0.002521410617499692,0.0043033116564908545,0.9371887445556704
C5,calibration,272,3,3,125.0,2,C5|B5_GMe_F050_R1.txt|1|3|125.000000|115.000000|125.000000,B5_GMe_F050_R1.txt,1,methane,Me,125.0,115.0,125.00000000000001,valid,20.0,0.0,1.0,0.0,0,3000,5,1.0,3,149.48997658913345,0.00010447402019053698,0.00013581688108388335,9.684037650004029e-05,0.9996628761291504,0.9996628761291504,1,130.01921976699094,130.01921976699094,5.019219766990943,25.19256706935262,128.36489760057094,128.36489760057094,130.01921976699094,149.48997658913345,203.1914921625907,250.0,0.0024519458950257654,0.007352542961866675,0.44671121515940687
C5,calibration,273,3,3,125.0,2,C5|B5_GMe_F050_R1.txt|1|3|125.000000|130.000000|140.000000,B5_GMe_F050_R1.txt,1,methane,Me,125.0,130.0,140.0,valid,19.66,0.0,1.0,0.0,0,3000,5,1.0,3,155.7791396667779,0.00010419462341815233,0.0001349475933238864,9.79434116743505e-05,0.9996628761291504,0.9996628761291504,1,117.3147821377187,117.3147821377187,7.685217862281306,59.062573590727645,113.93419711127788,113.93419711127788,117.3147821377187,155.7791396667779,218.17002086561067,250.0,0.0024518950743639876,0.015024822339736944,0.41875937925876494
C5,calibration,274,3,3,125.0,2,C5|B5_GMe_F050_R1.txt|1|3|125.000000|65.000000|75.000000,B5_GMe_F050_R1.txt,1,methane,Me,125.0,65.0,75.0,valid,20.0,0.0,1.0,0.0,0,3000,5,1.0,3,173.54170674944493,0.00011232426186325029,0.00011935846850974485,0.00010080922220367938,0.9996675252914429,0.9996675252914429,1,134.10815302104248,134.10815302104248,9.108153021042483,82.9584514547253,126.9041063754913,126.9041063754913,134.10815302104248,173.54170674944493,237.56316640449293,250.0,0.0024235797198327745,0.03201798509133861,0.33981463666913364
C5,calibration,275,3,3,125.0,2,C5|B5_GMe_F050_R1.txt|1|3|125.000000|85.000000|95.000000,B5_GMe_F050_R1.txt,1,methane,Me,125.0,85.0,95.00000000000001,valid,20.0,0.0,1.0,0.0,0,3000,5,1.0,3,141.96632976725917,0.00010649846080923453,0.00013314680836629122,9.621692151995376e-05,0.9996641874313354,0.9996641874313354,1,131.8705068008285,131.8705068008285,6.870506800828508,47.203863700230784,131.95217689839424,131.95217689839424,131.8705068008285,141.96632976725917,158.0809268904343,250.0,0.002443960843823011,0.00036297821140326254,0.48014964547884814
C5,calibration,276,3,3,125.0,2,C5|B5_GMe_F050_R2.txt|2|3|125.000000|105.000000|115.000000,B5_GMe_F050_R2.txt,2,methane,Me,125.0,105.0,115.00000000000001,valid,20.0,0.0,1.0,0.0,0,2983,13,0.9986666666666667,3,130.94015878240168,0.00010613640188239515,0.00012954691192135215,9.997595043387264e-05,0.999664306640625,0.999664306640625,1,122.32048067127567,122.32048067127567,2.679519328724325,7.179823833007258,121.96027418820148,121.96027418820148,122.32048067127567,130.94015878240168,176.75249144679552,250.0,0.0024434493119464577,0.0016009177025519724,0.5291548498559925
C5,calibration,277,3,3,125.0,2,C5|B5_GMe_F050_R2.txt|2|3|125.000000|145.000000|155.000000,B5_GMe_F050_R2.txt,2,methane,Me,125.0,145.0,155.0,valid,20.0,0.0,1.0,0.0,0,2983,13,0.9986666666666667,3,125.89739982771403,0.00010612342884996906,0.00013120388030074537,9.852268703980371e-05,0.9996641874313354,0.9996641874313354,1,116.01746105694525,116.01746105694525,8.982538943054749,80.68600586349513,116.882239373254,116.882239373254,116.01746105694525,125.89739982771403,208.27765136355228,250.0,0.0024443405049279455,0.0038434591835944175,0.5515671118768265
C5,calibration,278,3,3,125.0,2,C5|B5_GMe_F050_R2.txt|2|3|125.000000|155.000000|165.000000,B5_GMe_F050_R2.txt,2,methane,Me,125.0,155.0,165.0,valid,20.0,0.0,1.0,0.0,0,2983,13,0.9986666666666667,3,250.0,0.00010790884698508307,0.00013158046931494027,9.973961277864873e-05,0.9996607303619385,0.9996607303619385,1,126.6655748901897,126.6655748901897,1.6655748901897027,2.77413971483044,119.50614994725845,119.50614994725845,126.6655748901897,250.0,250.0,250.0,0.0024666913540756104,0.03181966641302779,0.0
C5,calibration,279,3,3,125.0,2,C5|B5_GMe_F050_R2.txt|2|3|125.000000|160.000000|170.000000,B5_GMe_F050_R2.txt,2,methane,Me,125.0,160.0,170.0,valid,20.0,0.0,1.0,0.0,0,2983,13,0.9986666666666667,3,250.0,0.0001081603768398054,0.0001445042435079813,9.483184112468734e-05,0.9996525049209595,0.9996525049209595,1,134.40869840632462,134.40869840632462,9.408698406324618,88.5236057011754,124.80587295933586,124.80587295933586,134.40869840632462,250.0,250.0,250.0,0.0025184733456258693,0.042679224208838934,0.0
C5,calibration,280,3,3,150.0,2,C5|B5_GMe_F060_R1.txt|1|3|150.000000|145.000000|155.000000,B5_GMe_F060_R1.txt,1,methane,Me,150.0,145.0,155.0,valid,20.0,0.0,1.0,0.0,0,3000,0,1.0,3,198.2172804309069,0.00011147861368954182,0.00011882192484335974,0.00010245473094983026,0.9996672868728638,0.9996672868728638,1,150.4633197009095,150.4633197009095,0.46331970090949426,0.21466514525086322,150.63281747243195,150.63281747243195,150.4633197009095,198.2172804309069,250.0,250.0,0.0024254281515056777,0.0007533234289887029,0.23014542030708046
C5,calibration,281,3,3,150.0,2,C5|B5_GMe_F060_R1.txt|1|3|150.000000|75.000000|85.000000,B5_GMe_F060_R1.txt,1,methane,Me,150.0,75.0,85.00000000000001,valid,20.0,0.0,1.0,0.0,0,3000,0,1.0,3,151.52904304432985,0.00010922871297225356,0.00012522883480414748,9.937651338987052e-05,0.9996662139892578,0.9996662139892578,1,145.38157293555597,145.38157293555597,4.618427064444035,21.329868549589143,146.45147681252232,146.45147681252232,145.38157293555597,151.52904304432985,176.26546403436194,250.0,0.0024318515460039366,0.004755128342072668,0.4376486975807562
C5,calibration,282,3,3,150.0,2,C5|B5_GMe_F060_R1.txt|1|3|150.000000|85.000000|95.000000,B5_GMe_F060_R1.txt,1,methane,Me,150.0,85.0,95.00000000000001,valid,20.0,0.0,1.0,0.0,0,3000,0,1.0,3,155.2040299263726,0.00010758883581729606,0.00012807684834115207,9.890482760965824e-05,0.999665379524231,0.999665379524231,1,152.00496971790017,152.00496971790017,2.004969717900167,4.019903569696675,151.23278627519025,151.23278627519025,152.00496971790017,155.2040299263726,187.31840786590587,250.0,0.0024364221074028337,0.0034319264120440747,0.42131542254945503
C5,calibration,283,3,3,150.0,2,C5|B5_GMe_F060_R1.txt|1|3|150.000000|90.000000|100.000000,B5_GMe_F060_R1.txt,1,methane,Me,150.0,90.0,100.00000000000001,valid,20.0,0.0,1.0,0.0,0,3000,0,1.0,3,154.0078756205964,0.00010722989827627316,0.00012850260827690363,9.896793199004605e-05,0.9996652603149414,0.9996652603149414,1,148.76893122310628,148.76893122310628,1.2310687768937214,1.5155303334426031,147.87516107307096,147.87516107307096,148.76893122310628,154.0078756205964,195.71774294445234,250.0,0.0024372200456924432,0.003972311777934768,0.42663166390846047
C5,calibration,284,3,3,150.0,2,C5|B5_GMe_F060_R2.txt|2|3|150.000000|100.000000|110.000000,B5_GMe_F060_R2.txt,2,methane,Me,150.0,100.0,110.00000000000001,valid,19.9,0.0,1.0,0.0,0,3000,16,1.0,3,147.46412677107156,0.00010756431584013626,0.00012523912300821394,0.00010183480480918661,0.999665379524231,0.999665379524231,1,157.21654358252493,157.21654358252493,7.216543582524935,52.078501278481816,158.70218641742088,158.70218641742088,157.21654358252493,147.46412677107156,196.16209485803887,250.0,0.0024373005165921674,0.006602857043981961,0.4557149921285708
C5,calibration,285,3,3,150.0,2,C5|B5_GMe_F060_R2.txt|2|3|150.000000|135.000000|145.000000,B5_GMe_F060_R2.txt,2,methane,Me,150.0,135.0,145.0,valid,19.88,0.0,1.0,0.0,0,3000,16,1.0,3,142.9398666579083,0.00010724738967837766,0.00012590302503667772,0.00010158531222259626,0.9996652603149414,0.9996652603149414,1,145.08073965177195,145.08073965177195,4.91926034822805,24.19912237364876,145.78226207150584,145.78226207150584,145.08073965177195,142.9398666579083,232.53791768811945,250.0,0.0024378741626343648,0.0031178774210395156,0.47582281485374084
C5,calibration,286,3,3,150.0,2,C5|B5_GMe_F060_R2.txt|2|3|150.000000|155.000000|165.000000,B5_GMe_F060_R2.txt,2,methane,Me,150.0,155.0,165.0,valid,19.98,0.0,1.0,0.0,0,3000,16,1.0,3,250.0,0.0001061055954778567,0.000136496004415676,9.826255700318143e-05,0.9996591806411743,0.9996591806411743,1,150.7918825123159,150.7918825123159,0.7918825123159081,0.6270779133117543,148.91861444942066,148.91861444942066,150.7918825123159,250.0,250.0,250.0,0.0024765323227926156,0.008325635835089997,0.0
C5,calibration,287,3,3,150.0,2,C5|B5_GMe_F060_R2.txt|2|3|150.000000|90.000000|100.000000,B5_GMe_F060_R2.txt,2,methane,Me,150.0,90.0,100.00000000000001,valid,20.0,0.0,1.0,0.0,0,3000,16,1.0,3,159.62452841873503,0.00010752810339909047,0.0001256319519598037,0.00010155160271096975,0.9996652603149414,0.9996652603149414,1,156.58413988776684,156.58413988776684,6.584139887766838,43.350898061682315,155.2961059641847,155.2961059641847,156.58413988776684,159.62452841873503,189.74528158517563,250.0,0.0024377623901302796,0.005724595215920595,0.4016687625833999
C5,calibration,288,3,3,175.0,2,C5|B5_GMe_F070_R1.txt|1|3|175.000000|120.000000|130.000000,B5_GMe_F070_R1.txt,1,methane,Me,175.0,120.0,130.0,valid,20.0,0.0,1.0,0.0,0,3000,6,1.0,3,179.97910516254967,0.00010774895054055378,0.00012779053940903395,9.885968029266223e-05,0.9996656179428101,0.9996656179428101,1,165.83755543536734,165.83755543536734,9.162444564632665,83.95039039996666,165.29066621339655,165.29066621339655,165.83755543536734,179.97910516254967,250.0,250.0,0.0024352773868495155,0.002430618764314608,0.3112039770553348
C5,calibration,289,3,3,175.0,2,C5|B5_GMe_F070_R1.txt|1|3|175.000000|135.000000|145.000000,B5_GMe_F070_R1.txt,1,methane,Me,175.0,135.0,145.0,valid,20.0,0.0,1.0,0.0,0,3000,6,1.0,3,187.16929564867308,0.00010727399785537273,0.0001286341721424833,9.873161616269499e-05,0.999665379524231,0.999665379524231,1,169.71306628692588,169.71306628692588,5.28693371307412,27.951668086439703,167.26816404408683,167.26816404408683,169.71306628692588,187.16929564867308,250.0,250.0,0.0024367468213155226,0.010866232190395774,0.2792475748947863
C5,calibration,290,3,3,175.0,2,C5|B5_GMe_F070_R1.txt|1|3|175.000000|145.000000|155.000000,B5_GMe_F070_R1.txt,1,methane,Me,175.0,145.0,155.0,valid,20.0,0.0,1.0,0.0,0,3000,6,1.0,3,237.75787776276468,0.00011219835869269446,0.00011704461940098554,0.00010329614451620728,0.9996675252914429,0.9996675252914429,1,176.86082571804636,176.86082571804636,1.8608257180463568,3.4626723529427395,171.48130155194207,171.48130155194207,176.86082571804636,237.75787776276468,250.0,250.0,0.0024241122624383436,0.023908996293796843,0.054409432165490317
C5,calibration,291,3,3,175.0,2,C5|B5_GMe_F070_R1.txt|1|3|175.000000|155.000000|165.000000,B5_GMe_F070_R1.txt,1,methane,Me,175.0,155.0,165.0,valid,20.0,0.0,1.0,0.0,0,3000,6,1.0,3,250.0,0.0001201694249175489,0.00011947534221690148,9.82864512479864e-05,0.9996620416641235,0.9996620416641235,1,158.1424564627746,158.1424564627746,16.85754353722541,284.1767741094502,160.6209380430247,160.6209380430247,158.1424564627746,250.0,250.0,250.0,0.002458873960211794,0.011015473690000464,0.0
C5,calibration,292,3,3,175.0,2,C5|B5_GMe_F070_R1.txt|1|3|175.000000|80.000000|90.000000,B5_GMe_F070_R1.txt,1,methane,Me,175.0,80.0,90.00000000000001,valid,20.0,0.0,1.0,0.0,0,3000,6,1.0,3,174.60766340183818,0.00010888829274335876,0.00012536838767118752,9.960099123418331e-05,0.9996660947799683,0.9996660947799683,1,167.45726516779544,167.45726516779544,7.542734832204559,56.892848748951934,167.53005073833125,167.53005073833125,167.45726516779544,174.60766340183818,218.05170193915515,250.0,0.002432076762294181,0.0003234914246036169,0.3350770515473859
C5,calibration,293,3,3,175.0,2,C5|B5_GMe_F070_R2.txt|2|3|175.000000|150.000000|160.000000,B5_GMe_F070_R2.txt,2,methane,Me,175.0,150.0,160.0,valid,20.0,0.0,1.0,0.0,0,3000,7,1.0,3,250.0,0.00012016902473988011,0.00011824146349681541,9.71311455941759e-05,0.9996644258499146,0.9996644258499146,1,172.28279325790186,172.28279325790186,2.717206742098142,7.383212479303599,173.49577236995995,173.49577236995995,172.28279325790186,250.0,250.0,250.0,0.0024431368738267937,0.005391018275813748,0.0
C5,calibration,294,3,3,175.0,2,C5|B5_GMe_F070_R2.txt|2|3|175.000000|75.000000|85.000000,B5_GMe_F070_R2.txt,2,methane,Me,175.0,75.0,85.00000000000001,valid,20.0,0.0,1.0,0.0,0,3000,7,1.0,3,181.49932919641918,0.00010965455294353887,0.00012285822595003992,0.00010130446025868878,0.9996662139892578,0.9996662139892578,1,170.7250350593781,170.7250350593781,4.2749649406219135,18.27532524354652,170.1502975378256,170.1502975378256,170.7250350593781,181.49932919641918,205.03346023676198,250.0,0.0024320879195727624,0.0025543889846777446,0.3044474257936925
C5,calibration,295,3,3,175.0,2,C5|B5_GMe_F070_R2.txt|2|3|175.000000|95.000000|105.000000,B5_GMe_F070_R2.txt,2,methane,Me,175.0,95.0,105.00000000000001,valid,20.0,0.0,1.0,0.0,0,3000,7,1.0,3,176.01501123593778,0.00010815643327077851,0.00012440598220564425,0.00010179793025599793,0.9996656179428101,0.9996656179428101,1,185.6259162704467,185.6259162704467,10.625916270446709,112.91009658654409,185.04835069280858,185.04835069280858,185.6259162704467,176.01501123593778,219.72295625828426,250.0,0.0024355841495667272,0.002566958122836114,0.328822172284721
C5,calibration,296,3,3,200.0,2,C5|B5_GMe_F080_R1.txt|1|3|200.000000|120.000000|130.000000,B5_GMe_F080_R1.txt,1,methane,Me,200.0,120.0,130.0,valid,20.0,0.0,1.0,0.0,0,3000,0,1.0,3,197.94692185099336,0.00010506020771572366,0.00013086831313557923,0.000100239398307167,0.9996638298034668,0.9996638298034668,1,195.4178289893393,195.4178289893393,4.582171010660687,20.996291170939184,197.22392309750822,197.22392309750822,195.4178289893393,197.94692185099336,250.0,250.0,0.002446596154485713,0.00802708492519514,0.23134701399558505
C5,calibration,297,3,3,200.0,2,C5|B5_GMe_F080_R1.txt|1|3|200.000000|155.000000|165.000000,B5_GMe_F080_R1.txt,1,methane,Me,200.0,155.0,165.0,valid,20.0,0.0,1.0,0.0,0,3000,0,1.0,3,250.0,0.00016357874847017229,0.00015530867676716298,9.79490578174591e-05,0.9995831847190857,0.9995831847190857,1,207.82067649953115,207.82067649953115,7.820676499531146,61.16298091031874,212.8864706057517,212.8864706057517,207.82067649953115,250.0,250.0,250.0,0.002964081302415258,0.022514640472091337,0.0
C5,calibration,298,3,3,200.0,2,C5|B5_GMe_F080_R1.txt|1|3|200.000000|160.000000|170.000000,B5_GMe_F080_R1.txt,1,methane,Me,200.0,160.0,170.0,valid,20.0,0.0,1.0,0.0,0,3000,0,1.0,3,250.0,0.00012826458259951323,0.00010591879254207015,0.000141586409881711,0.9996242523193359,0.9996242523193359,1,200.67335615442687,200.67335615442687,0.6733561544268696,0.45340851070454224,204.5295946502415,204.5295946502415,200.67335615442687,250.0,250.0,250.0,0.0027046136003180234,0.017138837759176163,0.0
C5,calibration,299,3,3,200.0,2,C5|B5_GMe_F080_R1.txt|1|3|200.000000|60.000000|70.000000,B5_GMe_F080_R1.txt,1,methane,Me,200.0,60.0,70.0,valid,20.0,0.0,1.0,0.0,0,3000,0,1.0,3,250.0,0.00011589367932174355,0.00011515970254549757,0.00010719068086473271,0.9996618032455444,0.9996618032455444,1,196.85259416272035,196.85259416272035,3.147405837279649,9.90616350454201,200.40433787212083,200.40433787212083,196.85259416272035,250.0,250.0,250.0,0.002461735363614541,0.01578552759733548,0.0
C5,calibration,300,3,3,200.0,2,C5|B5_GMe_F080_R1.txt|1|3|200.000000|70.000000|80.000000,B5_GMe_F080_R1.txt,1,methane,Me,200.0,70.0,80.00000000000001,valid,20.0,0.0,1.0,0.0,0,3000,0,1.0,3,193.44810552732906,0.00011154439562233165,0.00012296006025280803,9.863294690148905e-05,0.9996669292449951,0.9996669292449951,1,196.92569775342977,196.92569775342977,3.0743022465702268,9.451334303266744,199.55417613456896,199.55417613456896,196.92569775342977,193.44810552732906,250.0,250.0,0.002427392671193854,0.011682126138396396,0.25134175321187086
C5,calibration,301,3,3,200.0,2,C5|B5_GMe_F080_R2.txt|2|3|200.000000|140.000000|150.000000,B5_GMe_F080_R2.txt,2,methane,Me,200.0,140.0,150.0,valid,20.0,0.0,1.0,0.0,0,3000,11,1.0,3,161.2232519380387,0.00010910574201261625,0.00012288959987927228,0.0001020521522150375,0.9996659755706787,0.9996659755706787,1,206.20130691141642,206.20130691141642,6.201306911416424,38.456207409581104,207.98013086292514,207.98013086292514,206.20130691141642,161.2232519380387,250.0,250.0,0.002433645388566136,0.007905884228927611,0.3945633247198281
C5,calibration,302,3,3,200.0,2,C5|B5_GMe_F080_R2.txt|2|3|200.000000|155.000000|165.000000,B5_GMe_F080_R2.txt,2,methane,Me,200.0,155.0,165.0,valid,20.0,0.0,1.0,0.0,0,3000,11,1.0,3,250.0,0.00010451828711666167,0.00014198485587257892,9.806700109038502e-05,0.9996554851531982,0.9996554851531982,1,202.39845273116651,202.39845273116651,2.3984527311665147,5.752575503640114,207.88881125662834,207.88881125662834,202.39845273116651,250.0,250.0,250.0,0.002499892097685742,0.02440159344649702,0.0
C5,calibration,303,3,3,200.0,2,C5|B5_GMe_F080_R2.txt|2|3|200.000000|70.000000|80.000000,B5_GMe_F080_R2.txt,2,methane,Me,200.0,70.0,80.00000000000001,valid,20.0,0.0,1.0,0.0,0,3000,11,1.0,3,207.2747765521999,0.00011153941886732355,0.00012073394464096054,0.00010148431465495378,0.9996662139892578,0.9996662139892578,1,203.49496732008282,203.49496732008282,3.4949673200828215,12.2147965684469,198.77566516947564,198.77566516947564,203.49496732008282,207.2747765521999,250.0,250.0,0.002431898567494464,0.020974676224920788,0.1898898819902226
C5,calibration,304,3,3,225.0,2,C5|B5_GMe_F090_R1.txt|1|3|225.000000|110.000000|120.000000,B5_GMe_F090_R1.txt,1,methane,Me,225.0,110.0,120.00000000000001,valid,1.62,0.0,1.0,0.0,0,243,0,1.0,3,25.0,0.02565980888903141,0.00837779976427555,7.10303575033322e-05,0.9658913612365723,0.9658913612365723,1,179.15341254112178,179.15341254112178,45.84658745887822,2101.9095816245695,176.21428493663396,176.21428493663396,179.15341254112178,25.0,83.11399888976833,12.5,0.12136692578991022,0.013062789353279211,0.313839995065637
C5,calibration,305,3,3,225.0,2,C5|B5_GMe_F090_R1.txt|1|3|225.000000|135.000000|145.000000,B5_GMe_F090_R1.txt,1,methane,Me,225.0,135.0,145.0,valid,1.62,0.0,1.0,0.0,0,243,0,1.0,3,250.0,0.0009448457858525217,0.0011452068574726582,3.807520988630131e-05,0.9978718757629395,0.9978718757629395,1,225.24779412512487,225.24779412512487,0.24779412512486942,0.06140192844639945,225.32813519909655,225.32813519909655,225.24779412512487,250.0,250.0,250.0,0.012154137976491234,0.00035707143987413775,0.0
C5,calibration,306,3,3,225.0,2,C5|B5_GMe_F090_R1.txt|1|3|225.000000|70.000000|80.000000,B5_GMe_F090_R1.txt,1,methane,Me,225.0,70.0,80.00000000000001,valid,1.62,0.0,1.0,0.0,0,243,0,1.0,3,25.0,0.015240969136357307,0.023653091862797737,7.11653774487786e-05,0.9610347151756287,0.9610347151756287,1,218.96103195335914,218.96103195335914,6.038968046640861,36.46913506834933,216.88966150177836,216.88966150177836,218.96103195335914,25.0,41.618072699188325,12.5,0.13792437790699413,0.009206090895914561,0.129413656440837
C5,calibration,307,3,3,225.0,2,C5|B5_GMe_F090_R1.txt|1|3|225.000000|95.000000|105.000000,B5_GMe_F090_R1.txt,1,methane,Me,225.0,95.0,105.00000000000001,valid,1.62,0.0,1.0,0.0,0,243,0,1.0,3,25.0,0.09953700006008148,0.1538865566253662,0.00016099095228128135,0.7464154362678528,0.7464154362678528,1,222.04933726507957,222.04933726507957,2.950662734920428,8.7064105752481,221.75389175628663,221.75389175628663,222.04933726507957,25.0,65.97141570753375,12.5,0.5319011517211172,0.0013130911501908335,0.23765073647792778
C5,calibration,308,3,3,225.0,2,C5|B5_GMe_F090_R2.txt|2|3|225.000000|105.000000|115.000000,B5_GMe_F090_R2.txt,2,methane,Me,225.0,105.0,115.00000000000001,valid,20.0,0.0,1.0,0.0,0,2977,12,1.0,3,206.20587465134054,0.00010938254126813263,0.00012404030712787062,0.00010068088886328042,0.9996658563613892,0.9996658563613892,1,216.76224009770408,216.76224009770408,8.23775990229592,67.86068820787449,214.98647731575443,214.98647731575443,216.76224009770408,206.20587465134054,250.0,250.0,0.002433885253109513,0.007892279030887342,0.19464055710515318
C5,calibration,309,3,3,225.0,2,C5|B5_GMe_F090_R2.txt|2|3|225.000000|145.000000|155.000000,B5_GMe_F090_R2.txt,2,methane,Me,225.0,145.0,155.0,valid,20.0,0.0,1.0,0.0,0,2977,12,1.0,3,208.71840086755446,0.00010993914474966004,0.00012402093852870166,9.994657739298418e-05,0.9996660947799683,0.9996660947799683,1,224.25649023161643,224.25649023161643,0.743509768383575,0.5528067756817973,223.34560699711366,223.34560699711366,224.25649023161643,208.71840086755446,250.0,250.0,0.002432513779841803,0.004048369931123387,0.18347377392198017
C5,calibration,310,3,3,225.0,2,C5|B5_GMe_F090_R2.txt|2|3|225.000000|160.000000|170.000000,B5_GMe_F090_R2.txt,2,methane,Me,225.0,160.0,170.0,valid,20.0,0.0,1.0,0.0,0,2977,12,1.0,3,250.0,0.00010114890028489754,0.00014276952424552292,0.00010258814290864393,0.9996534585952759,0.9996534585952759,1,216.75825866532287,216.75825866532287,8.24174133467713,67.92630022772556,219.93637892891113,219.93637892891113,216.75825866532287,250.0,250.0,250.0,0.0025126793643889533,0.014124978949281134,0.0
C5,calibration,311,3,3,225.0,2,C5|B5_GMe_F090_R2.txt|2|3|225.000000|65.000000|75.000000,B5_GMe_F090_R2.txt,2,methane,Me,225.0,65.0,75.0,valid,20.0,0.0,1.0,0.0,0,2977,12,1.0,3,250.0,0.00011124363663839176,0.00011546368477866054,0.00011218769213883206,0.9996610879898071,0.9996610879898071,1,225.33463851356586,225.33463851356586,0.3346385135658636,0.11198293476157067,224.11458123874823,224.11458123874823,225.33463851356586,250.0,250.0,250.0,0.0024661686742149954,0.005422476776967263,0.0
C5,calibration,312,3,3,250.0,2,C5|B5_GMe_F100_R1.txt|1|3|250.000000|120.000000|130.000000,B5_GMe_F100_R1.txt,1,methane,Me,250.0,120.0,130.0,valid,20.0,0.0,1.0,0.0,0,3000,623,1.0,3,240.7632712460395,0.00010629723692545667,0.00013214403588790447,9.845880413195118e-05,0.9996631145477295,0.9996631145477295,1,250.0,250.0,0.0,0.0,250.0,250.0,250.0,240.7632712460395,250.0,250.0,0.0024511384186795882,0.0,0.041052127795380026
C5,calibration,313,3,3,250.0,2,C5|B5_GMe_F100_R1.txt|1|3|250.000000|125.000000|135.000000,B5_GMe_F100_R1.txt,1,methane,Me,250.0,125.0,135.0,valid,20.0,0.0,1.0,0.0,0,3000,623,1.0,3,246.03235076562805,0.00010588591976556927,0.00013249379117041826,9.872835653368384e-05,0.9996628761291504,0.9996628761291504,1,250.0,250.0,0.0,0.0,248.09527954456047,248.09527954456047,250.0,246.03235076562805,250.0,250.0,0.002452491813882798,0.008465424246397915,0.017633996597208657
C5,calibration,314,3,3,250.0,2,C5|B5_GMe_F100_R1.txt|1|3|250.000000|95.000000|105.000000,B5_GMe_F100_R1.txt,1,methane,Me,250.0,95.0,105.00000000000001,valid,20.0,0.0,1.0,0.0,0,3000,623,1.0,3,250.0,0.00010852068953681737,0.00013011781265959144,9.70929759205319e-05,0.999664306640625,0.999664306640625,1,250.0,250.0,0.0,0.0,250.0,250.0,250.0,250.0,250.0,250.0,0.002443617103660078,0.0,0.0
C5,calibration,315,3,3,250.0,2,C5|B5_GMe_F100_R2.txt|2|3|250.000000|115.000000|125.000000,B5_GMe_F100_R2.txt,2,methane,Me,250.0,115.0,125.00000000000001,valid,20.0,0.0,1.0,0.0,0,3000,0,1.0,3,206.28513073983845,0.00010900582856265828,0.0001253844384336844,0.00010018202738137916,0.999665379524231,0.999665379524231,1,246.2778009644862,246.2778009644862,3.722199035513796,13.854765659979835,246.941531333125,246.941531333125,246.2778009644862,206.28513073983845,250.0,250.0,0.0024368154688960506,0.0029499127495057564,0.1942883078229402
C5,calibration,316,3,3,250.0,2,C5|B5_GMe_F100_R2.txt|2|3|250.000000|140.000000|150.000000,B5_GMe_F100_R2.txt,2,methane,Me,250.0,140.0,150.0,valid,20.0,0.0,1.0,0.0,0,3000,0,1.0,3,204.97596287180932,0.00010921749344561249,0.0001253684313269332,9.993326966650784e-05,0.9996654987335205,0.9996654987335205,1,247.55671141752666,247.55671141752666,2.4432885824733432,5.969659097244599,249.6135550079821,249.6135550079821,247.55671141752666,204.97596287180932,250.0,250.0,0.002436404421898163,0.009141527068690796,0.20010683168084747
C5,calibration,317,3,3,250.0,2,C5|B5_GMe_F100_R2.txt|2|3|250.000000|80.000000|90.000000,B5_GMe_F100_R2.txt,2,methane,Me,250.0,80.0,90.00000000000001,valid,20.0,0.0,1.0,0.0,0,3000,0,1.0,3,217.5265998491077,0.0001095864427043125,0.0001242460566572845,0.00010037945321528241,0.9996657371520996,0.9996657371520996,1,239.42592138397214,239.42592138397214,10.574078616027862,111.8111385779377,238.84080149698727,238.84080149698727,239.42592138397214,217.5265998491077,250.0,250.0,0.0024345678464551363,0.0026005328310438674,0.14432622289285468
C5,calibration,318,3,3,250.0,2,C5|B5_GMe_F100_R2.txt|2|3|250.000000|85.000000|95.000000,B5_GMe_F100_R2.txt,2,methane,Me,250.0,85.0,95.00000000000001,valid,20.0,0.0,1.0,0.0,0,3000,0,1.0,3,213.35645458727834,0.00010938753257505596,0.00012448184133972973,0.0001004297228064388,0.9996657371520996,0.9996657371520996,1,244.57790664507957,244.57790664507957,5.422093354920435,29.399096349472334,245.57795640799344,245.57795640799344,244.57790664507957,213.35645458727834,250.0,250.0,0.002435059731485616,0.004444665612950555,0.1628602018343185
C5,calibration,319,3,3,250.0,2,C5|B5_GMe_F100_R2.txt|2|3|250.000000|95.000000|105.000000,B5_GMe_F100_R2.txt,2,methane,Me,250.0,95.0,105.00000000000001,valid,20.0,0.0,1.0,0.0,0,3000,0,1.0,3,218.81175853275772,0.00010925615060841665,0.00012443804007489234,0.00010066204413305968,0.9996656179428101,0.9996656179428101,1,250.0,250.0,0.0,0.0,250.0,250.0,250.0,218.81175853275772,250.0,250.0,0.002435498542904848,0.0,0.1386144065210768
