experiment_id,target,sample_index,true_class,pred_class,gas,route_correct,true_ppm,h1_routed_ppm,h1_oracle_route_ppm,routed_abs_error,oracle_abs_error,confidence
XTR-GAPS-H1-C3,C3,0,3,3,Methane,1,250.0,250.0,250.0,0.0,0.0,0.9999954700469971
XTR-GAPS-H1-C3,C3,1,1,1,CO,1,25.0,59.45139038739035,59.45139038739035,34.45139038739035,34.45139038739035,0.9995470643043518
XTR-GAPS-H1-C3,C3,2,1,1,CO,1,225.0,250.0,250.0,25.0,25.0,0.9990150928497314
XTR-GAPS-H1-C3,C3,3,0,0,Ethanol,1,37.5,12.5,12.5,25.0,25.0,0.9997041821479797
XTR-GAPS-H1-C3,C3,4,3,3,Methane,1,100.0,176.62747703002913,176.62747703002913,76.62747703002913,76.62747703002913,0.9999951124191284
XTR-GAPS-H1-C3,C3,5,3,3,Methane,1,50.0,81.81234397629737,81.81234397629737,31.81234397629737,31.81234397629737,0.9999963045120239
XTR-GAPS-H1-C3,C3,6,2,2,Ethylene,1,12.5,12.5,12.5,0.0,0.0,0.9995425939559937
XTR-GAPS-H1-C3,C3,7,2,2,Ethylene,1,12.5,12.5,12.5,0.0,0.0,0.9997267127037048
XTR-GAPS-H1-C3,C3,8,3,3,Methane,1,50.0,95.253038166887,95.253038166887,45.253038166886995,45.253038166886995,0.9999951124191284
XTR-GAPS-H1-C3,C3,9,3,3,Methane,1,100.0,170.39898803240075,170.39898803240075,70.39898803240075,70.39898803240075,0.999995231628418
XTR-GAPS-H1-C3,C3,10,1,1,CO,1,200.0,250.0,250.0,50.0,50.0,0.9985264539718628
XTR-GAPS-H1-C3,C3,11,0,0,Ethanol,1,50.0,44.33472931808703,44.33472931808703,5.665270681912972,5.665270681912972,0.9996935129165649
XTR-GAPS-H1-C3,C3,12,2,2,Ethylene,1,25.0,12.5,12.5,12.5,12.5,0.9982615113258362
XTR-GAPS-H1-C3,C3,13,1,1,CO,1,200.0,250.0,250.0,50.0,50.0,0.9992495179176331
XTR-GAPS-H1-C3,C3,14,0,0,Ethanol,1,25.0,24.64266527753705,24.64266527753705,0.3573347224629515,0.3573347224629515,0.9997003078460693
XTR-GAPS-H1-C3,C3,15,1,1,CO,1,150.0,220.6748235794957,220.6748235794957,70.6748235794957,70.6748235794957,0.9988000392913818
XTR-GAPS-H1-C3,C3,16,0,0,Ethanol,1,12.5,12.5,12.5,0.0,0.0,0.9996880292892456
XTR-GAPS-H1-C3,C3,17,2,2,Ethylene,1,37.5,12.5,12.5,25.0,25.0,0.9997970461845398
XTR-GAPS-H1-C3,C3,18,0,0,Ethanol,1,37.5,25.848371732892247,25.848371732892247,11.651628267107753,11.651628267107753,0.9996874332427979
XTR-GAPS-H1-C3,C3,19,1,1,CO,1,175.0,250.0,250.0,75.0,75.0,0.9994696974754333
XTR-GAPS-H1-C3,C3,20,0,0,Ethanol,1,25.0,20.694616253182176,20.694616253182176,4.305383746817824,4.305383746817824,0.999700665473938
XTR-GAPS-H1-C3,C3,21,3,3,Methane,1,100.0,193.23823041655766,193.23823041655766,93.23823041655766,93.23823041655766,0.9999953508377075
XTR-GAPS-H1-C3,C3,22,0,0,Ethanol,1,87.5,46.02403104805842,46.02403104805842,41.47596895194158,41.47596895194158,0.9996787309646606
XTR-GAPS-H1-C3,C3,23,0,0,Ethanol,1,50.0,14.514601784905892,14.514601784905892,35.48539821509411,35.48539821509411,0.9996894598007202
XTR-GAPS-H1-C3,C3,24,3,3,Methane,1,125.0,236.8305448543461,236.8305448543461,111.8305448543461,111.8305448543461,0.9999953508377075
XTR-GAPS-H1-C3,C3,25,2,2,Ethylene,1,37.5,12.5,12.5,25.0,25.0,0.9993185997009277
XTR-GAPS-H1-C3,C3,26,0,0,Ethanol,1,62.5,51.172975631850306,51.172975631850306,11.327024368149694,11.327024368149694,0.9996869564056396
XTR-GAPS-H1-C3,C3,27,1,1,CO,1,25.0,25.0,25.0,0.0,0.0,0.9912495613098145
XTR-GAPS-H1-C3,C3,28,0,0,Ethanol,1,50.0,59.40245958521632,59.40245958521632,9.40245958521632,9.40245958521632,0.9996457099914551
XTR-GAPS-H1-C3,C3,29,0,0,Ethanol,1,112.5,125.0,125.0,12.5,12.5,0.9996737241744995
XTR-GAPS-H1-C3,C3,30,2,2,Ethylene,1,50.0,12.5,12.5,37.5,37.5,0.9991499185562134
XTR-GAPS-H1-C3,C3,31,3,3,Methane,1,150.0,226.38920149576256,226.38920149576256,76.38920149576256,76.38920149576256,0.9999947547912598
XTR-GAPS-H1-C3,C3,32,2,2,Ethylene,1,112.5,65.85422895224256,65.85422895224256,46.645771047757435,46.645771047757435,0.9996236562728882
XTR-GAPS-H1-C3,C3,33,1,1,CO,1,250.0,250.0,250.0,0.0,0.0,0.996780276298523
XTR-GAPS-H1-C3,C3,34,0,0,Ethanol,1,112.5,55.28074743441701,55.28074743441701,57.21925256558299,57.21925256558299,0.9996824264526367
XTR-GAPS-H1-C3,C3,35,0,0,Ethanol,1,87.5,70.06458876254337,70.06458876254337,17.435411237456634,17.435411237456634,0.9996781349182129
XTR-GAPS-H1-C3,C3,36,0,0,Ethanol,1,75.0,125.0,125.0,50.0,50.0,0.9996708631515503
XTR-GAPS-H1-C3,C3,37,2,2,Ethylene,1,75.0,24.9037246675623,24.9037246675623,50.0962753324377,50.0962753324377,0.9994136095046997
XTR-GAPS-H1-C3,C3,38,2,2,Ethylene,1,112.5,41.125531797018326,41.125531797018326,71.37446820298167,71.37446820298167,0.9989996552467346
XTR-GAPS-H1-C3,C3,39,2,2,Ethylene,1,100.0,30.569128658303732,30.569128658303732,69.43087134169627,69.43087134169627,0.999283492565155
XTR-GAPS-H1-C3,C3,40,1,1,CO,1,75.0,250.0,250.0,175.0,175.0,0.9996554851531982
XTR-GAPS-H1-C3,C3,41,1,1,CO,1,25.0,117.85473589390142,117.85473589390142,92.85473589390142,92.85473589390142,0.9991325736045837
XTR-GAPS-H1-C3,C3,42,2,2,Ethylene,1,100.0,78.41000093664556,78.41000093664556,21.58999906335444,21.58999906335444,0.999875545501709
XTR-GAPS-H1-C3,C3,43,0,0,Ethanol,1,62.5,37.75663660406131,37.75663660406131,24.743363395938687,24.743363395938687,0.9996782541275024
XTR-GAPS-H1-C3,C3,44,3,3,Methane,1,200.0,250.0,250.0,50.0,50.0,0.9999953508377075
XTR-GAPS-H1-C3,C3,45,2,2,Ethylene,1,100.0,32.85647843313427,32.85647843313427,67.14352156686573,67.14352156686573,0.9990137815475464
XTR-GAPS-H1-C3,C3,46,1,1,CO,1,225.0,250.0,250.0,25.0,25.0,0.9961912631988525
XTR-GAPS-H1-C3,C3,47,0,0,Ethanol,1,50.0,45.33593426898453,45.33593426898453,4.664065731015469,4.664065731015469,0.9997057318687439
XTR-GAPS-H1-C3,C3,48,0,0,Ethanol,1,75.0,41.408712757280014,41.408712757280014,33.591287242719986,33.591287242719986,0.999688982963562
XTR-GAPS-H1-C3,C3,49,1,1,CO,1,125.0,250.0,250.0,125.0,125.0,0.9994681477546692
XTR-GAPS-H1-C3,C3,50,2,2,Ethylene,1,100.0,42.346782344301616,42.346782344301616,57.653217655698384,57.653217655698384,0.9990112781524658
XTR-GAPS-H1-C3,C3,51,0,0,Ethanol,1,112.5,125.0,125.0,12.5,12.5,0.999671220779419
XTR-GAPS-H1-C3,C3,52,0,0,Ethanol,1,12.5,36.792159099812324,36.792159099812324,24.292159099812324,24.292159099812324,0.9996756315231323
XTR-GAPS-H1-C3,C3,53,2,2,Ethylene,1,100.0,37.54624164340069,37.54624164340069,62.45375835659931,62.45375835659931,0.9992066025733948
XTR-GAPS-H1-C3,C3,54,3,3,Methane,1,25.0,53.42516485429428,53.42516485429428,28.42516485429428,28.42516485429428,0.9999959468841553
XTR-GAPS-H1-C3,C3,55,1,1,CO,1,150.0,250.0,250.0,100.0,100.0,0.9995570778846741
XTR-GAPS-H1-C3,C3,56,2,2,Ethylene,1,87.5,12.623822539971272,12.623822539971272,74.87617746002873,74.87617746002873,0.9991530179977417
XTR-GAPS-H1-C3,C3,57,1,1,CO,1,200.0,250.0,250.0,50.0,50.0,0.9990968704223633
XTR-GAPS-H1-C3,C3,58,1,1,CO,1,100.0,250.0,250.0,150.0,150.0,0.9992157220840454
XTR-GAPS-H1-C3,C3,59,0,0,Ethanol,1,125.0,125.0,125.0,0.0,0.0,0.9996739625930786
XTR-GAPS-H1-C3,C3,60,3,3,Methane,1,200.0,250.0,250.0,50.0,50.0,0.9999955892562866
XTR-GAPS-H1-C3,C3,61,0,0,Ethanol,1,25.0,12.5,12.5,12.5,12.5,0.9996894598007202
XTR-GAPS-H1-C3,C3,62,0,0,Ethanol,1,25.0,12.5,12.5,12.5,12.5,0.9997180104255676
XTR-GAPS-H1-C3,C3,63,0,0,Ethanol,1,125.0,58.11369704337237,58.11369704337237,66.88630295662763,66.88630295662763,0.9996811151504517
XTR-GAPS-H1-C3,C3,64,2,2,Ethylene,1,62.5,21.66869632270871,21.66869632270871,40.83130367729129,40.83130367729129,0.9995630383491516
XTR-GAPS-H1-C3,C3,65,1,1,CO,1,250.0,250.0,250.0,0.0,0.0,0.9990541338920593
XTR-GAPS-H1-C3,C3,66,2,2,Ethylene,1,75.0,23.504844452397975,23.504844452397975,51.495155547602025,51.495155547602025,0.9991077780723572
XTR-GAPS-H1-C3,C3,67,3,3,Methane,1,50.0,86.86773829240639,86.86773829240639,36.867738292406386,36.867738292406386,0.999995231628418
XTR-GAPS-H1-C3,C3,68,0,0,Ethanol,1,62.5,54.9260676156629,54.9260676156629,7.573932384337098,7.573932384337098,0.999687910079956
XTR-GAPS-H1-C3,C3,69,2,2,Ethylene,1,37.5,12.5,12.5,25.0,25.0,0.9994725584983826
XTR-GAPS-H1-C3,C3,70,3,3,Methane,1,150.0,181.67645458396362,181.67645458396362,31.67645458396362,31.67645458396362,0.9999942779541016
XTR-GAPS-H1-C3,C3,71,2,2,Ethylene,1,37.5,12.5,12.5,25.0,25.0,0.9991546869277954
XTR-GAPS-H1-C3,C3,72,0,0,Ethanol,1,75.0,12.5,12.5,62.5,62.5,0.9996856451034546
XTR-GAPS-H1-C3,C3,73,1,1,CO,1,75.0,221.56742578148373,221.56742578148373,146.56742578148373,146.56742578148373,0.9988206028938293
XTR-GAPS-H1-C3,C3,74,1,1,CO,1,25.0,108.02474783115701,108.02474783115701,83.02474783115701,83.02474783115701,0.9995405673980713
XTR-GAPS-H1-C3,C3,75,3,3,Methane,1,175.0,245.52772483239596,245.52772483239596,70.52772483239596,70.52772483239596,0.9999954700469971
XTR-GAPS-H1-C3,C3,76,3,3,Methane,1,250.0,250.0,250.0,0.0,0.0,0.9999955892562866
XTR-GAPS-H1-C3,C3,77,1,1,CO,1,175.0,250.0,250.0,75.0,75.0,0.9993855953216553
XTR-GAPS-H1-C3,C3,78,0,0,Ethanol,1,50.0,101.91996532559111,101.91996532559111,51.91996532559111,51.91996532559111,0.9997034668922424
XTR-GAPS-H1-C3,C3,79,0,0,Ethanol,1,50.0,15.437443282081531,15.437443282081531,34.56255671791847,34.56255671791847,0.9996851682662964
XTR-GAPS-H1-C3,C3,80,0,0,Ethanol,1,50.0,17.44249508400455,17.44249508400455,32.55750491599545,32.55750491599545,0.9997038245201111
XTR-GAPS-H1-C3,C3,81,3,3,Methane,1,175.0,201.80601431002708,201.80601431002708,26.80601431002708,26.80601431002708,0.9999936819076538
XTR-GAPS-H1-C3,C3,82,3,3,Methane,1,75.0,174.84167027955547,174.84167027955547,99.84167027955547,99.84167027955547,0.9999953508377075
XTR-GAPS-H1-C3,C3,83,1,1,CO,1,175.0,250.0,250.0,75.0,75.0,0.9990253448486328
XTR-GAPS-H1-C3,C3,84,3,3,Methane,1,50.0,114.95850541585105,114.95850541585105,64.95850541585105,64.95850541585105,0.9999953508377075
XTR-GAPS-H1-C3,C3,85,1,1,CO,1,250.0,250.0,250.0,0.0,0.0,0.9983885288238525
XTR-GAPS-H1-C3,C3,86,2,2,Ethylene,1,25.0,12.5,12.5,12.5,12.5,0.9997603297233582
XTR-GAPS-H1-C3,C3,87,0,0,Ethanol,1,100.0,60.700355293357674,60.700355293357674,39.299644706642326,39.299644706642326,0.9996751546859741
XTR-GAPS-H1-C3,C3,88,3,3,Methane,1,75.0,127.09367005319552,127.09367005319552,52.093670053195524,52.093670053195524,0.999995231628418
XTR-GAPS-H1-C3,C3,89,1,1,CO,1,100.0,246.80343362191317,246.80343362191317,146.80343362191317,146.80343362191317,0.9969527721405029
XTR-GAPS-H1-C3,C3,90,0,0,Ethanol,1,87.5,43.883380529800675,43.883380529800675,43.616619470199325,43.616619470199325,0.9996792078018188
XTR-GAPS-H1-C3,C3,91,2,2,Ethylene,1,37.5,12.5,12.5,25.0,25.0,0.9986612796783447
XTR-GAPS-H1-C3,C3,92,3,3,Methane,1,225.0,250.0,250.0,25.0,25.0,0.9999953508377075
XTR-GAPS-H1-C3,C3,93,0,0,Ethanol,1,87.5,48.559736539626826,48.559736539626826,38.940263460373174,38.940263460373174,0.9996895790100098
XTR-GAPS-H1-C3,C3,94,0,0,Ethanol,1,125.0,56.0572369016821,56.0572369016821,68.9427630983179,68.9427630983179,0.9996823072433472
XTR-GAPS-H1-C3,C3,95,0,0,Ethanol,1,87.5,36.20919839084756,36.20919839084756,51.29080160915244,51.29080160915244,0.9996837377548218
XTR-GAPS-H1-C3,C3,96,0,0,Ethanol,1,125.0,43.29627978602835,43.29627978602835,81.70372021397165,81.70372021397165,0.9996888637542725
XTR-GAPS-H1-C3,C3,97,3,3,Methane,1,25.0,41.686242399829325,41.686242399829325,16.686242399829325,16.686242399829325,0.9999951124191284
XTR-GAPS-H1-C3,C3,98,2,2,Ethylene,1,37.5,12.5,12.5,25.0,25.0,0.9986925721168518
XTR-GAPS-H1-C3,C3,99,2,2,Ethylene,1,62.5,19.000628122160375,19.000628122160375,43.49937187783962,43.49937187783962,0.9990845918655396
XTR-GAPS-H1-C3,C3,100,3,3,Methane,1,100.0,176.5337855779869,176.5337855779869,76.53378557798689,76.53378557798689,0.999995231628418
XTR-GAPS-H1-C3,C3,101,1,1,CO,1,50.0,177.12326744741614,177.12326744741614,127.12326744741614,127.12326744741614,0.9987899661064148
XTR-GAPS-H1-C3,C3,102,1,1,CO,1,250.0,250.0,250.0,0.0,0.0,0.9989879727363586
XTR-GAPS-H1-C3,C3,103,1,2,CO,0,175.0,12.5,250.0,162.5,75.0,0.6010606288909912
XTR-GAPS-H1-C3,C3,104,2,2,Ethylene,1,37.5,12.5,12.5,25.0,25.0,0.9994276165962219
XTR-GAPS-H1-C3,C3,105,3,3,Methane,1,150.0,239.38899790770256,239.38899790770256,89.38899790770256,89.38899790770256,0.9999951124191284
XTR-GAPS-H1-C3,C3,106,0,0,Ethanol,1,112.5,37.84313591360956,37.84313591360956,74.65686408639044,74.65686408639044,0.9996834993362427
XTR-GAPS-H1-C3,C3,107,2,2,Ethylene,1,25.0,12.5,12.5,12.5,12.5,0.9998607635498047
XTR-GAPS-H1-C3,C3,108,1,1,CO,1,250.0,250.0,250.0,0.0,0.0,0.9947309494018555
XTR-GAPS-H1-C3,C3,109,3,3,Methane,1,25.0,52.98872033775865,52.98872033775865,27.98872033775865,27.98872033775865,0.999995231628418
XTR-GAPS-H1-C3,C3,110,2,2,Ethylene,1,125.0,60.321390915744516,60.321390915744516,64.67860908425548,64.67860908425548,0.9969987869262695
XTR-GAPS-H1-C3,C3,111,0,0,Ethanol,1,62.5,21.892865234551323,21.892865234551323,40.60713476544868,40.60713476544868,0.9996845722198486
XTR-GAPS-H1-C3,C3,112,0,0,Ethanol,1,12.5,12.5,12.5,0.0,0.0,0.9996918439865112
XTR-GAPS-H1-C3,C3,113,3,3,Methane,1,175.0,236.76638888962157,236.76638888962157,61.76638888962157,61.76638888962157,0.9999954700469971
XTR-GAPS-H1-C3,C3,114,0,0,Ethanol,1,50.0,12.5,12.5,37.5,37.5,0.9996809959411621
XTR-GAPS-H1-C3,C3,115,2,2,Ethylene,1,125.0,46.71662788703851,46.71662788703851,78.28337211296149,78.28337211296149,0.999350368976593
XTR-GAPS-H1-C3,C3,116,0,0,Ethanol,1,50.0,44.83363597299591,44.83363597299591,5.166364027004093,5.166364027004093,0.9996981620788574
XTR-GAPS-H1-C3,C3,117,0,0,Ethanol,1,125.0,62.4568685736314,62.4568685736314,62.5431314263686,62.5431314263686,0.9996811151504517
XTR-GAPS-H1-C3,C3,118,1,1,CO,1,125.0,250.0,250.0,125.0,125.0,0.9994875192642212
XTR-GAPS-H1-C3,C3,119,3,3,Methane,1,225.0,250.0,250.0,25.0,25.0,0.9999953508377075
XTR-GAPS-H1-C3,C3,120,2,2,Ethylene,1,25.0,12.5,12.5,12.5,12.5,0.9994910955429077
XTR-GAPS-H1-C3,C3,121,1,1,CO,1,75.0,214.24117153768924,214.24117153768924,139.24117153768924,139.24117153768924,0.999413251876831
XTR-GAPS-H1-C3,C3,122,2,2,Ethylene,1,125.0,47.46574579351645,47.46574579351645,77.53425420648355,77.53425420648355,0.9994303584098816
XTR-GAPS-H1-C3,C3,123,1,1,CO,1,150.0,250.0,250.0,100.0,100.0,0.9974936246871948
XTR-GAPS-H1-C3,C3,124,0,0,Ethanol,1,62.5,52.16135258263051,52.16135258263051,10.338647417369486,10.338647417369486,0.9996867179870605
XTR-GAPS-H1-C3,C3,125,0,0,Ethanol,1,112.5,69.54125205515757,69.54125205515757,42.95874794484243,42.95874794484243,0.9996764659881592
XTR-GAPS-H1-C3,C3,126,3,3,Methane,1,200.0,250.0,250.0,50.0,50.0,0.9999953508377075
XTR-GAPS-H1-C3,C3,127,3,3,Methane,1,75.0,156.75438748042995,156.75438748042995,81.75438748042995,81.75438748042995,0.9999943971633911
XTR-GAPS-H1-C3,C3,128,3,3,Methane,1,100.0,125.36227994155371,125.36227994155371,25.36227994155371,25.36227994155371,0.9999949932098389
XTR-GAPS-H1-C3,C3,129,2,2,Ethylene,1,87.5,28.637442804811343,28.637442804811343,58.86255719518866,58.86255719518866,0.9993125200271606
XTR-GAPS-H1-C3,C3,130,0,0,Ethanol,1,25.0,73.28630174933382,73.28630174933382,48.286301749333816,48.286301749333816,0.9996792078018188
XTR-GAPS-H1-C3,C3,131,1,1,CO,1,125.0,250.0,250.0,125.0,125.0,0.9993197917938232
XTR-GAPS-H1-C3,C3,132,2,2,Ethylene,1,112.5,49.958681764059406,49.958681764059406,62.541318235940594,62.541318235940594,0.9990948438644409
XTR-GAPS-H1-C3,C3,133,0,0,Ethanol,1,87.5,125.0,125.0,37.5,37.5,0.9996769428253174
XTR-GAPS-H1-C3,C3,134,2,2,Ethylene,1,50.0,14.271984043928398,14.271984043928398,35.7280159560716,35.7280159560716,0.9996048808097839
XTR-GAPS-H1-C3,C3,135,3,3,Methane,1,125.0,196.68278928832018,196.68278928832018,71.68278928832018,71.68278928832018,0.999995231628418
XTR-GAPS-H1-C3,C3,136,3,3,Methane,1,250.0,250.0,250.0,0.0,0.0,0.9999940395355225
XTR-GAPS-H1-C3,C3,137,0,0,Ethanol,1,112.5,30.316057236097663,30.316057236097663,82.18394276390234,82.18394276390234,0.9996744394302368
XTR-GAPS-H1-C3,C3,138,1,1,CO,1,50.0,178.8020937482334,178.8020937482334,128.8020937482334,128.8020937482334,0.9993166923522949
XTR-GAPS-H1-C3,C3,139,3,3,Methane,1,225.0,250.0,250.0,25.0,25.0,0.9999954700469971
XTR-GAPS-H1-C3,C3,140,1,1,CO,1,175.0,250.0,250.0,75.0,75.0,0.9988706707954407
XTR-GAPS-H1-C3,C3,141,0,0,Ethanol,1,25.0,12.5,12.5,12.5,12.5,0.9997099041938782
XTR-GAPS-H1-C3,C3,142,2,2,Ethylene,1,87.5,41.2747619863662,41.2747619863662,46.2252380136338,46.2252380136338,0.9996516704559326
XTR-GAPS-H1-C3,C3,143,0,0,Ethanol,1,87.5,30.39879423515626,30.39879423515626,57.10120576484374,57.10120576484374,0.9996851682662964
XTR-GAPS-H1-C3,C3,144,3,3,Methane,1,75.0,126.52940607994282,126.52940607994282,51.52940607994282,51.52940607994282,0.999995231628418
XTR-GAPS-H1-C3,C3,145,1,1,CO,1,225.0,250.0,250.0,25.0,25.0,0.9995076656341553
XTR-GAPS-H1-C3,C3,146,0,0,Ethanol,1,12.5,12.5,12.5,0.0,0.0,0.9996893405914307
XTR-GAPS-H1-C3,C3,147,3,3,Methane,1,150.0,250.0,250.0,100.0,100.0,0.9999953508377075
XTR-GAPS-H1-C3,C3,148,1,1,CO,1,250.0,250.0,250.0,0.0,0.0,0.9988042116165161
XTR-GAPS-H1-C3,C3,149,0,0,Ethanol,1,112.5,58.0855451206038,58.0855451206038,54.4144548793962,54.4144548793962,0.9996840953826904
XTR-GAPS-H1-C3,C3,150,0,0,Ethanol,1,62.5,21.10222016118466,21.10222016118466,41.39777983881534,41.39777983881534,0.999685525894165
XTR-GAPS-H1-C3,C3,151,2,2,Ethylene,1,125.0,58.093425122452174,58.093425122452174,66.90657487754783,66.90657487754783,0.9989830851554871
XTR-GAPS-H1-C3,C3,152,1,1,CO,1,175.0,250.0,250.0,75.0,75.0,0.9994889497756958
XTR-GAPS-H1-C3,C3,153,2,2,Ethylene,1,112.5,76.35846777458778,76.35846777458778,36.14153222541222,36.14153222541222,0.9995680451393127
XTR-GAPS-H1-C3,C3,154,0,0,Ethanol,1,100.0,73.17170407896452,73.17170407896452,26.828295921035476,26.828295921035476,0.9996764659881592
XTR-GAPS-H1-C3,C3,155,2,2,Ethylene,1,100.0,33.88913965002162,33.88913965002162,66.11086034997838,66.11086034997838,0.9990379810333252
XTR-GAPS-H1-C3,C3,156,0,0,Ethanol,1,37.5,33.13136040733943,33.13136040733943,4.368639592660571,4.368639592660571,0.9997022747993469
XTR-GAPS-H1-C3,C3,157,1,1,CO,1,100.0,250.0,250.0,150.0,150.0,0.999152421951294
XTR-GAPS-H1-C3,C3,158,1,1,CO,1,150.0,250.0,250.0,100.0,100.0,0.9994497895240784
XTR-GAPS-H1-C3,C3,159,3,3,Methane,1,50.0,121.99887650328048,121.99887650328048,71.99887650328048,71.99887650328048,0.999995231628418
XTR-GAPS-H1-C3,C3,160,2,2,Ethylene,1,87.5,56.47293279932296,56.47293279932296,31.02706720067704,31.02706720067704,0.9997895359992981
XTR-GAPS-H1-C3,C3,161,0,0,Ethanol,1,125.0,79.84985906491723,79.84985906491723,45.150140935082774,45.150140935082774,0.9996765851974487
XTR-GAPS-H1-C3,C3,162,3,3,Methane,1,125.0,234.70960757582247,234.70960757582247,109.70960757582247,109.70960757582247,0.999995231628418
XTR-GAPS-H1-C3,C3,163,2,2,Ethylene,1,75.0,35.944522322701516,35.944522322701516,39.055477677298484,39.055477677298484,0.9993045330047607
XTR-GAPS-H1-C3,C3,164,3,3,Methane,1,175.0,250.0,250.0,75.0,75.0,0.9999953508377075
XTR-GAPS-H1-C3,C3,165,2,2,Ethylene,1,12.5,12.5,12.5,0.0,0.0,0.9987809062004089
XTR-GAPS-H1-C3,C3,166,0,0,Ethanol,1,37.5,13.05780678148679,13.05780678148679,24.44219321851321,24.44219321851321,0.9996943473815918
XTR-GAPS-H1-C3,C3,167,2,2,Ethylene,1,25.0,12.5,12.5,12.5,12.5,0.9992450475692749
XTR-GAPS-H1-C3,C3,168,0,0,Ethanol,1,12.5,12.5,12.5,0.0,0.0,0.9996887445449829
XTR-GAPS-H1-C3,C3,169,0,0,Ethanol,1,100.0,125.0,125.0,25.0,25.0,0.9996697902679443
XTR-GAPS-H1-C3,C3,170,3,3,Methane,1,250.0,250.0,250.0,0.0,0.0,0.9999954700469971
XTR-GAPS-H1-C3,C3,171,1,1,CO,1,225.0,250.0,250.0,25.0,25.0,0.9996222257614136
XTR-GAPS-H1-C3,C3,172,1,1,CO,1,200.0,250.0,250.0,50.0,50.0,0.9986171722412109
XTR-GAPS-H1-C3,C3,173,0,0,Ethanol,1,25.0,21.243786435644807,21.243786435644807,3.7562135643551926,3.7562135643551926,0.9997068047523499
XTR-GAPS-H1-C3,C3,174,3,3,Methane,1,75.0,132.93342802503872,132.93342802503872,57.93342802503872,57.93342802503872,0.999995231628418
XTR-GAPS-H1-C3,C3,175,0,0,Ethanol,1,50.0,28.44847784071854,28.44847784071854,21.55152215928146,21.55152215928146,0.9997144341468811
XTR-GAPS-H1-C3,C3,176,1,1,CO,1,100.0,250.0,250.0,150.0,150.0,0.998446524143219
XTR-GAPS-H1-C3,C3,177,0,0,Ethanol,1,100.0,72.64452225548811,72.64452225548811,27.355477744511887,27.355477744511887,0.9996728897094727
XTR-GAPS-H1-C3,C3,178,2,2,Ethylene,1,125.0,43.2055704623414,43.2055704623414,81.7944295376586,81.7944295376586,0.9989896416664124
XTR-GAPS-H1-C3,C3,179,0,0,Ethanol,1,25.0,12.5,12.5,12.5,12.5,0.9996908903121948
XTR-GAPS-H1-C3,C3,180,1,1,CO,1,125.0,250.0,250.0,125.0,125.0,0.9982292056083679
XTR-GAPS-H1-C3,C3,181,3,3,Methane,1,250.0,250.0,250.0,0.0,0.0,0.9999945163726807
XTR-GAPS-H1-C3,C3,182,1,1,CO,1,25.0,25.0,25.0,0.0,0.0,0.9975910186767578
XTR-GAPS-H1-C3,C3,183,3,3,Methane,1,75.0,134.7706297539081,134.7706297539081,59.77062975390811,59.77062975390811,0.999995231628418
XTR-GAPS-H1-C3,C3,184,0,0,Ethanol,1,87.5,71.72647839861679,71.72647839861679,15.773521601383209,15.773521601383209,0.9997010231018066
XTR-GAPS-H1-C3,C3,185,2,2,Ethylene,1,37.5,12.5,12.5,25.0,25.0,0.9994670748710632
XTR-GAPS-H1-C3,C3,186,1,1,CO,1,250.0,250.0,250.0,0.0,0.0,0.9988131523132324
XTR-GAPS-H1-C3,C3,187,2,2,Ethylene,1,125.0,49.81522437474794,49.81522437474794,75.18477562525206,75.18477562525206,0.9994458556175232
XTR-GAPS-H1-C3,C3,188,1,1,CO,1,150.0,250.0,250.0,100.0,100.0,0.9992628693580627
XTR-GAPS-H1-C3,C3,189,1,1,CO,1,125.0,250.0,250.0,125.0,125.0,0.9972405433654785
XTR-GAPS-H1-C3,C3,190,3,3,Methane,1,125.0,213.3706661131564,213.3706661131564,88.3706661131564,88.3706661131564,0.999995231628418
XTR-GAPS-H1-C3,C3,191,3,3,Methane,1,50.0,114.26761674771694,114.26761674771694,64.26761674771694,64.26761674771694,0.9999954700469971
XTR-GAPS-H1-C3,C3,192,1,1,CO,1,125.0,250.0,250.0,125.0,125.0,0.9990390539169312
XTR-GAPS-H1-C3,C3,193,0,0,Ethanol,1,75.0,60.50407505802741,60.50407505802741,14.49592494197259,14.49592494197259,0.9996803998947144
XTR-GAPS-H1-C3,C3,194,3,3,Methane,1,225.0,232.78363508497569,232.78363508497569,7.7836350849756855,7.7836350849756855,0.999993085861206
XTR-GAPS-H1-C3,C3,195,2,2,Ethylene,1,62.5,25.199330496897417,25.199330496897417,37.30066950310258,37.30066950310258,0.9994459748268127
XTR-GAPS-H1-C3,C3,196,2,2,Ethylene,1,50.0,12.5,12.5,37.5,37.5,0.9990348815917969
XTR-GAPS-H1-C3,C3,197,0,0,Ethanol,1,125.0,97.94898373145068,97.94898373145068,27.05101626854932,27.05101626854932,0.9996408224105835
XTR-GAPS-H1-C3,C3,198,0,0,Ethanol,1,112.5,125.0,125.0,12.5,12.5,0.9996694326400757
XTR-GAPS-H1-C3,C3,199,1,1,CO,1,250.0,250.0,250.0,0.0,0.0,0.9991887211799622
XTR-GAPS-H1-C3,C3,200,0,0,Ethanol,1,100.0,73.47602646301875,73.47602646301875,26.523973536981245,26.523973536981245,0.9996806383132935
XTR-GAPS-H1-C3,C3,201,1,1,CO,1,50.0,168.21606921419422,168.21606921419422,118.21606921419422,118.21606921419422,0.9975422620773315
XTR-GAPS-H1-C3,C3,202,3,3,Methane,1,150.0,250.0,250.0,100.0,100.0,0.9999953508377075
XTR-GAPS-H1-C3,C3,203,3,3,Methane,1,200.0,250.0,250.0,50.0,50.0,0.9999953508377075
XTR-GAPS-H1-C3,C3,204,0,0,Ethanol,1,62.5,19.798636946725452,19.798636946725452,42.70136305327455,42.70136305327455,0.9996839761734009
XTR-GAPS-H1-C3,C3,205,2,2,Ethylene,1,50.0,12.5,12.5,37.5,37.5,0.999349057674408
XTR-GAPS-H1-C3,C3,206,1,1,CO,1,50.0,174.2249934298775,174.2249934298775,124.22499342987749,124.22499342987749,0.9993639588356018
XTR-GAPS-H1-C3,C3,207,3,3,Methane,1,25.0,25.0,25.0,0.0,0.0,0.9999885559082031
XTR-GAPS-H1-C3,C3,208,3,3,Methane,1,200.0,250.0,250.0,50.0,50.0,0.9999953508377075
XTR-GAPS-H1-C3,C3,209,0,0,Ethanol,1,100.0,33.87280122924693,33.87280122924693,66.12719877075307,66.12719877075307,0.9996824264526367
XTR-GAPS-H1-C3,C3,210,2,2,Ethylene,1,37.5,12.5,12.5,25.0,25.0,0.9979285001754761
XTR-GAPS-H1-C3,C3,211,1,1,CO,1,125.0,250.0,250.0,125.0,125.0,0.9989691972732544
XTR-GAPS-H1-C3,C3,212,1,1,CO,1,75.0,136.32284397067087,136.32284397067087,61.322843970670874,61.322843970670874,0.9973421692848206
XTR-GAPS-H1-C3,C3,213,3,3,Methane,1,100.0,197.62531230483967,197.62531230483967,97.62531230483967,97.62531230483967,0.9999951124191284
XTR-GAPS-H1-C3,C3,214,1,1,CO,1,200.0,250.0,250.0,50.0,50.0,0.9989293217658997
XTR-GAPS-H1-C3,C3,215,2,2,Ethylene,1,87.5,30.489641014933255,30.489641014933255,57.010358985066745,57.010358985066745,0.9991962313652039
XTR-GAPS-H1-C3,C3,216,0,0,Ethanol,1,112.5,125.0,125.0,12.5,12.5,0.9996727705001831
XTR-GAPS-H1-C3,C3,217,3,3,Methane,1,125.0,217.27855634314562,217.27855634314562,92.27855634314562,92.27855634314562,0.999995231628418
XTR-GAPS-H1-C3,C3,218,2,2,Ethylene,1,100.0,37.832126270545096,37.832126270545096,62.167873729454904,62.167873729454904,0.9994391798973083
XTR-GAPS-H1-C3,C3,219,3,3,Methane,1,150.0,228.2820050344434,228.2820050344434,78.28200503444339,78.28200503444339,0.9999953508377075
XTR-GAPS-H1-C3,C3,220,2,2,Ethylene,1,50.0,16.326010585724905,16.326010585724905,33.6739894142751,33.6739894142751,0.9993295669555664
XTR-GAPS-H1-C3,C3,221,0,0,Ethanol,1,87.5,46.48919460857253,46.48919460857253,41.01080539142747,41.01080539142747,0.9996778964996338
XTR-GAPS-H1-C3,C3,222,2,2,Ethylene,1,37.5,12.5,12.5,25.0,25.0,0.9988436698913574
XTR-GAPS-H1-C3,C3,223,3,3,Methane,1,125.0,201.70493776163028,201.70493776163028,76.70493776163028,76.70493776163028,0.9999953508377075
XTR-GAPS-H1-C3,C3,224,1,1,CO,1,175.0,250.0,250.0,75.0,75.0,0.9984886646270752
XTR-GAPS-H1-C3,C3,225,3,3,Methane,1,175.0,250.0,250.0,75.0,75.0,0.9999953508377075
XTR-GAPS-H1-C3,C3,226,1,1,CO,1,100.0,229.56365992521552,229.56365992521552,129.56365992521552,129.56365992521552,0.999178946018219
XTR-GAPS-H1-C3,C3,227,3,3,Methane,1,150.0,250.0,250.0,100.0,100.0,0.999995231628418
XTR-GAPS-H1-C3,C3,228,1,1,CO,1,100.0,238.8629282140688,238.8629282140688,138.8629282140688,138.8629282140688,0.9992069602012634
XTR-GAPS-H1-C3,C3,229,3,3,Methane,1,225.0,250.0,250.0,25.0,25.0,0.9999954700469971
XTR-GAPS-H1-C3,C3,230,2,2,Ethylene,1,50.0,15.842931773051319,15.842931773051319,34.15706822694868,34.15706822694868,0.9994885921478271
XTR-GAPS-H1-C3,C3,231,3,3,Methane,1,50.0,97.1486216153346,97.1486216153346,47.148621615334605,47.148621615334605,0.999995231628418
XTR-GAPS-H1-C3,C3,232,0,0,Ethanol,1,100.0,47.400609117624896,47.400609117624896,52.599390882375104,52.599390882375104,0.9996836185455322
XTR-GAPS-H1-C3,C3,233,3,3,Methane,1,100.0,166.3957340546541,166.3957340546541,66.3957340546541,66.3957340546541,0.999995231628418
XTR-GAPS-H1-C3,C3,234,2,2,Ethylene,1,75.0,27.954217646060872,27.954217646060872,47.04578235393913,47.04578235393913,0.9993492960929871
XTR-GAPS-H1-C3,C3,235,0,0,Ethanol,1,62.5,125.0,125.0,62.5,62.5,0.9996738433837891
XTR-GAPS-H1-C3,C3,236,1,1,CO,1,25.0,127.56284901268899,127.56284901268899,102.56284901268899,102.56284901268899,0.9996929168701172
XTR-GAPS-H1-C3,C3,237,0,0,Ethanol,1,100.0,19.808078612781102,19.808078612781102,80.1919213872189,80.1919213872189,0.9996685981750488
XTR-GAPS-H1-C3,C3,238,2,2,Ethylene,1,87.5,12.5,12.5,75.0,75.0,0.9990741014480591
XTR-GAPS-H1-C3,C3,239,2,2,Ethylene,1,37.5,12.5,12.5,25.0,25.0,0.9988691210746765
XTR-GAPS-H1-C3,C3,240,2,2,Ethylene,1,125.0,56.380836916668144,56.380836916668144,68.61916308333186,68.61916308333186,0.9991771578788757
XTR-GAPS-H1-C3,C3,241,1,1,CO,1,125.0,250.0,250.0,125.0,125.0,0.9941838383674622
XTR-GAPS-H1-C3,C3,242,3,3,Methane,1,200.0,250.0,250.0,50.0,50.0,0.9999953508377075
XTR-GAPS-H1-C3,C3,243,1,1,CO,1,225.0,250.0,250.0,25.0,25.0,0.9996849298477173
XTR-GAPS-H1-C3,C3,244,3,3,Methane,1,75.0,136.5279751018829,136.5279751018829,61.5279751018829,61.5279751018829,0.9999953508377075
XTR-GAPS-H1-C3,C3,245,0,0,Ethanol,1,25.0,12.5,12.5,12.5,12.5,0.9996925592422485
XTR-GAPS-H1-C3,C3,246,2,2,Ethylene,1,87.5,42.51745509076315,42.51745509076315,44.98254490923685,44.98254490923685,0.9996398687362671
XTR-GAPS-H1-C3,C3,247,2,2,Ethylene,1,62.5,22.094651440616246,22.094651440616246,40.405348559383754,40.405348559383754,0.9994165897369385
XTR-GAPS-H1-C3,C3,248,2,2,Ethylene,1,62.5,21.661000579365222,21.661000579365222,40.83899942063478,40.83899942063478,0.999481737613678
XTR-GAPS-H1-C3,C3,249,3,3,Methane,1,200.0,250.0,250.0,50.0,50.0,0.9999943971633911
XTR-GAPS-H1-C3,C3,250,3,3,Methane,1,125.0,204.45348745700562,204.45348745700562,79.45348745700562,79.45348745700562,0.9999951124191284
XTR-GAPS-H1-C3,C3,251,0,0,Ethanol,1,75.0,12.5,12.5,62.5,62.5,0.9577977061271667
XTR-GAPS-H1-C3,C3,252,1,1,CO,1,150.0,250.0,250.0,100.0,100.0,0.998853325843811
XTR-GAPS-H1-C3,C3,253,1,1,CO,1,100.0,250.0,250.0,150.0,150.0,0.9987323880195618
XTR-GAPS-H1-C3,C3,254,2,1,Ethylene,0,125.0,203.63821378184574,12.5,78.63821378184574,112.5,0.9087890386581421
XTR-GAPS-H1-C3,C3,255,1,1,CO,1,150.0,250.0,250.0,100.0,100.0,0.9991117119789124
XTR-GAPS-H1-C3,C3,256,1,1,CO,1,75.0,250.0,250.0,175.0,175.0,0.9991518259048462
XTR-GAPS-H1-C3,C3,257,3,3,Methane,1,125.0,206.69484743506564,206.69484743506564,81.69484743506564,81.69484743506564,0.999995231628418
XTR-GAPS-H1-C3,C3,258,1,1,CO,1,200.0,250.0,250.0,50.0,50.0,0.9989846348762512
XTR-GAPS-H1-C3,C3,259,3,3,Methane,1,175.0,250.0,250.0,75.0,75.0,0.9999953508377075
XTR-GAPS-H1-C3,C3,260,1,1,CO,1,175.0,250.0,250.0,75.0,75.0,0.9989204406738281
XTR-GAPS-H1-C3,C3,261,0,0,Ethanol,1,50.0,39.68181142428908,39.68181142428908,10.31818857571092,10.31818857571092,0.9996898174285889
XTR-GAPS-H1-C3,C3,262,2,2,Ethylene,1,62.5,16.212581692842267,16.212581692842267,46.287418307157736,46.287418307157736,0.9992460012435913
XTR-GAPS-H1-C3,C3,263,1,1,CO,1,175.0,250.0,250.0,75.0,75.0,0.9935972690582275
XTR-GAPS-H1-C3,C3,264,2,2,Ethylene,1,75.0,31.08087292933049,31.08087292933049,43.91912707066951,43.91912707066951,0.999117910861969
XTR-GAPS-H1-C3,C3,265,3,3,Methane,1,175.0,245.94552882909693,245.94552882909693,70.94552882909693,70.94552882909693,0.9999954700469971
XTR-GAPS-H1-C3,C3,266,1,1,CO,1,175.0,250.0,250.0,75.0,75.0,0.9996132254600525
XTR-GAPS-H1-C3,C3,267,0,0,Ethanol,1,112.5,43.085476007526495,43.085476007526495,69.4145239924735,69.4145239924735,0.9996881484985352
XTR-GAPS-H1-C3,C3,268,3,3,Methane,1,25.0,64.12742550076564,64.12742550076564,39.12742550076564,39.12742550076564,0.9999951124191284
XTR-GAPS-H1-C3,C3,269,1,1,CO,1,50.0,200.17883455331906,200.17883455331906,150.17883455331906,150.17883455331906,0.9997252821922302
XTR-GAPS-H1-C3,C3,270,0,0,Ethanol,1,37.5,32.5843869051933,32.5843869051933,4.915613094806702,4.915613094806702,0.9997033476829529
XTR-GAPS-H1-C3,C3,271,2,2,Ethylene,1,125.0,46.86220921504602,46.86220921504602,78.13779078495398,78.13779078495398,0.9989221096038818
XTR-GAPS-H1-C3,C3,272,3,3,Methane,1,225.0,250.0,250.0,25.0,25.0,0.9999954700469971
XTR-GAPS-H1-C3,C3,273,0,0,Ethanol,1,87.5,125.0,125.0,37.5,37.5,0.9996781349182129
XTR-GAPS-H1-C3,C3,274,2,1,Ethylene,0,37.5,134.94368845643453,12.5,97.44368845643453,25.0,0.9896753430366516
XTR-GAPS-H1-C3,C3,275,2,2,Ethylene,1,50.0,12.5,12.5,37.5,37.5,0.9996102452278137
XTR-GAPS-H1-C3,C3,276,0,0,Ethanol,1,25.0,13.36710239299552,13.36710239299552,11.63289760700448,11.63289760700448,0.9996941089630127
XTR-GAPS-H1-C3,C3,277,0,0,Ethanol,1,62.5,52.046882764068584,52.046882764068584,10.453117235931416,10.453117235931416,0.9996887445449829
XTR-GAPS-H1-C3,C3,278,3,3,Methane,1,125.0,223.15060763550036,223.15060763550036,98.15060763550036,98.15060763550036,0.9999955892562866
XTR-GAPS-H1-C3,C3,279,0,0,Ethanol,1,12.5,12.5,12.5,0.0,0.0,0.9996891021728516
XTR-GAPS-H1-C3,C3,280,0,0,Ethanol,1,62.5,50.5582302687455,50.5582302687455,11.941769731254503,11.941769731254503,0.9997023940086365
XTR-GAPS-H1-C3,C3,281,0,0,Ethanol,1,75.0,39.074485312621405,39.074485312621405,35.925514687378595,35.925514687378595,0.9996834993362427
XTR-GAPS-H1-C3,C3,282,1,1,CO,1,50.0,183.23306214427163,183.23306214427163,133.23306214427163,133.23306214427163,0.999245285987854
XTR-GAPS-H1-C3,C3,283,2,2,Ethylene,1,112.5,42.17112358518662,42.17112358518662,70.32887641481338,70.32887641481338,0.9991146922111511
XTR-GAPS-H1-C3,C3,284,2,2,Ethylene,1,87.5,28.56747133816919,28.56747133816919,58.93252866183081,58.93252866183081,0.9991821646690369
XTR-GAPS-H1-C3,C3,285,2,2,Ethylene,1,75.0,41.97515033817888,41.97515033817888,33.02484966182112,33.02484966182112,0.9994924068450928
XTR-GAPS-H1-C3,C3,286,2,2,Ethylene,1,50.0,12.5,12.5,37.5,37.5,0.9986541271209717
XTR-GAPS-H1-C3,C3,287,0,0,Ethanol,1,37.5,27.178764106909284,27.178764106909284,10.321235893090716,10.321235893090716,0.9997068047523499
XTR-GAPS-H1-C3,C3,288,0,0,Ethanol,1,75.0,25.06974241529587,25.06974241529587,49.93025758470413,49.93025758470413,0.9996843338012695
XTR-GAPS-H1-C3,C3,289,3,3,Methane,1,225.0,250.0,250.0,25.0,25.0,0.9999954700469971
XTR-GAPS-H1-C3,C3,290,1,1,CO,1,50.0,127.17667077562858,127.17667077562858,77.17667077562858,77.17667077562858,0.9989649057388306
XTR-GAPS-H1-C3,C3,291,0,0,Ethanol,1,62.5,52.405176123187765,52.405176123187765,10.094823876812235,10.094823876812235,0.9996949434280396
XTR-GAPS-H1-C3,C3,292,1,1,CO,1,225.0,250.0,250.0,25.0,25.0,0.9992764592170715
XTR-GAPS-H1-C3,C3,293,3,3,Methane,1,150.0,250.0,250.0,100.0,100.0,0.9999953508377075
XTR-GAPS-H1-C3,C3,294,2,2,Ethylene,1,125.0,44.82430631047793,44.82430631047793,80.17569368952206,80.17569368952206,0.9994456171989441
XTR-GAPS-H1-C3,C3,295,3,3,Methane,1,200.0,250.0,250.0,50.0,50.0,0.9999953508377075
XTR-GAPS-H1-C3,C3,296,3,3,Methane,1,125.0,239.34675018611912,239.34675018611912,114.34675018611912,114.34675018611912,0.9999949932098389
XTR-GAPS-H1-C3,C3,297,0,0,Ethanol,1,37.5,111.00395883126198,111.00395883126198,73.50395883126198,73.50395883126198,0.9996781349182129
XTR-GAPS-H1-C3,C3,298,2,2,Ethylene,1,37.5,12.5,12.5,25.0,25.0,0.9993415474891663
XTR-GAPS-H1-C3,C3,299,1,1,CO,1,75.0,230.2930324295432,230.2930324295432,155.2930324295432,155.2930324295432,0.9990074038505554
XTR-GAPS-H1-C3,C3,300,2,2,Ethylene,1,87.5,43.95289178612133,43.95289178612133,43.54710821387867,43.54710821387867,0.9991397857666016
XTR-GAPS-H1-C3,C3,301,2,2,Ethylene,1,25.0,12.5,12.5,12.5,12.5,0.9954063892364502
XTR-GAPS-H1-C3,C3,302,3,3,Methane,1,250.0,250.0,250.0,0.0,0.0,0.9999953508377075
XTR-GAPS-H1-C3,C3,303,2,2,Ethylene,1,100.0,12.5,12.5,87.5,87.5,0.8742507100105286
XTR-GAPS-H1-C3,C3,304,0,0,Ethanol,1,87.5,21.949050628225564,21.949050628225564,65.55094937177444,65.55094937177444,0.9389938116073608
XTR-GAPS-H1-C3,C3,305,0,0,Ethanol,1,75.0,28.102100616251406,28.102100616251406,46.897899383748594,46.897899383748594,0.9996811151504517
XTR-GAPS-H1-C3,C3,306,3,3,Methane,1,175.0,250.0,250.0,75.0,75.0,0.9999949932098389
XTR-GAPS-H1-C3,C3,307,2,2,Ethylene,1,62.5,43.499773364278205,43.499773364278205,19.000226635721795,19.000226635721795,0.9854778051376343
XTR-GAPS-H1-C3,C3,308,1,1,CO,1,50.0,180.23932145100343,180.23932145100343,130.23932145100343,130.23932145100343,0.9984283447265625
XTR-GAPS-H1-C3,C3,309,3,3,Methane,1,250.0,250.0,250.0,0.0,0.0,0.9999954700469971
XTR-GAPS-H1-C3,C3,310,0,0,Ethanol,1,37.5,12.5,12.5,25.0,25.0,0.9996840953826904
XTR-GAPS-H1-C3,C3,311,0,0,Ethanol,1,87.5,36.469408027448395,36.469408027448395,51.030591972551605,51.030591972551605,0.9996882677078247
XTR-GAPS-H1-C3,C3,312,2,2,Ethylene,1,125.0,45.47710708258461,45.47710708258461,79.52289291741539,79.52289291741539,0.9990825653076172
XTR-GAPS-H1-C3,C3,313,2,2,Ethylene,1,75.0,23.7818667358846,23.7818667358846,51.2181332641154,51.2181332641154,0.9991313815116882
XTR-GAPS-H1-C3,C3,314,1,1,CO,1,50.0,76.78195920471217,76.78195920471217,26.781959204712166,26.781959204712166,0.999671220779419
XTR-GAPS-H1-C3,C3,315,2,2,Ethylene,1,25.0,12.5,12.5,12.5,12.5,0.9994112253189087
XTR-GAPS-H1-C3,C3,316,3,3,Methane,1,25.0,58.07244934199082,58.07244934199082,33.07244934199082,33.07244934199082,0.999995231628418
XTR-GAPS-H1-C3,C3,317,1,1,CO,1,150.0,250.0,250.0,100.0,100.0,0.9993674159049988
XTR-GAPS-H1-C3,C3,318,1,1,CO,1,50.0,148.8812045629594,148.8812045629594,98.8812045629594,98.8812045629594,0.9990517497062683
XTR-GAPS-H1-C3,C3,319,1,1,CO,1,150.0,250.0,250.0,100.0,100.0,0.9994906187057495
XTR-GAPS-H1-C3,C3,320,3,3,Methane,1,200.0,250.0,250.0,50.0,50.0,0.9999955892562866
XTR-GAPS-H1-C3,C3,321,2,2,Ethylene,1,112.5,16.261827770697593,16.261827770697593,96.2381722293024,96.2381722293024,0.9994829893112183
XTR-GAPS-H1-C3,C3,322,3,3,Methane,1,100.0,250.0,250.0,150.0,150.0,0.9999942779541016
XTR-GAPS-H1-C3,C3,323,3,3,Methane,1,75.0,69.61934850087613,69.61934850087613,5.380651499123871,5.380651499123871,0.9999915361404419
XTR-GAPS-H1-C3,C3,324,0,0,Ethanol,1,75.0,28.719930651951742,28.719930651951742,46.28006934804826,46.28006934804826,0.9996801614761353
XTR-GAPS-H1-C3,C3,325,2,2,Ethylene,1,25.0,12.5,12.5,12.5,12.5,0.9989848732948303
XTR-GAPS-H1-C3,C3,326,3,3,Methane,1,250.0,250.0,250.0,0.0,0.0,0.9999953508377075
XTR-GAPS-H1-C3,C3,327,1,1,CO,1,25.0,25.0,25.0,0.0,0.0,0.9967599511146545
XTR-GAPS-H1-C3,C3,328,1,1,CO,1,200.0,250.0,250.0,50.0,50.0,0.9982370138168335
XTR-GAPS-H1-C3,C3,329,0,0,Ethanol,1,12.5,36.563019397173875,36.563019397173875,24.063019397173875,24.063019397173875,0.9996765851974487
XTR-GAPS-H1-C3,C3,330,0,0,Ethanol,1,37.5,12.5,12.5,25.0,25.0,0.9996910095214844
XTR-GAPS-H1-C3,C3,331,3,3,Methane,1,50.0,100.28225931396298,100.28225931396298,50.28225931396298,50.28225931396298,0.999995231628418
XTR-GAPS-H1-C3,C3,332,1,1,CO,1,125.0,250.0,250.0,125.0,125.0,0.9993498921394348
XTR-GAPS-H1-C3,C3,333,3,3,Methane,1,125.0,250.0,250.0,125.0,125.0,0.9999946355819702
XTR-GAPS-H1-C3,C3,334,1,1,CO,1,100.0,250.0,250.0,150.0,150.0,0.9990801811218262
XTR-GAPS-H1-C3,C3,335,1,1,CO,1,50.0,145.2864388604791,145.2864388604791,95.28643886047911,95.28643886047911,0.9989627599716187
XTR-GAPS-H1-C3,C3,336,1,1,CO,1,150.0,250.0,250.0,100.0,100.0,0.9993149042129517
XTR-GAPS-H1-C3,C3,337,3,3,Methane,1,225.0,250.0,250.0,25.0,25.0,0.9999954700469971
XTR-GAPS-H1-C3,C3,338,3,3,Methane,1,100.0,166.62477331241917,166.62477331241917,66.62477331241917,66.62477331241917,0.9999953508377075
XTR-GAPS-H1-C3,C3,339,3,3,Methane,1,150.0,225.46010074637707,225.46010074637707,75.46010074637707,75.46010074637707,0.999995231628418
XTR-GAPS-H1-C3,C3,340,1,1,CO,1,100.0,250.0,250.0,150.0,150.0,0.9987245202064514
XTR-GAPS-H1-C3,C3,341,2,2,Ethylene,1,37.5,12.5,12.5,25.0,25.0,0.9993054866790771
XTR-GAPS-H1-C3,C3,342,0,0,Ethanol,1,62.5,12.5,12.5,50.0,50.0,0.9996840953826904
XTR-GAPS-H1-C3,C3,343,2,2,Ethylene,1,12.5,12.5,12.5,0.0,0.0,0.9731172919273376
XTR-GAPS-H1-C3,C3,344,3,3,Methane,1,200.0,250.0,250.0,50.0,50.0,0.9999953508377075
XTR-GAPS-H1-C3,C3,345,2,2,Ethylene,1,87.5,44.63612965792123,44.63612965792123,42.86387034207877,42.86387034207877,0.9995217323303223
XTR-GAPS-H1-C3,C3,346,1,1,CO,1,175.0,250.0,250.0,75.0,75.0,0.9973316192626953
XTR-GAPS-H1-C3,C3,347,2,2,Ethylene,1,100.0,33.646500964967316,33.646500964967316,66.35349903503268,66.35349903503268,0.9985319375991821
XTR-GAPS-H1-C3,C3,348,0,0,Ethanol,1,12.5,37.164260451196895,37.164260451196895,24.664260451196895,24.664260451196895,0.99967360496521
XTR-GAPS-H1-C3,C3,349,2,2,Ethylene,1,75.0,23.938925794001083,23.938925794001083,51.06107420599892,51.06107420599892,0.9990216493606567
XTR-GAPS-H1-C3,C3,350,2,2,Ethylene,1,125.0,67.22422069854318,67.22422069854318,57.77577930145682,57.77577930145682,0.9996178150177002
XTR-GAPS-H1-C3,C3,351,3,3,Methane,1,125.0,204.34651505137458,204.34651505137458,79.34651505137458,79.34651505137458,0.9999953508377075
XTR-GAPS-H1-C3,C3,352,2,2,Ethylene,1,12.5,12.5,12.5,0.0,0.0,0.9994377493858337
XTR-GAPS-H1-C3,C3,353,1,1,CO,1,250.0,250.0,250.0,0.0,0.0,0.9987713694572449
XTR-GAPS-H1-C3,C3,354,1,1,CO,1,100.0,250.0,250.0,150.0,150.0,0.9990072846412659
XTR-GAPS-H1-C3,C3,355,3,3,Methane,1,25.0,73.35475500235259,73.35475500235259,48.35475500235259,48.35475500235259,0.9999949932098389
XTR-GAPS-H1-C3,C3,356,1,1,CO,1,125.0,250.0,250.0,125.0,125.0,0.9992451667785645
XTR-GAPS-H1-C3,C3,357,1,1,CO,1,125.0,250.0,250.0,125.0,125.0,0.9991594552993774
XTR-GAPS-H1-C3,C3,358,2,2,Ethylene,1,75.0,50.99920400408786,50.99920400408786,24.000795995912142,24.000795995912142,0.999433696269989
XTR-GAPS-H1-C3,C3,359,3,3,Methane,1,200.0,250.0,250.0,50.0,50.0,0.9999953508377075
XTR-GAPS-H1-C3,C3,360,2,2,Ethylene,1,75.0,43.0778620462315,43.0778620462315,31.922137953768498,31.922137953768498,0.9994916915893555
XTR-GAPS-H1-C3,C3,361,0,0,Ethanol,1,62.5,20.001948436991754,20.001948436991754,42.49805156300825,42.49805156300825,0.9996844530105591
XTR-GAPS-H1-C3,C3,362,0,0,Ethanol,1,62.5,52.077265201511864,52.077265201511864,10.422734798488136,10.422734798488136,0.9997074007987976
XTR-GAPS-H1-C3,C3,363,1,1,CO,1,75.0,213.48576909765092,213.48576909765092,138.48576909765092,138.48576909765092,0.9992589354515076
XTR-GAPS-H1-C3,C3,364,0,0,Ethanol,1,100.0,44.232385129765845,44.232385129765845,55.767614870234155,55.767614870234155,0.9996846914291382
XTR-GAPS-H1-C3,C3,365,0,0,Ethanol,1,50.0,26.643634917601318,26.643634917601318,23.356365082398682,23.356365082398682,0.9996864795684814
XTR-GAPS-H1-C3,C3,366,3,3,Methane,1,175.0,250.0,250.0,75.0,75.0,0.9999953508377075
XTR-GAPS-H1-C3,C3,367,3,3,Methane,1,225.0,250.0,250.0,25.0,25.0,0.9999955892562866
XTR-GAPS-H1-C3,C3,368,1,1,CO,1,125.0,250.0,250.0,125.0,125.0,0.9986125230789185
XTR-GAPS-H1-C3,C3,369,2,2,Ethylene,1,37.5,12.5,12.5,25.0,25.0,0.9990876913070679
XTR-GAPS-H1-C3,C3,370,2,2,Ethylene,1,100.0,54.49525300304191,54.49525300304191,45.50474699695809,45.50474699695809,0.9996172189712524
XTR-GAPS-H1-C3,C3,371,2,2,Ethylene,1,112.5,71.53437819655514,71.53437819655514,40.96562180344486,40.96562180344486,0.9996089339256287
XTR-GAPS-H1-C3,C3,372,2,2,Ethylene,1,62.5,28.618361819288083,28.618361819288083,33.88163818071192,33.88163818071192,0.9996010661125183
XTR-GAPS-H1-C3,C3,373,2,2,Ethylene,1,62.5,24.875229958604322,24.875229958604322,37.62477004139568,37.62477004139568,0.999275267124176
XTR-GAPS-H1-C3,C3,374,1,1,CO,1,25.0,96.10403555778595,96.10403555778595,71.10403555778595,71.10403555778595,0.9991859793663025
XTR-GAPS-H1-C3,C3,375,1,1,CO,1,250.0,250.0,250.0,0.0,0.0,0.9993884563446045
XTR-GAPS-H1-C3,C3,376,2,2,Ethylene,1,62.5,20.316640229877873,20.316640229877873,42.183359770122124,42.183359770122124,0.999337375164032
XTR-GAPS-H1-C3,C3,377,0,0,Ethanol,1,87.5,68.12134733668672,68.12134733668672,19.378652663313275,19.378652663313275,0.9996833801269531
XTR-GAPS-H1-C3,C3,378,2,2,Ethylene,1,50.0,12.5,12.5,37.5,37.5,0.999640941619873
XTR-GAPS-H1-C3,C3,379,1,1,CO,1,225.0,250.0,250.0,25.0,25.0,0.9981074333190918
XTR-GAPS-H1-C3,C3,380,1,1,CO,1,175.0,250.0,250.0,75.0,75.0,0.9959807395935059
XTR-GAPS-H1-C3,C3,381,3,3,Methane,1,100.0,173.01412333277042,173.01412333277042,73.01412333277042,73.01412333277042,0.9999953508377075
XTR-GAPS-H1-C3,C3,382,3,3,Methane,1,25.0,51.815428638301796,51.815428638301796,26.815428638301796,26.815428638301796,0.999995231628418
XTR-GAPS-H1-C3,C3,383,3,3,Methane,1,250.0,250.0,250.0,0.0,0.0,0.999995231628418
XTR-GAPS-H1-C3,C3,384,3,3,Methane,1,250.0,250.0,250.0,0.0,0.0,0.9999953508377075
XTR-GAPS-H1-C3,C3,385,3,3,Methane,1,150.0,250.0,250.0,100.0,100.0,0.9999953508377075
XTR-GAPS-H1-C3,C3,386,2,2,Ethylene,1,62.5,21.354874120944146,21.354874120944146,41.145125879055854,41.145125879055854,0.9995379447937012
XTR-GAPS-H1-C3,C3,387,2,2,Ethylene,1,87.5,39.64335954816216,39.64335954816216,47.85664045183784,47.85664045183784,0.9993877410888672
XTR-GAPS-H1-C3,C3,388,1,1,CO,1,25.0,85.24436931444112,85.24436931444112,60.244369314441116,60.244369314441116,0.998918890953064
XTR-GAPS-H1-C3,C3,389,3,3,Methane,1,150.0,248.70696807935735,248.70696807935735,98.70696807935735,98.70696807935735,0.9999954700469971
XTR-GAPS-H1-C3,C3,390,1,1,CO,1,100.0,250.0,250.0,150.0,150.0,0.9994257688522339
XTR-GAPS-H1-C3,C3,391,0,0,Ethanol,1,75.0,36.09099698440072,36.09099698440072,38.90900301559928,38.90900301559928,0.9996874332427979
XTR-GAPS-H1-C3,C3,392,0,0,Ethanol,1,75.0,27.548512547392974,27.548512547392974,47.451487452607026,47.451487452607026,0.9996901750564575
XTR-GAPS-H1-C3,C3,393,3,3,Methane,1,50.0,99.23621546751394,99.23621546751394,49.236215467513944,49.236215467513944,0.999995231628418
XTR-GAPS-H1-C3,C3,394,0,0,Ethanol,1,125.0,93.9367477182731,93.9367477182731,31.063252281726903,31.063252281726903,0.9996472597122192
XTR-GAPS-H1-C3,C3,395,3,3,Methane,1,200.0,250.0,250.0,50.0,50.0,0.9999953508377075
XTR-GAPS-H1-C3,C3,396,1,1,CO,1,50.0,150.6949751738959,150.6949751738959,100.6949751738959,100.6949751738959,0.9984399676322937
XTR-GAPS-H1-C3,C3,397,1,1,CO,1,200.0,250.0,250.0,50.0,50.0,0.999518632888794
XTR-GAPS-H1-C3,C3,398,0,0,Ethanol,1,100.0,49.59527983437833,49.59527983437833,50.40472016562167,50.40472016562167,0.9996830224990845
XTR-GAPS-H1-C3,C3,399,0,0,Ethanol,1,100.0,125.0,125.0,25.0,25.0,0.999667763710022
XTR-GAPS-H1-C3,C3,400,2,2,Ethylene,1,50.0,12.5,12.5,37.5,37.5,0.9989076852798462
XTR-GAPS-H1-C3,C3,401,1,1,CO,1,150.0,250.0,250.0,100.0,100.0,0.9995061159133911
XTR-GAPS-H1-C3,C3,402,1,1,CO,1,25.0,70.06443247805186,70.06443247805186,45.064432478051856,45.064432478051856,0.9996262788772583
XTR-GAPS-H1-C3,C3,403,3,3,Methane,1,100.0,168.82570281011567,168.82570281011567,68.82570281011567,68.82570281011567,0.999995231628418
XTR-GAPS-H1-C3,C3,404,0,0,Ethanol,1,125.0,33.20976904058281,33.20976904058281,91.79023095941719,91.79023095941719,0.9996713399887085
XTR-GAPS-H1-C3,C3,405,0,0,Ethanol,1,25.0,22.634237463475074,22.634237463475074,2.365762536524926,2.365762536524926,0.9996999502182007
XTR-GAPS-H1-C3,C3,406,1,1,CO,1,100.0,250.0,250.0,150.0,150.0,0.9992623925209045
XTR-GAPS-H1-C3,C3,407,3,3,Methane,1,25.0,52.557438615354044,52.557438615354044,27.557438615354044,27.557438615354044,0.9999943971633911
XTR-GAPS-H1-C3,C3,408,1,1,CO,1,75.0,240.50798735676852,240.50798735676852,165.50798735676852,165.50798735676852,0.9990986585617065
XTR-GAPS-H1-C3,C3,409,3,3,Methane,1,25.0,47.06818791778676,47.06818791778676,22.06818791778676,22.06818791778676,0.9999943971633911
XTR-GAPS-H1-C3,C3,410,2,2,Ethylene,1,112.5,39.77595627476228,39.77595627476228,72.72404372523772,72.72404372523772,0.9992491602897644
XTR-GAPS-H1-C3,C3,411,3,3,Methane,1,250.0,250.0,250.0,0.0,0.0,0.9999953508377075
XTR-GAPS-H1-C3,C3,412,2,2,Ethylene,1,75.0,15.981592255049051,15.981592255049051,59.01840774495095,59.01840774495095,0.9991908669471741
XTR-GAPS-H1-C3,C3,413,1,1,CO,1,175.0,250.0,250.0,75.0,75.0,0.9993461966514587
XTR-GAPS-H1-C3,C3,414,3,3,Methane,1,25.0,51.34295583138817,51.34295583138817,26.342955831388167,26.342955831388167,0.999995231628418
XTR-GAPS-H1-C3,C3,415,3,3,Methane,1,200.0,250.0,250.0,50.0,50.0,0.9999953508377075
XTR-GAPS-H1-C3,C3,416,0,0,Ethanol,1,112.5,20.622597065188558,20.622597065188558,91.87740293481144,91.87740293481144,0.9996898174285889
XTR-GAPS-H1-C3,C3,417,1,1,CO,1,150.0,250.0,250.0,100.0,100.0,0.998479425907135
XTR-GAPS-H1-C3,C3,418,3,3,Methane,1,75.0,141.30079062967093,141.30079062967093,66.30079062967093,66.30079062967093,0.9999951124191284
XTR-GAPS-H1-C3,C3,419,2,2,Ethylene,1,25.0,12.5,12.5,12.5,12.5,0.9969942569732666
XTR-GAPS-H1-C3,C3,420,1,1,CO,1,75.0,250.0,250.0,175.0,175.0,0.999702513217926
XTR-GAPS-H1-C3,C3,421,2,2,Ethylene,1,87.5,28.17444480649099,28.17444480649099,59.32555519350901,59.32555519350901,0.9993588328361511
XTR-GAPS-H1-C3,C3,422,2,2,Ethylene,1,12.5,12.5,12.5,0.0,0.0,0.998826801776886
XTR-GAPS-H1-C3,C3,423,2,2,Ethylene,1,12.5,12.5,12.5,0.0,0.0,0.9995703101158142
XTR-GAPS-H1-C3,C3,424,0,0,Ethanol,1,50.0,26.69159881221917,26.69159881221917,23.30840118778083,23.30840118778083,0.9996886253356934
XTR-GAPS-H1-C3,C3,425,1,1,CO,1,150.0,250.0,250.0,100.0,100.0,0.9988371729850769
XTR-GAPS-H1-C3,C3,426,1,1,CO,1,200.0,250.0,250.0,50.0,50.0,0.9977606534957886
XTR-GAPS-H1-C3,C3,427,2,2,Ethylene,1,112.5,49.02176431018603,49.02176431018603,63.47823568981397,63.47823568981397,0.9989646673202515
XTR-GAPS-H1-C3,C3,428,0,0,Ethanol,1,125.0,55.858052333728864,55.858052333728864,69.14194766627114,69.14194766627114,0.9996784925460815
XTR-GAPS-H1-C3,C3,429,0,0,Ethanol,1,37.5,12.5,12.5,25.0,25.0,0.9996852874755859
XTR-GAPS-H1-C3,C3,430,0,0,Ethanol,1,125.0,52.47988112310195,52.47988112310195,72.52011887689805,72.52011887689805,0.9996814727783203
XTR-GAPS-H1-C3,C3,431,0,0,Ethanol,1,125.0,81.92312350349283,81.92312350349283,43.07687649650717,43.07687649650717,0.999679684638977
XTR-GAPS-H1-C3,C3,432,3,3,Methane,1,250.0,250.0,250.0,0.0,0.0,0.9999953508377075
XTR-GAPS-H1-C3,C3,433,0,0,Ethanol,1,125.0,125.0,125.0,0.0,0.0,0.9996675252914429
XTR-GAPS-H1-C3,C3,434,1,1,CO,1,225.0,250.0,250.0,25.0,25.0,0.9991034865379333
XTR-GAPS-H1-C3,C3,435,2,2,Ethylene,1,25.0,12.5,12.5,12.5,12.5,0.9997201561927795
XTR-GAPS-H1-C3,C3,436,3,3,Methane,1,50.0,93.3873573868824,93.3873573868824,43.3873573868824,43.3873573868824,0.999995231628418
XTR-GAPS-H1-C3,C3,437,3,3,Methane,1,150.0,250.0,250.0,100.0,100.0,0.999995231628418
XTR-GAPS-H1-C3,C3,438,0,0,Ethanol,1,12.5,12.5,12.5,0.0,0.0,0.9996893405914307
XTR-GAPS-H1-C3,C3,439,3,3,Methane,1,75.0,130.7169107175538,130.7169107175538,55.71691071755379,55.71691071755379,0.999995231628418
XTR-GAPS-H1-C3,C3,440,2,2,Ethylene,1,12.5,12.5,12.5,0.0,0.0,0.9952080845832825
XTR-GAPS-H1-C3,C3,441,3,3,Methane,1,100.0,175.8270283227091,175.8270283227091,75.82702832270911,75.82702832270911,0.9999953508377075
XTR-GAPS-H1-C3,C3,442,3,3,Methane,1,225.0,232.67381057321563,232.67381057321563,7.673810573215633,7.673810573215633,0.9999940395355225
XTR-GAPS-H1-C3,C3,443,1,1,CO,1,75.0,206.6788936043967,206.6788936043967,131.6788936043967,131.6788936043967,0.9988049268722534
XTR-GAPS-H1-C3,C3,444,2,2,Ethylene,1,25.0,12.5,12.5,12.5,12.5,0.9986454844474792
XTR-GAPS-H1-C3,C3,445,2,2,Ethylene,1,62.5,22.941130766049206,22.941130766049206,39.558869233950794,39.558869233950794,0.9990873336791992
XTR-GAPS-H1-C3,C3,446,0,0,Ethanol,1,25.0,12.5,12.5,12.5,12.5,0.9996670484542847
XTR-GAPS-H1-C3,C3,447,0,0,Ethanol,1,12.5,12.5,12.5,0.0,0.0,0.999685525894165
XTR-GAPS-H1-C3,C3,448,0,0,Ethanol,1,12.5,12.5,12.5,0.0,0.0,0.9996896982192993
XTR-GAPS-H1-C3,C3,449,1,1,CO,1,25.0,106.35769558144048,106.35769558144048,81.35769558144048,81.35769558144048,0.9995015859603882
XTR-GAPS-H1-C3,C3,450,2,2,Ethylene,1,25.0,12.5,12.5,12.5,12.5,0.9986209869384766
XTR-GAPS-H1-C3,C3,451,2,2,Ethylene,1,112.5,39.06057431949375,39.06057431949375,73.43942568050625,73.43942568050625,0.9990614056587219
XTR-GAPS-H1-C3,C3,452,3,3,Methane,1,100.0,165.273807212159,165.273807212159,65.273807212159,65.273807212159,0.9999953508377075
XTR-GAPS-H1-C3,C3,453,3,3,Methane,1,100.0,161.05378981817665,161.05378981817665,61.053789818176654,61.053789818176654,0.999995231628418
XTR-GAPS-H1-C3,C3,454,0,0,Ethanol,1,37.5,109.06524355035107,109.06524355035107,71.56524355035107,71.56524355035107,0.9996771812438965
XTR-GAPS-H1-C3,C3,455,0,0,Ethanol,1,75.0,37.56173850882506,37.56173850882506,37.43826149117494,37.43826149117494,0.9996815919876099
XTR-GAPS-H1-C3,C3,456,1,1,CO,1,150.0,250.0,250.0,100.0,100.0,0.9994798302650452
XTR-GAPS-H1-C3,C3,457,2,2,Ethylene,1,50.0,12.5,12.5,37.5,37.5,0.9994314312934875
XTR-GAPS-H1-C3,C3,458,1,1,CO,1,50.0,184.27008404241576,184.27008404241576,134.27008404241576,134.27008404241576,0.9989577531814575
XTR-GAPS-H1-C3,C3,459,0,0,Ethanol,1,112.5,53.86611296104323,53.86611296104323,58.63388703895677,58.63388703895677,0.9996829032897949
XTR-GAPS-H1-C3,C3,460,1,1,CO,1,200.0,250.0,250.0,50.0,50.0,0.9992944002151489
XTR-GAPS-H1-C3,C3,461,0,0,Ethanol,1,62.5,125.0,125.0,62.5,62.5,0.9996744394302368
XTR-GAPS-H1-C3,C3,462,3,3,Methane,1,225.0,250.0,250.0,25.0,25.0,0.9999953508377075
XTR-GAPS-H1-C3,C3,463,0,0,Ethanol,1,75.0,35.034777314602636,35.034777314602636,39.965222685397364,39.965222685397364,0.9996829032897949
XTR-GAPS-H1-C3,C3,464,1,1,CO,1,250.0,250.0,250.0,0.0,0.0,0.9986396431922913
XTR-GAPS-H1-C3,C3,465,0,0,Ethanol,1,112.5,59.569436104862035,59.569436104862035,52.930563895137965,52.930563895137965,0.9996567964553833
XTR-GAPS-H1-C3,C3,466,2,2,Ethylene,1,62.5,25.72691075004036,25.72691075004036,36.77308924995964,36.77308924995964,0.9997515082359314
XTR-GAPS-H1-C3,C3,467,2,2,Ethylene,1,100.0,65.43055298048517,65.43055298048517,34.569447019514826,34.569447019514826,0.9996935129165649
XTR-GAPS-H1-C3,C3,468,3,3,Methane,1,175.0,250.0,250.0,75.0,75.0,0.9999953508377075
XTR-GAPS-H1-C3,C3,469,1,1,CO,1,75.0,246.11224983920454,246.11224983920454,171.11224983920454,171.11224983920454,0.9984826445579529
XTR-GAPS-H1-C3,C3,470,1,1,CO,1,225.0,250.0,250.0,25.0,25.0,0.9960556030273438
XTR-GAPS-H1-C3,C3,471,3,3,Methane,1,50.0,102.42356979134371,102.42356979134371,52.42356979134371,52.42356979134371,0.999995231628418
XTR-GAPS-H1-C3,C3,472,3,3,Methane,1,50.0,99.95984777970136,99.95984777970136,49.95984777970136,49.95984777970136,0.9999953508377075
XTR-GAPS-H1-C3,C3,473,2,2,Ethylene,1,125.0,59.8920636266451,59.8920636266451,65.1079363733549,65.1079363733549,0.9997699856758118
XTR-GAPS-H1-C3,C3,474,2,2,Ethylene,1,50.0,12.5,12.5,37.5,37.5,0.9992192983627319
XTR-GAPS-H1-C3,C3,475,2,2,Ethylene,1,25.0,12.5,12.5,12.5,12.5,0.999247670173645
XTR-GAPS-H1-C3,C3,476,0,0,Ethanol,1,37.5,34.69854517620605,34.69854517620605,2.8014548237939465,2.8014548237939465,0.9997013211250305
XTR-GAPS-H1-C3,C3,477,1,1,CO,1,200.0,250.0,250.0,50.0,50.0,0.9990401864051819
XTR-GAPS-H1-C3,C3,478,0,0,Ethanol,1,62.5,18.285776755286804,18.285776755286804,44.214223244713196,44.214223244713196,0.9996877908706665
XTR-GAPS-H1-C3,C3,479,1,1,CO,1,150.0,250.0,250.0,100.0,100.0,0.9992757439613342
XTR-GAPS-H1-C3,C3,480,2,2,Ethylene,1,87.5,54.78546981646889,54.78546981646889,32.71453018353111,32.71453018353111,0.9995059967041016
XTR-GAPS-H1-C3,C3,481,1,1,CO,1,225.0,250.0,250.0,25.0,25.0,0.9990004897117615
XTR-GAPS-H1-C3,C3,482,2,2,Ethylene,1,12.5,12.5,12.5,0.0,0.0,0.9982196688652039
XTR-GAPS-H1-C3,C3,483,1,1,CO,1,100.0,250.0,250.0,150.0,150.0,0.9982036352157593
XTR-GAPS-H1-C3,C3,484,3,3,Methane,1,175.0,238.54019212569517,238.54019212569517,63.54019212569517,63.54019212569517,0.9999953508377075
XTR-GAPS-H1-C3,C3,485,3,3,Methane,1,150.0,250.0,250.0,100.0,100.0,0.9999953508377075
XTR-GAPS-H1-C3,C3,486,1,1,CO,1,75.0,250.0,250.0,175.0,175.0,0.9744731783866882
XTR-GAPS-H1-C3,C3,487,2,2,Ethylene,1,12.5,12.5,12.5,0.0,0.0,0.9994474053382874
XTR-GAPS-H1-C3,C3,488,0,0,Ethanol,1,100.0,41.35642714554703,41.35642714554703,58.64357285445297,58.64357285445297,0.9996910095214844
XTR-GAPS-H1-C3,C3,489,3,3,Methane,1,250.0,250.0,250.0,0.0,0.0,0.9999953508377075
XTR-GAPS-H1-C3,C3,490,3,3,Methane,1,100.0,192.34891753290353,192.34891753290353,92.34891753290353,92.34891753290353,0.9999949932098389
XTR-GAPS-H1-C3,C3,491,1,1,CO,1,125.0,250.0,250.0,125.0,125.0,0.997246265411377
XTR-GAPS-H1-C3,C3,492,2,2,Ethylene,1,25.0,12.5,12.5,12.5,12.5,0.9977436065673828
XTR-GAPS-H1-C3,C3,493,3,3,Methane,1,125.0,191.60008776743916,191.60008776743916,66.60008776743916,66.60008776743916,0.999995231628418
XTR-GAPS-H1-C3,C3,494,2,2,Ethylene,1,50.0,12.5,12.5,37.5,37.5,0.999718964099884
XTR-GAPS-H1-C3,C3,495,3,3,Methane,1,175.0,250.0,250.0,75.0,75.0,0.9999954700469971
XTR-GAPS-H1-C3,C3,496,2,2,Ethylene,1,75.0,24.834434313068684,24.834434313068684,50.165565686931316,50.165565686931316,0.9992859959602356
XTR-GAPS-H1-C3,C3,497,1,0,CO,0,250.0,12.5,250.0,237.5,0.0,0.7818596363067627
XTR-GAPS-H1-C3,C3,498,1,1,CO,1,25.0,68.22549198799697,68.22549198799697,43.225491987996975,43.225491987996975,0.9998226761817932
XTR-GAPS-H1-C3,C3,499,2,2,Ethylene,1,12.5,12.5,12.5,0.0,0.0,0.9970146417617798
XTR-GAPS-H1-C3,C3,500,2,2,Ethylene,1,50.0,16.646858728732354,16.646858728732354,33.353141271267646,33.353141271267646,0.9994545578956604
XTR-GAPS-H1-C3,C3,501,0,0,Ethanol,1,100.0,125.0,125.0,25.0,25.0,0.9996870756149292
XTR-GAPS-H1-C3,C3,502,1,1,CO,1,25.0,68.3623478673627,68.3623478673627,43.3623478673627,43.3623478673627,0.9995357990264893
XTR-GAPS-H1-C3,C3,503,2,2,Ethylene,1,112.5,40.40053537667084,40.40053537667084,72.09946462332917,72.09946462332917,0.9993249177932739
XTR-GAPS-H1-C3,C3,504,0,0,Ethanol,1,50.0,12.850281712502422,12.850281712502422,37.14971828749758,37.14971828749758,0.999685525894165
XTR-GAPS-H1-C3,C3,505,3,3,Methane,1,175.0,250.0,250.0,75.0,75.0,0.9999951124191284
XTR-GAPS-H1-C3,C3,506,3,3,Methane,1,175.0,244.21012354791458,244.21012354791458,69.21012354791458,69.21012354791458,0.999995231628418
XTR-GAPS-H1-C3,C3,507,3,3,Methane,1,25.0,50.2212349111777,50.2212349111777,25.221234911177703,25.221234911177703,0.999995231628418
XTR-GAPS-H1-C3,C3,508,2,2,Ethylene,1,75.0,38.939332001211376,38.939332001211376,36.060667998788624,36.060667998788624,0.9997262358665466
XTR-GAPS-H1-C3,C3,509,3,3,Methane,1,25.0,52.321018659868514,52.321018659868514,27.321018659868514,27.321018659868514,0.9999951124191284
XTR-GAPS-H1-C3,C3,510,2,2,Ethylene,1,100.0,65.11445935723748,65.11445935723748,34.88554064276252,34.88554064276252,0.9996500015258789
XTR-GAPS-H1-C3,C3,511,2,2,Ethylene,1,12.5,12.5,12.5,0.0,0.0,0.9987379908561707
XTR-GAPS-H1-C3,C3,512,2,2,Ethylene,1,12.5,12.5,12.5,0.0,0.0,0.9951180219650269
XTR-GAPS-H1-C3,C3,513,2,2,Ethylene,1,75.0,23.184391660800422,23.184391660800422,51.81560833919958,51.81560833919958,0.9993046522140503
XTR-GAPS-H1-C3,C3,514,1,1,CO,1,250.0,250.0,250.0,0.0,0.0,0.9976733326911926
XTR-GAPS-H1-C3,C3,515,2,2,Ethylene,1,100.0,67.52610747756762,67.52610747756762,32.47389252243238,32.47389252243238,0.9994139671325684
XTR-GAPS-H1-C3,C3,516,0,0,Ethanol,1,100.0,68.93375286905199,68.93375286905199,31.066247130948014,31.066247130948014,0.9996782541275024
XTR-GAPS-H1-C3,C3,517,2,2,Ethylene,1,62.5,12.5,12.5,50.0,50.0,0.9992244243621826
XTR-GAPS-H1-C3,C3,518,3,3,Methane,1,175.0,250.0,250.0,75.0,75.0,0.9999953508377075
XTR-GAPS-H1-C3,C3,519,2,2,Ethylene,1,12.5,12.5,12.5,0.0,0.0,0.9997546076774597
XTR-GAPS-H1-C3,C3,520,1,1,CO,1,200.0,250.0,250.0,50.0,50.0,0.997855007648468
XTR-GAPS-H1-C3,C3,521,2,2,Ethylene,1,112.5,71.75129817217018,71.75129817217018,40.74870182782982,40.74870182782982,0.9996403455734253
XTR-GAPS-H1-C3,C3,522,1,1,CO,1,225.0,250.0,250.0,25.0,25.0,0.9993591904640198
XTR-GAPS-H1-C3,C3,523,0,0,Ethanol,1,62.5,50.45967509004829,50.45967509004829,12.040324909951707,12.040324909951707,0.9996834993362427
XTR-GAPS-H1-C3,C3,524,0,0,Ethanol,1,50.0,41.97046979788051,41.97046979788051,8.029530202119489,8.029530202119489,0.9996944665908813
XTR-GAPS-H1-C3,C3,525,3,3,Methane,1,225.0,250.0,250.0,25.0,25.0,0.9999954700469971
XTR-GAPS-H1-C3,C3,526,0,0,Ethanol,1,12.5,12.5,12.5,0.0,0.0,0.9997127652168274
XTR-GAPS-H1-C3,C3,527,0,0,Ethanol,1,25.0,72.09573843558263,72.09573843558263,47.09573843558263,47.09573843558263,0.9996795654296875
XTR-GAPS-H1-C3,C3,528,1,1,CO,1,75.0,250.0,250.0,175.0,175.0,0.9993150234222412
XTR-GAPS-H1-C3,C3,529,2,2,Ethylene,1,100.0,84.34681922662597,84.34681922662597,15.653180773374032,15.653180773374032,0.9970670342445374
XTR-GAPS-H1-C3,C3,530,2,2,Ethylene,1,125.0,67.18312206328345,67.18312206328345,57.81687793671655,57.81687793671655,0.9993615746498108
XTR-GAPS-H1-C3,C3,531,0,0,Ethanol,1,125.0,51.88788918736422,51.88788918736422,73.11211081263578,73.11211081263578,0.9996787309646606
XTR-GAPS-H1-C3,C3,532,3,3,Methane,1,25.0,55.77972191754395,55.77972191754395,30.779721917543952,30.779721917543952,0.9999947547912598
XTR-GAPS-H1-C3,C3,533,2,2,Ethylene,1,37.5,12.5,12.5,25.0,25.0,0.9996691942214966
XTR-GAPS-H1-C3,C3,534,1,1,CO,1,250.0,250.0,250.0,0.0,0.0,0.9986535310745239
XTR-GAPS-H1-C3,C3,535,0,0,Ethanol,1,12.5,12.5,12.5,0.0,0.0,0.9996935129165649
XTR-GAPS-H1-C3,C3,536,3,3,Methane,1,200.0,250.0,250.0,50.0,50.0,0.9999953508377075
XTR-GAPS-H1-C3,C3,537,1,1,CO,1,25.0,64.72372679252254,64.72372679252254,39.72372679252254,39.72372679252254,0.9893950819969177
XTR-GAPS-H1-C3,C3,538,0,0,Ethanol,1,125.0,58.35248461619449,58.35248461619449,66.64751538380551,66.64751538380551,0.9996825456619263
XTR-GAPS-H1-C3,C3,539,1,1,CO,1,25.0,114.39857673990963,114.39857673990963,89.39857673990963,89.39857673990963,0.9995887875556946
XTR-GAPS-H1-C3,C3,540,0,0,Ethanol,1,125.0,51.63423816093338,51.63423816093338,73.36576183906662,73.36576183906662,0.9996825456619263
XTR-GAPS-H1-C3,C3,541,2,2,Ethylene,1,50.0,12.5,12.5,37.5,37.5,0.9993587136268616
XTR-GAPS-H1-C3,C3,542,2,2,Ethylene,1,87.5,31.895637797907398,31.895637797907398,55.6043622020926,55.6043622020926,0.9993044137954712
XTR-GAPS-H1-C3,C3,543,2,2,Ethylene,1,12.5,12.5,12.5,0.0,0.0,0.9957960844039917
XTR-GAPS-H1-C3,C3,544,1,1,CO,1,175.0,250.0,250.0,75.0,75.0,0.9975652694702148
XTR-GAPS-H1-C3,C3,545,1,1,CO,1,200.0,250.0,250.0,50.0,50.0,0.9986757636070251
XTR-GAPS-H1-C3,C3,546,0,0,Ethanol,1,37.5,12.5,12.5,25.0,25.0,0.9996739625930786
XTR-GAPS-H1-C3,C3,547,3,3,Methane,1,50.0,100.91546481034692,100.91546481034692,50.91546481034692,50.91546481034692,0.999995231628418
XTR-GAPS-H1-C3,C3,548,0,0,Ethanol,1,87.5,125.0,125.0,37.5,37.5,0.9996770620346069
XTR-GAPS-H1-C3,C3,549,0,0,Ethanol,1,75.0,33.64785933146091,33.64785933146091,41.35214066853909,41.35214066853909,0.9996908903121948
XTR-GAPS-H1-C3,C3,550,1,1,CO,1,100.0,250.0,250.0,150.0,150.0,0.9992446899414062
XTR-GAPS-H1-C3,C3,551,3,3,Methane,1,50.0,96.58848767924144,96.58848767924144,46.58848767924144,46.58848767924144,0.999995231628418
XTR-GAPS-H1-C3,C3,552,3,3,Methane,1,125.0,194.27042143403946,194.27042143403946,69.27042143403946,69.27042143403946,0.999995231628418
XTR-GAPS-H1-C3,C3,553,2,2,Ethylene,1,12.5,12.5,12.5,0.0,0.0,0.9995071887969971
XTR-GAPS-H1-C3,C3,554,2,2,Ethylene,1,25.0,12.5,12.5,12.5,12.5,0.9992820620536804
XTR-GAPS-H1-C3,C3,555,0,0,Ethanol,1,112.5,60.715252882210706,60.715252882210706,51.784747117789294,51.784747117789294,0.9996706247329712
XTR-GAPS-H1-C3,C3,556,0,0,Ethanol,1,112.5,57.66443664434183,57.66443664434183,54.83556335565817,54.83556335565817,0.9996815919876099
XTR-GAPS-H1-C3,C3,557,0,0,Ethanol,1,25.0,12.5,12.5,12.5,12.5,0.9997014403343201
XTR-GAPS-H1-C3,C3,558,2,2,Ethylene,1,75.0,27.599164895947823,27.599164895947823,47.40083510405218,47.40083510405218,0.999297022819519
XTR-GAPS-H1-C3,C3,559,3,3,Methane,1,250.0,250.0,250.0,0.0,0.0,0.9999954700469971
XTR-GAPS-H1-C3,C3,560,1,1,CO,1,150.0,250.0,250.0,100.0,100.0,0.9987395405769348
XTR-GAPS-H1-C3,C3,561,1,1,CO,1,175.0,250.0,250.0,75.0,75.0,0.9985452890396118
XTR-GAPS-H1-C3,C3,562,0,0,Ethanol,1,25.0,23.14360529232573,23.14360529232573,1.8563947076742693,1.8563947076742693,0.9996844530105591
XTR-GAPS-H1-C3,C3,563,3,3,Methane,1,125.0,218.67414610520566,218.67414610520566,93.67414610520566,93.67414610520566,0.9999953508377075
XTR-GAPS-H1-C3,C3,564,0,0,Ethanol,1,112.5,60.82907050681047,60.82907050681047,51.67092949318953,51.67092949318953,0.9996813535690308
XTR-GAPS-H1-C3,C3,565,3,3,Methane,1,200.0,250.0,250.0,50.0,50.0,0.999995231628418
XTR-GAPS-H1-C3,C3,566,0,0,Ethanol,1,75.0,13.674961696906621,13.674961696906621,61.32503830309338,61.32503830309338,0.9996873140335083
XTR-GAPS-H1-C3,C3,567,3,3,Methane,1,75.0,139.51418437602433,139.51418437602433,64.51418437602433,64.51418437602433,0.9999951124191284
XTR-GAPS-H1-C3,C3,568,3,3,Methane,1,175.0,250.0,250.0,75.0,75.0,0.9999954700469971
XTR-GAPS-H1-C3,C3,569,0,0,Ethanol,1,125.0,54.17067410947223,54.17067410947223,70.82932589052777,70.82932589052777,0.9996901750564575
XTR-GAPS-H1-C3,C3,570,3,3,Methane,1,250.0,250.0,250.0,0.0,0.0,0.9999947547912598
XTR-GAPS-H1-C3,C3,571,3,3,Methane,1,175.0,250.0,250.0,75.0,75.0,0.9999954700469971
XTR-GAPS-H1-C3,C3,572,0,0,Ethanol,1,12.5,12.5,12.5,0.0,0.0,0.9996618032455444
XTR-GAPS-H1-C3,C3,573,0,0,Ethanol,1,75.0,66.68525619757597,66.68525619757597,8.314743802424033,8.314743802424033,0.999681830406189
XTR-GAPS-H1-C3,C3,574,3,3,Methane,1,150.0,250.0,250.0,100.0,100.0,0.9999953508377075
XTR-GAPS-H1-C3,C3,575,3,3,Methane,1,25.0,46.33239805489802,46.33239805489802,21.33239805489802,21.33239805489802,0.9999951124191284
XTR-GAPS-H1-C3,C3,576,3,3,Methane,1,50.0,105.8571193920902,105.8571193920902,55.8571193920902,55.8571193920902,0.9999949932098389
XTR-GAPS-H1-C3,C3,577,1,1,CO,1,250.0,250.0,250.0,0.0,0.0,0.9993935823440552
XTR-GAPS-H1-C3,C3,578,2,2,Ethylene,1,112.5,38.91669415049947,38.91669415049947,73.58330584950053,73.58330584950053,0.9993091821670532
XTR-GAPS-H1-C3,C3,579,0,0,Ethanol,1,12.5,12.5,12.5,0.0,0.0,0.9996929168701172
XTR-GAPS-H1-C3,C3,580,0,0,Ethanol,1,37.5,18.814606307842,18.814606307842,18.685393692158,18.685393692158,0.9997071623802185
XTR-GAPS-H1-C3,C3,581,1,1,CO,1,50.0,184.56463158443262,184.56463158443262,134.56463158443262,134.56463158443262,0.9993689656257629
XTR-GAPS-H1-C3,C3,582,0,0,Ethanol,1,12.5,12.5,12.5,0.0,0.0,0.999690055847168
XTR-GAPS-H1-C3,C3,583,1,1,CO,1,225.0,250.0,250.0,25.0,25.0,0.9979472756385803
XTR-GAPS-H1-C3,C3,584,2,2,Ethylene,1,75.0,30.710497987514195,30.710497987514195,44.289502012485805,44.289502012485805,0.9991908669471741
XTR-GAPS-H1-C3,C3,585,0,0,Ethanol,1,87.5,67.72187088825888,67.72187088825888,19.778129111741123,19.778129111741123,0.9996832609176636
XTR-GAPS-H1-C3,C3,586,1,0,CO,0,200.0,42.82957142012553,250.0,157.17042857987445,50.0,0.9976717829704285
XTR-GAPS-H1-C3,C3,587,2,2,Ethylene,1,50.0,12.5,12.5,37.5,37.5,0.9995536208152771
XTR-GAPS-H1-C3,C3,588,3,3,Methane,1,25.0,46.082405834111796,46.082405834111796,21.082405834111796,21.082405834111796,0.9999951124191284
XTR-GAPS-H1-C3,C3,589,0,0,Ethanol,1,112.5,125.0,125.0,12.5,12.5,0.9997162222862244
XTR-GAPS-H1-C3,C3,590,0,0,Ethanol,1,87.5,37.01718075811942,37.01718075811942,50.48281924188058,50.48281924188058,0.9996809959411621
XTR-GAPS-H1-C3,C3,591,2,2,Ethylene,1,50.0,15.866998298374003,15.866998298374003,34.133001701626,34.133001701626,0.9994785189628601
XTR-GAPS-H1-C3,C3,592,3,3,Methane,1,150.0,217.82861989596472,217.82861989596472,67.82861989596472,67.82861989596472,0.999995231628418
XTR-GAPS-H1-C3,C3,593,2,2,Ethylene,1,87.5,35.301641743799046,35.301641743799046,52.198358256200954,52.198358256200954,0.99932861328125
XTR-GAPS-H1-C3,C3,594,3,3,Methane,1,125.0,195.6695041390442,195.6695041390442,70.6695041390442,70.6695041390442,0.9999953508377075
XTR-GAPS-H1-C3,C3,595,0,0,Ethanol,1,25.0,76.0898421990984,76.0898421990984,51.0898421990984,51.0898421990984,0.9997445940971375
XTR-GAPS-H1-C3,C3,596,3,3,Methane,1,50.0,92.02071292392998,92.02071292392998,42.02071292392998,42.02071292392998,0.999995231628418
XTR-GAPS-H1-C3,C3,597,1,1,CO,1,225.0,250.0,250.0,25.0,25.0,0.9989109039306641
XTR-GAPS-H1-C3,C3,598,3,3,Methane,1,75.0,138.33181592901735,138.33181592901735,63.33181592901735,63.33181592901735,0.999995231628418
XTR-GAPS-H1-C3,C3,599,0,0,Ethanol,1,12.5,12.5,12.5,0.0,0.0,0.9996896982192993
XTR-GAPS-H1-C3,C3,600,1,1,CO,1,150.0,250.0,250.0,100.0,100.0,0.9996660947799683
XTR-GAPS-H1-C3,C3,601,2,1,Ethylene,0,112.5,210.41117455748667,12.5,97.91117455748667,100.0,0.9018663763999939
XTR-GAPS-H1-C3,C3,602,2,2,Ethylene,1,100.0,35.45589728627961,35.45589728627961,64.54410271372039,64.54410271372039,0.9990634322166443
XTR-GAPS-H1-C3,C3,603,1,1,CO,1,225.0,250.0,250.0,25.0,25.0,0.9988831877708435
XTR-GAPS-H1-C3,C3,604,0,0,Ethanol,1,37.5,108.72627280227499,108.72627280227499,71.22627280227499,71.22627280227499,0.9996786117553711
XTR-GAPS-H1-C3,C3,605,0,0,Ethanol,1,37.5,102.76591942261106,102.76591942261106,65.26591942261106,65.26591942261106,0.9996851682662964
XTR-GAPS-H1-C3,C3,606,0,0,Ethanol,1,25.0,12.5,12.5,12.5,12.5,0.999700665473938
XTR-GAPS-H1-C3,C3,607,1,1,CO,1,50.0,196.60161612715441,196.60161612715441,146.60161612715441,146.60161612715441,0.9993988275527954
XTR-GAPS-H1-C3,C3,608,1,1,CO,1,250.0,250.0,250.0,0.0,0.0,0.9960720539093018
XTR-GAPS-H1-C3,C3,609,1,1,CO,1,200.0,250.0,250.0,50.0,50.0,0.9989008903503418
XTR-GAPS-H1-C3,C3,610,1,1,CO,1,125.0,250.0,250.0,125.0,125.0,0.9994984865188599
XTR-GAPS-H1-C3,C3,611,3,3,Methane,1,75.0,163.36577784679625,163.36577784679625,88.36577784679625,88.36577784679625,0.9999953508377075
XTR-GAPS-H1-C3,C3,612,0,0,Ethanol,1,100.0,76.13984700683773,76.13984700683773,23.860152993162274,23.860152993162274,0.999675989151001
XTR-GAPS-H1-C3,C3,613,3,3,Methane,1,150.0,250.0,250.0,100.0,100.0,0.9999946355819702
XTR-GAPS-H1-C3,C3,614,1,1,CO,1,75.0,218.22992351637492,218.22992351637492,143.22992351637492,143.22992351637492,0.99854576587677
XTR-GAPS-H1-C3,C3,615,0,0,Ethanol,1,87.5,125.0,125.0,37.5,37.5,0.9996805191040039
XTR-GAPS-H1-C3,C3,616,0,0,Ethanol,1,100.0,125.0,125.0,25.0,25.0,0.9996693134307861
XTR-GAPS-H1-C3,C3,617,2,2,Ethylene,1,100.0,61.30263328266446,61.30263328266446,38.69736671733554,38.69736671733554,0.9994193315505981
XTR-GAPS-H1-C3,C3,618,1,1,CO,1,50.0,171.585028177476,171.585028177476,121.585028177476,121.585028177476,0.998488187789917
XTR-GAPS-H1-C3,C3,619,3,3,Methane,1,250.0,250.0,250.0,0.0,0.0,0.9999954700469971
XTR-GAPS-H1-C3,C3,620,3,3,Methane,1,225.0,250.0,250.0,25.0,25.0,0.9999954700469971
XTR-GAPS-H1-C3,C3,621,1,1,CO,1,225.0,250.0,250.0,25.0,25.0,0.9992877840995789
XTR-GAPS-H1-C3,C3,622,2,2,Ethylene,1,75.0,12.5,12.5,62.5,62.5,0.9988653659820557
XTR-GAPS-H1-C3,C3,623,2,2,Ethylene,1,25.0,12.5,12.5,12.5,12.5,0.9997822642326355
XTR-GAPS-H1-C3,C3,624,1,1,CO,1,250.0,250.0,250.0,0.0,0.0,0.9996757507324219
XTR-GAPS-H1-C3,C3,625,1,1,CO,1,225.0,250.0,250.0,25.0,25.0,0.999506950378418
XTR-GAPS-H1-C3,C3,626,3,3,Methane,1,250.0,250.0,250.0,0.0,0.0,0.9999954700469971
XTR-GAPS-H1-C3,C3,627,2,2,Ethylene,1,125.0,85.96702485710857,85.96702485710857,39.03297514289143,39.03297514289143,0.9997075200080872
XTR-GAPS-H1-C3,C3,628,2,2,Ethylene,1,87.5,38.97200292554197,38.97200292554197,48.52799707445803,48.52799707445803,0.9993664622306824
XTR-GAPS-H1-C3,C3,629,2,2,Ethylene,1,37.5,12.5,12.5,25.0,25.0,0.998866081237793
XTR-GAPS-H1-C3,C3,630,1,1,CO,1,175.0,250.0,250.0,75.0,75.0,0.9993877410888672
XTR-GAPS-H1-C3,C3,631,1,1,CO,1,125.0,231.5963718535124,231.5963718535124,106.59637185351241,106.59637185351241,0.9978829026222229
XTR-GAPS-H1-C3,C3,632,2,2,Ethylene,1,25.0,12.5,12.5,12.5,12.5,0.9973304271697998
XTR-GAPS-H1-C3,C3,633,2,2,Ethylene,1,125.0,48.74137286799328,48.74137286799328,76.25862713200672,76.25862713200672,0.9992226362228394
XTR-GAPS-H1-C3,C3,634,3,3,Methane,1,150.0,250.0,250.0,100.0,100.0,0.9999948740005493
XTR-GAPS-H1-C3,C3,635,1,1,CO,1,75.0,250.0,250.0,175.0,175.0,0.9993621706962585
XTR-GAPS-H1-C3,C3,636,1,1,CO,1,125.0,250.0,250.0,125.0,125.0,0.9993232488632202
XTR-GAPS-H1-C3,C3,637,1,1,CO,1,100.0,250.0,250.0,150.0,150.0,0.9991621971130371
XTR-GAPS-H1-C3,C3,638,2,2,Ethylene,1,87.5,23.106310508377945,23.106310508377945,64.39368949162206,64.39368949162206,0.9990361928939819
XTR-GAPS-H1-C3,C3,639,3,3,Methane,1,225.0,250.0,250.0,25.0,25.0,0.9999949932098389
XTR-GAPS-H1-C3,C3,640,3,3,Methane,1,50.0,94.52952843317087,94.52952843317087,44.52952843317087,44.52952843317087,0.999995231628418
XTR-GAPS-H1-C3,C3,641,2,2,Ethylene,1,112.5,12.5,12.5,100.0,100.0,0.9988330006599426
XTR-GAPS-H1-C3,C3,642,2,2,Ethylene,1,112.5,42.63461615130193,42.63461615130193,69.86538384869807,69.86538384869807,0.9992733597755432
XTR-GAPS-H1-C3,C3,643,0,0,Ethanol,1,75.0,37.87539329725759,37.87539329725759,37.12460670274241,37.12460670274241,0.9996963739395142
XTR-GAPS-H1-C3,C3,644,1,1,CO,1,200.0,250.0,250.0,50.0,50.0,0.998866081237793
XTR-GAPS-H1-C3,C3,645,3,3,Methane,1,75.0,166.6935064012003,166.6935064012003,91.6935064012003,91.6935064012003,0.999995231628418
XTR-GAPS-H1-C3,C3,646,1,1,CO,1,25.0,69.05691494203393,69.05691494203393,44.05691494203393,44.05691494203393,0.9994379878044128
XTR-GAPS-H1-C3,C3,647,0,0,Ethanol,1,37.5,17.592887745921473,17.592887745921473,19.907112254078527,19.907112254078527,0.9996963739395142
XTR-GAPS-H1-C3,C3,648,2,2,Ethylene,1,125.0,27.32810511651961,27.32810511651961,97.67189488348039,97.67189488348039,0.9993378520011902
XTR-GAPS-H1-C3,C3,649,1,0,CO,0,175.0,25.96984793147776,250.0,149.03015206852223,75.0,0.6901627779006958
XTR-GAPS-H1-C3,C3,650,0,0,Ethanol,1,50.0,27.12495188077233,27.12495188077233,22.87504811922767,22.87504811922767,0.999697208404541
XTR-GAPS-H1-C3,C3,651,3,3,Methane,1,225.0,250.0,250.0,25.0,25.0,0.9999954700469971
XTR-GAPS-H1-C3,C3,652,2,2,Ethylene,1,62.5,17.366118558750472,17.366118558750472,45.13388144124953,45.13388144124953,0.9992117881774902
XTR-GAPS-H1-C3,C3,653,3,3,Methane,1,75.0,159.96470354842242,159.96470354842242,84.96470354842242,84.96470354842242,0.999995231628418
XTR-GAPS-H1-C3,C3,654,1,1,CO,1,225.0,250.0,250.0,25.0,25.0,0.9987885355949402
XTR-GAPS-H1-C3,C3,655,3,3,Methane,1,225.0,250.0,250.0,25.0,25.0,0.9999948740005493
XTR-GAPS-H1-C3,C3,656,1,1,CO,1,50.0,175.17475276651203,175.17475276651203,125.17475276651203,125.17475276651203,0.9991397857666016
XTR-GAPS-H1-C3,C3,657,3,3,Methane,1,100.0,187.1764045587886,187.1764045587886,87.17640455878859,87.17640455878859,0.9999948740005493
XTR-GAPS-H1-C3,C3,658,2,2,Ethylene,1,62.5,17.322789956302923,17.322789956302923,45.17721004369707,45.17721004369707,0.9990791082382202
XTR-GAPS-H1-C3,C3,659,2,2,Ethylene,1,12.5,12.5,12.5,0.0,0.0,0.9997616410255432
XTR-GAPS-H1-C3,C3,660,0,0,Ethanol,1,100.0,66.16783842611467,66.16783842611467,33.83216157388533,33.83216157388533,0.9996659755706787
XTR-GAPS-H1-C3,C3,661,1,1,CO,1,100.0,250.0,250.0,150.0,150.0,0.9995786547660828
XTR-GAPS-H1-C3,C3,662,3,3,Methane,1,25.0,100.74864004382357,100.74864004382357,75.74864004382357,75.74864004382357,0.9999935626983643
XTR-GAPS-H1-C3,C3,663,2,2,Ethylene,1,100.0,39.51399150127939,39.51399150127939,60.48600849872061,60.48600849872061,0.9993149042129517
XTR-GAPS-H1-C3,C3,664,3,3,Methane,1,200.0,250.0,250.0,50.0,50.0,0.9999953508377075
XTR-GAPS-H1-C3,C3,665,1,1,CO,1,125.0,250.0,250.0,125.0,125.0,0.9986734390258789
XTR-GAPS-H1-C3,C3,666,1,1,CO,1,25.0,69.40902626206253,69.40902626206253,44.409026262062525,44.409026262062525,0.9993115663528442
XTR-GAPS-H1-C3,C3,667,3,3,Methane,1,225.0,250.0,250.0,25.0,25.0,0.9999954700469971
XTR-GAPS-H1-C3,C3,668,1,1,CO,1,200.0,250.0,250.0,50.0,50.0,0.9993686079978943
XTR-GAPS-H1-C3,C3,669,2,2,Ethylene,1,62.5,29.122863105999826,29.122863105999826,33.377136894000174,33.377136894000174,0.9997324347496033
XTR-GAPS-H1-C3,C3,670,1,1,CO,1,75.0,248.24177421343595,248.24177421343595,173.24177421343595,173.24177421343595,0.99892657995224
XTR-GAPS-H1-C3,C3,671,3,3,Methane,1,100.0,177.17782784617458,177.17782784617458,77.17782784617458,77.17782784617458,0.9999958276748657
XTR-GAPS-H1-C3,C3,672,3,3,Methane,1,75.0,148.86586629424855,148.86586629424855,73.86586629424855,73.86586629424855,0.9999954700469971
XTR-GAPS-H1-C3,C3,673,0,0,Ethanol,1,50.0,125.0,125.0,75.0,75.0,0.999677300453186
XTR-GAPS-H1-C3,C3,674,3,3,Methane,1,125.0,201.99810522973598,201.99810522973598,76.99810522973598,76.99810522973598,0.999995231628418
XTR-GAPS-H1-C3,C3,675,3,3,Methane,1,75.0,128.38975544910193,128.38975544910193,53.389755449101926,53.389755449101926,0.9999953508377075
XTR-GAPS-H1-C3,C3,676,3,3,Methane,1,200.0,250.0,250.0,50.0,50.0,0.999995231628418
XTR-GAPS-H1-C3,C3,677,1,1,CO,1,100.0,242.01055041063407,242.01055041063407,142.01055041063407,142.01055041063407,0.9988585710525513
XTR-GAPS-H1-C3,C3,678,2,2,Ethylene,1,112.5,39.98680827780626,39.98680827780626,72.51319172219374,72.51319172219374,0.9988759160041809
XTR-GAPS-H1-C3,C3,679,1,1,CO,1,75.0,211.2389393325538,211.2389393325538,136.2389393325538,136.2389393325538,0.9992049336433411
XTR-GAPS-H1-C4,C4,0,1,1,CO,1,100.0,25.0,25.0,75.0,75.0,0.9970595240592957
XTR-GAPS-H1-C4,C4,1,1,1,CO,1,175.0,48.22117838213205,48.22117838213205,126.77882161786795,126.77882161786795,0.9993950128555298
XTR-GAPS-H1-C4,C4,2,0,0,Ethanol,1,112.5,125.0,125.0,12.5,12.5,0.9996418952941895
XTR-GAPS-H1-C4,C4,3,2,2,Ethylene,1,112.5,82.0474911130072,82.0474911130072,30.452508886992803,30.452508886992803,0.9991292357444763
XTR-GAPS-H1-C4,C4,4,2,2,Ethylene,1,37.5,29.219753436064906,29.219753436064906,8.280246563935094,8.280246563935094,0.9994267225265503
XTR-GAPS-H1-C4,C4,5,3,3,Methane,1,150.0,250.0,250.0,100.0,100.0,0.9999957084655762
XTR-GAPS-H1-C4,C4,6,0,0,Ethanol,1,50.0,89.03287389970683,89.03287389970683,39.03287389970683,39.03287389970683,0.9996331930160522
XTR-GAPS-H1-C4,C4,7,1,1,CO,1,100.0,25.0,25.0,75.0,75.0,0.9987363219261169
XTR-GAPS-H1-C4,C4,8,2,2,Ethylene,1,100.0,46.301188815824474,46.301188815824474,53.698811184175526,53.698811184175526,0.9989874958992004
XTR-GAPS-H1-C4,C4,9,2,2,Ethylene,1,25.0,42.94658576181973,42.94658576181973,17.946585761819733,17.946585761819733,0.9996711015701294
XTR-GAPS-H1-C4,C4,10,1,1,CO,1,200.0,41.46051999677485,41.46051999677485,158.53948000322515,158.53948000322515,0.9982659220695496
XTR-GAPS-H1-C4,C4,11,3,3,Methane,1,75.0,160.6460275775109,160.6460275775109,85.64602757751089,85.64602757751089,0.9999957084655762
XTR-GAPS-H1-C4,C4,12,0,0,Ethanol,1,75.0,124.84204689901313,124.84204689901313,49.84204689901313,49.84204689901313,0.9996355772018433
XTR-GAPS-H1-C4,C4,13,0,0,Ethanol,1,100.0,125.0,125.0,25.0,25.0,0.9994584918022156
XTR-GAPS-H1-C4,C4,14,1,1,CO,1,150.0,32.248907657326754,32.248907657326754,117.75109234267325,117.75109234267325,0.9993504881858826
XTR-GAPS-H1-C4,C4,15,1,1,CO,1,75.0,25.0,25.0,50.0,50.0,0.9991862177848816
XTR-GAPS-H1-C4,C4,16,0,0,Ethanol,1,25.0,125.0,125.0,100.0,100.0,0.9996310472488403
XTR-GAPS-H1-C4,C4,17,0,0,Ethanol,1,87.5,125.0,125.0,37.5,37.5,0.9996209144592285
XTR-GAPS-H1-C4,C4,18,3,3,Methane,1,150.0,250.0,250.0,100.0,100.0,0.9999957084655762
XTR-GAPS-H1-C4,C4,19,1,1,CO,1,225.0,99.93897838119273,99.93897838119273,125.06102161880727,125.06102161880727,0.9995181560516357
XTR-GAPS-H1-C4,C4,20,0,0,Ethanol,1,87.5,125.0,125.0,37.5,37.5,0.9996587038040161
XTR-GAPS-H1-C4,C4,21,1,1,CO,1,75.0,25.0,25.0,50.0,50.0,0.9989355206489563
XTR-GAPS-H1-C4,C4,22,3,3,Methane,1,50.0,122.75423545372018,122.75423545372018,72.75423545372018,72.75423545372018,0.9999957084655762
XTR-GAPS-H1-C4,C4,23,0,0,Ethanol,1,50.0,125.0,125.0,75.0,75.0,0.9996421337127686
XTR-GAPS-H1-C4,C4,24,3,3,Methane,1,225.0,250.0,250.0,25.0,25.0,0.9999958276748657
XTR-GAPS-H1-C4,C4,25,2,2,Ethylene,1,75.0,125.0,125.0,50.0,50.0,0.9994128942489624
XTR-GAPS-H1-C4,C4,26,1,1,CO,1,150.0,54.77429006829213,54.77429006829213,95.22570993170787,95.22570993170787,0.9994421601295471
XTR-GAPS-H1-C4,C4,27,3,3,Methane,1,225.0,250.0,250.0,25.0,25.0,0.9999955892562866
XTR-GAPS-H1-C4,C4,28,1,1,CO,1,75.0,25.0,25.0,50.0,50.0,0.9994643330574036
XTR-GAPS-H1-C4,C4,29,2,2,Ethylene,1,50.0,43.53649477033717,43.53649477033717,6.463505229662829,6.463505229662829,0.9995679259300232
XTR-GAPS-H1-C4,C4,30,1,1,CO,1,50.0,25.0,25.0,25.0,25.0,0.9993763566017151
XTR-GAPS-H1-C4,C4,31,0,0,Ethanol,1,37.5,81.73226323575187,81.73226323575187,44.23226323575187,44.23226323575187,0.9996235370635986
XTR-GAPS-H1-C4,C4,32,2,2,Ethylene,1,75.0,125.0,125.0,50.0,50.0,0.9992815852165222
XTR-GAPS-H1-C4,C4,33,0,2,Ethanol,0,125.0,12.5,39.2395674527605,112.5,85.7604325472395,0.9994701743125916
XTR-GAPS-H1-C4,C4,34,1,1,CO,1,25.0,25.0,25.0,0.0,0.0,0.9997181296348572
XTR-GAPS-H1-C4,C4,35,1,1,CO,1,25.0,25.0,25.0,0.0,0.0,0.9994078874588013
XTR-GAPS-H1-C4,C4,36,1,1,CO,1,225.0,245.161795894472,245.161795894472,20.161795894471993,20.161795894471993,0.9990085959434509
XTR-GAPS-H1-C4,C4,37,3,3,Methane,1,200.0,250.0,250.0,50.0,50.0,0.9999958276748657
XTR-GAPS-H1-C4,C4,38,2,2,Ethylene,1,12.5,12.5,12.5,0.0,0.0,0.9979227185249329
XTR-GAPS-H1-C4,C4,39,2,2,Ethylene,1,75.0,125.0,125.0,50.0,50.0,0.999567449092865
XTR-GAPS-H1-C4,C4,40,3,3,Methane,1,175.0,250.0,250.0,75.0,75.0,0.9999955892562866
XTR-GAPS-H1-C4,C4,41,1,1,CO,1,175.0,26.614339766245735,26.614339766245735,148.38566023375427,148.38566023375427,0.9990975856781006
XTR-GAPS-H1-C4,C4,42,1,1,CO,1,225.0,129.94709551637357,129.94709551637357,95.05290448362643,95.05290448362643,0.9986531734466553
XTR-GAPS-H1-C4,C4,43,2,2,Ethylene,1,37.5,70.81368230380991,70.81368230380991,33.31368230380991,33.31368230380991,0.9989935755729675
XTR-GAPS-H1-C4,C4,44,1,1,CO,1,175.0,31.630286748984645,31.630286748984645,143.36971325101536,143.36971325101536,0.9995207786560059
XTR-GAPS-H1-C4,C4,45,0,0,Ethanol,1,125.0,125.0,125.0,0.0,0.0,0.9996402263641357
XTR-GAPS-H1-C4,C4,46,2,2,Ethylene,1,75.0,109.89195499728181,109.89195499728181,34.891954997281815,34.891954997281815,0.9994602799415588
XTR-GAPS-H1-C4,C4,47,3,3,Methane,1,150.0,250.0,250.0,100.0,100.0,0.9999957084655762
XTR-GAPS-H1-C4,C4,48,1,1,CO,1,100.0,25.0,25.0,75.0,75.0,0.9986832737922668
XTR-GAPS-H1-C4,C4,49,1,1,CO,1,175.0,25.0,25.0,150.0,150.0,0.9994484782218933
XTR-GAPS-H1-C4,C4,50,0,0,Ethanol,1,100.0,125.0,125.0,25.0,25.0,0.9996347427368164
XTR-GAPS-H1-C4,C4,51,3,3,Methane,1,200.0,250.0,250.0,50.0,50.0,0.999995231628418
XTR-GAPS-H1-C4,C4,52,2,2,Ethylene,1,112.5,82.95693874755811,82.95693874755811,29.543061252441888,29.543061252441888,0.9999245405197144
XTR-GAPS-H1-C4,C4,53,1,1,CO,1,250.0,67.54773628386491,67.54773628386491,182.4522637161351,182.4522637161351,0.9990798234939575
XTR-GAPS-H1-C4,C4,54,1,1,CO,1,150.0,31.566318595306996,31.566318595306996,118.433681404693,118.433681404693,0.9959854483604431
XTR-GAPS-H1-C4,C4,55,3,3,Methane,1,225.0,250.0,250.0,25.0,25.0,0.9999957084655762
XTR-GAPS-H1-C4,C4,56,0,0,Ethanol,1,37.5,86.507816888094,86.507816888094,49.007816888094,49.007816888094,0.9996198415756226
XTR-GAPS-H1-C4,C4,57,3,3,Methane,1,125.0,235.91757078769433,235.91757078769433,110.91757078769433,110.91757078769433,0.9999957084655762
XTR-GAPS-H1-C4,C4,58,2,2,Ethylene,1,62.5,103.50170908952413,103.50170908952413,41.00170908952413,41.00170908952413,0.9996272325515747
XTR-GAPS-H1-C4,C4,59,2,2,Ethylene,1,37.5,63.58154939086825,63.58154939086825,26.081549390868247,26.081549390868247,0.9997478127479553
XTR-GAPS-H1-C4,C4,60,0,0,Ethanol,1,12.5,22.837919939498477,22.837919939498477,10.337919939498477,10.337919939498477,0.999607264995575
XTR-GAPS-H1-C4,C4,61,0,0,Ethanol,1,100.0,125.0,125.0,25.0,25.0,0.9995977282524109
XTR-GAPS-H1-C4,C4,62,0,0,Ethanol,1,75.0,114.36971315822223,114.36971315822223,39.369713158222226,39.369713158222226,0.9996423721313477
XTR-GAPS-H1-C4,C4,63,2,2,Ethylene,1,50.0,13.993946055270484,13.993946055270484,36.006053944729516,36.006053944729516,0.9997554421424866
XTR-GAPS-H1-C4,C4,64,2,2,Ethylene,1,125.0,125.0,125.0,0.0,0.0,0.9996576309204102
XTR-GAPS-H1-C4,C4,65,3,3,Methane,1,50.0,144.00033648004774,144.00033648004774,94.00033648004774,94.00033648004774,0.9999958276748657
XTR-GAPS-H1-C4,C4,66,2,2,Ethylene,1,50.0,37.6519675364143,37.6519675364143,12.348032463585703,12.348032463585703,0.9993471503257751
XTR-GAPS-H1-C4,C4,67,3,3,Methane,1,125.0,250.0,250.0,125.0,125.0,0.9999954700469971
XTR-GAPS-H1-C4,C4,68,0,0,Ethanol,1,100.0,125.0,125.0,25.0,25.0,0.999650239944458
XTR-GAPS-H1-C4,C4,69,3,3,Methane,1,25.0,74.7320634027692,74.7320634027692,49.7320634027692,49.7320634027692,0.9999960660934448
XTR-GAPS-H1-C4,C4,70,3,3,Methane,1,225.0,250.0,250.0,25.0,25.0,0.9999953508377075
XTR-GAPS-H1-C4,C4,71,0,0,Ethanol,1,75.0,124.5654550698128,124.5654550698128,49.5654550698128,49.5654550698128,0.9996317625045776
XTR-GAPS-H1-C4,C4,72,2,2,Ethylene,1,50.0,78.98410079535668,78.98410079535668,28.98410079535668,28.98410079535668,0.9997919201850891
XTR-GAPS-H1-C4,C4,73,3,3,Methane,1,225.0,250.0,250.0,25.0,25.0,0.9999957084655762
XTR-GAPS-H1-C4,C4,74,3,3,Methane,1,100.0,204.9712293096909,204.9712293096909,104.9712293096909,104.9712293096909,0.9999957084655762
XTR-GAPS-H1-C4,C4,75,3,3,Methane,1,150.0,250.0,250.0,100.0,100.0,0.9999957084655762
XTR-GAPS-H1-C4,C4,76,2,2,Ethylene,1,62.5,100.11097399423961,100.11097399423961,37.610973994239615,37.610973994239615,0.9980505704879761
XTR-GAPS-H1-C4,C4,77,1,1,CO,1,225.0,25.919663089432106,25.919663089432106,199.0803369105679,199.0803369105679,0.9988493919372559
XTR-GAPS-H1-C4,C4,78,1,1,CO,1,250.0,63.32767767248396,63.32767767248396,186.67232232751604,186.67232232751604,0.9981675148010254
XTR-GAPS-H1-C4,C4,79,2,2,Ethylene,1,37.5,69.9493896591091,69.9493896591091,32.4493896591091,32.4493896591091,0.9987515211105347
XTR-GAPS-H1-C4,C4,80,0,0,Ethanol,1,37.5,82.89478144836161,82.89478144836161,45.39478144836161,45.39478144836161,0.9996223449707031
XTR-GAPS-H1-C4,C4,81,2,2,Ethylene,1,37.5,36.47052499205242,36.47052499205242,1.0294750079475818,1.0294750079475818,0.9987990856170654
XTR-GAPS-H1-C4,C4,82,1,1,CO,1,25.0,25.0,25.0,0.0,0.0,0.9994427561759949
XTR-GAPS-H1-C4,C4,83,0,0,Ethanol,1,50.0,125.0,125.0,75.0,75.0,0.9996379613876343
XTR-GAPS-H1-C4,C4,84,0,0,Ethanol,1,62.5,112.03172954501807,112.03172954501807,49.53172954501807,49.53172954501807,0.999632716178894
XTR-GAPS-H1-C4,C4,85,1,1,CO,1,175.0,49.39801240423354,49.39801240423354,125.60198759576646,125.60198759576646,0.9993665814399719
XTR-GAPS-H1-C4,C4,86,2,2,Ethylene,1,87.5,67.33206656635998,67.33206656635998,20.167933433640016,20.167933433640016,0.9990928173065186
XTR-GAPS-H1-C4,C4,87,2,2,Ethylene,1,75.0,122.38787365147508,122.38787365147508,47.387873651475076,47.387873651475076,0.9993841648101807
XTR-GAPS-H1-C4,C4,88,2,2,Ethylene,1,100.0,125.0,125.0,25.0,25.0,0.9995902180671692
XTR-GAPS-H1-C4,C4,89,3,3,Methane,1,100.0,201.79318842750877,201.79318842750877,101.79318842750877,101.79318842750877,0.9999957084655762
XTR-GAPS-H1-C4,C4,90,0,0,Ethanol,1,12.5,22.50026832588469,22.50026832588469,10.00026832588469,10.00026832588469,0.9996150732040405
XTR-GAPS-H1-C4,C4,91,1,1,CO,1,150.0,33.59695362784416,33.59695362784416,116.40304637215584,116.40304637215584,0.9990679621696472
XTR-GAPS-H1-C4,C4,92,0,0,Ethanol,1,12.5,125.0,125.0,112.5,112.5,0.9959285855293274
XTR-GAPS-H1-C4,C4,93,3,3,Methane,1,50.0,133.61305114188212,133.61305114188212,83.61305114188212,83.61305114188212,0.9999957084655762
XTR-GAPS-H1-C4,C4,94,1,1,CO,1,50.0,25.0,25.0,25.0,25.0,0.9996827840805054
XTR-GAPS-H1-C4,C4,95,2,2,Ethylene,1,12.5,19.023930985506993,19.023930985506993,6.523930985506993,6.523930985506993,0.9980958104133606
XTR-GAPS-H1-C4,C4,96,3,3,Methane,1,200.0,250.0,250.0,50.0,50.0,0.9999957084655762
XTR-GAPS-H1-C4,C4,97,1,1,CO,1,50.0,25.0,25.0,25.0,25.0,0.9991719722747803
XTR-GAPS-H1-C4,C4,98,3,3,Methane,1,100.0,202.3024208946831,202.3024208946831,102.30242089468311,102.30242089468311,0.9999957084655762
XTR-GAPS-H1-C4,C4,99,3,3,Methane,1,125.0,250.0,250.0,125.0,125.0,0.9999959468841553
XTR-GAPS-H1-C4,C4,100,2,2,Ethylene,1,50.0,81.89493000262564,81.89493000262564,31.894930002625642,31.894930002625642,0.9996480941772461
XTR-GAPS-H1-C4,C4,101,3,3,Methane,1,175.0,250.0,250.0,75.0,75.0,0.9999957084655762
XTR-GAPS-H1-C4,C4,102,0,0,Ethanol,1,62.5,119.09619418749162,119.09619418749162,56.59619418749162,56.59619418749162,0.9996331930160522
XTR-GAPS-H1-C4,C4,103,2,2,Ethylene,1,125.0,95.16972361647069,95.16972361647069,29.83027638352931,29.83027638352931,0.9993718266487122
XTR-GAPS-H1-C4,C4,104,1,1,CO,1,200.0,80.0063558286598,80.0063558286598,119.9936441713402,119.9936441713402,0.9994681477546692
XTR-GAPS-H1-C4,C4,105,0,0,Ethanol,1,75.0,125.0,125.0,50.0,50.0,0.9996452331542969
XTR-GAPS-H1-C4,C4,106,1,1,CO,1,200.0,91.9103455456173,91.9103455456173,108.0896544543827,108.0896544543827,0.9994640946388245
XTR-GAPS-H1-C4,C4,107,3,3,Methane,1,225.0,250.0,250.0,25.0,25.0,0.9999957084655762
XTR-GAPS-H1-C4,C4,108,3,3,Methane,1,200.0,250.0,250.0,50.0,50.0,0.999994158744812
XTR-GAPS-H1-C4,C4,109,2,2,Ethylene,1,50.0,115.32530923001082,115.32530923001082,65.32530923001082,65.32530923001082,0.9995161294937134
XTR-GAPS-H1-C4,C4,110,0,0,Ethanol,1,125.0,125.0,125.0,0.0,0.0,0.9996389150619507
XTR-GAPS-H1-C4,C4,111,3,3,Methane,1,250.0,250.0,250.0,0.0,0.0,0.9999957084655762
XTR-GAPS-H1-C4,C4,112,2,2,Ethylene,1,62.5,48.52652669805834,48.52652669805834,13.97347330194166,13.97347330194166,0.9991652965545654
XTR-GAPS-H1-C4,C4,113,0,0,Ethanol,1,75.0,125.0,125.0,50.0,50.0,0.9996408224105835
XTR-GAPS-H1-C4,C4,114,3,3,Methane,1,175.0,250.0,250.0,75.0,75.0,0.9999945163726807
XTR-GAPS-H1-C4,C4,115,1,1,CO,1,50.0,25.0,25.0,25.0,25.0,0.9996297359466553
XTR-GAPS-H1-C4,C4,116,1,1,CO,1,75.0,25.0,25.0,50.0,50.0,0.9993415474891663
XTR-GAPS-H1-C4,C4,117,2,2,Ethylene,1,125.0,125.0,125.0,0.0,0.0,0.9996192455291748
XTR-GAPS-H1-C4,C4,118,2,2,Ethylene,1,100.0,74.87518761556936,74.87518761556936,25.12481238443064,25.12481238443064,0.9988154172897339
XTR-GAPS-H1-C4,C4,119,3,3,Methane,1,75.0,181.8647589792438,181.8647589792438,106.86475897924379,106.86475897924379,0.9999958276748657
XTR-GAPS-H1-C4,C4,120,2,2,Ethylene,1,75.0,85.28469787544925,85.28469787544925,10.284697875449254,10.284697875449254,0.9994089603424072
XTR-GAPS-H1-C4,C4,121,1,1,CO,1,175.0,31.5552846889413,31.5552846889413,143.4447153110587,143.4447153110587,0.9991961121559143
XTR-GAPS-H1-C4,C4,122,1,1,CO,1,75.0,25.0,25.0,50.0,50.0,0.9984816908836365
XTR-GAPS-H1-C4,C4,123,3,3,Methane,1,125.0,231.98599271685566,231.98599271685566,106.98599271685566,106.98599271685566,0.9999957084655762
XTR-GAPS-H1-C4,C4,124,0,0,Ethanol,1,62.5,107.60921769850432,107.60921769850432,45.109217698504324,45.109217698504324,0.9996373653411865
XTR-GAPS-H1-C4,C4,125,0,0,Ethanol,1,25.0,125.0,125.0,100.0,100.0,0.9996122717857361
XTR-GAPS-H1-C4,C4,126,1,1,CO,1,125.0,25.0,25.0,100.0,100.0,0.9994039535522461
XTR-GAPS-H1-C4,C4,127,0,0,Ethanol,1,37.5,125.0,125.0,87.5,87.5,0.9996252059936523
XTR-GAPS-H1-C4,C4,128,2,2,Ethylene,1,87.5,68.09026830691296,68.09026830691296,19.40973169308704,19.40973169308704,0.9998331069946289
XTR-GAPS-H1-C4,C4,129,1,1,CO,1,25.0,37.24432024463414,37.24432024463414,12.244320244634139,12.244320244634139,0.9988161325454712
XTR-GAPS-H1-C4,C4,130,1,1,CO,1,175.0,49.42467029329775,49.42467029329775,125.57532970670225,125.57532970670225,0.9995400905609131
XTR-GAPS-H1-C4,C4,131,3,3,Methane,1,175.0,250.0,250.0,75.0,75.0,0.9999957084655762
XTR-GAPS-H1-C4,C4,132,3,3,Methane,1,175.0,250.0,250.0,75.0,75.0,0.9999955892562866
XTR-GAPS-H1-C4,C4,133,1,1,CO,1,100.0,25.0,25.0,75.0,75.0,0.998789370059967
XTR-GAPS-H1-C4,C4,134,3,3,Methane,1,225.0,250.0,250.0,25.0,25.0,0.9999957084655762
XTR-GAPS-H1-C4,C4,135,3,3,Methane,1,200.0,250.0,250.0,50.0,50.0,0.9999954700469971
XTR-GAPS-H1-C4,C4,136,0,0,Ethanol,1,25.0,50.17360626717057,50.17360626717057,25.17360626717057,25.17360626717057,0.9996185302734375
XTR-GAPS-H1-C4,C4,137,1,1,CO,1,200.0,54.55533521815434,54.55533521815434,145.44466478184566,145.44466478184566,0.9982680082321167
XTR-GAPS-H1-C4,C4,138,0,0,Ethanol,1,112.5,125.0,125.0,12.5,12.5,0.9996449947357178
XTR-GAPS-H1-C4,C4,139,0,0,Ethanol,1,50.0,89.31141741569263,89.31141741569263,39.31141741569263,39.31141741569263,0.9996309280395508
XTR-GAPS-H1-C4,C4,140,2,2,Ethylene,1,25.0,55.93046248296628,55.93046248296628,30.930462482966277,30.930462482966277,0.9996263980865479
XTR-GAPS-H1-C4,C4,141,2,2,Ethylene,1,100.0,75.50468723546496,75.50468723546496,24.495312764535043,24.495312764535043,0.9998971223831177
XTR-GAPS-H1-C4,C4,142,0,0,Ethanol,1,100.0,125.0,125.0,25.0,25.0,0.9996362924575806
XTR-GAPS-H1-C4,C4,143,0,0,Ethanol,1,62.5,119.97413664568343,119.97413664568343,57.47413664568343,57.47413664568343,0.9996089339256287
XTR-GAPS-H1-C4,C4,144,1,1,CO,1,200.0,80.69207581923406,80.69207581923406,119.30792418076594,119.30792418076594,0.9995498061180115
XTR-GAPS-H1-C4,C4,145,0,0,Ethanol,1,12.5,22.17052756148692,22.17052756148692,9.67052756148692,9.67052756148692,0.9996113181114197
XTR-GAPS-H1-C4,C4,146,3,3,Methane,1,200.0,250.0,250.0,50.0,50.0,0.9999957084655762
XTR-GAPS-H1-C4,C4,147,2,2,Ethylene,1,12.5,12.5,12.5,0.0,0.0,0.9985278844833374
XTR-GAPS-H1-C4,C4,148,1,1,CO,1,125.0,48.60916022352103,48.60916022352103,76.39083977647897,76.39083977647897,0.9993013143539429
XTR-GAPS-H1-C4,C4,149,3,3,Methane,1,250.0,250.0,250.0,0.0,0.0,0.9999955892562866
XTR-GAPS-H1-C4,C4,150,3,3,Methane,1,25.0,59.37515676799194,59.37515676799194,34.37515676799194,34.37515676799194,0.9999958276748657
XTR-GAPS-H1-C4,C4,151,1,1,CO,1,125.0,38.47522646617962,38.47522646617962,86.52477353382038,86.52477353382038,0.9994494318962097
XTR-GAPS-H1-C4,C4,152,1,1,CO,1,150.0,77.98734647714258,77.98734647714258,72.01265352285742,72.01265352285742,0.9984789490699768
XTR-GAPS-H1-C4,C4,153,3,3,Methane,1,125.0,240.21413898140128,240.21413898140128,115.21413898140128,115.21413898140128,0.9999957084655762
XTR-GAPS-H1-C4,C4,154,2,2,Ethylene,1,125.0,125.0,125.0,0.0,0.0,0.9995527863502502
XTR-GAPS-H1-C4,C4,155,3,3,Methane,1,150.0,250.0,250.0,100.0,100.0,0.9999957084655762
XTR-GAPS-H1-C4,C4,156,3,3,Methane,1,75.0,167.06268968057913,167.06268968057913,92.06268968057913,92.06268968057913,0.9999957084655762
XTR-GAPS-H1-C4,C4,157,2,2,Ethylene,1,25.0,45.43263658626077,45.43263658626077,20.43263658626077,20.43263658626077,0.9996414184570312
XTR-GAPS-H1-C4,C4,158,1,1,CO,1,150.0,30.02354706815902,30.02354706815902,119.97645293184098,119.97645293184098,0.9991375207901001
XTR-GAPS-H1-C4,C4,159,1,1,CO,1,250.0,49.71693957399867,49.71693957399867,200.28306042600133,200.28306042600133,0.998445451259613
XTR-GAPS-H1-C4,C4,160,2,2,Ethylene,1,87.5,125.0,125.0,37.5,37.5,0.9997004270553589
XTR-GAPS-H1-C4,C4,161,0,0,Ethanol,1,87.5,125.0,125.0,37.5,37.5,0.9996219873428345
XTR-GAPS-H1-C4,C4,162,2,2,Ethylene,1,12.5,12.5,12.5,0.0,0.0,0.9991342425346375
XTR-GAPS-H1-C4,C4,163,2,2,Ethylene,1,112.5,125.0,125.0,12.5,12.5,0.9995120763778687
XTR-GAPS-H1-C4,C4,164,1,1,CO,1,150.0,31.838415090709674,31.838415090709674,118.16158490929033,118.16158490929033,0.9989720582962036
XTR-GAPS-H1-C4,C4,165,3,3,Methane,1,125.0,250.0,250.0,125.0,125.0,0.9999954700469971
XTR-GAPS-H1-C4,C4,166,0,0,Ethanol,1,37.5,79.1236537501539,79.1236537501539,41.623653750153906,41.623653750153906,0.9996234178543091
XTR-GAPS-H1-C4,C4,167,3,3,Methane,1,75.0,195.78805272856243,195.78805272856243,120.78805272856243,120.78805272856243,0.9999957084655762
XTR-GAPS-H1-C4,C4,168,2,3,Ethylene,0,87.5,250.0,125.0,162.5,37.5,0.9999936819076538
XTR-GAPS-H1-C4,C4,169,2,2,Ethylene,1,100.0,87.78035073366186,87.78035073366186,12.219649266338138,12.219649266338138,0.9992621541023254
XTR-GAPS-H1-C4,C4,170,1,1,CO,1,50.0,25.0,25.0,25.0,25.0,0.99957674741745
XTR-GAPS-H1-C4,C4,171,0,0,Ethanol,1,62.5,125.0,125.0,62.5,62.5,0.9996393918991089
XTR-GAPS-H1-C4,C4,172,2,2,Ethylene,1,62.5,55.28872168839522,55.28872168839522,7.211278311604779,7.211278311604779,0.9993242025375366
XTR-GAPS-H1-C4,C4,173,3,3,Methane,1,75.0,164.09011239395306,164.09011239395306,89.09011239395306,89.09011239395306,0.9999957084655762
XTR-GAPS-H1-C4,C4,174,1,1,CO,1,75.0,25.0,25.0,50.0,50.0,0.9995694756507874
XTR-GAPS-H1-C4,C4,175,0,0,Ethanol,1,50.0,125.0,125.0,75.0,75.0,0.9996324777603149
XTR-GAPS-H1-C4,C4,176,2,2,Ethylene,1,75.0,113.07323561715128,113.07323561715128,38.07323561715128,38.07323561715128,0.9995604157447815
XTR-GAPS-H1-C4,C4,177,3,3,Methane,1,25.0,59.68629936861771,59.68629936861771,34.68629936861771,34.68629936861771,0.9999959468841553
XTR-GAPS-H1-C4,C4,178,1,1,CO,1,225.0,100.02943642699931,100.02943642699931,124.97056357300069,124.97056357300069,0.9994109869003296
XTR-GAPS-H1-C4,C4,179,2,2,Ethylene,1,112.5,82.2611378596947,82.2611378596947,30.2388621403053,30.2388621403053,0.9990672469139099
XTR-GAPS-H1-C4,C4,180,0,0,Ethanol,1,125.0,125.0,125.0,0.0,0.0,0.9996180534362793
XTR-GAPS-H1-C4,C4,181,2,2,Ethylene,1,100.0,125.0,125.0,25.0,25.0,0.9991829991340637
XTR-GAPS-H1-C4,C4,182,1,1,CO,1,75.0,25.0,25.0,50.0,50.0,0.9994155168533325
XTR-GAPS-H1-C4,C4,183,0,0,Ethanol,1,50.0,84.58841157201562,84.58841157201562,34.588411572015616,34.588411572015616,0.9996308088302612
XTR-GAPS-H1-C4,C4,184,2,2,Ethylene,1,62.5,49.048688140645346,49.048688140645346,13.451311859354654,13.451311859354654,0.9990617632865906
XTR-GAPS-H1-C4,C4,185,2,2,Ethylene,1,125.0,125.0,125.0,0.0,0.0,0.9991753697395325
XTR-GAPS-H1-C4,C4,186,3,3,Methane,1,250.0,250.0,250.0,0.0,0.0,0.9999957084655762
XTR-GAPS-H1-C4,C4,187,2,2,Ethylene,1,87.5,68.9722085278667,68.9722085278667,18.527791472133302,18.527791472133302,0.9992499947547913
XTR-GAPS-H1-C4,C4,188,0,0,Ethanol,1,75.0,124.78578219413896,124.78578219413896,49.78578219413896,49.78578219413896,0.9996302127838135
XTR-GAPS-H1-C4,C4,189,3,3,Methane,1,100.0,221.28558734564461,221.28558734564461,121.28558734564461,121.28558734564461,0.9999959468841553
XTR-GAPS-H1-C4,C4,190,0,0,Ethanol,1,125.0,125.0,125.0,0.0,0.0,0.9996366500854492
XTR-GAPS-H1-C4,C4,191,3,3,Methane,1,225.0,250.0,250.0,25.0,25.0,0.999995231628418
XTR-GAPS-H1-C4,C4,192,3,3,Methane,1,200.0,250.0,250.0,50.0,50.0,0.9999958276748657
XTR-GAPS-H1-C4,C4,193,1,1,CO,1,125.0,34.12883798691689,34.12883798691689,90.87116201308311,90.87116201308311,0.9993966817855835
XTR-GAPS-H1-C4,C4,194,3,3,Methane,1,125.0,228.54411623300996,228.54411623300996,103.54411623300996,103.54411623300996,0.9999957084655762
XTR-GAPS-H1-C4,C4,195,0,0,Ethanol,1,112.5,125.0,125.0,12.5,12.5,0.9996421337127686
XTR-GAPS-H1-C4,C4,196,3,3,Methane,1,175.0,250.0,250.0,75.0,75.0,0.9999957084655762
XTR-GAPS-H1-C4,C4,197,2,2,Ethylene,1,112.5,125.0,125.0,12.5,12.5,0.9996744394302368
XTR-GAPS-H1-C4,C4,198,0,0,Ethanol,1,87.5,125.0,125.0,37.5,37.5,0.9996241331100464
XTR-GAPS-H1-C4,C4,199,1,1,CO,1,50.0,25.0,25.0,25.0,25.0,0.9991733431816101
XTR-GAPS-H1-C4,C4,200,2,2,Ethylene,1,75.0,111.46485679859002,111.46485679859002,36.46485679859002,36.46485679859002,0.9993983507156372
XTR-GAPS-H1-C4,C4,201,3,3,Methane,1,175.0,250.0,250.0,75.0,75.0,0.9999955892562866
XTR-GAPS-H1-C4,C4,202,0,0,Ethanol,1,50.0,125.0,125.0,75.0,75.0,0.9995800852775574
XTR-GAPS-H1-C4,C4,203,1,1,CO,1,125.0,25.0,25.0,100.0,100.0,0.9981147050857544
XTR-GAPS-H1-C4,C4,204,1,1,CO,1,100.0,35.467476590736496,35.467476590736496,64.5325234092635,64.5325234092635,0.9994277358055115
XTR-GAPS-H1-C4,C4,205,2,2,Ethylene,1,112.5,47.641308542605145,47.641308542605145,64.85869145739485,64.85869145739485,0.9992129802703857
XTR-GAPS-H1-C4,C4,206,2,2,Ethylene,1,100.0,125.0,125.0,25.0,25.0,0.9996594190597534
XTR-GAPS-H1-C4,C4,207,2,2,Ethylene,1,25.0,14.301401962263576,14.301401962263576,10.698598037736424,10.698598037736424,0.9991875290870667
XTR-GAPS-H1-C4,C4,208,3,3,Methane,1,250.0,250.0,250.0,0.0,0.0,0.9999957084655762
XTR-GAPS-H1-C4,C4,209,1,1,CO,1,200.0,52.360573227153225,52.360573227153225,147.63942677284678,147.63942677284678,0.7767137289047241
XTR-GAPS-H1-C4,C4,210,2,2,Ethylene,1,112.5,125.0,125.0,12.5,12.5,0.9994961023330688
XTR-GAPS-H1-C4,C4,211,3,3,Methane,1,100.0,194.37002706207625,194.37002706207625,94.37002706207625,94.37002706207625,0.9999957084655762
XTR-GAPS-H1-C4,C4,212,0,0,Ethanol,1,25.0,45.6632509081997,45.6632509081997,20.6632509081997,20.6632509081997,0.9996230602264404
XTR-GAPS-H1-C4,C4,213,0,0,Ethanol,1,125.0,125.0,125.0,0.0,0.0,0.999312162399292
XTR-GAPS-H1-C4,C4,214,3,3,Methane,1,100.0,210.3431317277657,210.3431317277657,110.3431317277657,110.3431317277657,0.9999957084655762
XTR-GAPS-H1-C4,C4,215,0,0,Ethanol,1,37.5,77.35783983433777,77.35783983433777,39.85783983433777,39.85783983433777,0.9996180534362793
XTR-GAPS-H1-C4,C4,216,3,3,Methane,1,25.0,82.03091671737161,82.03091671737161,57.03091671737161,57.03091671737161,0.9999958276748657
XTR-GAPS-H1-C4,C4,217,1,1,CO,1,125.0,50.644211982645345,50.644211982645345,74.35578801735466,74.35578801735466,0.9993317723274231
XTR-GAPS-H1-C4,C4,218,0,0,Ethanol,1,100.0,125.0,125.0,25.0,25.0,0.9996366500854492
XTR-GAPS-H1-C4,C4,219,0,0,Ethanol,1,37.5,125.0,125.0,87.5,87.5,0.9996283054351807
XTR-GAPS-H1-C4,C4,220,0,0,Ethanol,1,12.5,125.0,125.0,112.5,112.5,0.9996187686920166
XTR-GAPS-H1-C4,C4,221,3,3,Methane,1,150.0,250.0,250.0,100.0,100.0,0.9999957084655762
XTR-GAPS-H1-C4,C4,222,1,1,CO,1,25.0,25.0,25.0,0.0,0.0,0.9993306398391724
XTR-GAPS-H1-C4,C4,223,1,1,CO,1,50.0,25.0,25.0,25.0,25.0,0.9993245601654053
XTR-GAPS-H1-C4,C4,224,0,0,Ethanol,1,112.5,125.0,125.0,12.5,12.5,0.9996373653411865
XTR-GAPS-H1-C4,C4,225,2,2,Ethylene,1,62.5,55.65705358850972,55.65705358850972,6.842946411490281,6.842946411490281,0.9993854761123657
XTR-GAPS-H1-C4,C4,226,1,1,CO,1,250.0,85.76086672251765,85.76086672251765,164.23913327748235,164.23913327748235,0.9994044303894043
XTR-GAPS-H1-C4,C4,227,1,1,CO,1,150.0,53.418933622430316,53.418933622430316,96.58106637756968,96.58106637756968,0.9996213912963867
XTR-GAPS-H1-C4,C4,228,2,2,Ethylene,1,37.5,30.2718617023951,30.2718617023951,7.2281382976049,7.2281382976049,0.9993162155151367
XTR-GAPS-H1-C4,C4,229,1,1,CO,1,100.0,30.680528819041697,30.680528819041697,69.3194711809583,69.3194711809583,0.9988993406295776
XTR-GAPS-H1-C4,C4,230,2,2,Ethylene,1,62.5,102.3835768809395,102.3835768809395,39.8835768809395,39.8835768809395,0.9996960163116455
XTR-GAPS-H1-C4,C4,231,0,0,Ethanol,1,25.0,48.32131077352062,48.32131077352062,23.321310773520622,23.321310773520622,0.9996201992034912
XTR-GAPS-H1-C4,C4,232,0,0,Ethanol,1,87.5,125.0,125.0,37.5,37.5,0.9996455907821655
XTR-GAPS-H1-C4,C4,233,2,2,Ethylene,1,87.5,66.75567205896357,66.75567205896357,20.74432794103643,20.74432794103643,0.9992274045944214
XTR-GAPS-H1-C4,C4,234,3,3,Methane,1,100.0,194.85048762256127,194.85048762256127,94.85048762256127,94.85048762256127,0.9999957084655762
XTR-GAPS-H1-C4,C4,235,1,1,CO,1,250.0,62.845865575950796,62.845865575950796,187.1541344240492,187.1541344240492,0.9944807291030884
XTR-GAPS-H1-C4,C4,236,1,1,CO,1,200.0,88.61451583483256,88.61451583483256,111.38548416516744,111.38548416516744,0.9993212223052979
XTR-GAPS-H1-C4,C4,237,0,0,Ethanol,1,62.5,112.80808294373603,112.80808294373603,50.308082943736025,50.308082943736025,0.9996321201324463
XTR-GAPS-H1-C4,C4,238,3,3,Methane,1,50.0,197.17938943570167,197.17938943570167,147.17938943570167,147.17938943570167,0.9999957084655762
XTR-GAPS-H1-C4,C4,239,0,0,Ethanol,1,62.5,125.0,125.0,62.5,62.5,0.9997333884239197
XTR-GAPS-H1-C4,C4,240,2,2,Ethylene,1,25.0,40.63642973977969,40.63642973977969,15.636429739779693,15.636429739779693,0.9987126588821411
XTR-GAPS-H1-C4,C4,241,0,0,Ethanol,1,87.5,125.0,125.0,37.5,37.5,0.9996461868286133
XTR-GAPS-H1-C4,C4,242,2,2,Ethylene,1,25.0,52.97016148202413,52.97016148202413,27.97016148202413,27.97016148202413,0.9985710382461548
XTR-GAPS-H1-C4,C4,243,2,2,Ethylene,1,125.0,94.78953689065165,94.78953689065165,30.210463109348353,30.210463109348353,0.9994022846221924
XTR-GAPS-H1-C4,C4,244,2,2,Ethylene,1,37.5,63.7090293228185,63.7090293228185,26.209029322818502,26.209029322818502,0.9997435212135315
XTR-GAPS-H1-C4,C4,245,3,3,Methane,1,25.0,74.38612692255936,74.38612692255936,49.386126922559356,49.386126922559356,0.9999958276748657
XTR-GAPS-H1-C4,C4,246,1,1,CO,1,75.0,93.50141070939821,93.50141070939821,18.501410709398215,18.501410709398215,0.9992490410804749
XTR-GAPS-H1-C4,C4,247,1,1,CO,1,175.0,55.65810272825179,55.65810272825179,119.34189727174821,119.34189727174821,0.9994545578956604
XTR-GAPS-H1-C4,C4,248,2,2,Ethylene,1,87.5,125.0,125.0,37.5,37.5,0.9996059536933899
XTR-GAPS-H1-C4,C4,249,1,1,CO,1,25.0,25.0,25.0,0.0,0.0,0.9995771050453186
XTR-GAPS-H1-C4,C4,250,3,3,Methane,1,25.0,99.23757161234334,99.23757161234334,74.23757161234334,74.23757161234334,0.9999960660934448
XTR-GAPS-H1-C4,C4,251,2,2,Ethylene,1,12.5,18.84134417534529,18.84134417534529,6.3413441753452915,6.3413441753452915,0.9988327622413635
XTR-GAPS-H1-C4,C4,252,1,1,CO,1,100.0,25.0,25.0,75.0,75.0,0.9992390871047974
XTR-GAPS-H1-C4,C4,253,2,2,Ethylene,1,37.5,34.117184760276956,34.117184760276956,3.382815239723044,3.382815239723044,0.9988210797309875
XTR-GAPS-H1-C4,C4,254,3,3,Methane,1,50.0,158.17383995849013,158.17383995849013,108.17383995849013,108.17383995849013,0.9999961853027344
XTR-GAPS-H1-C4,C4,255,0,0,Ethanol,1,37.5,125.0,125.0,87.5,87.5,0.9996262788772583
XTR-GAPS-H1-C4,C4,256,3,3,Methane,1,250.0,250.0,250.0,0.0,0.0,0.9999957084655762
XTR-GAPS-H1-C4,C4,257,0,0,Ethanol,1,62.5,125.0,125.0,62.5,62.5,0.9996378421783447
XTR-GAPS-H1-C4,C4,258,0,0,Ethanol,1,100.0,125.0,125.0,25.0,25.0,0.999636173248291
XTR-GAPS-H1-C4,C4,259,1,1,CO,1,225.0,48.910583957552376,48.910583957552376,176.08941604244762,176.08941604244762,0.9961258769035339
XTR-GAPS-H1-C4,C4,260,2,2,Ethylene,1,12.5,12.5,12.5,0.0,0.0,0.9981473684310913
XTR-GAPS-H1-C4,C4,261,1,1,CO,1,225.0,51.763279509848644,51.763279509848644,173.23672049015136,173.23672049015136,0.995266318321228
XTR-GAPS-H1-C4,C4,262,2,2,Ethylene,1,100.0,125.0,125.0,25.0,25.0,0.9998921155929565
XTR-GAPS-H1-C4,C4,263,3,3,Methane,1,50.0,130.71888783088525,130.71888783088525,80.71888783088525,80.71888783088525,0.9999957084655762
XTR-GAPS-H1-C4,C4,264,3,3,Methane,1,150.0,250.0,250.0,100.0,100.0,0.9999957084655762
XTR-GAPS-H1-C4,C4,265,2,2,Ethylene,1,25.0,43.82238330937429,43.82238330937429,18.82238330937429,18.82238330937429,0.9996497631072998
XTR-GAPS-H1-C4,C4,266,1,1,CO,1,25.0,25.0,25.0,0.0,0.0,0.9996246099472046
XTR-GAPS-H1-C4,C4,267,3,3,Methane,1,125.0,235.61777530035704,235.61777530035704,110.61777530035704,110.61777530035704,0.9999957084655762
XTR-GAPS-H1-C4,C4,268,2,2,Ethylene,1,12.5,12.5,12.5,0.0,0.0,0.999078631401062
XTR-GAPS-H1-C4,C4,269,1,1,CO,1,100.0,29.974829714779162,29.974829714779162,70.02517028522084,70.02517028522084,0.9995152950286865
XTR-GAPS-H1-C4,C4,270,2,2,Ethylene,1,12.5,23.446302560257912,23.446302560257912,10.946302560257912,10.946302560257912,0.9989437460899353
XTR-GAPS-H1-C4,C4,271,0,0,Ethanol,1,25.0,50.27017865359218,50.27017865359218,25.270178653592183,25.270178653592183,0.9996204376220703
XTR-GAPS-H1-C4,C4,272,1,1,CO,1,125.0,77.88270753329965,77.88270753329965,47.11729246670035,47.11729246670035,0.9994674324989319
XTR-GAPS-H1-C4,C4,273,0,0,Ethanol,1,12.5,125.0,125.0,112.5,112.5,0.999619722366333
XTR-GAPS-H1-C4,C4,274,1,1,CO,1,250.0,92.20831327796566,92.20831327796566,157.79168672203434,157.79168672203434,0.9663512110710144
XTR-GAPS-H1-C4,C4,275,2,2,Ethylene,1,112.5,125.0,125.0,12.5,12.5,0.9999159574508667
XTR-GAPS-H1-C4,C4,276,2,2,Ethylene,1,25.0,14.66542975485126,14.66542975485126,10.33457024514874,10.33457024514874,0.9990878105163574
XTR-GAPS-H1-C4,C4,277,3,3,Methane,1,200.0,250.0,250.0,50.0,50.0,0.9999957084655762
XTR-GAPS-H1-C4,C4,278,0,0,Ethanol,1,12.5,23.842719293910505,23.842719293910505,11.342719293910505,11.342719293910505,0.9996108412742615
XTR-GAPS-H1-C4,C4,279,3,3,Methane,1,50.0,119.98541153927056,119.98541153927056,69.98541153927056,69.98541153927056,0.9999957084655762
XTR-GAPS-H1-C4,C4,280,3,3,Methane,1,250.0,250.0,250.0,0.0,0.0,0.9999958276748657
XTR-GAPS-H1-C4,C4,281,3,3,Methane,1,75.0,176.8364345138669,176.8364345138669,101.83643451386689,101.83643451386689,0.9999957084655762
XTR-GAPS-H1-C4,C4,282,3,3,Methane,1,25.0,80.16707360783266,80.16707360783266,55.16707360783266,55.16707360783266,0.9999960660934448
XTR-GAPS-H1-C4,C4,283,2,2,Ethylene,1,50.0,39.74774191561171,39.74774191561171,10.252258084388288,10.252258084388288,0.9993792772293091
XTR-GAPS-H1-C4,C4,284,1,1,CO,1,250.0,25.0,25.0,225.0,225.0,0.9604784250259399
XTR-GAPS-H1-C4,C4,285,0,0,Ethanol,1,87.5,125.0,125.0,37.5,37.5,0.999642014503479
XTR-GAPS-H1-C4,C4,286,0,0,Ethanol,1,25.0,54.13493111106476,54.13493111106476,29.13493111106476,29.13493111106476,0.999625563621521
XTR-GAPS-H1-C4,C4,287,3,3,Methane,1,75.0,176.23817506426514,176.23817506426514,101.23817506426514,101.23817506426514,0.9999957084655762
XTR-GAPS-H1-C4,C4,288,0,0,Ethanol,1,112.5,125.0,125.0,12.5,12.5,0.9996438026428223
XTR-GAPS-H1-C4,C4,289,3,3,Methane,1,25.0,109.38253927859421,109.38253927859421,84.38253927859421,84.38253927859421,0.9999957084655762
XTR-GAPS-H1-C4,C4,290,2,3,Ethylene,0,125.0,250.0,125.0,125.0,0.0,0.9999932050704956
XTR-GAPS-H1-C4,C4,291,0,0,Ethanol,1,87.5,125.0,125.0,37.5,37.5,0.9996230602264404
XTR-GAPS-H1-C4,C4,292,0,0,Ethanol,1,112.5,125.0,125.0,12.5,12.5,0.9996389150619507
XTR-GAPS-H1-C4,C4,293,2,2,Ethylene,1,125.0,94.90499358146639,94.90499358146639,30.095006418533615,30.095006418533615,0.9993158578872681
XTR-GAPS-H1-C4,C4,294,0,0,Ethanol,1,50.0,85.24164785940361,85.24164785940361,35.24164785940361,35.24164785940361,0.9996328353881836
XTR-GAPS-H1-C4,C4,295,1,1,CO,1,125.0,25.0,25.0,100.0,100.0,0.9993152618408203
XTR-GAPS-H1-C4,C4,296,2,2,Ethylene,1,50.0,38.52629080451056,38.52629080451056,11.473709195489441,11.473709195489441,0.9994244575500488
XTR-GAPS-H1-C4,C4,297,1,1,CO,1,25.0,25.0,25.0,0.0,0.0,0.9992921352386475
XTR-GAPS-H1-C4,C4,298,0,0,Ethanol,1,25.0,125.0,125.0,100.0,100.0,0.99962317943573
XTR-GAPS-H1-C4,C4,299,3,3,Methane,1,100.0,213.97450642486723,213.97450642486723,113.97450642486723,113.97450642486723,0.9999955892562866
XTR-GAPS-H1-C4,C4,300,3,3,Methane,1,150.0,250.0,250.0,100.0,100.0,0.9999955892562866
XTR-GAPS-H1-C4,C4,301,2,2,Ethylene,1,62.5,114.3542570416003,114.3542570416003,51.854257041600306,51.854257041600306,0.9996108412742615
XTR-GAPS-H1-C4,C4,302,1,1,CO,1,50.0,25.0,25.0,25.0,25.0,0.9991668462753296
XTR-GAPS-H1-C4,C4,303,0,0,Ethanol,1,100.0,125.0,125.0,25.0,25.0,0.9996242523193359
XTR-GAPS-H1-C4,C4,304,3,3,Methane,1,250.0,250.0,250.0,0.0,0.0,0.9999957084655762
XTR-GAPS-H1-C4,C4,305,0,0,Ethanol,1,112.5,125.0,125.0,12.5,12.5,0.9996235370635986
XTR-GAPS-H1-C4,C4,306,0,0,Ethanol,1,75.0,125.0,125.0,50.0,50.0,0.9996414184570312
XTR-GAPS-H1-C4,C4,307,0,0,Ethanol,1,75.0,125.0,125.0,50.0,50.0,0.9996341466903687
XTR-GAPS-H1-C4,C4,308,3,3,Methane,1,175.0,250.0,250.0,75.0,75.0,0.9999945163726807
XTR-GAPS-H1-C4,C4,309,1,1,CO,1,250.0,105.90313581438255,105.90313581438255,144.09686418561745,144.09686418561745,0.9995160102844238
XTR-GAPS-H1-C4,C4,310,0,0,Ethanol,1,125.0,12.5,12.5,112.5,112.5,0.9997127652168274
XTR-GAPS-H1-C4,C4,311,3,3,Methane,1,50.0,131.80130671646637,131.80130671646637,81.80130671646637,81.80130671646637,0.9999957084655762
XTR-GAPS-H1-C4,C4,312,0,0,Ethanol,1,112.5,125.0,125.0,12.5,12.5,0.9996378421783447
XTR-GAPS-H1-C4,C4,313,0,0,Ethanol,1,12.5,125.0,125.0,112.5,112.5,0.9996175765991211
XTR-GAPS-H1-C4,C4,314,0,0,Ethanol,1,125.0,125.0,125.0,0.0,0.0,0.9996534585952759
XTR-GAPS-H1-C4,C4,315,2,2,Ethylene,1,87.5,63.319834470987075,63.319834470987075,24.180165529012925,24.180165529012925,0.999202311038971
XTR-GAPS-H1-C4,C4,316,1,1,CO,1,225.0,77.4795961957393,77.4795961957393,147.5204038042607,147.5204038042607,0.9843480587005615
XTR-GAPS-H1-C4,C4,317,1,1,CO,1,200.0,94.51633906986416,94.51633906986416,105.48366093013584,105.48366093013584,0.9995748400688171
XTR-GAPS-H1-C4,C4,318,3,3,Methane,1,250.0,250.0,250.0,0.0,0.0,0.9999957084655762
XTR-GAPS-H1-C4,C4,319,3,3,Methane,1,75.0,179.77633244746067,179.77633244746067,104.77633244746067,104.77633244746067,0.9999959468841553
XTR-GAPS-H1-C5,C5,0,0,0,Ethanol,1,112.5,12.5,12.5,100.0,100.0,0.9996260404586792
XTR-GAPS-H1-C5,C5,1,0,0,Ethanol,1,75.0,12.5,12.5,62.5,62.5,0.9996253252029419
XTR-GAPS-H1-C5,C5,2,0,0,Ethanol,1,25.0,12.5,12.5,12.5,12.5,0.9996041655540466
XTR-GAPS-H1-C5,C5,3,2,2,Ethylene,1,112.5,12.5,12.5,100.0,100.0,0.999474823474884
XTR-GAPS-H1-C5,C5,4,3,3,Methane,1,75.0,37.03631680097004,37.03631680097004,37.96368319902996,37.96368319902996,0.9999959468841553
XTR-GAPS-H1-C5,C5,5,0,0,Ethanol,1,25.0,12.5,12.5,12.5,12.5,0.9996262788772583
XTR-GAPS-H1-C5,C5,6,0,0,Ethanol,1,87.5,12.5,12.5,75.0,75.0,0.9996192455291748
XTR-GAPS-H1-C5,C5,7,3,3,Methane,1,225.0,25.0,25.0,200.0,200.0,0.9999933242797852
XTR-GAPS-H1-C5,C5,8,1,1,CO,1,225.0,250.0,250.0,25.0,25.0,0.9990835189819336
XTR-GAPS-H1-C5,C5,9,0,0,Ethanol,1,37.5,12.5,12.5,25.0,25.0,0.9996094107627869
XTR-GAPS-H1-C5,C5,10,1,1,CO,1,150.0,250.0,250.0,100.0,100.0,0.9994006156921387
XTR-GAPS-H1-C5,C5,11,1,1,CO,1,250.0,250.0,250.0,0.0,0.0,0.9984726309776306
XTR-GAPS-H1-C5,C5,12,0,0,Ethanol,1,125.0,12.5,12.5,112.5,112.5,0.9996225833892822
XTR-GAPS-H1-C5,C5,13,3,3,Methane,1,50.0,80.0886036934827,80.0886036934827,30.088603693482696,30.088603693482696,0.9999890327453613
XTR-GAPS-H1-C5,C5,14,0,0,Ethanol,1,87.5,12.5,12.5,75.0,75.0,0.9996129870414734
XTR-GAPS-H1-C5,C5,15,1,1,CO,1,50.0,108.22739699563789,108.22739699563789,58.22739699563789,58.22739699563789,0.9993208646774292
XTR-GAPS-H1-C5,C5,16,0,0,Ethanol,1,62.5,12.5,12.5,50.0,50.0,0.9996522665023804
XTR-GAPS-H1-C5,C5,17,2,2,Ethylene,1,37.5,12.5,12.5,25.0,25.0,0.998977541923523
XTR-GAPS-H1-C5,C5,18,0,0,Ethanol,1,75.0,12.5,12.5,62.5,62.5,0.9996267557144165
XTR-GAPS-H1-C5,C5,19,1,1,CO,1,250.0,250.0,250.0,0.0,0.0,0.9987316727638245
XTR-GAPS-H1-C5,C5,20,0,0,Ethanol,1,37.5,12.5,12.5,25.0,25.0,0.9996019005775452
XTR-GAPS-H1-C5,C5,21,2,2,Ethylene,1,25.0,12.5,12.5,12.5,12.5,0.9988197684288025
XTR-GAPS-H1-C5,C5,22,1,1,CO,1,25.0,25.0,25.0,0.0,0.0,0.999275267124176
XTR-GAPS-H1-C5,C5,23,2,2,Ethylene,1,37.5,12.5,12.5,25.0,25.0,0.9994445443153381
XTR-GAPS-H1-C5,C5,24,0,0,Ethanol,1,62.5,12.5,12.5,50.0,50.0,0.9996330738067627
XTR-GAPS-H1-C5,C5,25,0,0,Ethanol,1,12.5,12.5,12.5,0.0,0.0,0.9995989203453064
XTR-GAPS-H1-C5,C5,26,0,2,Ethanol,0,25.0,12.5,12.5,12.5,12.5,0.9986086487770081
XTR-GAPS-H1-C5,C5,27,3,3,Methane,1,125.0,136.21658180741707,136.21658180741707,11.216581807417072,11.216581807417072,0.9999949932098389
XTR-GAPS-H1-C5,C5,28,3,3,Methane,1,100.0,103.69427634692863,103.69427634692863,3.694276346928632,3.694276346928632,0.9999949932098389
XTR-GAPS-H1-C5,C5,29,1,1,CO,1,25.0,97.98621639902558,97.98621639902558,72.98621639902558,72.98621639902558,0.9965962767601013
XTR-GAPS-H1-C5,C5,30,2,2,Ethylene,1,12.5,12.5,12.5,0.0,0.0,0.998705267906189
XTR-GAPS-H1-C5,C5,31,0,0,Ethanol,1,37.5,12.5,12.5,25.0,25.0,0.9996273517608643
XTR-GAPS-H1-C5,C5,32,0,0,Ethanol,1,112.5,12.5,12.5,100.0,100.0,0.9996353387832642
XTR-GAPS-H1-C5,C5,33,1,1,CO,1,125.0,250.0,250.0,125.0,125.0,0.9992825388908386
XTR-GAPS-H1-C5,C5,34,0,0,Ethanol,1,62.5,12.5,12.5,50.0,50.0,0.9996236562728882
XTR-GAPS-H1-C5,C5,35,3,3,Methane,1,25.0,25.0,25.0,0.0,0.0,0.9999951124191284
XTR-GAPS-H1-C5,C5,36,3,3,Methane,1,175.0,163.8451318771891,163.8451318771891,11.15486812281091,11.15486812281091,0.9999949932098389
XTR-GAPS-H1-C5,C5,37,3,3,Methane,1,225.0,25.0,25.0,200.0,200.0,0.9999942779541016
XTR-GAPS-H1-C5,C5,38,3,3,Methane,1,100.0,114.27277076199857,114.27277076199857,14.272770761998572,14.272770761998572,0.9999948740005493
XTR-GAPS-H1-C5,C5,39,1,1,CO,1,50.0,118.12103403450158,118.12103403450158,68.12103403450158,68.12103403450158,0.9993246793746948
XTR-GAPS-H1-C5,C5,40,1,1,CO,1,100.0,198.02355763774057,198.02355763774057,98.02355763774057,98.02355763774057,0.9989004135131836
XTR-GAPS-H1-C5,C5,41,3,3,Methane,1,125.0,130.8291149935269,130.8291149935269,5.8291149935269,5.8291149935269,0.9999949932098389
XTR-GAPS-H1-C5,C5,42,3,3,Methane,1,225.0,190.58768696746608,190.58768696746608,34.412313032533916,34.412313032533916,0.9999949932098389
XTR-GAPS-H1-C5,C5,43,2,2,Ethylene,1,25.0,12.5,12.5,12.5,12.5,0.9996488094329834
XTR-GAPS-H1-C5,C5,44,0,0,Ethanol,1,75.0,12.5,12.5,62.5,62.5,0.9996272325515747
XTR-GAPS-H1-C5,C5,45,2,2,Ethylene,1,37.5,12.5,12.5,25.0,25.0,0.9989669322967529
XTR-GAPS-H1-C5,C5,46,0,0,Ethanol,1,75.0,12.5,12.5,62.5,62.5,0.9996215105056763
XTR-GAPS-H1-C5,C5,47,0,0,Ethanol,1,25.0,12.5,12.5,12.5,12.5,0.9996055960655212
XTR-GAPS-H1-C5,C5,48,3,3,Methane,1,125.0,126.79614288239617,126.79614288239617,1.7961428823961683,1.7961428823961683,0.9999949932098389
XTR-GAPS-H1-C5,C5,49,2,2,Ethylene,1,75.0,12.5,12.5,62.5,62.5,0.9994816184043884
XTR-GAPS-H1-C5,C5,50,3,3,Methane,1,100.0,111.83131577286571,111.83131577286571,11.831315772865707,11.831315772865707,0.9999938011169434
XTR-GAPS-H1-C5,C5,51,2,2,Ethylene,1,12.5,12.5,12.5,0.0,0.0,0.9988194108009338
XTR-GAPS-H1-C5,C5,52,3,3,Methane,1,75.0,70.75301725869463,70.75301725869463,4.246982741305374,4.246982741305374,0.9999947547912598
XTR-GAPS-H1-C5,C5,53,2,2,Ethylene,1,112.5,12.5,12.5,100.0,100.0,0.9995642304420471
XTR-GAPS-H1-C5,C5,54,1,1,CO,1,250.0,250.0,250.0,0.0,0.0,0.998823344707489
XTR-GAPS-H1-C5,C5,55,3,3,Methane,1,50.0,38.52192218603602,38.52192218603602,11.478077813963978,11.478077813963978,0.9999948740005493
XTR-GAPS-H1-C5,C5,56,3,3,Methane,1,125.0,96.38477429796447,96.38477429796447,28.61522570203553,28.61522570203553,0.9999951124191284
XTR-GAPS-H1-C5,C5,57,1,1,CO,1,250.0,250.0,250.0,0.0,0.0,0.9785497784614563
XTR-GAPS-H1-C5,C5,58,1,1,CO,1,250.0,250.0,250.0,0.0,0.0,0.8717504739761353
XTR-GAPS-H1-C5,C5,59,0,0,Ethanol,1,100.0,12.5,12.5,87.5,87.5,0.9996446371078491
XTR-GAPS-H1-C5,C5,60,0,0,Ethanol,1,25.0,12.5,12.5,12.5,12.5,0.9996091723442078
XTR-GAPS-H1-C5,C5,61,2,2,Ethylene,1,75.0,12.5,12.5,62.5,62.5,0.9991881251335144
XTR-GAPS-H1-C5,C5,62,0,0,Ethanol,1,25.0,12.5,12.5,12.5,12.5,0.99960857629776
XTR-GAPS-H1-C5,C5,63,3,3,Methane,1,225.0,25.0,25.0,200.0,200.0,0.9999924898147583
XTR-GAPS-H1-C5,C5,64,1,1,CO,1,50.0,159.2816326330219,159.2816326330219,109.2816326330219,109.2816326330219,0.9990205764770508
XTR-GAPS-H1-C5,C5,65,3,3,Methane,1,250.0,210.76667241588495,210.76667241588495,39.233327584115045,39.233327584115045,0.9999949932098389
XTR-GAPS-H1-C5,C5,66,3,3,Methane,1,200.0,168.33908555849422,168.33908555849422,31.66091444150578,31.66091444150578,0.9999949932098389
XTR-GAPS-H1-C5,C5,67,1,1,CO,1,25.0,48.87608256489034,48.87608256489034,23.87608256489034,23.87608256489034,0.9996145963668823
XTR-GAPS-H1-C5,C5,68,2,2,Ethylene,1,112.5,12.5,12.5,100.0,100.0,0.9994572997093201
XTR-GAPS-H1-C5,C5,69,2,2,Ethylene,1,25.0,12.5,12.5,12.5,12.5,0.9996892213821411
XTR-GAPS-H1-C5,C5,70,3,3,Methane,1,100.0,96.30212044975528,96.30212044975528,3.6978795502447213,3.6978795502447213,0.9999945163726807
XTR-GAPS-H1-C5,C5,71,3,3,Methane,1,225.0,25.0,25.0,200.0,200.0,0.9999954700469971
XTR-GAPS-H1-C5,C5,72,2,2,Ethylene,1,75.0,12.5,12.5,62.5,62.5,0.9996095299720764
XTR-GAPS-H1-C5,C5,73,0,0,Ethanol,1,75.0,12.5,12.5,62.5,62.5,0.9996401071548462
XTR-GAPS-H1-C5,C5,74,0,0,Ethanol,1,100.0,12.5,12.5,87.5,87.5,0.9996140599250793
XTR-GAPS-H1-C5,C5,75,1,1,CO,1,250.0,250.0,250.0,0.0,0.0,0.9982247948646545
XTR-GAPS-H1-C5,C5,76,3,3,Methane,1,200.0,216.96318259847067,216.96318259847067,16.963182598470667,16.963182598470667,0.9999949932098389
XTR-GAPS-H1-C5,C5,77,3,3,Methane,1,125.0,148.929825743858,148.929825743858,23.929825743858004,23.929825743858004,0.9999949932098389
XTR-GAPS-H1-C5,C5,78,3,3,Methane,1,200.0,133.83658769001372,133.83658769001372,66.16341230998628,66.16341230998628,0.999995231628418
XTR-GAPS-H1-C5,C5,79,3,3,Methane,1,150.0,149.3533214552234,149.3533214552234,0.6466785447765915,0.6466785447765915,0.9999948740005493
XTR-GAPS-H1-C5,C5,80,0,0,Ethanol,1,62.5,12.5,12.5,50.0,50.0,0.9996201992034912
XTR-GAPS-H1-C5,C5,81,0,0,Ethanol,1,100.0,12.5,12.5,87.5,87.5,0.9996286630630493
XTR-GAPS-H1-C5,C5,82,3,3,Methane,1,25.0,25.0,25.0,0.0,0.0,0.9999945163726807
XTR-GAPS-H1-C5,C5,83,1,1,CO,1,125.0,250.0,250.0,125.0,125.0,0.9990899562835693
XTR-GAPS-H1-C5,C5,84,0,0,Ethanol,1,75.0,12.5,12.5,62.5,62.5,0.9996203184127808
XTR-GAPS-H1-C5,C5,85,1,1,CO,1,175.0,250.0,250.0,75.0,75.0,0.9987369179725647
XTR-GAPS-H1-C5,C5,86,1,1,CO,1,125.0,250.0,250.0,125.0,125.0,0.9992581009864807
XTR-GAPS-H1-C5,C5,87,1,1,CO,1,200.0,250.0,250.0,50.0,50.0,0.9989707469940186
XTR-GAPS-H1-C5,C5,88,2,2,Ethylene,1,112.5,12.5,12.5,100.0,100.0,0.9915181994438171
XTR-GAPS-H1-C5,C5,89,3,3,Methane,1,150.0,148.94159556400672,148.94159556400672,1.0584044359932818,1.0584044359932818,0.9999949932098389
XTR-GAPS-H1-C5,C5,90,2,2,Ethylene,1,100.0,12.5,12.5,87.5,87.5,0.9967184662818909
XTR-GAPS-H1-C5,C5,91,3,3,Methane,1,250.0,212.26326668529987,212.26326668529987,37.73673331470013,37.73673331470013,0.9999949932098389
XTR-GAPS-H1-C5,C5,92,1,1,CO,1,125.0,250.0,250.0,125.0,125.0,0.9988351464271545
XTR-GAPS-H1-C5,C5,93,0,0,Ethanol,1,62.5,12.5,12.5,50.0,50.0,0.9996265172958374
XTR-GAPS-H1-C5,C5,94,1,1,CO,1,125.0,243.55857446038743,243.55857446038743,118.55857446038743,118.55857446038743,0.9993653893470764
XTR-GAPS-H1-C5,C5,95,1,1,CO,1,150.0,250.0,250.0,100.0,100.0,0.9986366629600525
XTR-GAPS-H1-C5,C5,96,1,1,CO,1,250.0,250.0,250.0,0.0,0.0,0.9961065649986267
XTR-GAPS-H1-C5,C5,97,3,3,Methane,1,75.0,70.49934223006801,70.49934223006801,4.5006577699319905,4.5006577699319905,0.9999948740005493
XTR-GAPS-H1-C5,C5,98,1,1,CO,1,75.0,165.31019436983087,165.31019436983087,90.31019436983087,90.31019436983087,0.9993865489959717
XTR-GAPS-H1-C5,C5,99,1,1,CO,1,175.0,250.0,250.0,75.0,75.0,0.9992697834968567
XTR-GAPS-H1-C5,C5,100,3,3,Methane,1,250.0,250.0,250.0,0.0,0.0,0.9999951124191284
XTR-GAPS-H1-C5,C5,101,3,3,Methane,1,250.0,133.42573930995593,133.42573930995593,116.57426069004407,116.57426069004407,0.9999927282333374
XTR-GAPS-H1-C5,C5,102,3,3,Methane,1,75.0,85.26064287593101,85.26064287593101,10.260642875931012,10.260642875931012,0.9999948740005493
XTR-GAPS-H1-C5,C5,103,1,1,CO,1,175.0,250.0,250.0,75.0,75.0,0.9970552921295166
XTR-GAPS-H1-C5,C5,104,2,2,Ethylene,1,12.5,12.5,12.5,0.0,0.0,0.9985623955726624
XTR-GAPS-H1-C5,C5,105,2,2,Ethylene,1,25.0,12.5,12.5,12.5,12.5,0.9991239905357361
XTR-GAPS-H1-C5,C5,106,3,3,Methane,1,50.0,52.98714128211361,52.98714128211361,2.987141282113612,2.987141282113612,0.9999948740005493
XTR-GAPS-H1-C5,C5,107,3,3,Methane,1,50.0,25.0,25.0,25.0,25.0,0.9999948740005493
XTR-GAPS-H1-C5,C5,108,3,3,Methane,1,250.0,241.31891885953144,241.31891885953144,8.681081140468564,8.681081140468564,0.9999947547912598
XTR-GAPS-H1-C5,C5,109,3,3,Methane,1,175.0,170.37773991179313,170.37773991179313,4.622260088206872,4.622260088206872,0.9999949932098389
XTR-GAPS-H1-C5,C5,110,0,0,Ethanol,1,25.0,12.5,12.5,12.5,12.5,0.9996098875999451
XTR-GAPS-H1-C5,C5,111,3,3,Methane,1,250.0,250.0,250.0,0.0,0.0,0.9999949932098389
XTR-GAPS-H1-C5,C5,112,0,0,Ethanol,1,50.0,12.5,12.5,37.5,37.5,0.9996071457862854
XTR-GAPS-H1-C5,C5,113,3,3,Methane,1,225.0,198.90017715433316,198.90017715433316,26.099822845666836,26.099822845666836,0.9999949932098389
XTR-GAPS-H1-C5,C5,114,0,0,Ethanol,1,37.5,12.5,12.5,25.0,25.0,0.9992759823799133
XTR-GAPS-H1-C5,C5,115,2,2,Ethylene,1,25.0,12.5,12.5,12.5,12.5,0.9991888403892517
XTR-GAPS-H1-C5,C5,116,2,2,Ethylene,1,12.5,12.5,12.5,0.0,0.0,0.997668445110321
XTR-GAPS-H1-C5,C5,117,3,3,Methane,1,200.0,203.35385949823444,203.35385949823444,3.353859498234442,3.353859498234442,0.9999951124191284
XTR-GAPS-H1-C5,C5,118,0,0,Ethanol,1,87.5,12.5,12.5,75.0,75.0,0.9996298551559448
XTR-GAPS-H1-C5,C5,119,2,2,Ethylene,1,25.0,12.5,12.5,12.5,12.5,0.9997051358222961
XTR-GAPS-H1-C5,C5,120,0,0,Ethanol,1,37.5,62.163876120823375,62.163876120823375,24.663876120823375,24.663876120823375,0.9996709823608398
XTR-GAPS-H1-C5,C5,121,1,1,CO,1,150.0,250.0,250.0,100.0,100.0,0.9990358352661133
XTR-GAPS-H1-C5,C5,122,0,0,Ethanol,1,12.5,12.5,12.5,0.0,0.0,0.999606192111969
XTR-GAPS-H1-C5,C5,123,0,0,Ethanol,1,100.0,12.5,12.5,87.5,87.5,0.9996232986450195
XTR-GAPS-H1-C5,C5,124,2,2,Ethylene,1,62.5,12.5,12.5,50.0,50.0,0.9987785220146179
XTR-GAPS-H1-C5,C5,125,3,3,Methane,1,75.0,78.41999442514782,78.41999442514782,3.41999442514782,3.41999442514782,0.9999948740005493
XTR-GAPS-H1-C5,C5,126,0,0,Ethanol,1,112.5,12.5,12.5,100.0,100.0,0.9996267557144165
XTR-GAPS-H1-C5,C5,127,2,2,Ethylene,1,25.0,12.5,12.5,12.5,12.5,0.9991682767868042
XTR-GAPS-H1-C5,C5,128,2,2,Ethylene,1,12.5,12.5,12.5,0.0,0.0,0.9985736608505249
XTR-GAPS-H1-C5,C5,129,2,2,Ethylene,1,62.5,12.5,12.5,50.0,50.0,0.9996811151504517
XTR-GAPS-H1-C5,C5,130,1,1,CO,1,250.0,250.0,250.0,0.0,0.0,0.9990456700325012
XTR-GAPS-H1-C5,C5,131,3,3,Methane,1,175.0,196.55103449336139,196.55103449336139,21.551034493361385,21.551034493361385,0.9999949932098389
XTR-GAPS-H1-C5,C5,132,0,0,Ethanol,1,50.0,12.5,12.5,37.5,37.5,0.9996119141578674
XTR-GAPS-H1-C5,C5,133,0,0,Ethanol,1,37.5,12.5,12.5,25.0,25.0,0.9996179342269897
XTR-GAPS-H1-C5,C5,134,0,0,Ethanol,1,125.0,12.5,12.5,112.5,112.5,0.9996711015701294
XTR-GAPS-H1-C5,C5,135,2,2,Ethylene,1,100.0,12.5,12.5,87.5,87.5,0.9989203214645386
XTR-GAPS-H1-C5,C5,136,1,1,CO,1,150.0,250.0,250.0,100.0,100.0,0.9990977048873901
XTR-GAPS-H1-C5,C5,137,0,0,Ethanol,1,125.0,12.5,12.5,112.5,112.5,0.9996187686920166
XTR-GAPS-H1-C5,C5,138,2,2,Ethylene,1,50.0,12.5,12.5,37.5,37.5,0.9985565543174744
XTR-GAPS-H1-C5,C5,139,2,2,Ethylene,1,100.0,12.5,12.5,87.5,87.5,0.9996427297592163
XTR-GAPS-H1-C5,C5,140,0,0,Ethanol,1,87.5,12.5,12.5,75.0,75.0,0.9996278285980225
XTR-GAPS-H1-C5,C5,141,1,1,CO,1,100.0,213.3415374240708,213.3415374240708,113.3415374240708,113.3415374240708,0.999352753162384
XTR-GAPS-H1-C5,C5,142,3,3,Methane,1,50.0,56.603591533418125,56.603591533418125,6.603591533418125,6.603591533418125,0.9999948740005493
XTR-GAPS-H1-C5,C5,143,1,1,CO,1,175.0,250.0,250.0,75.0,75.0,0.9995229244232178
XTR-GAPS-H1-C5,C5,144,3,3,Methane,1,150.0,144.64554247110752,144.64554247110752,5.354457528892482,5.354457528892482,0.9999945163726807
XTR-GAPS-H1-C5,C5,145,1,1,CO,1,175.0,250.0,250.0,75.0,75.0,0.9986401200294495
XTR-GAPS-H1-C5,C5,146,0,0,Ethanol,1,75.0,12.5,12.5,62.5,62.5,0.9996199607849121
XTR-GAPS-H1-C5,C5,147,0,0,Ethanol,1,125.0,12.5,12.5,112.5,112.5,0.9996353387832642
XTR-GAPS-H1-C5,C5,148,3,3,Methane,1,100.0,108.06268031482495,108.06268031482495,8.062680314824945,8.062680314824945,0.9999949932098389
XTR-GAPS-H1-C5,C5,149,2,2,Ethylene,1,62.5,12.5,12.5,50.0,50.0,0.99921715259552
XTR-GAPS-H1-C5,C5,150,0,0,Ethanol,1,87.5,12.5,12.5,75.0,75.0,0.9996263980865479
XTR-GAPS-H1-C5,C5,151,3,3,Methane,1,200.0,165.65787583433558,165.65787583433558,34.342124165664416,34.342124165664416,0.9999949932098389
XTR-GAPS-H1-C5,C5,152,2,2,Ethylene,1,37.5,12.5,12.5,25.0,25.0,0.9986322522163391
XTR-GAPS-H1-C5,C5,153,1,1,CO,1,50.0,52.877511664065366,52.877511664065366,2.8775116640653664,2.8775116640653664,0.9992117881774902
XTR-GAPS-H1-C5,C5,154,3,3,Methane,1,150.0,156.50931534041865,156.50931534041865,6.509315340418652,6.509315340418652,0.9999949932098389
XTR-GAPS-H1-C5,C5,155,3,3,Methane,1,250.0,248.17356941518642,248.17356941518642,1.8264305848135791,1.8264305848135791,0.9999949932098389
XTR-GAPS-H1-C5,C5,156,0,0,Ethanol,1,112.5,12.5,12.5,100.0,100.0,0.9996234178543091
XTR-GAPS-H1-C5,C5,157,3,3,Methane,1,75.0,54.07777514902244,54.07777514902244,20.922224850977557,20.922224850977557,0.9999953508377075
XTR-GAPS-H1-C5,C5,158,0,0,Ethanol,1,37.5,12.5,12.5,25.0,25.0,0.9996384382247925
XTR-GAPS-H1-C5,C5,159,1,1,CO,1,125.0,250.0,250.0,125.0,125.0,0.9994837045669556
XTR-GAPS-H1-C5,C5,160,3,3,Methane,1,250.0,192.27378910645302,192.27378910645302,57.72621089354698,57.72621089354698,0.9999949932098389
XTR-GAPS-H1-C5,C5,161,2,2,Ethylene,1,12.5,12.5,12.5,0.0,0.0,0.9947779178619385
XTR-GAPS-H1-C5,C5,162,1,1,CO,1,125.0,250.0,250.0,125.0,125.0,0.9981157779693604
XTR-GAPS-H1-C5,C5,163,0,0,Ethanol,1,12.5,12.5,12.5,0.0,0.0,0.9996084570884705
XTR-GAPS-H1-C5,C5,164,3,3,Methane,1,100.0,106.41297731168785,106.41297731168785,6.412977311687854,6.412977311687854,0.9999948740005493
XTR-GAPS-H1-C5,C5,165,2,2,Ethylene,1,50.0,12.5,12.5,37.5,37.5,0.9988225102424622
XTR-GAPS-H1-C5,C5,166,2,2,Ethylene,1,125.0,12.5,12.5,112.5,112.5,0.9996086955070496
XTR-GAPS-H1-C5,C5,167,2,2,Ethylene,1,125.0,12.5,12.5,112.5,112.5,0.9993270635604858
XTR-GAPS-H1-C5,C5,168,3,3,Methane,1,50.0,50.97998595663853,50.97998595663853,0.9799859566385294,0.9799859566385294,0.9999948740005493
XTR-GAPS-H1-C5,C5,169,0,0,Ethanol,1,112.5,12.5,12.5,100.0,100.0,0.9995887875556946
XTR-GAPS-H1-C5,C5,170,0,0,Ethanol,1,50.0,12.5,12.5,37.5,37.5,0.9996250867843628
XTR-GAPS-H1-C5,C5,171,2,2,Ethylene,1,62.5,12.5,12.5,50.0,50.0,0.998629093170166
XTR-GAPS-H1-C5,C5,172,3,3,Methane,1,75.0,73.47476111770504,73.47476111770504,1.525238882294957,1.525238882294957,0.9999948740005493
XTR-GAPS-H1-C5,C5,173,1,1,CO,1,225.0,250.0,250.0,25.0,25.0,0.9989008903503418
XTR-GAPS-H1-C5,C5,174,2,2,Ethylene,1,112.5,12.5,12.5,100.0,100.0,0.9991880059242249
XTR-GAPS-H1-C5,C5,175,1,1,CO,1,125.0,203.729474295868,203.729474295868,78.72947429586799,78.72947429586799,0.9985468983650208
XTR-GAPS-H1-C5,C5,176,1,1,CO,1,175.0,244.37912863578458,244.37912863578458,69.37912863578458,69.37912863578458,0.9995638728141785
XTR-GAPS-H1-C5,C5,177,2,2,Ethylene,1,75.0,12.5,12.5,62.5,62.5,0.9968217611312866
XTR-GAPS-H1-C5,C5,178,1,1,CO,1,125.0,242.89985312555473,242.89985312555473,117.89985312555473,117.89985312555473,0.9993935823440552
XTR-GAPS-H1-C5,C5,179,2,2,Ethylene,1,62.5,12.5,12.5,50.0,50.0,0.9991568326950073
XTR-GAPS-H1-C5,C5,180,3,3,Methane,1,200.0,156.2423209869272,156.2423209869272,43.75767901307279,43.75767901307279,0.9999949932098389
XTR-GAPS-H1-C5,C5,181,3,3,Methane,1,125.0,78.69878839067826,78.69878839067826,46.30121160932174,46.30121160932174,0.9999943971633911
XTR-GAPS-H1-C5,C5,182,2,2,Ethylene,1,12.5,12.5,12.5,0.0,0.0,0.9995121955871582
XTR-GAPS-H1-C5,C5,183,2,2,Ethylene,1,125.0,12.5,12.5,112.5,112.5,0.9993614554405212
XTR-GAPS-H1-C5,C5,184,1,1,CO,1,100.0,207.20418338907564,207.20418338907564,107.20418338907564,107.20418338907564,0.9993329644203186
XTR-GAPS-H1-C5,C5,185,2,2,Ethylene,1,50.0,12.5,12.5,37.5,37.5,0.9986729621887207
XTR-GAPS-H1-C5,C5,186,0,0,Ethanol,1,12.5,12.5,12.5,0.0,0.0,0.9996102452278137
XTR-GAPS-H1-C5,C5,187,2,2,Ethylene,1,87.5,12.5,12.5,75.0,75.0,0.9992550015449524
XTR-GAPS-H1-C5,C5,188,3,3,Methane,1,75.0,69.199813220657,69.199813220657,5.800186779342994,5.800186779342994,0.9999948740005493
XTR-GAPS-H1-C5,C5,189,3,3,Methane,1,150.0,124.55772867181528,124.55772867181528,25.442271328184717,25.442271328184717,0.9999947547912598
XTR-GAPS-H1-C5,C5,190,1,1,CO,1,200.0,250.0,250.0,50.0,50.0,0.9990643858909607
XTR-GAPS-H1-C5,C5,191,0,0,Ethanol,1,12.5,12.5,12.5,0.0,0.0,0.9997274279594421
XTR-GAPS-H1-C5,C5,192,2,2,Ethylene,1,50.0,12.5,12.5,37.5,37.5,0.9991768002510071
XTR-GAPS-H1-C5,C5,193,2,2,Ethylene,1,50.0,12.5,12.5,37.5,37.5,0.9986838698387146
XTR-GAPS-H1-C5,C5,194,3,3,Methane,1,200.0,123.28875258507219,123.28875258507219,76.71124741492781,76.71124741492781,0.999993085861206
XTR-GAPS-H1-C5,C5,195,0,0,Ethanol,1,25.0,12.5,12.5,12.5,12.5,0.9996405839920044
XTR-GAPS-H1-C5,C5,196,3,3,Methane,1,125.0,141.3759267649721,141.3759267649721,16.375926764972093,16.375926764972093,0.9999948740005493
XTR-GAPS-H1-C5,C5,197,2,2,Ethylene,1,50.0,12.5,12.5,37.5,37.5,0.9992546439170837
XTR-GAPS-H1-C5,C5,198,0,0,Ethanol,1,125.0,12.5,12.5,112.5,112.5,0.9996262788772583
XTR-GAPS-H1-C5,C5,199,3,3,Methane,1,200.0,170.98888027374136,170.98888027374136,29.01111972625864,29.01111972625864,0.9999949932098389
XTR-GAPS-H1-C5,C5,200,2,2,Ethylene,1,37.5,12.5,12.5,25.0,25.0,0.9995431900024414
XTR-GAPS-H1-C5,C5,201,3,3,Methane,1,25.0,25.0,25.0,0.0,0.0,0.9999951124191284
XTR-GAPS-H1-C5,C5,202,0,0,Ethanol,1,125.0,12.5,12.5,112.5,112.5,0.9996188879013062
XTR-GAPS-H1-C5,C5,203,0,0,Ethanol,1,100.0,12.5,12.5,87.5,87.5,0.9996280670166016
XTR-GAPS-H1-C5,C5,204,3,3,Methane,1,150.0,161.60438359327662,161.60438359327662,11.604383593276623,11.604383593276623,0.9999949932098389
XTR-GAPS-H1-C5,C5,205,0,0,Ethanol,1,50.0,12.5,12.5,37.5,37.5,0.999634861946106
XTR-GAPS-H1-C5,C5,206,2,2,Ethylene,1,112.5,12.5,12.5,100.0,100.0,0.9996497631072998
XTR-GAPS-H1-C5,C5,207,2,2,Ethylene,1,25.0,12.5,12.5,12.5,12.5,0.9988918900489807
XTR-GAPS-H1-C5,C5,208,0,0,Ethanol,1,25.0,12.5,12.5,12.5,12.5,0.9996148347854614
XTR-GAPS-H1-C5,C5,209,1,1,CO,1,150.0,250.0,250.0,100.0,100.0,0.9993283748626709
XTR-GAPS-H1-C5,C5,210,3,3,Methane,1,175.0,173.0364464293183,173.0364464293183,1.9635535706817109,1.9635535706817109,0.9999949932098389
XTR-GAPS-H1-C5,C5,211,1,1,CO,1,225.0,250.0,250.0,25.0,25.0,0.9992424249649048
XTR-GAPS-H1-C5,C5,212,3,3,Methane,1,100.0,100.12952554870212,100.12952554870212,0.1295255487021194,0.1295255487021194,0.9999949932098389
XTR-GAPS-H1-C5,C5,213,0,0,Ethanol,1,125.0,12.5,12.5,112.5,112.5,0.9996210336685181
XTR-GAPS-H1-C5,C5,214,1,1,CO,1,225.0,250.0,250.0,25.0,25.0,0.999201238155365
XTR-GAPS-H1-C5,C5,215,0,0,Ethanol,1,75.0,12.5,12.5,62.5,62.5,0.9996517896652222
XTR-GAPS-H1-C5,C5,216,0,0,Ethanol,1,112.5,12.5,12.5,100.0,100.0,0.999636173248291
XTR-GAPS-H1-C5,C5,217,0,0,Ethanol,1,50.0,12.5,12.5,37.5,37.5,0.9996545314788818
XTR-GAPS-H1-C5,C5,218,0,0,Ethanol,1,37.5,12.5,12.5,25.0,25.0,0.9996185302734375
XTR-GAPS-H1-C5,C5,219,2,2,Ethylene,1,125.0,12.5,12.5,112.5,112.5,0.9997902512550354
XTR-GAPS-H1-C5,C5,220,2,2,Ethylene,1,12.5,12.5,12.5,0.0,0.0,0.9993236064910889
XTR-GAPS-H1-C5,C5,221,2,2,Ethylene,1,12.5,12.5,12.5,0.0,0.0,0.9981521964073181
XTR-GAPS-H1-C5,C5,222,1,1,CO,1,150.0,250.0,250.0,100.0,100.0,0.9954871535301208
XTR-GAPS-H1-C5,C5,223,2,2,Ethylene,1,62.5,12.5,12.5,50.0,50.0,0.9994361996650696
XTR-GAPS-H1-C5,C5,224,2,2,Ethylene,1,62.5,12.5,12.5,50.0,50.0,0.998521625995636
XTR-GAPS-H1-C5,C5,225,1,1,CO,1,100.0,221.0560066176531,221.0560066176531,121.05600661765311,121.05600661765311,0.9984936714172363
XTR-GAPS-H1-C5,C5,226,3,3,Methane,1,250.0,247.93798209612692,247.93798209612692,2.062017903873084,2.062017903873084,0.9999951124191284
XTR-GAPS-H1-C5,C5,227,0,0,Ethanol,1,37.5,12.5,12.5,25.0,25.0,0.9996346235275269
XTR-GAPS-H1-C5,C5,228,2,2,Ethylene,1,75.0,12.5,12.5,62.5,62.5,0.9988747239112854
XTR-GAPS-H1-C5,C5,229,2,2,Ethylene,1,25.0,12.5,12.5,12.5,12.5,0.9995567202568054
XTR-GAPS-H1-C5,C5,230,1,1,CO,1,50.0,140.81792090982253,140.81792090982253,90.81792090982253,90.81792090982253,0.9990314245223999
XTR-GAPS-H1-C5,C5,231,2,2,Ethylene,1,100.0,12.5,12.5,87.5,87.5,0.9996851682662964
XTR-GAPS-H1-C5,C5,232,1,1,CO,1,100.0,250.0,250.0,150.0,150.0,0.9990677237510681
XTR-GAPS-H1-C5,C5,233,1,1,CO,1,250.0,250.0,250.0,0.0,0.0,0.9991744160652161
XTR-GAPS-H1-C5,C5,234,2,2,Ethylene,1,12.5,12.5,12.5,0.0,0.0,0.9954715967178345
XTR-GAPS-H1-C5,C5,235,0,0,Ethanol,1,125.0,12.5,12.5,112.5,112.5,0.9996311664581299
XTR-GAPS-H1-C5,C5,236,2,2,Ethylene,1,87.5,12.5,12.5,75.0,75.0,0.9993565678596497
XTR-GAPS-H1-C5,C5,237,1,1,CO,1,50.0,112.45719881809362,112.45719881809362,62.457198818093616,62.457198818093616,0.999447762966156
XTR-GAPS-H1-C5,C5,238,0,0,Ethanol,1,125.0,12.5,12.5,112.5,112.5,0.9996224641799927
XTR-GAPS-H1-C5,C5,239,0,0,Ethanol,1,125.0,12.5,12.5,112.5,112.5,0.9996335506439209
XTR-GAPS-H1-C5,C5,240,0,0,Ethanol,1,75.0,12.5,12.5,62.5,62.5,0.9996240139007568
XTR-GAPS-H1-C5,C5,241,3,3,Methane,1,250.0,250.0,250.0,0.0,0.0,0.9999949932098389
XTR-GAPS-H1-C5,C5,242,2,2,Ethylene,1,50.0,12.5,12.5,37.5,37.5,0.9996492862701416
XTR-GAPS-H1-C5,C5,243,3,3,Methane,1,150.0,150.55465422223028,150.55465422223028,0.5546542222302833,0.5546542222302833,0.9999949932098389
XTR-GAPS-H1-C5,C5,244,3,3,Methane,1,150.0,149.72985343419958,149.72985343419958,0.27014656580041674,0.27014656580041674,0.9999949932098389
XTR-GAPS-H1-C5,C5,245,2,2,Ethylene,1,62.5,12.5,12.5,50.0,50.0,0.9987951517105103
XTR-GAPS-H1-C5,C5,246,1,1,CO,1,50.0,106.55902268248167,106.55902268248167,56.55902268248167,56.55902268248167,0.9996618032455444
XTR-GAPS-H1-C5,C5,247,2,2,Ethylene,1,125.0,12.5,12.5,112.5,112.5,0.9993218183517456
XTR-GAPS-H1-C5,C5,248,1,1,CO,1,25.0,50.102308521580824,50.102308521580824,25.102308521580824,25.102308521580824,0.9995028972625732
XTR-GAPS-H1-C5,C5,249,2,2,Ethylene,1,37.5,12.5,12.5,25.0,25.0,0.9989504218101501
XTR-GAPS-H1-C5,C5,250,3,3,Methane,1,100.0,99.30063953012109,99.30063953012109,0.6993604698789113,0.6993604698789113,0.9999949932098389
XTR-GAPS-H1-C5,C5,251,2,2,Ethylene,1,50.0,12.5,12.5,37.5,37.5,0.9993396401405334
XTR-GAPS-H1-C5,C5,252,1,1,CO,1,75.0,227.4582538120012,227.4582538120012,152.4582538120012,152.4582538120012,0.9990355968475342
XTR-GAPS-H1-C5,C5,253,0,0,Ethanol,1,112.5,12.5,12.5,100.0,100.0,0.999637246131897
XTR-GAPS-H1-C5,C5,254,1,1,CO,1,250.0,250.0,250.0,0.0,0.0,0.998543381690979
XTR-GAPS-H1-C5,C5,255,3,3,Methane,1,225.0,177.3841300064438,177.3841300064438,47.6158699935562,47.6158699935562,0.9999948740005493
XTR-GAPS-H1-C5,C5,256,1,1,CO,1,250.0,247.3653911405296,247.3653911405296,2.6346088594704042,2.6346088594704042,0.9992511868476868
XTR-GAPS-H1-C5,C5,257,0,0,Ethanol,1,62.5,12.5,12.5,50.0,50.0,0.9996470212936401
XTR-GAPS-H1-C5,C5,258,2,2,Ethylene,1,112.5,12.5,12.5,100.0,100.0,0.9983795881271362
XTR-GAPS-H1-C5,C5,259,1,1,CO,1,250.0,250.0,250.0,0.0,0.0,0.9981157779693604
XTR-GAPS-H1-C5,C5,260,3,3,Methane,1,225.0,25.0,25.0,200.0,200.0,0.9999945163726807
XTR-GAPS-H1-C5,C5,261,2,2,Ethylene,1,12.5,12.5,12.5,0.0,0.0,0.9996101260185242
XTR-GAPS-H1-C5,C5,262,0,1,Ethanol,0,12.5,61.66275969403338,12.5,49.16275969403338,0.0,0.9985559582710266
XTR-GAPS-H1-C5,C5,263,0,0,Ethanol,1,50.0,12.5,12.5,37.5,37.5,0.9996975660324097
XTR-GAPS-H1-C5,C5,264,0,0,Ethanol,1,62.5,12.5,12.5,50.0,50.0,0.9996222257614136
XTR-GAPS-H1-C5,C5,265,1,1,CO,1,150.0,114.47432343020796,114.47432343020796,35.52567656979204,35.52567656979204,0.9992437362670898
XTR-GAPS-H1-C5,C5,266,0,0,Ethanol,1,12.5,12.5,12.5,0.0,0.0,0.9996034502983093
XTR-GAPS-H1-C5,C5,267,3,3,Methane,1,75.0,67.70940792826764,67.70940792826764,7.2905920717323625,7.2905920717323625,0.9999922513961792
XTR-GAPS-H1-C5,C5,268,1,1,CO,1,50.0,160.88862418277495,160.88862418277495,110.88862418277495,110.88862418277495,0.9992709755897522
XTR-GAPS-H1-C5,C5,269,2,2,Ethylene,1,37.5,12.5,12.5,25.0,25.0,0.9980602860450745
XTR-GAPS-H1-C5,C5,270,3,3,Methane,1,225.0,182.84185621020669,182.84185621020669,42.158143789793314,42.158143789793314,0.9999947547912598
XTR-GAPS-H1-C5,C5,271,1,1,CO,1,150.0,250.0,250.0,100.0,100.0,0.9991000890731812
XTR-GAPS-H1-C5,C5,272,1,1,CO,1,200.0,250.0,250.0,50.0,50.0,0.9992600083351135
XTR-GAPS-H1-C5,C5,273,1,1,CO,1,150.0,250.0,250.0,100.0,100.0,0.9989614486694336
XTR-GAPS-H1-C5,C5,274,2,2,Ethylene,1,25.0,12.5,12.5,12.5,12.5,0.9989041090011597
XTR-GAPS-H1-C5,C5,275,1,1,CO,1,250.0,210.87294691224542,210.87294691224542,39.127053087754575,39.127053087754575,0.9978864789009094
XTR-GAPS-H1-C5,C5,276,3,3,Methane,1,25.0,25.0,25.0,0.0,0.0,0.9999951124191284
XTR-GAPS-H1-C5,C5,277,0,0,Ethanol,1,87.5,12.5,12.5,75.0,75.0,0.9996355772018433
XTR-GAPS-H1-C5,C5,278,0,0,Ethanol,1,87.5,12.5,12.5,75.0,75.0,0.9996308088302612
XTR-GAPS-H1-C5,C5,279,0,0,Ethanol,1,112.5,12.5,12.5,100.0,100.0,0.9996310472488403
XTR-GAPS-H1-C5,C5,280,3,3,Methane,1,175.0,185.42446148491172,185.42446148491172,10.424461484911717,10.424461484911717,0.9999949932098389
XTR-GAPS-H1-C5,C5,281,0,0,Ethanol,1,37.5,12.5,12.5,25.0,25.0,0.9996553659439087
XTR-GAPS-H1-C5,C5,282,1,1,CO,1,50.0,117.82382445231752,117.82382445231752,67.82382445231752,67.82382445231752,0.9994749426841736
XTR-GAPS-H1-C5,C5,283,0,0,Ethanol,1,125.0,12.5,12.5,112.5,112.5,0.9996390342712402
XTR-GAPS-H1-C5,C5,284,1,1,CO,1,75.0,227.85574783478216,227.85574783478216,152.85574783478216,152.85574783478216,0.9989847540855408
XTR-GAPS-H1-C5,C5,285,1,1,CO,1,175.0,250.0,250.0,75.0,75.0,0.9958816766738892
XTR-GAPS-H1-C5,C5,286,0,0,Ethanol,1,25.0,12.5,12.5,12.5,12.5,0.9995920062065125
XTR-GAPS-H1-C5,C5,287,0,2,Ethanol,0,25.0,12.5,12.5,12.5,12.5,0.5391082763671875
XTR-GAPS-H1-C5,C5,288,1,1,CO,1,200.0,250.0,250.0,50.0,50.0,0.9968181848526001
XTR-GAPS-H1-C5,C5,289,3,3,Methane,1,200.0,103.87932852868613,103.87932852868613,96.12067147131387,96.12067147131387,0.9999945163726807
XTR-GAPS-H1-C5,C5,290,2,2,Ethylene,1,100.0,12.5,12.5,87.5,87.5,0.9997221827507019
XTR-GAPS-H1-C5,C5,291,3,3,Methane,1,75.0,75.46970994241508,75.46970994241508,0.46970994241507924,0.46970994241507924,0.9999948740005493
XTR-GAPS-H1-C5,C5,292,0,0,Ethanol,1,25.0,12.5,12.5,12.5,12.5,0.9990804195404053
XTR-GAPS-H1-C5,C5,293,3,3,Methane,1,75.0,80.2372769900216,80.2372769900216,5.2372769900215985,5.2372769900215985,0.9999949932098389
XTR-GAPS-H1-C5,C5,294,3,3,Methane,1,250.0,191.12810242821251,191.12810242821251,58.871897571787486,58.871897571787486,0.9999945163726807
XTR-GAPS-H1-C5,C5,295,3,3,Methane,1,225.0,197.863548519851,197.863548519851,27.136451480148992,27.136451480148992,0.9999949932098389
XTR-GAPS-H1-C5,C5,296,0,0,Ethanol,1,50.0,12.5,12.5,37.5,37.5,0.9996089339256287
XTR-GAPS-H1-C5,C5,297,2,2,Ethylene,1,87.5,12.5,12.5,75.0,75.0,0.9994964599609375
XTR-GAPS-H1-C5,C5,298,3,3,Methane,1,150.0,150.10563204676112,150.10563204676112,0.10563204676111582,0.10563204676111582,0.9999949932098389
XTR-GAPS-H1-C5,C5,299,0,1,Ethanol,0,12.5,250.0,12.5,237.5,0.0,0.9992031455039978
XTR-GAPS-H1-C5,C5,300,3,3,Methane,1,75.0,76.25087214041577,76.25087214041577,1.2508721404157654,1.2508721404157654,0.9999948740005493
XTR-GAPS-H1-C5,C5,301,1,1,CO,1,200.0,250.0,250.0,50.0,50.0,0.997753918170929
XTR-GAPS-H1-C5,C5,302,3,3,Methane,1,50.0,50.99297344139154,50.99297344139154,0.9929734413915412,0.9929734413915412,0.9999948740005493
XTR-GAPS-H1-C5,C5,303,1,1,CO,1,200.0,250.0,250.0,50.0,50.0,0.9992088675498962
XTR-GAPS-H1-C5,C5,304,1,1,CO,1,150.0,250.0,250.0,100.0,100.0,0.9986295700073242
XTR-GAPS-H1-C5,C5,305,1,1,CO,1,75.0,72.43864290303793,72.43864290303793,2.5613570969620696,2.5613570969620696,0.9987747073173523
XTR-GAPS-H1-C5,C5,306,3,3,Methane,1,50.0,50.07948444421197,50.07948444421197,0.0794844442119711,0.0794844442119711,0.9999948740005493
XTR-GAPS-H1-C5,C5,307,1,1,CO,1,25.0,99.83035419810903,99.83035419810903,74.83035419810903,74.83035419810903,0.9977747797966003
XTR-GAPS-H1-C5,C5,308,1,1,CO,1,75.0,236.33672347378808,236.33672347378808,161.33672347378808,161.33672347378808,0.9990792274475098
XTR-GAPS-H1-C5,C5,309,3,3,Methane,1,225.0,162.0511862372257,162.0511862372257,62.94881376277431,62.94881376277431,0.9999947547912598
XTR-GAPS-H1-C5,C5,310,0,0,Ethanol,1,87.5,12.5,12.5,75.0,75.0,0.9996458292007446
XTR-GAPS-H1-C5,C5,311,0,0,Ethanol,1,125.0,12.5,12.5,112.5,112.5,0.9996215105056763
XTR-GAPS-H1-C5,C5,312,3,3,Methane,1,50.0,50.23552192259967,50.23552192259967,0.23552192259967342,0.23552192259967342,0.9999948740005493
XTR-GAPS-H1-C5,C5,313,3,3,Methane,1,175.0,169.15846427597472,169.15846427597472,5.841535724025277,5.841535724025277,0.9999949932098389
XTR-GAPS-H1-C5,C5,314,3,3,Methane,1,50.0,53.43644936252508,53.43644936252508,3.4364493625250816,3.4364493625250816,0.9999948740005493
XTR-GAPS-H1-C5,C5,315,1,1,CO,1,50.0,180.21637083992363,180.21637083992363,130.21637083992363,130.21637083992363,0.9992008805274963
XTR-GAPS-H1-C5,C5,316,2,2,Ethylene,1,62.5,12.5,12.5,50.0,50.0,0.9994677901268005
XTR-GAPS-H1-C5,C5,317,3,3,Methane,1,100.0,109.76628622888528,109.76628622888528,9.766286228885278,9.766286228885278,0.9999949932098389
XTR-GAPS-H1-C5,C5,318,1,1,CO,1,225.0,250.0,250.0,25.0,25.0,0.9992579817771912
XTR-GAPS-H1-C5,C5,319,1,1,CO,1,50.0,121.16550894915349,121.16550894915349,71.16550894915349,71.16550894915349,0.9995697140693665
XTR-GAPS-H1-C5,C5,320,2,2,Ethylene,1,112.5,12.5,12.5,100.0,100.0,0.99850994348526
XTR-GAPS-H1-C5,C5,321,2,2,Ethylene,1,112.5,12.5,12.5,100.0,100.0,0.9983104467391968
XTR-GAPS-H1-C5,C5,322,3,3,Methane,1,175.0,185.43149387475444,185.43149387475444,10.431493874754437,10.431493874754437,0.9999949932098389
XTR-GAPS-H1-C5,C5,323,2,2,Ethylene,1,75.0,12.5,12.5,62.5,62.5,0.9994847774505615
XTR-GAPS-H1-C5,C5,324,3,3,Methane,1,75.0,75.33932929618959,75.33932929618959,0.3393292961895895,0.3393292961895895,0.9999948740005493
XTR-GAPS-H1-C5,C5,325,0,0,Ethanol,1,87.5,12.5,12.5,75.0,75.0,0.9996356964111328
XTR-GAPS-H1-C5,C5,326,1,1,CO,1,250.0,250.0,250.0,0.0,0.0,0.9993164539337158
XTR-GAPS-H1-C5,C5,327,0,0,Ethanol,1,75.0,12.5,12.5,62.5,62.5,0.999665379524231
XTR-GAPS-H1-C5,C5,328,2,2,Ethylene,1,62.5,12.5,12.5,50.0,50.0,0.9990344047546387
XTR-GAPS-H1-C5,C5,329,3,3,Methane,1,125.0,152.95951189240412,152.95951189240412,27.959511892404123,27.959511892404123,0.9999949932098389
XTR-GAPS-H1-C5,C5,330,1,1,CO,1,200.0,250.0,250.0,50.0,50.0,0.998685896396637
XTR-GAPS-H1-C5,C5,331,3,3,Methane,1,250.0,249.8749645896687,249.8749645896687,0.12503541033129295,0.12503541033129295,0.9999951124191284
XTR-GAPS-H1-C5,C5,332,0,0,Ethanol,1,25.0,12.5,12.5,12.5,12.5,0.9996597766876221
XTR-GAPS-H1-C5,C5,333,1,1,CO,1,50.0,25.0,25.0,25.0,25.0,0.9202725291252136
XTR-GAPS-H1-C5,C5,334,1,1,CO,1,75.0,183.91334435039346,183.91334435039346,108.91334435039346,108.91334435039346,0.9984633922576904
XTR-GAPS-H1-C5,C5,335,1,1,CO,1,75.0,195.7098479794771,195.7098479794771,120.7098479794771,120.7098479794771,0.9993888139724731
XTR-GAPS-H1-C5,C5,336,2,2,Ethylene,1,125.0,12.5,12.5,112.5,112.5,0.9997982382774353
XTR-GAPS-H1-C5,C5,337,0,0,Ethanol,1,100.0,12.5,12.5,87.5,87.5,0.9996287822723389
XTR-GAPS-H1-C5,C5,338,3,3,Methane,1,125.0,89.80748737240333,89.80748737240333,35.19251262759667,35.19251262759667,0.9999958276748657
XTR-GAPS-H1-C5,C5,339,1,1,CO,1,75.0,199.86179560733342,199.86179560733342,124.86179560733342,124.86179560733342,0.999350368976593
XTR-GAPS-H1-C5,C5,340,1,1,CO,1,75.0,221.96686563128094,221.96686563128094,146.96686563128094,146.96686563128094,0.9992513060569763
XTR-GAPS-H1-C5,C5,341,1,1,CO,1,150.0,250.0,250.0,100.0,100.0,0.9965901374816895
XTR-GAPS-H1-C5,C5,342,3,3,Methane,1,125.0,130.0225544372659,130.0225544372659,5.02255443726591,5.02255443726591,0.9999949932098389
XTR-GAPS-H1-C5,C5,343,2,2,Ethylene,1,125.0,12.5,12.5,112.5,112.5,0.9989558458328247
XTR-GAPS-H1-C5,C5,344,2,2,Ethylene,1,62.5,12.5,12.5,50.0,50.0,0.9991851449012756
XTR-GAPS-H1-C5,C5,345,1,1,CO,1,250.0,250.0,250.0,0.0,0.0,0.9979298114776611
XTR-GAPS-H1-C5,C5,346,3,3,Methane,1,225.0,25.0,25.0,200.0,200.0,0.9999940395355225
XTR-GAPS-H1-C5,C5,347,0,2,Ethanol,0,37.5,12.5,12.5,25.0,25.0,0.9995275735855103
XTR-GAPS-H1-C5,C5,348,2,2,Ethylene,1,112.5,12.5,12.5,100.0,100.0,0.9996267557144165
XTR-GAPS-H1-C5,C5,349,3,3,Methane,1,50.0,48.215209660009236,48.215209660009236,1.7847903399907636,1.7847903399907636,0.9999948740005493
XTR-GAPS-H1-C5,C5,350,3,3,Methane,1,75.0,69.83011193118114,69.83011193118114,5.169888068818864,5.169888068818864,0.9999948740005493
XTR-GAPS-H1-C5,C5,351,3,3,Methane,1,75.0,78.01409867037239,78.01409867037239,3.014098670372391,3.014098670372391,0.9999949932098389
XTR-GAPS-H1-C5,C5,352,2,2,Ethylene,1,112.5,12.5,12.5,100.0,100.0,0.9988935589790344
XTR-GAPS-H1-C5,C5,353,1,1,CO,1,100.0,250.0,250.0,150.0,150.0,0.9987213015556335
XTR-GAPS-H1-C5,C5,354,2,2,Ethylene,1,62.5,12.5,12.5,50.0,50.0,0.9996028542518616
XTR-GAPS-H1-C5,C5,355,2,2,Ethylene,1,75.0,12.5,12.5,62.5,62.5,0.9995344877243042
XTR-GAPS-H1-C5,C5,356,2,2,Ethylene,1,125.0,12.5,12.5,112.5,112.5,0.9982642531394958
XTR-GAPS-H1-C5,C5,357,2,2,Ethylene,1,100.0,12.5,12.5,87.5,87.5,0.9993054866790771
XTR-GAPS-H1-C5,C5,358,3,3,Methane,1,50.0,52.218348638484144,52.218348638484144,2.2183486384841444,2.2183486384841444,0.9999948740005493
XTR-GAPS-H1-C5,C5,359,1,1,CO,1,25.0,39.625673391142186,39.625673391142186,14.625673391142186,14.625673391142186,0.999669075012207
XTR-GAPS-H1-C5,C5,360,2,2,Ethylene,1,112.5,12.5,12.5,100.0,100.0,0.9990552067756653
XTR-GAPS-H1-C5,C5,361,1,1,CO,1,200.0,250.0,250.0,50.0,50.0,0.9991160035133362
XTR-GAPS-H1-C5,C5,362,3,3,Methane,1,150.0,109.44926230658126,109.44926230658126,40.55073769341874,40.55073769341874,0.999995231628418
XTR-GAPS-H1-C5,C5,363,1,1,CO,1,150.0,250.0,250.0,100.0,100.0,0.996921956539154
XTR-GAPS-H1-C5,C5,364,0,0,Ethanol,1,100.0,12.5,12.5,87.5,87.5,0.9996504783630371
XTR-GAPS-H1-C5,C5,365,2,2,Ethylene,1,62.5,12.5,12.5,50.0,50.0,0.9988778233528137
XTR-GAPS-H1-C5,C5,366,0,0,Ethanol,1,75.0,12.5,12.5,62.5,62.5,0.9996229410171509
XTR-GAPS-H1-C5,C5,367,1,1,CO,1,125.0,250.0,250.0,125.0,125.0,0.9991315007209778
XTR-GAPS-H1-C5,C5,368,3,3,Methane,1,50.0,51.174175152081716,51.174175152081716,1.174175152081716,1.174175152081716,0.9999948740005493
XTR-GAPS-H1-C5,C5,369,2,2,Ethylene,1,87.5,12.5,12.5,75.0,75.0,0.9991995692253113
XTR-GAPS-H1-C5,C5,370,1,1,CO,1,150.0,250.0,250.0,100.0,100.0,0.9976403713226318
XTR-GAPS-H1-C5,C5,371,3,3,Methane,1,175.0,171.49097107561468,171.49097107561468,3.509028924385319,3.509028924385319,0.9999942779541016
XTR-GAPS-H1-C5,C5,372,1,1,CO,1,25.0,30.16276944586508,30.16276944586508,5.162769445865081,5.162769445865081,0.9995563626289368
XTR-GAPS-H1-C5,C5,373,2,2,Ethylene,1,62.5,12.5,12.5,50.0,50.0,0.9988656044006348
XTR-GAPS-H1-C5,C5,374,1,1,CO,1,25.0,51.52964546289604,51.52964546289604,26.529645462896042,26.529645462896042,0.999503493309021
XTR-GAPS-H1-C5,C5,375,1,1,CO,1,200.0,250.0,250.0,50.0,50.0,0.9993453621864319
XTR-GAPS-H1-C5,C5,376,1,1,CO,1,75.0,187.11520922421147,187.11520922421147,112.11520922421147,112.11520922421147,0.9993316531181335
XTR-GAPS-H1-C5,C5,377,0,0,Ethanol,1,50.0,12.5,12.5,37.5,37.5,0.9996227025985718
XTR-GAPS-H1-C5,C5,378,2,2,Ethylene,1,12.5,12.5,12.5,0.0,0.0,0.999322772026062
XTR-GAPS-H1-C5,C5,379,0,0,Ethanol,1,75.0,12.5,12.5,62.5,62.5,0.9996308088302612
XTR-GAPS-H1-C5,C5,380,2,2,Ethylene,1,12.5,12.5,12.5,0.0,0.0,0.9984935522079468
XTR-GAPS-H1-C5,C5,381,3,3,Methane,1,125.0,130.623743131583,130.623743131583,5.623743131583012,5.623743131583012,0.9999949932098389
XTR-GAPS-H1-C5,C5,382,2,2,Ethylene,1,37.5,12.5,12.5,25.0,25.0,0.9990618824958801
XTR-GAPS-H1-C5,C5,383,0,0,Ethanol,1,125.0,12.5,12.5,112.5,112.5,0.9996311664581299
XTR-GAPS-H1-C5,C5,384,3,3,Methane,1,75.0,76.81852938189434,76.81852938189434,1.8185293818943364,1.8185293818943364,0.9999949932098389
XTR-GAPS-H1-C5,C5,385,3,3,Methane,1,25.0,25.0,25.0,0.0,0.0,0.9999949932098389
XTR-GAPS-H1-C5,C5,386,2,2,Ethylene,1,100.0,12.5,12.5,87.5,87.5,0.999228835105896
XTR-GAPS-H1-C5,C5,387,2,2,Ethylene,1,25.0,12.5,12.5,12.5,12.5,0.9988797307014465
XTR-GAPS-H1-C5,C5,388,3,3,Methane,1,125.0,114.7812679248139,114.7812679248139,10.218732075186097,10.218732075186097,0.9999949932098389
XTR-GAPS-H1-C5,C5,389,0,0,Ethanol,1,100.0,12.5,12.5,87.5,87.5,0.9996358156204224
XTR-GAPS-H1-C5,C5,390,0,0,Ethanol,1,100.0,12.5,12.5,87.5,87.5,0.9996458292007446
XTR-GAPS-H1-C5,C5,391,3,3,Methane,1,50.0,46.22666286741605,46.22666286741605,3.773337132583947,3.773337132583947,0.9999948740005493
XTR-GAPS-H1-C5,C5,392,1,1,CO,1,225.0,250.0,250.0,25.0,25.0,0.9981065988540649
XTR-GAPS-H1-C5,C5,393,1,1,CO,1,25.0,50.863705234321,50.863705234321,25.863705234321003,25.863705234321003,0.9992641806602478
XTR-GAPS-H1-C5,C5,394,3,3,Methane,1,100.0,117.40696165089793,117.40696165089793,17.406961650897927,17.406961650897927,0.9999949932098389
XTR-GAPS-H1-C5,C5,395,1,1,CO,1,100.0,250.0,250.0,150.0,150.0,0.999420166015625
XTR-GAPS-H1-C5,C5,396,0,0,Ethanol,1,12.5,12.5,12.5,0.0,0.0,0.9996042847633362
XTR-GAPS-H1-C5,C5,397,3,3,Methane,1,200.0,170.79694910154734,170.79694910154734,29.20305089845266,29.20305089845266,0.9999949932098389
XTR-GAPS-H1-C5,C5,398,2,2,Ethylene,1,37.5,12.5,12.5,25.0,25.0,0.9993690848350525
XTR-GAPS-H1-C5,C5,399,2,2,Ethylene,1,62.5,12.5,12.5,50.0,50.0,0.9991855025291443
XTR-GAPS-H1-C5,C5,400,1,1,CO,1,150.0,250.0,250.0,100.0,100.0,0.998379111289978
XTR-GAPS-H1-C5,C5,401,0,0,Ethanol,1,75.0,12.5,12.5,62.5,62.5,0.9996191263198853
XTR-GAPS-H1-C5,C5,402,2,2,Ethylene,1,100.0,12.5,12.5,87.5,87.5,0.9992613196372986
XTR-GAPS-H1-C5,C5,403,0,0,Ethanol,1,37.5,12.5,12.5,25.0,25.0,0.999618411064148
XTR-GAPS-H1-C5,C5,404,3,3,Methane,1,75.0,59.158169425832284,59.158169425832284,15.841830574167716,15.841830574167716,0.9999945163726807
XTR-GAPS-H1-C5,C5,405,3,3,Methane,1,125.0,122.89262335169877,122.89262335169877,2.1073766483012264,2.1073766483012264,0.9999948740005493
XTR-GAPS-H1-C5,C5,406,0,0,Ethanol,1,75.0,12.5,12.5,62.5,62.5,0.9996167421340942
XTR-GAPS-H1-C5,C5,407,0,0,Ethanol,1,62.5,12.5,12.5,50.0,50.0,0.9996156692504883
XTR-GAPS-H1-C5,C5,408,1,1,CO,1,200.0,250.0,250.0,50.0,50.0,0.9990683197975159
XTR-GAPS-H1-C5,C5,409,3,3,Methane,1,100.0,111.6455016560775,111.6455016560775,11.6455016560775,11.6455016560775,0.9999949932098389
XTR-GAPS-H1-C5,C5,410,2,2,Ethylene,1,100.0,12.5,12.5,87.5,87.5,0.9995399713516235
XTR-GAPS-H1-C5,C5,411,0,0,Ethanol,1,112.5,12.5,12.5,100.0,100.0,0.9996486902236938
XTR-GAPS-H1-C5,C5,412,3,3,Methane,1,225.0,25.0,25.0,200.0,200.0,0.9999934434890747
XTR-GAPS-H1-C5,C5,413,2,2,Ethylene,1,12.5,12.5,12.5,0.0,0.0,0.9994165897369385
XTR-GAPS-H1-C5,C5,414,1,1,CO,1,25.0,97.78423124315327,97.78423124315327,72.78423124315327,72.78423124315327,0.9996869564056396
XTR-GAPS-H1-C5,C5,415,2,2,Ethylene,1,12.5,12.5,12.5,0.0,0.0,0.9991014003753662
XTR-GAPS-H1-C5,C5,416,1,1,CO,1,100.0,219.94604629724893,219.94604629724893,119.94604629724893,119.94604629724893,0.9989487528800964
XTR-GAPS-H1-C5,C5,417,3,3,Methane,1,25.0,25.0,25.0,0.0,0.0,0.9999946355819702
XTR-GAPS-H1-C5,C5,418,0,0,Ethanol,1,25.0,12.5,12.5,12.5,12.5,0.9996188879013062
XTR-GAPS-H1-C5,C5,419,0,0,Ethanol,1,50.0,12.5,12.5,37.5,37.5,0.999534010887146
XTR-GAPS-H1-C5,C5,420,2,2,Ethylene,1,62.5,12.5,12.5,50.0,50.0,0.9990276098251343
XTR-GAPS-H1-C5,C5,421,0,0,Ethanol,1,25.0,12.5,12.5,12.5,12.5,0.9996187686920166
XTR-GAPS-H1-C5,C5,422,0,0,Ethanol,1,112.5,12.5,12.5,100.0,100.0,0.9996259212493896
XTR-GAPS-H1-C5,C5,423,3,3,Methane,1,100.0,111.02534178652735,111.02534178652735,11.025341786527349,11.025341786527349,0.9999949932098389
XTR-GAPS-H1-C5,C5,424,1,1,CO,1,225.0,250.0,250.0,25.0,25.0,0.9986692667007446
XTR-GAPS-H1-C5,C5,425,2,2,Ethylene,1,112.5,12.5,12.5,100.0,100.0,0.9997524619102478
XTR-GAPS-H1-C5,C5,426,3,3,Methane,1,175.0,185.16049248879096,185.16049248879096,10.160492488790965,10.160492488790965,0.9999949932098389
XTR-GAPS-H1-C5,C5,427,1,1,CO,1,125.0,245.59564961024785,245.59564961024785,120.59564961024785,120.59564961024785,0.9990100860595703
XTR-GAPS-H1-C5,C5,428,3,3,Methane,1,175.0,171.7482117690406,171.7482117690406,3.2517882309593915,3.2517882309593915,0.9999949932098389
XTR-GAPS-H1-C5,C5,429,3,3,Methane,1,25.0,25.0,25.0,0.0,0.0,0.9999945163726807
XTR-GAPS-H1-C5,C5,430,0,0,Ethanol,1,37.5,12.5,12.5,25.0,25.0,0.9996354579925537
XTR-GAPS-H1-C5,C5,431,1,1,CO,1,150.0,250.0,250.0,100.0,100.0,0.9990492463111877
XTR-GAPS-H1-C5,C5,432,2,2,Ethylene,1,112.5,12.5,12.5,100.0,100.0,0.9992606043815613
XTR-GAPS-H1-C5,C5,433,0,0,Ethanol,1,37.5,12.5,12.5,25.0,25.0,0.9996108412742615
XTR-GAPS-H1-C5,C5,434,1,1,CO,1,75.0,228.88612191854247,228.88612191854247,153.88612191854247,153.88612191854247,0.9990482926368713
XTR-GAPS-H1-C5,C5,435,3,3,Methane,1,250.0,202.45577416649223,202.45577416649223,47.54422583350777,47.54422583350777,0.9999949932098389
XTR-GAPS-H1-C5,C5,436,2,2,Ethylene,1,12.5,12.5,12.5,0.0,0.0,0.9979336261749268
XTR-GAPS-H1-C5,C5,437,2,2,Ethylene,1,87.5,12.5,12.5,75.0,75.0,0.9995954632759094
XTR-GAPS-H1-C5,C5,438,3,3,Methane,1,200.0,159.15619098971922,159.15619098971922,40.84380901028078,40.84380901028078,0.9999949932098389
XTR-GAPS-H1-C5,C5,439,1,1,CO,1,75.0,192.0688919099399,192.0688919099399,117.06889190993991,117.06889190993991,0.9994599223136902
XTR-GAPS-H1-C5,C5,440,1,1,CO,1,200.0,250.0,250.0,50.0,50.0,0.9990648627281189
XTR-GAPS-H1-C5,C5,441,1,1,CO,1,50.0,119.75376327310795,119.75376327310795,69.75376327310795,69.75376327310795,0.9996065497398376
XTR-GAPS-H1-C5,C5,442,1,1,CO,1,200.0,250.0,250.0,50.0,50.0,0.9995892643928528
XTR-GAPS-H1-C5,C5,443,1,1,CO,1,250.0,250.0,250.0,0.0,0.0,0.9943971633911133
XTR-GAPS-H1-C5,C5,444,2,2,Ethylene,1,62.5,12.5,12.5,50.0,50.0,0.995705783367157
XTR-GAPS-H1-C5,C5,445,1,1,CO,1,150.0,250.0,250.0,100.0,100.0,0.9975549578666687
XTR-GAPS-H1-C5,C5,446,3,3,Methane,1,225.0,146.0464181839933,146.0464181839933,78.9535818160067,78.9535818160067,0.9999934434890747
XTR-GAPS-H1-C5,C5,447,2,2,Ethylene,1,125.0,12.5,12.5,112.5,112.5,0.9869667291641235
XTR-GAPS-H1-C5,C5,448,2,2,Ethylene,1,125.0,12.5,12.5,112.5,112.5,0.9959543943405151
XTR-GAPS-H1-C5,C5,449,0,0,Ethanol,1,100.0,12.5,12.5,87.5,87.5,0.9996752738952637
XTR-GAPS-H1-C5,C5,450,3,3,Methane,1,50.0,34.78004419048466,34.78004419048466,15.21995580951534,15.21995580951534,0.999994158744812
XTR-GAPS-H1-C5,C5,451,0,0,Ethanol,1,75.0,12.5,12.5,62.5,62.5,0.9996364116668701
XTR-GAPS-H1-C5,C5,452,3,3,Methane,1,250.0,214.5073883510098,214.5073883510098,35.49261164899019,35.49261164899019,0.9999949932098389
XTR-GAPS-H1-C5,C5,453,1,1,CO,1,250.0,250.0,250.0,0.0,0.0,0.9984101057052612
XTR-GAPS-H1-C5,C5,454,0,0,Ethanol,1,50.0,12.5,12.5,37.5,37.5,0.9996219873428345
XTR-GAPS-H1-C5,C5,455,1,1,CO,1,250.0,250.0,250.0,0.0,0.0,0.9990992546081543
XTR-GAPS-H1-C5,C5,456,0,0,Ethanol,1,25.0,12.5,12.5,12.5,12.5,0.9994932413101196
XTR-GAPS-H1-C5,C5,457,2,2,Ethylene,1,100.0,12.5,12.5,87.5,87.5,0.9988810420036316
XTR-GAPS-H1-C5,C5,458,3,3,Methane,1,100.0,104.51844403860044,104.51844403860044,4.518444038600435,4.518444038600435,0.9999949932098389
XTR-GAPS-H1-C5,C5,459,0,0,Ethanol,1,125.0,12.5,12.5,112.5,112.5,0.999627947807312
XTR-GAPS-H1-C5,C5,460,3,3,Methane,1,150.0,136.23528428253724,136.23528428253724,13.764715717462764,13.764715717462764,0.9999951124191284
XTR-GAPS-H1-C5,C5,461,2,2,Ethylene,1,87.5,12.5,12.5,75.0,75.0,0.9992701411247253
XTR-GAPS-H1-C5,C5,462,3,3,Methane,1,75.0,61.40314697111165,61.40314697111165,13.596853028888347,13.596853028888347,0.9999948740005493
XTR-GAPS-H1-C5,C5,463,3,3,Methane,1,150.0,162.53232163895242,162.53232163895242,12.532321638952425,12.532321638952425,0.9999949932098389
XTR-GAPS-H1-C5,C5,464,0,0,Ethanol,1,50.0,12.5,12.5,37.5,37.5,0.9996395111083984
XTR-GAPS-H1-C5,C5,465,2,1,Ethylene,0,87.5,116.94013382745345,12.5,29.44013382745345,75.0,0.986104428768158
XTR-GAPS-H1-C5,C5,466,2,2,Ethylene,1,50.0,12.5,12.5,37.5,37.5,0.9993859529495239
XTR-GAPS-H1-C5,C5,467,1,1,CO,1,25.0,99.76181092358661,99.76181092358661,74.76181092358661,74.76181092358661,0.9995989203453064
XTR-GAPS-H1-C5,C5,468,2,2,Ethylene,1,100.0,12.5,12.5,87.5,87.5,0.9983193278312683
XTR-GAPS-H1-C5,C5,469,2,2,Ethylene,1,25.0,12.5,12.5,12.5,12.5,0.9975311160087585
XTR-GAPS-H1-C5,C5,470,0,0,Ethanol,1,112.5,12.5,12.5,100.0,100.0,0.9996261596679688
XTR-GAPS-H1-C5,C5,471,1,1,CO,1,75.0,223.33398214561413,223.33398214561413,148.33398214561413,148.33398214561413,0.998930037021637
XTR-GAPS-H1-C5,C5,472,1,1,CO,1,50.0,69.59492814005336,69.59492814005336,19.594928140053355,19.594928140053355,0.999488115310669
XTR-GAPS-H1-C5,C5,473,2,2,Ethylene,1,87.5,12.5,12.5,75.0,75.0,0.9991391897201538
XTR-GAPS-H1-C5,C5,474,3,3,Methane,1,25.0,25.0,25.0,0.0,0.0,0.9999951124191284
XTR-GAPS-H1-C5,C5,475,3,3,Methane,1,175.0,168.2708016796455,168.2708016796455,6.729198320354499,6.729198320354499,0.9999949932098389
XTR-GAPS-H1-C5,C5,476,2,2,Ethylene,1,87.5,12.5,12.5,75.0,75.0,0.9991746544837952
XTR-GAPS-H1-C5,C5,477,3,3,Methane,1,100.0,88.60184452892824,88.60184452892824,11.39815547107176,11.39815547107176,0.9999948740005493
XTR-GAPS-H1-C5,C5,478,1,1,CO,1,25.0,101.05539575046555,101.05539575046555,76.05539575046555,76.05539575046555,0.9993084669113159
XTR-GAPS-H1-C5,C5,479,2,2,Ethylene,1,25.0,12.5,12.5,12.5,12.5,0.9963797926902771
XTR-GAPS-H1-C5,C5,480,3,3,Methane,1,200.0,186.06945845220002,186.06945845220002,13.930541547799976,13.930541547799976,0.9999951124191284
XTR-GAPS-H1-C5,C5,481,0,0,Ethanol,1,50.0,12.5,12.5,37.5,37.5,0.99962317943573
XTR-GAPS-H1-C5,C5,482,3,3,Methane,1,125.0,127.00012616579292,127.00012616579292,2.0001261657929206,2.0001261657929206,0.9999949932098389
XTR-GAPS-H1-C5,C5,483,2,2,Ethylene,1,100.0,12.5,12.5,87.5,87.5,0.9995322227478027
XTR-GAPS-H1-C5,C5,484,3,3,Methane,1,25.0,25.0,25.0,0.0,0.0,0.9999949932098389
XTR-GAPS-H1-C5,C5,485,3,3,Methane,1,25.0,25.0,25.0,0.0,0.0,0.9999951124191284
XTR-GAPS-H1-C5,C5,486,0,0,Ethanol,1,25.0,12.5,12.5,12.5,12.5,0.9996206760406494
XTR-GAPS-H1-C5,C5,487,3,3,Methane,1,250.0,250.0,250.0,0.0,0.0,0.9999949932098389
XTR-GAPS-H1-C5,C5,488,0,0,Ethanol,1,37.5,12.5,12.5,25.0,25.0,0.9996021389961243
XTR-GAPS-H1-C5,C5,489,0,0,Ethanol,1,87.5,12.5,12.5,75.0,75.0,0.9996217489242554
XTR-GAPS-H1-C5,C5,490,1,1,CO,1,50.0,146.90997525256284,146.90997525256284,96.90997525256284,96.90997525256284,0.9975232481956482
XTR-GAPS-H1-C5,C5,491,1,1,CO,1,225.0,131.74806545133674,131.74806545133674,93.25193454866326,93.25193454866326,0.9983786344528198
XTR-GAPS-H1-C5,C5,492,1,1,CO,1,150.0,250.0,250.0,100.0,100.0,0.9993558526039124
XTR-GAPS-H1-C5,C5,493,2,2,Ethylene,1,12.5,12.5,12.5,0.0,0.0,0.9992631077766418
XTR-GAPS-H1-C5,C5,494,0,0,Ethanol,1,25.0,12.5,12.5,12.5,12.5,0.9996305704116821
XTR-GAPS-H1-C5,C5,495,3,3,Methane,1,150.0,83.95638391891208,83.95638391891208,66.04361608108792,66.04361608108792,0.9999946355819702
XTR-GAPS-H1-C5,C5,496,1,1,CO,1,125.0,250.0,250.0,125.0,125.0,0.9984055161476135
XTR-GAPS-H1-C5,C5,497,2,2,Ethylene,1,37.5,12.5,12.5,25.0,25.0,0.999586284160614
XTR-GAPS-H1-C5,C5,498,2,2,Ethylene,1,37.5,12.5,12.5,25.0,25.0,0.9995830655097961
XTR-GAPS-H1-C5,C5,499,1,1,CO,1,100.0,228.93139959610892,228.93139959610892,128.93139959610892,128.93139959610892,0.9992424249649048
XTR-GAPS-H1-C5,C5,500,2,2,Ethylene,1,87.5,12.5,12.5,75.0,75.0,0.9997498393058777
XTR-GAPS-H1-C5,C5,501,1,1,CO,1,225.0,219.74921442684013,219.74921442684013,5.250785573159874,5.250785573159874,0.999213695526123
XTR-GAPS-H1-C5,C5,502,1,1,CO,1,25.0,52.196989675962755,52.196989675962755,27.196989675962755,27.196989675962755,0.9992920160293579
XTR-GAPS-H1-C5,C5,503,1,1,CO,1,250.0,250.0,250.0,0.0,0.0,0.9994012117385864
XTR-GAPS-H1-C5,C5,504,2,2,Ethylene,1,12.5,12.5,12.5,0.0,0.0,0.9988177418708801
XTR-GAPS-H1-C5,C5,505,3,3,Methane,1,250.0,250.0,250.0,0.0,0.0,0.9999949932098389
XTR-GAPS-H1-C5,C5,506,3,3,Methane,1,150.0,144.70747580023098,144.70747580023098,5.292524199769019,5.292524199769019,0.9999949932098389
XTR-GAPS-H1-C5,C5,507,0,0,Ethanol,1,75.0,12.5,12.5,62.5,62.5,0.9996211528778076
XTR-GAPS-H1-C5,C5,508,1,1,CO,1,75.0,190.61713436698005,190.61713436698005,115.61713436698005,115.61713436698005,0.9993388056755066
XTR-GAPS-H1-C5,C5,509,0,0,Ethanol,1,25.0,12.5,12.5,12.5,12.5,0.9996042847633362
XTR-GAPS-H1-C5,C5,510,0,0,Ethanol,1,75.0,12.5,12.5,62.5,62.5,0.9996353387832642
XTR-GAPS-H1-C5,C5,511,1,1,CO,1,225.0,250.0,250.0,25.0,25.0,0.9994825124740601
XTR-GAPS-H1-C5,C5,512,0,0,Ethanol,1,87.5,12.5,12.5,75.0,75.0,0.9996680021286011
XTR-GAPS-H1-C5,C5,513,1,1,CO,1,175.0,250.0,250.0,75.0,75.0,0.9986391663551331
XTR-GAPS-H1-C5,C5,514,2,2,Ethylene,1,25.0,12.5,12.5,12.5,12.5,0.9991499185562134
XTR-GAPS-H1-C5,C5,515,2,2,Ethylene,1,125.0,12.5,12.5,112.5,112.5,0.9996252059936523
XTR-GAPS-H1-C5,C5,516,1,1,CO,1,100.0,250.0,250.0,150.0,150.0,0.9990315437316895
XTR-GAPS-H1-C5,C5,517,2,2,Ethylene,1,125.0,12.5,12.5,112.5,112.5,0.9952254295349121
XTR-GAPS-H1-C5,C5,518,2,2,Ethylene,1,50.0,12.5,12.5,37.5,37.5,0.9996920824050903
XTR-GAPS-H1-C5,C5,519,2,2,Ethylene,1,25.0,12.5,12.5,12.5,12.5,0.9990147352218628
XTR-GAPS-H1-C5,C5,520,2,2,Ethylene,1,37.5,12.5,12.5,25.0,25.0,0.9993689656257629
XTR-GAPS-H1-C5,C5,521,2,2,Ethylene,1,75.0,12.5,12.5,62.5,62.5,0.9994206428527832
XTR-GAPS-H1-C5,C5,522,2,2,Ethylene,1,25.0,12.5,12.5,12.5,12.5,0.9994719624519348
XTR-GAPS-H1-C5,C5,523,1,1,CO,1,225.0,250.0,250.0,25.0,25.0,0.9987918734550476
XTR-GAPS-H1-C5,C5,524,3,3,Methane,1,175.0,99.58094987563481,99.58094987563481,75.41905012436519,75.41905012436519,0.999994158744812
XTR-GAPS-H1-C5,C5,525,0,0,Ethanol,1,112.5,12.5,12.5,100.0,100.0,0.9996308088302612
XTR-GAPS-H1-C5,C5,526,0,0,Ethanol,1,87.5,12.5,12.5,75.0,75.0,0.9996144771575928
XTR-GAPS-H1-C5,C5,527,3,3,Methane,1,75.0,73.75463178667047,73.75463178667047,1.2453682133295274,1.2453682133295274,0.9999948740005493
XTR-GAPS-H1-C5,C5,528,2,2,Ethylene,1,12.5,12.5,12.5,0.0,0.0,0.8135631084442139
XTR-GAPS-H1-C5,C5,529,3,3,Methane,1,75.0,82.47643884461252,82.47643884461252,7.476438844612517,7.476438844612517,0.9999949932098389
XTR-GAPS-H1-C5,C5,530,0,0,Ethanol,1,100.0,12.5,12.5,87.5,87.5,0.9996577501296997
XTR-GAPS-H1-C5,C5,531,3,3,Methane,1,50.0,52.28971151405324,52.28971151405324,2.289711514053238,2.289711514053238,0.9999948740005493
XTR-GAPS-H1-C5,C5,532,0,0,Ethanol,1,100.0,12.5,12.5,87.5,87.5,0.9996446371078491
XTR-GAPS-H1-C5,C5,533,3,3,Methane,1,125.0,90.523281081126,90.523281081126,34.476718918874,34.476718918874,0.9999951124191284
XTR-GAPS-H1-C5,C5,534,1,1,CO,1,25.0,100.28060164432748,100.28060164432748,75.28060164432748,75.28060164432748,0.9992181062698364
XTR-GAPS-H1-C5,C5,535,2,2,Ethylene,1,25.0,12.5,12.5,12.5,12.5,0.9970754384994507
XTR-GAPS-H1-C5,C5,536,3,3,Methane,1,125.0,145.43003572774273,145.43003572774273,20.430035727742734,20.430035727742734,0.9999949932098389
XTR-GAPS-H1-C5,C5,537,0,0,Ethanol,1,125.0,12.5,12.5,112.5,112.5,0.9996541738510132
XTR-GAPS-H1-C5,C5,538,1,1,CO,1,100.0,250.0,250.0,150.0,150.0,0.9991335272789001
XTR-GAPS-H1-C5,C5,539,2,2,Ethylene,1,75.0,12.5,12.5,62.5,62.5,0.9986692667007446
XTR-GAPS-H1-C5,C5,540,2,2,Ethylene,1,50.0,12.5,12.5,37.5,37.5,0.9993626475334167
XTR-GAPS-H1-C5,C5,541,0,0,Ethanol,1,62.5,12.5,12.5,50.0,50.0,0.9996205568313599
XTR-GAPS-H1-C5,C5,542,2,2,Ethylene,1,112.5,12.5,12.5,100.0,100.0,0.9992019534111023
XTR-GAPS-H1-C5,C5,543,1,1,CO,1,50.0,172.44688224061377,172.44688224061377,122.44688224061377,122.44688224061377,0.9989830851554871
XTR-GAPS-H1-C5,C5,544,3,3,Methane,1,25.0,25.0,25.0,0.0,0.0,0.9999945163726807
XTR-GAPS-H1-C5,C5,545,2,2,Ethylene,1,37.5,12.5,12.5,25.0,25.0,0.99925297498703
XTR-GAPS-H1-C5,C5,546,2,2,Ethylene,1,100.0,12.5,12.5,87.5,87.5,0.9996680021286011
XTR-GAPS-H1-C5,C5,547,3,3,Methane,1,100.0,100.96655525460505,100.96655525460505,0.9665552546050549,0.9665552546050549,0.9999949932098389
XTR-GAPS-H1-C5,C5,548,3,3,Methane,1,250.0,235.82076857464403,235.82076857464403,14.179231425355965,14.179231425355965,0.9999951124191284
XTR-GAPS-H1-C5,C5,549,3,3,Methane,1,175.0,143.96696467296073,143.96696467296073,31.033035327039272,31.033035327039272,0.9999939203262329
XTR-GAPS-H1-C5,C5,550,1,1,CO,1,225.0,250.0,250.0,25.0,25.0,0.9989677667617798
XTR-GAPS-H1-C5,C5,551,1,1,CO,1,100.0,250.0,250.0,150.0,150.0,0.9991562366485596
XTR-GAPS-H1-C5,C5,552,3,3,Methane,1,100.0,65.91842186618749,65.91842186618749,34.08157813381251,34.08157813381251,0.9999949932098389
XTR-GAPS-H1-C5,C5,553,3,3,Methane,1,225.0,25.0,25.0,200.0,200.0,0.9999934434890747
XTR-GAPS-H1-C5,C5,554,2,2,Ethylene,1,62.5,12.5,12.5,50.0,50.0,0.9992116689682007
XTR-GAPS-H1-C5,C5,555,2,2,Ethylene,1,112.5,12.5,12.5,100.0,100.0,0.9960317015647888
XTR-GAPS-H1-C5,C5,556,0,0,Ethanol,1,62.5,12.5,12.5,50.0,50.0,0.9996377229690552
XTR-GAPS-H1-C5,C5,557,3,3,Methane,1,75.0,86.38314878229176,86.38314878229176,11.383148782291755,11.383148782291755,0.9999948740005493
XTR-GAPS-H1-C5,C5,558,0,0,Ethanol,1,125.0,12.5,12.5,112.5,112.5,0.9996262788772583
XTR-GAPS-H1-C5,C5,559,2,2,Ethylene,1,100.0,12.5,12.5,87.5,87.5,0.9994899034500122
XTR-GAPS-H1-C5,C5,560,2,2,Ethylene,1,87.5,12.5,12.5,75.0,75.0,0.9991636276245117
XTR-GAPS-H1-C5,C5,561,1,1,CO,1,75.0,124.72429649606147,124.72429649606147,49.72429649606147,49.72429649606147,0.9991870522499084
XTR-GAPS-H1-C5,C5,562,1,1,CO,1,75.0,187.87737078152253,187.87737078152253,112.87737078152253,112.87737078152253,0.9989452958106995
XTR-GAPS-H1-C5,C5,563,3,3,Methane,1,225.0,201.77413244297634,201.77413244297634,23.225867557023662,23.225867557023662,0.9999949932098389
XTR-GAPS-H1-C5,C5,564,0,0,Ethanol,1,50.0,12.5,12.5,37.5,37.5,0.9996117949485779
XTR-GAPS-H1-C5,C5,565,0,0,Ethanol,1,62.5,12.5,12.5,50.0,50.0,0.9996088147163391
XTR-GAPS-H1-C5,C5,566,3,3,Methane,1,25.0,25.0,25.0,0.0,0.0,0.9999949932098389
XTR-GAPS-H1-C5,C5,567,0,0,Ethanol,1,50.0,12.5,12.5,37.5,37.5,0.9996108412742615
XTR-GAPS-H1-C5,C5,568,3,3,Methane,1,50.0,43.58339385534225,43.58339385534225,6.416606144657749,6.416606144657749,0.9999948740005493
XTR-GAPS-H1-C5,C5,569,1,1,CO,1,125.0,240.8654774759106,240.8654774759106,115.86547747591061,115.86547747591061,0.9994657635688782
XTR-GAPS-H1-C5,C5,570,3,3,Methane,1,75.0,68.06534823250132,68.06534823250132,6.9346517674986785,6.9346517674986785,0.9999948740005493
XTR-GAPS-H1-C5,C5,571,0,0,Ethanol,1,112.5,12.5,12.5,100.0,100.0,0.9996200799942017
XTR-GAPS-H1-C5,C5,572,3,3,Methane,1,100.0,97.52323244924042,97.52323244924042,2.4767675507595754,2.4767675507595754,0.9999945163726807
XTR-GAPS-H1-C5,C5,573,2,2,Ethylene,1,125.0,12.5,12.5,112.5,112.5,0.9997403025627136
XTR-GAPS-H1-C5,C5,574,3,3,Methane,1,250.0,172.84631311447316,172.84631311447316,77.15368688552684,77.15368688552684,0.9999948740005493
XTR-GAPS-H1-C5,C5,575,3,3,Methane,1,100.0,105.56538969703865,105.56538969703865,5.565389697038654,5.565389697038654,0.9999949932098389
XTR-GAPS-H1-C5,C5,576,2,2,Ethylene,1,87.5,12.5,12.5,75.0,75.0,0.9992479681968689
XTR-GAPS-H1-C5,C5,577,0,0,Ethanol,1,75.0,12.5,12.5,62.5,62.5,0.9996218681335449
XTR-GAPS-H1-C5,C5,578,0,0,Ethanol,1,25.0,12.5,12.5,12.5,12.5,0.9996230602264404
XTR-GAPS-H1-C5,C5,579,1,1,CO,1,125.0,250.0,250.0,125.0,125.0,0.999029278755188
XTR-GAPS-H1-C5,C5,580,2,2,Ethylene,1,125.0,12.5,12.5,112.5,112.5,0.9997734427452087
XTR-GAPS-H1-C5,C5,581,0,0,Ethanol,1,25.0,12.5,12.5,12.5,12.5,0.9996083378791809
XTR-GAPS-H1-C5,C5,582,2,2,Ethylene,1,100.0,12.5,12.5,87.5,87.5,0.9990905523300171
XTR-GAPS-H1-C5,C5,583,0,0,Ethanol,1,37.5,12.5,12.5,25.0,25.0,0.9996016621589661
XTR-GAPS-H1-C5,C5,584,3,3,Methane,1,200.0,168.44639264117308,168.44639264117308,31.553607358826923,31.553607358826923,0.9999949932098389
XTR-GAPS-H1-C5,C5,585,1,1,CO,1,150.0,250.0,250.0,100.0,100.0,0.9981694221496582
XTR-GAPS-H1-C5,C5,586,3,3,Methane,1,175.0,123.39897746635751,123.39897746635751,51.60102253364249,51.60102253364249,0.9999946355819702
XTR-GAPS-H1-C5,C5,587,1,1,CO,1,25.0,94.1775229755657,94.1775229755657,69.1775229755657,69.1775229755657,0.9994238615036011
XTR-GAPS-H1-C5,C5,588,3,3,Methane,1,100.0,114.27457214045774,114.27457214045774,14.274572140457735,14.274572140457735,0.9999949932098389
XTR-GAPS-H1-C5,C5,589,0,0,Ethanol,1,37.5,12.5,12.5,25.0,25.0,0.9996271133422852
XTR-GAPS-H1-C5,C5,590,3,3,Methane,1,150.0,131.76484568135112,131.76484568135112,18.23515431864888,18.23515431864888,0.9999946355819702
XTR-GAPS-H1-C5,C5,591,2,2,Ethylene,1,75.0,12.5,12.5,62.5,62.5,0.9988183379173279
XTR-GAPS-H1-C5,C5,592,3,3,Methane,1,100.0,108.96657864766914,108.96657864766914,8.966578647669138,8.966578647669138,0.9999949932098389
XTR-GAPS-H1-C5,C5,593,1,1,CO,1,75.0,231.70079028915688,231.70079028915688,156.70079028915688,156.70079028915688,0.9991307854652405
XTR-GAPS-H1-C5,C5,594,3,3,Methane,1,200.0,185.80317457774765,185.80317457774765,14.196825422252346,14.196825422252346,0.9999910593032837
XTR-GAPS-H1-C5,C5,595,2,2,Ethylene,1,50.0,12.5,12.5,37.5,37.5,0.9984776377677917
XTR-GAPS-H1-C5,C5,596,0,0,Ethanol,1,87.5,12.5,12.5,75.0,75.0,0.9996147155761719
XTR-GAPS-H1-C5,C5,597,0,0,Ethanol,1,12.5,12.5,12.5,0.0,0.0,0.9996144771575928
XTR-GAPS-H1-C5,C5,598,3,3,Methane,1,125.0,130.72300390230848,130.72300390230848,5.723003902308477,5.723003902308477,0.9999949932098389
XTR-GAPS-H1-C5,C5,599,2,2,Ethylene,1,37.5,12.5,12.5,25.0,25.0,0.9993151426315308
XTR-GAPS-H1-C5,C5,600,1,1,CO,1,100.0,171.55106503315977,171.55106503315977,71.55106503315977,71.55106503315977,0.9992057681083679
XTR-GAPS-H1-C5,C5,601,3,3,Methane,1,200.0,202.96582439800397,202.96582439800397,2.9658243980039742,2.9658243980039742,0.9999951124191284
XTR-GAPS-H1-C5,C5,602,0,0,Ethanol,1,75.0,12.5,12.5,62.5,62.5,0.9996267557144165
XTR-GAPS-H1-C5,C5,603,1,1,CO,1,225.0,250.0,250.0,25.0,25.0,0.9975762963294983
XTR-GAPS-H1-C5,C5,604,3,3,Methane,1,50.0,39.891214801032675,39.891214801032675,10.108785198967325,10.108785198967325,0.9999942779541016
XTR-GAPS-H1-C5,C5,605,0,0,Ethanol,1,12.5,12.5,12.5,0.0,0.0,0.9996001124382019
XTR-GAPS-H1-C5,C5,606,1,1,CO,1,225.0,250.0,250.0,25.0,25.0,0.9985204339027405
XTR-GAPS-H1-C5,C5,607,3,3,Methane,1,175.0,174.16391111080748,174.16391111080748,0.8360888891925242,0.8360888891925242,0.9999949932098389
XTR-GAPS-H1-C5,C5,608,0,0,Ethanol,1,100.0,12.5,12.5,87.5,87.5,0.9996316432952881
XTR-GAPS-H1-C5,C5,609,2,2,Ethylene,1,112.5,12.5,12.5,100.0,100.0,0.9994102716445923
XTR-GAPS-H1-C5,C5,610,0,0,Ethanol,1,112.5,12.5,12.5,100.0,100.0,0.9996318817138672
XTR-GAPS-H1-C5,C5,611,3,3,Methane,1,125.0,132.90095526610116,132.90095526610116,7.900955266101164,7.900955266101164,0.9999949932098389
XTR-GAPS-H1-C5,C5,612,1,1,CO,1,175.0,250.0,250.0,75.0,75.0,0.9992818236351013
XTR-GAPS-H1-C5,C5,613,2,2,Ethylene,1,37.5,12.5,12.5,25.0,25.0,0.9982036352157593
XTR-GAPS-H1-C5,C5,614,3,3,Methane,1,150.0,152.12137889471524,152.12137889471524,2.121378894715235,2.121378894715235,0.9999949932098389
XTR-GAPS-H1-C5,C5,615,0,0,Ethanol,1,125.0,12.5,12.5,112.5,112.5,0.9996199607849121
XTR-GAPS-H1-C5,C5,616,1,1,CO,1,100.0,206.322953922026,206.322953922026,106.32295392202599,106.32295392202599,0.9994162321090698
XTR-GAPS-H1-C5,C5,617,1,1,CO,1,150.0,250.0,250.0,100.0,100.0,0.9957349300384521
XTR-GAPS-H1-C5,C5,618,0,0,Ethanol,1,25.0,12.5,12.5,12.5,12.5,0.9996107220649719
XTR-GAPS-H1-C5,C5,619,2,2,Ethylene,1,37.5,12.5,12.5,25.0,25.0,0.9991403818130493
XTR-GAPS-H1-C5,C5,620,0,0,Ethanol,1,50.0,12.5,12.5,37.5,37.5,0.9996275901794434
XTR-GAPS-H1-C5,C5,621,2,2,Ethylene,1,125.0,12.5,12.5,112.5,112.5,0.9984470009803772
XTR-GAPS-H1-C5,C5,622,3,3,Methane,1,175.0,154.72892508475866,154.72892508475866,20.271074915241343,20.271074915241343,0.9999949932098389
XTR-GAPS-H1-C5,C5,623,1,1,CO,1,200.0,250.0,250.0,50.0,50.0,0.999531626701355
XTR-GAPS-H1-C5,C5,624,1,1,CO,1,150.0,250.0,250.0,100.0,100.0,0.9969315528869629
XTR-GAPS-H1-C5,C5,625,1,1,CO,1,175.0,250.0,250.0,75.0,75.0,0.9990443587303162
XTR-GAPS-H1-C5,C5,626,0,0,Ethanol,1,125.0,12.5,12.5,112.5,112.5,0.9996236562728882
XTR-GAPS-H1-C5,C5,627,1,1,CO,1,125.0,250.0,250.0,125.0,125.0,0.999301552772522
XTR-GAPS-H1-C5,C5,628,3,3,Methane,1,75.0,79.58549120158938,79.58549120158938,4.585491201589377,4.585491201589377,0.9999949932098389
XTR-GAPS-H1-C5,C5,629,2,2,Ethylene,1,100.0,12.5,12.5,87.5,87.5,0.9906031489372253
XTR-GAPS-H1-C5,C5,630,0,0,Ethanol,1,75.0,12.5,12.5,62.5,62.5,0.9996447563171387
XTR-GAPS-H1-C5,C5,631,2,2,Ethylene,1,12.5,12.5,12.5,0.0,0.0,0.9971175193786621
XTR-GAPS-H1-C5,C5,632,2,2,Ethylene,1,112.5,12.5,12.5,100.0,100.0,0.9995098114013672
XTR-GAPS-H1-C5,C5,633,1,1,CO,1,50.0,25.0,25.0,25.0,25.0,0.99919193983078
XTR-GAPS-H1-C5,C5,634,0,0,Ethanol,1,50.0,12.5,12.5,37.5,37.5,0.9996204376220703
XTR-GAPS-H1-C5,C5,635,3,3,Methane,1,125.0,130.46799047993056,130.46799047993056,5.467990479930563,5.467990479930563,0.9999949932098389
XTR-GAPS-H1-C5,C5,636,0,0,Ethanol,1,75.0,12.5,12.5,62.5,62.5,0.999637246131897
XTR-GAPS-H1-C5,C5,637,1,1,CO,1,175.0,250.0,250.0,75.0,75.0,0.9986176490783691
XTR-GAPS-H1-C5,C5,638,0,0,Ethanol,1,62.5,12.5,12.5,50.0,50.0,0.9996286630630493
XTR-GAPS-H1-C5,C5,639,0,0,Ethanol,1,12.5,12.5,12.5,0.0,0.0,0.9996111989021301
XTR-GAPS-H1-C5,C5,640,3,3,Methane,1,50.0,54.4716333086418,54.4716333086418,4.471633308641799,4.471633308641799,0.9999948740005493
XTR-GAPS-H1-C5,C5,641,1,1,CO,1,175.0,250.0,250.0,75.0,75.0,0.9992535710334778
XTR-GAPS-H1-C5,C5,642,2,2,Ethylene,1,50.0,12.5,12.5,37.5,37.5,0.9987175464630127
XTR-GAPS-H1-C5,C5,643,2,2,Ethylene,1,25.0,12.5,12.5,12.5,12.5,0.9990894794464111
XTR-GAPS-H1-C5,C5,644,3,3,Methane,1,225.0,203.54544848992998,203.54544848992998,21.45455151007002,21.45455151007002,0.9999949932098389
XTR-GAPS-H1-C5,C5,645,1,1,CO,1,125.0,99.27324851233021,99.27324851233021,25.726751487669787,25.726751487669787,0.9992850422859192
XTR-GAPS-H1-C5,C5,646,1,1,CO,1,25.0,101.32835635597854,101.32835635597854,76.32835635597854,76.32835635597854,0.9990158081054688
XTR-GAPS-H1-C5,C5,647,0,0,Ethanol,1,12.5,12.5,12.5,0.0,0.0,0.9997285008430481
XTR-GAPS-H1-C5,C5,648,0,0,Ethanol,1,37.5,12.5,12.5,25.0,25.0,0.9995967745780945
XTR-GAPS-H1-C5,C5,649,1,1,CO,1,200.0,250.0,250.0,50.0,50.0,0.9991739392280579
XTR-GAPS-H1-C5,C5,650,1,1,CO,1,50.0,168.41803298336293,168.41803298336293,118.41803298336293,118.41803298336293,0.9970971345901489
XTR-GAPS-H1-C5,C5,651,1,1,CO,1,150.0,250.0,250.0,100.0,100.0,0.9989506006240845
XTR-GAPS-H1-C5,C5,652,1,1,CO,1,125.0,250.0,250.0,125.0,125.0,0.992717981338501
XTR-GAPS-H1-C5,C5,653,0,0,Ethanol,1,62.5,12.5,12.5,50.0,50.0,0.9996405839920044
XTR-GAPS-H1-C5,C5,654,1,1,CO,1,75.0,180.53213895642284,180.53213895642284,105.53213895642284,105.53213895642284,0.9991173148155212
XTR-GAPS-H1-C5,C5,655,3,3,Methane,1,250.0,237.34726656652788,237.34726656652788,12.652733433472122,12.652733433472122,0.9999949932098389
XTR-GAPS-H1-C5,C5,656,3,3,Methane,1,175.0,167.62134121996235,167.62134121996235,7.378658780037654,7.378658780037654,0.9999949932098389
XTR-GAPS-H1-C5,C5,657,1,1,CO,1,200.0,250.0,250.0,50.0,50.0,0.9989303946495056
XTR-GAPS-H1-C5,C5,658,0,0,Ethanol,1,62.5,12.5,12.5,50.0,50.0,0.9996113181114197
XTR-GAPS-H1-C5,C5,659,2,2,Ethylene,1,25.0,12.5,12.5,12.5,12.5,0.9992984533309937
XTR-GAPS-H1-C5,C5,660,3,3,Methane,1,75.0,75.70138463892602,75.70138463892602,0.7013846389260152,0.7013846389260152,0.9999948740005493
XTR-GAPS-H1-C5,C5,661,0,0,Ethanol,1,112.5,12.5,12.5,100.0,100.0,0.9996346235275269
XTR-GAPS-H1-C5,C5,662,0,0,Ethanol,1,100.0,12.5,12.5,87.5,87.5,0.999627947807312
XTR-GAPS-H1-C5,C5,663,3,3,Methane,1,25.0,25.0,25.0,0.0,0.0,0.9999948740005493
XTR-GAPS-H1-C5,C5,664,0,0,Ethanol,1,87.5,12.5,12.5,75.0,75.0,0.999607503414154
XTR-GAPS-H1-C5,C5,665,2,2,Ethylene,1,12.5,12.5,12.5,0.0,0.0,0.9993626475334167
XTR-GAPS-H1-C5,C5,666,3,3,Methane,1,175.0,166.5562575716899,166.5562575716899,8.443742428310088,8.443742428310088,0.9999946355819702
XTR-GAPS-H1-C5,C5,667,3,3,Methane,1,25.0,25.0,25.0,0.0,0.0,0.9999951124191284
XTR-GAPS-H1-C5,C5,668,2,2,Ethylene,1,87.5,12.5,12.5,75.0,75.0,0.9992824196815491
XTR-GAPS-H1-C5,C5,669,0,0,Ethanol,1,62.5,12.5,12.5,50.0,50.0,0.9996333122253418
XTR-GAPS-H1-C5,C5,670,2,2,Ethylene,1,112.5,12.5,12.5,100.0,100.0,0.9992986917495728
XTR-GAPS-H1-C5,C5,671,2,2,Ethylene,1,87.5,12.5,12.5,75.0,75.0,0.9988982677459717
XTR-GAPS-H1-C5,C5,672,0,0,Ethanol,1,37.5,12.5,12.5,25.0,25.0,0.9996057152748108
XTR-GAPS-H1-C5,C5,673,1,1,CO,1,250.0,250.0,250.0,0.0,0.0,0.9986918568611145
XTR-GAPS-H1-C5,C5,674,2,2,Ethylene,1,75.0,12.5,12.5,62.5,62.5,0.9993764758110046
XTR-GAPS-H1-C5,C5,675,2,2,Ethylene,1,125.0,12.5,12.5,112.5,112.5,0.9988170862197876
XTR-GAPS-H1-C5,C5,676,3,3,Methane,1,225.0,200.28730702122562,200.28730702122562,24.712692978774385,24.712692978774385,0.9999949932098389
XTR-GAPS-H1-C5,C5,677,2,2,Ethylene,1,125.0,12.5,12.5,112.5,112.5,0.9996975660324097
XTR-GAPS-H1-C5,C5,678,0,0,Ethanol,1,125.0,12.5,12.5,112.5,112.5,0.9996241331100464
XTR-GAPS-H1-C5,C5,679,2,2,Ethylene,1,87.5,12.5,12.5,75.0,75.0,0.9984411597251892
XTR-GAPS-H1-C5,C5,680,1,1,CO,1,150.0,216.14358618034782,216.14358618034782,66.14358618034782,66.14358618034782,0.9988043308258057
XTR-GAPS-H1-C5,C5,681,2,2,Ethylene,1,50.0,12.5,12.5,37.5,37.5,0.9982302784919739
XTR-GAPS-H1-C5,C5,682,2,2,Ethylene,1,25.0,12.5,12.5,12.5,12.5,0.9983100891113281
XTR-GAPS-H1-C5,C5,683,1,1,CO,1,125.0,250.0,250.0,125.0,125.0,0.99888676404953
XTR-GAPS-H1-C5,C5,684,2,1,Ethylene,0,87.5,25.04201148252031,12.5,62.45798851747969,75.0,0.9970857501029968
XTR-GAPS-H1-C5,C5,685,2,2,Ethylene,1,75.0,12.5,12.5,62.5,62.5,0.9990957975387573
XTR-GAPS-H1-C5,C5,686,0,0,Ethanol,1,25.0,12.5,12.5,12.5,12.5,0.9996926784515381
XTR-GAPS-H1-C5,C5,687,3,3,Methane,1,75.0,84.29642396947025,84.29642396947025,9.296423969470254,9.296423969470254,0.9999948740005493
XTR-GAPS-H1-C5,C5,688,2,2,Ethylene,1,125.0,12.5,12.5,112.5,112.5,0.9958764314651489
XTR-GAPS-H1-C5,C5,689,0,0,Ethanol,1,112.5,12.5,12.5,100.0,100.0,0.9996485710144043
XTR-GAPS-H1-C5,C5,690,1,1,CO,1,225.0,250.0,250.0,25.0,25.0,0.9990272521972656
XTR-GAPS-H1-C5,C5,691,2,2,Ethylene,1,75.0,12.5,12.5,62.5,62.5,0.9996248483657837
XTR-GAPS-H1-C5,C5,692,2,2,Ethylene,1,62.5,12.5,12.5,50.0,50.0,0.9988828301429749
XTR-GAPS-H1-C5,C5,693,1,1,CO,1,175.0,250.0,250.0,75.0,75.0,0.9988012313842773
XTR-GAPS-H1-C5,C5,694,1,1,CO,1,25.0,140.28724905880924,140.28724905880924,115.28724905880924,115.28724905880924,0.9970723390579224
XTR-GAPS-H1-C5,C5,695,1,1,CO,1,200.0,250.0,250.0,50.0,50.0,0.9986317753791809
XTR-GAPS-H1-C5,C5,696,1,1,CO,1,100.0,250.0,250.0,150.0,150.0,0.9992408752441406
XTR-GAPS-H1-C5,C5,697,3,3,Methane,1,175.0,174.09110084794685,174.09110084794685,0.9088991520531522,0.9088991520531522,0.9999949932098389
XTR-GAPS-H1-C5,C5,698,1,1,CO,1,50.0,163.2164675239195,163.2164675239195,113.2164675239195,113.2164675239195,0.999250590801239
XTR-GAPS-H1-C5,C5,699,2,2,Ethylene,1,100.0,12.5,12.5,87.5,87.5,0.9989691972732544
XTR-GAPS-H1-C5,C5,700,1,1,CO,1,125.0,250.0,250.0,125.0,125.0,0.9995038509368896
XTR-GAPS-H1-C5,C5,701,2,2,Ethylene,1,12.5,12.5,12.5,0.0,0.0,0.998945415019989
XTR-GAPS-H1-C5,C5,702,1,1,CO,1,150.0,250.0,250.0,100.0,100.0,0.9993280172348022
XTR-GAPS-H1-C5,C5,703,2,2,Ethylene,1,75.0,12.5,12.5,62.5,62.5,0.9994433522224426
XTR-GAPS-H1-C5,C5,704,2,2,Ethylene,1,100.0,12.5,12.5,87.5,87.5,0.9995450377464294
XTR-GAPS-H1-C5,C5,705,2,3,Ethylene,0,87.5,250.0,12.5,162.5,75.0,0.9954402446746826
XTR-GAPS-H1-C5,C5,706,3,3,Methane,1,25.0,25.0,25.0,0.0,0.0,0.9999951124191284
XTR-GAPS-H1-C5,C5,707,1,1,CO,1,50.0,104.89646986248766,104.89646986248766,54.89646986248766,54.89646986248766,0.9994876384735107
XTR-GAPS-H1-C5,C5,708,1,1,CO,1,100.0,250.0,250.0,150.0,150.0,0.9995768666267395
XTR-GAPS-H1-C5,C5,709,2,2,Ethylene,1,125.0,12.5,12.5,112.5,112.5,0.9997336268424988
XTR-GAPS-H1-C5,C5,710,0,0,Ethanol,1,62.5,12.5,12.5,50.0,50.0,0.9996529817581177
XTR-GAPS-H1-C5,C5,711,0,0,Ethanol,1,50.0,12.5,12.5,37.5,37.5,0.9996844530105591
XTR-GAPS-H1-C5,C5,712,2,2,Ethylene,1,112.5,12.5,12.5,100.0,100.0,0.9996669292449951
XTR-GAPS-H1-C5,C5,713,2,2,Ethylene,1,12.5,12.5,12.5,0.0,0.0,0.9981392621994019
XTR-GAPS-H1-C5,C5,714,3,3,Methane,1,75.0,80.8073215643409,80.8073215643409,5.807321564340896,5.807321564340896,0.9999948740005493
XTR-GAPS-H1-C5,C5,715,0,2,Ethanol,0,12.5,12.5,12.5,0.0,0.0,0.994560182094574
XTR-GAPS-H1-C5,C5,716,0,0,Ethanol,1,112.5,12.5,12.5,100.0,100.0,0.9996275901794434
XTR-GAPS-H1-C5,C5,717,2,2,Ethylene,1,87.5,12.5,12.5,75.0,75.0,0.9957236051559448
XTR-GAPS-H1-C5,C5,718,2,1,Ethylene,0,87.5,57.01780241228215,12.5,30.48219758771785,75.0,0.92690110206604
XTR-GAPS-H1-C5,C5,719,1,1,CO,1,25.0,102.05248589618998,102.05248589618998,77.05248589618998,77.05248589618998,0.9991795420646667
XTR-GAPS-H1-C5,C5,720,2,2,Ethylene,1,112.5,12.5,12.5,100.0,100.0,0.9995734095573425
XTR-GAPS-H1-C5,C5,721,2,2,Ethylene,1,25.0,12.5,12.5,12.5,12.5,0.999195396900177
XTR-GAPS-H1-C5,C5,722,2,2,Ethylene,1,62.5,12.5,12.5,50.0,50.0,0.9992606043815613
XTR-GAPS-H1-C5,C5,723,3,3,Methane,1,50.0,58.215957975081494,58.215957975081494,8.215957975081494,8.215957975081494,0.9999948740005493
XTR-GAPS-H1-C5,C5,724,3,3,Methane,1,250.0,196.19239977244115,196.19239977244115,53.80760022755885,53.80760022755885,0.9999878406524658
XTR-GAPS-H1-C5,C5,725,0,0,Ethanol,1,87.5,12.5,12.5,75.0,75.0,0.9993595480918884
XTR-GAPS-H1-C5,C5,726,2,2,Ethylene,1,25.0,12.5,12.5,12.5,12.5,0.9994823932647705
XTR-GAPS-H1-C5,C5,727,0,0,Ethanol,1,12.5,12.5,12.5,0.0,0.0,0.9997448325157166
XTR-GAPS-H1-C5,C5,728,2,2,Ethylene,1,25.0,12.5,12.5,12.5,12.5,0.9994730353355408
XTR-GAPS-H1-C5,C5,729,0,0,Ethanol,1,75.0,12.5,12.5,62.5,62.5,0.9996298551559448
XTR-GAPS-H1-C5,C5,730,3,3,Methane,1,125.0,250.0,250.0,125.0,125.0,0.9601803421974182
XTR-GAPS-H1-C5,C5,731,0,0,Ethanol,1,12.5,12.5,12.5,0.0,0.0,0.9995996356010437
XTR-GAPS-H1-C5,C5,732,0,0,Ethanol,1,12.5,12.5,12.5,0.0,0.0,0.9996021389961243
XTR-GAPS-H1-C5,C5,733,0,0,Ethanol,1,50.0,12.5,12.5,37.5,37.5,0.9996142387390137
XTR-GAPS-H1-C5,C5,734,3,3,Methane,1,175.0,169.9162034964902,169.9162034964902,5.083796503509802,5.083796503509802,0.9999949932098389
XTR-GAPS-H1-C5,C5,735,3,3,Methane,1,150.0,155.1933596398089,155.1933596398089,5.193359639808904,5.193359639808904,0.9999949932098389
XTR-GAPS-H1-C5,C5,736,3,3,Methane,1,225.0,25.0,25.0,200.0,200.0,0.9999943971633911
XTR-GAPS-H1-C5,C5,737,1,1,CO,1,50.0,103.14779245127454,103.14779245127454,53.14779245127454,53.14779245127454,0.999546468257904
XTR-GAPS-H1-C5,C5,738,3,3,Methane,1,125.0,111.44354007873741,111.44354007873741,13.556459921262586,13.556459921262586,0.9999948740005493
XTR-GAPS-H1-C5,C5,739,0,0,Ethanol,1,87.5,12.5,12.5,75.0,75.0,0.99964439868927
XTR-GAPS-H1-C5,C5,740,3,3,Methane,1,200.0,167.96150936535844,167.96150936535844,32.03849063464156,32.03849063464156,0.9999949932098389
XTR-GAPS-H1-C5,C5,741,0,0,Ethanol,1,50.0,12.5,12.5,37.5,37.5,0.9996131062507629
XTR-GAPS-H1-C5,C5,742,3,3,Methane,1,225.0,205.05966163031223,205.05966163031223,19.940338369687765,19.940338369687765,0.9999949932098389
XTR-GAPS-H1-C5,C5,743,3,3,Methane,1,50.0,61.31561348297191,61.31561348297191,11.315613482971912,11.315613482971912,0.9999949932098389
XTR-GAPS-H1-C5,C5,744,1,1,CO,1,150.0,250.0,250.0,100.0,100.0,0.9994656443595886
XTR-GAPS-H1-C5,C5,745,1,1,CO,1,225.0,250.0,250.0,25.0,25.0,0.9990542531013489
XTR-GAPS-H1-C5,C5,746,2,2,Ethylene,1,12.5,12.5,12.5,0.0,0.0,0.9879992008209229
XTR-GAPS-H1-C5,C5,747,3,3,Methane,1,100.0,115.35559705467669,115.35559705467669,15.355597054676693,15.355597054676693,0.9999949932098389
XTR-GAPS-H1-C5,C5,748,0,0,Ethanol,1,25.0,12.5,12.5,12.5,12.5,0.9996209144592285
XTR-GAPS-H1-C5,C5,749,2,2,Ethylene,1,125.0,12.5,12.5,112.5,112.5,0.9995952248573303
XTR-GAPS-H1-C5,C5,750,3,3,Methane,1,150.0,153.06714575970904,153.06714575970904,3.0671457597090352,3.0671457597090352,0.9999949932098389
XTR-GAPS-H1-C5,C5,751,1,1,CO,1,150.0,250.0,250.0,100.0,100.0,0.9988563060760498
XTR-GAPS-H1-C5,C5,752,3,3,Methane,1,50.0,41.708216607350096,41.708216607350096,8.291783392649904,8.291783392649904,0.9999938011169434
XTR-GAPS-H1-C5,C5,753,0,0,Ethanol,1,112.5,12.5,12.5,100.0,100.0,0.9996181726455688
XTR-GAPS-H1-C5,C5,754,3,3,Methane,1,125.0,250.0,250.0,125.0,125.0,0.9984789490699768
XTR-GAPS-H1-C5,C5,755,1,1,CO,1,100.0,206.70269412895595,206.70269412895595,106.70269412895595,106.70269412895595,0.9989768266677856
XTR-GAPS-H1-C5,C5,756,1,1,CO,1,125.0,250.0,250.0,125.0,125.0,0.998824417591095
XTR-GAPS-H1-C5,C5,757,1,1,CO,1,100.0,250.0,250.0,150.0,150.0,0.9993435740470886
XTR-GAPS-H1-C5,C5,758,2,2,Ethylene,1,25.0,12.5,12.5,12.5,12.5,0.999248206615448
XTR-GAPS-H1-C5,C5,759,2,1,Ethylene,0,87.5,25.0,12.5,62.5,75.0,0.8172926306724548
XTR-GAPS-H1-C5,C5,760,1,1,CO,1,200.0,250.0,250.0,50.0,50.0,0.9957898259162903
XTR-GAPS-H1-C5,C5,761,3,3,Methane,1,175.0,171.41726163802844,171.41726163802844,3.5827383619715647,3.5827383619715647,0.9999949932098389
XTR-GAPS-H1-C5,C5,762,2,2,Ethylene,1,112.5,12.5,12.5,100.0,100.0,0.9991859793663025
XTR-GAPS-H1-C5,C5,763,3,3,Methane,1,250.0,243.5869617673859,243.5869617673859,6.413038232614099,6.413038232614099,0.9999951124191284
XTR-GAPS-H1-C5,C5,764,1,1,CO,1,175.0,250.0,250.0,75.0,75.0,0.9989737272262573
XTR-GAPS-H1-C5,C5,765,3,3,Methane,1,200.0,186.08607401620964,186.08607401620964,13.913925983790364,13.913925983790364,0.9999946355819702
XTR-GAPS-H1-C5,C5,766,3,3,Methane,1,75.0,36.532165531773785,36.532165531773785,38.467834468226215,38.467834468226215,0.9999951124191284
XTR-GAPS-H1-C5,C5,767,0,0,Ethanol,1,125.0,12.5,12.5,112.5,112.5,0.9996240139007568
XTR-GAPS-H1-C5,C5,768,2,2,Ethylene,1,75.0,12.5,12.5,62.5,62.5,0.9995043277740479
XTR-GAPS-H1-C5,C5,769,1,1,CO,1,75.0,221.64196744226257,221.64196744226257,146.64196744226257,146.64196744226257,0.9994018077850342
XTR-GAPS-H1-C5,C5,770,1,1,CO,1,125.0,247.78539314438018,247.78539314438018,122.78539314438018,122.78539314438018,0.9992838501930237
XTR-GAPS-H1-C5,C5,771,2,2,Ethylene,1,125.0,12.5,12.5,112.5,112.5,0.9965699911117554
XTR-GAPS-H1-C5,C5,772,0,0,Ethanol,1,50.0,12.5,12.5,37.5,37.5,0.9996349811553955
XTR-GAPS-H1-C5,C5,773,2,2,Ethylene,1,87.5,12.5,12.5,75.0,75.0,0.9995118379592896
XTR-GAPS-H1-C5,C5,774,3,3,Methane,1,225.0,25.0,25.0,200.0,200.0,0.9999946355819702
XTR-GAPS-H1-C5,C5,775,3,3,Methane,1,250.0,169.6964375112682,169.6964375112682,80.30356248873181,80.30356248873181,0.9999947547912598
XTR-GAPS-H1-C5,C5,776,0,0,Ethanol,1,87.5,12.5,12.5,75.0,75.0,0.9996190071105957
XTR-GAPS-H1-C5,C5,777,3,3,Methane,1,150.0,151.426526380692,151.426526380692,1.426526380691996,1.426526380691996,0.9999949932098389
XTR-GAPS-H1-C5,C5,778,1,1,CO,1,50.0,153.94440837991982,153.94440837991982,103.94440837991982,103.94440837991982,0.9974772334098816
XTR-GAPS-H1-C5,C5,779,1,1,CO,1,125.0,86.26331851812989,86.26331851812989,38.73668148187011,38.73668148187011,0.998458743095398
XTR-GAPS-H1-C5,C5,780,1,1,CO,1,200.0,250.0,250.0,50.0,50.0,0.9985188841819763
XTR-GAPS-H1-C5,C5,781,1,1,CO,1,50.0,119.54579732431182,119.54579732431182,69.54579732431182,69.54579732431182,0.9995222091674805
XTR-GAPS-H1-C5,C5,782,2,2,Ethylene,1,50.0,12.5,12.5,37.5,37.5,0.998581051826477
XTR-GAPS-H1-C5,C5,783,3,3,Methane,1,125.0,154.22391526440913,154.22391526440913,29.22391526440913,29.22391526440913,0.9999949932098389
XTR-GAPS-H1-C5,C5,784,0,0,Ethanol,1,87.5,12.5,12.5,75.0,75.0,0.9996416568756104
XTR-GAPS-H1-C5,C5,785,2,2,Ethylene,1,75.0,12.5,12.5,62.5,62.5,0.9990874528884888
XTR-GAPS-H1-C5,C5,786,2,2,Ethylene,1,50.0,12.5,12.5,37.5,37.5,0.9986371397972107
XTR-GAPS-H1-C5,C5,787,1,1,CO,1,150.0,250.0,250.0,100.0,100.0,0.9981619715690613
XTR-GAPS-H1-C5,C5,788,0,0,Ethanol,1,12.5,12.5,12.5,0.0,0.0,0.9996098875999451
XTR-GAPS-H1-C5,C5,789,0,0,Ethanol,1,100.0,12.5,12.5,87.5,87.5,0.999625563621521
XTR-GAPS-H1-C5,C5,790,0,0,Ethanol,1,50.0,12.5,12.5,37.5,37.5,0.9996121525764465
XTR-GAPS-H1-C5,C5,791,1,1,CO,1,150.0,250.0,250.0,100.0,100.0,0.9993300437927246
XTR-GAPS-H1-C5,C5,792,2,2,Ethylene,1,87.5,12.5,12.5,75.0,75.0,0.9992138147354126
XTR-GAPS-H1-C5,C5,793,1,1,CO,1,125.0,250.0,250.0,125.0,125.0,0.9991722106933594
XTR-GAPS-H1-C5,C5,794,0,0,Ethanol,1,87.5,125.0,125.0,37.5,37.5,0.9996538162231445
XTR-GAPS-H1-C5,C5,795,0,2,Ethanol,0,12.5,12.5,12.5,0.0,0.0,0.8034205436706543
XTR-GAPS-H1-C5,C5,796,2,2,Ethylene,1,75.0,12.5,12.5,62.5,62.5,0.99864262342453
XTR-GAPS-H1-C5,C5,797,0,0,Ethanol,1,62.5,12.5,12.5,50.0,50.0,0.9996172189712524
XTR-GAPS-H1-C5,C5,798,2,2,Ethylene,1,112.5,12.5,12.5,100.0,100.0,0.9992052912712097
XTR-GAPS-H1-C5,C5,799,2,2,Ethylene,1,75.0,12.5,12.5,62.5,62.5,0.9994364380836487
XTR-GAPS-H1-C5,C5,800,0,0,Ethanol,1,62.5,12.5,12.5,50.0,50.0,0.9996278285980225
XTR-GAPS-H1-C5,C5,801,1,1,CO,1,175.0,250.0,250.0,75.0,75.0,0.9982299208641052
XTR-GAPS-H1-C5,C5,802,0,0,Ethanol,1,100.0,12.5,12.5,87.5,87.5,0.9996514320373535
XTR-GAPS-H1-C5,C5,803,3,3,Methane,1,175.0,161.1978595604109,161.1978595604109,13.802140439589095,13.802140439589095,0.9999949932098389
XTR-GAPS-H1-C5,C5,804,2,2,Ethylene,1,125.0,12.5,12.5,112.5,112.5,0.9995585083961487
XTR-GAPS-H1-C5,C5,805,2,2,Ethylene,1,50.0,12.5,12.5,37.5,37.5,0.9990409016609192
XTR-GAPS-H1-C5,C5,806,3,3,Methane,1,100.0,103.47565665454825,103.47565665454825,3.4756566545482457,3.4756566545482457,0.9999949932098389
XTR-GAPS-H1-C5,C5,807,2,2,Ethylene,1,62.5,12.5,12.5,50.0,50.0,0.9994847774505615
XTR-GAPS-H1-C5,C5,808,3,3,Methane,1,25.0,25.0,25.0,0.0,0.0,0.9999951124191284
XTR-GAPS-H1-C5,C5,809,3,3,Methane,1,150.0,144.9373947084797,144.9373947084797,5.062605291520299,5.062605291520299,0.9999949932098389
XTR-GAPS-H1-C5,C5,810,2,2,Ethylene,1,25.0,12.5,12.5,12.5,12.5,0.9989245533943176
XTR-GAPS-H1-C5,C5,811,1,1,CO,1,175.0,250.0,250.0,75.0,75.0,0.9985686540603638
XTR-GAPS-H1-C5,C5,812,3,3,Methane,1,175.0,179.34390097799132,179.34390097799132,4.343900977991325,4.343900977991325,0.9999949932098389
XTR-GAPS-H1-C5,C5,813,0,0,Ethanol,1,87.5,12.5,12.5,75.0,75.0,0.999626636505127
XTR-GAPS-H1-C5,C5,814,0,0,Ethanol,1,112.5,12.5,12.5,100.0,100.0,0.9996267557144165
XTR-GAPS-H1-C5,C5,815,0,0,Ethanol,1,37.5,12.5,12.5,25.0,25.0,0.9996248483657837
XTR-GAPS-H1-C5,C5,816,2,2,Ethylene,1,37.5,12.5,12.5,25.0,25.0,0.9987375140190125
XTR-GAPS-H1-C5,C5,817,3,3,Methane,1,25.0,25.0,25.0,0.0,0.0,0.9999951124191284
XTR-GAPS-H1-C5,C5,818,0,0,Ethanol,1,112.5,12.5,12.5,100.0,100.0,0.9996271133422852
XTR-GAPS-H1-C5,C5,819,2,2,Ethylene,1,125.0,12.5,12.5,112.5,112.5,0.998542308807373
XTR-GAPS-H1-C5,C5,820,0,0,Ethanol,1,87.5,12.5,12.5,75.0,75.0,0.9996155500411987
XTR-GAPS-H1-C5,C5,821,2,2,Ethylene,1,50.0,12.5,12.5,37.5,37.5,0.9988774657249451
XTR-GAPS-H1-C5,C5,822,2,2,Ethylene,1,87.5,12.5,12.5,75.0,75.0,0.9978491067886353
XTR-GAPS-H1-C5,C5,823,0,0,Ethanol,1,100.0,12.5,12.5,87.5,87.5,0.9996286630630493
XTR-GAPS-H1-C5,C5,824,0,0,Ethanol,1,12.5,12.5,12.5,0.0,0.0,0.9996101260185242
XTR-GAPS-H1-C5,C5,825,0,0,Ethanol,1,37.5,12.5,12.5,25.0,25.0,0.9996386766433716
XTR-GAPS-H1-C5,C5,826,1,1,CO,1,250.0,250.0,250.0,0.0,0.0,0.9987508058547974
XTR-GAPS-H1-C5,C5,827,0,0,Ethanol,1,112.5,12.5,12.5,100.0,100.0,0.9996623992919922
XTR-GAPS-H1-C5,C5,828,1,1,CO,1,175.0,250.0,250.0,75.0,75.0,0.998853325843811
XTR-GAPS-H1-C5,C5,829,2,2,Ethylene,1,75.0,12.5,12.5,62.5,62.5,0.9986158609390259
XTR-GAPS-H1-C5,C5,830,2,2,Ethylene,1,25.0,12.5,12.5,12.5,12.5,0.9973462820053101
XTR-GAPS-H1-C5,C5,831,0,0,Ethanol,1,125.0,12.5,12.5,112.5,112.5,0.9996364116668701
XTR-GAPS-H1-C5,C5,832,1,1,CO,1,175.0,250.0,250.0,75.0,75.0,0.9993637204170227
XTR-GAPS-H1-C5,C5,833,3,3,Methane,1,25.0,25.0,25.0,0.0,0.0,0.9999951124191284
XTR-GAPS-H1-C5,C5,834,2,2,Ethylene,1,75.0,12.5,12.5,62.5,62.5,0.9986246824264526
XTR-GAPS-H1-C5,C5,835,0,0,Ethanol,1,75.0,12.5,12.5,62.5,62.5,0.8030164837837219
XTR-GAPS-H1-C5,C5,836,3,3,Methane,1,25.0,25.0,25.0,0.0,0.0,0.9999949932098389
XTR-GAPS-H1-C5,C5,837,3,3,Methane,1,25.0,25.0,25.0,0.0,0.0,0.9999949932098389
XTR-GAPS-H1-C5,C5,838,1,1,CO,1,50.0,143.4365913815447,143.4365913815447,93.4365913815447,93.4365913815447,0.9996777772903442
XTR-GAPS-H1-C5,C5,839,2,2,Ethylene,1,75.0,12.5,12.5,62.5,62.5,0.9989798665046692
XTR-GAPS-H1-C5,C5,840,3,3,Methane,1,125.0,115.32442732645706,115.32442732645706,9.675572673542945,9.675572673542945,0.9999949932098389
XTR-GAPS-H1-C5,C5,841,2,2,Ethylene,1,112.5,12.5,12.5,100.0,100.0,0.999560534954071
XTR-GAPS-H1-C5,C5,842,1,1,CO,1,200.0,250.0,250.0,50.0,50.0,0.9975584745407104
XTR-GAPS-H1-C5,C5,843,1,1,CO,1,125.0,247.94935269053718,247.94935269053718,122.94935269053718,122.94935269053718,0.9990204572677612
XTR-GAPS-H1-C5,C5,844,1,1,CO,1,125.0,249.74843306593613,249.74843306593613,124.74843306593613,124.74843306593613,0.9989497065544128
XTR-GAPS-H1-C5,C5,845,1,1,CO,1,75.0,186.55152153806904,186.55152153806904,111.55152153806904,111.55152153806904,0.9994868040084839
XTR-GAPS-H1-C5,C5,846,2,2,Ethylene,1,75.0,12.5,12.5,62.5,62.5,0.9994937181472778
XTR-GAPS-H1-C5,C5,847,2,2,Ethylene,1,37.5,12.5,12.5,25.0,25.0,0.9991200566291809
XTR-GAPS-H1-C5,C5,848,1,1,CO,1,100.0,250.0,250.0,150.0,150.0,0.9993957281112671
XTR-GAPS-H1-C5,C5,849,2,2,Ethylene,1,100.0,12.5,12.5,87.5,87.5,0.999593198299408
XTR-GAPS-H1-C5,C5,850,0,0,Ethanol,1,25.0,12.5,12.5,12.5,12.5,0.9996412992477417
XTR-GAPS-H1-C5,C5,851,1,1,CO,1,75.0,186.33133753285694,186.33133753285694,111.33133753285694,111.33133753285694,0.9988190531730652
XTR-GAPS-H1-C5,C5,852,0,0,Ethanol,1,62.5,12.5,12.5,50.0,50.0,0.9996318817138672
XTR-GAPS-H1-C5,C5,853,1,1,CO,1,25.0,52.53270491110209,52.53270491110209,27.532704911102087,27.532704911102087,0.998602569103241
XTR-GAPS-H1-C5,C5,854,2,2,Ethylene,1,125.0,12.5,12.5,112.5,112.5,0.9997215867042542
XTR-GAPS-H1-C5,C5,855,0,0,Ethanol,1,50.0,12.5,12.5,37.5,37.5,0.9996174573898315
XTR-GAPS-H1-C5,C5,856,2,2,Ethylene,1,50.0,12.5,12.5,37.5,37.5,0.9988836646080017
XTR-GAPS-H1-C5,C5,857,0,0,Ethanol,1,25.0,12.5,12.5,12.5,12.5,0.999632716178894
XTR-GAPS-H1-C5,C5,858,1,1,CO,1,25.0,92.14336319717034,92.14336319717034,67.14336319717034,67.14336319717034,0.9983021020889282
XTR-GAPS-H1-C5,C5,859,1,1,CO,1,250.0,250.0,250.0,0.0,0.0,0.9987854361534119
XTR-GAPS-H1-C5,C5,860,1,1,CO,1,175.0,250.0,250.0,75.0,75.0,0.998696506023407
XTR-GAPS-H1-C5,C5,861,3,3,Methane,1,250.0,208.08245627792576,208.08245627792576,41.91754372207424,41.91754372207424,0.9999949932098389
XTR-GAPS-H1-C5,C5,862,3,3,Methane,1,200.0,197.21032145202184,197.21032145202184,2.7896785479781556,2.7896785479781556,0.9999949932098389
XTR-GAPS-H1-C5,C5,863,1,1,CO,1,250.0,250.0,250.0,0.0,0.0,0.9989897608757019
XTR-GAPS-H1-C5,C5,864,3,3,Methane,1,100.0,64.9708983040212,64.9708983040212,35.029101695978795,35.029101695978795,0.9999954700469971
XTR-GAPS-H1-C5,C5,865,1,1,CO,1,75.0,232.98658935649132,232.98658935649132,157.98658935649132,157.98658935649132,0.99747234582901
XTR-GAPS-H1-C5,C5,866,0,0,Ethanol,1,112.5,12.5,12.5,100.0,100.0,0.9996211528778076
XTR-GAPS-H1-C5,C5,867,2,2,Ethylene,1,25.0,12.5,12.5,12.5,12.5,0.9935763478279114
XTR-GAPS-H1-C5,C5,868,2,2,Ethylene,1,62.5,12.5,12.5,50.0,50.0,0.9988096952438354
XTR-GAPS-H1-C5,C5,869,1,1,CO,1,200.0,250.0,250.0,50.0,50.0,0.9991244673728943
XTR-GAPS-H1-C5,C5,870,3,3,Methane,1,25.0,25.0,25.0,0.0,0.0,0.9999947547912598
XTR-GAPS-H1-C5,C5,871,1,1,CO,1,125.0,250.0,250.0,125.0,125.0,0.9987767338752747
XTR-GAPS-H1-C5,C5,872,0,0,Ethanol,1,112.5,12.5,12.5,100.0,100.0,0.9996334314346313
XTR-GAPS-H1-C5,C5,873,1,1,CO,1,200.0,250.0,250.0,50.0,50.0,0.9991304278373718
XTR-GAPS-H1-C5,C5,874,2,2,Ethylene,1,87.5,12.5,12.5,75.0,75.0,0.9995284080505371
XTR-GAPS-H1-C5,C5,875,0,0,Ethanol,1,125.0,12.5,12.5,112.5,112.5,0.9996247291564941
XTR-GAPS-H1-C5,C5,876,3,3,Methane,1,25.0,25.0,25.0,0.0,0.0,0.9999949932098389
XTR-GAPS-H1-C5,C5,877,2,2,Ethylene,1,75.0,12.5,12.5,62.5,62.5,0.9992457628250122
XTR-GAPS-H1-C5,C5,878,1,1,CO,1,100.0,250.0,250.0,150.0,150.0,0.9992903470993042
XTR-GAPS-H1-C5,C5,879,1,1,CO,1,25.0,49.93817203745169,49.93817203745169,24.938172037451693,24.938172037451693,0.9992597699165344
XTR-GAPS-H1-C5,C5,880,0,2,Ethanol,0,50.0,12.5,12.5,37.5,37.5,0.9995023012161255
XTR-GAPS-H1-C5,C5,881,1,1,CO,1,75.0,199.08390028855763,199.08390028855763,124.08390028855763,124.08390028855763,0.9993221759796143
XTR-GAPS-H1-C5,C5,882,0,0,Ethanol,1,75.0,12.5,12.5,62.5,62.5,0.9996260404586792
XTR-GAPS-H1-C5,C5,883,2,2,Ethylene,1,37.5,12.5,12.5,25.0,25.0,0.9988627433776855
XTR-GAPS-H1-C5,C5,884,1,1,CO,1,100.0,204.1389780343016,204.1389780343016,104.1389780343016,104.1389780343016,0.9991733431816101
XTR-GAPS-H1-C5,C5,885,0,0,Ethanol,1,50.0,12.5,12.5,37.5,37.5,0.9996316432952881
XTR-GAPS-H1-C5,C5,886,3,3,Methane,1,25.0,25.0,25.0,0.0,0.0,0.9999949932098389
XTR-GAPS-H1-C5,C5,887,2,2,Ethylene,1,75.0,12.5,12.5,62.5,62.5,0.9990571141242981
XTR-GAPS-H1-C5,C5,888,0,0,Ethanol,1,125.0,12.5,12.5,112.5,112.5,0.9996260404586792
XTR-GAPS-H1-C5,C5,889,3,3,Methane,1,100.0,114.68274865295545,114.68274865295545,14.682748652955453,14.682748652955453,0.9999949932098389
XTR-GAPS-H1-C5,C5,890,3,3,Methane,1,200.0,165.1020335119852,165.1020335119852,34.89796648801479,34.89796648801479,0.9999949932098389
XTR-GAPS-H1-C5,C5,891,0,0,Ethanol,1,12.5,12.5,12.5,0.0,0.0,0.9996046423912048
XTR-GAPS-H1-C5,C5,892,2,2,Ethylene,1,37.5,12.5,12.5,25.0,25.0,0.9991328120231628
XTR-GAPS-H1-C5,C5,893,2,2,Ethylene,1,37.5,12.5,12.5,25.0,25.0,0.9989074468612671
XTR-GAPS-H1-C5,C5,894,1,1,CO,1,100.0,245.1485764311313,245.1485764311313,145.1485764311313,145.1485764311313,0.9989292025566101
XTR-GAPS-H1-C5,C5,895,0,0,Ethanol,1,100.0,12.5,12.5,87.5,87.5,0.9996308088302612
XTR-GAPS-H1-C5,C5,896,2,2,Ethylene,1,62.5,12.5,12.5,50.0,50.0,0.9989874958992004
XTR-GAPS-H1-C5,C5,897,0,0,Ethanol,1,25.0,12.5,12.5,12.5,12.5,0.9996210336685181
XTR-GAPS-H1-C5,C5,898,1,1,CO,1,175.0,250.0,250.0,75.0,75.0,0.9986981153488159
XTR-GAPS-H1-C5,C5,899,0,0,Ethanol,1,87.5,12.5,12.5,75.0,75.0,0.9996278285980225
XTR-GAPS-H1-C5,C5,900,2,2,Ethylene,1,12.5,12.5,12.5,0.0,0.0,0.9977754950523376
XTR-GAPS-H1-C5,C5,901,0,0,Ethanol,1,75.0,12.5,12.5,62.5,62.5,0.9996755123138428
XTR-GAPS-H1-C5,C5,902,2,2,Ethylene,1,100.0,12.5,12.5,87.5,87.5,0.99843829870224
XTR-GAPS-H1-C5,C5,903,2,2,Ethylene,1,100.0,12.5,12.5,87.5,87.5,0.999704897403717
XTR-GAPS-H1-C5,C5,904,0,0,Ethanol,1,125.0,12.5,12.5,112.5,112.5,0.9996316432952881
XTR-GAPS-H1-C5,C5,905,3,3,Methane,1,200.0,218.1550619740533,218.1550619740533,18.155061974053297,18.155061974053297,0.9999949932098389
XTR-GAPS-H1-C5,C5,906,2,2,Ethylene,1,50.0,12.5,12.5,37.5,37.5,0.9990684390068054
XTR-GAPS-H1-C5,C5,907,0,0,Ethanol,1,62.5,12.5,12.5,50.0,50.0,0.9996127486228943
XTR-GAPS-H1-C5,C5,908,0,0,Ethanol,1,62.5,12.5,12.5,50.0,50.0,0.9996472597122192
XTR-GAPS-H1-C5,C5,909,2,2,Ethylene,1,50.0,12.5,12.5,37.5,37.5,0.9973140358924866
XTR-GAPS-H1-C5,C5,910,0,0,Ethanol,1,50.0,12.5,12.5,37.5,37.5,0.9996067881584167
XTR-GAPS-H1-C5,C5,911,3,3,Methane,1,75.0,72.65672309249737,72.65672309249737,2.343276907502627,2.343276907502627,0.9999948740005493
XTR-GAPS-H1-C5,C5,912,3,3,Methane,1,125.0,150.89197762519206,150.89197762519206,25.891977625192055,25.891977625192055,0.9999949932098389
XTR-GAPS-H1-C5,C5,913,0,0,Ethanol,1,12.5,12.5,12.5,0.0,0.0,0.9995953440666199
XTR-GAPS-H1-C5,C5,914,1,1,CO,1,50.0,152.6828995575779,152.6828995575779,102.68289955757791,102.68289955757791,0.9994075298309326
XTR-GAPS-H1-C5,C5,915,1,1,CO,1,75.0,250.0,250.0,175.0,175.0,0.9981890320777893
XTR-GAPS-H1-C5,C5,916,3,3,Methane,1,100.0,115.975010970518,115.975010970518,15.975010970518,15.975010970518,0.9999949932098389
XTR-GAPS-H1-C5,C5,917,2,2,Ethylene,1,12.5,12.5,12.5,0.0,0.0,0.9988535642623901
XTR-GAPS-H1-C5,C5,918,1,1,CO,1,50.0,145.58243136780618,145.58243136780618,95.58243136780618,95.58243136780618,0.9981321692466736
XTR-GAPS-H1-C5,C5,919,2,2,Ethylene,1,100.0,12.5,12.5,87.5,87.5,0.9996383190155029
XTR-GAPS-H1-C5,C5,920,2,2,Ethylene,1,75.0,12.5,12.5,62.5,62.5,0.9993945360183716
XTR-GAPS-H1-C5,C5,921,1,1,CO,1,250.0,250.0,250.0,0.0,0.0,0.9981168508529663
XTR-GAPS-H1-C5,C5,922,3,3,Methane,1,100.0,105.14767618806745,105.14767618806745,5.14767618806745,5.14767618806745,0.9999949932098389
XTR-GAPS-H1-C5,C5,923,2,2,Ethylene,1,87.5,12.5,12.5,75.0,75.0,0.9987514019012451
XTR-GAPS-H1-C5,C5,924,3,3,Methane,1,100.0,111.7780081296865,111.7780081296865,11.778008129686498,11.778008129686498,0.9999949932098389
XTR-GAPS-H1-C5,C5,925,3,3,Methane,1,150.0,140.37264346647265,140.37264346647265,9.627356533527347,9.627356533527347,0.9999948740005493
XTR-GAPS-H1-C5,C5,926,3,3,Methane,1,200.0,225.02338497664522,225.02338497664522,25.023384976645218,25.023384976645218,0.999992847442627
XTR-GAPS-H1-C5,C5,927,2,2,Ethylene,1,112.5,12.5,12.5,100.0,100.0,0.9997267127037048
XTR-GAPS-H1-C5,C5,928,2,1,Ethylene,0,87.5,36.748619210291395,12.5,50.751380789708605,75.0,0.998492956161499
XTR-GAPS-H1-C5,C5,929,3,3,Methane,1,125.0,161.94657160911424,161.94657160911424,36.946571609114244,36.946571609114244,0.9999949932098389
XTR-GAPS-H1-C5,C5,930,0,0,Ethanol,1,87.5,12.5,12.5,75.0,75.0,0.9996333122253418
XTR-GAPS-H1-C5,C5,931,3,3,Methane,1,150.0,153.73911145735644,153.73911145735644,3.7391114573564437,3.7391114573564437,0.9999949932098389
XTR-GAPS-H1-C5,C5,932,2,2,Ethylene,1,112.5,12.5,12.5,100.0,100.0,0.999679684638977
XTR-GAPS-H1-C5,C5,933,3,3,Methane,1,250.0,214.53458572505815,214.53458572505815,35.46541427494185,35.46541427494185,0.9999949932098389
XTR-GAPS-H1-C5,C5,934,1,1,CO,1,100.0,211.36564229172637,211.36564229172637,111.36564229172637,111.36564229172637,0.9992341995239258
XTR-GAPS-H1-C5,C5,935,2,2,Ethylene,1,50.0,12.5,12.5,37.5,37.5,0.9987651109695435
XTR-GAPS-H1-C5,C5,936,0,0,Ethanol,1,75.0,12.5,12.5,62.5,62.5,0.9996211528778076
XTR-GAPS-H1-C5,C5,937,3,3,Methane,1,225.0,198.31622019183988,198.31622019183988,26.683779808160125,26.683779808160125,0.9999949932098389
XTR-GAPS-H1-C5,C5,938,2,2,Ethylene,1,112.5,12.5,12.5,100.0,100.0,0.9975020289421082
XTR-GAPS-H1-C5,C5,939,0,0,Ethanol,1,125.0,12.5,12.5,112.5,112.5,0.9996232986450195
XTR-GAPS-H1-C5,C5,940,2,2,Ethylene,1,87.5,12.5,12.5,75.0,75.0,0.9995450377464294
XTR-GAPS-H1-C5,C5,941,1,1,CO,1,225.0,250.0,250.0,25.0,25.0,0.9989621639251709
XTR-GAPS-H1-C5,C5,942,1,1,CO,1,175.0,117.98158229929095,117.98158229929095,57.01841770070905,57.01841770070905,0.9987401366233826
XTR-GAPS-H1-C5,C5,943,1,1,CO,1,175.0,250.0,250.0,75.0,75.0,0.9986529350280762
XTR-GAPS-H1-C5,C5,944,0,0,Ethanol,1,100.0,12.5,12.5,87.5,87.5,0.9996340274810791
XTR-GAPS-H1-C5,C5,945,1,1,CO,1,75.0,182.56601781681252,182.56601781681252,107.56601781681252,107.56601781681252,0.9993392825126648
XTR-GAPS-H1-C5,C5,946,2,2,Ethylene,1,125.0,12.5,12.5,112.5,112.5,0.9996737241744995
XTR-GAPS-H1-C5,C5,947,3,3,Methane,1,25.0,25.0,25.0,0.0,0.0,0.9999946355819702
XTR-GAPS-H1-C5,C5,948,2,2,Ethylene,1,75.0,12.5,12.5,62.5,62.5,0.999512791633606
XTR-GAPS-H1-C5,C5,949,3,3,Methane,1,50.0,48.135105957668884,48.135105957668884,1.864894042331116,1.864894042331116,0.9999948740005493
XTR-GAPS-H1-C5,C5,950,2,2,Ethylene,1,100.0,12.5,12.5,87.5,87.5,0.9992871880531311
XTR-GAPS-H1-C5,C5,951,2,2,Ethylene,1,50.0,12.5,12.5,37.5,37.5,0.9996209144592285
XTR-GAPS-H1-C5,C5,952,1,1,CO,1,125.0,159.4974675777251,159.4974675777251,34.497467577725104,34.497467577725104,0.999500036239624
XTR-GAPS-H1-C5,C5,953,1,1,CO,1,100.0,211.4696531013351,211.4696531013351,111.4696531013351,111.4696531013351,0.9994315505027771
XTR-GAPS-H1-C5,C5,954,3,3,Methane,1,200.0,217.2918582163386,217.2918582163386,17.291858216338596,17.291858216338596,0.9999949932098389
XTR-GAPS-H1-C5,C5,955,3,3,Methane,1,75.0,69.48483289499222,69.48483289499222,5.515167105007777,5.515167105007777,0.9999949932098389
XTR-GAPS-H1-C5,C5,956,0,0,Ethanol,1,75.0,12.5,12.5,62.5,62.5,0.999618411064148
XTR-GAPS-H1-C5,C5,957,3,3,Methane,1,200.0,200.6372413629856,200.6372413629856,0.6372413629856055,0.6372413629856055,0.9999951124191284
XTR-GAPS-H1-C5,C5,958,3,3,Methane,1,150.0,143.96125970948836,143.96125970948836,6.03874029051164,6.03874029051164,0.9999949932098389
XTR-GAPS-H1-C5,C5,959,1,1,CO,1,200.0,250.0,250.0,50.0,50.0,0.9989232420921326
XTR-GAPS-H1-C5,C5,960,0,0,Ethanol,1,25.0,12.5,12.5,12.5,12.5,0.9996101260185242
XTR-GAPS-H1-C5,C5,961,2,2,Ethylene,1,50.0,12.5,12.5,37.5,37.5,0.9996768236160278
XTR-GAPS-H1-C5,C5,962,0,0,Ethanol,1,62.5,12.5,12.5,50.0,50.0,0.9816012382507324
XTR-GAPS-H1-C5,C5,963,2,2,Ethylene,1,62.5,12.5,12.5,50.0,50.0,0.9992812275886536
XTR-GAPS-H1-C5,C5,964,1,1,CO,1,25.0,51.49795874631093,51.49795874631093,26.49795874631093,26.49795874631093,0.9996825456619263
XTR-GAPS-H1-C5,C5,965,3,3,Methane,1,25.0,25.0,25.0,0.0,0.0,0.9999949932098389
XTR-GAPS-H1-C5,C5,966,1,1,CO,1,150.0,250.0,250.0,100.0,100.0,0.9994574189186096
XTR-GAPS-H1-C5,C5,967,1,1,CO,1,225.0,250.0,250.0,25.0,25.0,0.9958575367927551
XTR-GAPS-H1-C5,C5,968,1,1,CO,1,25.0,108.89580502245241,108.89580502245241,83.89580502245241,83.89580502245241,0.9974879026412964
XTR-GAPS-H1-C5,C5,969,0,0,Ethanol,1,62.5,12.5,12.5,50.0,50.0,0.9996229410171509
XTR-GAPS-H1-C5,C5,970,3,3,Methane,1,50.0,40.05270777888586,40.05270777888586,9.94729222111414,9.94729222111414,0.9999946355819702
XTR-GAPS-H1-C5,C5,971,0,2,Ethanol,0,37.5,12.5,12.5,25.0,25.0,0.6502324342727661
XTR-GAPS-H1-C5,C5,972,1,1,CO,1,50.0,115.51776708872438,115.51776708872438,65.51776708872438,65.51776708872438,0.9995135068893433
XTR-GAPS-H1-C5,C5,973,0,0,Ethanol,1,50.0,12.5,12.5,37.5,37.5,0.9996113181114197
XTR-GAPS-H1-C5,C5,974,1,1,CO,1,150.0,250.0,250.0,100.0,100.0,0.9993589520454407
XTR-GAPS-H1-C5,C5,975,3,3,Methane,1,100.0,109.80384735305262,109.80384735305262,9.803847353052618,9.803847353052618,0.9999949932098389
XTR-GAPS-H1-C5,C5,976,0,0,Ethanol,1,112.5,12.5,12.5,100.0,100.0,0.9996315240859985
XTR-GAPS-H1-C5,C5,977,2,2,Ethylene,1,100.0,12.5,12.5,87.5,87.5,0.9994845390319824
XTR-GAPS-H1-C5,C5,978,0,0,Ethanol,1,12.5,12.5,12.5,0.0,0.0,0.9996029734611511
XTR-GAPS-H1-C5,C5,979,3,3,Methane,1,25.0,25.0,25.0,0.0,0.0,0.9999951124191284
XTR-GAPS-H1-C5,C5,980,1,1,CO,1,100.0,216.19609484949308,216.19609484949308,116.19609484949308,116.19609484949308,0.9993793964385986
XTR-GAPS-H1-C5,C5,981,3,3,Methane,1,50.0,51.37941499904605,51.37941499904605,1.3794149990460483,1.3794149990460483,0.9999948740005493
XTR-GAPS-H1-C5,C5,982,3,3,Methane,1,150.0,152.0518246874857,152.0518246874857,2.0518246874856914,2.0518246874856914,0.9999949932098389
XTR-GAPS-H1-C5,C5,983,3,3,Methane,1,75.0,70.06122144075732,70.06122144075732,4.938778559242678,4.938778559242678,0.9999948740005493
XTR-GAPS-H1-C5,C5,984,3,3,Methane,1,200.0,226.35150871006942,226.35150871006942,26.351508710069425,26.351508710069425,0.9999949932098389
XTR-GAPS-H1-C5,C5,985,2,2,Ethylene,1,37.5,12.5,12.5,25.0,25.0,0.9989570379257202
XTR-GAPS-H1-C5,C5,986,2,2,Ethylene,1,37.5,12.5,12.5,25.0,25.0,0.9985685348510742
XTR-GAPS-H1-C5,C5,987,3,2,Methane,0,50.0,125.0,25.0,75.0,25.0,0.9999532699584961
XTR-GAPS-H1-C5,C5,988,0,0,Ethanol,1,125.0,12.5,12.5,112.5,112.5,0.9996563196182251
XTR-GAPS-H1-C5,C5,989,3,3,Methane,1,25.0,25.0,25.0,0.0,0.0,0.9999951124191284
XTR-GAPS-H1-C5,C5,990,3,3,Methane,1,150.0,106.04058745088344,106.04058745088344,43.959412549116564,43.959412549116564,0.9999949932098389
XTR-GAPS-H1-C5,C5,991,2,2,Ethylene,1,50.0,12.5,12.5,37.5,37.5,0.9990584254264832
XTR-GAPS-H1-C5,C5,992,1,1,CO,1,75.0,190.09285640635744,190.09285640635744,115.09285640635744,115.09285640635744,0.9992961883544922
XTR-GAPS-H1-C5,C5,993,1,1,CO,1,125.0,250.0,250.0,125.0,125.0,0.99928218126297
XTR-GAPS-H1-C5,C5,994,2,2,Ethylene,1,75.0,12.5,12.5,62.5,62.5,0.9991355538368225
XTR-GAPS-H1-C5,C5,995,1,1,CO,1,175.0,250.0,250.0,75.0,75.0,0.9989109039306641
XTR-GAPS-H1-C5,C5,996,1,1,CO,1,225.0,250.0,250.0,25.0,25.0,0.9988719820976257
XTR-GAPS-H1-C5,C5,997,1,1,CO,1,250.0,250.0,250.0,0.0,0.0,0.9947276711463928
XTR-GAPS-H1-C5,C5,998,3,3,Methane,1,100.0,111.33178677093818,111.33178677093818,11.33178677093818,11.33178677093818,0.9999949932098389
XTR-GAPS-H1-C5,C5,999,3,3,Methane,1,25.0,25.0,25.0,0.0,0.0,0.9999951124191284
XTR-GAPS-H1-C5,C5,1000,2,2,Ethylene,1,37.5,12.5,12.5,25.0,25.0,0.9987956285476685
XTR-GAPS-H1-C5,C5,1001,1,1,CO,1,100.0,205.08804933358607,205.08804933358607,105.08804933358607,105.08804933358607,0.9995335340499878
XTR-GAPS-H1-C5,C5,1002,1,1,CO,1,75.0,188.57485159063998,188.57485159063998,113.57485159063998,113.57485159063998,0.9991483688354492
XTR-GAPS-H1-C5,C5,1003,2,2,Ethylene,1,75.0,12.5,12.5,62.5,62.5,0.9992233514785767
XTR-GAPS-H1-C5,C5,1004,1,1,CO,1,200.0,250.0,250.0,50.0,50.0,0.9990298748016357
XTR-GAPS-H1-C5,C5,1005,3,3,Methane,1,225.0,25.0,25.0,200.0,200.0,0.9999929666519165
XTR-GAPS-H1-C5,C5,1006,0,0,Ethanol,1,12.5,12.5,12.5,0.0,0.0,0.9996024966239929
XTR-GAPS-H1-C5,C5,1007,1,1,CO,1,150.0,250.0,250.0,100.0,100.0,0.9990673661231995
XTR-GAPS-H1-C5,C5,1008,0,0,Ethanol,1,125.0,12.5,12.5,112.5,112.5,0.9996159076690674
XTR-GAPS-H1-C5,C5,1009,0,0,Ethanol,1,87.5,12.5,12.5,75.0,75.0,0.9996291399002075
XTR-GAPS-H1-C5,C5,1010,2,2,Ethylene,1,62.5,12.5,12.5,50.0,50.0,0.9996479749679565
XTR-GAPS-H1-C5,C5,1011,1,1,CO,1,75.0,130.44268869838822,130.44268869838822,55.442688698388224,55.442688698388224,0.9987381100654602
XTR-GAPS-H1-C5,C5,1012,0,0,Ethanol,1,50.0,12.5,12.5,37.5,37.5,0.9996271133422852
XTR-GAPS-H1-C5,C5,1013,0,0,Ethanol,1,100.0,12.5,12.5,87.5,87.5,0.9996343851089478
XTR-GAPS-H1-C5,C5,1014,1,1,CO,1,100.0,250.0,250.0,150.0,150.0,0.9991859793663025
XTR-GAPS-H1-C5,C5,1015,1,1,CO,1,175.0,250.0,250.0,75.0,75.0,0.9994823932647705
XTR-GAPS-H1-C5,C5,1016,1,1,CO,1,25.0,108.31548457482666,108.31548457482666,83.31548457482666,83.31548457482666,0.9994833469390869
XTR-GAPS-H1-C5,C5,1017,3,3,Methane,1,200.0,210.6939056299209,210.6939056299209,10.693905629920891,10.693905629920891,0.9999949932098389
XTR-GAPS-H1-C5,C5,1018,3,3,Methane,1,175.0,145.71417301342854,145.71417301342854,29.285826986571465,29.285826986571465,0.9999947547912598
XTR-GAPS-H1-C5,C5,1019,1,1,CO,1,125.0,250.0,250.0,125.0,125.0,0.9968695044517517
XTR-GAPS-H1-C5,C5,1020,3,3,Methane,1,225.0,198.30104887754123,198.30104887754123,26.698951122458766,26.698951122458766,0.9999949932098389
XTR-GAPS-H1-C5,C5,1021,0,2,Ethanol,0,100.0,12.5,12.5,87.5,87.5,0.9972336888313293
XTR-GAPS-H1-C5,C5,1022,0,0,Ethanol,1,100.0,12.5,12.5,87.5,87.5,0.9996262788772583
XTR-GAPS-H1-C5,C5,1023,2,2,Ethylene,1,87.5,12.5,12.5,75.0,75.0,0.9993682503700256
XTR-GAPS-H1-C5,C5,1024,0,2,Ethanol,0,12.5,12.5,12.5,0.0,0.0,0.9585081338882446
XTR-GAPS-H1-C5,C5,1025,3,3,Methane,1,75.0,76.00163684117473,76.00163684117473,1.0016368411747294,1.0016368411747294,0.9999949932098389
XTR-GAPS-H1-C5,C5,1026,0,0,Ethanol,1,87.5,12.5,12.5,75.0,75.0,0.9996194839477539
XTR-GAPS-H1-C5,C5,1027,1,1,CO,1,225.0,250.0,250.0,25.0,25.0,0.9955347776412964
XTR-GAPS-H1-C5,C5,1028,0,0,Ethanol,1,37.5,12.5,12.5,25.0,25.0,0.999605119228363
XTR-GAPS-H1-C5,C5,1029,3,3,Methane,1,175.0,164.3750731891418,164.3750731891418,10.624926810858199,10.624926810858199,0.9999949932098389
XTR-GAPS-H1-C5,C5,1030,0,0,Ethanol,1,100.0,12.5,12.5,87.5,87.5,0.9996964931488037
XTR-GAPS-H1-C5,C5,1031,1,1,CO,1,175.0,250.0,250.0,75.0,75.0,0.9992959499359131
XTR-GAPS-H1-C5,C5,1032,0,0,Ethanol,1,25.0,12.5,12.5,12.5,12.5,0.9996281862258911
XTR-GAPS-H1-C5,C5,1033,0,0,Ethanol,1,25.0,12.5,12.5,12.5,12.5,0.9996387958526611
XTR-GAPS-H1-C5,C5,1034,1,1,CO,1,225.0,250.0,250.0,25.0,25.0,0.9994800686836243
XTR-GAPS-H1-C5,C5,1035,0,0,Ethanol,1,12.5,12.5,12.5,0.0,0.0,0.999421238899231
XTR-GAPS-H1-C5,C5,1036,1,1,CO,1,175.0,250.0,250.0,75.0,75.0,0.9955804944038391
XTR-GAPS-H1-C5,C5,1037,1,1,CO,1,25.0,46.420559906828885,46.420559906828885,21.420559906828885,21.420559906828885,0.9994761347770691
XTR-GAPS-H1-C5,C5,1038,0,0,Ethanol,1,37.5,12.5,12.5,25.0,25.0,0.9996199607849121
XTR-GAPS-H1-C5,C5,1039,0,0,Ethanol,1,100.0,12.5,12.5,87.5,87.5,0.9996364116668701
XTR-GAPS-H1-C5,C5,1040,3,3,Methane,1,175.0,189.99287448992538,189.99287448992538,14.992874489925384,14.992874489925384,0.9999949932098389
XTR-GAPS-H1-C5,C5,1041,0,0,Ethanol,1,125.0,12.5,12.5,112.5,112.5,0.999629020690918
XTR-GAPS-H1-C5,C5,1042,3,3,Methane,1,225.0,25.0,25.0,200.0,200.0,0.9999940395355225
XTR-GAPS-H1-C5,C5,1043,0,0,Ethanol,1,75.0,12.5,12.5,62.5,62.5,0.999620795249939
XTR-GAPS-H1-C5,C5,1044,2,2,Ethylene,1,125.0,12.5,12.5,112.5,112.5,0.9995643496513367
XTR-GAPS-H1-C5,C5,1045,1,1,CO,1,225.0,250.0,250.0,25.0,25.0,0.9987297654151917
XTR-GAPS-H1-C5,C5,1046,3,3,Methane,1,75.0,55.57350868812131,55.57350868812131,19.426491311878692,19.426491311878692,0.9999942779541016
XTR-GAPS-H1-C5,C5,1047,1,1,CO,1,50.0,94.87418415548763,94.87418415548763,44.874184155487626,44.874184155487626,0.999144434928894
XTR-GAPS-H1-C5,C5,1048,0,0,Ethanol,1,100.0,12.5,12.5,87.5,87.5,0.9996392726898193
XTR-GAPS-H1-C5,C5,1049,1,1,CO,1,225.0,118.41441339841197,118.41441339841197,106.58558660158803,106.58558660158803,0.9992148876190186
XTR-GAPS-H1-C5,C5,1050,0,0,Ethanol,1,75.0,12.5,12.5,62.5,62.5,0.9996217489242554
XTR-GAPS-H1-C5,C5,1051,3,3,Methane,1,225.0,196.39535654088127,196.39535654088127,28.604643459118734,28.604643459118734,0.9999949932098389
XTR-GAPS-H1-C5,C5,1052,1,1,CO,1,100.0,204.8904852226632,204.8904852226632,104.89048522266319,104.89048522266319,0.9995587468147278
XTR-GAPS-H1-C5,C5,1053,0,0,Ethanol,1,125.0,12.5,12.5,112.5,112.5,0.999661922454834
XTR-GAPS-H1-C5,C5,1054,3,3,Methane,1,50.0,49.3696088245066,49.3696088245066,0.6303911754934006,0.6303911754934006,0.9999948740005493
XTR-GAPS-H1-C5,C5,1055,1,1,CO,1,250.0,250.0,250.0,0.0,0.0,0.9982210993766785
XTR-GAPS-H1-C5,C5,1056,2,2,Ethylene,1,125.0,12.5,12.5,112.5,112.5,0.9997149109840393
XTR-GAPS-H1-C5,C5,1057,0,0,Ethanol,1,75.0,12.5,12.5,62.5,62.5,0.9996418952941895
XTR-GAPS-H1-C5,C5,1058,2,2,Ethylene,1,12.5,12.5,12.5,0.0,0.0,0.9985802173614502
XTR-GAPS-H1-C5,C5,1059,2,2,Ethylene,1,100.0,12.5,12.5,87.5,87.5,0.9995799660682678
XTR-GAPS-H1-C5,C5,1060,3,3,Methane,1,75.0,73.839878410756,73.839878410756,1.1601215892439996,1.1601215892439996,0.9999948740005493
XTR-GAPS-H1-C5,C5,1061,3,3,Methane,1,175.0,149.77345427890816,149.77345427890816,25.22654572109184,25.22654572109184,0.9999949932098389
XTR-GAPS-H1-C5,C5,1062,0,0,Ethanol,1,100.0,12.5,12.5,87.5,87.5,0.9996302127838135
XTR-GAPS-H1-C5,C5,1063,0,0,Ethanol,1,37.5,12.5,12.5,25.0,25.0,0.9996291399002075
XTR-GAPS-H1-C5,C5,1064,2,2,Ethylene,1,100.0,12.5,12.5,87.5,87.5,0.9995759129524231
XTR-GAPS-H1-C5,C5,1065,0,0,Ethanol,1,100.0,12.5,12.5,87.5,87.5,0.9996600151062012
XTR-GAPS-H1-C5,C5,1066,2,2,Ethylene,1,112.5,12.5,12.5,100.0,100.0,0.9993225336074829
XTR-GAPS-H1-C5,C5,1067,3,3,Methane,1,150.0,152.01568911363444,152.01568911363444,2.015689113634437,2.015689113634437,0.9999949932098389
XTR-GAPS-H1-C5,C5,1068,2,2,Ethylene,1,12.5,12.5,12.5,0.0,0.0,0.9981949925422668
XTR-GAPS-H1-C5,C5,1069,2,2,Ethylene,1,87.5,12.5,12.5,75.0,75.0,0.9990655779838562
XTR-GAPS-H1-C5,C5,1070,1,1,CO,1,25.0,102.20720878749432,102.20720878749432,77.20720878749432,77.20720878749432,0.9994699358940125
XTR-GAPS-H1-C5,C5,1071,3,3,Methane,1,175.0,133.1303078894739,133.1303078894739,41.8696921105261,41.8696921105261,0.999995231628418
XTR-GAPS-H1-C5,C5,1072,3,3,Methane,1,100.0,70.86105914185805,70.86105914185805,29.13894085814195,29.13894085814195,0.999995231628418
XTR-GAPS-H1-C5,C5,1073,0,0,Ethanol,1,112.5,12.5,12.5,100.0,100.0,0.999624490737915
XTR-GAPS-H1-C5,C5,1074,0,0,Ethanol,1,125.0,12.5,12.5,112.5,112.5,0.9996386766433716
XTR-GAPS-H1-C5,C5,1075,3,3,Methane,1,250.0,250.0,250.0,0.0,0.0,0.9999949932098389
XTR-GAPS-H1-C5,C5,1076,0,0,Ethanol,1,12.5,12.5,12.5,0.0,0.0,0.9996024966239929
XTR-GAPS-H1-C5,C5,1077,1,1,CO,1,225.0,250.0,250.0,25.0,25.0,0.9993854761123657
XTR-GAPS-H1-C5,C5,1078,0,0,Ethanol,1,87.5,12.5,12.5,75.0,75.0,0.9996416568756104
XTR-GAPS-H1-C5,C5,1079,2,2,Ethylene,1,25.0,12.5,12.5,12.5,12.5,0.9982917904853821
XTR-GAPS-H1-C5,C5,1080,1,1,CO,1,50.0,113.30915580435607,113.30915580435607,63.30915580435607,63.30915580435607,0.999512791633606
XTR-GAPS-H1-C5,C5,1081,0,0,Ethanol,1,112.5,12.5,12.5,100.0,100.0,0.9996172189712524
XTR-GAPS-H1-C5,C5,1082,2,2,Ethylene,1,25.0,12.5,12.5,12.5,12.5,0.9988200068473816
XTR-GAPS-H1-C5,C5,1083,1,1,CO,1,75.0,40.46419659998611,40.46419659998611,34.53580340001389,34.53580340001389,0.99891197681427
XTR-GAPS-H1-C5,C5,1084,3,3,Methane,1,200.0,176.36187934606346,176.36187934606346,23.63812065393654,23.63812065393654,0.9999947547912598
XTR-GAPS-H1-C5,C5,1085,3,3,Methane,1,225.0,152.1784151128869,152.1784151128869,72.82158488711309,72.82158488711309,0.9999953508377075
XTR-GAPS-H1-C5,C5,1086,2,2,Ethylene,1,87.5,12.5,12.5,75.0,75.0,0.9995331764221191
XTR-GAPS-H1-C5,C5,1087,1,1,CO,1,225.0,250.0,250.0,25.0,25.0,0.9976555109024048
XTR-GAPS-H1-C5,C5,1088,3,3,Methane,1,50.0,54.84070929152108,54.84070929152108,4.84070929152108,4.84070929152108,0.9999948740005493
XTR-GAPS-H1-C5,C5,1089,3,3,Methane,1,25.0,25.0,25.0,0.0,0.0,0.9999951124191284
XTR-GAPS-H1-C5,C5,1090,3,3,Methane,1,150.0,151.82215942229584,151.82215942229584,1.8221594222958402,1.8221594222958402,0.9999949932098389
XTR-GAPS-H1-C5,C5,1091,3,3,Methane,1,200.0,159.30131361379011,159.30131361379011,40.698686386209886,40.698686386209886,0.9999949932098389
XTR-GAPS-H1-C5,C5,1092,3,3,Methane,1,125.0,150.05300359714585,150.05300359714585,25.053003597145846,25.053003597145846,0.9999949932098389
XTR-GAPS-H1-C5,C5,1093,0,0,Ethanol,1,50.0,12.5,12.5,37.5,37.5,0.9996150732040405
XTR-GAPS-H1-C5,C5,1094,3,3,Methane,1,225.0,25.0,25.0,200.0,200.0,0.999991774559021
XTR-GAPS-H1-C5,C5,1095,2,2,Ethylene,1,112.5,12.5,12.5,100.0,100.0,0.999445378780365
XTR-GAPS-H1-C5,C5,1096,3,3,Methane,1,250.0,193.69635913058403,193.69635913058403,56.30364086941597,56.30364086941597,0.9999949932098389
XTR-GAPS-H1-C5,C5,1097,1,1,CO,1,25.0,41.71289317697813,41.71289317697813,16.712893176978127,16.712893176978127,0.9992320537567139
XTR-GAPS-H1-C5,C5,1098,3,3,Methane,1,125.0,143.6387012742612,143.6387012742612,18.638701274261194,18.638701274261194,0.9999948740005493
XTR-GAPS-H1-C5,C5,1099,1,1,CO,1,25.0,94.5228598363014,94.5228598363014,69.5228598363014,69.5228598363014,0.9995861649513245
XTR-GAPS-H1-C5,C5,1100,2,2,Ethylene,1,62.5,12.5,12.5,50.0,50.0,0.9993769526481628
XTR-GAPS-H1-C5,C5,1101,0,0,Ethanol,1,87.5,12.5,12.5,75.0,75.0,0.9996334314346313
XTR-GAPS-H1-C5,C5,1102,0,0,Ethanol,1,125.0,12.5,12.5,112.5,112.5,0.9996242523193359
XTR-GAPS-H1-C5,C5,1103,2,2,Ethylene,1,37.5,12.5,12.5,25.0,25.0,0.9988744854927063
XTR-GAPS-H1-C5,C5,1104,0,0,Ethanol,1,75.0,12.5,12.5,62.5,62.5,0.9996300935745239
XTR-GAPS-H1-C5,C5,1105,3,3,Methane,1,25.0,25.0,25.0,0.0,0.0,0.9999951124191284
XTR-GAPS-H1-C5,C5,1106,0,0,Ethanol,1,62.5,12.5,12.5,50.0,50.0,0.9996621608734131
XTR-GAPS-H1-C5,C5,1107,0,0,Ethanol,1,87.5,12.5,12.5,75.0,75.0,0.9996439218521118
XTR-GAPS-H1-C5,C5,1108,1,1,CO,1,125.0,245.52617038726748,245.52617038726748,120.52617038726748,120.52617038726748,0.9994102716445923
XTR-GAPS-H1-C5,C5,1109,0,0,Ethanol,1,112.5,12.5,12.5,100.0,100.0,0.9996440410614014
XTR-GAPS-H1-C5,C5,1110,1,1,CO,1,225.0,250.0,250.0,25.0,25.0,0.9993115663528442
XTR-GAPS-H1-C5,C5,1111,3,3,Methane,1,200.0,212.864103477031,212.864103477031,12.864103477030994,12.864103477030994,0.9999949932098389
XTR-GAPS-H1-C5,C5,1112,3,3,Methane,1,125.0,130.3509765644936,130.3509765644936,5.350976564493607,5.350976564493607,0.9999949932098389
XTR-GAPS-H1-C5,C5,1113,2,2,Ethylene,1,125.0,12.5,12.5,112.5,112.5,0.9997425675392151
XTR-GAPS-H1-C5,C5,1114,2,2,Ethylene,1,50.0,12.5,12.5,37.5,37.5,0.9986985921859741
XTR-GAPS-H1-C5,C5,1115,2,2,Ethylene,1,112.5,12.5,12.5,100.0,100.0,0.9997046589851379
XTR-GAPS-H1-C5,C5,1116,0,0,Ethanol,1,112.5,12.5,12.5,100.0,100.0,0.9996331930160522
XTR-GAPS-H1-C5,C5,1117,0,0,Ethanol,1,12.5,12.5,12.5,0.0,0.0,0.9996080994606018
XTR-GAPS-H1-C5,C5,1118,2,2,Ethylene,1,37.5,12.5,12.5,25.0,25.0,0.9991980195045471
XTR-GAPS-H1-C5,C5,1119,0,2,Ethanol,0,50.0,12.5,12.5,37.5,37.5,0.7061574459075928
XTR-GAPS-H1-C5,C5,1120,0,0,Ethanol,1,12.5,12.5,12.5,0.0,0.0,0.9995953440666199
XTR-GAPS-H1-C5,C5,1121,0,0,Ethanol,1,112.5,12.5,12.5,100.0,100.0,0.999614953994751
XTR-GAPS-H1-C5,C5,1122,2,2,Ethylene,1,100.0,12.5,12.5,87.5,87.5,0.9995319843292236
XTR-GAPS-H1-C5,C5,1123,2,2,Ethylene,1,75.0,12.5,12.5,62.5,62.5,0.9993845224380493
XTR-GAPS-H1-C5,C5,1124,0,0,Ethanol,1,50.0,12.5,12.5,37.5,37.5,0.9996347427368164
XTR-GAPS-H1-C5,C5,1125,0,0,Ethanol,1,112.5,12.5,12.5,100.0,100.0,0.9996262788772583
XTR-GAPS-H1-C5,C5,1126,0,0,Ethanol,1,112.5,12.5,12.5,100.0,100.0,0.999617338180542
XTR-GAPS-H1-C5,C5,1127,1,1,CO,1,175.0,250.0,250.0,75.0,75.0,0.9992244243621826
XTR-GAPS-H1-C5,C5,1128,2,2,Ethylene,1,50.0,12.5,12.5,37.5,37.5,0.9993743300437927
XTR-GAPS-H1-C5,C5,1129,2,2,Ethylene,1,125.0,12.5,12.5,112.5,112.5,0.9998109936714172
XTR-GAPS-H1-C5,C5,1130,2,2,Ethylene,1,12.5,12.5,12.5,0.0,0.0,0.9951947331428528
XTR-GAPS-H1-C5,C5,1131,2,2,Ethylene,1,75.0,12.5,12.5,62.5,62.5,0.9995149374008179
XTR-GAPS-H1-C5,C5,1132,0,0,Ethanol,1,62.5,12.5,12.5,50.0,50.0,0.9996156692504883
XTR-GAPS-H1-C5,C5,1133,3,3,Methane,1,200.0,167.91599019337156,167.91599019337156,32.084009806628444,32.084009806628444,0.9999949932098389
XTR-GAPS-H1-C5,C5,1134,2,2,Ethylene,1,12.5,12.5,12.5,0.0,0.0,0.9974602460861206
XTR-GAPS-H1-C5,C5,1135,2,2,Ethylene,1,87.5,12.5,12.5,75.0,75.0,0.9994865655899048
XTR-GAPS-H1-C5,C5,1136,0,0,Ethanol,1,50.0,12.5,12.5,37.5,37.5,0.9996156692504883
XTR-GAPS-H1-C5,C5,1137,1,1,CO,1,175.0,250.0,250.0,75.0,75.0,0.9983135461807251
XTR-GAPS-H1-C5,C5,1138,0,0,Ethanol,1,37.5,12.5,12.5,25.0,25.0,0.9996315240859985
XTR-GAPS-H1-C5,C5,1139,1,1,CO,1,225.0,250.0,250.0,25.0,25.0,0.9974430799484253
XTR-GAPS-H1-C5,C5,1140,0,0,Ethanol,1,87.5,12.5,12.5,75.0,75.0,0.9996347427368164
XTR-GAPS-H1-C5,C5,1141,0,0,Ethanol,1,25.0,12.5,12.5,12.5,12.5,0.9996160268783569
XTR-GAPS-H1-C5,C5,1142,2,2,Ethylene,1,50.0,12.5,12.5,37.5,37.5,0.9986518025398254
XTR-GAPS-H1-C5,C5,1143,1,1,CO,1,100.0,250.0,250.0,150.0,150.0,0.9992185831069946
XTR-GAPS-H1-C5,C5,1144,1,1,CO,1,100.0,212.17561714382668,212.17561714382668,112.17561714382668,112.17561714382668,0.9991205334663391
XTR-GAPS-H1-C5,C5,1145,0,0,Ethanol,1,25.0,12.5,12.5,12.5,12.5,0.9996175765991211
XTR-GAPS-H1-C5,C5,1146,1,1,CO,1,125.0,250.0,250.0,125.0,125.0,0.9990954399108887
XTR-GAPS-H1-C5,C5,1147,1,1,CO,1,25.0,40.83629781202649,40.83629781202649,15.836297812026487,15.836297812026487,0.9995089769363403
XTR-GAPS-H1-C5,C5,1148,1,1,CO,1,100.0,216.6037372796285,216.6037372796285,116.60373727962849,116.60373727962849,0.998761773109436
XTR-GAPS-H1-C5,C5,1149,1,1,CO,1,25.0,92.4919126462338,92.4919126462338,67.4919126462338,67.4919126462338,0.9985905289649963
XTR-GAPS-H1-C5,C5,1150,0,0,Ethanol,1,100.0,12.5,12.5,87.5,87.5,0.9996335506439209
XTR-GAPS-H1-C5,C5,1151,2,2,Ethylene,1,12.5,12.5,12.5,0.0,0.0,0.9991046786308289
XTR-GAPS-H1-C5,C5,1152,3,3,Methane,1,250.0,193.84297131776748,193.84297131776748,56.15702868223252,56.15702868223252,0.9999949932098389
XTR-GAPS-H1-C5,C5,1153,3,3,Methane,1,125.0,152.47894249311486,152.47894249311486,27.478942493114857,27.478942493114857,0.9999949932098389
XTR-GAPS-H1-C5,C5,1154,2,2,Ethylene,1,25.0,12.5,12.5,12.5,12.5,0.9990038275718689
XTR-GAPS-H1-C5,C5,1155,3,3,Methane,1,200.0,212.82674872735913,212.82674872735913,12.826748727359131,12.826748727359131,0.9999949932098389
XTR-GAPS-H1-C5,C5,1156,3,3,Methane,1,50.0,46.01513042972135,46.01513042972135,3.984869570278647,3.984869570278647,0.9999948740005493
XTR-GAPS-H1-C5,C5,1157,0,0,Ethanol,1,12.5,12.5,12.5,0.0,0.0,0.9995996356010437
XTR-GAPS-H1-C5,C5,1158,1,1,CO,1,50.0,100.55912753202841,100.55912753202841,50.55912753202841,50.55912753202841,0.9975767731666565
XTR-GAPS-H1-C5,C5,1159,0,0,Ethanol,1,50.0,12.5,12.5,37.5,37.5,0.9996168613433838
XTR-GAPS-H1-C5,C5,1160,0,0,Ethanol,1,37.5,12.5,12.5,25.0,25.0,0.9996498823165894
XTR-GAPS-H1-C5,C5,1161,0,0,Ethanol,1,62.5,12.5,12.5,50.0,50.0,0.9996325969696045
XTR-GAPS-H1-C5,C5,1162,0,0,Ethanol,1,87.5,12.5,12.5,75.0,75.0,0.9996190071105957
XTR-GAPS-H1-C5,C5,1163,0,0,Ethanol,1,37.5,12.5,12.5,25.0,25.0,0.9996181726455688
XTR-GAPS-H1-C5,C5,1164,2,2,Ethylene,1,37.5,12.5,12.5,25.0,25.0,0.9989847540855408
XTR-GAPS-H1-C5,C5,1165,1,1,CO,1,250.0,250.0,250.0,0.0,0.0,0.9944372177124023
XTR-GAPS-H1-C5,C5,1166,3,3,Methane,1,150.0,155.99695509494222,155.99695509494222,5.996955094942223,5.996955094942223,0.9999949932098389
XTR-GAPS-H1-C5,C5,1167,1,1,CO,1,125.0,250.0,250.0,125.0,125.0,0.9994854927062988
XTR-GAPS-H1-C5,C5,1168,3,3,Methane,1,125.0,160.26337319575165,160.26337319575165,35.263373195751655,35.263373195751655,0.9999949932098389
XTR-GAPS-H1-C5,C5,1169,3,3,Methane,1,150.0,154.79625917147257,154.79625917147257,4.79625917147257,4.79625917147257,0.9999949932098389
XTR-GAPS-H1-C5,C5,1170,2,2,Ethylene,1,87.5,12.5,12.5,75.0,75.0,0.9995580315589905
XTR-GAPS-H1-C5,C5,1171,0,0,Ethanol,1,37.5,12.5,12.5,25.0,25.0,0.9996546506881714
XTR-GAPS-H1-C5,C5,1172,3,3,Methane,1,250.0,152.42882342926237,152.42882342926237,97.57117657073763,97.57117657073763,0.9999954700469971
XTR-GAPS-H1-C5,C5,1173,1,1,CO,1,200.0,250.0,250.0,50.0,50.0,0.9985559582710266
XTR-GAPS-H1-C5,C5,1174,3,3,Methane,1,200.0,152.1955902286984,152.1955902286984,47.80440977130161,47.80440977130161,0.9999948740005493
XTR-GAPS-H1-C5,C5,1175,2,2,Ethylene,1,75.0,12.5,12.5,62.5,62.5,0.9986116886138916
XTR-GAPS-H1-C5,C5,1176,1,1,CO,1,225.0,250.0,250.0,25.0,25.0,0.9994969367980957
XTR-GAPS-H1-C5,C5,1177,1,1,CO,1,200.0,127.57044138772005,127.57044138772005,72.42955861227995,72.42955861227995,0.9983927607536316
XTR-GAPS-H1-C5,C5,1178,3,3,Methane,1,225.0,25.0,25.0,200.0,200.0,0.9999842643737793
XTR-GAPS-H1-C5,C5,1179,3,3,Methane,1,250.0,234.66855838331026,234.66855838331026,15.331441616689744,15.331441616689744,0.9999951124191284
XTR-GAPS-H1-C5,C5,1180,2,2,Ethylene,1,37.5,12.5,12.5,25.0,25.0,0.9982312321662903
XTR-GAPS-H1-C5,C5,1181,1,1,CO,1,175.0,250.0,250.0,75.0,75.0,0.9985654950141907
XTR-GAPS-H1-C5,C5,1182,0,0,Ethanol,1,100.0,12.5,12.5,87.5,87.5,0.9996320009231567
XTR-GAPS-H1-C5,C5,1183,0,0,Ethanol,1,62.5,12.5,12.5,50.0,50.0,0.9996166229248047
XTR-GAPS-H1-C5,C5,1184,2,2,Ethylene,1,62.5,12.5,12.5,50.0,50.0,0.9988290667533875
XTR-GAPS-H1-C5,C5,1185,1,1,CO,1,75.0,192.44421653409012,192.44421653409012,117.44421653409012,117.44421653409012,0.9995507597923279
XTR-GAPS-H1-C5,C5,1186,1,1,CO,1,225.0,250.0,250.0,25.0,25.0,0.9928874373435974
XTR-GAPS-H1-C5,C5,1187,2,2,Ethylene,1,125.0,12.5,12.5,112.5,112.5,0.9994389414787292
XTR-GAPS-H1-C5,C5,1188,3,3,Methane,1,200.0,165.8801311969798,165.8801311969798,34.11986880302021,34.11986880302021,0.9999949932098389
XTR-GAPS-H1-C5,C5,1189,2,2,Ethylene,1,112.5,12.5,12.5,100.0,100.0,0.9996930360794067
XTR-GAPS-H1-C5,C5,1190,3,3,Methane,1,100.0,95.97364626478264,95.97364626478264,4.026353735217356,4.026353735217356,0.9999948740005493
XTR-GAPS-H1-C5,C5,1191,1,1,CO,1,100.0,126.63780704611293,126.63780704611293,26.637807046112925,26.637807046112925,0.9995731711387634
XTR-GAPS-H1-C5,C5,1192,1,1,CO,1,50.0,159.81950450264287,159.81950450264287,109.81950450264287,109.81950450264287,0.9993360638618469
XTR-GAPS-H1-C5,C5,1193,0,0,Ethanol,1,62.5,12.5,12.5,50.0,50.0,0.9996374845504761
XTR-GAPS-H1-C5,C5,1194,1,1,CO,1,225.0,250.0,250.0,25.0,25.0,0.9985097050666809
XTR-GAPS-H1-C5,C5,1195,3,3,Methane,1,250.0,209.14023310162543,209.14023310162543,40.85976689837457,40.85976689837457,0.9999949932098389
XTR-GAPS-H1-C5,C5,1196,3,3,Methane,1,100.0,100.46694674942177,100.46694674942177,0.4669467494217656,0.4669467494217656,0.9999949932098389
XTR-GAPS-H1-C5,C5,1197,1,1,CO,1,150.0,250.0,250.0,100.0,100.0,0.9993568062782288
XTR-GAPS-H1-C5,C5,1198,0,0,Ethanol,1,12.5,12.5,12.5,0.0,0.0,0.9996065497398376
XTR-GAPS-H1-C5,C5,1199,1,1,CO,1,250.0,250.0,250.0,0.0,0.0,0.9995434880256653
XTR-GAPS-H1-C5,C5,1200,2,2,Ethylene,1,37.5,12.5,12.5,25.0,25.0,0.9992387294769287
XTR-GAPS-H1-C5,C5,1201,0,0,Ethanol,1,37.5,12.5,12.5,25.0,25.0,0.9996435642242432
XTR-GAPS-H1-C5,C5,1202,1,1,CO,1,200.0,250.0,250.0,50.0,50.0,0.999180018901825
XTR-GAPS-H1-C5,C5,1203,1,1,CO,1,175.0,250.0,250.0,75.0,75.0,0.9985062479972839
XTR-GAPS-H1-C5,C5,1204,2,2,Ethylene,1,75.0,12.5,12.5,62.5,62.5,0.9993712306022644
XTR-GAPS-H1-C5,C5,1205,3,3,Methane,1,250.0,216.30398398142597,216.30398398142597,33.69601601857403,33.69601601857403,0.9999946355819702
XTR-GAPS-H1-C5,C5,1206,2,2,Ethylene,1,100.0,12.5,12.5,87.5,87.5,0.9990676045417786
XTR-GAPS-H1-C5,C5,1207,1,1,CO,1,125.0,245.0405099124572,245.0405099124572,120.0405099124572,120.0405099124572,0.9992488026618958
XTR-GAPS-H1-C5,C5,1208,1,1,CO,1,250.0,250.0,250.0,0.0,0.0,0.9991918206214905
XTR-GAPS-H1-C5,C5,1209,3,3,Methane,1,225.0,198.12668698180642,198.12668698180642,26.873313018193585,26.873313018193585,0.9999949932098389
XTR-GAPS-H1-C5,C5,1210,1,1,CO,1,250.0,250.0,250.0,0.0,0.0,0.999326229095459
XTR-GAPS-H1-C5,C5,1211,2,2,Ethylene,1,50.0,12.5,12.5,37.5,37.5,0.9981745481491089
XTR-GAPS-H1-C5,C5,1212,0,0,Ethanol,1,125.0,12.5,12.5,112.5,112.5,0.999627947807312
XTR-GAPS-H1-C5,C5,1213,1,1,CO,1,25.0,50.235701315024016,50.235701315024016,25.235701315024016,25.235701315024016,0.9994915723800659
XTR-GAPS-H1-C5,C5,1214,3,3,Methane,1,50.0,52.63445331664502,52.63445331664502,2.634453316645022,2.634453316645022,0.9999949932098389
XTR-GAPS-H1-C5,C5,1215,1,1,CO,1,25.0,53.94925469945781,53.94925469945781,28.94925469945781,28.94925469945781,0.9993724226951599
XTR-GAPS-H1-C5,C5,1216,1,1,CO,1,250.0,250.0,250.0,0.0,0.0,0.9988018274307251
XTR-GAPS-H1-C5,C5,1217,3,3,Methane,1,225.0,25.0,25.0,200.0,200.0,0.999994158744812
XTR-GAPS-H1-C5,C5,1218,3,3,Methane,1,25.0,25.0,25.0,0.0,0.0,0.9999949932098389
XTR-GAPS-H1-C5,C5,1219,2,2,Ethylene,1,125.0,12.5,12.5,112.5,112.5,0.9995079040527344
XTR-GAPS-H1-C5,C5,1220,2,2,Ethylene,1,62.5,12.5,12.5,50.0,50.0,0.9991294741630554
XTR-GAPS-H1-C5,C5,1221,0,0,Ethanol,1,37.5,12.5,12.5,25.0,25.0,0.9996209144592285
XTR-GAPS-H1-C5,C5,1222,1,1,CO,1,225.0,250.0,250.0,25.0,25.0,0.9946322441101074
XTR-GAPS-H1-C5,C5,1223,2,2,Ethylene,1,37.5,12.5,12.5,25.0,25.0,0.9994340538978577
XTR-GAPS-H1-C5,C5,1224,3,3,Methane,1,50.0,45.215130556325676,45.215130556325676,4.784869443674324,4.784869443674324,0.9999948740005493
XTR-GAPS-H1-C5,C5,1225,3,3,Methane,1,175.0,195.3861233325846,195.3861233325846,20.38612333258459,20.38612333258459,0.9999949932098389
XTR-GAPS-H1-C5,C5,1226,0,0,Ethanol,1,87.5,12.5,12.5,75.0,75.0,0.9996167421340942
XTR-GAPS-H1-C5,C5,1227,0,0,Ethanol,1,112.5,12.5,12.5,100.0,100.0,0.999626874923706
XTR-GAPS-H1-C5,C5,1228,0,0,Ethanol,1,50.0,12.5,12.5,37.5,37.5,0.9996422529220581
XTR-GAPS-H1-C5,C5,1229,1,1,CO,1,225.0,250.0,250.0,25.0,25.0,0.99832683801651
XTR-GAPS-H1-C5,C5,1230,2,2,Ethylene,1,25.0,12.5,12.5,12.5,12.5,0.999101996421814
XTR-GAPS-H1-C5,C5,1231,3,3,Methane,1,100.0,113.06729025143227,113.06729025143227,13.067290251432269,13.067290251432269,0.9999949932098389
XTR-GAPS-H1-C5,C5,1232,2,2,Ethylene,1,50.0,12.5,12.5,37.5,37.5,0.9997602105140686
XTR-GAPS-H1-C5,C5,1233,3,3,Methane,1,175.0,171.5236524344853,171.5236524344853,3.4763475655146863,3.4763475655146863,0.9999949932098389
XTR-GAPS-H1-C5,C5,1234,2,2,Ethylene,1,62.5,12.5,12.5,50.0,50.0,0.9993199110031128
XTR-GAPS-H1-C5,C5,1235,0,0,Ethanol,1,25.0,12.5,12.5,12.5,12.5,0.9996203184127808
XTR-GAPS-H1-C5,C5,1236,2,2,Ethylene,1,125.0,12.5,12.5,112.5,112.5,0.9998188614845276
XTR-GAPS-H1-C5,C5,1237,1,1,CO,1,175.0,190.17135821154545,190.17135821154545,15.171358211545453,15.171358211545453,0.9994421601295471
XTR-GAPS-H1-C5,C5,1238,3,3,Methane,1,25.0,25.0,25.0,0.0,0.0,0.9999951124191284
XTR-GAPS-H1-C5,C5,1239,3,3,Methane,1,25.0,25.0,25.0,0.0,0.0,0.9999951124191284
XTR-GAPS-H1-C5,C5,1240,0,0,Ethanol,1,125.0,12.5,12.5,112.5,112.5,0.9996159076690674
XTR-GAPS-H1-C5,C5,1241,3,3,Methane,1,250.0,211.1962696155099,211.1962696155099,38.80373038449011,38.80373038449011,0.9999949932098389
XTR-GAPS-H1-C5,C5,1242,2,2,Ethylene,1,112.5,12.5,12.5,100.0,100.0,0.9996246099472046
XTR-GAPS-H1-C5,C5,1243,3,3,Methane,1,175.0,181.48453088854268,181.48453088854268,6.484530888542679,6.484530888542679,0.9999949932098389
XTR-GAPS-H1-C5,C5,1244,1,1,CO,1,200.0,250.0,250.0,50.0,50.0,0.9982842803001404
XTR-GAPS-H1-C5,C5,1245,2,2,Ethylene,1,62.5,12.5,12.5,50.0,50.0,0.9989802241325378
XTR-GAPS-H1-C5,C5,1246,2,2,Ethylene,1,100.0,12.5,12.5,87.5,87.5,0.9995902180671692
XTR-GAPS-H1-C5,C5,1247,1,1,CO,1,150.0,78.58348151244456,78.58348151244456,71.41651848755544,71.41651848755544,0.9984704852104187
XTR-GAPS-H1-C5,C5,1248,1,1,CO,1,75.0,179.0093749246098,179.0093749246098,104.0093749246098,104.0093749246098,0.9994251728057861
XTR-GAPS-H1-C5,C5,1249,1,1,CO,1,100.0,250.0,250.0,150.0,150.0,0.9994165897369385
XTR-GAPS-H1-C5,C5,1250,1,1,CO,1,200.0,250.0,250.0,50.0,50.0,0.9987955093383789
XTR-GAPS-H1-C5,C5,1251,2,2,Ethylene,1,125.0,12.5,12.5,112.5,112.5,0.9995892643928528
XTR-GAPS-H1-C5,C5,1252,1,1,CO,1,150.0,250.0,250.0,100.0,100.0,0.9961667656898499
XTR-GAPS-H1-C5,C5,1253,0,0,Ethanol,1,87.5,12.5,12.5,75.0,75.0,0.9996271133422852
XTR-GAPS-H1-C5,C5,1254,1,1,CO,1,50.0,107.40620317629498,107.40620317629498,57.40620317629498,57.40620317629498,0.9992008805274963
XTR-GAPS-H1-C5,C5,1255,0,0,Ethanol,1,87.5,12.5,12.5,75.0,75.0,0.9996254444122314
XTR-GAPS-H1-C5,C5,1256,3,3,Methane,1,50.0,54.64030737068089,54.64030737068089,4.640307370680887,4.640307370680887,0.9999948740005493
XTR-GAPS-H1-C5,C5,1257,3,3,Methane,1,100.0,109.60963036594863,109.60963036594863,9.609630365948632,9.609630365948632,0.9999949932098389
XTR-GAPS-H1-C5,C5,1258,0,0,Ethanol,1,50.0,12.5,12.5,37.5,37.5,0.9996131062507629
XTR-GAPS-H1-C5,C5,1259,0,0,Ethanol,1,37.5,12.5,12.5,25.0,25.0,0.999607264995575
XTR-GAPS-H1-C5,C5,1260,0,0,Ethanol,1,12.5,12.5,12.5,0.0,0.0,0.9995986819267273
XTR-GAPS-H1-C5,C5,1261,3,3,Methane,1,25.0,25.0,25.0,0.0,0.0,0.9999951124191284
XTR-GAPS-H1-C5,C5,1262,3,3,Methane,1,50.0,48.33054160605593,48.33054160605593,1.669458393944069,1.669458393944069,0.9999948740005493
XTR-GAPS-H1-C5,C5,1263,1,1,CO,1,200.0,250.0,250.0,50.0,50.0,0.9989883303642273
XTR-GAPS-H1-C5,C5,1264,2,2,Ethylene,1,62.5,12.5,12.5,50.0,50.0,0.9995670914649963
XTR-GAPS-H1-C5,C5,1265,1,1,CO,1,250.0,250.0,250.0,0.0,0.0,0.9988954067230225
XTR-GAPS-H1-C5,C5,1266,0,0,Ethanol,1,62.5,12.5,12.5,50.0,50.0,0.999610960483551
XTR-GAPS-H1-C5,C5,1267,1,1,CO,1,25.0,104.60282710826169,104.60282710826169,79.60282710826169,79.60282710826169,0.999546229839325
XTR-GAPS-H1-C5,C5,1268,1,1,CO,1,200.0,250.0,250.0,50.0,50.0,0.9994382262229919
XTR-GAPS-H1-C5,C5,1269,0,0,Ethanol,1,25.0,12.5,12.5,12.5,12.5,0.9996147155761719
XTR-GAPS-H1-C5,C5,1270,0,0,Ethanol,1,62.5,12.5,12.5,50.0,50.0,0.9996176958084106
XTR-GAPS-H1-C5,C5,1271,1,1,CO,1,75.0,198.58126032878334,198.58126032878334,123.58126032878334,123.58126032878334,0.9995492100715637
XTR-GAPS-H1-C5,C5,1272,0,0,Ethanol,1,100.0,12.5,12.5,87.5,87.5,0.9996380805969238
XTR-GAPS-H1-C5,C5,1273,0,0,Ethanol,1,125.0,12.5,12.5,112.5,112.5,0.999632716178894
XTR-GAPS-H1-C5,C5,1274,1,1,CO,1,250.0,250.0,250.0,0.0,0.0,0.9985294342041016
XTR-GAPS-H1-C5,C5,1275,2,2,Ethylene,1,100.0,12.5,12.5,87.5,87.5,0.9980796575546265
XTR-GAPS-H1-C5,C5,1276,2,2,Ethylene,1,25.0,12.5,12.5,12.5,12.5,0.9993805885314941
XTR-GAPS-H1-C5,C5,1277,2,2,Ethylene,1,100.0,12.5,12.5,87.5,87.5,0.9984773993492126
XTR-GAPS-H1-C5,C5,1278,3,3,Methane,1,150.0,148.6636649179075,148.6636649179075,1.3363350820924893,1.3363350820924893,0.9999949932098389
XTR-GAPS-H1-C5,C5,1279,1,1,CO,1,250.0,96.95927973620155,96.95927973620155,153.04072026379845,153.04072026379845,0.9992600083351135
XTR-GAPS-H1-C5,C5,1280,2,2,Ethylene,1,112.5,12.5,12.5,100.0,100.0,0.9995902180671692
XTR-GAPS-H1-C5,C5,1281,1,1,CO,1,75.0,250.0,250.0,175.0,175.0,0.9991119503974915
XTR-GAPS-H1-C5,C5,1282,2,2,Ethylene,1,100.0,12.5,12.5,87.5,87.5,0.9987574815750122
XTR-GAPS-H1-C5,C5,1283,1,1,CO,1,175.0,250.0,250.0,75.0,75.0,0.999036431312561
XTR-GAPS-H1-C5,C5,1284,1,1,CO,1,175.0,250.0,250.0,75.0,75.0,0.9984912872314453
XTR-GAPS-H1-C5,C5,1285,3,3,Methane,1,150.0,140.8517895060301,140.8517895060301,9.148210493969913,9.148210493969913,0.9999949932098389
XTR-GAPS-H1-C5,C5,1286,3,3,Methane,1,175.0,175.37762660570377,175.37762660570377,0.3776266057037674,0.3776266057037674,0.9999949932098389
XTR-GAPS-H1-C5,C5,1287,3,3,Methane,1,225.0,199.1484482760435,199.1484482760435,25.851551723956504,25.851551723956504,0.9999949932098389
XTR-GAPS-H1-C5,C5,1288,2,2,Ethylene,1,50.0,12.5,12.5,37.5,37.5,0.9989240765571594
XTR-GAPS-H1-C5,C5,1289,1,1,CO,1,50.0,114.38827959263955,114.38827959263955,64.38827959263955,64.38827959263955,0.9993672966957092
XTR-GAPS-H1-C5,C5,1290,0,0,Ethanol,1,62.5,12.5,12.5,50.0,50.0,0.9996200799942017
XTR-GAPS-H1-C5,C5,1291,2,2,Ethylene,1,25.0,12.5,12.5,12.5,12.5,0.9988771080970764
XTR-GAPS-H1-C5,C5,1292,3,3,Methane,1,200.0,134.6464292311479,134.6464292311479,65.35357076885211,65.35357076885211,0.9999947547912598
XTR-GAPS-H1-C5,C5,1293,1,1,CO,1,225.0,250.0,250.0,25.0,25.0,0.9979958534240723
XTR-GAPS-H1-C5,C5,1294,3,3,Methane,1,125.0,148.381662590165,148.381662590165,23.381662590165007,23.381662590165007,0.9999949932098389
XTR-GAPS-H1-C5,C5,1295,2,2,Ethylene,1,112.5,12.5,12.5,100.0,100.0,0.999567449092865
XTR-GAPS-H1-C5,C5,1296,2,2,Ethylene,1,62.5,12.5,12.5,50.0,50.0,0.9993149042129517
XTR-GAPS-H1-C5,C5,1297,0,0,Ethanol,1,112.5,12.5,12.5,100.0,100.0,0.999619722366333
XTR-GAPS-H1-C5,C5,1298,1,1,CO,1,75.0,216.5523665475704,216.5523665475704,141.5523665475704,141.5523665475704,0.9993019104003906
XTR-GAPS-H1-C5,C5,1299,3,3,Methane,1,150.0,154.31355195655985,154.31355195655985,4.313551956559849,4.313551956559849,0.9999949932098389
XTR-GAPS-H1-C5,C5,1300,0,0,Ethanol,1,100.0,12.5,12.5,87.5,87.5,0.9996263980865479
XTR-GAPS-H1-C5,C5,1301,2,2,Ethylene,1,87.5,12.5,12.5,75.0,75.0,0.9992615580558777
XTR-GAPS-H1-C5,C5,1302,3,3,Methane,1,150.0,148.35973824029767,148.35973824029767,1.6402617597023266,1.6402617597023266,0.9999949932098389
XTR-GAPS-H1-C5,C5,1303,2,2,Ethylene,1,37.5,12.5,12.5,25.0,25.0,0.9989336133003235
XTR-GAPS-H1-C5,C5,1304,2,2,Ethylene,1,12.5,12.5,12.5,0.0,0.0,0.9946974515914917
XTR-GAPS-H1-C5,C5,1305,1,1,CO,1,50.0,143.28522901446797,143.28522901446797,93.28522901446797,93.28522901446797,0.9990373849868774
XTR-GAPS-H1-C5,C5,1306,3,3,Methane,1,225.0,25.0,25.0,200.0,200.0,0.9999891519546509
XTR-GAPS-H1-C5,C5,1307,0,0,Ethanol,1,75.0,12.5,12.5,62.5,62.5,0.9996205568313599
XTR-GAPS-H1-C5,C5,1308,0,0,Ethanol,1,62.5,12.5,12.5,50.0,50.0,0.9996131062507629
XTR-GAPS-H1-C5,C5,1309,2,2,Ethylene,1,75.0,12.5,12.5,62.5,62.5,0.9986864924430847
XTR-GAPS-H1-C5,C5,1310,3,3,Methane,1,75.0,73.70523127194747,73.70523127194747,1.2947687280525315,1.2947687280525315,0.9999949932098389
XTR-GAPS-H1-C5,C5,1311,0,0,Ethanol,1,75.0,12.5,12.5,62.5,62.5,0.9996212720870972
XTR-GAPS-H1-C5,C5,1312,0,0,Ethanol,1,37.5,12.5,12.5,25.0,25.0,0.999626636505127
XTR-GAPS-H1-C5,C5,1313,0,0,Ethanol,1,100.0,12.5,12.5,87.5,87.5,0.9996261596679688
XTR-GAPS-H1-C5,C5,1314,2,2,Ethylene,1,50.0,12.5,12.5,37.5,37.5,0.9995495676994324
XTR-GAPS-H1-C5,C5,1315,1,1,CO,1,150.0,250.0,250.0,100.0,100.0,0.9990307092666626
XTR-GAPS-H1-C5,C5,1316,3,3,Methane,1,125.0,134.57189670650155,134.57189670650155,9.571896706501548,9.571896706501548,0.9999949932098389
XTR-GAPS-H1-C5,C5,1317,2,2,Ethylene,1,62.5,12.5,12.5,50.0,50.0,0.9994046688079834
XTR-GAPS-H1-C5,C5,1318,3,3,Methane,1,250.0,250.0,250.0,0.0,0.0,0.9999775886535645
XTR-GAPS-H1-C5,C5,1319,0,0,Ethanol,1,112.5,12.5,12.5,100.0,100.0,0.9996291399002075
XTR-GAPS-H1-C5,C5,1320,2,2,Ethylene,1,50.0,12.5,12.5,37.5,37.5,0.9992044568061829
XTR-GAPS-H1-C5,C5,1321,2,2,Ethylene,1,100.0,12.5,12.5,87.5,87.5,0.9990795850753784
XTR-GAPS-H1-C5,C5,1322,1,1,CO,1,125.0,250.0,250.0,125.0,125.0,0.9994988441467285
XTR-GAPS-H1-C5,C5,1323,1,1,CO,1,200.0,250.0,250.0,50.0,50.0,0.9992056488990784
XTR-GAPS-H1-C5,C5,1324,1,1,CO,1,225.0,250.0,250.0,25.0,25.0,0.9993501305580139
XTR-GAPS-H1-C5,C5,1325,2,2,Ethylene,1,12.5,12.5,12.5,0.0,0.0,0.9982401132583618
XTR-GAPS-H1-C5,C5,1326,0,0,Ethanol,1,87.5,12.5,12.5,75.0,75.0,0.999619722366333
XTR-GAPS-H1-C5,C5,1327,1,1,CO,1,175.0,250.0,250.0,75.0,75.0,0.9763321876525879
XTR-GAPS-H1-C5,C5,1328,0,0,Ethanol,1,62.5,12.5,12.5,50.0,50.0,0.999626636505127
XTR-GAPS-H1-C5,C5,1329,0,0,Ethanol,1,62.5,12.5,12.5,50.0,50.0,0.9996198415756226
XTR-GAPS-H1-C5,C5,1330,1,1,CO,1,100.0,250.0,250.0,150.0,150.0,0.9993681311607361
XTR-GAPS-H1-C5,C5,1331,0,0,Ethanol,1,100.0,12.5,12.5,87.5,87.5,0.9996299743652344
XTR-GAPS-H1-C5,C5,1332,2,2,Ethylene,1,125.0,12.5,12.5,112.5,112.5,0.9984734654426575
XTR-GAPS-H1-C5,C5,1333,0,1,Ethanol,0,12.5,98.08297985256218,12.5,85.58297985256218,0.0,0.999416708946228
XTR-GAPS-H1-C5,C5,1334,0,2,Ethanol,0,37.5,12.5,12.5,25.0,25.0,0.9988627433776855
XTR-GAPS-H1-C5,C5,1335,2,2,Ethylene,1,62.5,12.5,12.5,50.0,50.0,0.9995391368865967
XTR-GAPS-H1-C5,C5,1336,2,2,Ethylene,1,37.5,12.5,12.5,25.0,25.0,0.9991132616996765
XTR-GAPS-H1-C5,C5,1337,3,3,Methane,1,250.0,225.3303810340269,225.3303810340269,24.669618965973086,24.669618965973086,0.9999946355819702
XTR-GAPS-H1-C5,C5,1338,3,3,Methane,1,225.0,25.0,25.0,200.0,200.0,0.9999946355819702
XTR-GAPS-H1-C5,C5,1339,3,3,Methane,1,150.0,153.18436549530514,153.18436549530514,3.184365495305144,3.184365495305144,0.9999949932098389
XTR-GAPS-H1-C5,C5,1340,3,3,Methane,1,175.0,165.31215731515533,165.31215731515533,9.687842684844668,9.687842684844668,0.9999949932098389
XTR-GAPS-H1-C5,C5,1341,1,1,CO,1,200.0,250.0,250.0,50.0,50.0,0.9992788434028625
XTR-GAPS-H1-C5,C5,1342,2,2,Ethylene,1,12.5,12.5,12.5,0.0,0.0,0.9991257786750793
XTR-GAPS-H1-C5,C5,1343,3,3,Methane,1,200.0,224.485782894748,224.485782894748,24.485782894748013,24.485782894748013,0.9999949932098389
XTR-GAPS-H1-C5,C5,1344,3,3,Methane,1,175.0,167.327736576534,167.327736576534,7.672263423466006,7.672263423466006,0.9999948740005493
XTR-GAPS-H1-C5,C5,1345,2,2,Ethylene,1,100.0,12.5,12.5,87.5,87.5,0.9996695518493652
XTR-GAPS-H1-C5,C5,1346,0,0,Ethanol,1,100.0,12.5,12.5,87.5,87.5,0.9996588230133057
XTR-GAPS-H1-C5,C5,1347,0,0,Ethanol,1,12.5,12.5,12.5,0.0,0.0,0.9996110796928406
XTR-GAPS-H1-C5,C5,1348,2,2,Ethylene,1,87.5,12.5,12.5,75.0,75.0,0.9988331198692322
XTR-GAPS-H1-C5,C5,1349,2,2,Ethylene,1,25.0,12.5,12.5,12.5,12.5,0.9983066320419312
XTR-GAPS-H1-C5,C5,1350,2,2,Ethylene,1,37.5,12.5,12.5,25.0,25.0,0.9990845918655396
XTR-GAPS-H1-C5,C5,1351,0,0,Ethanol,1,75.0,12.5,12.5,62.5,62.5,0.9996421337127686
XTR-GAPS-H1-C5,C5,1352,2,2,Ethylene,1,37.5,12.5,12.5,25.0,25.0,0.9986864924430847
XTR-GAPS-H1-C5,C5,1353,1,1,CO,1,200.0,250.0,250.0,50.0,50.0,0.9787282347679138
XTR-GAPS-H1-C5,C5,1354,3,3,Methane,1,50.0,51.42622475200778,51.42622475200778,1.4262247520077835,1.4262247520077835,0.9999948740005493
XTR-GAPS-H1-C5,C5,1355,1,1,CO,1,200.0,250.0,250.0,50.0,50.0,0.9992293119430542
XTR-GAPS-H1-C5,C5,1356,2,2,Ethylene,1,75.0,12.5,12.5,62.5,62.5,0.9993415474891663
XTR-GAPS-H1-C5,C5,1357,1,1,CO,1,25.0,82.30225998670261,82.30225998670261,57.30225998670261,57.30225998670261,0.9995601773262024
XTR-GAPS-H1-C5,C5,1358,2,2,Ethylene,1,50.0,12.5,12.5,37.5,37.5,0.9987534284591675
XTR-GAPS-H1-C5,C5,1359,3,3,Methane,1,125.0,161.18715821155877,161.18715821155877,36.18715821155877,36.18715821155877,0.9999949932098389
