round,step,source_ce,coral_loss,global_mmd2,adversarial_loss,weighted_coral,weighted_global_mmd2,weighted_adversarial,total_loss,target_batch_size,target_label_object_present,target_ce_status,class_conditional_coral_status,class_mmd_status,stage_mmd_status,target_proto_anchor_status,pseudo_label_status,uda_wall_seconds_per_round,fit_wall_seconds_per_round,total_round_seconds
1,1,0.7903459668159485,2.8035447030561045e-06,0.09046143293380737,0.009358614683151245,1.4017723515280522e-06,0.045230716466903687,0.0046793073415756226,0.8402574062347412,32,False,UNAVAILABLE,DISABLED,DISABLED,DISABLED,UNAVAILABLE,DISABLED,27.94537176284939,11.647070859093219,54.01933128293604
1,2,0.8177140951156616,2.6385639557702234e-06,0.04338574409484863,0.002289973199367523,1.3192819778851117e-06,0.021692872047424316,0.0011449865996837616,0.8405532836914062,32,False,UNAVAILABLE,DISABLED,DISABLED,DISABLED,UNAVAILABLE,DISABLED,27.94537176284939,11.647070859093219,54.01933128293604
1,3,0.817031741142273,4.0981635720527265e-06,0.05389273166656494,0.008943948894739151,2.0490817860263633e-06,0.02694636583328247,0.0044719744473695755,0.848452091217041,32,False,UNAVAILABLE,DISABLED,DISABLED,DISABLED,UNAVAILABLE,DISABLED,27.94537176284939,11.647070859093219,54.01933128293604
1,4,0.8245770931243896,2.749442955973791e-06,0.04442930221557617,-0.0014489274471998215,1.3747214779868955e-06,0.022214651107788086,-0.0007244637235999107,0.8460686802864075,32,False,UNAVAILABLE,DISABLED,DISABLED,DISABLED,UNAVAILABLE,DISABLED,27.94537176284939,11.647070859093219,54.01933128293604
1,5,0.7701632380485535,4.247534434398403e-06,0.051393866539001465,0.010732058435678482,2.1237672171992017e-06,0.025696933269500732,0.005366029217839241,0.8012283444404602,32,False,UNAVAILABLE,DISABLED,DISABLED,DISABLED,UNAVAILABLE,DISABLED,27.94537176284939,11.647070859093219,54.01933128293604
1,6,0.7274637222290039,3.87361933462671e-06,0.04807615280151367,0.03129880502820015,1.936809667313355e-06,0.024038076400756836,0.015649402514100075,0.7671530842781067,32,False,UNAVAILABLE,DISABLED,DISABLED,DISABLED,UNAVAILABLE,DISABLED,27.94537176284939,11.647070859093219,54.01933128293604
1,7,0.7663246989250183,2.836417479556985e-06,0.03825235366821289,-0.0007461067289113998,1.4182087397784926e-06,0.019126176834106445,-0.0003730533644556999,0.7850792407989502,32,False,UNAVAILABLE,DISABLED,DISABLED,DISABLED,UNAVAILABLE,DISABLED,27.94537176284939,11.647070859093219,54.01933128293604
1,8,0.850487470626831,4.586709110299125e-06,0.07515227794647217,0.022936489433050156,2.2933545551495627e-06,0.037576138973236084,0.011468244716525078,0.8995341062545776,32,False,UNAVAILABLE,DISABLED,DISABLED,DISABLED,UNAVAILABLE,DISABLED,27.94537176284939,11.647070859093219,54.01933128293604
1,9,0.7632837295532227,4.2878355088760145e-06,0.0774640440940857,-0.011036470532417297,2.1439177544380073e-06,0.03873202204704285,-0.005518235266208649,0.7964996695518494,32,False,UNAVAILABLE,DISABLED,DISABLED,DISABLED,UNAVAILABLE,DISABLED,27.94537176284939,11.647070859093219,54.01933128293604
1,10,0.7203440070152283,4.683391580329044e-06,0.05746561288833618,0.02610921673476696,2.341695790164522e-06,0.02873280644416809,0.01305460836738348,0.7621337175369263,32,False,UNAVAILABLE,DISABLED,DISABLED,DISABLED,UNAVAILABLE,DISABLED,27.94537176284939,11.647070859093219,54.01933128293604
1,11,0.7778836488723755,3.0103301469353028e-06,0.05281877517700195,-0.01015494391322136,1.5051650734676514e-06,0.026409387588500977,-0.00507747195661068,0.7992170453071594,32,False,UNAVAILABLE,DISABLED,DISABLED,DISABLED,UNAVAILABLE,DISABLED,27.94537176284939,11.647070859093219,54.01933128293604
1,12,0.872538149356842,3.5715590911422623e-06,0.07086586952209473,0.00819445215165615,1.7857795455711312e-06,0.03543293476104736,0.004097226075828075,0.912070095539093,32,False,UNAVAILABLE,DISABLED,DISABLED,DISABLED,UNAVAILABLE,DISABLED,27.94537176284939,11.647070859093219,54.01933128293604
1,13,0.7602587938308716,4.91868286189856e-06,0.07093006372451782,0.008278058841824532,2.45934143094928e-06,0.03546503186225891,0.004139029420912266,0.7998653054237366,32,False,UNAVAILABLE,DISABLED,DISABLED,DISABLED,UNAVAILABLE,DISABLED,27.94537176284939,11.647070859093219,54.01933128293604
1,14,0.7972214221954346,2.6021684789157007e-06,0.06992483139038086,-0.02763136476278305,1.3010842394578503e-06,0.03496241569519043,-0.013815682381391525,0.818369448184967,32,False,UNAVAILABLE,DISABLED,DISABLED,DISABLED,UNAVAILABLE,DISABLED,27.94537176284939,11.647070859093219,54.01933128293604
1,15,0.7063117623329163,4.459521278477041e-06,0.04798024892807007,0.017327915877103806,2.2297606392385205e-06,0.023990124464035034,0.008663957938551903,0.7389680743217468,32,False,UNAVAILABLE,DISABLED,DISABLED,DISABLED,UNAVAILABLE,DISABLED,27.94537176284939,11.647070859093219,54.01933128293604
1,16,0.8014975786209106,4.2503215809119865e-06,0.06620204448699951,0.0012560151517391205,2.1251607904559933e-06,0.033101022243499756,0.0006280075758695602,0.8352287411689758,32,False,UNAVAILABLE,DISABLED,DISABLED,DISABLED,UNAVAILABLE,DISABLED,27.94537176284939,11.647070859093219,54.01933128293604
1,17,0.7061401605606079,4.368033387436299e-06,0.04644465446472168,0.010577909648418427,2.1840166937181493e-06,0.02322232723236084,0.005288954824209213,0.734653651714325,32,False,UNAVAILABLE,DISABLED,DISABLED,DISABLED,UNAVAILABLE,DISABLED,27.94537176284939,11.647070859093219,54.01933128293604
1,18,0.8083493113517761,3.2030086458689766e-06,0.10390830039978027,-0.009677477180957794,1.6015043229344883e-06,0.05195415019989014,-0.004838738590478897,0.8554663062095642,32,False,UNAVAILABLE,DISABLED,DISABLED,DISABLED,UNAVAILABLE,DISABLED,27.94537176284939,11.647070859093219,54.01933128293604
1,19,0.7395272850990295,2.917303163485485e-06,0.04009777307510376,0.020007412880659103,1.4586515817427426e-06,0.02004888653755188,0.010003706440329552,0.7695813179016113,32,False,UNAVAILABLE,DISABLED,DISABLED,DISABLED,UNAVAILABLE,DISABLED,27.94537176284939,11.647070859093219,54.01933128293604
1,20,0.7282547354698181,2.55418808592367e-06,0.04523301124572754,-0.021083932369947433,1.277094042961835e-06,0.02261650562286377,-0.010541966184973717,0.7403305172920227,32,False,UNAVAILABLE,DISABLED,DISABLED,DISABLED,UNAVAILABLE,DISABLED,27.94537176284939,11.647070859093219,54.01933128293604
1,21,0.6890553832054138,3.5401210425334284e-06,0.04027605056762695,0.024748271331191063,1.7700605212667142e-06,0.020138025283813477,0.012374135665595531,0.7215693593025208,32,False,UNAVAILABLE,DISABLED,DISABLED,DISABLED,UNAVAILABLE,DISABLED,27.94537176284939,11.647070859093219,54.01933128293604
1,22,0.6688388586044312,2.2544425064552343e-06,0.03851509094238281,0.014392480254173279,1.1272212532276171e-06,0.019257545471191406,0.007196240127086639,0.6952937841415405,32,False,UNAVAILABLE,DISABLED,DISABLED,DISABLED,UNAVAILABLE,DISABLED,27.94537176284939,11.647070859093219,54.01933128293604
1,23,0.6900805830955505,3.443429932303843e-06,0.05770641565322876,0.049235276877880096,1.7217149661519215e-06,0.02885320782661438,0.024617638438940048,0.743553102016449,32,False,UNAVAILABLE,DISABLED,DISABLED,DISABLED,UNAVAILABLE,DISABLED,27.94537176284939,11.647070859093219,54.01933128293604
1,24,0.8144213557243347,5.432689704321092e-06,0.1067761778831482,0.03932226821780205,2.716344852160546e-06,0.0533880889415741,0.019661134108901024,0.8874732851982117,32,False,UNAVAILABLE,DISABLED,DISABLED,DISABLED,UNAVAILABLE,DISABLED,27.94537176284939,11.647070859093219,54.01933128293604
1,25,0.8269180059432983,2.415243216091767e-06,0.03489887714385986,0.02051575481891632,1.2076216080458835e-06,0.01744943857192993,0.01025787740945816,0.8546265363693237,32,False,UNAVAILABLE,DISABLED,DISABLED,DISABLED,UNAVAILABLE,DISABLED,27.94537176284939,11.647070859093219,54.01933128293604
1,26,0.7051937580108643,4.236170298099751e-06,0.05782890319824219,0.03811802342534065,2.1180851490498753e-06,0.028914451599121094,0.019059011712670326,0.7531693577766418,32,False,UNAVAILABLE,DISABLED,DISABLED,DISABLED,UNAVAILABLE,DISABLED,27.94537176284939,11.647070859093219,54.01933128293604
1,27,0.7268853187561035,2.924117552538519e-06,0.041495561599731445,0.010479763150215149,1.4620587762692594e-06,0.020747780799865723,0.0052398815751075745,0.752874493598938,32,False,UNAVAILABLE,DISABLED,DISABLED,DISABLED,UNAVAILABLE,DISABLED,27.94537176284939,11.647070859093219,54.01933128293604
1,28,0.7116901874542236,3.4587044410727685e-06,0.037454307079315186,0.033975496888160706,1.7293522205363843e-06,0.018727153539657593,0.016987748444080353,0.7474067807197571,32,False,UNAVAILABLE,DISABLED,DISABLED,DISABLED,UNAVAILABLE,DISABLED,27.94537176284939,11.647070859093219,54.01933128293604
1,29,0.6729623079299927,3.280194277976989e-06,0.04167640209197998,0.0484284870326519,1.6400971389884944e-06,0.02083820104598999,0.02421424351632595,0.7180164456367493,32,False,UNAVAILABLE,DISABLED,DISABLED,DISABLED,UNAVAILABLE,DISABLED,27.94537176284939,11.647070859093219,54.01933128293604
1,30,0.646207332611084,7.526581612182781e-06,0.08163022994995117,-0.012628469616174698,3.7632908060913906e-06,0.040815114974975586,-0.006314234808087349,0.6807119846343994,32,False,UNAVAILABLE,DISABLED,DISABLED,DISABLED,UNAVAILABLE,DISABLED,27.94537176284939,11.647070859093219,54.01933128293604
1,31,0.7461408376693726,3.901643594872439e-06,0.04935145378112793,0.020978771150112152,1.9508217974362196e-06,0.024675726890563965,0.010489385575056076,0.7813079357147217,32,False,UNAVAILABLE,DISABLED,DISABLED,DISABLED,UNAVAILABLE,DISABLED,27.94537176284939,11.647070859093219,54.01933128293604
1,32,0.6952025890350342,5.188986506254878e-06,0.06854301691055298,0.07789570093154907,2.594493253127439e-06,0.03427150845527649,0.038947850465774536,0.7684245109558105,32,False,UNAVAILABLE,DISABLED,DISABLED,DISABLED,UNAVAILABLE,DISABLED,27.94537176284939,11.647070859093219,54.01933128293604
1,33,0.7267634868621826,4.4198350224178284e-06,0.07582026720046997,0.07190494984388351,2.2099175112089142e-06,0.037910133600234985,0.03595247492194176,0.8006283044815063,32,False,UNAVAILABLE,DISABLED,DISABLED,DISABLED,UNAVAILABLE,DISABLED,27.94537176284939,11.647070859093219,54.01933128293604
1,34,0.7153872847557068,3.0345133836817695e-06,0.04976755380630493,0.06549741327762604,1.5172566918408847e-06,0.024883776903152466,0.03274870663881302,0.7730212211608887,32,False,UNAVAILABLE,DISABLED,DISABLED,DISABLED,UNAVAILABLE,DISABLED,27.94537176284939,11.647070859093219,54.01933128293604
1,35,0.6075607538223267,5.391803824750241e-06,0.06672459840774536,0.058745890855789185,2.6959019123751204e-06,0.03336229920387268,0.029372945427894592,0.67029869556427,32,False,UNAVAILABLE,DISABLED,DISABLED,DISABLED,UNAVAILABLE,DISABLED,27.94537176284939,11.647070859093219,54.01933128293604
1,36,0.7368440628051758,4.651312792702811e-06,0.052673935890197754,0.06937462091445923,2.3256563963514054e-06,0.026336967945098877,0.034687310457229614,0.7978706359863281,32,False,UNAVAILABLE,DISABLED,DISABLED,DISABLED,UNAVAILABLE,DISABLED,27.94537176284939,11.647070859093219,54.01933128293604
1,37,0.6928440928459167,4.27121221946436e-06,0.040412962436676025,0.07352260500192642,2.13560610973218e-06,0.020206481218338013,0.03676130250096321,0.7498140335083008,32,False,UNAVAILABLE,DISABLED,DISABLED,DISABLED,UNAVAILABLE,DISABLED,27.94537176284939,11.647070859093219,54.01933128293604
1,38,0.7006032466888428,4.1401312955713365e-06,0.07629108428955078,0.0914539024233818,2.0700656477856683e-06,0.03814554214477539,0.0457269512116909,0.7844778299331665,32,False,UNAVAILABLE,DISABLED,DISABLED,DISABLED,UNAVAILABLE,DISABLED,27.94537176284939,11.647070859093219,54.01933128293604
1,39,0.6081430912017822,5.282411621010397e-06,0.04888874292373657,0.05225708708167076,2.6412058105051983e-06,0.024444371461868286,0.02612854354083538,0.6587185859680176,32,False,UNAVAILABLE,DISABLED,DISABLED,DISABLED,UNAVAILABLE,DISABLED,27.94537176284939,11.647070859093219,54.01933128293604
1,40,0.7191139459609985,3.929423201043392e-06,0.04821336269378662,0.07555685937404633,1.964711600521696e-06,0.02410668134689331,0.03777842968702316,0.7810010313987732,32,False,UNAVAILABLE,DISABLED,DISABLED,DISABLED,UNAVAILABLE,DISABLED,27.94537176284939,11.647070859093219,54.01933128293604
1,41,0.6871888041496277,3.5288553590362426e-06,0.05468440055847168,0.10278322547674179,1.7644276795181213e-06,0.02734220027923584,0.051391612738370895,0.7659243941307068,32,False,UNAVAILABLE,DISABLED,DISABLED,DISABLED,UNAVAILABLE,DISABLED,27.94537176284939,11.647070859093219,54.01933128293604
1,42,0.6535202264785767,3.2650484627083642e-06,0.05031299591064453,0.11229190975427628,1.6325242313541821e-06,0.025156497955322266,0.05614595487713814,0.7348242998123169,32,False,UNAVAILABLE,DISABLED,DISABLED,DISABLED,UNAVAILABLE,DISABLED,27.94537176284939,11.647070859093219,54.01933128293604
1,43,0.5895835757255554,6.239876711333636e-06,0.08461606502532959,0.09893141686916351,3.119938355666818e-06,0.042308032512664795,0.04946570843458176,0.6813604235649109,32,False,UNAVAILABLE,DISABLED,DISABLED,DISABLED,UNAVAILABLE,DISABLED,27.94537176284939,11.647070859093219,54.01933128293604
1,44,0.6235601902008057,5.4624911172140855e-06,0.06525242328643799,-0.000207606703042984,2.7312455586070428e-06,0.032626211643218994,-0.000103803351521492,0.6560853123664856,32,False,UNAVAILABLE,DISABLED,DISABLED,DISABLED,UNAVAILABLE,DISABLED,27.94537176284939,11.647070859093219,54.01933128293604
1,45,0.6439290642738342,6.3423517531191465e-06,0.05061298608779907,0.09681323170661926,3.1711758765595732e-06,0.025306493043899536,0.04840661585330963,0.7176452875137329,32,False,UNAVAILABLE,DISABLED,DISABLED,DISABLED,UNAVAILABLE,DISABLED,27.94537176284939,11.647070859093219,54.01933128293604
1,46,0.5599188208580017,5.270933797874022e-06,0.05718463659286499,0.06815105676651001,2.635466898937011e-06,0.028592318296432495,0.034075528383255005,0.6225892305374146,32,False,UNAVAILABLE,DISABLED,DISABLED,DISABLED,UNAVAILABLE,DISABLED,27.94537176284939,11.647070859093219,54.01933128293604
1,47,0.6203430891036987,3.752196562345489e-06,0.033251047134399414,0.04382769390940666,1.8760982811727445e-06,0.016625523567199707,0.02191384695470333,0.6588842868804932,32,False,UNAVAILABLE,DISABLED,DISABLED,DISABLED,UNAVAILABLE,DISABLED,27.94537176284939,11.647070859093219,54.01933128293604
1,48,0.6523360013961792,5.055936526332516e-06,0.07617336511611938,0.045277684926986694,2.527968263166258e-06,0.03808668255805969,0.022638842463493347,0.7130640149116516,32,False,UNAVAILABLE,DISABLED,DISABLED,DISABLED,UNAVAILABLE,DISABLED,27.94537176284939,11.647070859093219,54.01933128293604
1,49,0.7220919728279114,5.157425221113954e-06,0.06427943706512451,0.078900046646595,2.578712610556977e-06,0.032139718532562256,0.0394500233232975,0.7936843037605286,32,False,UNAVAILABLE,DISABLED,DISABLED,DISABLED,UNAVAILABLE,DISABLED,27.94537176284939,11.647070859093219,54.01933128293604
1,50,0.660614550113678,5.390626483858796e-06,0.04602545499801636,0.05014166980981827,2.695313241929398e-06,0.02301272749900818,0.025070834904909134,0.7087008357048035,32,False,UNAVAILABLE,DISABLED,DISABLED,DISABLED,UNAVAILABLE,DISABLED,27.94537176284939,11.647070859093219,54.01933128293604
1,51,0.6850724816322327,2.9103614451742033e-06,0.03463554382324219,0.09279180318117142,1.4551807225871016e-06,0.017317771911621094,0.04639590159058571,0.7487875819206238,32,False,UNAVAILABLE,DISABLED,DISABLED,DISABLED,UNAVAILABLE,DISABLED,27.94537176284939,11.647070859093219,54.01933128293604
1,52,0.5397723913192749,5.094148491480155e-06,0.05639779567718506,0.049687761813402176,2.5470742457400775e-06,0.02819889783859253,0.024843880906701088,0.5928177237510681,32,False,UNAVAILABLE,DISABLED,DISABLED,DISABLED,UNAVAILABLE,DISABLED,27.94537176284939,11.647070859093219,54.01933128293604
1,53,0.5569435954093933,8.728023203730118e-06,0.10848784446716309,0.008364580571651459,4.364011601865059e-06,0.05424392223358154,0.004182290285825729,0.6153741478919983,32,False,UNAVAILABLE,DISABLED,DISABLED,DISABLED,UNAVAILABLE,DISABLED,27.94537176284939,11.647070859093219,54.01933128293604
1,54,0.6512199640274048,4.886676379101118e-06,0.04973059892654419,0.045947570353746414,2.443338189550559e-06,0.024865299463272095,0.022973785176873207,0.6990615129470825,32,False,UNAVAILABLE,DISABLED,DISABLED,DISABLED,UNAVAILABLE,DISABLED,27.94537176284939,11.647070859093219,54.01933128293604
1,55,0.6168906688690186,1.0738601304183248e-05,0.06987994909286499,0.06654834747314453,5.369300652091624e-06,0.034939974546432495,0.033274173736572266,0.6851102113723755,32,False,UNAVAILABLE,DISABLED,DISABLED,DISABLED,UNAVAILABLE,DISABLED,27.94537176284939,11.647070859093219,54.01933128293604
1,56,0.6038291454315186,8.420983249379788e-06,0.06401270627975464,0.06254081428050995,4.210491624689894e-06,0.03200635313987732,0.031270407140254974,0.6671100854873657,32,False,UNAVAILABLE,DISABLED,DISABLED,DISABLED,UNAVAILABLE,DISABLED,27.94537176284939,11.647070859093219,54.01933128293604
1,57,0.7422369718551636,6.275980467762565e-06,0.048331499099731445,0.03517435863614082,3.1379902338812826e-06,0.024165749549865723,0.01758717931807041,0.7839930653572083,32,False,UNAVAILABLE,DISABLED,DISABLED,DISABLED,UNAVAILABLE,DISABLED,27.94537176284939,11.647070859093219,54.01933128293604
1,58,0.5811822414398193,5.804874945170013e-06,0.055304527282714844,0.015826746821403503,2.9024374725850066e-06,0.027652263641357422,0.007913373410701752,0.6167507767677307,32,False,UNAVAILABLE,DISABLED,DISABLED,DISABLED,UNAVAILABLE,DISABLED,27.94537176284939,11.647070859093219,54.01933128293604
1,59,0.6301155090332031,4.235760115989251e-06,0.050841450691223145,0.033969949930906296,2.1178800579946255e-06,0.025420725345611572,0.016984974965453148,0.6725233793258667,32,False,UNAVAILABLE,DISABLED,DISABLED,DISABLED,UNAVAILABLE,DISABLED,27.94537176284939,11.647070859093219,54.01933128293604
1,60,0.6201324462890625,2.6712095859693363e-06,0.02273505926132202,0.03905169665813446,1.3356047929846682e-06,0.01136752963066101,0.01952584832906723,0.6510271430015564,32,False,UNAVAILABLE,DISABLED,DISABLED,DISABLED,UNAVAILABLE,DISABLED,27.94537176284939,11.647070859093219,54.01933128293604
1,61,0.5932289958000183,6.1354930949164554e-06,0.04824179410934448,0.018544644117355347,3.0677465474582277e-06,0.02412089705467224,0.009272322058677673,0.6266252994537354,32,False,UNAVAILABLE,DISABLED,DISABLED,DISABLED,UNAVAILABLE,DISABLED,27.94537176284939,11.647070859093219,54.01933128293604
1,62,0.6515629887580872,6.782128366467077e-06,0.062460124492645264,0.04616574943065643,3.3910641832335386e-06,0.031230062246322632,0.023082874715328217,0.7058793306350708,32,False,UNAVAILABLE,DISABLED,DISABLED,DISABLED,UNAVAILABLE,DISABLED,27.94537176284939,11.647070859093219,54.01933128293604
1,63,0.6066023111343384,5.663230695063248e-06,0.05250149965286255,0.08924678713083267,2.831615347531624e-06,0.026250749826431274,0.044623393565416336,0.6774792671203613,32,False,UNAVAILABLE,DISABLED,DISABLED,DISABLED,UNAVAILABLE,DISABLED,27.94537176284939,11.647070859093219,54.01933128293604
1,64,0.5242716073989868,6.442554877139628e-06,0.09201163053512573,0.04248640686273575,3.221277438569814e-06,0.046005815267562866,0.021243203431367874,0.5915238857269287,32,False,UNAVAILABLE,DISABLED,DISABLED,DISABLED,UNAVAILABLE,DISABLED,27.94537176284939,11.647070859093219,54.01933128293604
1,65,0.6561955809593201,5.732330919272499e-06,0.04426681995391846,0.0954677164554596,2.8661654596362496e-06,0.02213340997695923,0.0477338582277298,0.7260656952857971,32,False,UNAVAILABLE,DISABLED,DISABLED,DISABLED,UNAVAILABLE,DISABLED,27.94537176284939,11.647070859093219,54.01933128293604
1,66,0.5619150400161743,4.95840367875644e-06,0.04808974266052246,0.102501779794693,2.47920183937822e-06,0.02404487133026123,0.0512508898973465,0.6372132897377014,32,False,UNAVAILABLE,DISABLED,DISABLED,DISABLED,UNAVAILABLE,DISABLED,27.94537176284939,11.647070859093219,54.01933128293604
1,67,0.5833282470703125,4.835264007851947e-06,0.03211277723312378,0.041591398417949677,2.4176320039259735e-06,0.01605638861656189,0.020795699208974838,0.6201827526092529,32,False,UNAVAILABLE,DISABLED,DISABLED,DISABLED,UNAVAILABLE,DISABLED,27.94537176284939,11.647070859093219,54.01933128293604
1,68,0.623772382736206,6.35802553006215e-06,0.06930196285247803,0.052111171185970306,3.179012765031075e-06,0.034650981426239014,0.026055585592985153,0.6844820976257324,32,False,UNAVAILABLE,DISABLED,DISABLED,DISABLED,UNAVAILABLE,DISABLED,27.94537176284939,11.647070859093219,54.01933128293604
1,69,0.5646498799324036,5.402372153184842e-06,0.03869730234146118,0.05124359577894211,2.701186076592421e-06,0.01934865117073059,0.025621797889471054,0.6096229553222656,32,False,UNAVAILABLE,DISABLED,DISABLED,DISABLED,UNAVAILABLE,DISABLED,27.94537176284939,11.647070859093219,54.01933128293604
1,70,0.6419805288314819,4.681598966271849e-06,0.04636794328689575,0.046164095401763916,2.3407994831359247e-06,0.023183971643447876,0.023082047700881958,0.688248872756958,32,False,UNAVAILABLE,DISABLED,DISABLED,DISABLED,UNAVAILABLE,DISABLED,27.94537176284939,11.647070859093219,54.01933128293604
1,71,0.5609966516494751,6.853899321868084e-06,0.04662865400314331,0.08837088942527771,3.426949660934042e-06,0.023314327001571655,0.044185444712638855,0.6284998059272766,32,False,UNAVAILABLE,DISABLED,DISABLED,DISABLED,UNAVAILABLE,DISABLED,27.94537176284939,11.647070859093219,54.01933128293604
1,72,0.5618820190429688,4.0979675759444945e-06,0.06012314558029175,0.05544327199459076,2.0489837879722472e-06,0.030061572790145874,0.02772163599729538,0.6196672916412354,32,False,UNAVAILABLE,DISABLED,DISABLED,DISABLED,UNAVAILABLE,DISABLED,27.94537176284939,11.647070859093219,54.01933128293604
1,73,0.585929811000824,4.795677341462579e-06,0.0641700029373169,0.11835482716560364,2.3978386707312893e-06,0.03208500146865845,0.05917741358280182,0.6771945953369141,32,False,UNAVAILABLE,DISABLED,DISABLED,DISABLED,UNAVAILABLE,DISABLED,27.94537176284939,11.647070859093219,54.01933128293604
1,74,0.5665261149406433,4.069464011990931e-06,0.034373342990875244,0.09027490019798279,2.0347320059954654e-06,0.017186671495437622,0.045137450098991394,0.6288523077964783,32,False,UNAVAILABLE,DISABLED,DISABLED,DISABLED,UNAVAILABLE,DISABLED,27.94537176284939,11.647070859093219,54.01933128293604
1,75,0.6181954741477966,3.6110927794652525e-06,0.03638148307800293,0.0482034757733345,1.8055463897326263e-06,0.018190741539001465,0.02410173788666725,0.6604897379875183,32,False,UNAVAILABLE,DISABLED,DISABLED,DISABLED,UNAVAILABLE,DISABLED,27.94537176284939,11.647070859093219,54.01933128293604
1,76,0.5586898922920227,6.014791324560065e-06,0.05841028690338135,0.07400628924369812,3.0073956622800324e-06,0.029205143451690674,0.03700314462184906,0.6249011754989624,32,False,UNAVAILABLE,DISABLED,DISABLED,DISABLED,UNAVAILABLE,DISABLED,27.94537176284939,11.647070859093219,54.01933128293604
1,77,0.5301523208618164,2.6781119686347665e-06,0.03515273332595825,0.043442241847515106,1.3390559843173833e-06,0.017576366662979126,0.021721120923757553,0.569451093673706,32,False,UNAVAILABLE,DISABLED,DISABLED,DISABLED,UNAVAILABLE,DISABLED,27.94537176284939,11.647070859093219,54.01933128293604
1,78,0.574993371963501,6.889512405905407e-06,0.04381817579269409,0.11165769398212433,3.4447562029527035e-06,0.021909087896347046,0.055828846991062164,0.6527348160743713,32,False,UNAVAILABLE,DISABLED,DISABLED,DISABLED,UNAVAILABLE,DISABLED,27.94537176284939,11.647070859093219,54.01933128293604
1,79,0.5449221134185791,6.673168172710575e-06,0.05112934112548828,0.07516934722661972,3.3365840863552876e-06,0.02556467056274414,0.03758467361330986,0.6080747842788696,32,False,UNAVAILABLE,DISABLED,DISABLED,DISABLED,UNAVAILABLE,DISABLED,27.94537176284939,11.647070859093219,54.01933128293604
1,80,0.5339382886886597,3.655661657830933e-06,0.04630035161972046,0.0013342946767807007,1.8278308289154666e-06,0.02315017580986023,0.0006671473383903503,0.5577574372291565,32,False,UNAVAILABLE,DISABLED,DISABLED,DISABLED,UNAVAILABLE,DISABLED,27.94537176284939,11.647070859093219,54.01933128293604
1,81,0.5789293050765991,7.656541129108518e-06,0.05567359924316406,0.08201253414154053,3.828270564554259e-06,0.02783679962158203,0.041006267070770264,0.647776186466217,32,False,UNAVAILABLE,DISABLED,DISABLED,DISABLED,UNAVAILABLE,DISABLED,27.94537176284939,11.647070859093219,54.01933128293604
1,82,0.565679669380188,6.069939445296768e-06,0.04483294486999512,0.06368613988161087,3.034969722648384e-06,0.02241647243499756,0.031843069940805435,0.6199422478675842,32,False,UNAVAILABLE,DISABLED,DISABLED,DISABLED,UNAVAILABLE,DISABLED,27.94537176284939,11.647070859093219,54.01933128293604
1,83,0.5391772985458374,3.276310962974094e-06,0.033412158489227295,0.07446512579917908,1.638155481487047e-06,0.016706079244613647,0.03723256289958954,0.5931175351142883,32,False,UNAVAILABLE,DISABLED,DISABLED,DISABLED,UNAVAILABLE,DISABLED,27.94537176284939,11.647070859093219,54.01933128293604
1,84,0.5621590614318848,3.383783905519522e-06,0.031205296516418457,0.01922476291656494,1.691891952759761e-06,0.015602648258209229,0.00961238145828247,0.5873757600784302,32,False,UNAVAILABLE,DISABLED,DISABLED,DISABLED,UNAVAILABLE,DISABLED,27.94537176284939,11.647070859093219,54.01933128293604
1,85,0.5588470697402954,4.5904894250270445e-06,0.03645646572113037,0.07686783373355865,2.2952447125135222e-06,0.018228232860565186,0.03843391686677933,0.6155115365982056,32,False,UNAVAILABLE,DISABLED,DISABLED,DISABLED,UNAVAILABLE,DISABLED,27.94537176284939,11.647070859093219,54.01933128293604
1,86,0.5024468898773193,5.3816761464986484e-06,0.03871893882751465,0.06166565418243408,2.6908380732493242e-06,0.019359469413757324,0.03083282709121704,0.5526418685913086,32,False,UNAVAILABLE,DISABLED,DISABLED,DISABLED,UNAVAILABLE,DISABLED,27.94537176284939,11.647070859093219,54.01933128293604
1,87,0.48192209005355835,3.5900154671253404e-06,0.03236585855484009,0.06556341052055359,1.7950077335626702e-06,0.016182929277420044,0.032781705260276794,0.5308884978294373,32,False,UNAVAILABLE,DISABLED,DISABLED,DISABLED,UNAVAILABLE,DISABLED,27.94537176284939,11.647070859093219,54.01933128293604
1,88,0.5386278629302979,3.890779225912411e-06,0.03176999092102051,0.08207365870475769,1.9453896129562054e-06,0.015884995460510254,0.041036829352378845,0.5955516695976257,32,False,UNAVAILABLE,DISABLED,DISABLED,DISABLED,UNAVAILABLE,DISABLED,27.94537176284939,11.647070859093219,54.01933128293604
1,89,0.5796929001808167,4.662946594180539e-06,0.0307009220123291,0.05255867540836334,2.3314732970902696e-06,0.01535046100616455,0.02627933770418167,0.6213250160217285,32,False,UNAVAILABLE,DISABLED,DISABLED,DISABLED,UNAVAILABLE,DISABLED,27.94537176284939,11.647070859093219,54.01933128293604
1,90,0.5724565386772156,3.0352243811648805e-06,0.02891319990158081,0.027254298329353333,1.5176121905824402e-06,0.014456599950790405,0.013627149164676666,0.6005418300628662,32,False,UNAVAILABLE,DISABLED,DISABLED,DISABLED,UNAVAILABLE,DISABLED,27.94537176284939,11.647070859093219,54.01933128293604
1,91,0.5612401962280273,4.815766260435339e-06,0.02687937021255493,0.06422170996665955,2.4078831302176695e-06,0.013439685106277466,0.03211085498332977,0.6067931056022644,32,False,UNAVAILABLE,DISABLED,DISABLED,DISABLED,UNAVAILABLE,DISABLED,27.94537176284939,11.647070859093219,54.01933128293604
1,92,0.5343863368034363,4.013463694718666e-06,0.037251055240631104,0.018144279718399048,2.006731847359333e-06,0.018625527620315552,0.009072139859199524,0.5620860457420349,32,False,UNAVAILABLE,DISABLED,DISABLED,DISABLED,UNAVAILABLE,DISABLED,27.94537176284939,11.647070859093219,54.01933128293604
1,93,0.5399867296218872,3.9508481677330565e-06,0.03501397371292114,0.02231435477733612,1.9754240838665282e-06,0.01750698685646057,0.01115717738866806,0.568652868270874,32,False,UNAVAILABLE,DISABLED,DISABLED,DISABLED,UNAVAILABLE,DISABLED,27.94537176284939,11.647070859093219,54.01933128293604
1,94,0.5521031618118286,7.92681566963438e-06,0.06090748310089111,0.0374763160943985,3.96340783481719e-06,0.030453741550445557,0.01873815804719925,0.601298987865448,32,False,UNAVAILABLE,DISABLED,DISABLED,DISABLED,UNAVAILABLE,DISABLED,27.94537176284939,11.647070859093219,54.01933128293604
1,95,0.5300024747848511,3.4972267712873872e-06,0.04463773965835571,0.01963786780834198,1.7486133856436936e-06,0.022318869829177856,0.00981893390417099,0.562142014503479,32,False,UNAVAILABLE,DISABLED,DISABLED,DISABLED,UNAVAILABLE,DISABLED,27.94537176284939,11.647070859093219,54.01933128293604
1,96,0.5329419374465942,4.119866389373783e-06,0.054251670837402344,0.025248661637306213,2.0599331946868915e-06,0.027125835418701172,0.012624330818653107,0.5726941823959351,32,False,UNAVAILABLE,DISABLED,DISABLED,DISABLED,UNAVAILABLE,DISABLED,27.94537176284939,11.647070859093219,54.01933128293604
1,97,0.4739164113998413,4.7573471420037095e-06,0.03664541244506836,0.03134050965309143,2.3786735710018547e-06,0.01832270622253418,0.015670254826545715,0.507911741733551,32,False,UNAVAILABLE,DISABLED,DISABLED,DISABLED,UNAVAILABLE,DISABLED,27.94537176284939,11.647070859093219,54.01933128293604
1,98,0.4941566586494446,3.2217430998571217e-06,0.03816354274749756,0.07042449712753296,1.6108715499285609e-06,0.01908177137374878,0.03521224856376648,0.5484522581100464,32,False,UNAVAILABLE,DISABLED,DISABLED,DISABLED,UNAVAILABLE,DISABLED,27.94537176284939,11.647070859093219,54.01933128293604
1,99,0.5028321743011475,4.9998648137261625e-06,0.05936741828918457,0.06594991683959961,2.4999324068630813e-06,0.029683709144592285,0.032974958419799805,0.5654933452606201,32,False,UNAVAILABLE,DISABLED,DISABLED,DISABLED,UNAVAILABLE,DISABLED,27.94537176284939,11.647070859093219,54.01933128293604
1,100,0.5331522226333618,4.58837348560337e-06,0.035228610038757324,0.06512141227722168,2.294186742801685e-06,0.017614305019378662,0.03256070613861084,0.5833294987678528,32,False,UNAVAILABLE,DISABLED,DISABLED,DISABLED,UNAVAILABLE,DISABLED,27.94537176284939,11.647070859093219,54.01933128293604
2,1,0.34776434302330017,4.8034039537014905e-06,0.054510533809661865,0.01206953451037407,2.4017019768507453e-06,0.027255266904830933,0.006034767255187035,0.3810567855834961,32,False,UNAVAILABLE,DISABLED,DISABLED,DISABLED,UNAVAILABLE,DISABLED,27.562901661731303,9.24739812896587,37.044983386062086
2,2,0.3876771926879883,3.466943780949805e-06,0.025534749031066895,0.001584324985742569,1.7334718904749025e-06,0.012767374515533447,0.0007921624928712845,0.40123847126960754,32,False,UNAVAILABLE,DISABLED,DISABLED,DISABLED,UNAVAILABLE,DISABLED,27.562901661731303,9.24739812896587,37.044983386062086
2,3,0.36819198727607727,4.909584276902024e-06,0.06867212057113647,0.00845082476735115,2.454792138451012e-06,0.03433606028556824,0.004225412383675575,0.40675589442253113,32,False,UNAVAILABLE,DISABLED,DISABLED,DISABLED,UNAVAILABLE,DISABLED,27.562901661731303,9.24739812896587,37.044983386062086
2,4,0.3680626451969147,5.880342996533727e-06,0.05633509159088135,-0.013749174773693085,2.9401714982668636e-06,0.028167545795440674,-0.006874587386846542,0.3893585503101349,32,False,UNAVAILABLE,DISABLED,DISABLED,DISABLED,UNAVAILABLE,DISABLED,27.562901661731303,9.24739812896587,37.044983386062086
2,5,0.4088708758354187,5.047168087912723e-06,0.040940284729003906,0.0069299787282943726,2.5235840439563617e-06,0.020470142364501953,0.0034649893641471863,0.4328085482120514,32,False,UNAVAILABLE,DISABLED,DISABLED,DISABLED,UNAVAILABLE,DISABLED,27.562901661731303,9.24739812896587,37.044983386062086
2,6,0.3155583143234253,4.961469130648766e-06,0.04756951332092285,0.0023090988397598267,2.480734565324383e-06,0.023784756660461426,0.0011545494198799133,0.3405000865459442,32,False,UNAVAILABLE,DISABLED,DISABLED,DISABLED,UNAVAILABLE,DISABLED,27.562901661731303,9.24739812896587,37.044983386062086
2,7,0.32808202505111694,3.0987439458840527e-06,0.03722113370895386,0.002579793334007263,1.5493719729420263e-06,0.01861056685447693,0.0012898966670036316,0.34798404574394226,32,False,UNAVAILABLE,DISABLED,DISABLED,DISABLED,UNAVAILABLE,DISABLED,27.562901661731303,9.24739812896587,37.044983386062086
2,8,0.4263874292373657,5.5016389524098486e-06,0.0521543025970459,0.005318742245435715,2.7508194762049243e-06,0.02607715129852295,0.0026593711227178574,0.45512670278549194,32,False,UNAVAILABLE,DISABLED,DISABLED,DISABLED,UNAVAILABLE,DISABLED,27.562901661731303,9.24739812896587,37.044983386062086
2,9,0.39400625228881836,6.763185865565902e-06,0.084511399269104,0.00791168212890625,3.381592932782951e-06,0.042255699634552,0.003955841064453125,0.4402211606502533,32,False,UNAVAILABLE,DISABLED,DISABLED,DISABLED,UNAVAILABLE,DISABLED,27.562901661731303,9.24739812896587,37.044983386062086
2,10,0.3228495717048645,3.509648649924202e-06,0.030809462070465088,0.0019430555403232574,1.754824324962101e-06,0.015404731035232544,0.0009715277701616287,0.3392275869846344,32,False,UNAVAILABLE,DISABLED,DISABLED,DISABLED,UNAVAILABLE,DISABLED,27.562901661731303,9.24739812896587,37.044983386062086
2,11,0.38951265811920166,5.20457751918002e-06,0.037709176540374756,-0.012652657926082611,2.60228875959001e-06,0.018854588270187378,-0.0063263289630413055,0.40204352140426636,32,False,UNAVAILABLE,DISABLED,DISABLED,DISABLED,UNAVAILABLE,DISABLED,27.562901661731303,9.24739812896587,37.044983386062086
2,12,0.4973589777946472,5.762460659752833e-06,0.05635511875152588,0.01820901222527027,2.8812303298764164e-06,0.02817755937576294,0.009104506112635136,0.5346438884735107,32,False,UNAVAILABLE,DISABLED,DISABLED,DISABLED,UNAVAILABLE,DISABLED,27.562901661731303,9.24739812896587,37.044983386062086
2,13,0.31166642904281616,6.593006219191011e-06,0.06890130043029785,0.006977299228310585,3.2965031095955055e-06,0.034450650215148926,0.0034886496141552925,0.34960904717445374,32,False,UNAVAILABLE,DISABLED,DISABLED,DISABLED,UNAVAILABLE,DISABLED,27.562901661731303,9.24739812896587,37.044983386062086
2,14,0.4044495224952698,5.030378815717995e-06,0.03805983066558838,-0.019877811893820763,2.5151894078589976e-06,0.01902991533279419,-0.009938905946910381,0.41354304552078247,32,False,UNAVAILABLE,DISABLED,DISABLED,DISABLED,UNAVAILABLE,DISABLED,27.562901661731303,9.24739812896587,37.044983386062086
2,15,0.31448832154273987,5.625486664939672e-06,0.03354984521865845,0.011900700628757477,2.812743332469836e-06,0.016774922609329224,0.005950350314378738,0.33721640706062317,32,False,UNAVAILABLE,DISABLED,DISABLED,DISABLED,UNAVAILABLE,DISABLED,27.562901661731303,9.24739812896587,37.044983386062086
2,16,0.43979865312576294,6.47076012683101e-06,0.07773089408874512,0.028535636141896248,3.235380063415505e-06,0.03886544704437256,0.014267818070948124,0.4929351806640625,32,False,UNAVAILABLE,DISABLED,DISABLED,DISABLED,UNAVAILABLE,DISABLED,27.562901661731303,9.24739812896587,37.044983386062086
2,17,0.3180200159549713,4.773530690727057e-06,0.03891950845718384,0.004107143729925156,2.3867653453635285e-06,0.01945975422859192,0.002053571864962578,0.3395357131958008,32,False,UNAVAILABLE,DISABLED,DISABLED,DISABLED,UNAVAILABLE,DISABLED,27.562901661731303,9.24739812896587,37.044983386062086
2,18,0.363981157541275,3.7660495308955433e-06,0.061099886894226074,-0.03462950885295868,1.8830247654477716e-06,0.030549943447113037,-0.01731475442647934,0.37721821665763855,32,False,UNAVAILABLE,DISABLED,DISABLED,DISABLED,UNAVAILABLE,DISABLED,27.562901661731303,9.24739812896587,37.044983386062086
2,19,0.33490368723869324,5.935047283855965e-06,0.05204540491104126,0.019077394157648087,2.9675236419279827e-06,0.02602270245552063,0.009538697078824043,0.3704680800437927,32,False,UNAVAILABLE,DISABLED,DISABLED,DISABLED,UNAVAILABLE,DISABLED,27.562901661731303,9.24739812896587,37.044983386062086
2,20,0.3255350589752197,5.150117431185208e-06,0.04308056831359863,-0.020281273871660233,2.575058715592604e-06,0.021540284156799316,-0.010140636935830116,0.33693727850914,32,False,UNAVAILABLE,DISABLED,DISABLED,DISABLED,UNAVAILABLE,DISABLED,27.562901661731303,9.24739812896587,37.044983386062086
2,21,0.2965690493583679,5.459902240545489e-06,0.037499189376831055,0.011532828211784363,2.7299511202727444e-06,0.018749594688415527,0.005766414105892181,0.3210878074169159,32,False,UNAVAILABLE,DISABLED,DISABLED,DISABLED,UNAVAILABLE,DISABLED,27.562901661731303,9.24739812896587,37.044983386062086
2,22,0.31680828332901,4.328755039750831e-06,0.05582225322723389,0.03290851414203644,2.1643775198754156e-06,0.027911126613616943,0.01645425707101822,0.3611758351325989,32,False,UNAVAILABLE,DISABLED,DISABLED,DISABLED,UNAVAILABLE,DISABLED,27.562901661731303,9.24739812896587,37.044983386062086
2,23,0.2967846989631653,4.5460064939106815e-06,0.04702192544937134,0.03851282224059105,2.2730032469553407e-06,0.02351096272468567,0.019256411120295525,0.3395543396472931,32,False,UNAVAILABLE,DISABLED,DISABLED,DISABLED,UNAVAILABLE,DISABLED,27.562901661731303,9.24739812896587,37.044983386062086
2,24,0.37875041365623474,6.526518518512603e-06,0.08544886112213135,-0.02398141473531723,3.2632592592563014e-06,0.042724430561065674,-0.011990707367658615,0.40948739647865295,32,False,UNAVAILABLE,DISABLED,DISABLED,DISABLED,UNAVAILABLE,DISABLED,27.562901661731303,9.24739812896587,37.044983386062086
2,25,0.3464277982711792,5.3114349611860234e-06,0.03279125690460205,-0.019277561455965042,2.6557174805930117e-06,0.016395628452301025,-0.009638780727982521,0.35318729281425476,32,False,UNAVAILABLE,DISABLED,DISABLED,DISABLED,UNAVAILABLE,DISABLED,27.562901661731303,9.24739812896587,37.044983386062086
2,26,0.33077311515808105,5.382493782235542e-06,0.03845381736755371,-0.00046526268124580383,2.691246891117771e-06,0.019226908683776855,-0.00023263134062290192,0.34977006912231445,32,False,UNAVAILABLE,DISABLED,DISABLED,DISABLED,UNAVAILABLE,DISABLED,27.562901661731303,9.24739812896587,37.044983386062086
2,27,0.3017772436141968,3.243144192310865e-06,0.02524775266647339,-0.010607970878481865,1.6215720961554325e-06,0.012623876333236694,-0.0053039854392409325,0.3090987503528595,32,False,UNAVAILABLE,DISABLED,DISABLED,DISABLED,UNAVAILABLE,DISABLED,27.562901661731303,9.24739812896587,37.044983386062086
2,28,0.36417677998542786,4.114851890335558e-06,0.03768789768218994,-0.009193804115056992,2.057425945167779e-06,0.01884394884109497,-0.004596902057528496,0.3784258961677551,32,False,UNAVAILABLE,DISABLED,DISABLED,DISABLED,UNAVAILABLE,DISABLED,27.562901661731303,9.24739812896587,37.044983386062086
2,29,0.2922942340373993,5.103317562316079e-06,0.0328637957572937,0.02061188779771328,2.5516587811580393e-06,0.01643189787864685,0.01030594389885664,0.3190346360206604,32,False,UNAVAILABLE,DISABLED,DISABLED,DISABLED,UNAVAILABLE,DISABLED,27.562901661731303,9.24739812896587,37.044983386062086
2,30,0.29078981280326843,7.499212642869679e-06,0.07878899574279785,-0.03254478797316551,3.7496063214348396e-06,0.039394497871398926,-0.016272393986582756,0.3139156699180603,32,False,UNAVAILABLE,DISABLED,DISABLED,DISABLED,UNAVAILABLE,DISABLED,27.562901661731303,9.24739812896587,37.044983386062086
2,31,0.36018210649490356,7.696735337958671e-06,0.0524899959564209,0.002165514975786209,3.8483676689793356e-06,0.02624499797821045,0.0010827574878931046,0.3875136971473694,32,False,UNAVAILABLE,DISABLED,DISABLED,DISABLED,UNAVAILABLE,DISABLED,27.562901661731303,9.24739812896587,37.044983386062086
2,32,0.3235308527946472,6.079767445044126e-06,0.07519936561584473,0.045486532151699066,3.039883722522063e-06,0.03759968280792236,0.022743266075849533,0.38387683033943176,32,False,UNAVAILABLE,DISABLED,DISABLED,DISABLED,UNAVAILABLE,DISABLED,27.562901661731303,9.24739812896587,37.044983386062086
2,33,0.39000073075294495,5.607603270618711e-06,0.04567980766296387,-0.03579346835613251,2.8038016353093553e-06,0.022839903831481934,-0.017896734178066254,0.3949466943740845,32,False,UNAVAILABLE,DISABLED,DISABLED,DISABLED,UNAVAILABLE,DISABLED,27.562901661731303,9.24739812896587,37.044983386062086
2,34,0.30774202942848206,6.452268280554563e-06,0.04654461145401001,-0.005549721419811249,3.2261341402772814e-06,0.023272305727005005,-0.0027748607099056244,0.328242689371109,32,False,UNAVAILABLE,DISABLED,DISABLED,DISABLED,UNAVAILABLE,DISABLED,27.562901661731303,9.24739812896587,37.044983386062086
2,35,0.2712588608264923,5.9995286392222624e-06,0.054239630699157715,-0.01991746574640274,2.9997643196111312e-06,0.027119815349578857,-0.00995873287320137,0.28842294216156006,32,False,UNAVAILABLE,DISABLED,DISABLED,DISABLED,UNAVAILABLE,DISABLED,27.562901661731303,9.24739812896587,37.044983386062086
2,36,0.36276042461395264,4.988354248780524e-06,0.03585773706436157,0.012130983173847198,2.494177124390262e-06,0.017928868532180786,0.006065491586923599,0.3867572844028473,32,False,UNAVAILABLE,DISABLED,DISABLED,DISABLED,UNAVAILABLE,DISABLED,27.562901661731303,9.24739812896587,37.044983386062086
2,37,0.3020372986793518,5.591006356553407e-06,0.03815180063247681,0.00806225836277008,2.7955031782767037e-06,0.019075900316238403,0.00403112918138504,0.3251471221446991,32,False,UNAVAILABLE,DISABLED,DISABLED,DISABLED,UNAVAILABLE,DISABLED,27.562901661731303,9.24739812896587,37.044983386062086
2,38,0.38902080059051514,6.653357559116557e-06,0.06547105312347412,-0.04440850019454956,3.3266787795582786e-06,0.03273552656173706,-0.02220425009727478,0.39955541491508484,32,False,UNAVAILABLE,DISABLED,DISABLED,DISABLED,UNAVAILABLE,DISABLED,27.562901661731303,9.24739812896587,37.044983386062086
2,39,0.2701137959957123,4.848769094678573e-06,0.046441733837127686,0.02142937481403351,2.4243845473392867e-06,0.023220866918563843,0.010714687407016754,0.3040517568588257,32,False,UNAVAILABLE,DISABLED,DISABLED,DISABLED,UNAVAILABLE,DISABLED,27.562901661731303,9.24739812896587,37.044983386062086
2,40,0.31882724165916443,4.93429297421244e-06,0.039946913719177246,-0.03050992637872696,2.46714648710622e-06,0.019973456859588623,-0.01525496318936348,0.32354819774627686,32,False,UNAVAILABLE,DISABLED,DISABLED,DISABLED,UNAVAILABLE,DISABLED,27.562901661731303,9.24739812896587,37.044983386062086
2,41,0.31389909982681274,6.279929948505014e-06,0.048554062843322754,-0.02032676339149475,3.139964974252507e-06,0.024277031421661377,-0.010163381695747375,0.32801586389541626,32,False,UNAVAILABLE,DISABLED,DISABLED,DISABLED,UNAVAILABLE,DISABLED,27.562901661731303,9.24739812896587,37.044983386062086
2,42,0.42543190717697144,8.20498462417163e-06,0.08758360147476196,0.009407620877027512,4.102492312085815e-06,0.04379180073738098,0.004703810438513756,0.4739316403865814,32,False,UNAVAILABLE,DISABLED,DISABLED,DISABLED,UNAVAILABLE,DISABLED,27.562901661731303,9.24739812896587,37.044983386062086
2,43,0.33627113699913025,5.490785497386241e-06,0.060293376445770264,-0.008258722722530365,2.7453927486931207e-06,0.030146688222885132,-0.0041293613612651825,0.36229121685028076,32,False,UNAVAILABLE,DISABLED,DISABLED,DISABLED,UNAVAILABLE,DISABLED,27.562901661731303,9.24739812896587,37.044983386062086
2,44,0.29707321524620056,4.830728812521556e-06,0.06446301937103271,-0.08302780985832214,2.415364406260778e-06,0.03223150968551636,-0.04151390492916107,0.28779321908950806,32,False,UNAVAILABLE,DISABLED,DISABLED,DISABLED,UNAVAILABLE,DISABLED,27.562901661731303,9.24739812896587,37.044983386062086
2,45,0.29998481273651123,5.714523467759136e-06,0.04888421297073364,-0.002924486994743347,2.857261733879568e-06,0.02444210648536682,-0.0014622434973716736,0.322967529296875,32,False,UNAVAILABLE,DISABLED,DISABLED,DISABLED,UNAVAILABLE,DISABLED,27.562901661731303,9.24739812896587,37.044983386062086
2,46,0.2703216075897217,4.120563971810043e-06,0.03939640522003174,-0.012556657195091248,2.0602819859050214e-06,0.01969820261001587,-0.006278328597545624,0.2837435305118561,32,False,UNAVAILABLE,DISABLED,DISABLED,DISABLED,UNAVAILABLE,DISABLED,27.562901661731303,9.24739812896587,37.044983386062086
2,47,0.3004922568798065,3.350272436364321e-06,0.03502732515335083,-0.025680288672447205,1.6751362181821605e-06,0.017513662576675415,-0.012840144336223602,0.30516743659973145,32,False,UNAVAILABLE,DISABLED,DISABLED,DISABLED,UNAVAILABLE,DISABLED,27.562901661731303,9.24739812896587,37.044983386062086
2,48,0.32385650277137756,5.686147233063821e-06,0.10799217224121094,-0.010717853903770447,2.8430736165319104e-06,0.05399608612060547,-0.005358926951885223,0.37249648571014404,32,False,UNAVAILABLE,DISABLED,DISABLED,DISABLED,UNAVAILABLE,DISABLED,27.562901661731303,9.24739812896587,37.044983386062086
2,49,0.33176136016845703,7.343001470871968e-06,0.07967770099639893,-0.07677610963582993,3.671500735435984e-06,0.03983885049819946,-0.03838805481791496,0.3332158327102661,32,False,UNAVAILABLE,DISABLED,DISABLED,DISABLED,UNAVAILABLE,DISABLED,27.562901661731303,9.24739812896587,37.044983386062086
2,50,0.4473299980163574,5.258054898149567e-06,0.04632747173309326,-0.008804574608802795,2.6290274490747834e-06,0.02316373586654663,-0.004402287304401398,0.46609407663345337,32,False,UNAVAILABLE,DISABLED,DISABLED,DISABLED,UNAVAILABLE,DISABLED,27.562901661731303,9.24739812896587,37.044983386062086
2,51,0.3011862337589264,5.828807843499817e-06,0.05648088455200195,-0.026951760053634644,2.9144039217499085e-06,0.028240442276000977,-0.013475880026817322,0.31595373153686523,32,False,UNAVAILABLE,DISABLED,DISABLED,DISABLED,UNAVAILABLE,DISABLED,27.562901661731303,9.24739812896587,37.044983386062086
2,52,0.25603461265563965,6.202104486874305e-06,0.050272226333618164,-0.07320688664913177,3.1010522434371524e-06,0.025136113166809082,-0.03660344332456589,0.24457037448883057,32,False,UNAVAILABLE,DISABLED,DISABLED,DISABLED,UNAVAILABLE,DISABLED,27.562901661731303,9.24739812896587,37.044983386062086
2,53,0.25030848383903503,7.258025107148569e-06,0.12499213218688965,-0.08189495652914047,3.6290125535742845e-06,0.062496066093444824,-0.040947478264570236,0.2718607187271118,32,False,UNAVAILABLE,DISABLED,DISABLED,DISABLED,UNAVAILABLE,DISABLED,27.562901661731303,9.24739812896587,37.044983386062086
2,54,0.2633303701877594,6.200741609063698e-06,0.06348580121994019,-0.08675506711006165,3.100370804531849e-06,0.03174290060997009,-0.04337753355503082,0.2516988515853882,32,False,UNAVAILABLE,DISABLED,DISABLED,DISABLED,UNAVAILABLE,DISABLED,27.562901661731303,9.24739812896587,37.044983386062086
2,55,0.2799682021141052,9.667673111835029e-06,0.057908594608306885,-0.023512184619903564,4.8338365559175145e-06,0.028954297304153442,-0.011756092309951782,0.2971712350845337,32,False,UNAVAILABLE,DISABLED,DISABLED,DISABLED,UNAVAILABLE,DISABLED,27.562901661731303,9.24739812896587,37.044983386062086
2,56,0.2719326615333557,5.9606327340588905e-06,0.04631119966506958,-0.024093762040138245,2.9803163670294452e-06,0.02315559983253479,-0.012046881020069122,0.28304436802864075,32,False,UNAVAILABLE,DISABLED,DISABLED,DISABLED,UNAVAILABLE,DISABLED,27.562901661731303,9.24739812896587,37.044983386062086
2,57,0.2851144075393677,4.704852017312078e-06,0.04238617420196533,-0.0366358757019043,2.352426008656039e-06,0.021193087100982666,-0.01831793785095215,0.2879919111728668,32,False,UNAVAILABLE,DISABLED,DISABLED,DISABLED,UNAVAILABLE,DISABLED,27.562901661731303,9.24739812896587,37.044983386062086
2,58,0.2755791246891022,4.123382041143486e-06,0.03452873229980469,0.01603110134601593,2.061691020571743e-06,0.017264366149902344,0.008015550673007965,0.30086109042167664,32,False,UNAVAILABLE,DISABLED,DISABLED,DISABLED,UNAVAILABLE,DISABLED,27.562901661731303,9.24739812896587,37.044983386062086
2,59,0.3083062171936035,4.506787263380829e-06,0.05240452289581299,-0.04324859380722046,2.2533936316904146e-06,0.026202261447906494,-0.02162429690361023,0.31288644671440125,32,False,UNAVAILABLE,DISABLED,DISABLED,DISABLED,UNAVAILABLE,DISABLED,27.562901661731303,9.24739812896587,37.044983386062086
2,60,0.2861436903476715,3.5060545542364707e-06,0.04196047782897949,-0.03453901410102844,1.7530272771182354e-06,0.020980238914489746,-0.01726950705051422,0.2898561954498291,32,False,UNAVAILABLE,DISABLED,DISABLED,DISABLED,UNAVAILABLE,DISABLED,27.562901661731303,9.24739812896587,37.044983386062086
2,61,0.2799353003501892,4.7177741180348676e-06,0.05739527940750122,-0.06024633347988129,2.3588870590174338e-06,0.02869763970375061,-0.030123166739940643,0.2785121202468872,32,False,UNAVAILABLE,DISABLED,DISABLED,DISABLED,UNAVAILABLE,DISABLED,27.562901661731303,9.24739812896587,37.044983386062086
2,62,0.2879417836666107,6.263739578571403e-06,0.06184273958206177,-0.09616449475288391,3.1318697892857017e-06,0.030921369791030884,-0.048082247376441956,0.27078402042388916,32,False,UNAVAILABLE,DISABLED,DISABLED,DISABLED,UNAVAILABLE,DISABLED,27.562901661731303,9.24739812896587,37.044983386062086
2,63,0.28285959362983704,4.541620000964031e-06,0.041475653648376465,-0.05421929061412811,2.2708100004820153e-06,0.020737826824188232,-0.027109645307064056,0.2764900326728821,32,False,UNAVAILABLE,DISABLED,DISABLED,DISABLED,UNAVAILABLE,DISABLED,27.562901661731303,9.24739812896587,37.044983386062086
2,64,0.22838130593299866,5.177242201170884e-06,0.0809667706489563,-0.03779686987400055,2.588621100585442e-06,0.04048338532447815,-0.018898434937000275,0.24996885657310486,32,False,UNAVAILABLE,DISABLED,DISABLED,DISABLED,UNAVAILABLE,DISABLED,27.562901661731303,9.24739812896587,37.044983386062086
2,65,0.2658185064792633,6.636266789428191e-06,0.05048394203186035,-0.052115991711616516,3.3181333947140956e-06,0.025241971015930176,-0.026057995855808258,0.26500579714775085,32,False,UNAVAILABLE,DISABLED,DISABLED,DISABLED,UNAVAILABLE,DISABLED,27.562901661731303,9.24739812896587,37.044983386062086
2,66,0.25710371136665344,4.896082373306854e-06,0.05016660690307617,-0.03817501664161682,2.448041186653427e-06,0.025083303451538086,-0.01908750832080841,0.2631019353866577,32,False,UNAVAILABLE,DISABLED,DISABLED,DISABLED,UNAVAILABLE,DISABLED,27.562901661731303,9.24739812896587,37.044983386062086
2,67,0.26037558913230896,4.199268460070016e-06,0.03953385353088379,-0.032128289341926575,2.099634230035008e-06,0.019766926765441895,-0.016064144670963287,0.2640804648399353,32,False,UNAVAILABLE,DISABLED,DISABLED,DISABLED,UNAVAILABLE,DISABLED,27.562901661731303,9.24739812896587,37.044983386062086
2,68,0.29328441619873047,9.156419764622115e-06,0.1219053864479065,-0.061230286955833435,4.578209882311057e-06,0.06095269322395325,-0.030615143477916718,0.3236265480518341,32,False,UNAVAILABLE,DISABLED,DISABLED,DISABLED,UNAVAILABLE,DISABLED,27.562901661731303,9.24739812896587,37.044983386062086
2,69,0.2645893692970276,5.791009243694134e-06,0.06822890043258667,-0.08612719178199768,2.895504621847067e-06,0.034114450216293335,-0.04306359589099884,0.2556431293487549,32,False,UNAVAILABLE,DISABLED,DISABLED,DISABLED,UNAVAILABLE,DISABLED,27.562901661731303,9.24739812896587,37.044983386062086
2,70,0.28236284852027893,4.937393441650784e-06,0.04831796884536743,-0.05583608150482178,2.468696720825392e-06,0.024158984422683716,-0.02791804075241089,0.27860626578330994,32,False,UNAVAILABLE,DISABLED,DISABLED,DISABLED,UNAVAILABLE,DISABLED,27.562901661731303,9.24739812896587,37.044983386062086
2,71,0.24998366832733154,5.18868500876124e-06,0.0418168306350708,-0.0709017664194107,2.59434250438062e-06,0.0209084153175354,-0.03545088320970535,0.23544380068778992,32,False,UNAVAILABLE,DISABLED,DISABLED,DISABLED,UNAVAILABLE,DISABLED,27.562901661731303,9.24739812896587,37.044983386062086
2,72,0.2616339325904846,3.2794609978736844e-06,0.049920856952667236,-0.05455279350280762,1.6397304989368422e-06,0.024960428476333618,-0.02727639675140381,0.25931960344314575,32,False,UNAVAILABLE,DISABLED,DISABLED,DISABLED,UNAVAILABLE,DISABLED,27.562901661731303,9.24739812896587,37.044983386062086
2,73,0.2628677785396576,6.2726512624067254e-06,0.07736676931381226,-0.03860868513584137,3.1363256312033627e-06,0.03868338465690613,-0.019304342567920685,0.28224995732307434,32,False,UNAVAILABLE,DISABLED,DISABLED,DISABLED,UNAVAILABLE,DISABLED,27.562901661731303,9.24739812896587,37.044983386062086
2,74,0.25982946157455444,4.347683443484129e-06,0.04302340745925903,-0.0587499737739563,2.1738417217420647e-06,0.021511703729629517,-0.02937498688697815,0.2519683539867401,32,False,UNAVAILABLE,DISABLED,DISABLED,DISABLED,UNAVAILABLE,DISABLED,27.562901661731303,9.24739812896587,37.044983386062086
2,75,0.31962159276008606,7.683604962949175e-06,0.12081408500671387,-0.08715486526489258,3.841802481474588e-06,0.060407042503356934,-0.04357743263244629,0.3364550471305847,32,False,UNAVAILABLE,DISABLED,DISABLED,DISABLED,UNAVAILABLE,DISABLED,27.562901661731303,9.24739812896587,37.044983386062086
2,76,0.24932962656021118,3.59174146069563e-06,0.03666597604751587,-0.015889719128608704,1.795870730347815e-06,0.018332988023757935,-0.007944859564304352,0.259719580411911,32,False,UNAVAILABLE,DISABLED,DISABLED,DISABLED,UNAVAILABLE,DISABLED,27.562901661731303,9.24739812896587,37.044983386062086
2,77,0.24248795211315155,2.5667063709988724e-06,0.03837078809738159,-0.0697234719991684,1.2833531854994362e-06,0.019185394048690796,-0.0348617359995842,0.22681289911270142,32,False,UNAVAILABLE,DISABLED,DISABLED,DISABLED,UNAVAILABLE,DISABLED,27.562901661731303,9.24739812896587,37.044983386062086
2,78,0.259517639875412,5.94048242419376e-06,0.04892146587371826,-0.0691860020160675,2.97024121209688e-06,0.02446073293685913,-0.03459300100803375,0.24938835203647614,32,False,UNAVAILABLE,DISABLED,DISABLED,DISABLED,UNAVAILABLE,DISABLED,27.562901661731303,9.24739812896587,37.044983386062086
2,79,0.25402185320854187,5.20990715813241e-06,0.05641353130340576,-0.07460905611515045,2.604953579066205e-06,0.02820676565170288,-0.037304528057575226,0.24492669105529785,32,False,UNAVAILABLE,DISABLED,DISABLED,DISABLED,UNAVAILABLE,DISABLED,27.562901661731303,9.24739812896587,37.044983386062086
2,80,0.23448307812213898,7.198346338554984e-06,0.10633599758148193,-0.06395861506462097,3.599173169277492e-06,0.05316799879074097,-0.031979307532310486,0.25567537546157837,32,False,UNAVAILABLE,DISABLED,DISABLED,DISABLED,UNAVAILABLE,DISABLED,27.562901661731303,9.24739812896587,37.044983386062086
2,81,0.23247985541820526,5.541930931940442e-06,0.04951214790344238,-0.002141296863555908,2.770965465970221e-06,0.02475607395172119,-0.001070648431777954,0.25616803765296936,32,False,UNAVAILABLE,DISABLED,DISABLED,DISABLED,UNAVAILABLE,DISABLED,27.562901661731303,9.24739812896587,37.044983386062086
2,82,0.25189879536628723,4.373888259578962e-06,0.05154001712799072,-0.06847541034221649,2.186944129789481e-06,0.02577000856399536,-0.034237705171108246,0.24343326687812805,32,False,UNAVAILABLE,DISABLED,DISABLED,DISABLED,UNAVAILABLE,DISABLED,27.562901661731303,9.24739812896587,37.044983386062086
2,83,0.23572441935539246,3.5529551496438216e-06,0.043567538261413574,-0.059909939765930176,1.7764775748219108e-06,0.021783769130706787,-0.029954969882965088,0.22755497694015503,32,False,UNAVAILABLE,DISABLED,DISABLED,DISABLED,UNAVAILABLE,DISABLED,27.562901661731303,9.24739812896587,37.044983386062086
2,84,0.23786120116710663,4.76293917017756e-06,0.03429734706878662,-0.04041855037212372,2.38146958508878e-06,0.01714867353439331,-0.02020927518606186,0.2348029911518097,32,False,UNAVAILABLE,DISABLED,DISABLED,DISABLED,UNAVAILABLE,DISABLED,27.562901661731303,9.24739812896587,37.044983386062086
2,85,0.25769585371017456,3.9821175050747115e-06,0.03811544179916382,-0.03880922496318817,1.9910587525373558e-06,0.01905772089958191,-0.019404612481594086,0.25735095143318176,32,False,UNAVAILABLE,DISABLED,DISABLED,DISABLED,UNAVAILABLE,DISABLED,27.562901661731303,9.24739812896587,37.044983386062086
2,86,0.23630911111831665,6.278397449932527e-06,0.05874025821685791,-0.07881413400173187,3.1391987249662634e-06,0.029370129108428955,-0.039407067000865936,0.22627532482147217,32,False,UNAVAILABLE,DISABLED,DISABLED,DISABLED,UNAVAILABLE,DISABLED,27.562901661731303,9.24739812896587,37.044983386062086
2,87,0.2244272083044052,3.3259093470405787e-06,0.032684266567230225,-0.019758984446525574,1.6629546735202894e-06,0.016342133283615112,-0.009879492223262787,0.23089152574539185,32,False,UNAVAILABLE,DISABLED,DISABLED,DISABLED,UNAVAILABLE,DISABLED,27.562901661731303,9.24739812896587,37.044983386062086
2,88,0.25196611881256104,4.1018433876161e-06,0.05998730659484863,-0.057314738631248474,2.05092169380805e-06,0.029993653297424316,-0.028657369315624237,0.25330445170402527,32,False,UNAVAILABLE,DISABLED,DISABLED,DISABLED,UNAVAILABLE,DISABLED,27.562901661731303,9.24739812896587,37.044983386062086
2,89,0.250150591135025,4.368015652289614e-06,0.04925793409347534,-0.06779617071151733,2.184007826144807e-06,0.02462896704673767,-0.03389808535575867,0.24088364839553833,32,False,UNAVAILABLE,DISABLED,DISABLED,DISABLED,UNAVAILABLE,DISABLED,27.562901661731303,9.24739812896587,37.044983386062086
2,90,0.260457843542099,4.679959602071904e-06,0.059532880783081055,-0.053514257073402405,2.339979801035952e-06,0.029766440391540527,-0.026757128536701202,0.26346951723098755,32,False,UNAVAILABLE,DISABLED,DISABLED,DISABLED,UNAVAILABLE,DISABLED,27.562901661731303,9.24739812896587,37.044983386062086
2,91,0.25026318430900574,4.112097030883888e-06,0.04106724262237549,-0.04136064648628235,2.056048515441944e-06,0.020533621311187744,-0.020680323243141174,0.25011855363845825,32,False,UNAVAILABLE,DISABLED,DISABLED,DISABLED,UNAVAILABLE,DISABLED,27.562901661731303,9.24739812896587,37.044983386062086
2,92,0.23822133243083954,3.893660959874978e-06,0.03841042518615723,-0.0030649006366729736,1.946830479937489e-06,0.019205212593078613,-0.0015324503183364868,0.25589603185653687,32,False,UNAVAILABLE,DISABLED,DISABLED,DISABLED,UNAVAILABLE,DISABLED,27.562901661731303,9.24739812896587,37.044983386062086
2,93,0.24507978558540344,3.813863713730825e-06,0.05229079723358154,-0.043928876519203186,1.9069318568654126e-06,0.02614539861679077,-0.021964438259601593,0.24926266074180603,32,False,UNAVAILABLE,DISABLED,DISABLED,DISABLED,UNAVAILABLE,DISABLED,27.562901661731303,9.24739812896587,37.044983386062086
2,94,0.2301788181066513,3.8039052014937624e-06,0.05812317132949829,-0.049434468150138855,1.9019526007468812e-06,0.029061585664749146,-0.024717234075069427,0.23452505469322205,32,False,UNAVAILABLE,DISABLED,DISABLED,DISABLED,UNAVAILABLE,DISABLED,27.562901661731303,9.24739812896587,37.044983386062086
2,95,0.2431357204914093,5.077009518572595e-06,0.13354796171188354,-0.09002223610877991,2.5385047592862975e-06,0.06677398085594177,-0.045011118054389954,0.2649011015892029,32,False,UNAVAILABLE,DISABLED,DISABLED,DISABLED,UNAVAILABLE,DISABLED,27.562901661731303,9.24739812896587,37.044983386062086
2,96,0.2619818449020386,3.852843747154111e-06,0.06345337629318237,-0.0373198539018631,1.9264218735770555e-06,0.031726688146591187,-0.01865992695093155,0.275050550699234,32,False,UNAVAILABLE,DISABLED,DISABLED,DISABLED,UNAVAILABLE,DISABLED,27.562901661731303,9.24739812896587,37.044983386062086
2,97,0.22594965994358063,3.00963620247785e-06,0.03250300884246826,-0.03675653040409088,1.504818101238925e-06,0.01625150442123413,-0.01837826520204544,0.2238244116306305,32,False,UNAVAILABLE,DISABLED,DISABLED,DISABLED,UNAVAILABLE,DISABLED,27.562901661731303,9.24739812896587,37.044983386062086
2,98,0.24267806112766266,3.338222768434207e-06,0.056048572063446045,-0.018583670258522034,1.6691113842171035e-06,0.028024286031723022,-0.009291835129261017,0.26141220331192017,32,False,UNAVAILABLE,DISABLED,DISABLED,DISABLED,UNAVAILABLE,DISABLED,27.562901661731303,9.24739812896587,37.044983386062086
2,99,0.23066572844982147,4.449206699064234e-06,0.0811229944229126,-0.05997335910797119,2.224603349532117e-06,0.0405614972114563,-0.029986679553985596,0.24124276638031006,32,False,UNAVAILABLE,DISABLED,DISABLED,DISABLED,UNAVAILABLE,DISABLED,27.562901661731303,9.24739812896587,37.044983386062086
2,100,0.22960896790027618,3.936228949896758e-06,0.04894775152206421,-0.042036592960357666,1.968114474948379e-06,0.024473875761032104,-0.021018296480178833,0.23306652903556824,32,False,UNAVAILABLE,DISABLED,DISABLED,DISABLED,UNAVAILABLE,DISABLED,27.562901661731303,9.24739812896587,37.044983386062086
3,1,0.1706375926733017,4.36887012256193e-06,0.05332213640213013,0.002685070037841797,2.184435061280965e-06,0.026661068201065063,0.0013425350189208984,0.19864338636398315,32,False,UNAVAILABLE,DISABLED,DISABLED,DISABLED,UNAVAILABLE,DISABLED,27.835425979457796,10.047110521933064,38.14226456359029
3,2,0.16785553097724915,3.5209143334213877e-06,0.027190208435058594,-0.005793508142232895,1.7604571667106939e-06,0.013595104217529297,-0.0028967540711164474,0.17855563759803772,32,False,UNAVAILABLE,DISABLED,DISABLED,DISABLED,UNAVAILABLE,DISABLED,27.835425979457796,10.047110521933064,38.14226456359029
3,3,0.1813616007566452,5.62953846383607e-06,0.07119613885879517,-0.020867425948381424,2.814769231918035e-06,0.03559806942939758,-0.010433712974190712,0.20652876794338226,32,False,UNAVAILABLE,DISABLED,DISABLED,DISABLED,UNAVAILABLE,DISABLED,27.835425979457796,10.047110521933064,38.14226456359029
3,4,0.1776135116815567,4.252499365975382e-06,0.04675567150115967,-0.027845237404108047,2.126249682987691e-06,0.023377835750579834,-0.013922618702054024,0.18707086145877838,32,False,UNAVAILABLE,DISABLED,DISABLED,DISABLED,UNAVAILABLE,DISABLED,27.835425979457796,10.047110521933064,38.14226456359029
3,5,0.2347201108932495,7.015084065642441e-06,0.0451960563659668,-0.025799933820962906,3.5075420328212203e-06,0.0225980281829834,-0.012899966910481453,0.24442169070243835,32,False,UNAVAILABLE,DISABLED,DISABLED,DISABLED,UNAVAILABLE,DISABLED,27.835425979457796,10.047110521933064,38.14226456359029
3,6,0.1572827249765396,3.725765736817266e-06,0.042791783809661865,-0.028836458921432495,1.862882868408633e-06,0.021395891904830933,-0.014418229460716248,0.16426225006580353,32,False,UNAVAILABLE,DISABLED,DISABLED,DISABLED,UNAVAILABLE,DISABLED,27.835425979457796,10.047110521933064,38.14226456359029
3,7,0.1563010811805725,2.427965455353842e-06,0.03600996732711792,-0.03182081878185272,1.213982727676921e-06,0.01800498366355896,-0.01591040939092636,0.1583968698978424,32,False,UNAVAILABLE,DISABLED,DISABLED,DISABLED,UNAVAILABLE,DISABLED,27.835425979457796,10.047110521933064,38.14226456359029
3,8,0.16219747066497803,6.606116130569717e-06,0.046471595764160156,-0.046292249113321304,3.3030580652848585e-06,0.023235797882080078,-0.023146124556660652,0.16229045391082764,32,False,UNAVAILABLE,DISABLED,DISABLED,DISABLED,UNAVAILABLE,DISABLED,27.835425979457796,10.047110521933064,38.14226456359029
3,9,0.15977998077869415,5.99357144892565e-06,0.054940640926361084,-0.03758632019162178,2.996785724462825e-06,0.027470320463180542,-0.01879316009581089,0.16846013069152832,32,False,UNAVAILABLE,DISABLED,DISABLED,DISABLED,UNAVAILABLE,DISABLED,27.835425979457796,10.047110521933064,38.14226456359029
3,10,0.1606629341840744,2.8716019642160973e-06,0.03677242994308472,-0.03565710783004761,1.4358009821080486e-06,0.01838621497154236,-0.017828553915023804,0.16122202575206757,32,False,UNAVAILABLE,DISABLED,DISABLED,DISABLED,UNAVAILABLE,DISABLED,27.835425979457796,10.047110521933064,38.14226456359029
3,11,0.16219666600227356,5.162362867849879e-06,0.04492056369781494,-0.05546054616570473,2.5811814339249395e-06,0.02246028184890747,-0.027730273082852364,0.15692925453186035,32,False,UNAVAILABLE,DISABLED,DISABLED,DISABLED,UNAVAILABLE,DISABLED,27.835425979457796,10.047110521933064,38.14226456359029
3,12,0.20460744202136993,5.079241418570746e-06,0.04165679216384888,-0.0673290491104126,2.539620709285373e-06,0.02082839608192444,-0.0336645245552063,0.19177384674549103,32,False,UNAVAILABLE,DISABLED,DISABLED,DISABLED,UNAVAILABLE,DISABLED,27.835425979457796,10.047110521933064,38.14226456359029
3,13,0.1537148356437683,6.121965270722285e-06,0.055653393268585205,-0.06221603602170944,3.0609826353611425e-06,0.027826696634292603,-0.03110801801085472,0.15043656527996063,32,False,UNAVAILABLE,DISABLED,DISABLED,DISABLED,UNAVAILABLE,DISABLED,27.835425979457796,10.047110521933064,38.14226456359029
3,14,0.15981079638004303,7.277816166606499e-06,0.05932652950286865,-0.07178505510091782,3.6389080833032494e-06,0.029663264751434326,-0.03589252755045891,0.15358516573905945,32,False,UNAVAILABLE,DISABLED,DISABLED,DISABLED,UNAVAILABLE,DISABLED,27.835425979457796,10.047110521933064,38.14226456359029
3,15,0.15145032107830048,5.508021786226891e-06,0.03488349914550781,-0.048522450029850006,2.7540108931134455e-06,0.017441749572753906,-0.024261225014925003,0.14463360607624054,32,False,UNAVAILABLE,DISABLED,DISABLED,DISABLED,UNAVAILABLE,DISABLED,27.835425979457796,10.047110521933064,38.14226456359029
3,16,0.16407853364944458,5.587171926890733e-06,0.04499471187591553,-0.07348363101482391,2.7935859634453664e-06,0.022497355937957764,-0.03674181550741196,0.14983686804771423,32,False,UNAVAILABLE,DISABLED,DISABLED,DISABLED,UNAVAILABLE,DISABLED,27.835425979457796,10.047110521933064,38.14226456359029
3,17,0.1534152626991272,3.706236839207122e-06,0.032937467098236084,-0.07466498017311096,1.853118419603561e-06,0.016468733549118042,-0.03733249008655548,0.1325533539056778,32,False,UNAVAILABLE,DISABLED,DISABLED,DISABLED,UNAVAILABLE,DISABLED,27.835425979457796,10.047110521933064,38.14226456359029
3,18,0.16538603603839874,5.816861175844679e-06,0.0635228157043457,-0.06422068178653717,2.9084305879223393e-06,0.03176140785217285,-0.032110340893268585,0.1650400161743164,32,False,UNAVAILABLE,DISABLED,DISABLED,DISABLED,UNAVAILABLE,DISABLED,27.835425979457796,10.047110521933064,38.14226456359029
3,19,0.2153618037700653,5.514004897122504e-06,0.03892713785171509,-0.062453001737594604,2.757002448561252e-06,0.019463568925857544,-0.031226500868797302,0.2036016285419464,32,False,UNAVAILABLE,DISABLED,DISABLED,DISABLED,UNAVAILABLE,DISABLED,27.835425979457796,10.047110521933064,38.14226456359029
3,20,0.15566971898078918,6.739825039403513e-06,0.05293351411819458,-0.04004201292991638,3.3699125197017565e-06,0.02646675705909729,-0.02002100646495819,0.1621188372373581,32,False,UNAVAILABLE,DISABLED,DISABLED,DISABLED,UNAVAILABLE,DISABLED,27.835425979457796,10.047110521933064,38.14226456359029
3,21,0.1488446295261383,5.4553256632061675e-06,0.04215890169143677,-0.07110895216464996,2.7276628316030838e-06,0.021079450845718384,-0.03555447608232498,0.13437232375144958,32,False,UNAVAILABLE,DISABLED,DISABLED,DISABLED,UNAVAILABLE,DISABLED,27.835425979457796,10.047110521933064,38.14226456359029
3,22,0.15692578256130219,3.447083827268216e-06,0.029778003692626953,-0.06424868106842041,1.723541913634108e-06,0.014889001846313477,-0.032124340534210205,0.13969217240810394,32,False,UNAVAILABLE,DISABLED,DISABLED,DISABLED,UNAVAILABLE,DISABLED,27.835425979457796,10.047110521933064,38.14226456359029
3,23,0.14592164754867554,4.495061602938222e-06,0.03995203971862793,-0.06541238725185394,2.247530801469111e-06,0.019976019859313965,-0.03270619362592697,0.1331937313079834,32,False,UNAVAILABLE,DISABLED,DISABLED,DISABLED,UNAVAILABLE,DISABLED,27.835425979457796,10.047110521933064,38.14226456359029
3,24,0.16099418699741364,1.047149362420896e-05,0.11076068878173828,-0.08049589395523071,5.23574681210448e-06,0.05538034439086914,-0.040247946977615356,0.17613181471824646,32,False,UNAVAILABLE,DISABLED,DISABLED,DISABLED,UNAVAILABLE,DISABLED,27.835425979457796,10.047110521933064,38.14226456359029
3,25,0.16146987676620483,7.14709676685743e-06,0.08361512422561646,-0.07726968824863434,3.573548383428715e-06,0.04180756211280823,-0.03863484412431717,0.164646178483963,32,False,UNAVAILABLE,DISABLED,DISABLED,DISABLED,UNAVAILABLE,DISABLED,27.835425979457796,10.047110521933064,38.14226456359029
3,26,0.1492927372455597,6.291892987064784e-06,0.06198805570602417,-0.08304387331008911,3.145946493532392e-06,0.030994027853012085,-0.041521936655044556,0.13876797258853912,32,False,UNAVAILABLE,DISABLED,DISABLED,DISABLED,UNAVAILABLE,DISABLED,27.835425979457796,10.047110521933064,38.14226456359029
3,27,0.14890483021736145,3.2510838536836673e-06,0.03137284517288208,-0.07347962260246277,1.6255419268418336e-06,0.01568642258644104,-0.036739811301231384,0.12785306572914124,32,False,UNAVAILABLE,DISABLED,DISABLED,DISABLED,UNAVAILABLE,DISABLED,27.835425979457796,10.047110521933064,38.14226456359029
3,28,0.22733688354492188,3.6840071970800636e-06,0.040917158126831055,-0.08096376061439514,1.8420035985400318e-06,0.020458579063415527,-0.04048188030719757,0.20731543004512787,32,False,UNAVAILABLE,DISABLED,DISABLED,DISABLED,UNAVAILABLE,DISABLED,27.835425979457796,10.047110521933064,38.14226456359029
3,29,0.14154914021492004,4.861207798967371e-06,0.038532376289367676,-0.07889237999916077,2.4306038994836854e-06,0.019266188144683838,-0.03944618999958038,0.1213715672492981,32,False,UNAVAILABLE,DISABLED,DISABLED,DISABLED,UNAVAILABLE,DISABLED,27.835425979457796,10.047110521933064,38.14226456359029
3,30,0.31563350558280945,6.393064268195303e-06,0.08882796764373779,-0.11283528804779053,3.1965321340976516e-06,0.044413983821868896,-0.056417644023895264,0.30363303422927856,32,False,UNAVAILABLE,DISABLED,DISABLED,DISABLED,UNAVAILABLE,DISABLED,27.835425979457796,10.047110521933064,38.14226456359029
3,31,0.15837077796459198,7.902191100583877e-06,0.05893486738204956,-0.06545671820640564,3.951095550291939e-06,0.02946743369102478,-0.03272835910320282,0.1551138013601303,32,False,UNAVAILABLE,DISABLED,DISABLED,DISABLED,UNAVAILABLE,DISABLED,27.835425979457796,10.047110521933064,38.14226456359029
3,32,0.15180237591266632,8.05745366960764e-06,0.08564180135726929,-0.07127219438552856,4.02872683480382e-06,0.042820900678634644,-0.03563609719276428,0.15899120271205902,32,False,UNAVAILABLE,DISABLED,DISABLED,DISABLED,UNAVAILABLE,DISABLED,27.835425979457796,10.047110521933064,38.14226456359029
3,33,0.15182557702064514,5.191152922634501e-06,0.05631500482559204,-0.0711437463760376,2.5955764613172505e-06,0.02815750241279602,-0.0355718731880188,0.1444137990474701,32,False,UNAVAILABLE,DISABLED,DISABLED,DISABLED,UNAVAILABLE,DISABLED,27.835425979457796,10.047110521933064,38.14226456359029
3,34,0.14889122545719147,8.456029718217906e-06,0.06403923034667969,-0.06320840120315552,4.228014859108953e-06,0.032019615173339844,-0.03160420060157776,0.1493108719587326,32,False,UNAVAILABLE,DISABLED,DISABLED,DISABLED,UNAVAILABLE,DISABLED,27.835425979457796,10.047110521933064,38.14226456359029
3,35,0.13936260342597961,5.386429165810114e-06,0.05735576152801514,-0.08434981107711792,2.693214582905057e-06,0.02867788076400757,-0.04217490553855896,0.1258682757616043,32,False,UNAVAILABLE,DISABLED,DISABLED,DISABLED,UNAVAILABLE,DISABLED,27.835425979457796,10.047110521933064,38.14226456359029
3,36,0.154465451836586,4.684541636379436e-06,0.04933333396911621,-0.0753023624420166,2.342270818189718e-06,0.024666666984558105,-0.0376511812210083,0.14148327708244324,32,False,UNAVAILABLE,DISABLED,DISABLED,DISABLED,UNAVAILABLE,DISABLED,27.835425979457796,10.047110521933064,38.14226456359029
3,37,0.14673621952533722,5.47484114576946e-06,0.049481332302093506,-0.08348691463470459,2.73742057288473e-06,0.024740666151046753,-0.041743457317352295,0.12973617017269135,32,False,UNAVAILABLE,DISABLED,DISABLED,DISABLED,UNAVAILABLE,DISABLED,27.835425979457796,10.047110521933064,38.14226456359029
3,38,0.1487542986869812,6.030392341926927e-06,0.06479597091674805,-0.06453186273574829,3.0151961709634634e-06,0.03239798545837402,-0.032265931367874146,0.14888936281204224,32,False,UNAVAILABLE,DISABLED,DISABLED,DISABLED,UNAVAILABLE,DISABLED,27.835425979457796,10.047110521933064,38.14226456359029
3,39,0.14000964164733887,4.716843704954954e-06,0.06097835302352905,-0.08694615960121155,2.358421852477477e-06,0.030489176511764526,-0.043473079800605774,0.12702809274196625,32,False,UNAVAILABLE,DISABLED,DISABLED,DISABLED,UNAVAILABLE,DISABLED,27.835425979457796,10.047110521933064,38.14226456359029
3,40,0.14665447175502777,4.366545454104198e-06,0.03951781988143921,-0.06670734286308289,2.183272727052099e-06,0.019758909940719604,-0.03335367143154144,0.13306190073490143,32,False,UNAVAILABLE,DISABLED,DISABLED,DISABLED,UNAVAILABLE,DISABLED,27.835425979457796,10.047110521933064,38.14226456359029
3,41,0.15522873401641846,5.46823366676108e-06,0.06212049722671509,-0.0861392617225647,2.73411683338054e-06,0.031060248613357544,-0.04306963086128235,0.14322207868099213,32,False,UNAVAILABLE,DISABLED,DISABLED,DISABLED,UNAVAILABLE,DISABLED,27.835425979457796,10.047110521933064,38.14226456359029
3,42,0.1427236646413803,7.5345747063693125e-06,0.0785517692565918,-0.07343646883964539,3.7672873531846562e-06,0.0392758846282959,-0.03671823441982269,0.14528508484363556,32,False,UNAVAILABLE,DISABLED,DISABLED,DISABLED,UNAVAILABLE,DISABLED,27.835425979457796,10.047110521933064,38.14226456359029
3,43,0.15123988687992096,4.291268851375207e-06,0.07118737697601318,-0.09675508737564087,2.1456344256876037e-06,0.03559368848800659,-0.048377543687820435,0.13845817744731903,32,False,UNAVAILABLE,DISABLED,DISABLED,DISABLED,UNAVAILABLE,DISABLED,27.835425979457796,10.047110521933064,38.14226456359029
3,44,0.15209172666072845,3.592097982618725e-06,0.07615000009536743,-0.11391118168830872,1.7960489913093625e-06,0.038075000047683716,-0.05695559084415436,0.13321293890476227,32,False,UNAVAILABLE,DISABLED,DISABLED,DISABLED,UNAVAILABLE,DISABLED,27.835425979457796,10.047110521933064,38.14226456359029
3,45,0.14223264157772064,6.407543878594879e-06,0.055580198764801025,-0.06579214334487915,3.2037719392974395e-06,0.027790099382400513,-0.032896071672439575,0.13712987303733826,32,False,UNAVAILABLE,DISABLED,DISABLED,DISABLED,UNAVAILABLE,DISABLED,27.835425979457796,10.047110521933064,38.14226456359029
3,46,0.1458112895488739,3.5953280530520715e-06,0.04697573184967041,-0.08925139904022217,1.7976640265260357e-06,0.023487865924835205,-0.044625699520111084,0.12467525899410248,32,False,UNAVAILABLE,DISABLED,DISABLED,DISABLED,UNAVAILABLE,DISABLED,27.835425979457796,10.047110521933064,38.14226456359029
3,47,0.14409759640693665,3.616130015871022e-06,0.05351895093917847,-0.0975799560546875,1.808065007935511e-06,0.026759475469589233,-0.04878997802734375,0.12206889688968658,32,False,UNAVAILABLE,DISABLED,DISABLED,DISABLED,UNAVAILABLE,DISABLED,27.835425979457796,10.047110521933064,38.14226456359029
3,48,0.1608676314353943,5.000023065804271e-06,0.11225765943527222,-0.0668906569480896,2.5000115329021355e-06,0.05612882971763611,-0.0334453284740448,0.18355363607406616,32,False,UNAVAILABLE,DISABLED,DISABLED,DISABLED,UNAVAILABLE,DISABLED,27.835425979457796,10.047110521933064,38.14226456359029
3,49,0.16752095520496368,6.782540822314331e-06,0.08650881052017212,-0.10008442401885986,3.3912704111571657e-06,0.04325440526008606,-0.05004221200942993,0.160736545920372,32,False,UNAVAILABLE,DISABLED,DISABLED,DISABLED,UNAVAILABLE,DISABLED,27.835425979457796,10.047110521933064,38.14226456359029
3,50,0.14082074165344238,5.090195372758899e-06,0.039819180965423584,-0.08441174030303955,2.5450976863794494e-06,0.019909590482711792,-0.042205870151519775,0.11852701008319855,32,False,UNAVAILABLE,DISABLED,DISABLED,DISABLED,UNAVAILABLE,DISABLED,27.835425979457796,10.047110521933064,38.14226456359029
3,51,0.14567796885967255,6.19786987954285e-06,0.05368351936340332,-0.07519513368606567,3.098934939771425e-06,0.02684175968170166,-0.03759756684303284,0.1349252611398697,32,False,UNAVAILABLE,DISABLED,DISABLED,DISABLED,UNAVAILABLE,DISABLED,27.835425979457796,10.047110521933064,38.14226456359029
3,52,0.12924765050411224,5.713866357837105e-06,0.060617923736572266,-0.14115512371063232,2.8569331789185526e-06,0.030308961868286133,-0.07057756185531616,0.08898191154003143,32,False,UNAVAILABLE,DISABLED,DISABLED,DISABLED,UNAVAILABLE,DISABLED,27.835425979457796,10.047110521933064,38.14226456359029
3,53,0.12903662025928497,5.090810191177297e-06,0.09334057569503784,-0.14765679836273193,2.5454050955886487e-06,0.04667028784751892,-0.07382839918136597,0.10188105702400208,32,False,UNAVAILABLE,DISABLED,DISABLED,DISABLED,UNAVAILABLE,DISABLED,27.835425979457796,10.047110521933064,38.14226456359029
3,54,0.22045636177062988,5.514888471225277e-06,0.07595092058181763,-0.15479284524917603,2.7574442356126383e-06,0.037975460290908813,-0.07739642262458801,0.18103817105293274,32,False,UNAVAILABLE,DISABLED,DISABLED,DISABLED,UNAVAILABLE,DISABLED,27.835425979457796,10.047110521933064,38.14226456359029
3,55,0.13667255640029907,8.44416626932798e-06,0.07540452480316162,-0.11414402723312378,4.22208313466399e-06,0.03770226240158081,-0.05707201361656189,0.11730702221393585,32,False,UNAVAILABLE,DISABLED,DISABLED,DISABLED,UNAVAILABLE,DISABLED,27.835425979457796,10.047110521933064,38.14226456359029
3,56,0.13338682055473328,5.692522790923249e-06,0.08154827356338501,-0.13042229413986206,2.8462613954616245e-06,0.040774136781692505,-0.06521114706993103,0.10895265638828278,32,False,UNAVAILABLE,DISABLED,DISABLED,DISABLED,UNAVAILABLE,DISABLED,27.835425979457796,10.047110521933064,38.14226456359029
3,57,0.23091696202754974,4.466663540370064e-06,0.050521910190582275,-0.10772395133972168,2.233331770185032e-06,0.025260955095291138,-0.05386197566986084,0.2023181915283203,32,False,UNAVAILABLE,DISABLED,DISABLED,DISABLED,UNAVAILABLE,DISABLED,27.835425979457796,10.047110521933064,38.14226456359029
3,58,0.13526023924350739,6.385335382219637e-06,0.07125651836395264,-0.09684628248214722,3.1926676911098184e-06,0.03562825918197632,-0.04842314124107361,0.12246854603290558,32,False,UNAVAILABLE,DISABLED,DISABLED,DISABLED,UNAVAILABLE,DISABLED,27.835425979457796,10.047110521933064,38.14226456359029
3,59,0.2346799373626709,3.631555728134117e-06,0.05459189414978027,-0.1389622688293457,1.8157778640670585e-06,0.027295947074890137,-0.06948113441467285,0.19249656796455383,32,False,UNAVAILABLE,DISABLED,DISABLED,DISABLED,UNAVAILABLE,DISABLED,27.835425979457796,10.047110521933064,38.14226456359029
3,60,0.13638173043727875,2.7900900931854267e-06,0.03413766622543335,-0.10548782348632812,1.3950450465927133e-06,0.017068833112716675,-0.05274391174316406,0.10070805251598358,32,False,UNAVAILABLE,DISABLED,DISABLED,DISABLED,UNAVAILABLE,DISABLED,27.835425979457796,10.047110521933064,38.14226456359029
3,61,0.1387343555688858,3.3941857964236988e-06,0.04356485605239868,-0.09820520877838135,1.6970928982118494e-06,0.02178242802619934,-0.049102604389190674,0.11141587793827057,32,False,UNAVAILABLE,DISABLED,DISABLED,DISABLED,UNAVAILABLE,DISABLED,27.835425979457796,10.047110521933064,38.14226456359029
3,62,0.13566485047340393,5.495251571119297e-06,0.06240832805633545,-0.14548945426940918,2.7476257855596486e-06,0.031204164028167725,-0.07274472713470459,0.09412702918052673,32,False,UNAVAILABLE,DISABLED,DISABLED,DISABLED,UNAVAILABLE,DISABLED,27.835425979457796,10.047110521933064,38.14226456359029
3,63,0.1388878971338272,5.310212600306841e-06,0.07482242584228516,-0.16524195671081543,2.6551063001534203e-06,0.03741121292114258,-0.08262097835540771,0.09368078410625458,32,False,UNAVAILABLE,DISABLED,DISABLED,DISABLED,UNAVAILABLE,DISABLED,27.835425979457796,10.047110521933064,38.14226456359029
3,64,0.12468399107456207,5.8571754379954655e-06,0.08552777767181396,-0.1330919861793518,2.9285877189977327e-06,0.04276388883590698,-0.0665459930896759,0.10090482234954834,32,False,UNAVAILABLE,DISABLED,DISABLED,DISABLED,UNAVAILABLE,DISABLED,27.835425979457796,10.047110521933064,38.14226456359029
3,65,0.20269930362701416,6.894533271406544e-06,0.09282904863357544,-0.17509210109710693,3.447266635703272e-06,0.04641452431678772,-0.08754605054855347,0.1615712195634842,32,False,UNAVAILABLE,DISABLED,DISABLED,DISABLED,UNAVAILABLE,DISABLED,27.835425979457796,10.047110521933064,38.14226456359029
3,66,0.1316458135843277,5.8080863709619734e-06,0.07930541038513184,-0.17823874950408936,2.9040431854809867e-06,0.03965270519256592,-0.08911937475204468,0.08218204975128174,32,False,UNAVAILABLE,DISABLED,DISABLED,DISABLED,UNAVAILABLE,DISABLED,27.835425979457796,10.047110521933064,38.14226456359029
3,67,0.1284361332654953,4.764797267853282e-06,0.05901002883911133,-0.12457633018493652,2.382398633926641e-06,0.029505014419555664,-0.06228816509246826,0.09565536677837372,32,False,UNAVAILABLE,DISABLED,DISABLED,DISABLED,UNAVAILABLE,DISABLED,27.835425979457796,10.047110521933064,38.14226456359029
3,68,0.13807891309261322,8.245913704740815e-06,0.06181681156158447,-0.10011935234069824,4.1229568523704074e-06,0.030908405780792236,-0.05005967617034912,0.11893177032470703,32,False,UNAVAILABLE,DISABLED,DISABLED,DISABLED,UNAVAILABLE,DISABLED,27.835425979457796,10.047110521933064,38.14226456359029
3,69,0.13030709326267242,5.699432222172618e-06,0.07108598947525024,-0.15362071990966797,2.849716111086309e-06,0.03554299473762512,-0.07681035995483398,0.08904257416725159,32,False,UNAVAILABLE,DISABLED,DISABLED,DISABLED,UNAVAILABLE,DISABLED,27.835425979457796,10.047110521933064,38.14226456359029
3,70,0.14099028706550598,5.5126020015450194e-06,0.0638129711151123,-0.16881966590881348,2.7563010007725097e-06,0.03190648555755615,-0.08440983295440674,0.08848969638347626,32,False,UNAVAILABLE,DISABLED,DISABLED,DISABLED,UNAVAILABLE,DISABLED,27.835425979457796,10.047110521933064,38.14226456359029
3,71,0.19566522538661957,6.389394457073649e-06,0.0755351185798645,-0.17037218809127808,3.1946972285368247e-06,0.03776755928993225,-0.08518609404563904,0.14824987947940826,32,False,UNAVAILABLE,DISABLED,DISABLED,DISABLED,UNAVAILABLE,DISABLED,27.835425979457796,10.047110521933064,38.14226456359029
3,72,0.13511906564235687,3.970329544245033e-06,0.06946372985839844,-0.13904112577438354,1.9851647721225163e-06,0.03473186492919922,-0.06952056288719177,0.1003323495388031,32,False,UNAVAILABLE,DISABLED,DISABLED,DISABLED,UNAVAILABLE,DISABLED,27.835425979457796,10.047110521933064,38.14226456359029
3,73,0.12757839262485504,5.458304258354474e-06,0.07654374837875366,-0.10313522815704346,2.729152129177237e-06,0.03827187418937683,-0.05156761407852173,0.11428537964820862,32,False,UNAVAILABLE,DISABLED,DISABLED,DISABLED,UNAVAILABLE,DISABLED,27.835425979457796,10.047110521933064,38.14226456359029
3,74,0.12487609684467316,4.818533852812834e-06,0.05551832914352417,-0.1480858325958252,2.409266926406417e-06,0.027759164571762085,-0.0740429162979126,0.07859474420547485,32,False,UNAVAILABLE,DISABLED,DISABLED,DISABLED,UNAVAILABLE,DISABLED,27.835425979457796,10.047110521933064,38.14226456359029
3,75,0.2339283525943756,6.435815976146841e-06,0.10899674892425537,-0.14868128299713135,3.2179079880734207e-06,0.054498374462127686,-0.07434064149856567,0.2140893042087555,32,False,UNAVAILABLE,DISABLED,DISABLED,DISABLED,UNAVAILABLE,DISABLED,27.835425979457796,10.047110521933064,38.14226456359029
3,76,0.12362131476402283,4.8584934120299295e-06,0.07084935903549194,-0.09544336795806885,2.4292467060149647e-06,0.03542467951774597,-0.047721683979034424,0.11132673919200897,32,False,UNAVAILABLE,DISABLED,DISABLED,DISABLED,UNAVAILABLE,DISABLED,27.835425979457796,10.047110521933064,38.14226456359029
3,77,0.12704205513000488,2.5466945317020873e-06,0.03639054298400879,-0.07800966501235962,1.2733472658510436e-06,0.018195271492004395,-0.03900483250617981,0.10623376071453094,32,False,UNAVAILABLE,DISABLED,DISABLED,DISABLED,UNAVAILABLE,DISABLED,27.835425979457796,10.047110521933064,38.14226456359029
3,78,0.12919925153255463,7.543414994870545e-06,0.08769124746322632,-0.1633959412574768,3.7717074974352727e-06,0.04384562373161316,-0.0816979706287384,0.09135067462921143,32,False,UNAVAILABLE,DISABLED,DISABLED,DISABLED,UNAVAILABLE,DISABLED,27.835425979457796,10.047110521933064,38.14226456359029
3,79,0.12748919427394867,4.263573373464169e-06,0.06593888998031616,-0.15254467725753784,2.1317866867320845e-06,0.03296944499015808,-0.07627233862876892,0.08418843150138855,32,False,UNAVAILABLE,DISABLED,DISABLED,DISABLED,UNAVAILABLE,DISABLED,27.835425979457796,10.047110521933064,38.14226456359029
3,80,0.12079286575317383,7.254600404849043e-06,0.08258438110351562,-0.1463729739189148,3.6273002024245216e-06,0.04129219055175781,-0.0731864869594574,0.08890220522880554,32,False,UNAVAILABLE,DISABLED,DISABLED,DISABLED,UNAVAILABLE,DISABLED,27.835425979457796,10.047110521933064,38.14226456359029
3,81,0.12151452898979187,6.020365617587231e-06,0.06638944149017334,-0.08429992198944092,3.0101828087936155e-06,0.03319472074508667,-0.04214996099472046,0.11256229877471924,32,False,UNAVAILABLE,DISABLED,DISABLED,DISABLED,UNAVAILABLE,DISABLED,27.835425979457796,10.047110521933064,38.14226456359029
3,82,0.1278771460056305,5.099080226500519e-06,0.07121092081069946,-0.14537274837493896,2.5495401132502593e-06,0.03560546040534973,-0.07268637418746948,0.09079878032207489,32,False,UNAVAILABLE,DISABLED,DISABLED,DISABLED,UNAVAILABLE,DISABLED,27.835425979457796,10.047110521933064,38.14226456359029
3,83,0.12228669971227646,3.905392986780498e-06,0.058848798274993896,-0.12352252006530762,1.952696493390249e-06,0.029424399137496948,-0.06176126003265381,0.0899517834186554,32,False,UNAVAILABLE,DISABLED,DISABLED,DISABLED,UNAVAILABLE,DISABLED,27.835425979457796,10.047110521933064,38.14226456359029
3,84,0.14528462290763855,5.349566890799906e-06,0.04737120866775513,-0.13761889934539795,2.674783445399953e-06,0.023685604333877563,-0.06880944967269897,0.10016345977783203,32,False,UNAVAILABLE,DISABLED,DISABLED,DISABLED,UNAVAILABLE,DISABLED,27.835425979457796,10.047110521933064,38.14226456359029
3,85,0.132391557097435,5.4073780120234005e-06,0.07573020458221436,-0.17179006338119507,2.7036890060117003e-06,0.03786510229110718,-0.08589503169059753,0.08436432480812073,32,False,UNAVAILABLE,DISABLED,DISABLED,DISABLED,UNAVAILABLE,DISABLED,27.835425979457796,10.047110521933064,38.14226456359029
3,86,0.12484806030988693,6.344071152852848e-06,0.07307642698287964,-0.1686997413635254,3.172035576426424e-06,0.03653821349143982,-0.0843498706817627,0.07703956961631775,32,False,UNAVAILABLE,DISABLED,DISABLED,DISABLED,UNAVAILABLE,DISABLED,27.835425979457796,10.047110521933064,38.14226456359029
3,87,0.11950929462909698,4.44094530394068e-06,0.06635910272598267,-0.12435996532440186,2.22047265197034e-06,0.03317955136299133,-0.06217998266220093,0.09051108360290527,32,False,UNAVAILABLE,DISABLED,DISABLED,DISABLED,UNAVAILABLE,DISABLED,27.835425979457796,10.047110521933064,38.14226456359029
3,88,0.12863731384277344,5.323623554431833e-06,0.07666134834289551,-0.1713290810585022,2.6618117772159167e-06,0.038330674171447754,-0.0856645405292511,0.08130611479282379,32,False,UNAVAILABLE,DISABLED,DISABLED,DISABLED,UNAVAILABLE,DISABLED,27.835425979457796,10.047110521933064,38.14226456359029
3,89,0.12503349781036377,4.191567313682754e-06,0.06252235174179077,-0.1586604118347168,2.095783656841377e-06,0.031261175870895386,-0.0793302059173584,0.07696656882762909,32,False,UNAVAILABLE,DISABLED,DISABLED,DISABLED,UNAVAILABLE,DISABLED,27.835425979457796,10.047110521933064,38.14226456359029
3,90,0.13207149505615234,5.139948825672036e-06,0.07607144117355347,-0.16670525074005127,2.569974412836018e-06,0.03803572058677673,-0.08335262537002563,0.08675715327262878,32,False,UNAVAILABLE,DISABLED,DISABLED,DISABLED,UNAVAILABLE,DISABLED,27.835425979457796,10.047110521933064,38.14226456359029
3,91,0.1281304806470871,3.931699666281929e-06,0.0526273250579834,-0.15016412734985352,1.9658498331409646e-06,0.0263136625289917,-0.07508206367492676,0.07936404645442963,32,False,UNAVAILABLE,DISABLED,DISABLED,DISABLED,UNAVAILABLE,DISABLED,27.835425979457796,10.047110521933064,38.14226456359029
3,92,0.12382208555936813,4.2696592572610825e-06,0.057933151721954346,-0.10341030359268188,2.1348296286305413e-06,0.028966575860977173,-0.05170515179634094,0.10108564794063568,32,False,UNAVAILABLE,DISABLED,DISABLED,DISABLED,UNAVAILABLE,DISABLED,27.835425979457796,10.047110521933064,38.14226456359029
3,93,0.12025626003742218,4.770691248268122e-06,0.06003957986831665,-0.1412597894668579,2.385345624134061e-06,0.030019789934158325,-0.07062989473342896,0.07964853942394257,32,False,UNAVAILABLE,DISABLED,DISABLED,DISABLED,UNAVAILABLE,DISABLED,27.835425979457796,10.047110521933064,38.14226456359029
3,94,0.12076889723539352,3.986821866419632e-06,0.0698818564414978,-0.14070957899093628,1.993410933209816e-06,0.0349409282207489,-0.07035478949546814,0.08535704016685486,32,False,UNAVAILABLE,DISABLED,DISABLED,DISABLED,UNAVAILABLE,DISABLED,27.835425979457796,10.047110521933064,38.14226456359029
3,95,0.12833353877067566,6.030374152032891e-06,0.12940865755081177,-0.16303932666778564,3.0151870760164456e-06,0.06470432877540588,-0.08151966333389282,0.11152121424674988,32,False,UNAVAILABLE,DISABLED,DISABLED,DISABLED,UNAVAILABLE,DISABLED,27.835425979457796,10.047110521933064,38.14226456359029
3,96,0.12540236115455627,4.436853032530053e-06,0.08444464206695557,-0.12658309936523438,2.2184265162650263e-06,0.04222232103347778,-0.06329154968261719,0.10433535277843475,32,False,UNAVAILABLE,DISABLED,DISABLED,DISABLED,UNAVAILABLE,DISABLED,27.835425979457796,10.047110521933064,38.14226456359029
3,97,0.1195201724767685,4.697962594946148e-06,0.0614314079284668,-0.11545944213867188,2.348981297473074e-06,0.0307157039642334,-0.05772972106933594,0.09250849485397339,32,False,UNAVAILABLE,DISABLED,DISABLED,DISABLED,UNAVAILABLE,DISABLED,27.835425979457796,10.047110521933064,38.14226456359029
3,98,0.12771709263324738,4.1829562178463675e-06,0.06742513179779053,-0.13977336883544922,2.0914781089231838e-06,0.033712565898895264,-0.06988668441772461,0.09154506027698517,32,False,UNAVAILABLE,DISABLED,DISABLED,DISABLED,UNAVAILABLE,DISABLED,27.835425979457796,10.047110521933064,38.14226456359029
3,99,0.12119479477405548,3.815586751443334e-06,0.07218986749649048,-0.12659406661987305,1.907793375721667e-06,0.03609493374824524,-0.06329703330993652,0.09399460256099701,32,False,UNAVAILABLE,DISABLED,DISABLED,DISABLED,UNAVAILABLE,DISABLED,27.835425979457796,10.047110521933064,38.14226456359029
3,100,0.12141251564025879,6.0027487052138895e-06,0.07752871513366699,-0.13984060287475586,3.0013743526069447e-06,0.038764357566833496,-0.06992030143737793,0.09025958180427551,32,False,UNAVAILABLE,DISABLED,DISABLED,DISABLED,UNAVAILABLE,DISABLED,27.835425979457796,10.047110521933064,38.14226456359029
4,1,0.0897931233048439,4.575187631417066e-06,0.04992473125457764,-0.01806129515171051,2.287593815708533e-06,0.02496236562728882,-0.009030647575855255,0.10572712868452072,32,False,UNAVAILABLE,DISABLED,DISABLED,DISABLED,UNAVAILABLE,DISABLED,27.68986525479704,9.809827742166817,37.74534127023071
4,2,0.08564511686563492,3.2489429031556938e-06,0.03482705354690552,-0.026245441287755966,1.6244714515778469e-06,0.01741352677345276,-0.013122720643877983,0.08993754535913467,32,False,UNAVAILABLE,DISABLED,DISABLED,DISABLED,UNAVAILABLE,DISABLED,27.68986525479704,9.809827742166817,37.74534127023071
4,3,0.08853750675916672,5.029389740229817e-06,0.05842447280883789,-0.03861013799905777,2.5146948701149086e-06,0.029212236404418945,-0.019305068999528885,0.09844718873500824,32,False,UNAVAILABLE,DISABLED,DISABLED,DISABLED,UNAVAILABLE,DISABLED,27.68986525479704,9.809827742166817,37.74534127023071
4,4,0.08690687268972397,7.291573183465516e-06,0.11591452360153198,-0.05264158174395561,3.645786591732758e-06,0.05795726180076599,-0.026320790871977806,0.1185469850897789,32,False,UNAVAILABLE,DISABLED,DISABLED,DISABLED,UNAVAILABLE,DISABLED,27.68986525479704,9.809827742166817,37.74534127023071
4,5,0.08783140033483505,6.2365993471757974e-06,0.04789477586746216,-0.037764184176921844,3.1182996735878987e-06,0.02394738793373108,-0.018882092088460922,0.09289981424808502,32,False,UNAVAILABLE,DISABLED,DISABLED,DISABLED,UNAVAILABLE,DISABLED,27.68986525479704,9.809827742166817,37.74534127023071
4,6,0.08217503130435944,3.0097928629402304e-06,0.03864938020706177,-0.0470317006111145,1.5048964314701152e-06,0.019324690103530884,-0.02351585030555725,0.07798537611961365,32,False,UNAVAILABLE,DISABLED,DISABLED,DISABLED,UNAVAILABLE,DISABLED,27.68986525479704,9.809827742166817,37.74534127023071
4,7,0.08356162905693054,2.3911006792332046e-06,0.03212696313858032,-0.04968036711215973,1.1955503396166023e-06,0.01606348156929016,-0.024840183556079865,0.07478611916303635,32,False,UNAVAILABLE,DISABLED,DISABLED,DISABLED,UNAVAILABLE,DISABLED,27.68986525479704,9.809827742166817,37.74534127023071
4,8,0.08508485555648804,5.487825546879321e-06,0.06121617555618286,-0.06015735864639282,2.7439127734396607e-06,0.03060808777809143,-0.03007867932319641,0.08561700582504272,32,False,UNAVAILABLE,DISABLED,DISABLED,DISABLED,UNAVAILABLE,DISABLED,27.68986525479704,9.809827742166817,37.74534127023071
4,9,0.08316487073898315,3.8270436562015675e-06,0.05261260271072388,-0.062414318323135376,1.9135218281007838e-06,0.02630630135536194,-0.031207159161567688,0.07826592773199081,32,False,UNAVAILABLE,DISABLED,DISABLED,DISABLED,UNAVAILABLE,DISABLED,27.68986525479704,9.809827742166817,37.74534127023071
4,10,0.08480414748191833,3.441959051997401e-06,0.050665974617004395,-0.05261456221342087,1.7209795259987004e-06,0.025332987308502197,-0.026307281106710434,0.08383157849311829,32,False,UNAVAILABLE,DISABLED,DISABLED,DISABLED,UNAVAILABLE,DISABLED,27.68986525479704,9.809827742166817,37.74534127023071
4,11,0.0839875340461731,5.344273631635588e-06,0.06244248151779175,-0.07228044420480728,2.672136815817794e-06,0.031221240758895874,-0.03614022210240364,0.07907122373580933,32,False,UNAVAILABLE,DISABLED,DISABLED,DISABLED,UNAVAILABLE,DISABLED,27.68986525479704,9.809827742166817,37.74534127023071
4,12,0.1336122751235962,4.58417207482853e-06,0.058954715728759766,-0.08166800439357758,2.292086037414265e-06,0.029477357864379883,-0.04083400219678879,0.12225792557001114,32,False,UNAVAILABLE,DISABLED,DISABLED,DISABLED,UNAVAILABLE,DISABLED,27.68986525479704,9.809827742166817,37.74534127023071
4,13,0.07933725416660309,4.985364739695797e-06,0.06464993953704834,-0.08397430926561356,2.4926823698478984e-06,0.03232496976852417,-0.04198715463280678,0.06967756152153015,32,False,UNAVAILABLE,DISABLED,DISABLED,DISABLED,UNAVAILABLE,DISABLED,27.68986525479704,9.809827742166817,37.74534127023071
4,14,0.0809834823012352,6.545927135448437e-06,0.06449586153030396,-0.08114759624004364,3.2729635677242186e-06,0.03224793076515198,-0.04057379812002182,0.0726608857512474,32,False,UNAVAILABLE,DISABLED,DISABLED,DISABLED,UNAVAILABLE,DISABLED,27.68986525479704,9.809827742166817,37.74534127023071
4,15,0.07943975925445557,4.463755885808496e-06,0.0494232177734375,-0.059326112270355225,2.231877942904248e-06,0.02471160888671875,-0.029663056135177612,0.07449054718017578,32,False,UNAVAILABLE,DISABLED,DISABLED,DISABLED,UNAVAILABLE,DISABLED,27.68986525479704,9.809827742166817,37.74534127023071
4,16,0.08360970765352249,5.254264124232577e-06,0.05389028787612915,-0.07804623246192932,2.6271320621162886e-06,0.026945143938064575,-0.03902311623096466,0.07153436541557312,32,False,UNAVAILABLE,DISABLED,DISABLED,DISABLED,UNAVAILABLE,DISABLED,27.68986525479704,9.809827742166817,37.74534127023071
4,17,0.07969899475574493,4.3629429455904756e-06,0.044485628604888916,-0.08706307411193848,2.1814714727952378e-06,0.022242814302444458,-0.04353153705596924,0.05841245502233505,32,False,UNAVAILABLE,DISABLED,DISABLED,DISABLED,UNAVAILABLE,DISABLED,27.68986525479704,9.809827742166817,37.74534127023071
4,18,0.08402078598737717,3.515494654493523e-06,0.04987555742263794,-0.0716397762298584,1.7577473272467614e-06,0.02493777871131897,-0.0358198881149292,0.07314043492078781,32,False,UNAVAILABLE,DISABLED,DISABLED,DISABLED,UNAVAILABLE,DISABLED,27.68986525479704,9.809827742166817,37.74534127023071
4,19,0.08500785380601883,5.061798674432794e-06,0.05375784635543823,-0.07457742094993591,2.530899337216397e-06,0.026878923177719116,-0.03728871047496796,0.07460059970617294,32,False,UNAVAILABLE,DISABLED,DISABLED,DISABLED,UNAVAILABLE,DISABLED,27.68986525479704,9.809827742166817,37.74534127023071
4,20,0.08003882318735123,5.041100394009845e-06,0.03998619318008423,-0.05666273832321167,2.5205501970049227e-06,0.019993096590042114,-0.028331369161605835,0.07170306891202927,32,False,UNAVAILABLE,DISABLED,DISABLED,DISABLED,UNAVAILABLE,DISABLED,27.68986525479704,9.809827742166817,37.74534127023071
4,21,0.07800373435020447,5.003719252272276e-06,0.05484992265701294,-0.10094283521175385,2.501859626136138e-06,0.02742496132850647,-0.05047141760587692,0.05495978146791458,32,False,UNAVAILABLE,DISABLED,DISABLED,DISABLED,UNAVAILABLE,DISABLED,27.68986525479704,9.809827742166817,37.74534127023071
4,22,0.08196186274290085,5.456938652059762e-06,0.07620227336883545,-0.06600582599639893,2.728469326029881e-06,0.038101136684417725,-0.03300291299819946,0.08706281334161758,32,False,UNAVAILABLE,DISABLED,DISABLED,DISABLED,UNAVAILABLE,DISABLED,27.68986525479704,9.809827742166817,37.74534127023071
4,23,0.07709989696741104,3.598453986342065e-06,0.05819493532180786,-0.09391425549983978,1.7992269931710325e-06,0.02909746766090393,-0.04695712774991989,0.05924203246831894,32,False,UNAVAILABLE,DISABLED,DISABLED,DISABLED,UNAVAILABLE,DISABLED,27.68986525479704,9.809827742166817,37.74534127023071
4,24,0.08343028277158737,7.0378628151956946e-06,0.08397328853607178,-0.11156365275382996,3.5189314075978473e-06,0.04198664426803589,-0.05578182637691498,0.06963862478733063,32,False,UNAVAILABLE,DISABLED,DISABLED,DISABLED,UNAVAILABLE,DISABLED,27.68986525479704,9.809827742166817,37.74534127023071
4,25,0.08286486566066742,4.5601050260302145e-06,0.05495131015777588,-0.10661494731903076,2.2800525130151073e-06,0.02747565507888794,-0.05330747365951538,0.05703532695770264,32,False,UNAVAILABLE,DISABLED,DISABLED,DISABLED,UNAVAILABLE,DISABLED,27.68986525479704,9.809827742166817,37.74534127023071
4,26,0.08291822671890259,4.514812189881923e-06,0.05662524700164795,-0.11575272679328918,2.2574060949409613e-06,0.028312623500823975,-0.05787636339664459,0.05335674434900284,32,False,UNAVAILABLE,DISABLED,DISABLED,DISABLED,UNAVAILABLE,DISABLED,27.68986525479704,9.809827742166817,37.74534127023071
4,27,0.07627154141664505,2.739853243838297e-06,0.02956157922744751,-0.08455279469490051,1.3699266219191486e-06,0.014780789613723755,-0.042276397347450256,0.04877730458974838,32,False,UNAVAILABLE,DISABLED,DISABLED,DISABLED,UNAVAILABLE,DISABLED,27.68986525479704,9.809827742166817,37.74534127023071
4,28,0.07767567783594131,2.615402308947523e-06,0.03654313087463379,-0.10822069644927979,1.3077011544737616e-06,0.018271565437316895,-0.05411034822463989,0.041838206350803375,32,False,UNAVAILABLE,DISABLED,DISABLED,DISABLED,UNAVAILABLE,DISABLED,27.68986525479704,9.809827742166817,37.74534127023071
4,29,0.07455140352249146,4.108550001546973e-06,0.043988943099975586,-0.10908988118171692,2.0542750007734867e-06,0.021994471549987793,-0.05454494059085846,0.04200299084186554,32,False,UNAVAILABLE,DISABLED,DISABLED,DISABLED,UNAVAILABLE,DISABLED,27.68986525479704,9.809827742166817,37.74534127023071
4,30,0.07281578332185745,7.349213774432428e-06,0.1059722900390625,-0.12070894241333008,3.674606887216214e-06,0.05298614501953125,-0.06035447120666504,0.06545113027095795,32,False,UNAVAILABLE,DISABLED,DISABLED,DISABLED,UNAVAILABLE,DISABLED,27.68986525479704,9.809827742166817,37.74534127023071
4,31,0.08154840767383575,6.246852080948884e-06,0.061871230602264404,-0.08021163940429688,3.123426040474442e-06,0.030935615301132202,-0.04010581970214844,0.07238132506608963,32,False,UNAVAILABLE,DISABLED,DISABLED,DISABLED,UNAVAILABLE,DISABLED,27.68986525479704,9.809827742166817,37.74534127023071
4,32,0.07810655981302261,6.625056812481489e-06,0.06906408071517944,-0.09968492388725281,3.3125284062407445e-06,0.03453204035758972,-0.049842461943626404,0.06279945373535156,32,False,UNAVAILABLE,DISABLED,DISABLED,DISABLED,UNAVAILABLE,DISABLED,27.68986525479704,9.809827742166817,37.74534127023071
4,33,0.07894226908683777,4.670172074838774e-06,0.05396449565887451,-0.10983538627624512,2.335086037419387e-06,0.026982247829437256,-0.05491769313812256,0.0510091558098793,32,False,UNAVAILABLE,DISABLED,DISABLED,DISABLED,UNAVAILABLE,DISABLED,27.68986525479704,9.809827742166817,37.74534127023071
4,34,0.07758840173482895,6.765706075384514e-06,0.06546056270599365,-0.09403520822525024,3.382853037692257e-06,0.032730281352996826,-0.04701760411262512,0.06330446153879166,32,False,UNAVAILABLE,DISABLED,DISABLED,DISABLED,UNAVAILABLE,DISABLED,27.68986525479704,9.809827742166817,37.74534127023071
4,35,0.07376673817634583,5.378411060519284e-06,0.07231158018112183,-0.11520278453826904,2.689205530259642e-06,0.03615579009056091,-0.05760139226913452,0.052323825657367706,32,False,UNAVAILABLE,DISABLED,DISABLED,DISABLED,UNAVAILABLE,DISABLED,27.68986525479704,9.809827742166817,37.74534127023071
4,36,0.07907851785421371,5.178320861887187e-06,0.0740765929222107,-0.10951805114746094,2.5891604309435934e-06,0.03703829646110535,-0.05475902557373047,0.06136038154363632,32,False,UNAVAILABLE,DISABLED,DISABLED,DISABLED,UNAVAILABLE,DISABLED,27.68986525479704,9.809827742166817,37.74534127023071
4,37,0.07739681005477905,5.59789714316139e-06,0.062330663204193115,-0.11673170328140259,2.798948571580695e-06,0.031165331602096558,-0.058365851640701294,0.05019909143447876,32,False,UNAVAILABLE,DISABLED,DISABLED,DISABLED,UNAVAILABLE,DISABLED,27.68986525479704,9.809827742166817,37.74534127023071
4,38,0.07690785080194473,5.668535322911339e-06,0.06839025020599365,-0.12324053049087524,2.8342676614556694e-06,0.034195125102996826,-0.06162026524543762,0.04948554188013077,32,False,UNAVAILABLE,DISABLED,DISABLED,DISABLED,UNAVAILABLE,DISABLED,27.68986525479704,9.809827742166817,37.74534127023071
4,39,0.07090410590171814,5.051187144999858e-06,0.0844578742980957,-0.15421539545059204,2.525593572499929e-06,0.04222893714904785,-0.07710769772529602,0.03602787107229233,32,False,UNAVAILABLE,DISABLED,DISABLED,DISABLED,UNAVAILABLE,DISABLED,27.68986525479704,9.809827742166817,37.74534127023071
4,40,0.07660979777574539,4.172048193140654e-06,0.04171222448348999,-0.11404436826705933,2.086024096570327e-06,0.020856112241744995,-0.05702218413352966,0.04044581204652786,32,False,UNAVAILABLE,DISABLED,DISABLED,DISABLED,UNAVAILABLE,DISABLED,27.68986525479704,9.809827742166817,37.74534127023071
4,41,0.07998000830411911,5.780403171229409e-06,0.07929116487503052,-0.15602535009384155,2.8902015856147045e-06,0.03964558243751526,-0.07801267504692078,0.0416158065199852,32,False,UNAVAILABLE,DISABLED,DISABLED,DISABLED,UNAVAILABLE,DISABLED,27.68986525479704,9.809827742166817,37.74534127023071
4,42,0.07387758791446686,9.140369002125226e-06,0.09586107730865479,-0.14435309171676636,4.570184501062613e-06,0.04793053865432739,-0.07217654585838318,0.049636147916316986,32,False,UNAVAILABLE,DISABLED,DISABLED,DISABLED,UNAVAILABLE,DISABLED,27.68986525479704,9.809827742166817,37.74534127023071
4,43,0.06946320086717606,4.386456112115411e-06,0.09086662530899048,-0.2036324143409729,2.1932280560577055e-06,0.04543331265449524,-0.10181620717048645,0.01308249682188034,32,False,UNAVAILABLE,DISABLED,DISABLED,DISABLED,UNAVAILABLE,DISABLED,27.68986525479704,9.809827742166817,37.74534127023071
4,44,0.07276254892349243,3.8088955989223905e-06,0.09471970796585083,-0.2123929262161255,1.9044477994611952e-06,0.047359853982925415,-0.10619646310806274,0.013927847146987915,32,False,UNAVAILABLE,DISABLED,DISABLED,DISABLED,UNAVAILABLE,DISABLED,27.68986525479704,9.809827742166817,37.74534127023071
4,45,0.07512255012989044,5.881136985408375e-06,0.06127762794494629,-0.15983623266220093,2.9405684927041875e-06,0.030638813972473145,-0.07991811633110046,0.025846190750598907,32,False,UNAVAILABLE,DISABLED,DISABLED,DISABLED,UNAVAILABLE,DISABLED,27.68986525479704,9.809827742166817,37.74534127023071
4,46,0.0687088668346405,3.952118277084082e-06,0.0679236650466919,-0.2034149169921875,1.976059138542041e-06,0.03396183252334595,-0.10170745849609375,0.000965215265750885,32,False,UNAVAILABLE,DISABLED,DISABLED,DISABLED,UNAVAILABLE,DISABLED,27.68986525479704,9.809827742166817,37.74534127023071
4,47,0.07461652904748917,3.966583790315781e-06,0.05252790451049805,-0.1814124584197998,1.9832918951578904e-06,0.026263952255249023,-0.0907062292098999,0.010176233947277069,32,False,UNAVAILABLE,DISABLED,DISABLED,DISABLED,UNAVAILABLE,DISABLED,27.68986525479704,9.809827742166817,37.74534127023071
4,48,0.07012446224689484,6.776124337193323e-06,0.1341114044189453,-0.15648895502090454,3.3880621685966616e-06,0.06705570220947266,-0.07824447751045227,0.058939069509506226,32,False,UNAVAILABLE,DISABLED,DISABLED,DISABLED,UNAVAILABLE,DISABLED,27.68986525479704,9.809827742166817,37.74534127023071
4,49,0.08034054934978485,7.52285177441081e-06,0.11395710706710815,-0.21951156854629517,3.761425887205405e-06,0.05697855353355408,-0.10975578427314758,0.02756708860397339,32,False,UNAVAILABLE,DISABLED,DISABLED,DISABLED,UNAVAILABLE,DISABLED,27.68986525479704,9.809827742166817,37.74534127023071
4,50,0.07494664192199707,5.65400796403992e-06,0.053598642349243164,-0.1606123447418213,2.82700398201996e-06,0.026799321174621582,-0.08030617237091064,0.021442614495754242,32,False,UNAVAILABLE,DISABLED,DISABLED,DISABLED,UNAVAILABLE,DISABLED,27.68986525479704,9.809827742166817,37.74534127023071
4,51,0.07593908160924911,6.154097263788572e-06,0.06951135396957397,-0.16643518209457397,3.077048631894286e-06,0.03475567698478699,-0.08321759104728699,0.027480244636535645,32,False,UNAVAILABLE,DISABLED,DISABLED,DISABLED,UNAVAILABLE,DISABLED,27.68986525479704,9.809827742166817,37.74534127023071
4,52,0.06711242347955704,5.69372377867694e-06,0.08036482334136963,-0.2713022232055664,2.84686188933847e-06,0.040182411670684814,-0.1356511116027832,-0.028353430330753326,32,False,UNAVAILABLE,DISABLED,DISABLED,DISABLED,UNAVAILABLE,DISABLED,27.68986525479704,9.809827742166817,37.74534127023071
4,53,0.0684996247291565,7.272617494891165e-06,0.1597941517829895,-0.3002029061317444,3.6363087474455824e-06,0.07989707589149475,-0.1501014530658722,-0.0017011165618896484,32,False,UNAVAILABLE,DISABLED,DISABLED,DISABLED,UNAVAILABLE,DISABLED,27.68986525479704,9.809827742166817,37.74534127023071
4,54,0.0701252669095993,5.789811439171899e-06,0.11188781261444092,-0.30132347345352173,2.8949057195859496e-06,0.05594390630722046,-0.15066173672676086,-0.0245896577835083,32,False,UNAVAILABLE,DISABLED,DISABLED,DISABLED,UNAVAILABLE,DISABLED,27.68986525479704,9.809827742166817,37.74534127023071
4,55,0.0709686279296875,8.913374585972633e-06,0.09897994995117188,-0.2642178535461426,4.456687292986317e-06,0.04948997497558594,-0.1321089267730713,-0.011645868420600891,32,False,UNAVAILABLE,DISABLED,DISABLED,DISABLED,UNAVAILABLE,DISABLED,27.68986525479704,9.809827742166817,37.74534127023071
4,56,0.07027911394834518,5.5603813962079585e-06,0.09031182527542114,-0.27038055658340454,2.7801906981039792e-06,0.04515591263771057,-0.13519027829170227,-0.019752472639083862,32,False,UNAVAILABLE,DISABLED,DISABLED,DISABLED,UNAVAILABLE,DISABLED,27.68986525479704,9.809827742166817,37.74534127023071
4,57,0.07268722355365753,5.256776148598874e-06,0.08001536130905151,-0.21526706218719482,2.628388074299437e-06,0.04000768065452576,-0.10763353109359741,0.005064003169536591,32,False,UNAVAILABLE,DISABLED,DISABLED,DISABLED,UNAVAILABLE,DISABLED,27.68986525479704,9.809827742166817,37.74534127023071
4,58,0.06997062265872955,7.312678008020157e-06,0.0984581708908081,-0.2193589210510254,3.6563390040100785e-06,0.04922908544540405,-0.1096794605255127,0.009523905813694,32,False,UNAVAILABLE,DISABLED,DISABLED,DISABLED,UNAVAILABLE,DISABLED,27.68986525479704,9.809827742166817,37.74534127023071
4,59,0.07183565944433212,4.20733476858004e-06,0.07796001434326172,-0.24720501899719238,2.10366738429002e-06,0.03898000717163086,-0.12360250949859619,-0.012784741818904877,32,False,UNAVAILABLE,DISABLED,DISABLED,DISABLED,UNAVAILABLE,DISABLED,27.68986525479704,9.809827742166817,37.74534127023071
4,60,0.07206254452466965,3.4849783787649358e-06,0.07053464651107788,-0.20924127101898193,1.7424891893824679e-06,0.03526732325553894,-0.10462063550949097,0.002710975706577301,32,False,UNAVAILABLE,DISABLED,DISABLED,DISABLED,UNAVAILABLE,DISABLED,27.68986525479704,9.809827742166817,37.74534127023071
4,61,0.07029684633016586,4.745482783619082e-06,0.08482074737548828,-0.17195504903793335,2.372741391809541e-06,0.04241037368774414,-0.08597752451896667,0.02673206478357315,32,False,UNAVAILABLE,DISABLED,DISABLED,DISABLED,UNAVAILABLE,DISABLED,27.68986525479704,9.809827742166817,37.74534127023071
4,62,0.06797339767217636,6.106428827479249e-06,0.09707432985305786,-0.29443609714508057,3.0532144137396244e-06,0.04853716492652893,-0.14721804857254028,-0.030704431235790253,32,False,UNAVAILABLE,DISABLED,DISABLED,DISABLED,UNAVAILABLE,DISABLED,27.68986525479704,9.809827742166817,37.74534127023071
4,63,0.07407014816999435,5.498384780366905e-06,0.10890430212020874,-0.307731568813324,2.7491923901834525e-06,0.05445215106010437,-0.153865784406662,-0.025340735912322998,32,False,UNAVAILABLE,DISABLED,DISABLED,DISABLED,UNAVAILABLE,DISABLED,27.68986525479704,9.809827742166817,37.74534127023071
4,64,0.06494961678981781,6.622994078497868e-06,0.12451839447021484,-0.22938907146453857,3.311497039248934e-06,0.06225919723510742,-0.11469453573226929,0.012517586350440979,32,False,UNAVAILABLE,DISABLED,DISABLED,DISABLED,UNAVAILABLE,DISABLED,27.68986525479704,9.809827742166817,37.74534127023071
4,65,0.07070443779230118,6.097947789385216e-06,0.10265696048736572,-0.2851099371910095,3.048973894692608e-06,0.05132848024368286,-0.14255496859550476,-0.02051900327205658,32,False,UNAVAILABLE,DISABLED,DISABLED,DISABLED,UNAVAILABLE,DISABLED,27.68986525479704,9.809827742166817,37.74534127023071
4,66,0.06718555092811584,6.498640686913859e-06,0.12541431188583374,-0.26750391721725464,3.2493203434569295e-06,0.06270715594291687,-0.13375195860862732,-0.0038560032844543457,32,False,UNAVAILABLE,DISABLED,DISABLED,DISABLED,UNAVAILABLE,DISABLED,27.68986525479704,9.809827742166817,37.74534127023071
4,67,0.06700123846530914,4.853810423810501e-06,0.07619750499725342,-0.19223511219024658,2.4269052119052503e-06,0.03809875249862671,-0.09611755609512329,0.008984863758087158,32,False,UNAVAILABLE,DISABLED,DISABLED,DISABLED,UNAVAILABLE,DISABLED,27.68986525479704,9.809827742166817,37.74534127023071
4,68,0.07099995017051697,9.984933967643883e-06,0.10572844743728638,-0.11182647943496704,4.9924669838219415e-06,0.05286422371864319,-0.05591323971748352,0.06795592606067657,32,False,UNAVAILABLE,DISABLED,DISABLED,DISABLED,UNAVAILABLE,DISABLED,27.68986525479704,9.809827742166817,37.74534127023071
4,69,0.06696479767560959,5.415093710325891e-06,0.09952348470687866,-0.24537456035614014,2.7075468551629456e-06,0.04976174235343933,-0.12268728017807007,-0.005958035588264465,32,False,UNAVAILABLE,DISABLED,DISABLED,DISABLED,UNAVAILABLE,DISABLED,27.68986525479704,9.809827742166817,37.74534127023071
4,70,0.07853744924068451,6.393345302058151e-06,0.10184919834136963,-0.23844391107559204,3.1966726510290755e-06,0.050924599170684814,-0.11922195553779602,0.01024329662322998,32,False,UNAVAILABLE,DISABLED,DISABLED,DISABLED,UNAVAILABLE,DISABLED,27.68986525479704,9.809827742166817,37.74534127023071
4,71,0.06980729848146439,6.027412837283919e-06,0.11809653043746948,-0.27891111373901367,3.0137064186419593e-06,0.05904826521873474,-0.13945555686950684,-0.010596990585327148,32,False,UNAVAILABLE,DISABLED,DISABLED,DISABLED,UNAVAILABLE,DISABLED,27.68986525479704,9.809827742166817,37.74534127023071
4,72,0.07258340716362,4.79919208373758e-06,0.09250444173812866,-0.12976229190826416,2.39959604186879e-06,0.04625222086906433,-0.06488114595413208,0.053956881165504456,32,False,UNAVAILABLE,DISABLED,DISABLED,DISABLED,UNAVAILABLE,DISABLED,27.68986525479704,9.809827742166817,37.74534127023071
4,73,0.06633711606264114,6.221925104910042e-06,0.09561020135879517,-0.14285993576049805,3.110962552455021e-06,0.04780510067939758,-0.07142996788024902,0.04271536320447922,32,False,UNAVAILABLE,DISABLED,DISABLED,DISABLED,UNAVAILABLE,DISABLED,27.68986525479704,9.809827742166817,37.74534127023071
4,74,0.06541409343481064,5.180544121685671e-06,0.09364062547683716,-0.2040538787841797,2.5902720608428353e-06,0.04682031273841858,-0.10202693939208984,0.010210059583187103,32,False,UNAVAILABLE,DISABLED,DISABLED,DISABLED,UNAVAILABLE,DISABLED,27.68986525479704,9.809827742166817,37.74534127023071
4,75,0.07377483695745468,1.0730677786341403e-05,0.17055797576904297,-0.09173727035522461,5.365338893170701e-06,0.08527898788452148,-0.045868635177612305,0.11319056153297424,32,False,UNAVAILABLE,DISABLED,DISABLED,DISABLED,UNAVAILABLE,DISABLED,27.68986525479704,9.809827742166817,37.74534127023071
4,76,0.06443695724010468,3.7044153486931464e-06,0.08598583936691284,-0.20501089096069336,1.8522076743465732e-06,0.04299291968345642,-0.10250544548034668,0.0049262866377830505,32,False,UNAVAILABLE,DISABLED,DISABLED,DISABLED,UNAVAILABLE,DISABLED,27.68986525479704,9.809827742166817,37.74534127023071
4,77,0.06587577611207962,2.557904736022465e-06,0.046971797943115234,-0.08337664604187012,1.2789523680112325e-06,0.023485898971557617,-0.04168832302093506,0.04767463356256485,32,False,UNAVAILABLE,DISABLED,DISABLED,DISABLED,UNAVAILABLE,DISABLED,27.68986525479704,9.809827742166817,37.74534127023071
4,78,0.06742046028375626,7.087453923304565e-06,0.12199532985687256,-0.22437572479248047,3.5437269616522826e-06,0.06099766492843628,-0.11218786239624023,0.01623380184173584,32,False,UNAVAILABLE,DISABLED,DISABLED,DISABLED,UNAVAILABLE,DISABLED,27.68986525479704,9.809827742166817,37.74534127023071
4,79,0.06568408757448196,4.167558927292703e-06,0.08417773246765137,-0.16168338060379028,2.0837794636463514e-06,0.042088866233825684,-0.08084169030189514,0.026933349668979645,32,False,UNAVAILABLE,DISABLED,DISABLED,DISABLED,UNAVAILABLE,DISABLED,27.68986525479704,9.809827742166817,37.74534127023071
4,80,0.06289152801036835,8.252816769527271e-06,0.11395138502120972,-0.09631133079528809,4.126408384763636e-06,0.05697569251060486,-0.04815566539764404,0.07171568274497986,32,False,UNAVAILABLE,DISABLED,DISABLED,DISABLED,UNAVAILABLE,DISABLED,27.68986525479704,9.809827742166817,37.74534127023071
4,81,0.06452573090791702,4.282743702788139e-06,0.06585270166397095,-0.11766886711120605,2.1413718513940694e-06,0.032926350831985474,-0.05883443355560303,0.038619786500930786,32,False,UNAVAILABLE,DISABLED,DISABLED,DISABLED,UNAVAILABLE,DISABLED,27.68986525479704,9.809827742166817,37.74534127023071
4,82,0.06734238564968109,5.085745215183124e-06,0.08737999200820923,-0.08930706977844238,2.542872607591562e-06,0.043689996004104614,-0.04465353488922119,0.06638138741254807,32,False,UNAVAILABLE,DISABLED,DISABLED,DISABLED,UNAVAILABLE,DISABLED,27.68986525479704,9.809827742166817,37.74534127023071
4,83,0.06481103599071503,4.1835933188849594e-06,0.08186483383178711,-0.10411602258682251,2.0917966594424797e-06,0.040932416915893555,-0.052058011293411255,0.05368753522634506,32,False,UNAVAILABLE,DISABLED,DISABLED,DISABLED,UNAVAILABLE,DISABLED,27.68986525479704,9.809827742166817,37.74534127023071
4,84,0.06475524604320526,4.5892033995187376e-06,0.06012618541717529,-0.10147106647491455,2.2946016997593688e-06,0.030063092708587646,-0.050735533237457275,0.044085100293159485,32,False,UNAVAILABLE,DISABLED,DISABLED,DISABLED,UNAVAILABLE,DISABLED,27.68986525479704,9.809827742166817,37.74534127023071
4,85,0.06998109817504883,5.565474566537887e-06,0.09014278650283813,-0.09604054689407349,2.7827372832689434e-06,0.04507139325141907,-0.04802027344703674,0.0670349970459938,32,False,UNAVAILABLE,DISABLED,DISABLED,DISABLED,UNAVAILABLE,DISABLED,27.68986525479704,9.809827742166817,37.74534127023071
4,86,0.06761550903320312,5.349178081814898e-06,0.07323414087295532,-0.098044753074646,2.674589040907449e-06,0.03661707043647766,-0.049022376537323,0.055212877690792084,32,False,UNAVAILABLE,DISABLED,DISABLED,DISABLED,UNAVAILABLE,DISABLED,27.68986525479704,9.809827742166817,37.74534127023071
4,87,0.06401395052671432,5.030046850151848e-06,0.09407150745391846,-0.07808637619018555,2.515023425075924e-06,0.04703575372695923,-0.03904318809509277,0.07200903445482254,32,False,UNAVAILABLE,DISABLED,DISABLED,DISABLED,UNAVAILABLE,DISABLED,27.68986525479704,9.809827742166817,37.74534127023071
4,88,0.06685011833906174,6.015434337314218e-06,0.10726100206375122,-0.060861945152282715,3.007717168657109e-06,0.05363050103187561,-0.030430972576141357,0.09005265682935715,32,False,UNAVAILABLE,DISABLED,DISABLED,DISABLED,UNAVAILABLE,DISABLED,27.68986525479704,9.809827742166817,37.74534127023071
4,89,0.06654868274927139,5.727373263653135e-06,0.0893259048461914,-0.07028025388717651,2.8636866318265675e-06,0.0446629524230957,-0.03514012694358826,0.07607436925172806,32,False,UNAVAILABLE,DISABLED,DISABLED,DISABLED,UNAVAILABLE,DISABLED,27.68986525479704,9.809827742166817,37.74534127023071
4,90,0.07012614607810974,4.4667372094409075e-06,0.07069265842437744,-0.03375983238220215,2.2333686047204537e-06,0.03534632921218872,-0.016879916191101074,0.08859479427337646,32,False,UNAVAILABLE,DISABLED,DISABLED,DISABLED,UNAVAILABLE,DISABLED,27.68986525479704,9.809827742166817,37.74534127023071
4,91,0.06684435904026031,3.848356300295563e-06,0.052333056926727295,-0.052957117557525635,1.9241781501477817e-06,0.026166528463363647,-0.026478558778762817,0.06653425097465515,32,False,UNAVAILABLE,DISABLED,DISABLED,DISABLED,UNAVAILABLE,DISABLED,27.68986525479704,9.809827742166817,37.74534127023071
4,92,0.07000666856765747,4.425834049470723e-06,0.05737960338592529,-0.03358250856399536,2.2129170247353613e-06,0.028689801692962646,-0.01679125428199768,0.08190742880105972,32,False,UNAVAILABLE,DISABLED,DISABLED,DISABLED,UNAVAILABLE,DISABLED,27.68986525479704,9.809827742166817,37.74534127023071
4,93,0.06447430700063705,5.653870630339952e-06,0.07662719488143921,0.0006051063537597656,2.826935315169976e-06,0.038313597440719604,0.0003025531768798828,0.10309328138828278,32,False,UNAVAILABLE,DISABLED,DISABLED,DISABLED,UNAVAILABLE,DISABLED,27.68986525479704,9.809827742166817,37.74534127023071
4,94,0.06467483937740326,4.948375590174692e-06,0.10307836532592773,0.0386698842048645,2.474187795087346e-06,0.05153918266296387,0.01933494210243225,0.13555143773555756,32,False,UNAVAILABLE,DISABLED,DISABLED,DISABLED,UNAVAILABLE,DISABLED,27.68986525479704,9.809827742166817,37.74534127023071
4,95,0.06962716579437256,4.908851678919746e-06,0.12678152322769165,0.00286710262298584,2.454425839459873e-06,0.06339076161384583,0.00143355131149292,0.1344539225101471,32,False,UNAVAILABLE,DISABLED,DISABLED,DISABLED,UNAVAILABLE,DISABLED,27.68986525479704,9.809827742166817,37.74534127023071
4,96,0.06884162127971649,4.757806436828105e-06,0.09024542570114136,0.025412142276763916,2.3789032184140524e-06,0.04512271285057068,0.012706071138381958,0.12667277455329895,32,False,UNAVAILABLE,DISABLED,DISABLED,DISABLED,UNAVAILABLE,DISABLED,27.68986525479704,9.809827742166817,37.74534127023071
4,97,0.06386860460042953,3.5859875424648635e-06,0.03504210710525513,0.004811108112335205,1.7929937712324318e-06,0.017521053552627563,0.0024055540561676025,0.08379700779914856,32,False,UNAVAILABLE,DISABLED,DISABLED,DISABLED,UNAVAILABLE,DISABLED,27.68986525479704,9.809827742166817,37.74534127023071
4,98,0.06921406090259552,6.142372967588017e-06,0.09747952222824097,0.05972486734390259,3.0711864837940084e-06,0.04873976111412048,0.029862433671951294,0.14781932532787323,32,False,UNAVAILABLE,DISABLED,DISABLED,DISABLED,UNAVAILABLE,DISABLED,27.68986525479704,9.809827742166817,37.74534127023071
4,99,0.06652901321649551,3.035659119632328e-06,0.06909400224685669,0.06512194871902466,1.517829559816164e-06,0.034547001123428345,0.03256097435951233,0.13363850116729736,32,False,UNAVAILABLE,DISABLED,DISABLED,DISABLED,UNAVAILABLE,DISABLED,27.68986525479704,9.809827742166817,37.74534127023071
4,100,0.18476822972297668,4.442321369424462e-06,0.07073891162872314,0.06327801942825317,2.221160684712231e-06,0.03536945581436157,0.03163900971412659,0.25177890062332153,32,False,UNAVAILABLE,DISABLED,DISABLED,DISABLED,UNAVAILABLE,DISABLED,27.68986525479704,9.809827742166817,37.74534127023071
5,1,0.04724720120429993,4.865074970439309e-06,0.06986004114151001,-0.006668165326118469,2.4325374852196546e-06,0.034930020570755005,-0.0033340826630592346,0.0788455680012703,32,False,UNAVAILABLE,DISABLED,DISABLED,DISABLED,UNAVAILABLE,DISABLED,27.872024341486394,9.900842238916084,38.003282063640654
5,2,0.04486112669110298,3.438712383285747e-06,0.040660858154296875,-0.007165499031543732,1.7193561916428735e-06,0.020330429077148438,-0.003582749515771866,0.06161053106188774,32,False,UNAVAILABLE,DISABLED,DISABLED,DISABLED,UNAVAILABLE,DISABLED,27.872024341486394,9.900842238916084,38.003282063640654
5,3,0.04641108587384224,3.445719812589232e-06,0.05546224117279053,-0.029698938131332397,1.722859906294616e-06,0.027731120586395264,-0.014849469065666199,0.05929446220397949,32,False,UNAVAILABLE,DISABLED,DISABLED,DISABLED,UNAVAILABLE,DISABLED,27.872024341486394,9.900842238916084,38.003282063640654
5,4,0.044943198561668396,4.750720563606592e-06,0.05492377281188965,-0.040652934461832047,2.375360281803296e-06,0.027461886405944824,-0.020326467230916023,0.052080996334552765,32,False,UNAVAILABLE,DISABLED,DISABLED,DISABLED,UNAVAILABLE,DISABLED,27.872024341486394,9.900842238916084,38.003282063640654
5,5,0.044840384274721146,5.021562628826359e-06,0.040820538997650146,-0.025903742760419846,2.5107813144131796e-06,0.020410269498825073,-0.012951871380209923,0.05230129510164261,32,False,UNAVAILABLE,DISABLED,DISABLED,DISABLED,UNAVAILABLE,DISABLED,27.872024341486394,9.900842238916084,38.003282063640654
5,6,0.04340050369501114,2.418057420072728e-06,0.03495502471923828,-0.027987875044345856,1.209028710036364e-06,0.01747751235961914,-0.013993937522172928,0.04688528925180435,32,False,UNAVAILABLE,DISABLED,DISABLED,DISABLED,UNAVAILABLE,DISABLED,27.872024341486394,9.900842238916084,38.003282063640654
5,7,0.04594331234693527,1.9134390640829224e-06,0.035917043685913086,-0.034750841557979584,9.567195320414612e-07,0.017958521842956543,-0.017375420778989792,0.046527374535799026,32,False,UNAVAILABLE,DISABLED,DISABLED,DISABLED,UNAVAILABLE,DISABLED,27.872024341486394,9.900842238916084,38.003282063640654
5,8,0.06536712497472763,6.0019274314981885e-06,0.07022672891616821,-0.047068312764167786,3.0009637157490943e-06,0.035113364458084106,-0.023534156382083893,0.0769493356347084,32,False,UNAVAILABLE,DISABLED,DISABLED,DISABLED,UNAVAILABLE,DISABLED,27.872024341486394,9.900842238916084,38.003282063640654
5,9,0.04429508000612259,3.519254960338003e-06,0.05600619316101074,-0.03263934701681137,1.7596274801690015e-06,0.02800309658050537,-0.016319673508405685,0.05598026141524315,32,False,UNAVAILABLE,DISABLED,DISABLED,DISABLED,UNAVAILABLE,DISABLED,27.872024341486394,9.900842238916084,38.003282063640654
5,10,0.0443425290286541,4.090073616680456e-06,0.04984158277511597,-0.04886011779308319,2.045036808340228e-06,0.024920791387557983,-0.024430058896541595,0.04483530670404434,32,False,UNAVAILABLE,DISABLED,DISABLED,DISABLED,UNAVAILABLE,DISABLED,27.872024341486394,9.900842238916084,38.003282063640654
5,11,0.044043660163879395,5.36614879820263e-06,0.0721011757850647,-0.048534564673900604,2.683074399101315e-06,0.03605058789253235,-0.024267282336950302,0.055829647928476334,32,False,UNAVAILABLE,DISABLED,DISABLED,DISABLED,UNAVAILABLE,DISABLED,27.872024341486394,9.900842238916084,38.003282063640654
5,12,0.04887835308909416,3.948787252738839e-06,0.05989950895309448,-0.05986117571592331,1.9743936263694195e-06,0.02994975447654724,-0.029930587857961655,0.048899490386247635,32,False,UNAVAILABLE,DISABLED,DISABLED,DISABLED,UNAVAILABLE,DISABLED,27.872024341486394,9.900842238916084,38.003282063640654
5,13,0.04274256154894829,4.262148650013842e-06,0.06060284376144409,-0.05847489833831787,2.131074325006921e-06,0.030301421880722046,-0.029237449169158936,0.04380866885185242,32,False,UNAVAILABLE,DISABLED,DISABLED,DISABLED,UNAVAILABLE,DISABLED,27.872024341486394,9.900842238916084,38.003282063640654
5,14,0.042033713310956955,6.6273460106458515e-06,0.07201319932937622,-0.07723774760961533,3.3136730053229257e-06,0.03600659966468811,-0.03861887380480766,0.039424750953912735,32,False,UNAVAILABLE,DISABLED,DISABLED,DISABLED,UNAVAILABLE,DISABLED,27.872024341486394,9.900842238916084,38.003282063640654
5,15,0.042019788175821304,3.957720764447004e-06,0.04126018285751343,-0.061887964606285095,1.978860382223502e-06,0.020630091428756714,-0.030943982303142548,0.031707875430583954,32,False,UNAVAILABLE,DISABLED,DISABLED,DISABLED,UNAVAILABLE,DISABLED,27.872024341486394,9.900842238916084,38.003282063640654
5,16,0.043449461460113525,5.056577265349915e-06,0.06227761507034302,-0.06695222854614258,2.5282886326749576e-06,0.03113880753517151,-0.03347611427307129,0.0411146879196167,32,False,UNAVAILABLE,DISABLED,DISABLED,DISABLED,UNAVAILABLE,DISABLED,27.872024341486394,9.900842238916084,38.003282063640654
5,17,0.0423826165497303,4.079573500348488e-06,0.03828221559524536,-0.07499012351036072,2.039786750174244e-06,0.01914110779762268,-0.03749506175518036,0.02403070405125618,32,False,UNAVAILABLE,DISABLED,DISABLED,DISABLED,UNAVAILABLE,DISABLED,27.872024341486394,9.900842238916084,38.003282063640654
5,18,0.044120557606220245,5.1565530156949535e-06,0.06367045640945435,-0.08109919726848602,2.5782765078474768e-06,0.03183522820472717,-0.04054959863424301,0.03540876507759094,32,False,UNAVAILABLE,DISABLED,DISABLED,DISABLED,UNAVAILABLE,DISABLED,27.872024341486394,9.900842238916084,38.003282063640654
5,19,0.0452020987868309,5.08925722897402e-06,0.05806267261505127,-0.07131706178188324,2.54462861448701e-06,0.029031336307525635,-0.03565853089094162,0.03857744485139847,32,False,UNAVAILABLE,DISABLED,DISABLED,DISABLED,UNAVAILABLE,DISABLED,27.872024341486394,9.900842238916084,38.003282063640654
5,20,0.04216958209872246,7.248249403346563e-06,0.06532883644104004,-0.07123211026191711,3.6241247016732814e-06,0.03266441822052002,-0.03561605513095856,0.039221569895744324,32,False,UNAVAILABLE,DISABLED,DISABLED,DISABLED,UNAVAILABLE,DISABLED,27.872024341486394,9.900842238916084,38.003282063640654
5,21,0.04136364161968231,6.682072580588283e-06,0.05852484703063965,-0.09615504741668701,3.3410362902941415e-06,0.029262423515319824,-0.048077523708343506,0.022551879286766052,32,False,UNAVAILABLE,DISABLED,DISABLED,DISABLED,UNAVAILABLE,DISABLED,27.872024341486394,9.900842238916084,38.003282063640654
5,22,0.04358851537108421,2.8084427867725026e-06,0.05400204658508301,-0.08919602632522583,1.4042213933862513e-06,0.027001023292541504,-0.044598013162612915,0.025992929935455322,32,False,UNAVAILABLE,DISABLED,DISABLED,DISABLED,UNAVAILABLE,DISABLED,27.872024341486394,9.900842238916084,38.003282063640654
5,23,0.04192047938704491,3.7280467495293124e-06,0.05325573682785034,-0.11127790808677673,1.8640233747646562e-06,0.02662786841392517,-0.05563895404338837,0.01291126012802124,32,False,UNAVAILABLE,DISABLED,DISABLED,DISABLED,UNAVAILABLE,DISABLED,27.872024341486394,9.900842238916084,38.003282063640654
5,24,0.04308465123176575,7.98406563262688e-06,0.10340613126754761,-0.12506073713302612,3.99203281631344e-06,0.051703065633773804,-0.06253036856651306,0.03226134181022644,32,False,UNAVAILABLE,DISABLED,DISABLED,DISABLED,UNAVAILABLE,DISABLED,27.872024341486394,9.900842238916084,38.003282063640654
5,25,0.045119889080524445,6.49135654384736e-06,0.0740472674369812,-0.10715439915657043,3.24567827192368e-06,0.0370236337184906,-0.05357719957828522,0.02856956422328949,32,False,UNAVAILABLE,DISABLED,DISABLED,DISABLED,UNAVAILABLE,DISABLED,27.872024341486394,9.900842238916084,38.003282063640654
5,26,0.04144265130162239,5.383535153669072e-06,0.06529802083969116,-0.13350440561771393,2.691767576834536e-06,0.03264901041984558,-0.06675220280885696,0.007342152297496796,32,False,UNAVAILABLE,DISABLED,DISABLED,DISABLED,UNAVAILABLE,DISABLED,27.872024341486394,9.900842238916084,38.003282063640654
5,27,0.039373740553855896,2.63070569417323e-06,0.03453773260116577,-0.09240677952766418,1.315352847086615e-06,0.017268866300582886,-0.04620338976383209,0.010440532118082047,32,False,UNAVAILABLE,DISABLED,DISABLED,DISABLED,UNAVAILABLE,DISABLED,27.872024341486394,9.900842238916084,38.003282063640654
5,28,0.041026532649993896,2.7182641133549623e-06,0.04299038648605347,-0.11983051896095276,1.3591320566774812e-06,0.021495193243026733,-0.05991525948047638,0.0026078224182128906,32,False,UNAVAILABLE,DISABLED,DISABLED,DISABLED,UNAVAILABLE,DISABLED,27.872024341486394,9.900842238916084,38.003282063640654
5,29,0.0397336520254612,5.9785406847367994e-06,0.0606842041015625,-0.11322160065174103,2.9892703423683997e-06,0.03034210205078125,-0.056610800325870514,0.013467945158481598,32,False,UNAVAILABLE,DISABLED,DISABLED,DISABLED,UNAVAILABLE,DISABLED,27.872024341486394,9.900842238916084,38.003282063640654
5,30,0.03797890245914459,5.5732502914906945e-06,0.10628336668014526,-0.1420276165008545,2.7866251457453473e-06,0.05314168334007263,-0.07101380825042725,0.020109564065933228,32,False,UNAVAILABLE,DISABLED,DISABLED,DISABLED,UNAVAILABLE,DISABLED,27.872024341486394,9.900842238916084,38.003282063640654
5,31,0.043056368827819824,6.785450295865303e-06,0.0740962028503418,-0.10670498013496399,3.3927251479326515e-06,0.0370481014251709,-0.053352490067481995,0.026755377650260925,32,False,UNAVAILABLE,DISABLED,DISABLED,DISABLED,UNAVAILABLE,DISABLED,27.872024341486394,9.900842238916084,38.003282063640654
5,32,0.04179912433028221,7.503574579459382e-06,0.09067320823669434,-0.12751951813697815,3.751787289729691e-06,0.04533660411834717,-0.06375975906848907,0.023379720747470856,32,False,UNAVAILABLE,DISABLED,DISABLED,DISABLED,UNAVAILABLE,DISABLED,27.872024341486394,9.900842238916084,38.003282063640654
5,33,0.04203295335173607,7.605347946082475e-06,0.09635788202285767,-0.12868908047676086,3.8026739730412373e-06,0.04817894101142883,-0.06434454023838043,0.0258711576461792,32,False,UNAVAILABLE,DISABLED,DISABLED,DISABLED,UNAVAILABLE,DISABLED,27.872024341486394,9.900842238916084,38.003282063640654
5,34,0.040291789919137955,6.901275810378138e-06,0.07967299222946167,-0.11029165983200073,3.450637905189069e-06,0.039836496114730835,-0.055145829916000366,0.024985909461975098,32,False,UNAVAILABLE,DISABLED,DISABLED,DISABLED,UNAVAILABLE,DISABLED,27.872024341486394,9.900842238916084,38.003282063640654
5,35,0.04008135199546814,5.1122860895702615e-06,0.0748291015625,-0.10695391893386841,2.5561430447851308e-06,0.03741455078125,-0.053476959466934204,0.02402149885892868,32,False,UNAVAILABLE,DISABLED,DISABLED,DISABLED,UNAVAILABLE,DISABLED,27.872024341486394,9.900842238916084,38.003282063640654
5,36,0.04118965193629265,4.4812240957980976e-06,0.07167792320251465,-0.12169939279556274,2.2406120478990488e-06,0.035838961601257324,-0.06084969639778137,0.016181156039237976,32,False,UNAVAILABLE,DISABLED,DISABLED,DISABLED,UNAVAILABLE,DISABLED,27.872024341486394,9.900842238916084,38.003282063640654
5,37,0.040962256491184235,5.117367436469067e-06,0.06262171268463135,-0.10530608892440796,2.5586837182345334e-06,0.031310856342315674,-0.05265304446220398,0.019622623920440674,32,False,UNAVAILABLE,DISABLED,DISABLED,DISABLED,UNAVAILABLE,DISABLED,27.872024341486394,9.900842238916084,38.003282063640654
5,38,0.040912386029958725,6.013964593876153e-06,0.07681512832641602,-0.11880689859390259,3.0069822969380766e-06,0.03840756416320801,-0.059403449296951294,0.019919507205486298,32,False,UNAVAILABLE,DISABLED,DISABLED,DISABLED,UNAVAILABLE,DISABLED,27.872024341486394,9.900842238916084,38.003282063640654
5,39,0.037894003093242645,4.054340934089851e-06,0.08060640096664429,-0.13600307703018188,2.0271704670449253e-06,0.040303200483322144,-0.06800153851509094,0.01019769161939621,32,False,UNAVAILABLE,DISABLED,DISABLED,DISABLED,UNAVAILABLE,DISABLED,27.872024341486394,9.900842238916084,38.003282063640654
5,40,0.04003560543060303,5.581981440627715e-06,0.08907359838485718,-0.13722211122512817,2.7909907203138573e-06,0.04453679919242859,-0.06861105561256409,0.01596413552761078,32,False,UNAVAILABLE,DISABLED,DISABLED,DISABLED,UNAVAILABLE,DISABLED,27.872024341486394,9.900842238916084,38.003282063640654
5,41,0.0434020571410656,6.367173227772582e-06,0.0825071930885315,-0.13283520936965942,3.183586613886291e-06,0.04125359654426575,-0.06641760468482971,0.018241234123706818,32,False,UNAVAILABLE,DISABLED,DISABLED,DISABLED,UNAVAILABLE,DISABLED,27.872024341486394,9.900842238916084,38.003282063640654
5,42,0.03996711224317551,5.911721473239595e-06,0.08398741483688354,-0.14606252312660217,2.9558607366197975e-06,0.04199370741844177,-0.07303126156330109,0.008932515978813171,32,False,UNAVAILABLE,DISABLED,DISABLED,DISABLED,UNAVAILABLE,DISABLED,27.872024341486394,9.900842238916084,38.003282063640654
5,43,0.039059560745954514,3.842014393740101e-06,0.10083645582199097,-0.18779444694519043,1.9210071968700504e-06,0.05041822791099548,-0.09389722347259521,-0.004417508840560913,32,False,UNAVAILABLE,DISABLED,DISABLED,DISABLED,UNAVAILABLE,DISABLED,27.872024341486394,9.900842238916084,38.003282063640654
5,44,0.038454923778772354,4.337951395427808e-06,0.12071645259857178,-0.20774361491203308,2.168975697713904e-06,0.06035822629928589,-0.10387180745601654,-0.005056485533714294,32,False,UNAVAILABLE,DISABLED,DISABLED,DISABLED,UNAVAILABLE,DISABLED,27.872024341486394,9.900842238916084,38.003282063640654
5,45,0.04052332416176796,5.2954733291699085e-06,0.08256244659423828,-0.19152754545211792,2.6477366645849543e-06,0.04128122329711914,-0.09576377272605896,-0.013956576585769653,32,False,UNAVAILABLE,DISABLED,DISABLED,DISABLED,UNAVAILABLE,DISABLED,27.872024341486394,9.900842238916084,38.003282063640654
5,46,0.039068374782800674,4.374789114081068e-06,0.0782429575920105,-0.18538570404052734,2.187394557040534e-06,0.03912147879600525,-0.09269285202026367,-0.014500811696052551,32,False,UNAVAILABLE,DISABLED,DISABLED,DISABLED,UNAVAILABLE,DISABLED,27.872024341486394,9.900842238916084,38.003282063640654
5,47,0.04109615460038185,3.465899908405845e-06,0.05281919240951538,-0.16948872804641724,1.7329499542029225e-06,0.02640959620475769,-0.08474436402320862,-0.017236880958080292,32,False,UNAVAILABLE,DISABLED,DISABLED,DISABLED,UNAVAILABLE,DISABLED,27.872024341486394,9.900842238916084,38.003282063640654
5,48,0.03834885358810425,4.913288194074994e-06,0.11976051330566406,-0.1784205436706543,2.456644097037497e-06,0.05988025665283203,-0.08921027183532715,0.009021297097206116,32,False,UNAVAILABLE,DISABLED,DISABLED,DISABLED,UNAVAILABLE,DISABLED,27.872024341486394,9.900842238916084,38.003282063640654
5,49,0.04320874065160751,6.940306320757372e-06,0.12261456251144409,-0.20047909021377563,3.470153160378686e-06,0.061307281255722046,-0.10023954510688782,0.0042799487709999084,32,False,UNAVAILABLE,DISABLED,DISABLED,DISABLED,UNAVAILABLE,DISABLED,27.872024341486394,9.900842238916084,38.003282063640654
5,50,0.0390670970082283,5.414352472143946e-06,0.06671273708343506,-0.17736506462097168,2.707176236071973e-06,0.03335636854171753,-0.08868253231048584,-0.016256362199783325,32,False,UNAVAILABLE,DISABLED,DISABLED,DISABLED,UNAVAILABLE,DISABLED,27.872024341486394,9.900842238916084,38.003282063640654
5,51,0.04113127291202545,4.526061275100801e-06,0.07105183601379395,-0.16867953538894653,2.2630306375504006e-06,0.03552591800689697,-0.08433976769447327,-0.0076803117990493774,32,False,UNAVAILABLE,DISABLED,DISABLED,DISABLED,UNAVAILABLE,DISABLED,27.872024341486394,9.900842238916084,38.003282063640654
5,52,0.09011384099721909,4.796172106580343e-06,0.07455462217330933,-0.22354376316070557,2.3980860532901715e-06,0.03727731108665466,-0.11177188158035278,0.015621662139892578,32,False,UNAVAILABLE,DISABLED,DISABLED,DISABLED,UNAVAILABLE,DISABLED,27.872024341486394,9.900842238916084,38.003282063640654
5,53,0.03705444186925888,5.106192929815734e-06,0.13336139917373657,-0.2475687861442566,2.553096464907867e-06,0.06668069958686829,-0.1237843930721283,-0.020046696066856384,32,False,UNAVAILABLE,DISABLED,DISABLED,DISABLED,UNAVAILABLE,DISABLED,27.872024341486394,9.900842238916084,38.003282063640654
5,54,0.03756696730852127,4.36052914665197e-06,0.10423624515533447,-0.2720816135406494,2.180264573325985e-06,0.052118122577667236,-0.1360408067703247,-0.0463535338640213,32,False,UNAVAILABLE,DISABLED,DISABLED,DISABLED,UNAVAILABLE,DISABLED,27.872024341486394,9.900842238916084,38.003282063640654
5,55,0.03882069140672684,8.258395610027947e-06,0.11309897899627686,-0.2624664902687073,4.129197805013973e-06,0.05654948949813843,-0.13123324513435364,-0.03585893660783768,32,False,UNAVAILABLE,DISABLED,DISABLED,DISABLED,UNAVAILABLE,DISABLED,27.872024341486394,9.900842238916084,38.003282063640654
5,56,0.11358337104320526,5.091456387162907e-06,0.10587304830551147,-0.26282423734664917,2.5457281935814535e-06,0.05293652415275574,-0.13141211867332458,0.03511032462120056,32,False,UNAVAILABLE,DISABLED,DISABLED,DISABLED,UNAVAILABLE,DISABLED,27.872024341486394,9.900842238916084,38.003282063640654
5,57,0.039688900113105774,4.763340712088393e-06,0.08479177951812744,-0.2568056583404541,2.3816703560441965e-06,0.04239588975906372,-0.12840282917022705,-0.04631565511226654,32,False,UNAVAILABLE,DISABLED,DISABLED,DISABLED,UNAVAILABLE,DISABLED,27.872024341486394,9.900842238916084,38.003282063640654
5,58,0.03977453336119652,7.521159659518162e-06,0.10207819938659668,-0.209320068359375,3.760579829759081e-06,0.05103909969329834,-0.1046600341796875,-0.013842642307281494,32,False,UNAVAILABLE,DISABLED,DISABLED,DISABLED,UNAVAILABLE,DISABLED,27.872024341486394,9.900842238916084,38.003282063640654
5,59,0.03886637091636658,4.562682079267688e-06,0.08016502857208252,-0.24463456869125366,2.281341039633844e-06,0.04008251428604126,-0.12231728434562683,-0.043366119265556335,32,False,UNAVAILABLE,DISABLED,DISABLED,DISABLED,UNAVAILABLE,DISABLED,27.872024341486394,9.900842238916084,38.003282063640654
5,60,0.038269490003585815,3.282171974205994e-06,0.05362105369567871,-0.21912729740142822,1.641085987102997e-06,0.026810526847839355,-0.10956364870071411,-0.04448199272155762,32,False,UNAVAILABLE,DISABLED,DISABLED,DISABLED,UNAVAILABLE,DISABLED,27.872024341486394,9.900842238916084,38.003282063640654
5,61,0.03775868937373161,3.846919298666762e-06,0.08320194482803345,-0.24350857734680176,1.923459649333381e-06,0.041600972414016724,-0.12175428867340088,-0.04239270091056824,32,False,UNAVAILABLE,DISABLED,DISABLED,DISABLED,UNAVAILABLE,DISABLED,27.872024341486394,9.900842238916084,38.003282063640654
5,62,0.036243099719285965,5.529716872842982e-06,0.08615320920944214,-0.2567581534385681,2.764858436421491e-06,0.04307660460472107,-0.12837907671928406,-0.049056604504585266,32,False,UNAVAILABLE,DISABLED,DISABLED,DISABLED,UNAVAILABLE,DISABLED,27.872024341486394,9.900842238916084,38.003282063640654
5,63,0.038739800453186035,5.710808181902394e-06,0.10894119739532471,-0.2960963249206543,2.855404090951197e-06,0.054470598697662354,-0.14804816246032715,-0.05483490973711014,32,False,UNAVAILABLE,DISABLED,DISABLED,DISABLED,UNAVAILABLE,DISABLED,27.872024341486394,9.900842238916084,38.003282063640654
5,64,0.03492407128214836,7.819061465852428e-06,0.11268901824951172,-0.25065624713897705,3.909530732926214e-06,0.05634450912475586,-0.12532812356948853,-0.03405563533306122,32,False,UNAVAILABLE,DISABLED,DISABLED,DISABLED,UNAVAILABLE,DISABLED,27.872024341486394,9.900842238916084,38.003282063640654
5,65,0.16724686324596405,6.285938525252277e-06,0.12694168090820312,-0.2915511131286621,3.1429692626261385e-06,0.06347084045410156,-0.14577555656433105,0.08494529128074646,32,False,UNAVAILABLE,DISABLED,DISABLED,DISABLED,UNAVAILABLE,DISABLED,27.872024341486394,9.900842238916084,38.003282063640654
5,66,0.14495031535625458,5.4067249948275276e-06,0.10807061195373535,-0.2556954026222229,2.7033624974137638e-06,0.054035305976867676,-0.12784770131111145,0.07114061713218689,32,False,UNAVAILABLE,DISABLED,DISABLED,DISABLED,UNAVAILABLE,DISABLED,27.872024341486394,9.900842238916084,38.003282063640654
5,67,0.16246865689754486,4.727760369860334e-06,0.08386129140853882,-0.22321760654449463,2.363880184930167e-06,0.04193064570426941,-0.11160880327224731,0.09279286861419678,32,False,UNAVAILABLE,DISABLED,DISABLED,DISABLED,UNAVAILABLE,DISABLED,27.872024341486394,9.900842238916084,38.003282063640654
5,68,0.0383499450981617,9.950605090125464e-06,0.15501362085342407,-0.2319866418838501,4.975302545062732e-06,0.07750681042671204,-0.11599332094192505,-0.00013159215450286865,32,False,UNAVAILABLE,DISABLED,DISABLED,DISABLED,UNAVAILABLE,DISABLED,27.872024341486394,9.900842238916084,38.003282063640654
5,69,0.03954601287841797,6.077247235225514e-06,0.10961014032363892,-0.2579851746559143,3.038623617612757e-06,0.05480507016181946,-0.12899258732795715,-0.03463846445083618,32,False,UNAVAILABLE,DISABLED,DISABLED,DISABLED,UNAVAILABLE,DISABLED,27.872024341486394,9.900842238916084,38.003282063640654
5,70,0.041833262890577316,5.794770913780667e-06,0.11412900686264038,-0.25722736120224,2.8973854568903334e-06,0.05706450343132019,-0.12861368060112,-0.029713019728660583,32,False,UNAVAILABLE,DISABLED,DISABLED,DISABLED,UNAVAILABLE,DISABLED,27.872024341486394,9.900842238916084,38.003282063640654
5,71,0.03824368119239807,6.1936889323988e-06,0.1250596046447754,-0.2625219225883484,3.0968444661994e-06,0.0625298023223877,-0.1312609612941742,-0.030484378337860107,32,False,UNAVAILABLE,DISABLED,DISABLED,DISABLED,UNAVAILABLE,DISABLED,27.872024341486394,9.900842238916084,38.003282063640654
5,72,0.04361705109477043,4.518270088738063e-06,0.10529190301895142,-0.1790139079093933,2.2591350443690317e-06,0.05264595150947571,-0.08950695395469666,0.006758302450180054,32,False,UNAVAILABLE,DISABLED,DISABLED,DISABLED,UNAVAILABLE,DISABLED,27.872024341486394,9.900842238916084,38.003282063640654
5,73,0.037705231457948685,5.829023848491488e-06,0.1341707706451416,-0.17064666748046875,2.914511924245744e-06,0.0670853853225708,-0.08532333374023438,0.019470199942588806,32,False,UNAVAILABLE,DISABLED,DISABLED,DISABLED,UNAVAILABLE,DISABLED,27.872024341486394,9.900842238916084,38.003282063640654
5,74,0.04059549421072006,4.413856458995724e-06,0.10745292901992798,-0.19772595167160034,2.206928229497862e-06,0.05372646450996399,-0.09886297583580017,-0.00453881174325943,32,False,UNAVAILABLE,DISABLED,DISABLED,DISABLED,UNAVAILABLE,DISABLED,27.872024341486394,9.900842238916084,38.003282063640654
5,75,0.04315567389130592,8.675934623170178e-06,0.18503689765930176,-0.17768651247024536,4.337967311585089e-06,0.09251844882965088,-0.08884325623512268,0.04683519899845123,32,False,UNAVAILABLE,DISABLED,DISABLED,DISABLED,UNAVAILABLE,DISABLED,27.872024341486394,9.900842238916084,38.003282063640654
5,76,0.04033726081252098,3.876419668813469e-06,0.08165550231933594,-0.14523440599441528,1.9382098344067344e-06,0.04082775115966797,-0.07261720299720764,0.008549749851226807,32,False,UNAVAILABLE,DISABLED,DISABLED,DISABLED,UNAVAILABLE,DISABLED,27.872024341486394,9.900842238916084,38.003282063640654
5,77,0.036810167133808136,3.315931735414779e-06,0.06096702814102173,-0.09136533737182617,1.6579658677073894e-06,0.030483514070510864,-0.045682668685913086,0.02161267399787903,32,False,UNAVAILABLE,DISABLED,DISABLED,DISABLED,UNAVAILABLE,DISABLED,27.872024341486394,9.900842238916084,38.003282063640654
5,78,0.03754633292555809,7.145395102270413e-06,0.12260955572128296,-0.15041804313659668,3.5726975511352066e-06,0.06130477786064148,-0.07520902156829834,0.023645661771297455,32,False,UNAVAILABLE,DISABLED,DISABLED,DISABLED,UNAVAILABLE,DISABLED,27.872024341486394,9.900842238916084,38.003282063640654
5,79,0.06252074241638184,4.993750280846143e-06,0.08776414394378662,-0.13738691806793213,2.4968751404230716e-06,0.04388207197189331,-0.06869345903396606,0.03771185129880905,32,False,UNAVAILABLE,DISABLED,DISABLED,DISABLED,UNAVAILABLE,DISABLED,27.872024341486394,9.900842238916084,38.003282063640654
5,80,0.03398672491312027,6.20864784650621e-06,0.13505768775939941,-0.08528876304626465,3.104323923253105e-06,0.06752884387969971,-0.042644381523132324,0.05887429416179657,32,False,UNAVAILABLE,DISABLED,DISABLED,DISABLED,UNAVAILABLE,DISABLED,27.872024341486394,9.900842238916084,38.003282063640654
5,81,0.037047285586595535,5.302140834828606e-06,0.0794137716293335,-0.049885332584381104,2.651070417414303e-06,0.03970688581466675,-0.024942666292190552,0.05181415379047394,32,False,UNAVAILABLE,DISABLED,DISABLED,DISABLED,UNAVAILABLE,DISABLED,27.872024341486394,9.900842238916084,38.003282063640654
5,82,0.0370451882481575,3.9917745198181365e-06,0.10287994146347046,-0.08719491958618164,1.9958872599090682e-06,0.05143997073173523,-0.04359745979309082,0.044889695942401886,32,False,UNAVAILABLE,DISABLED,DISABLED,DISABLED,UNAVAILABLE,DISABLED,27.872024341486394,9.900842238916084,38.003282063640654
5,83,0.03797629475593567,5.063818662165431e-06,0.08790415525436401,-0.044715702533721924,2.5319093310827157e-06,0.04395207762718201,-0.022357851266860962,0.05957305431365967,32,False,UNAVAILABLE,DISABLED,DISABLED,DISABLED,UNAVAILABLE,DISABLED,27.872024341486394,9.900842238916084,38.003282063640654
5,84,0.03523759916424751,4.728487510874402e-06,0.0682370662689209,-0.057519495487213135,2.364243755437201e-06,0.03411853313446045,-0.028759747743606567,0.04059875011444092,32,False,UNAVAILABLE,DISABLED,DISABLED,DISABLED,UNAVAILABLE,DISABLED,27.872024341486394,9.900842238916084,38.003282063640654
5,85,0.0377885140478611,5.009992946725106e-06,0.09001392126083374,-0.013717949390411377,2.504996473362553e-06,0.04500696063041687,-0.0068589746952056885,0.07593899965286255,32,False,UNAVAILABLE,DISABLED,DISABLED,DISABLED,UNAVAILABLE,DISABLED,27.872024341486394,9.900842238916084,38.003282063640654
5,86,0.03754990175366402,4.776130481332075e-06,0.08950966596603394,-0.0356866717338562,2.3880652406660374e-06,0.04475483298301697,-0.0178433358669281,0.0644637867808342,32,False,UNAVAILABLE,DISABLED,DISABLED,DISABLED,UNAVAILABLE,DISABLED,27.872024341486394,9.900842238916084,38.003282063640654
5,87,0.035147372633218765,4.184199951851042e-06,0.06603074073791504,0.0069852471351623535,2.092099975925521e-06,0.03301537036895752,0.0034926235675811768,0.0716574639081955,32,False,UNAVAILABLE,DISABLED,DISABLED,DISABLED,UNAVAILABLE,DISABLED,27.872024341486394,9.900842238916084,38.003282063640654
5,88,0.03672167286276817,5.28655846210313e-06,0.10067754983901978,-0.008585810661315918,2.643279231051565e-06,0.05033877491950989,-0.004292905330657959,0.08277018368244171,32,False,UNAVAILABLE,DISABLED,DISABLED,DISABLED,UNAVAILABLE,DISABLED,27.872024341486394,9.900842238916084,38.003282063640654
5,89,0.03745768591761589,5.1551551223383285e-06,0.08799970149993896,-0.015038669109344482,2.5775775611691643e-06,0.04399985074996948,-0.007519334554672241,0.07394078373908997,32,False,UNAVAILABLE,DISABLED,DISABLED,DISABLED,UNAVAILABLE,DISABLED,27.872024341486394,9.900842238916084,38.003282063640654
5,90,0.04031979665160179,3.453223825999885e-06,0.08415478467941284,0.014325439929962158,1.7266119129999424e-06,0.04207739233970642,0.007162719964981079,0.08956163376569748,32,False,UNAVAILABLE,DISABLED,DISABLED,DISABLED,UNAVAILABLE,DISABLED,27.872024341486394,9.900842238916084,38.003282063640654
5,91,0.0383659191429615,3.930932507500984e-06,0.05793386697769165,-0.006052672863006592,1.965466253750492e-06,0.028966933488845825,-0.003026336431503296,0.06430847942829132,32,False,UNAVAILABLE,DISABLED,DISABLED,DISABLED,UNAVAILABLE,DISABLED,27.872024341486394,9.900842238916084,38.003282063640654
5,92,0.035377927124500275,3.4044664971588645e-06,0.04346185922622681,0.021533191204071045,1.7022332485794323e-06,0.021730929613113403,0.010766595602035522,0.0678771585226059,32,False,UNAVAILABLE,DISABLED,DISABLED,DISABLED,UNAVAILABLE,DISABLED,27.872024341486394,9.900842238916084,38.003282063640654
5,93,0.035717591643333435,5.381778464652598e-06,0.07046681642532349,0.05443727970123291,2.690889232326299e-06,0.03523340821266174,0.027218639850616455,0.09817232936620712,32,False,UNAVAILABLE,DISABLED,DISABLED,DISABLED,UNAVAILABLE,DISABLED,27.872024341486394,9.900842238916084,38.003282063640654
5,94,0.03719814866781235,7.19557419870398e-06,0.10700684785842896,0.024723052978515625,3.59778709935199e-06,0.05350342392921448,0.012361526489257812,0.10306669771671295,32,False,UNAVAILABLE,DISABLED,DISABLED,DISABLED,UNAVAILABLE,DISABLED,27.872024341486394,9.900842238916084,38.003282063640654
5,95,0.03795671835541725,4.393282779346919e-06,0.13337552547454834,0.0578615665435791,2.1966413896734593e-06,0.06668776273727417,0.02893078327178955,0.13357746601104736,32,False,UNAVAILABLE,DISABLED,DISABLED,DISABLED,UNAVAILABLE,DISABLED,27.872024341486394,9.900842238916084,38.003282063640654
5,96,0.03618399798870087,6.192122327774996e-06,0.08870792388916016,0.05483275651931763,3.096061163887498e-06,0.04435396194458008,0.027416378259658813,0.10795743763446808,32,False,UNAVAILABLE,DISABLED,DISABLED,DISABLED,UNAVAILABLE,DISABLED,27.872024341486394,9.900842238916084,38.003282063640654
5,97,0.0346047468483448,4.819502009922871e-06,0.055083274841308594,-0.0024397969245910645,2.4097510049614357e-06,0.027541637420654297,-0.0012198984622955322,0.06092889606952667,32,False,UNAVAILABLE,DISABLED,DISABLED,DISABLED,UNAVAILABLE,DISABLED,27.872024341486394,9.900842238916084,38.003282063640654
5,98,0.039753105491399765,7.001194717304315e-06,0.08610022068023682,0.023009777069091797,3.5005973586521577e-06,0.04305011034011841,0.011504888534545898,0.09431160986423492,32,False,UNAVAILABLE,DISABLED,DISABLED,DISABLED,UNAVAILABLE,DISABLED,27.872024341486394,9.900842238916084,38.003282063640654
5,99,0.03978677839040756,4.863670255872421e-06,0.07744145393371582,0.043295860290527344,2.4318351279362105e-06,0.03872072696685791,0.021647930145263672,0.10015787184238434,32,False,UNAVAILABLE,DISABLED,DISABLED,DISABLED,UNAVAILABLE,DISABLED,27.872024341486394,9.900842238916084,38.003282063640654
5,100,0.03670632466673851,5.77163154957816e-06,0.08432948589324951,0.06142103672027588,2.88581577478908e-06,0.042164742946624756,0.03071051836013794,0.10958447307348251,32,False,UNAVAILABLE,DISABLED,DISABLED,DISABLED,UNAVAILABLE,DISABLED,27.872024341486394,9.900842238916084,38.003282063640654
6,1,0.027248047292232513,4.923774667986436e-06,0.06673818826675415,-0.0037890449166297913,2.461887333993218e-06,0.033369094133377075,-0.0018945224583148956,0.058725081384181976,32,False,UNAVAILABLE,DISABLED,DISABLED,DISABLED,UNAVAILABLE,DISABLED,28.05380551237613,9.39971330598928,37.670695695094764
6,2,0.025139303877949715,5.495292043633526e-06,0.05083656311035156,0.0015051104128360748,2.747646021816763e-06,0.02541828155517578,0.0007525552064180374,0.0513128861784935,32,False,UNAVAILABLE,DISABLED,DISABLED,DISABLED,UNAVAILABLE,DISABLED,28.05380551237613,9.39971330598928,37.670695695094764
6,3,0.026041628792881966,4.144510512560373e-06,0.07722514867782593,-0.017434168606996536,2.0722552562801866e-06,0.038612574338912964,-0.008717084303498268,0.055939190089702606,32,False,UNAVAILABLE,DISABLED,DISABLED,DISABLED,UNAVAILABLE,DISABLED,28.05380551237613,9.39971330598928,37.670695695094764
6,4,0.025501327589154243,4.760164301842451e-06,0.044154345989227295,-0.02534501627087593,2.3800821509212255e-06,0.022077172994613647,-0.012672508135437965,0.03490837663412094,32,False,UNAVAILABLE,DISABLED,DISABLED,DISABLED,UNAVAILABLE,DISABLED,28.05380551237613,9.39971330598928,37.670695695094764
6,5,0.02534503862261772,6.3310003497463185e-06,0.05613476037979126,-0.03471633046865463,3.1655001748731593e-06,0.02806738018989563,-0.017358165234327316,0.03605741634964943,32,False,UNAVAILABLE,DISABLED,DISABLED,DISABLED,UNAVAILABLE,DISABLED,28.05380551237613,9.39971330598928,37.670695695094764
6,6,0.024498669430613518,3.109107638010755e-06,0.03892314434051514,-0.019808370620012283,1.5545538190053776e-06,0.01946157217025757,-0.009904185310006142,0.0340576097369194,32,False,UNAVAILABLE,DISABLED,DISABLED,DISABLED,UNAVAILABLE,DISABLED,28.05380551237613,9.39971330598928,37.670695695094764
6,7,0.02523921988904476,2.9301870654308004e-06,0.04108917713165283,-0.047973185777664185,1.4650935327154002e-06,0.020544588565826416,-0.023986592888832092,0.02179868146777153,32,False,UNAVAILABLE,DISABLED,DISABLED,DISABLED,UNAVAILABLE,DISABLED,28.05380551237613,9.39971330598928,37.670695695094764
6,8,0.025491027161478996,8.072005584836006e-06,0.08926773071289062,-0.06442853808403015,4.036002792418003e-06,0.04463386535644531,-0.032214269042015076,0.037914663553237915,32,False,UNAVAILABLE,DISABLED,DISABLED,DISABLED,UNAVAILABLE,DISABLED,28.05380551237613,9.39971330598928,37.670695695094764
6,9,0.0251053124666214,5.125441020936705e-06,0.06103760004043579,-0.05210087075829506,2.5627205104683526e-06,0.030518800020217896,-0.02605043537914753,0.029576240107417107,32,False,UNAVAILABLE,DISABLED,DISABLED,DISABLED,UNAVAILABLE,DISABLED,28.05380551237613,9.39971330598928,37.670695695094764
6,10,0.024893613532185555,4.52733820566209e-06,0.05161428451538086,-0.05891626700758934,2.263669102831045e-06,0.02580714225769043,-0.02945813350379467,0.02124488539993763,32,False,UNAVAILABLE,DISABLED,DISABLED,DISABLED,UNAVAILABLE,DISABLED,28.05380551237613,9.39971330598928,37.670695695094764
6,11,0.024913258850574493,6.859403129055863e-06,0.0800330638885498,-0.07513616234064102,3.4297015645279316e-06,0.0400165319442749,-0.03756808117032051,0.02736513689160347,32,False,UNAVAILABLE,DISABLED,DISABLED,DISABLED,UNAVAILABLE,DISABLED,28.05380551237613,9.39971330598928,37.670695695094764
6,12,0.02838590368628502,4.662569608626654e-06,0.06888681650161743,-0.07919169962406158,2.331284804313327e-06,0.034443408250808716,-0.03959584981203079,0.02323579043149948,32,False,UNAVAILABLE,DISABLED,DISABLED,DISABLED,UNAVAILABLE,DISABLED,28.05380551237613,9.39971330598928,37.670695695094764
6,13,0.024411145597696304,5.409471214079531e-06,0.0697745680809021,-0.08055484294891357,2.7047356070397655e-06,0.03488728404045105,-0.04027742147445679,0.01902371272444725,32,False,UNAVAILABLE,DISABLED,DISABLED,DISABLED,UNAVAILABLE,DISABLED,28.05380551237613,9.39971330598928,37.670695695094764
6,14,0.1422497034072876,7.174052825575927e-06,0.06952148675918579,-0.08068861067295074,3.5870264127879636e-06,0.034760743379592896,-0.04034430533647537,0.13666972517967224,32,False,UNAVAILABLE,DISABLED,DISABLED,DISABLED,UNAVAILABLE,DISABLED,28.05380551237613,9.39971330598928,37.670695695094764
6,15,0.023664487525820732,6.1887635638413485e-06,0.0528562068939209,-0.07731111347675323,3.0943817819206743e-06,0.02642810344696045,-0.03865555673837662,0.011440128087997437,32,False,UNAVAILABLE,DISABLED,DISABLED,DISABLED,UNAVAILABLE,DISABLED,28.05380551237613,9.39971330598928,37.670695695094764
6,16,0.02528442069888115,5.433522346720565e-06,0.06443530321121216,-0.08099701255559921,2.7167611733602826e-06,0.03221765160560608,-0.040498506277799606,0.0170062817633152,32,False,UNAVAILABLE,DISABLED,DISABLED,DISABLED,UNAVAILABLE,DISABLED,28.05380551237613,9.39971330598928,37.670695695094764
6,17,0.0239154864102602,5.2130922085780185e-06,0.04878556728363037,-0.08314137905836105,2.6065461042890092e-06,0.024392783641815186,-0.04157068952918053,0.006740186363458633,32,False,UNAVAILABLE,DISABLED,DISABLED,DISABLED,UNAVAILABLE,DISABLED,28.05380551237613,9.39971330598928,37.670695695094764
6,18,0.023960908874869347,5.582345693255775e-06,0.07021349668502808,-0.10313235223293304,2.7911728466278873e-06,0.03510674834251404,-0.05156617611646652,0.007504269480705261,32,False,UNAVAILABLE,DISABLED,DISABLED,DISABLED,UNAVAILABLE,DISABLED,28.05380551237613,9.39971330598928,37.670695695094764
6,19,0.025722114369273186,5.219773356657242e-06,0.058737874031066895,-0.06343841552734375,2.609886678328621e-06,0.029368937015533447,-0.031719207763671875,0.02337445318698883,32,False,UNAVAILABLE,DISABLED,DISABLED,DISABLED,UNAVAILABLE,DISABLED,28.05380551237613,9.39971330598928,37.670695695094764
6,20,0.023114114999771118,6.888202278787503e-06,0.0646325945854187,-0.06412307918071747,3.4441011393937515e-06,0.03231629729270935,-0.032061539590358734,0.023372314870357513,32,False,UNAVAILABLE,DISABLED,DISABLED,DISABLED,UNAVAILABLE,DISABLED,28.05380551237613,9.39971330598928,37.670695695094764
6,21,0.023665571585297585,6.222741831152234e-06,0.06026256084442139,-0.08811186254024506,3.111370915576117e-06,0.030131280422210693,-0.04405593127012253,0.009744033217430115,32,False,UNAVAILABLE,DISABLED,DISABLED,DISABLED,UNAVAILABLE,DISABLED,28.05380551237613,9.39971330598928,37.670695695094764
6,22,0.02437005005776882,3.057528374483809e-06,0.04950737953186035,-0.0985264927148819,1.5287641872419044e-06,0.024753689765930176,-0.04926324635744095,-0.00013797730207443237,32,False,UNAVAILABLE,DISABLED,DISABLED,DISABLED,UNAVAILABLE,DISABLED,28.05380551237613,9.39971330598928,37.670695695094764
6,23,0.023319264873862267,4.117301614314783e-06,0.05747556686401367,-0.118059903383255,2.0586508071573917e-06,0.028737783432006836,-0.0590299516916275,-0.0069708451628685,32,False,UNAVAILABLE,DISABLED,DISABLED,DISABLED,UNAVAILABLE,DISABLED,28.05380551237613,9.39971330598928,37.670695695094764
6,24,0.02378654107451439,9.666464393376373e-06,0.12668561935424805,-0.14206093549728394,4.833232196688186e-06,0.06334280967712402,-0.07103046774864197,0.01610371470451355,32,False,UNAVAILABLE,DISABLED,DISABLED,DISABLED,UNAVAILABLE,DISABLED,28.05380551237613,9.39971330598928,37.670695695094764
6,25,0.024065803736448288,6.578030479431618e-06,0.0868416428565979,-0.10939568281173706,3.289015239715809e-06,0.04342082142829895,-0.05469784140586853,0.01279207319021225,32,False,UNAVAILABLE,DISABLED,DISABLED,DISABLED,UNAVAILABLE,DISABLED,28.05380551237613,9.39971330598928,37.670695695094764
6,26,0.023421064019203186,5.054801476944704e-06,0.06548947095870972,-0.12803328037261963,2.527400738472352e-06,0.03274473547935486,-0.06401664018630981,-0.007848314940929413,32,False,UNAVAILABLE,DISABLED,DISABLED,DISABLED,UNAVAILABLE,DISABLED,28.05380551237613,9.39971330598928,37.670695695094764
6,27,0.0216605756431818,4.105133939447114e-06,0.051200270652770996,-0.10980996489524841,2.052566969723557e-06,0.025600135326385498,-0.05490498244762421,-0.007642216980457306,32,False,UNAVAILABLE,DISABLED,DISABLED,DISABLED,UNAVAILABLE,DISABLED,28.05380551237613,9.39971330598928,37.670695695094764
6,28,0.022934751585125923,2.3484253688366152e-06,0.04747903347015381,-0.1263408362865448,1.1742126844183076e-06,0.023739516735076904,-0.0631704181432724,-0.016494974493980408,32,False,UNAVAILABLE,DISABLED,DISABLED,DISABLED,UNAVAILABLE,DISABLED,28.05380551237613,9.39971330598928,37.670695695094764
6,29,0.02218102663755417,4.868275937042199e-06,0.052475929260253906,-0.11746318638324738,2.4341379685210995e-06,0.026237964630126953,-0.05873159319162369,-0.010310165584087372,32,False,UNAVAILABLE,DISABLED,DISABLED,DISABLED,UNAVAILABLE,DISABLED,28.05380551237613,9.39971330598928,37.670695695094764
6,30,0.021263569593429565,4.380636710266117e-06,0.09386807680130005,-0.15455307066440582,2.1903183551330585e-06,0.046934038400650024,-0.07727653533220291,-0.009076736867427826,32,False,UNAVAILABLE,DISABLED,DISABLED,DISABLED,UNAVAILABLE,DISABLED,28.05380551237613,9.39971330598928,37.670695695094764
6,31,0.02399934083223343,6.4304044826712925e-06,0.06629902124404907,-0.11077907681465149,3.2152022413356462e-06,0.033149510622024536,-0.055389538407325745,0.001762527972459793,32,False,UNAVAILABLE,DISABLED,DISABLED,DISABLED,UNAVAILABLE,DISABLED,28.05380551237613,9.39971330598928,37.670695695094764
6,32,0.02418343350291252,5.416456133389147e-06,0.07548785209655762,-0.12989851832389832,2.7082280666945735e-06,0.03774392604827881,-0.06494925916194916,-0.003019191324710846,32,False,UNAVAILABLE,DISABLED,DISABLED,DISABLED,UNAVAILABLE,DISABLED,28.05380551237613,9.39971330598928,37.670695695094764
6,33,0.023874731734395027,7.560457561339717e-06,0.11052346229553223,-0.1325317621231079,3.7802287806698587e-06,0.05526173114776611,-0.06626588106155396,0.012874364852905273,32,False,UNAVAILABLE,DISABLED,DISABLED,DISABLED,UNAVAILABLE,DISABLED,28.05380551237613,9.39971330598928,37.670695695094764
6,34,0.022331278771162033,5.919869181525428e-06,0.0701373815536499,-0.12212643027305603,2.959934590762714e-06,0.03506869077682495,-0.061063215136528015,-0.0036602839827537537,32,False,UNAVAILABLE,DISABLED,DISABLED,DISABLED,UNAVAILABLE,DISABLED,28.05380551237613,9.39971330598928,37.670695695094764
6,35,0.022865192964673042,4.915990757581312e-06,0.07402491569519043,-0.1329052746295929,2.457995378790656e-06,0.037012457847595215,-0.06645263731479645,-0.006572529673576355,32,False,UNAVAILABLE,DISABLED,DISABLED,DISABLED,UNAVAILABLE,DISABLED,28.05380551237613,9.39971330598928,37.670695695094764
6,36,0.02311936765909195,4.165965037827846e-06,0.06886577606201172,-0.1594376266002655,2.082982518913923e-06,0.03443288803100586,-0.07971881330013275,-0.022164475172758102,32,False,UNAVAILABLE,DISABLED,DISABLED,DISABLED,UNAVAILABLE,DISABLED,28.05380551237613,9.39971330598928,37.670695695094764
6,37,0.023201685398817062,5.099166173749836e-06,0.0599859356880188,-0.13389852643013,2.549583086874918e-06,0.0299929678440094,-0.066949263215065,-0.013752058148384094,32,False,UNAVAILABLE,DISABLED,DISABLED,DISABLED,UNAVAILABLE,DISABLED,28.05380551237613,9.39971330598928,37.670695695094764
6,38,0.022650444880127907,6.611031039938098e-06,0.07160770893096924,-0.12207889556884766,3.305515519969049e-06,0.03580385446548462,-0.06103944778442383,-0.0025818422436714172,32,False,UNAVAILABLE,DISABLED,DISABLED,DISABLED,UNAVAILABLE,DISABLED,28.05380551237613,9.39971330598928,37.670695695094764
6,39,0.02143448404967785,3.2970801839837804e-06,0.07354587316513062,-0.170609712600708,1.6485400919918902e-06,0.03677293658256531,-0.085304856300354,-0.027095787227153778,32,False,UNAVAILABLE,DISABLED,DISABLED,DISABLED,UNAVAILABLE,DISABLED,28.05380551237613,9.39971330598928,37.670695695094764
6,40,0.022446824237704277,3.589299694795045e-06,0.057579219341278076,-0.12469381093978882,1.7946498473975225e-06,0.028789609670639038,-0.06234690546989441,-0.011108677834272385,32,False,UNAVAILABLE,DISABLED,DISABLED,DISABLED,UNAVAILABLE,DISABLED,28.05380551237613,9.39971330598928,37.670695695094764
6,41,0.024717720225453377,5.891672117286362e-06,0.08343708515167236,-0.15199697017669678,2.945836058643181e-06,0.04171854257583618,-0.07599848508834839,-0.009559273719787598,32,False,UNAVAILABLE,DISABLED,DISABLED,DISABLED,UNAVAILABLE,DISABLED,28.05380551237613,9.39971330598928,37.670695695094764
6,42,0.022563545033335686,6.169432708702516e-06,0.0713338851928711,-0.12630373239517212,3.084716354351258e-06,0.03566694259643555,-0.06315186619758606,-0.004918292164802551,32,False,UNAVAILABLE,DISABLED,DISABLED,DISABLED,UNAVAILABLE,DISABLED,28.05380551237613,9.39971330598928,37.670695695094764
6,43,0.02253573201596737,4.069119313498959e-06,0.1063317060470581,-0.19136670231819153,2.0345596567494795e-06,0.05316585302352905,-0.09568335115909576,-0.019979730248451233,32,False,UNAVAILABLE,DISABLED,DISABLED,DISABLED,UNAVAILABLE,DISABLED,28.05380551237613,9.39971330598928,37.670695695094764
6,44,0.021762466058135033,3.734217216333491e-06,0.10759031772613525,-0.19751706719398499,1.8671086081667454e-06,0.05379515886306763,-0.09875853359699249,-0.023199044167995453,32,False,UNAVAILABLE,DISABLED,DISABLED,DISABLED,UNAVAILABLE,DISABLED,28.05380551237613,9.39971330598928,37.670695695094764
6,45,0.0224249716848135,4.918214926874498e-06,0.07098674774169922,-0.15894967317581177,2.459107463437249e-06,0.03549337387084961,-0.07947483658790588,-0.02155403047800064,32,False,UNAVAILABLE,DISABLED,DISABLED,DISABLED,UNAVAILABLE,DISABLED,28.05380551237613,9.39971330598928,37.670695695094764
6,46,0.021285774186253548,4.092851213499671e-06,0.08453589677810669,-0.18034803867340088,2.0464256067498354e-06,0.042267948389053345,-0.09017401933670044,-0.026618249714374542,32,False,UNAVAILABLE,DISABLED,DISABLED,DISABLED,UNAVAILABLE,DISABLED,28.05380551237613,9.39971330598928,37.670695695094764
6,47,0.02185097709298134,3.3758103654690785e-06,0.058319687843322754,-0.16445887088775635,1.6879051827345393e-06,0.029159843921661377,-0.08222943544387817,-0.031216926872730255,32,False,UNAVAILABLE,DISABLED,DISABLED,DISABLED,UNAVAILABLE,DISABLED,28.05380551237613,9.39971330598928,37.670695695094764
6,48,0.020804043859243393,5.0993849072256126e-06,0.10456687211990356,-0.17367273569107056,2.5496924536128063e-06,0.05228343605995178,-0.08683636784553528,-0.013746336102485657,32,False,UNAVAILABLE,DISABLED,DISABLED,DISABLED,UNAVAILABLE,DISABLED,28.05380551237613,9.39971330598928,37.670695695094764
6,49,0.02346215769648552,5.54095004190458e-06,0.10941767692565918,-0.1917630434036255,2.77047502095229e-06,0.05470883846282959,-0.09588152170181274,-0.017707757651805878,32,False,UNAVAILABLE,DISABLED,DISABLED,DISABLED,UNAVAILABLE,DISABLED,28.05380551237613,9.39971330598928,37.670695695094764
6,50,0.021827377378940582,5.014456746721407e-06,0.0655750036239624,-0.15173602104187012,2.5072283733607037e-06,0.0327875018119812,-0.07586801052093506,-0.02125062420964241,32,False,UNAVAILABLE,DISABLED,DISABLED,DISABLED,UNAVAILABLE,DISABLED,28.05380551237613,9.39971330598928,37.670695695094764
6,51,0.02207113616168499,4.229948444844922e-06,0.06178206205368042,-0.14477324485778809,2.114974222422461e-06,0.03089103102684021,-0.07238662242889404,-0.019422341138124466,32,False,UNAVAILABLE,DISABLED,DISABLED,DISABLED,UNAVAILABLE,DISABLED,28.05380551237613,9.39971330598928,37.670695695094764
6,52,0.021304693073034286,5.79615743845352e-06,0.0972667932510376,-0.255765438079834,2.89807871922676e-06,0.0486333966255188,-0.127882719039917,-0.057941734790802,32,False,UNAVAILABLE,DISABLED,DISABLED,DISABLED,UNAVAILABLE,DISABLED,28.05380551237613,9.39971330598928,37.670695695094764
6,53,0.02449864149093628,5.534174761123722e-06,0.14604699611663818,-0.2626243829727173,2.767087380561861e-06,0.07302349805831909,-0.13131219148635864,-0.033787280321121216,32,False,UNAVAILABLE,DISABLED,DISABLED,DISABLED,UNAVAILABLE,DISABLED,28.05380551237613,9.39971330598928,37.670695695094764
6,54,0.02049793303012848,4.9774671424529515e-06,0.12346827983856201,-0.27130377292633057,2.4887335712264758e-06,0.061734139919281006,-0.13565188646316528,-0.053417325019836426,32,False,UNAVAILABLE,DISABLED,DISABLED,DISABLED,UNAVAILABLE,DISABLED,28.05380551237613,9.39971330598928,37.670695695094764
6,55,0.021423714235424995,9.257712918042671e-06,0.11837375164031982,-0.22678214311599731,4.6288564590213355e-06,0.05918687582015991,-0.11339107155799866,-0.03277584910392761,32,False,UNAVAILABLE,DISABLED,DISABLED,DISABLED,UNAVAILABLE,DISABLED,28.05380551237613,9.39971330598928,37.670695695094764
6,56,0.022395124658942223,5.244175554253161e-06,0.12764889001846313,-0.25154662132263184,2.6220877771265805e-06,0.06382444500923157,-0.12577331066131592,-0.03955111652612686,32,False,UNAVAILABLE,DISABLED,DISABLED,DISABLED,UNAVAILABLE,DISABLED,28.05380551237613,9.39971330598928,37.670695695094764
6,57,0.022148212417960167,4.96784286951879e-06,0.09780281782150269,-0.24027645587921143,2.483921434759395e-06,0.04890140891075134,-0.12013822793960571,-0.04908612370491028,32,False,UNAVAILABLE,DISABLED,DISABLED,DISABLED,UNAVAILABLE,DISABLED,28.05380551237613,9.39971330598928,37.670695695094764
6,58,0.021812615916132927,6.664148259005742e-06,0.11802846193313599,-0.20712792873382568,3.332074129502871e-06,0.05901423096656799,-0.10356396436691284,-0.022733785212039948,32,False,UNAVAILABLE,DISABLED,DISABLED,DISABLED,UNAVAILABLE,DISABLED,28.05380551237613,9.39971330598928,37.670695695094764
6,59,0.02247326262295246,4.069563601660775e-06,0.08516055345535278,-0.23291128873825073,2.0347818008303875e-06,0.04258027672767639,-0.11645564436912537,-0.0514000728726387,32,False,UNAVAILABLE,DISABLED,DISABLED,DISABLED,UNAVAILABLE,DISABLED,28.05380551237613,9.39971330598928,37.670695695094764
6,60,0.021666649729013443,3.668791123345727e-06,0.07642078399658203,-0.18582957983016968,1.8343955616728636e-06,0.038210391998291016,-0.09291478991508484,-0.03303591161966324,32,False,UNAVAILABLE,DISABLED,DISABLED,DISABLED,UNAVAILABLE,DISABLED,28.05380551237613,9.39971330598928,37.670695695094764
6,61,0.02042544260621071,4.111524503969122e-06,0.0964270830154419,-0.1995496153831482,2.055762251984561e-06,0.04821354150772095,-0.0997748076915741,-0.03113377094268799,32,False,UNAVAILABLE,DISABLED,DISABLED,DISABLED,UNAVAILABLE,DISABLED,28.05380551237613,9.39971330598928,37.670695695094764
6,62,0.020243873819708824,5.807558864034945e-06,0.10578799247741699,-0.2595175504684448,2.9037794320174726e-06,0.052893996238708496,-0.1297587752342224,-0.05661800503730774,32,False,UNAVAILABLE,DISABLED,DISABLED,DISABLED,UNAVAILABLE,DISABLED,28.05380551237613,9.39971330598928,37.670695695094764
6,63,0.022037196904420853,4.939380232826807e-06,0.12078779935836792,-0.2942790389060974,2.4696901164134033e-06,0.06039389967918396,-0.1471395194530487,-0.06470595300197601,32,False,UNAVAILABLE,DISABLED,DISABLED,DISABLED,UNAVAILABLE,DISABLED,28.05380551237613,9.39971330598928,37.670695695094764
6,64,0.019495321437716484,6.261179350985913e-06,0.13402974605560303,-0.24725019931793213,3.1305896754929563e-06,0.06701487302780151,-0.12362509965896606,-0.03711177408695221,32,False,UNAVAILABLE,DISABLED,DISABLED,DISABLED,UNAVAILABLE,DISABLED,28.05380551237613,9.39971330598928,37.670695695094764
6,65,0.0223118606954813,6.5778240241343156e-06,0.12790656089782715,-0.26975947618484497,3.2889120120671578e-06,0.06395328044891357,-0.13487973809242249,-0.04861130565404892,32,False,UNAVAILABLE,DISABLED,DISABLED,DISABLED,UNAVAILABLE,DISABLED,28.05380551237613,9.39971330598928,37.670695695094764
6,66,0.021127035841345787,5.468171821121359e-06,0.14072269201278687,-0.2754700183868408,2.7340859105606796e-06,0.07036134600639343,-0.1377350091934204,-0.04624389111995697,32,False,UNAVAILABLE,DISABLED,DISABLED,DISABLED,UNAVAILABLE,DISABLED,28.05380551237613,9.39971330598928,37.670695695094764
6,67,0.020522935315966606,4.4838197936769575e-06,0.08807659149169922,-0.186767578125,2.2419098968384787e-06,0.04403829574584961,-0.0933837890625,-0.02882031351327896,32,False,UNAVAILABLE,DISABLED,DISABLED,DISABLED,UNAVAILABLE,DISABLED,28.05380551237613,9.39971330598928,37.670695695094764
6,68,0.02203594334423542,8.80581956153037e-06,0.1281876564025879,-0.15602785348892212,4.402909780765185e-06,0.06409382820129395,-0.07801392674446106,0.008120246231555939,32,False,UNAVAILABLE,DISABLED,DISABLED,DISABLED,UNAVAILABLE,DISABLED,28.05380551237613,9.39971330598928,37.670695695094764
6,69,0.021701011806726456,8.98565849638544e-06,0.12745064496994019,-0.18284988403320312,4.49282924819272e-06,0.06372532248497009,-0.09142494201660156,-0.0059941112995147705,32,False,UNAVAILABLE,DISABLED,DISABLED,DISABLED,UNAVAILABLE,DISABLED,28.05380551237613,9.39971330598928,37.670695695094764
6,70,0.04949292913079262,6.731767825840507e-06,0.125457763671875,-0.19672143459320068,3.3658839129202534e-06,0.0627288818359375,-0.09836071729660034,0.013864457607269287,32,False,UNAVAILABLE,DISABLED,DISABLED,DISABLED,UNAVAILABLE,DISABLED,28.05380551237613,9.39971330598928,37.670695695094764
6,71,0.02117173932492733,7.0318233156285714e-06,0.13523346185684204,-0.23327910900115967,3.5159116578142857e-06,0.06761673092842102,-0.11663955450057983,-0.027847565710544586,32,False,UNAVAILABLE,DISABLED,DISABLED,DISABLED,UNAVAILABLE,DISABLED,28.05380551237613,9.39971330598928,37.670695695094764
6,72,0.023321785032749176,4.440251359483227e-06,0.12293416261672974,-0.18810290098190308,2.2201256797416136e-06,0.06146708130836487,-0.09405145049095154,-0.00926036387681961,32,False,UNAVAILABLE,DISABLED,DISABLED,DISABLED,UNAVAILABLE,DISABLED,28.05380551237613,9.39971330598928,37.670695695094764
6,73,0.020085616037249565,7.0644823608745355e-06,0.14914649724960327,-0.17382889986038208,3.5322411804372678e-06,0.07457324862480164,-0.08691444993019104,0.007747948169708252,32,False,UNAVAILABLE,DISABLED,DISABLED,DISABLED,UNAVAILABLE,DISABLED,28.05380551237613,9.39971330598928,37.670695695094764
6,74,0.019603656604886055,5.3364037739811465e-06,0.11846435070037842,-0.1618027687072754,2.6682018869905733e-06,0.05923217535018921,-0.0809013843536377,-0.002062886953353882,32,False,UNAVAILABLE,DISABLED,DISABLED,DISABLED,UNAVAILABLE,DISABLED,28.05380551237613,9.39971330598928,37.670695695094764
6,75,0.020934317260980606,7.440905847033719e-06,0.1648540496826172,-0.12018799781799316,3.7204529235168593e-06,0.0824270248413086,-0.06009399890899658,0.04327106475830078,32,False,UNAVAILABLE,DISABLED,DISABLED,DISABLED,UNAVAILABLE,DISABLED,28.05380551237613,9.39971330598928,37.670695695094764
6,76,0.020029522478580475,5.169712494534906e-06,0.11045444011688232,-0.11125785112380981,2.584856247267453e-06,0.05522722005844116,-0.05562892556190491,0.019630402326583862,32,False,UNAVAILABLE,DISABLED,DISABLED,DISABLED,UNAVAILABLE,DISABLED,28.05380551237613,9.39971330598928,37.670695695094764
6,77,0.020845547318458557,3.2011832900025183e-06,0.07000511884689331,-0.089214026927948,1.6005916450012592e-06,0.035002559423446655,-0.044607013463974,0.011242695152759552,32,False,UNAVAILABLE,DISABLED,DISABLED,DISABLED,UNAVAILABLE,DISABLED,28.05380551237613,9.39971330598928,37.670695695094764
6,78,0.02018677070736885,8.858559340296779e-06,0.15940546989440918,-0.11630803346633911,4.429279670148389e-06,0.07970273494720459,-0.058154016733169556,0.041739918291568756,32,False,UNAVAILABLE,DISABLED,DISABLED,DISABLED,UNAVAILABLE,DISABLED,28.05380551237613,9.39971330598928,37.670695695094764
6,79,0.019697977229952812,4.993076345272129e-06,0.09674179553985596,-0.09466326236724854,2.4965381726360647e-06,0.04837089776992798,-0.04733163118362427,0.020739741623401642,32,False,UNAVAILABLE,DISABLED,DISABLED,DISABLED,UNAVAILABLE,DISABLED,28.05380551237613,9.39971330598928,37.670695695094764
6,80,0.018341686576604843,6.438652690121671e-06,0.11378997564315796,-0.08565229177474976,3.2193263450608356e-06,0.05689498782157898,-0.04282614588737488,0.032413750886917114,32,False,UNAVAILABLE,DISABLED,DISABLED,DISABLED,UNAVAILABLE,DISABLED,28.05380551237613,9.39971330598928,37.670695695094764
6,81,0.020107153803110123,6.339185802062275e-06,0.10147768259048462,-0.041292011737823486,3.1695929010311374e-06,0.05073884129524231,-0.020646005868911743,0.05020315945148468,32,False,UNAVAILABLE,DISABLED,DISABLED,DISABLED,UNAVAILABLE,DISABLED,28.05380551237613,9.39971330598928,37.670695695094764
6,82,0.02040954679250717,4.599320163833909e-06,0.11601197719573975,-0.09107214212417603,2.2996600819169544e-06,0.05800598859786987,-0.04553607106208801,0.03288176655769348,32,False,UNAVAILABLE,DISABLED,DISABLED,DISABLED,UNAVAILABLE,DISABLED,28.05380551237613,9.39971330598928,37.670695695094764
6,83,0.019817998632788658,5.540884103538701e-06,0.11953240633010864,-0.05338788032531738,2.7704420517693507e-06,0.05976620316505432,-0.02669394016265869,0.052893027663230896,32,False,UNAVAILABLE,DISABLED,DISABLED,DISABLED,UNAVAILABLE,DISABLED,28.05380551237613,9.39971330598928,37.670695695094764
6,84,0.019553998485207558,6.7060145738651045e-06,0.07829755544662476,-0.047984540462493896,3.3530072869325522e-06,0.03914877772331238,-0.023992270231246948,0.034713856875896454,32,False,UNAVAILABLE,DISABLED,DISABLED,DISABLED,UNAVAILABLE,DISABLED,28.05380551237613,9.39971330598928,37.670695695094764
6,85,0.02346991002559662,5.614717792923329e-06,0.101260244846344,-0.05385231971740723,2.8073588964616647e-06,0.050630122423172,-0.026926159858703613,0.04717668145895004,32,False,UNAVAILABLE,DISABLED,DISABLED,DISABLED,UNAVAILABLE,DISABLED,28.05380551237613,9.39971330598928,37.670695695094764
6,86,0.02152428962290287,5.522555511561222e-06,0.08772897720336914,-0.0719648003578186,2.761277755780611e-06,0.04386448860168457,-0.0359824001789093,0.029409140348434448,32,False,UNAVAILABLE,DISABLED,DISABLED,DISABLED,UNAVAILABLE,DISABLED,28.05380551237613,9.39971330598928,37.670695695094764
6,87,0.020109040662646294,5.781312665931182e-06,0.09403371810913086,-0.007039308547973633,2.890656332965591e-06,0.04701685905456543,-0.0035196542739868164,0.06360913813114166,32,False,UNAVAILABLE,DISABLED,DISABLED,DISABLED,UNAVAILABLE,DISABLED,28.05380551237613,9.39971330598928,37.670695695094764
6,88,0.021296603605151176,6.328506060526706e-06,0.10346579551696777,-0.0651770830154419,3.164253030263353e-06,0.05173289775848389,-0.03258854150772095,0.04044412076473236,32,False,UNAVAILABLE,DISABLED,DISABLED,DISABLED,UNAVAILABLE,DISABLED,28.05380551237613,9.39971330598928,37.670695695094764
6,89,0.022068625316023827,4.476687536225654e-06,0.08842098712921143,-0.057978153228759766,2.238343768112827e-06,0.04421049356460571,-0.028989076614379883,0.03729227930307388,32,False,UNAVAILABLE,DISABLED,DISABLED,DISABLED,UNAVAILABLE,DISABLED,28.05380551237613,9.39971330598928,37.670695695094764
6,90,0.02142580784857273,4.633624030248029e-06,0.08428657054901123,-0.05553007125854492,2.3168120151240146e-06,0.042143285274505615,-0.02776503562927246,0.03580637276172638,32,False,UNAVAILABLE,DISABLED,DISABLED,DISABLED,UNAVAILABLE,DISABLED,28.05380551237613,9.39971330598928,37.670695695094764
6,91,0.021810496225953102,3.1476006370212417e-06,0.054996371269226074,-0.05441689491271973,1.5738003185106209e-06,0.027498185634613037,-0.027208447456359863,0.022101808339357376,32,False,UNAVAILABLE,DISABLED,DISABLED,DISABLED,UNAVAILABLE,DISABLED,28.05380551237613,9.39971330598928,37.670695695094764
6,92,0.03115919418632984,4.107581389689585e-06,0.05192685127258301,-0.00017464160919189453,2.0537906948447926e-06,0.025963425636291504,-8.732080459594727e-05,0.057037353515625,32,False,UNAVAILABLE,DISABLED,DISABLED,DISABLED,UNAVAILABLE,DISABLED,28.05380551237613,9.39971330598928,37.670695695094764
6,93,0.020311525091528893,4.16914281231584e-06,0.06858229637145996,-0.03759121894836426,2.08457140615792e-06,0.03429114818572998,-0.01879560947418213,0.035809148102998734,32,False,UNAVAILABLE,DISABLED,DISABLED,DISABLED,UNAVAILABLE,DISABLED,28.05380551237613,9.39971330598928,37.670695695094764
6,94,0.02036047913134098,4.083734438609099e-06,0.10563439130783081,-0.04324781894683838,2.0418672193045495e-06,0.052817195653915405,-0.02162390947341919,0.051555804908275604,32,False,UNAVAILABLE,DISABLED,DISABLED,DISABLED,UNAVAILABLE,DISABLED,28.05380551237613,9.39971330598928,37.670695695094764
6,95,0.02118566818535328,6.4430655584146734e-06,0.15975362062454224,-0.09485483169555664,3.2215327792073367e-06,0.07987681031227112,-0.04742741584777832,0.053638286888599396,32,False,UNAVAILABLE,DISABLED,DISABLED,DISABLED,UNAVAILABLE,DISABLED,28.05380551237613,9.39971330598928,37.670695695094764
6,96,0.020884787663817406,3.637347390395007e-06,0.08078807592391968,-0.0157163143157959,1.8186736951975035e-06,0.04039403796195984,-0.00785815715789795,0.053422488272190094,32,False,UNAVAILABLE,DISABLED,DISABLED,DISABLED,UNAVAILABLE,DISABLED,28.05380551237613,9.39971330598928,37.670695695094764
6,97,0.019962474703788757,2.9401451229205122e-06,0.056033313274383545,-0.061160922050476074,1.4700725614602561e-06,0.028016656637191772,-0.030580461025238037,0.017400138080120087,32,False,UNAVAILABLE,DISABLED,DISABLED,DISABLED,UNAVAILABLE,DISABLED,28.05380551237613,9.39971330598928,37.670695695094764
6,98,0.023006096482276917,3.3838041417766362e-06,0.06201779842376709,-0.026267647743225098,1.6919020708883181e-06,0.031008899211883545,-0.013133823871612549,0.040882863104343414,32,False,UNAVAILABLE,DISABLED,DISABLED,DISABLED,UNAVAILABLE,DISABLED,28.05380551237613,9.39971330598928,37.670695695094764
6,99,0.021451132372021675,3.4966153634741204e-06,0.08217072486877441,-0.027350783348083496,1.7483076817370602e-06,0.04108536243438721,-0.013675391674041748,0.04886285215616226,32,False,UNAVAILABLE,DISABLED,DISABLED,DISABLED,UNAVAILABLE,DISABLED,28.05380551237613,9.39971330598928,37.670695695094764
6,100,0.16870054602622986,4.351061306806514e-06,0.08481788635253906,-0.022489428520202637,2.175530653403257e-06,0.04240894317626953,-0.011244714260101318,0.19986695051193237,32,False,UNAVAILABLE,DISABLED,DISABLED,DISABLED,UNAVAILABLE,DISABLED,28.05380551237613,9.39971330598928,37.670695695094764
7,1,0.016615355387330055,3.2563025342824403e-06,0.05096578598022461,-0.02116480842232704,1.6281512671412202e-06,0.025482892990112305,-0.01058240421116352,0.031517475843429565,32,False,UNAVAILABLE,DISABLED,DISABLED,DISABLED,UNAVAILABLE,DISABLED,27.87311066593975,9.784269301919267,37.8718876671046
7,2,0.01512105017900467,2.704090547922533e-06,0.04383605718612671,-0.030103620141744614,1.3520452739612665e-06,0.021918028593063354,-0.015051810070872307,0.02198862098157406,32,False,UNAVAILABLE,DISABLED,DISABLED,DISABLED,UNAVAILABLE,DISABLED,27.87311066593975,9.784269301919267,37.8718876671046
7,3,0.0164233036339283,4.122633072256576e-06,0.06946730613708496,-0.05117890611290932,2.061316536128288e-06,0.03473365306854248,-0.02558945305645466,0.02556956373155117,32,False,UNAVAILABLE,DISABLED,DISABLED,DISABLED,UNAVAILABLE,DISABLED,27.87311066593975,9.784269301919267,37.8718876671046
7,4,0.016226036474108696,4.5500155465560965e-06,0.058763325214385986,-0.05578375607728958,2.2750077732780483e-06,0.029381662607192993,-0.02789187803864479,0.01771809533238411,32,False,UNAVAILABLE,DISABLED,DISABLED,DISABLED,UNAVAILABLE,DISABLED,27.87311066593975,9.784269301919267,37.8718876671046
7,5,0.01588037796318531,4.789820650330512e-06,0.058604657649993896,-0.06829070299863815,2.394910325165256e-06,0.029302328824996948,-0.03414535149931908,0.011039752513170242,32,False,UNAVAILABLE,DISABLED,DISABLED,DISABLED,UNAVAILABLE,DISABLED,27.87311066593975,9.784269301919267,37.8718876671046
7,6,0.014918865635991096,3.4897946079581743e-06,0.050927042961120605,-0.05921819806098938,1.7448973039790872e-06,0.025463521480560303,-0.02960909903049469,0.010775033384561539,32,False,UNAVAILABLE,DISABLED,DISABLED,DISABLED,UNAVAILABLE,DISABLED,27.87311066593975,9.784269301919267,37.8718876671046
7,7,0.01519375666975975,2.665972260729177e-06,0.05608874559402466,-0.07017073780298233,1.3329861303645885e-06,0.02804437279701233,-0.035085368901491165,0.008154094219207764,32,False,UNAVAILABLE,DISABLED,DISABLED,DISABLED,UNAVAILABLE,DISABLED,27.87311066593975,9.784269301919267,37.8718876671046
7,8,0.01832306757569313,5.269851044431562e-06,0.06805908679962158,-0.0841311365365982,2.634925522215781e-06,0.03402954339981079,-0.0420655682682991,0.010289676487445831,32,False,UNAVAILABLE,DISABLED,DISABLED,DISABLED,UNAVAILABLE,DISABLED,27.87311066593975,9.784269301919267,37.8718876671046
7,9,0.016074588522315025,3.845130322588375e-06,0.059012651443481445,-0.09654203802347183,1.9225651612941874e-06,0.029506325721740723,-0.048271019011735916,-0.0026881806552410126,32,False,UNAVAILABLE,DISABLED,DISABLED,DISABLED,UNAVAILABLE,DISABLED,27.87311066593975,9.784269301919267,37.8718876671046
7,10,0.015024972148239613,3.0182957289071055e-06,0.06780350208282471,-0.07305094599723816,1.5091478644535528e-06,0.033901751041412354,-0.03652547299861908,0.012402758002281189,32,False,UNAVAILABLE,DISABLED,DISABLED,DISABLED,UNAVAILABLE,DISABLED,27.87311066593975,9.784269301919267,37.8718876671046
7,11,0.014870421029627323,3.6639539757743478e-06,0.05767267942428589,-0.08505800366401672,1.8319769878871739e-06,0.028836339712142944,-0.04252900183200836,0.0011795908212661743,32,False,UNAVAILABLE,DISABLED,DISABLED,DISABLED,UNAVAILABLE,DISABLED,27.87311066593975,9.784269301919267,37.8718876671046
7,12,0.016208602115511894,4.286255261831684e-06,0.06357872486114502,-0.09874305129051208,2.143127630915842e-06,0.03178936243057251,-0.04937152564525604,-0.0013714171946048737,32,False,UNAVAILABLE,DISABLED,DISABLED,DISABLED,UNAVAILABLE,DISABLED,27.87311066593975,9.784269301919267,37.8718876671046
7,13,0.014735070057213306,5.539037374546751e-06,0.07823020219802856,-0.12517055869102478,2.7695186872733757e-06,0.03911510109901428,-0.06258527934551239,-0.00873233750462532,32,False,UNAVAILABLE,DISABLED,DISABLED,DISABLED,UNAVAILABLE,DISABLED,27.87311066593975,9.784269301919267,37.8718876671046
7,14,0.01411746721714735,6.114690222602803e-06,0.08170241117477417,-0.11736496537923813,3.0573451113014016e-06,0.040851205587387085,-0.058682482689619064,-0.003710750490427017,32,False,UNAVAILABLE,DISABLED,DISABLED,DISABLED,UNAVAILABLE,DISABLED,27.87311066593975,9.784269301919267,37.8718876671046
7,15,0.01415700651705265,4.032951892440906e-06,0.05045360326766968,-0.0999753326177597,2.016475946220453e-06,0.02522680163383484,-0.04998766630887985,-0.010601840913295746,32,False,UNAVAILABLE,DISABLED,DISABLED,DISABLED,UNAVAILABLE,DISABLED,27.87311066593975,9.784269301919267,37.8718876671046
7,16,0.01443670503795147,5.298031737765996e-06,0.07009238004684448,-0.11029781401157379,2.649015868882998e-06,0.03504619002342224,-0.055148907005786896,-0.005663365125656128,32,False,UNAVAILABLE,DISABLED,DISABLED,DISABLED,UNAVAILABLE,DISABLED,27.87311066593975,9.784269301919267,37.8718876671046
7,17,0.014102245680987835,3.3754763535398524e-06,0.058740973472595215,-0.12163965404033661,1.6877381767699262e-06,0.029370486736297607,-0.060819827020168304,-0.017345406115055084,32,False,UNAVAILABLE,DISABLED,DISABLED,DISABLED,UNAVAILABLE,DISABLED,27.87311066593975,9.784269301919267,37.8718876671046
7,18,0.014080019667744637,5.921113370277453e-06,0.07263821363449097,-0.11499156057834625,2.9605566851387266e-06,0.03631910681724548,-0.057495780289173126,-0.007093694061040878,32,False,UNAVAILABLE,DISABLED,DISABLED,DISABLED,UNAVAILABLE,DISABLED,27.87311066593975,9.784269301919267,37.8718876671046
7,19,0.015202265232801437,5.100269390823087e-06,0.06354296207427979,-0.10103729367256165,2.5501346954115434e-06,0.03177148103713989,-0.05051864683628082,-0.0035423487424850464,32,False,UNAVAILABLE,DISABLED,DISABLED,DISABLED,UNAVAILABLE,DISABLED,27.87311066593975,9.784269301919267,37.8718876671046
7,20,0.013354618102312088,6.953798674658174e-06,0.06359148025512695,-0.07754307985305786,3.476899337329087e-06,0.03179574012756348,-0.03877153992652893,0.006382293999195099,32,False,UNAVAILABLE,DISABLED,DISABLED,DISABLED,UNAVAILABLE,DISABLED,27.87311066593975,9.784269301919267,37.8718876671046
7,21,0.11486485600471497,5.467969003802864e-06,0.06634104251861572,-0.10100361704826355,2.733984501901432e-06,0.03317052125930786,-0.050501808524131775,0.09753631055355072,32,False,UNAVAILABLE,DISABLED,DISABLED,DISABLED,UNAVAILABLE,DISABLED,27.87311066593975,9.784269301919267,37.8718876671046
7,22,0.014438862912356853,2.5743074729689397e-06,0.05510050058364868,-0.0798891931772232,1.2871537364844698e-06,0.02755025029182434,-0.0399445965886116,0.0020458027720451355,32,False,UNAVAILABLE,DISABLED,DISABLED,DISABLED,UNAVAILABLE,DISABLED,27.87311066593975,9.784269301919267,37.8718876671046
7,23,0.013610183261334896,3.7915815482847393e-06,0.08020168542861938,-0.10262419283390045,1.8957907741423696e-06,0.04010084271430969,-0.051312096416950226,0.0024008266627788544,32,False,UNAVAILABLE,DISABLED,DISABLED,DISABLED,UNAVAILABLE,DISABLED,27.87311066593975,9.784269301919267,37.8718876671046
7,24,0.01387625839561224,1.0208064850303344e-05,0.13232797384262085,-0.12392936646938324,5.104032425151672e-06,0.06616398692131042,-0.06196468323469162,0.018080666661262512,32,False,UNAVAILABLE,DISABLED,DISABLED,DISABLED,UNAVAILABLE,DISABLED,27.87311066593975,9.784269301919267,37.8718876671046
7,25,0.014102109707891941,6.175110684125684e-06,0.08806312084197998,-0.1117420494556427,3.087555342062842e-06,0.04403156042098999,-0.05587102472782135,0.0022657327353954315,32,False,UNAVAILABLE,DISABLED,DISABLED,DISABLED,UNAVAILABLE,DISABLED,27.87311066593975,9.784269301919267,37.8718876671046
7,26,0.013771919533610344,5.500667157321004e-06,0.08074206113815308,-0.12898573279380798,2.750333578660502e-06,0.04037103056907654,-0.06449286639690399,-0.010347165167331696,32,False,UNAVAILABLE,DISABLED,DISABLED,DISABLED,UNAVAILABLE,DISABLED,27.87311066593975,9.784269301919267,37.8718876671046
7,27,0.012561864219605923,3.13888403979945e-06,0.052687883377075195,-0.10711558163166046,1.569442019899725e-06,0.026343941688537598,-0.05355779081583023,-0.014650415629148483,32,False,UNAVAILABLE,DISABLED,DISABLED,DISABLED,UNAVAILABLE,DISABLED,27.87311066593975,9.784269301919267,37.8718876671046
7,28,0.013451509177684784,2.8659580948442454e-06,0.06013071537017822,-0.1348458230495453,1.4329790474221227e-06,0.03006535768508911,-0.06742291152477264,-0.02390461042523384,32,False,UNAVAILABLE,DISABLED,DISABLED,DISABLED,UNAVAILABLE,DISABLED,27.87311066593975,9.784269301919267,37.8718876671046
7,29,0.01304746512323618,5.468586550705368e-06,0.0677870512008667,-0.11296170949935913,2.734293275352684e-06,0.03389352560043335,-0.056480854749679565,-0.00953713059425354,32,False,UNAVAILABLE,DISABLED,DISABLED,DISABLED,UNAVAILABLE,DISABLED,27.87311066593975,9.784269301919267,37.8718876671046
7,30,0.012161152437329292,5.607341790891951e-06,0.11262655258178711,-0.14573130011558533,2.8036708954459755e-06,0.056313276290893555,-0.07286565005779266,-0.0043884217739105225,32,False,UNAVAILABLE,DISABLED,DISABLED,DISABLED,UNAVAILABLE,DISABLED,27.87311066593975,9.784269301919267,37.8718876671046
7,31,0.014221040531992912,6.375905741151655e-06,0.07535123825073242,-0.11192187666893005,3.1879528705758275e-06,0.03767561912536621,-0.05596093833446503,-0.0040610916912555695,32,False,UNAVAILABLE,DISABLED,DISABLED,DISABLED,UNAVAILABLE,DISABLED,27.87311066593975,9.784269301919267,37.8718876671046
7,32,0.02498602867126465,7.665325938432943e-06,0.09539955854415894,-0.15332144498825073,3.8326629692164715e-06,0.04769977927207947,-0.07666072249412537,-0.003971084952354431,32,False,UNAVAILABLE,DISABLED,DISABLED,DISABLED,UNAVAILABLE,DISABLED,27.87311066593975,9.784269301919267,37.8718876671046
7,33,0.013433083891868591,7.65947152103763e-06,0.1183311939239502,-0.16690632700920105,3.829735760518815e-06,0.0591655969619751,-0.08345316350460052,-0.010850653052330017,32,False,UNAVAILABLE,DISABLED,DISABLED,DISABLED,UNAVAILABLE,DISABLED,27.87311066593975,9.784269301919267,37.8718876671046
7,34,0.013077818788588047,6.8488761826301925e-06,0.0843859314918518,-0.14402413368225098,3.4244380913150962e-06,0.0421929657459259,-0.07201206684112549,-0.016737855970859528,32,False,UNAVAILABLE,DISABLED,DISABLED,DISABLED,UNAVAILABLE,DISABLED,27.87311066593975,9.784269301919267,37.8718876671046
7,35,0.012989110313355923,5.201733983994927e-06,0.07173877954483032,-0.11525088548660278,2.6008669919974636e-06,0.03586938977241516,-0.05762544274330139,-0.008764341473579407,32,False,UNAVAILABLE,DISABLED,DISABLED,DISABLED,UNAVAILABLE,DISABLED,27.87311066593975,9.784269301919267,37.8718876671046
7,36,0.013339344412088394,4.807500772585627e-06,0.08666408061981201,-0.16805070638656616,2.4037503862928133e-06,0.043332040309906006,-0.08402535319328308,-0.027351565659046173,32,False,UNAVAILABLE,DISABLED,DISABLED,DISABLED,UNAVAILABLE,DISABLED,27.87311066593975,9.784269301919267,37.8718876671046
7,37,0.013793808408081532,5.76328011447913e-06,0.08268749713897705,-0.1492929458618164,2.881640057239565e-06,0.041343748569488525,-0.0746464729309082,-0.01950603350996971,32,False,UNAVAILABLE,DISABLED,DISABLED,DISABLED,UNAVAILABLE,DISABLED,27.87311066593975,9.784269301919267,37.8718876671046
7,38,0.013490166515111923,6.142030542832799e-06,0.08212625980377197,-0.11438184976577759,3.0710152714163996e-06,0.041063129901885986,-0.057190924882888794,-0.0026345588266849518,32,False,UNAVAILABLE,DISABLED,DISABLED,DISABLED,UNAVAILABLE,DISABLED,27.87311066593975,9.784269301919267,37.8718876671046
7,39,0.012915105558931828,4.823737072001677e-06,0.08928132057189941,-0.15001612901687622,2.4118685360008385e-06,0.04464066028594971,-0.07500806450843811,-0.017449885606765747,32,False,UNAVAILABLE,DISABLED,DISABLED,DISABLED,UNAVAILABLE,DISABLED,27.87311066593975,9.784269301919267,37.8718876671046
7,40,0.013349533081054688,6.617607141379267e-06,0.11125421524047852,-0.14046329259872437,3.3088035706896335e-06,0.05562710762023926,-0.07023164629936218,-0.0012516975402832031,32,False,UNAVAILABLE,DISABLED,DISABLED,DISABLED,UNAVAILABLE,DISABLED,27.87311066593975,9.784269301919267,37.8718876671046
7,41,0.014284569770097733,6.351931915560272e-06,0.10151457786560059,-0.12935101985931396,3.175965957780136e-06,0.05075728893280029,-0.06467550992965698,0.0003695264458656311,32,False,UNAVAILABLE,DISABLED,DISABLED,DISABLED,UNAVAILABLE,DISABLED,27.87311066593975,9.784269301919267,37.8718876671046
7,42,0.013072402216494083,9.319488526671194e-06,0.1253124475479126,-0.15236443281173706,4.659744263335597e-06,0.0626562237739563,-0.07618221640586853,-0.00044892728328704834,32,False,UNAVAILABLE,DISABLED,DISABLED,DISABLED,UNAVAILABLE,DISABLED,27.87311066593975,9.784269301919267,37.8718876671046
7,43,0.013922199606895447,4.270350018487079e-06,0.10695338249206543,-0.15359309315681458,2.1351750092435395e-06,0.053476691246032715,-0.07679654657840729,-0.009395517408847809,32,False,UNAVAILABLE,DISABLED,DISABLED,DISABLED,UNAVAILABLE,DISABLED,27.87311066593975,9.784269301919267,37.8718876671046
7,44,0.012678396888077259,4.062246262037661e-06,0.11892062425613403,-0.14509978890419006,2.0311231310188305e-06,0.05946031212806702,-0.07254989445209503,-0.00040915608406066895,32,False,UNAVAILABLE,DISABLED,DISABLED,DISABLED,UNAVAILABLE,DISABLED,27.87311066593975,9.784269301919267,37.8718876671046
7,45,0.013277927413582802,6.74346074447385e-06,0.10070663690567017,-0.13086539506912231,3.371730372236925e-06,0.05035331845283508,-0.06543269753456116,-0.0017980784177780151,32,False,UNAVAILABLE,DISABLED,DISABLED,DISABLED,UNAVAILABLE,DISABLED,27.87311066593975,9.784269301919267,37.8718876671046
7,46,0.012240656651556492,4.693407845479669e-06,0.09796518087387085,-0.1692650318145752,2.3467039227398345e-06,0.048982590436935425,-0.0846325159072876,-0.023406922817230225,32,False,UNAVAILABLE,DISABLED,DISABLED,DISABLED,UNAVAILABLE,DISABLED,27.87311066593975,9.784269301919267,37.8718876671046
7,47,0.013529042713344097,4.165344307693886e-06,0.07783842086791992,-0.14029288291931152,2.082672153846943e-06,0.03891921043395996,-0.07014644145965576,-0.01769610494375229,32,False,UNAVAILABLE,DISABLED,DISABLED,DISABLED,UNAVAILABLE,DISABLED,27.87311066593975,9.784269301919267,37.8718876671046
7,48,0.013751502148807049,7.068329523463035e-06,0.1555916666984558,-0.1649411916732788,3.5341647617315175e-06,0.0777958333492279,-0.0824705958366394,0.009080275893211365,32,False,UNAVAILABLE,DISABLED,DISABLED,DISABLED,UNAVAILABLE,DISABLED,27.87311066593975,9.784269301919267,37.8718876671046
7,49,0.016964714974164963,7.976243068696931e-06,0.1294403076171875,-0.12602627277374268,3.9881215343484655e-06,0.06472015380859375,-0.06301313638687134,0.018675722181797028,32,False,UNAVAILABLE,DISABLED,DISABLED,DISABLED,UNAVAILABLE,DISABLED,27.87311066593975,9.784269301919267,37.8718876671046
7,50,0.01348392479121685,5.773468728875741e-06,0.08208996057510376,-0.11759161949157715,2.8867343644378707e-06,0.04104498028755188,-0.058795809745788574,-0.004264019429683685,32,False,UNAVAILABLE,DISABLED,DISABLED,DISABLED,UNAVAILABLE,DISABLED,27.87311066593975,9.784269301919267,37.8718876671046
7,51,0.013251193799078465,6.130400834081229e-06,0.10455787181854248,-0.1271803379058838,3.0652004170406144e-06,0.05227893590927124,-0.0635901689529419,0.0019430220127105713,32,False,UNAVAILABLE,DISABLED,DISABLED,DISABLED,UNAVAILABLE,DISABLED,27.87311066593975,9.784269301919267,37.8718876671046
7,52,0.011675270274281502,5.166200025996659e-06,0.0712745189666748,-0.1180884838104248,2.5831000129983295e-06,0.0356372594833374,-0.0590442419052124,-0.011729128658771515,32,False,UNAVAILABLE,DISABLED,DISABLED,DISABLED,UNAVAILABLE,DISABLED,27.87311066593975,9.784269301919267,37.8718876671046
7,53,0.012268193997442722,6.8481790549412835e-06,0.1751517653465271,-0.19547367095947266,3.4240895274706418e-06,0.08757588267326355,-0.09773683547973633,0.0021106675267219543,32,False,UNAVAILABLE,DISABLED,DISABLED,DISABLED,UNAVAILABLE,DISABLED,27.87311066593975,9.784269301919267,37.8718876671046
7,54,0.012196420691907406,4.967010681866668e-06,0.12504476308822632,-0.18921959400177002,2.483505340933334e-06,0.06252238154411316,-0.09460979700088501,-0.019888512790203094,32,False,UNAVAILABLE,DISABLED,DISABLED,DISABLED,UNAVAILABLE,DISABLED,27.87311066593975,9.784269301919267,37.8718876671046
7,55,0.012721269391477108,9.767642040969804e-06,0.12521260976791382,-0.12322378158569336,4.883821020484902e-06,0.06260630488395691,-0.06161189079284668,0.013720564544200897,32,False,UNAVAILABLE,DISABLED,DISABLED,DISABLED,UNAVAILABLE,DISABLED,27.87311066593975,9.784269301919267,37.8718876671046
7,56,0.013008547946810722,5.091644197818823e-06,0.12081080675125122,-0.1510617733001709,2.5458220989094116e-06,0.06040540337562561,-0.07553088665008545,-0.0021143853664398193,32,False,UNAVAILABLE,DISABLED,DISABLED,DISABLED,UNAVAILABLE,DISABLED,27.87311066593975,9.784269301919267,37.8718876671046
7,57,0.01341874897480011,4.941652150591835e-06,0.09674108028411865,-0.13330215215682983,2.4708260752959177e-06,0.048370540142059326,-0.06665107607841492,-0.004859317094087601,32,False,UNAVAILABLE,DISABLED,DISABLED,DISABLED,UNAVAILABLE,DISABLED,27.87311066593975,9.784269301919267,37.8718876671046
7,58,0.013903998769819736,8.840787813824136e-06,0.13685882091522217,-0.1515924334526062,4.420393906912068e-06,0.06842941045761108,-0.0757962167263031,0.006541609764099121,32,False,UNAVAILABLE,DISABLED,DISABLED,DISABLED,UNAVAILABLE,DISABLED,27.87311066593975,9.784269301919267,37.8718876671046
7,59,0.012293177656829357,4.4051830627722666e-06,0.09199827909469604,-0.17030662298202515,2.2025915313861333e-06,0.04599913954734802,-0.08515331149101257,-0.026858791708946228,32,False,UNAVAILABLE,DISABLED,DISABLED,DISABLED,UNAVAILABLE,DISABLED,27.87311066593975,9.784269301919267,37.8718876671046
7,60,0.012397347949445248,3.5518141885404475e-06,0.061881840229034424,-0.09875226020812988,1.7759070942702238e-06,0.030940920114517212,-0.04937613010406494,-0.006036087870597839,32,False,UNAVAILABLE,DISABLED,DISABLED,DISABLED,UNAVAILABLE,DISABLED,27.87311066593975,9.784269301919267,37.8718876671046
7,61,0.012922007590532303,4.316942977311555e-06,0.09593617916107178,-0.10220146179199219,2.1584714886557776e-06,0.04796808958053589,-0.051100730895996094,0.009791523218154907,32,False,UNAVAILABLE,DISABLED,DISABLED,DISABLED,UNAVAILABLE,DISABLED,27.87311066593975,9.784269301919267,37.8718876671046
7,62,0.011912968941032887,5.169957148609683e-06,0.08506584167480469,-0.14299935102462769,2.5849785743048415e-06,0.042532920837402344,-0.07149967551231384,-0.017051201313734055,32,False,UNAVAILABLE,DISABLED,DISABLED,DISABLED,UNAVAILABLE,DISABLED,27.87311066593975,9.784269301919267,37.8718876671046
7,63,0.013469048775732517,5.117362434248207e-06,0.13756859302520752,-0.20259255170822144,2.5586812171241036e-06,0.06878429651260376,-0.10129627585411072,-0.01904037594795227,32,False,UNAVAILABLE,DISABLED,DISABLED,DISABLED,UNAVAILABLE,DISABLED,27.87311066593975,9.784269301919267,37.8718876671046
7,64,0.011994579806923866,5.544121449929662e-06,0.13954299688339233,-0.18568933010101318,2.772060724964831e-06,0.06977149844169617,-0.09284466505050659,-0.011075817048549652,32,False,UNAVAILABLE,DISABLED,DISABLED,DISABLED,UNAVAILABLE,DISABLED,27.87311066593975,9.784269301919267,37.8718876671046
7,65,0.013663091696798801,6.3605398281652015e-06,0.1523529291152954,-0.18333572149276733,3.1802699140826007e-06,0.0761764645576477,-0.09166786074638367,-0.0018251240253448486,32,False,UNAVAILABLE,DISABLED,DISABLED,DISABLED,UNAVAILABLE,DISABLED,27.87311066593975,9.784269301919267,37.8718876671046
7,66,0.012212684378027916,7.159810138546163e-06,0.14708203077316284,-0.18344825506210327,3.5799050692730816e-06,0.07354101538658142,-0.09172412753105164,-0.005966849625110626,32,False,UNAVAILABLE,DISABLED,DISABLED,DISABLED,UNAVAILABLE,DISABLED,27.87311066593975,9.784269301919267,37.8718876671046
7,67,0.012113736011087894,3.879237283399561e-06,0.07483792304992676,-0.11895829439163208,1.9396186416997807e-06,0.03741896152496338,-0.05947914719581604,-0.009944509714841843,32,False,UNAVAILABLE,DISABLED,DISABLED,DISABLED,UNAVAILABLE,DISABLED,27.87311066593975,9.784269301919267,37.8718876671046
7,68,0.012048067525029182,9.443939234188292e-06,0.11468338966369629,-0.06945055723190308,4.721969617094146e-06,0.057341694831848145,-0.03472527861595154,0.03466920554637909,32,False,UNAVAILABLE,DISABLED,DISABLED,DISABLED,UNAVAILABLE,DISABLED,27.87311066593975,9.784269301919267,37.8718876671046
7,69,0.012413136661052704,5.47899117009365e-06,0.08293914794921875,-0.11481368541717529,2.739495585046825e-06,0.041469573974609375,-0.057406842708587646,-0.0035213902592658997,32,False,UNAVAILABLE,DISABLED,DISABLED,DISABLED,UNAVAILABLE,DISABLED,27.87311066593975,9.784269301919267,37.8718876671046
7,70,0.01444120705127716,5.2993427743786015e-06,0.09522515535354614,-0.13466006517410278,2.6496713871893007e-06,0.04761257767677307,-0.06733003258705139,-0.005273599177598953,32,False,UNAVAILABLE,DISABLED,DISABLED,DISABLED,UNAVAILABLE,DISABLED,27.87311066593975,9.784269301919267,37.8718876671046
7,71,0.013041594065725803,5.058171154814772e-06,0.10397374629974365,-0.1291942596435547,2.529085577407386e-06,0.051986873149871826,-0.06459712982177734,0.0004338696599006653,32,False,UNAVAILABLE,DISABLED,DISABLED,DISABLED,UNAVAILABLE,DISABLED,27.87311066593975,9.784269301919267,37.8718876671046
7,72,0.013859366998076439,3.2996422305586748e-06,0.10890740156173706,-0.1314806342124939,1.6498211152793374e-06,0.05445370078086853,-0.06574031710624695,0.0025743991136550903,32,False,UNAVAILABLE,DISABLED,DISABLED,DISABLED,UNAVAILABLE,DISABLED,27.87311066593975,9.784269301919267,37.8718876671046
7,73,0.012348942458629608,5.54589541934547e-06,0.12518072128295898,-0.1011849045753479,2.772947709672735e-06,0.06259036064147949,-0.05059245228767395,0.024349622428417206,32,False,UNAVAILABLE,DISABLED,DISABLED,DISABLED,UNAVAILABLE,DISABLED,27.87311066593975,9.784269301919267,37.8718876671046
7,74,0.01323454175144434,3.965553332818672e-06,0.08088093996047974,-0.08171755075454712,1.982776666409336e-06,0.04044046998023987,-0.04085877537727356,0.012818217277526855,32,False,UNAVAILABLE,DISABLED,DISABLED,DISABLED,UNAVAILABLE,DISABLED,27.87311066593975,9.784269301919267,37.8718876671046
7,75,0.013025704771280289,8.944186447479296e-06,0.16021674871444702,-0.06782281398773193,4.472093223739648e-06,0.08010837435722351,-0.03391140699386597,0.059227146208286285,32,False,UNAVAILABLE,DISABLED,DISABLED,DISABLED,UNAVAILABLE,DISABLED,27.87311066593975,9.784269301919267,37.8718876671046
7,76,0.012311790138483047,2.7438265988166677e-06,0.05827224254608154,-0.04784524440765381,1.3719132994083338e-06,0.02913612127304077,-0.023922622203826904,0.01752666011452675,32,False,UNAVAILABLE,DISABLED,DISABLED,DISABLED,UNAVAILABLE,DISABLED,27.87311066593975,9.784269301919267,37.8718876671046
7,77,0.09688769280910492,2.0229347228450933e-06,0.05471891164779663,-0.048548877239227295,1.0114673614225467e-06,0.027359455823898315,-0.024274438619613647,0.09997372329235077,32,False,UNAVAILABLE,DISABLED,DISABLED,DISABLED,UNAVAILABLE,DISABLED,27.87311066593975,9.784269301919267,37.8718876671046
7,78,0.012236285023391247,5.999221684760414e-06,0.10813552141189575,-0.08764082193374634,2.999610842380207e-06,0.054067760705947876,-0.04382041096687317,0.02248663455247879,32,False,UNAVAILABLE,DISABLED,DISABLED,DISABLED,UNAVAILABLE,DISABLED,27.87311066593975,9.784269301919267,37.8718876671046
7,79,0.012850485742092133,3.844898401439423e-06,0.07118278741836548,-0.05501377582550049,1.9224492007197114e-06,0.03559139370918274,-0.027506887912750244,0.020936913788318634,32,False,UNAVAILABLE,DISABLED,DISABLED,DISABLED,UNAVAILABLE,DISABLED,27.87311066593975,9.784269301919267,37.8718876671046
7,80,0.011632510460913181,6.4096007008629385e-06,0.11672556400299072,-0.030152499675750732,3.2048003504314693e-06,0.05836278200149536,-0.015076249837875366,0.05492224544286728,32,False,UNAVAILABLE,DISABLED,DISABLED,DISABLED,UNAVAILABLE,DISABLED,27.87311066593975,9.784269301919267,37.8718876671046
7,81,0.012542838230729103,3.46300157616497e-06,0.060361266136169434,-0.011484086513519287,1.731500788082485e-06,0.030180633068084717,-0.0057420432567596436,0.03698315843939781,32,False,UNAVAILABLE,DISABLED,DISABLED,DISABLED,UNAVAILABLE,DISABLED,27.87311066593975,9.784269301919267,37.8718876671046
7,82,0.012478573247790337,3.402869879209902e-06,0.08320093154907227,-0.017177700996398926,1.701434939604951e-06,0.04160046577453613,-0.008588850498199463,0.045491889119148254,32,False,UNAVAILABLE,DISABLED,DISABLED,DISABLED,UNAVAILABLE,DISABLED,27.87311066593975,9.784269301919267,37.8718876671046
7,83,0.012430519796907902,3.102991058767657e-06,0.07050442695617676,-0.03263157606124878,1.5514955293838284e-06,0.03525221347808838,-0.01631578803062439,0.031368497759103775,32,False,UNAVAILABLE,DISABLED,DISABLED,DISABLED,UNAVAILABLE,DISABLED,27.87311066593975,9.784269301919267,37.8718876671046
7,84,0.01226051151752472,3.389217681615264e-06,0.05126982927322388,-0.01429218053817749,1.694608840807632e-06,0.02563491463661194,-0.007146090269088745,0.030751030892133713,32,False,UNAVAILABLE,DISABLED,DISABLED,DISABLED,UNAVAILABLE,DISABLED,27.87311066593975,9.784269301919267,37.8718876671046
7,85,0.0139697240665555,4.3117393033753615e-06,0.07214105129241943,0.016684293746948242,2.1558696516876807e-06,0.03607052564620972,0.008342146873474121,0.05838455259799957,32,False,UNAVAILABLE,DISABLED,DISABLED,DISABLED,UNAVAILABLE,DISABLED,27.87311066593975,9.784269301919267,37.8718876671046
7,86,0.013849490322172642,4.950654783897335e-06,0.08534586429595947,-0.01976001262664795,2.4753273919486674e-06,0.042672932147979736,-0.009880006313323975,0.046644892543554306,32,False,UNAVAILABLE,DISABLED,DISABLED,DISABLED,UNAVAILABLE,DISABLED,27.87311066593975,9.784269301919267,37.8718876671046
7,87,0.012975722551345825,3.6239914606994716e-06,0.05648624897003174,-0.0011138916015625,1.8119957303497358e-06,0.02824312448501587,-0.00055694580078125,0.0406637117266655,32,False,UNAVAILABLE,DISABLED,DISABLED,DISABLED,UNAVAILABLE,DISABLED,27.87311066593975,9.784269301919267,37.8718876671046
7,88,0.013004019856452942,3.842449132207548e-06,0.06977498531341553,-0.045337796211242676,1.921224566103774e-06,0.034887492656707764,-0.022668898105621338,0.025224536657333374,32,False,UNAVAILABLE,DISABLED,DISABLED,DISABLED,UNAVAILABLE,DISABLED,27.87311066593975,9.784269301919267,37.8718876671046
7,89,0.013853811658918858,3.387290917089558e-06,0.08325409889221191,-0.023829340934753418,1.693645458544779e-06,0.04162704944610596,-0.011914670467376709,0.04356788471341133,32,False,UNAVAILABLE,DISABLED,DISABLED,DISABLED,UNAVAILABLE,DISABLED,27.87311066593975,9.784269301919267,37.8718876671046
7,90,0.013275804929435253,3.1362751542474143e-06,0.05787479877471924,-0.017969071865081787,1.5681375771237072e-06,0.02893739938735962,-0.008984535932540894,0.033230237662792206,32,False,UNAVAILABLE,DISABLED,DISABLED,DISABLED,UNAVAILABLE,DISABLED,27.87311066593975,9.784269301919267,37.8718876671046
7,91,0.1811901330947876,3.2176997137867147e-06,0.049589335918426514,-0.01250767707824707,1.6088498568933574e-06,0.024794667959213257,-0.006253838539123535,0.19973257184028625,32,False,UNAVAILABLE,DISABLED,DISABLED,DISABLED,UNAVAILABLE,DISABLED,27.87311066593975,9.784269301919267,37.8718876671046
7,92,0.013146220706403255,2.5830379399849335e-06,0.042353153228759766,0.03400236368179321,1.2915189699924667e-06,0.021176576614379883,0.017001181840896606,0.05132526904344559,32,False,UNAVAILABLE,DISABLED,DISABLED,DISABLED,UNAVAILABLE,DISABLED,27.87311066593975,9.784269301919267,37.8718876671046
7,93,0.012633864767849445,3.218257461412577e-06,0.05381232500076294,-0.020250380039215088,1.6091287307062885e-06,0.02690616250038147,-0.010125190019607544,0.029416445642709732,32,False,UNAVAILABLE,DISABLED,DISABLED,DISABLED,UNAVAILABLE,DISABLED,27.87311066593975,9.784269301919267,37.8718876671046
7,94,0.013066258281469345,2.7788012175733456e-06,0.07669728994369507,0.016779601573944092,1.3894006087866728e-06,0.038348644971847534,0.008389800786972046,0.05980609357357025,32,False,UNAVAILABLE,DISABLED,DISABLED,DISABLED,UNAVAILABLE,DISABLED,27.87311066593975,9.784269301919267,37.8718876671046
7,95,0.013521181419491768,4.959720627084607e-06,0.16794425249099731,-0.005885899066925049,2.4798603135423036e-06,0.08397212624549866,-0.0029429495334625244,0.09455283731222153,32,False,UNAVAILABLE,DISABLED,DISABLED,DISABLED,UNAVAILABLE,DISABLED,27.87311066593975,9.784269301919267,37.8718876671046
7,96,0.01468652207404375,3.4216234325867845e-06,0.07567191123962402,-0.0038393735885620117,1.7108117162933922e-06,0.03783595561981201,-0.0019196867942810059,0.050604499876499176,32,False,UNAVAILABLE,DISABLED,DISABLED,DISABLED,UNAVAILABLE,DISABLED,27.87311066593975,9.784269301919267,37.8718876671046
7,97,0.012777146883308887,2.7887926989933476e-06,0.05499523878097534,0.02724623680114746,1.3943963494966738e-06,0.02749761939048767,0.01362311840057373,0.05389928072690964,32,False,UNAVAILABLE,DISABLED,DISABLED,DISABLED,UNAVAILABLE,DISABLED,27.87311066593975,9.784269301919267,37.8718876671046
7,98,0.014896446838974953,1.8591472326079383e-06,0.048324406147003174,-0.005243122577667236,9.295736163039692e-07,0.024162203073501587,-0.002621561288833618,0.03643801808357239,32,False,UNAVAILABLE,DISABLED,DISABLED,DISABLED,UNAVAILABLE,DISABLED,27.87311066593975,9.784269301919267,37.8718876671046
7,99,0.01301194354891777,3.146473318338394e-06,0.07241308689117432,0.03296852111816406,1.573236659169197e-06,0.03620654344558716,0.01648426055908203,0.06570431590080261,32,False,UNAVAILABLE,DISABLED,DISABLED,DISABLED,UNAVAILABLE,DISABLED,27.87311066593975,9.784269301919267,37.8718876671046
7,100,0.01414710283279419,2.5831625407590764e-06,0.04912412166595459,-0.0024722814559936523,1.2915812703795382e-06,0.024562060832977295,-0.0012361407279968262,0.037474315613508224,32,False,UNAVAILABLE,DISABLED,DISABLED,DISABLED,UNAVAILABLE,DISABLED,27.87311066593975,9.784269301919267,37.8718876671046
8,1,0.061722468584775925,3.320706127851736e-06,0.036121368408203125,-0.009198158979415894,1.660353063925868e-06,0.018060684204101562,-0.004599079489707947,0.07518573105335236,32,False,UNAVAILABLE,DISABLED,DISABLED,DISABLED,UNAVAILABLE,DISABLED,28.104590103961527,9.947443549986929,38.26988816726953
8,2,0.008413400501012802,2.001209850277519e-06,0.02294135093688965,-0.012528099119663239,1.0006049251387594e-06,0.011470675468444824,-0.006264049559831619,0.013621026650071144,32,False,UNAVAILABLE,DISABLED,DISABLED,DISABLED,UNAVAILABLE,DISABLED,28.104590103961527,9.947443549986929,38.26988816726953
8,3,0.009130437858402729,3.3829840049293125e-06,0.05696368217468262,-0.02742176502943039,1.6914920024646563e-06,0.02848184108734131,-0.013710882514715195,0.02390308678150177,32,False,UNAVAILABLE,DISABLED,DISABLED,DISABLED,UNAVAILABLE,DISABLED,28.104590103961527,9.947443549986929,38.26988816726953
8,4,0.008826000615954399,2.9242630716908025e-06,0.04283857345581055,-0.030567225068807602,1.4621315358454012e-06,0.021419286727905273,-0.015283612534403801,0.014963136985898018,32,False,UNAVAILABLE,DISABLED,DISABLED,DISABLED,UNAVAILABLE,DISABLED,28.104590103961527,9.947443549986929,38.26988816726953
8,5,0.008848355151712894,3.7523711853282293e-06,0.034844815731048584,-0.03028816729784012,1.8761855926641147e-06,0.017422407865524292,-0.01514408364892006,0.011128555983304977,32,False,UNAVAILABLE,DISABLED,DISABLED,DISABLED,UNAVAILABLE,DISABLED,28.104590103961527,9.947443549986929,38.26988816726953
8,6,0.008456064388155937,2.2689403067488456e-06,0.030913889408111572,-0.01703648641705513,1.1344701533744228e-06,0.015456944704055786,-0.008518243208527565,0.01539590023458004,32,False,UNAVAILABLE,DISABLED,DISABLED,DISABLED,UNAVAILABLE,DISABLED,28.104590103961527,9.947443549986929,38.26988816726953
8,7,0.10200590640306473,2.1855794329894707e-06,0.041552066802978516,-0.031177133321762085,1.0927897164947353e-06,0.020776033401489258,-0.015588566660881042,0.10719446837902069,32,False,UNAVAILABLE,DISABLED,DISABLED,DISABLED,UNAVAILABLE,DISABLED,28.104590103961527,9.947443549986929,38.26988816726953
8,8,0.00873860064893961,5.5955119933059905e-06,0.04046112298965454,-0.034606438130140305,2.7977559966529952e-06,0.02023056149482727,-0.017303219065070152,0.011668739840388298,32,False,UNAVAILABLE,DISABLED,DISABLED,DISABLED,UNAVAILABLE,DISABLED,28.104590103961527,9.947443549986929,38.26988816726953
8,9,0.008967647328972816,2.8510798983916175e-06,0.03407454490661621,-0.03290792554616928,1.4255399491958087e-06,0.017037272453308105,-0.01645396277308464,0.009552381932735443,32,False,UNAVAILABLE,DISABLED,DISABLED,DISABLED,UNAVAILABLE,DISABLED,28.104590103961527,9.947443549986929,38.26988816726953
8,10,0.008371034637093544,3.1420695449924096e-06,0.048845887184143066,-0.045430753380060196,1.5710347724962048e-06,0.024422943592071533,-0.022715376690030098,0.010080171748995781,32,False,UNAVAILABLE,DISABLED,DISABLED,DISABLED,UNAVAILABLE,DISABLED,28.104590103961527,9.947443549986929,38.26988816726953
8,11,0.008369646966457367,3.3639873890933814e-06,0.0408703088760376,-0.04946933314204216,1.6819936945466907e-06,0.0204351544380188,-0.02473466657102108,0.004071816802024841,32,False,UNAVAILABLE,DISABLED,DISABLED,DISABLED,UNAVAILABLE,DISABLED,28.104590103961527,9.947443549986929,38.26988816726953
8,12,0.009922479279339314,3.985595412814291e-06,0.04544121026992798,-0.05294119566679001,1.9927977064071456e-06,0.02272060513496399,-0.026470597833395004,0.006174478679895401,32,False,UNAVAILABLE,DISABLED,DISABLED,DISABLED,UNAVAILABLE,DISABLED,28.104590103961527,9.947443549986929,38.26988816726953
8,13,0.008642332628369331,4.490415904001566e-06,0.048536479473114014,-0.07561318576335907,2.245207952000783e-06,0.024268239736557007,-0.037806592881679535,-0.004893776029348373,32,False,UNAVAILABLE,DISABLED,DISABLED,DISABLED,UNAVAILABLE,DISABLED,28.104590103961527,9.947443549986929,38.26988816726953
8,14,0.008031414821743965,4.721393906947924e-06,0.05661487579345703,-0.09272770583629608,2.360696953473962e-06,0.028307437896728516,-0.04636385291814804,-0.010022640228271484,32,False,UNAVAILABLE,DISABLED,DISABLED,DISABLED,UNAVAILABLE,DISABLED,28.104590103961527,9.947443549986929,38.26988816726953
8,15,0.00817582756280899,3.42774615091912e-06,0.03626030683517456,-0.07064177840948105,1.71387307545956e-06,0.01813015341758728,-0.035320889204740524,-0.009013194590806961,32,False,UNAVAILABLE,DISABLED,DISABLED,DISABLED,UNAVAILABLE,DISABLED,28.104590103961527,9.947443549986929,38.26988816726953
8,16,0.008468331769108772,4.617110789695289e-06,0.06061643362045288,-0.059614431113004684,2.3085553948476445e-06,0.03030821681022644,-0.029807215556502342,0.008971640840172768,32,False,UNAVAILABLE,DISABLED,DISABLED,DISABLED,UNAVAILABLE,DISABLED,28.104590103961527,9.947443549986929,38.26988816726953
8,17,0.00825168564915657,2.559399035817478e-06,0.03512978553771973,-0.06936492025852203,1.279699517908739e-06,0.017564892768859863,-0.03468246012926102,-0.008864602074027061,32,False,UNAVAILABLE,DISABLED,DISABLED,DISABLED,UNAVAILABLE,DISABLED,28.104590103961527,9.947443549986929,38.26988816726953
8,18,0.008479917421936989,4.411037480167579e-06,0.057668447494506836,-0.10310511291027069,2.2055187400837895e-06,0.028834223747253418,-0.051552556455135345,-0.014236211776733398,32,False,UNAVAILABLE,DISABLED,DISABLED,DISABLED,UNAVAILABLE,DISABLED,28.104590103961527,9.947443549986929,38.26988816726953
8,19,0.009116481058299541,5.449480340757873e-06,0.059140920639038086,-0.08407201617956161,2.7247401703789365e-06,0.029570460319519043,-0.04203600808978081,-0.0033463425934314728,32,False,UNAVAILABLE,DISABLED,DISABLED,DISABLED,UNAVAILABLE,DISABLED,28.104590103961527,9.947443549986929,38.26988816726953
8,20,0.007888292893767357,6.670674792985665e-06,0.06902480125427246,-0.08654983341693878,3.3353373964928323e-06,0.03451240062713623,-0.04327491670846939,-0.0008708871901035309,32,False,UNAVAILABLE,DISABLED,DISABLED,DISABLED,UNAVAILABLE,DISABLED,28.104590103961527,9.947443549986929,38.26988816726953
8,21,0.05176747962832451,5.690275429515168e-06,0.06469380855560303,-0.08535917848348618,2.845137714757584e-06,0.032346904277801514,-0.04267958924174309,0.04143764451146126,32,False,UNAVAILABLE,DISABLED,DISABLED,DISABLED,UNAVAILABLE,DISABLED,28.104590103961527,9.947443549986929,38.26988816726953
8,22,0.008513502776622772,2.6881123176281108e-06,0.040840744972229004,-0.059383243322372437,1.3440561588140554e-06,0.020420372486114502,-0.029691621661186218,-0.0007564015686511993,32,False,UNAVAILABLE,DISABLED,DISABLED,DISABLED,UNAVAILABLE,DISABLED,28.104590103961527,9.947443549986929,38.26988816726953
8,23,0.008019444532692432,3.5237310385127785e-06,0.05863982439041138,-0.09067646414041519,1.7618655192563892e-06,0.02931991219520569,-0.045338232070207596,-0.007997114211320877,32,False,UNAVAILABLE,DISABLED,DISABLED,DISABLED,UNAVAILABLE,DISABLED,28.104590103961527,9.947443549986929,38.26988816726953
8,24,0.008272443898022175,9.296918506151997e-06,0.12158054113388062,-0.1325111985206604,4.648459253075998e-06,0.06079027056694031,-0.0662555992603302,0.0028117597103118896,32,False,UNAVAILABLE,DISABLED,DISABLED,DISABLED,UNAVAILABLE,DISABLED,28.104590103961527,9.947443549986929,38.26988816726953
8,25,0.008202032186090946,5.155834060133202e-06,0.08089208602905273,-0.10509736835956573,2.577917030066601e-06,0.04044604301452637,-0.05254868417978287,-0.003898032009601593,32,False,UNAVAILABLE,DISABLED,DISABLED,DISABLED,UNAVAILABLE,DISABLED,28.104590103961527,9.947443549986929,38.26988816726953
8,26,0.008160609751939774,4.74892931379145e-06,0.06438034772872925,-0.10481186211109161,2.374464656895725e-06,0.032190173864364624,-0.05240593105554581,-0.012052774429321289,32,False,UNAVAILABLE,DISABLED,DISABLED,DISABLED,UNAVAILABLE,DISABLED,28.104590103961527,9.947443549986929,38.26988816726953
8,27,0.007106546778231859,5.303321358951507e-06,0.07040637731552124,-0.10749489068984985,2.6516606794757536e-06,0.03520318865776062,-0.05374744534492493,-0.01143505796790123,32,False,UNAVAILABLE,DISABLED,DISABLED,DISABLED,UNAVAILABLE,DISABLED,28.104590103961527,9.947443549986929,38.26988816726953
8,28,0.007862278260290623,2.5151264253509e-06,0.04873532056808472,-0.09395678341388702,1.25756321267545e-06,0.02436766028404236,-0.04697839170694351,-0.014747194945812225,32,False,UNAVAILABLE,DISABLED,DISABLED,DISABLED,UNAVAILABLE,DISABLED,28.104590103961527,9.947443549986929,38.26988816726953
8,29,0.007665249984711409,5.14035627929843e-06,0.056607723236083984,-0.09356462955474854,2.570178139649215e-06,0.028303861618041992,-0.04678231477737427,-0.01081063225865364,32,False,UNAVAILABLE,DISABLED,DISABLED,DISABLED,UNAVAILABLE,DISABLED,28.104590103961527,9.947443549986929,38.26988816726953
8,30,0.007382286712527275,4.922692824038677e-06,0.09649372100830078,-0.06836269795894623,2.4613464120193385e-06,0.04824686050415039,-0.034181348979473114,0.021450258791446686,32,False,UNAVAILABLE,DISABLED,DISABLED,DISABLED,UNAVAILABLE,DISABLED,28.104590103961527,9.947443549986929,38.26988816726953
8,31,0.008761604316532612,5.914278062846279e-06,0.07093489170074463,-0.08894231915473938,2.9571390314231394e-06,0.035467445850372314,-0.04447115957736969,-0.0002391524612903595,32,False,UNAVAILABLE,DISABLED,DISABLED,DISABLED,UNAVAILABLE,DISABLED,28.104590103961527,9.947443549986929,38.26988816726953
8,32,0.008511336520314217,7.173946869443171e-06,0.08061707019805908,-0.10713246464729309,3.5869734347215854e-06,0.04030853509902954,-0.053566232323646545,-0.004742775112390518,32,False,UNAVAILABLE,DISABLED,DISABLED,DISABLED,UNAVAILABLE,DISABLED,28.104590103961527,9.947443549986929,38.26988816726953
8,33,0.007786765228956938,6.732314886903623e-06,0.09769558906555176,-0.10708138346672058,3.3661574434518116e-06,0.04884779453277588,-0.05354069173336029,0.003097236156463623,32,False,UNAVAILABLE,DISABLED,DISABLED,DISABLED,UNAVAILABLE,DISABLED,28.104590103961527,9.947443549986929,38.26988816726953
8,34,0.007633250206708908,4.773169166583102e-06,0.060414016246795654,-0.09004610776901245,2.386584583291551e-06,0.030207008123397827,-0.045023053884506226,-0.007180407643318176,32,False,UNAVAILABLE,DISABLED,DISABLED,DISABLED,UNAVAILABLE,DISABLED,28.104590103961527,9.947443549986929,38.26988816726953
8,35,0.0075936936773359776,4.598070063366322e-06,0.060643792152404785,-0.07701057195663452,2.299035031683161e-06,0.030321896076202393,-0.03850528597831726,-0.0005873963236808777,32,False,UNAVAILABLE,DISABLED,DISABLED,DISABLED,UNAVAILABLE,DISABLED,28.104590103961527,9.947443549986929,38.26988816726953
8,36,0.012144987471401691,4.2334554564149585e-06,0.06460094451904297,-0.09518682956695557,2.1167277282074792e-06,0.032300472259521484,-0.04759341478347778,-0.003145836293697357,32,False,UNAVAILABLE,DISABLED,DISABLED,DISABLED,UNAVAILABLE,DISABLED,28.104590103961527,9.947443549986929,38.26988816726953
8,37,0.007931954227387905,4.1384814721823204e-06,0.05952352285385132,-0.09096592664718628,2.0692407360911602e-06,0.02976176142692566,-0.04548296332359314,-0.007787179201841354,32,False,UNAVAILABLE,DISABLED,DISABLED,DISABLED,UNAVAILABLE,DISABLED,28.104590103961527,9.947443549986929,38.26988816726953
8,38,0.14100486040115356,4.872316822002176e-06,0.07272738218307495,-0.07532957196235657,2.436158411001088e-06,0.036363691091537476,-0.037664785981178284,0.13970619440078735,32,False,UNAVAILABLE,DISABLED,DISABLED,DISABLED,UNAVAILABLE,DISABLED,28.104590103961527,9.947443549986929,38.26988816726953
8,39,0.007409566547721624,3.836315499938792e-06,0.06439536809921265,-0.09516121447086334,1.918157749969396e-06,0.03219768404960632,-0.04758060723543167,-0.007971439510583878,32,False,UNAVAILABLE,DISABLED,DISABLED,DISABLED,UNAVAILABLE,DISABLED,28.104590103961527,9.947443549986929,38.26988816726953
8,40,0.0073499674908816814,5.576557668973692e-06,0.09065711498260498,-0.08357974886894226,2.788278834486846e-06,0.04532855749130249,-0.04178987443447113,0.010891437530517578,32,False,UNAVAILABLE,DISABLED,DISABLED,DISABLED,UNAVAILABLE,DISABLED,28.104590103961527,9.947443549986929,38.26988816726953
8,41,0.008352179080247879,5.7332508731633425e-06,0.08835858106613159,-0.08364135026931763,2.8666254365816712e-06,0.044179290533065796,-0.041820675134658813,0.010713659226894379,32,False,UNAVAILABLE,DISABLED,DISABLED,DISABLED,UNAVAILABLE,DISABLED,28.104590103961527,9.947443549986929,38.26988816726953
8,42,0.00762978196144104,5.0857029236794915e-06,0.06510251760482788,-0.08735132217407227,2.5428514618397458e-06,0.03255125880241394,-0.04367566108703613,-0.003492075949907303,32,False,UNAVAILABLE,DISABLED,DISABLED,DISABLED,UNAVAILABLE,DISABLED,28.104590103961527,9.947443549986929,38.26988816726953
8,43,0.007030806504189968,3.2367970561608672e-06,0.08745443820953369,-0.11168435215950012,1.6183985280804336e-06,0.043727219104766846,-0.05584217607975006,-0.00508253276348114,32,False,UNAVAILABLE,DISABLED,DISABLED,DISABLED,UNAVAILABLE,DISABLED,28.104590103961527,9.947443549986929,38.26988816726953
8,44,0.007067427970468998,3.3215474104508758e-06,0.08796828985214233,-0.09224802255630493,1.6607737052254379e-06,0.04398414492607117,-0.046124011278152466,0.0049292221665382385,32,False,UNAVAILABLE,DISABLED,DISABLED,DISABLED,UNAVAILABLE,DISABLED,28.104590103961527,9.947443549986929,38.26988816726953
8,45,0.008313954807817936,4.5883466555096675e-06,0.07949298620223999,-0.09120628237724304,2.2941733277548337e-06,0.039746493101119995,-0.04560314118862152,0.002459600567817688,32,False,UNAVAILABLE,DISABLED,DISABLED,DISABLED,UNAVAILABLE,DISABLED,28.104590103961527,9.947443549986929,38.26988816726953
8,46,0.00703128008171916,4.182007614872418e-06,0.05702996253967285,-0.0966501533985138,2.091003807436209e-06,0.028514981269836426,-0.0483250766992569,-0.012776724994182587,32,False,UNAVAILABLE,DISABLED,DISABLED,DISABLED,UNAVAILABLE,DISABLED,28.104590103961527,9.947443549986929,38.26988816726953
8,47,0.0075245327316224575,2.3537779725302244e-06,0.03543955087661743,-0.07020837068557739,1.1768889862651122e-06,0.017719775438308716,-0.035104185342788696,-0.009858701378107071,32,False,UNAVAILABLE,DISABLED,DISABLED,DISABLED,UNAVAILABLE,DISABLED,28.104590103961527,9.947443549986929,38.26988816726953
8,48,0.007408501114696264,3.976234893343644e-06,0.08587509393692017,-0.05725279450416565,1.988117446671822e-06,0.04293754696846008,-0.028626397252082825,0.02172163873910904,32,False,UNAVAILABLE,DISABLED,DISABLED,DISABLED,UNAVAILABLE,DISABLED,28.104590103961527,9.947443549986929,38.26988816726953
8,49,0.007899964228272438,5.336398771760287e-06,0.10251343250274658,-0.06451734900474548,2.6681993858801434e-06,0.05125671625137329,-0.03225867450237274,0.026900675147771835,32,False,UNAVAILABLE,DISABLED,DISABLED,DISABLED,UNAVAILABLE,DISABLED,28.104590103961527,9.947443549986929,38.26988816726953
8,50,0.00749959284439683,4.4604526010516565e-06,0.05426168441772461,-0.06879866123199463,2.2302263005258283e-06,0.027130842208862305,-0.034399330615997314,0.000233333557844162,32,False,UNAVAILABLE,DISABLED,DISABLED,DISABLED,UNAVAILABLE,DISABLED,28.104590103961527,9.947443549986929,38.26988816726953
8,51,0.00757930101826787,3.153234501951374e-06,0.062329888343811035,-0.04324793815612793,1.576617250975687e-06,0.031164944171905518,-0.021623969078063965,0.017121851444244385,32,False,UNAVAILABLE,DISABLED,DISABLED,DISABLED,UNAVAILABLE,DISABLED,28.104590103961527,9.947443549986929,38.26988816726953
8,52,0.0065208314917981625,4.315194019000046e-06,0.06132417917251587,-0.0904737114906311,2.157597009500023e-06,0.030662089586257935,-0.04523685574531555,-0.008051775395870209,32,False,UNAVAILABLE,DISABLED,DISABLED,DISABLED,UNAVAILABLE,DISABLED,28.104590103961527,9.947443549986929,38.26988816726953
8,53,0.007054294925183058,3.3994226669165073e-06,0.08254778385162354,-0.09571245312690735,1.6997113334582536e-06,0.04127389192581177,-0.047856226563453674,0.000473659485578537,32,False,UNAVAILABLE,DISABLED,DISABLED,DISABLED,UNAVAILABLE,DISABLED,28.104590103961527,9.947443549986929,38.26988816726953
8,54,0.006667378358542919,2.5976535198424244e-06,0.07207083702087402,-0.08994549512863159,1.2988267599212122e-06,0.03603541851043701,-0.044972747564315796,-0.0022686533629894257,32,False,UNAVAILABLE,DISABLED,DISABLED,DISABLED,UNAVAILABLE,DISABLED,28.104590103961527,9.947443549986929,38.26988816726953
8,55,0.007299365941435099,8.116436220007017e-06,0.09298211336135864,-0.09495475888252258,4.058218110003509e-06,0.04649105668067932,-0.04747737944126129,0.006317101418972015,32,False,UNAVAILABLE,DISABLED,DISABLED,DISABLED,UNAVAILABLE,DISABLED,28.104590103961527,9.947443549986929,38.26988816726953
8,56,0.007730735465884209,4.803654064744478e-06,0.08678138256072998,-0.10482761263847351,2.401827032372239e-06,0.04339069128036499,-0.052413806319236755,-0.0012899786233901978,32,False,UNAVAILABLE,DISABLED,DISABLED,DISABLED,UNAVAILABLE,DISABLED,28.104590103961527,9.947443549986929,38.26988816726953
8,57,0.007699884008616209,2.6729821911430918e-06,0.05108153820037842,-0.080455482006073,1.3364910955715459e-06,0.02554076910018921,-0.0402277410030365,-0.006985750049352646,32,False,UNAVAILABLE,DISABLED,DISABLED,DISABLED,UNAVAILABLE,DISABLED,28.104590103961527,9.947443549986929,38.26988816726953
8,58,0.008074287325143814,6.8992389969935175e-06,0.09201836585998535,-0.07116943597793579,3.4496194984967588e-06,0.046009182929992676,-0.035584717988967896,0.01850220188498497,32,False,UNAVAILABLE,DISABLED,DISABLED,DISABLED,UNAVAILABLE,DISABLED,28.104590103961527,9.947443549986929,38.26988816726953
8,59,0.007277782540768385,2.901922698583803e-06,0.0493013858795166,-0.07396960258483887,1.4509613492919016e-06,0.0246506929397583,-0.036984801292419434,-0.005054876208305359,32,False,UNAVAILABLE,DISABLED,DISABLED,DISABLED,UNAVAILABLE,DISABLED,28.104590103961527,9.947443549986929,38.26988816726953
8,60,0.006939023267477751,2.0868769752269145e-06,0.030529499053955078,-0.07910466194152832,1.0434384876134573e-06,0.015264749526977539,-0.03955233097076416,-0.017347514629364014,32,False,UNAVAILABLE,DISABLED,DISABLED,DISABLED,UNAVAILABLE,DISABLED,28.104590103961527,9.947443549986929,38.26988816726953
8,61,0.007035231217741966,2.631972847666475e-06,0.056278228759765625,-0.06465661525726318,1.3159864238332375e-06,0.028139114379882812,-0.03232830762863159,0.0028473548591136932,32,False,UNAVAILABLE,DISABLED,DISABLED,DISABLED,UNAVAILABLE,DISABLED,28.104590103961527,9.947443549986929,38.26988816726953
8,62,0.011186647228896618,3.823102815658785e-06,0.06192749738693237,-0.08614742755889893,1.9115514078293927e-06,0.030963748693466187,-0.04307371377944946,-0.0009214058518409729,32,False,UNAVAILABLE,DISABLED,DISABLED,DISABLED,UNAVAILABLE,DISABLED,28.104590103961527,9.947443549986929,38.26988816726953
8,63,0.007625865284353495,3.6041355997440405e-06,0.052580058574676514,-0.10106498003005981,1.8020677998720203e-06,0.026290029287338257,-0.05053249001502991,-0.016614794731140137,32,False,UNAVAILABLE,DISABLED,DISABLED,DISABLED,UNAVAILABLE,DISABLED,28.104590103961527,9.947443549986929,38.26988816726953
8,64,0.006608626805245876,4.1875823626469355e-06,0.062204062938690186,-0.0724591612815857,2.0937911813234678e-06,0.031102031469345093,-0.03622958064079285,0.0014831721782684326,32,False,UNAVAILABLE,DISABLED,DISABLED,DISABLED,UNAVAILABLE,DISABLED,28.104590103961527,9.947443549986929,38.26988816726953
8,65,0.007849045097827911,4.142184479860589e-06,0.09202492237091064,-0.13094830513000488,2.0710922399302945e-06,0.04601246118545532,-0.06547415256500244,-0.011610575020313263,32,False,UNAVAILABLE,DISABLED,DISABLED,DISABLED,UNAVAILABLE,DISABLED,28.104590103961527,9.947443549986929,38.26988816726953
8,66,0.007281886413693428,4.030017862532986e-06,0.05519306659698486,-0.08241558074951172,2.015008931266493e-06,0.02759653329849243,-0.04120779037475586,-0.006327357143163681,32,False,UNAVAILABLE,DISABLED,DISABLED,DISABLED,UNAVAILABLE,DISABLED,28.104590103961527,9.947443549986929,38.26988816726953
8,67,0.006870570592582226,2.60516389971599e-06,0.04064202308654785,-0.08699208498001099,1.302581949857995e-06,0.020321011543273926,-0.04349604249000549,-0.016303157433867455,32,False,UNAVAILABLE,DISABLED,DISABLED,DISABLED,UNAVAILABLE,DISABLED,28.104590103961527,9.947443549986929,38.26988816726953
8,68,0.006828689016401768,6.765594662283547e-06,0.07490533590316772,-0.08243107795715332,3.3827973311417736e-06,0.03745266795158386,-0.04121553897857666,0.0030691996216773987,32,False,UNAVAILABLE,DISABLED,DISABLED,DISABLED,UNAVAILABLE,DISABLED,28.104590103961527,9.947443549986929,38.26988816726953
8,69,0.006997629068791866,4.599691692419583e-06,0.08926582336425781,-0.10497480630874634,2.2998458462097915e-06,0.044632911682128906,-0.05248740315437317,-0.0008545629680156708,32,False,UNAVAILABLE,DISABLED,DISABLED,DISABLED,UNAVAILABLE,DISABLED,28.104590103961527,9.947443549986929,38.26988816726953
8,70,0.007962497882544994,3.6441790598473744e-06,0.07721930742263794,-0.1020195484161377,1.8220895299236872e-06,0.03860965371131897,-0.05100977420806885,-0.004435800015926361,32,False,UNAVAILABLE,DISABLED,DISABLED,DISABLED,UNAVAILABLE,DISABLED,28.104590103961527,9.947443549986929,38.26988816726953
8,71,0.00709574343636632,5.345206773199607e-06,0.07195812463760376,-0.11916261911392212,2.6726033865998033e-06,0.03597906231880188,-0.05958130955696106,-0.01650383323431015,32,False,UNAVAILABLE,DISABLED,DISABLED,DISABLED,UNAVAILABLE,DISABLED,28.104590103961527,9.947443549986929,38.26988816726953
8,72,0.008036301471292973,2.9037430522294017e-06,0.060367047786712646,-0.08316200971603394,1.4518715261147008e-06,0.030183523893356323,-0.04158100485801697,-0.0033597275614738464,32,False,UNAVAILABLE,DISABLED,DISABLED,DISABLED,UNAVAILABLE,DISABLED,28.104590103961527,9.947443549986929,38.26988816726953
8,73,0.006962602958083153,3.7399861412268365e-06,0.06038546562194824,-0.09061563014984131,1.8699930706134182e-06,0.03019273281097412,-0.045307815074920654,-0.008150607347488403,32,False,UNAVAILABLE,DISABLED,DISABLED,DISABLED,UNAVAILABLE,DISABLED,28.104590103961527,9.947443549986929,38.26988816726953
8,74,0.0072706821374595165,3.8111538742668927e-06,0.06883078813552856,-0.09142053127288818,1.9055769371334463e-06,0.03441539406776428,-0.04571026563644409,-0.004022285342216492,32,False,UNAVAILABLE,DISABLED,DISABLED,DISABLED,UNAVAILABLE,DISABLED,28.104590103961527,9.947443549986929,38.26988816726953
8,75,0.006980458274483681,7.570306934212567e-06,0.1469232439994812,-0.06292551755905151,3.7851534671062836e-06,0.0734616219997406,-0.03146275877952576,0.04898310452699661,32,False,UNAVAILABLE,DISABLED,DISABLED,DISABLED,UNAVAILABLE,DISABLED,28.104590103961527,9.947443549986929,38.26988816726953
8,76,0.0074360184371471405,3.3897561024787137e-06,0.0637773871421814,-0.09275937080383301,1.6948780512393569e-06,0.0318886935710907,-0.046379685401916504,-0.007053278386592865,32,False,UNAVAILABLE,DISABLED,DISABLED,DISABLED,UNAVAILABLE,DISABLED,28.104590103961527,9.947443549986929,38.26988816726953
8,77,0.006795424036681652,1.7476321545473184e-06,0.04231458902359009,-0.05566328763961792,8.738160772736592e-07,0.021157294511795044,-0.02783164381980896,0.00012194924056529999,32,False,UNAVAILABLE,DISABLED,DISABLED,DISABLED,UNAVAILABLE,DISABLED,28.104590103961527,9.947443549986929,38.26988816726953
8,78,0.006876424420624971,6.605675480386708e-06,0.09725087881088257,-0.10590553283691406,3.302837740193354e-06,0.048625439405441284,-0.05295276641845703,0.0025524012744426727,32,False,UNAVAILABLE,DISABLED,DISABLED,DISABLED,UNAVAILABLE,DISABLED,28.104590103961527,9.947443549986929,38.26988816726953
8,79,0.007094842381775379,4.099097623111447e-06,0.05597752332687378,-0.0831419825553894,2.0495488115557237e-06,0.02798876166343689,-0.0415709912776947,-0.006485339254140854,32,False,UNAVAILABLE,DISABLED,DISABLED,DISABLED,UNAVAILABLE,DISABLED,28.104590103961527,9.947443549986929,38.26988816726953
8,80,0.006311495788395405,3.668204726636759e-06,0.06350123882293701,-0.04830664396286011,1.8341023633183795e-06,0.031750619411468506,-0.024153321981430054,0.013910628855228424,32,False,UNAVAILABLE,DISABLED,DISABLED,DISABLED,UNAVAILABLE,DISABLED,28.104590103961527,9.947443549986929,38.26988816726953
8,81,0.00711396150290966,3.371180810063379e-06,0.05594778060913086,-0.06179177761077881,1.6855904050316894e-06,0.02797389030456543,-0.030895888805389404,0.00419364869594574,32,False,UNAVAILABLE,DISABLED,DISABLED,DISABLED,UNAVAILABLE,DISABLED,28.104590103961527,9.947443549986929,38.26988816726953
8,82,0.006928951013833284,3.299282298030448e-06,0.07011556625366211,-0.07138204574584961,1.649641149015224e-06,0.035057783126831055,-0.035691022872924805,0.006297361105680466,32,False,UNAVAILABLE,DISABLED,DISABLED,DISABLED,UNAVAILABLE,DISABLED,28.104590103961527,9.947443549986929,38.26988816726953
8,83,0.006890109274536371,3.549122766344226e-06,0.07190519571304321,-0.05418628454208374,1.774561383172113e-06,0.035952597856521606,-0.02709314227104187,0.015751339495182037,32,False,UNAVAILABLE,DISABLED,DISABLED,DISABLED,UNAVAILABLE,DISABLED,28.104590103961527,9.947443549986929,38.26988816726953
8,84,0.006627824157476425,3.500918182908208e-06,0.03714025020599365,-0.06476610898971558,1.750459091454104e-06,0.018570125102996826,-0.03238305449485779,-0.00718335434794426,32,False,UNAVAILABLE,DISABLED,DISABLED,DISABLED,UNAVAILABLE,DISABLED,28.104590103961527,9.947443549986929,38.26988816726953
8,85,0.007412681356072426,3.5735740766540403e-06,0.06237626075744629,-0.05248039960861206,1.7867870383270201e-06,0.031188130378723145,-0.02624019980430603,0.012362398207187653,32,False,UNAVAILABLE,DISABLED,DISABLED,DISABLED,UNAVAILABLE,DISABLED,28.104590103961527,9.947443549986929,38.26988816726953
8,86,0.007200848776847124,3.6390056266100146e-06,0.056033551692962646,-0.04621213674545288,1.8195028133050073e-06,0.028016775846481323,-0.02310606837272644,0.012113377451896667,32,False,UNAVAILABLE,DISABLED,DISABLED,DISABLED,UNAVAILABLE,DISABLED,28.104590103961527,9.947443549986929,38.26988816726953
8,87,0.0069817365147173405,3.423803491386934e-06,0.06028515100479126,-0.05314761400222778,1.711901745693467e-06,0.03014257550239563,-0.02657380700111389,0.010552216321229935,32,False,UNAVAILABLE,DISABLED,DISABLED,DISABLED,UNAVAILABLE,DISABLED,28.104590103961527,9.947443549986929,38.26988816726953
8,88,0.007356410846114159,4.004832589998841e-06,0.06567633152008057,-0.0240822434425354,2.0024162949994206e-06,0.03283816576004028,-0.0120411217212677,0.028155457228422165,32,False,UNAVAILABLE,DISABLED,DISABLED,DISABLED,UNAVAILABLE,DISABLED,28.104590103961527,9.947443549986929,38.26988816726953
8,89,0.007305471692234278,2.8686060886684572e-06,0.04635012149810791,-0.0224112868309021,1.4343030443342286e-06,0.023175060749053955,-0.01120564341545105,0.019276322796940804,32,False,UNAVAILABLE,DISABLED,DISABLED,DISABLED,UNAVAILABLE,DISABLED,28.104590103961527,9.947443549986929,38.26988816726953
8,90,0.007222773507237434,3.4569659419503296e-06,0.0768095850944519,-0.02896595001220703,1.7284829709751648e-06,0.03840479254722595,-0.014482975006103516,0.031146317720413208,32,False,UNAVAILABLE,DISABLED,DISABLED,DISABLED,UNAVAILABLE,DISABLED,28.104590103961527,9.947443549986929,38.26988816726953
8,91,0.007221679203212261,2.8658823794103228e-06,0.04224956035614014,-0.008364081382751465,1.4329411897051614e-06,0.02112478017807007,-0.004182040691375732,0.02416585199534893,32,False,UNAVAILABLE,DISABLED,DISABLED,DISABLED,UNAVAILABLE,DISABLED,28.104590103961527,9.947443549986929,38.26988816726953
8,92,0.007013093680143356,3.559820243026479e-06,0.04571115970611572,-0.022678494453430176,1.7799101215132396e-06,0.02285557985305786,-0.011339247226715088,0.018531206995248795,32,False,UNAVAILABLE,DISABLED,DISABLED,DISABLED,UNAVAILABLE,DISABLED,28.104590103961527,9.947443549986929,38.26988816726953
8,93,0.00643038097769022,3.5123448469676077e-06,0.049401044845581055,0.0008563399314880371,1.7561724234838039e-06,0.024700522422790527,0.00042816996574401855,0.031560830771923065,32,False,UNAVAILABLE,DISABLED,DISABLED,DISABLED,UNAVAILABLE,DISABLED,28.104590103961527,9.947443549986929,38.26988816726953
8,94,0.00717158755287528,2.9966536203573924e-06,0.07306045293807983,-0.010456860065460205,1.4983268101786962e-06,0.03653022646903992,-0.0052284300327301025,0.03847488388419151,32,False,UNAVAILABLE,DISABLED,DISABLED,DISABLED,UNAVAILABLE,DISABLED,28.104590103961527,9.947443549986929,38.26988816726953
8,95,0.0068711708299815655,6.05623836236191e-06,0.1313931941986084,0.018626272678375244,3.028119181180955e-06,0.0656965970993042,0.009313136339187622,0.08188392966985703,32,False,UNAVAILABLE,DISABLED,DISABLED,DISABLED,UNAVAILABLE,DISABLED,28.104590103961527,9.947443549986929,38.26988816726953
8,96,0.0068868612870574,3.4477172903280007e-06,0.057382822036743164,0.01565074920654297,1.7238586451640003e-06,0.028691411018371582,0.007825374603271484,0.04340536892414093,32,False,UNAVAILABLE,DISABLED,DISABLED,DISABLED,UNAVAILABLE,DISABLED,28.104590103961527,9.947443549986929,38.26988816726953
8,97,0.018340112641453743,2.407606416454655e-06,0.03322499990463257,-0.012269079685211182,1.2038032082273276e-06,0.016612499952316284,-0.006134539842605591,0.02881927788257599,32,False,UNAVAILABLE,DISABLED,DISABLED,DISABLED,UNAVAILABLE,DISABLED,28.104590103961527,9.947443549986929,38.26988816726953
8,98,0.008087740279734135,4.028856892546173e-06,0.0726778507232666,-0.022816896438598633,2.0144284462730866e-06,0.0363389253616333,-0.011408448219299316,0.03302023187279701,32,False,UNAVAILABLE,DISABLED,DISABLED,DISABLED,UNAVAILABLE,DISABLED,28.104590103961527,9.947443549986929,38.26988816726953
8,99,0.009966639801859856,2.807722239595023e-06,0.0553012490272522,0.01862025260925293,1.4038611197975115e-06,0.0276506245136261,0.009310126304626465,0.04692879319190979,32,False,UNAVAILABLE,DISABLED,DISABLED,DISABLED,UNAVAILABLE,DISABLED,28.104590103961527,9.947443549986929,38.26988816726953
8,100,0.010923373512923717,5.311272616381757e-06,0.07573944330215454,0.0004947185516357422,2.6556363081908785e-06,0.03786972165107727,0.0002473592758178711,0.04904311150312424,32,False,UNAVAILABLE,DISABLED,DISABLED,DISABLED,UNAVAILABLE,DISABLED,28.104590103961527,9.947443549986929,38.26988816726953
9,1,0.006138125900179148,3.2909786114032613e-06,0.04734683036804199,-0.018956828862428665,1.6454893057016307e-06,0.023673415184020996,-0.009478414431214333,0.020334772765636444,32,False,UNAVAILABLE,DISABLED,DISABLED,DISABLED,UNAVAILABLE,DISABLED,28.251265607774258,9.963847632985562,38.43081933725625
9,2,0.005378307309001684,2.9622694910358405e-06,0.037391483783721924,-0.022197715938091278,1.4811347455179202e-06,0.018695741891860962,-0.011098857969045639,0.012976672500371933,32,False,UNAVAILABLE,DISABLED,DISABLED,DISABLED,UNAVAILABLE,DISABLED,28.251265607774258,9.963847632985562,38.43081933725625
9,3,0.005682733841240406,3.117380629191757e-06,0.05006003379821777,-0.03421420976519585,1.5586903145958786e-06,0.025030016899108887,-0.017107104882597923,0.013607203960418701,32,False,UNAVAILABLE,DISABLED,DISABLED,DISABLED,UNAVAILABLE,DISABLED,28.251265607774258,9.963847632985562,38.43081933725625
9,4,0.005654940847307444,3.111391833954258e-06,0.051332831382751465,-0.041303761303424835,1.555695916977129e-06,0.025666415691375732,-0.020651880651712418,0.010671030730009079,32,False,UNAVAILABLE,DISABLED,DISABLED,DISABLED,UNAVAILABLE,DISABLED,28.251265607774258,9.963847632985562,38.43081933725625
9,5,0.005676306318491697,3.896967882610625e-06,0.04498535394668579,-0.04781487584114075,1.9484839413053123e-06,0.022492676973342896,-0.023907437920570374,0.004263494163751602,32,False,UNAVAILABLE,DISABLED,DISABLED,DISABLED,UNAVAILABLE,DISABLED,28.251265607774258,9.963847632985562,38.43081933725625
9,6,0.005346350371837616,3.159646212225198e-06,0.03731638193130493,-0.0294196717441082,1.579823106112599e-06,0.018658190965652466,-0.0147098358720541,0.00929628498852253,32,False,UNAVAILABLE,DISABLED,DISABLED,DISABLED,UNAVAILABLE,DISABLED,28.251265607774258,9.963847632985562,38.43081933725625
9,7,0.005582863464951515,1.5253109495461104e-06,0.03502601385116577,-0.04327091947197914,7.626554747730552e-07,0.017513006925582886,-0.02163545973598957,0.0014611724764108658,32,False,UNAVAILABLE,DISABLED,DISABLED,DISABLED,UNAVAILABLE,DISABLED,28.251265607774258,9.963847632985562,38.43081933725625
9,8,0.005796169396489859,4.525060830928851e-06,0.055072903633117676,-0.06582387536764145,2.2625304154644255e-06,0.027536451816558838,-0.032911937683820724,0.00042294710874557495,32,False,UNAVAILABLE,DISABLED,DISABLED,DISABLED,UNAVAILABLE,DISABLED,28.251265607774258,9.963847632985562,38.43081933725625
9,9,0.005762767978012562,2.9466696105373558e-06,0.04522287845611572,-0.06006781384348869,1.4733348052686779e-06,0.02261143922805786,-0.030033906921744347,-0.0016582254320383072,32,False,UNAVAILABLE,DISABLED,DISABLED,DISABLED,UNAVAILABLE,DISABLED,28.251265607774258,9.963847632985562,38.43081933725625
9,10,0.0053531513549387455,3.102471055171918e-06,0.05915552377700806,-0.07935692369937897,1.551235527585959e-06,0.02957776188850403,-0.039678461849689484,-0.004745997488498688,32,False,UNAVAILABLE,DISABLED,DISABLED,DISABLED,UNAVAILABLE,DISABLED,28.251265607774258,9.963847632985562,38.43081933725625
9,11,0.005389779340475798,2.609221837701625e-06,0.03761535882949829,-0.07893622666597366,1.3046109188508126e-06,0.018807679414749146,-0.03946811333298683,-0.01526935026049614,32,False,UNAVAILABLE,DISABLED,DISABLED,DISABLED,UNAVAILABLE,DISABLED,28.251265607774258,9.963847632985562,38.43081933725625
9,12,0.03619513660669327,3.4904496715171263e-06,0.05539405345916748,-0.11329374462366104,1.7452248357585631e-06,0.02769702672958374,-0.05664687231183052,0.007247034460306168,32,False,UNAVAILABLE,DISABLED,DISABLED,DISABLED,UNAVAILABLE,DISABLED,28.251265607774258,9.963847632985562,38.43081933725625
9,13,0.005647475831210613,4.051168616570067e-06,0.06387227773666382,-0.1209113821387291,2.0255843082850333e-06,0.03193613886833191,-0.06045569106936455,-0.022870052605867386,32,False,UNAVAILABLE,DISABLED,DISABLED,DISABLED,UNAVAILABLE,DISABLED,28.251265607774258,9.963847632985562,38.43081933725625
9,14,0.005044503137469292,4.489653292694129e-06,0.0699957013130188,-0.12732605636119843,2.2448266463470645e-06,0.0349978506565094,-0.06366302818059921,-0.023618429899215698,32,False,UNAVAILABLE,DISABLED,DISABLED,DISABLED,UNAVAILABLE,DISABLED,28.251265607774258,9.963847632985562,38.43081933725625
9,15,0.005423442460596561,3.921585630450863e-06,0.05066424608230591,-0.11153536289930344,1.9607928152254317e-06,0.025332123041152954,-0.05576768144965172,-0.025010155513882637,32,False,UNAVAILABLE,DISABLED,DISABLED,DISABLED,UNAVAILABLE,DISABLED,28.251265607774258,9.963847632985562,38.43081933725625
9,16,0.005602701101452112,4.716313924291171e-06,0.06580197811126709,-0.10820677876472473,2.3581569621455856e-06,0.032900989055633545,-0.054103389382362366,-0.01559733971953392,32,False,UNAVAILABLE,DISABLED,DISABLED,DISABLED,UNAVAILABLE,DISABLED,28.251265607774258,9.963847632985562,38.43081933725625
9,17,0.005741100292652845,2.772804464257206e-06,0.04642188549041748,-0.12660059332847595,1.386402232128603e-06,0.02321094274520874,-0.06330029666423798,-0.034346867352724075,32,False,UNAVAILABLE,DISABLED,DISABLED,DISABLED,UNAVAILABLE,DISABLED,28.251265607774258,9.963847632985562,38.43081933725625
9,18,0.00533592002466321,4.265885308996076e-06,0.08637309074401855,-0.15364280343055725,2.132942654498038e-06,0.04318654537200928,-0.07682140171527863,-0.028296802192926407,32,False,UNAVAILABLE,DISABLED,DISABLED,DISABLED,UNAVAILABLE,DISABLED,28.251265607774258,9.963847632985562,38.43081933725625
9,19,0.0063291266560554504,5.115673047839664e-06,0.07776480913162231,-0.13288579881191254,2.557836523919832e-06,0.03888240456581116,-0.06644289940595627,-0.021228808909654617,32,False,UNAVAILABLE,DISABLED,DISABLED,DISABLED,UNAVAILABLE,DISABLED,28.251265607774258,9.963847632985562,38.43081933725625
9,20,0.004892860073596239,6.924800345586846e-06,0.07665598392486572,-0.08627258241176605,3.462400172793423e-06,0.03832799196243286,-0.043136291205883026,8.80211591720581e-05,32,False,UNAVAILABLE,DISABLED,DISABLED,DISABLED,UNAVAILABLE,DISABLED,28.251265607774258,9.963847632985562,38.43081933725625
9,21,0.00575972767546773,4.7441053538932465e-06,0.05795866250991821,-0.13283783197402954,2.3720526769466233e-06,0.028979331254959106,-0.06641891598701477,-0.0316774845123291,32,False,UNAVAILABLE,DISABLED,DISABLED,DISABLED,UNAVAILABLE,DISABLED,28.251265607774258,9.963847632985562,38.43081933725625
9,22,0.00583089841529727,2.2703295599058038e-06,0.04912680387496948,-0.14036568999290466,1.1351647799529019e-06,0.02456340193748474,-0.07018284499645233,-0.0397874116897583,32,False,UNAVAILABLE,DISABLED,DISABLED,DISABLED,UNAVAILABLE,DISABLED,28.251265607774258,9.963847632985562,38.43081933725625
9,23,0.005223721731454134,3.051608018722618e-06,0.0672452449798584,-0.170051708817482,1.525804009361309e-06,0.0336226224899292,-0.085025854408741,-0.04617798328399658,32,False,UNAVAILABLE,DISABLED,DISABLED,DISABLED,UNAVAILABLE,DISABLED,28.251265607774258,9.963847632985562,38.43081933725625
9,24,0.16377361118793488,8.41784458316397e-06,0.12327051162719727,-0.17857399582862854,4.208922291581985e-06,0.06163525581359863,-0.08928699791431427,0.1361260712146759,32,False,UNAVAILABLE,DISABLED,DISABLED,DISABLED,UNAVAILABLE,DISABLED,28.251265607774258,9.963847632985562,38.43081933725625
9,25,0.005889026448130608,5.744229838455794e-06,0.08678603172302246,-0.1340683400630951,2.872114919227897e-06,0.04339301586151123,-0.06703417003154755,-0.017749257385730743,32,False,UNAVAILABLE,DISABLED,DISABLED,DISABLED,UNAVAILABLE,DISABLED,28.251265607774258,9.963847632985562,38.43081933725625
9,26,0.005589629523456097,4.865527898800792e-06,0.07741361856460571,-0.16414538025856018,2.432763949400396e-06,0.038706809282302856,-0.08207269012928009,-0.03777381777763367,32,False,UNAVAILABLE,DISABLED,DISABLED,DISABLED,UNAVAILABLE,DISABLED,28.251265607774258,9.963847632985562,38.43081933725625
9,27,0.004674051888287067,3.892759650625521e-06,0.06186097860336304,-0.1361013650894165,1.9463798253127607e-06,0.03093048930168152,-0.06805068254470825,-0.032444193959236145,32,False,UNAVAILABLE,DISABLED,DISABLED,DISABLED,UNAVAILABLE,DISABLED,28.251265607774258,9.963847632985562,38.43081933725625
9,28,0.005119156092405319,2.7116461751575116e-06,0.05912423133850098,-0.16409830749034882,1.3558230875787558e-06,0.02956211566925049,-0.08204915374517441,-0.04736652597784996,32,False,UNAVAILABLE,DISABLED,DISABLED,DISABLED,UNAVAILABLE,DISABLED,28.251265607774258,9.963847632985562,38.43081933725625
9,29,0.005743631161749363,3.685897809191374e-06,0.05512416362762451,-0.1562463790178299,1.842948904595687e-06,0.027562081813812256,-0.07812318950891495,-0.044815633445978165,32,False,UNAVAILABLE,DISABLED,DISABLED,DISABLED,UNAVAILABLE,DISABLED,28.251265607774258,9.963847632985562,38.43081933725625
9,30,0.004741146229207516,4.652106326830108e-06,0.0916435718536377,-0.17600704729557037,2.326053163415054e-06,0.04582178592681885,-0.08800352364778519,-0.03743826597929001,32,False,UNAVAILABLE,DISABLED,DISABLED,DISABLED,UNAVAILABLE,DISABLED,28.251265607774258,9.963847632985562,38.43081933725625
9,31,0.006135765463113785,5.496154244610807e-06,0.07488888502120972,-0.16382254660129547,2.7480771223054035e-06,0.03744444251060486,-0.08191127330064774,-0.03832831606268883,32,False,UNAVAILABLE,DISABLED,DISABLED,DISABLED,UNAVAILABLE,DISABLED,28.251265607774258,9.963847632985562,38.43081933725625
9,32,0.0058427294716238976,6.905550435476471e-06,0.09643340110778809,-0.18805114924907684,3.4527752177382354e-06,0.04821670055389404,-0.09402557462453842,-0.03996269032359123,32,False,UNAVAILABLE,DISABLED,DISABLED,DISABLED,UNAVAILABLE,DISABLED,28.251265607774258,9.963847632985562,38.43081933725625
9,33,0.005389436148107052,6.170781489345245e-06,0.10538965463638306,-0.15325403213500977,3.0853907446726225e-06,0.05269482731819153,-0.07662701606750488,-0.0185396671295166,32,False,UNAVAILABLE,DISABLED,DISABLED,DISABLED,UNAVAILABLE,DISABLED,28.251265607774258,9.963847632985562,38.43081933725625
9,34,0.005018558353185654,4.3449031181808095e-06,0.061071038246154785,-0.13275760412216187,2.1724515590904048e-06,0.030535519123077393,-0.06637880206108093,-0.030822552740573883,32,False,UNAVAILABLE,DISABLED,DISABLED,DISABLED,UNAVAILABLE,DISABLED,28.251265607774258,9.963847632985562,38.43081933725625
9,35,0.005245153792202473,4.3394402382546104e-06,0.06984269618988037,-0.13994961977005005,2.1697201191273052e-06,0.034921348094940186,-0.06997480988502502,-0.029806137084960938,32,False,UNAVAILABLE,DISABLED,DISABLED,DISABLED,UNAVAILABLE,DISABLED,28.251265607774258,9.963847632985562,38.43081933725625
9,36,0.00539940781891346,3.6026608540851157e-06,0.06857389211654663,-0.17719784379005432,1.8013304270425579e-06,0.034286946058273315,-0.08859892189502716,-0.04891076683998108,32,False,UNAVAILABLE,DISABLED,DISABLED,DISABLED,UNAVAILABLE,DISABLED,28.251265607774258,9.963847632985562,38.43081933725625
9,37,0.005695722997188568,3.849273525702301e-06,0.06529653072357178,-0.1484464406967163,1.9246367628511507e-06,0.03264826536178589,-0.07422322034835815,-0.03587730601429939,32,False,UNAVAILABLE,DISABLED,DISABLED,DISABLED,UNAVAILABLE,DISABLED,28.251265607774258,9.963847632985562,38.43081933725625
9,38,0.005305449943989515,4.00344151785248e-06,0.06356668472290039,-0.12340021133422852,2.00172075892624e-06,0.031783342361450195,-0.06170010566711426,-0.024609312415122986,32,False,UNAVAILABLE,DISABLED,DISABLED,DISABLED,UNAVAILABLE,DISABLED,28.251265607774258,9.963847632985562,38.43081933725625
9,39,0.005019011907279491,3.680484724100097e-06,0.08013731241226196,-0.16676795482635498,1.8402423620500485e-06,0.04006865620613098,-0.08338397741317749,-0.038294468075037,32,False,UNAVAILABLE,DISABLED,DISABLED,DISABLED,UNAVAILABLE,DISABLED,28.251265607774258,9.963847632985562,38.43081933725625
9,40,0.005208774469792843,2.885443336708704e-06,0.04866510629653931,-0.13288021087646484,1.442721668354352e-06,0.024332553148269653,-0.06644010543823242,-0.036897335201501846,32,False,UNAVAILABLE,DISABLED,DISABLED,DISABLED,UNAVAILABLE,DISABLED,28.251265607774258,9.963847632985562,38.43081933725625
9,41,0.005826323758810759,4.922789685224416e-06,0.08372437953948975,-0.15839198231697083,2.461394842612208e-06,0.04186218976974487,-0.07919599115848541,-0.03150501474738121,32,False,UNAVAILABLE,DISABLED,DISABLED,DISABLED,UNAVAILABLE,DISABLED,28.251265607774258,9.963847632985562,38.43081933725625
9,42,0.3170057237148285,6.437107458623359e-06,0.10282528400421143,-0.1786113977432251,3.2185537293116795e-06,0.05141264200210571,-0.08930569887161255,0.2791158854961395,32,False,UNAVAILABLE,DISABLED,DISABLED,DISABLED,UNAVAILABLE,DISABLED,28.251265607774258,9.963847632985562,38.43081933725625
9,43,0.13191217184066772,3.2934958653640933e-06,0.10066205263137817,-0.2208731770515442,1.6467479326820467e-06,0.05033102631568909,-0.1104365885257721,0.07180826365947723,32,False,UNAVAILABLE,DISABLED,DISABLED,DISABLED,UNAVAILABLE,DISABLED,28.251265607774258,9.963847632985562,38.43081933725625
9,44,0.004845982417464256,2.8738647870341083e-06,0.08101725578308105,-0.1928042471408844,1.4369323935170542e-06,0.04050862789154053,-0.0964021235704422,-0.05104607716202736,32,False,UNAVAILABLE,DISABLED,DISABLED,DISABLED,UNAVAILABLE,DISABLED,28.251265607774258,9.963847632985562,38.43081933725625
9,45,0.005365931894630194,4.187920694675995e-06,0.07178241014480591,-0.17766165733337402,2.0939603473379975e-06,0.035891205072402954,-0.08883082866668701,-0.04757159948348999,32,False,UNAVAILABLE,DISABLED,DISABLED,DISABLED,UNAVAILABLE,DISABLED,28.251265607774258,9.963847632985562,38.43081933725625
9,46,0.0068514044396579266,4.023589099233504e-06,0.09498530626296997,-0.2354094684123993,2.011794549616752e-06,0.047492653131484985,-0.11770473420619965,-0.06335866451263428,32,False,UNAVAILABLE,DISABLED,DISABLED,DISABLED,UNAVAILABLE,DISABLED,28.251265607774258,9.963847632985562,38.43081933725625
9,47,0.005231331568211317,2.7476776267576497e-06,0.05205404758453369,-0.18145310878753662,1.3738388133788249e-06,0.026027023792266846,-0.09072655439376831,-0.05946682393550873,32,False,UNAVAILABLE,DISABLED,DISABLED,DISABLED,UNAVAILABLE,DISABLED,28.251265607774258,9.963847632985562,38.43081933725625
9,48,0.005172521807253361,6.1653968259633984e-06,0.12052196264266968,-0.18273615837097168,3.0826984129816992e-06,0.06026098132133484,-0.09136807918548584,-0.02593149244785309,32,False,UNAVAILABLE,DISABLED,DISABLED,DISABLED,UNAVAILABLE,DISABLED,28.251265607774258,9.963847632985562,38.43081933725625
9,49,0.005786357447504997,6.288390522968257e-06,0.11106395721435547,-0.20294404029846191,3.1441952614841284e-06,0.055531978607177734,-0.10147202014923096,-0.040150538086891174,32,False,UNAVAILABLE,DISABLED,DISABLED,DISABLED,UNAVAILABLE,DISABLED,28.251265607774258,9.963847632985562,38.43081933725625
9,50,0.0054115550592541695,4.348336915427353e-06,0.07029545307159424,-0.17701905965805054,2.1741684577136766e-06,0.03514772653579712,-0.08850952982902527,-0.04794807359576225,32,False,UNAVAILABLE,DISABLED,DISABLED,DISABLED,UNAVAILABLE,DISABLED,28.251265607774258,9.963847632985562,38.43081933725625
9,51,0.00535832904279232,4.156106115260627e-06,0.08021700382232666,-0.1832248568534851,2.0780530576303136e-06,0.04010850191116333,-0.09161242842674255,-0.04614352062344551,32,False,UNAVAILABLE,DISABLED,DISABLED,DISABLED,UNAVAILABLE,DISABLED,28.251265607774258,9.963847632985562,38.43081933725625
9,52,0.006895363796502352,5.212372343521565e-06,0.08328831195831299,-0.24377155303955078,2.6061861717607826e-06,0.041644155979156494,-0.12188577651977539,-0.07334364950656891,32,False,UNAVAILABLE,DISABLED,DISABLED,DISABLED,UNAVAILABLE,DISABLED,28.251265607774258,9.963847632985562,38.43081933725625
9,53,0.004911547526717186,5.081258677819278e-06,0.1369490623474121,-0.26176702976226807,2.540629338909639e-06,0.06847453117370605,-0.13088351488113403,-0.05749489367008209,32,False,UNAVAILABLE,DISABLED,DISABLED,DISABLED,UNAVAILABLE,DISABLED,28.251265607774258,9.963847632985562,38.43081933725625
9,54,0.1694539338350296,3.841544639726635e-06,0.1119489073753357,-0.30559927225112915,1.9207723198633175e-06,0.05597445368766785,-0.15279963612556458,0.07263067364692688,32,False,UNAVAILABLE,DISABLED,DISABLED,DISABLED,UNAVAILABLE,DISABLED,28.251265607774258,9.963847632985562,38.43081933725625
9,55,0.005275463219732046,8.488907042192295e-06,0.121040940284729,-0.2779031991958618,4.244453521096148e-06,0.0605204701423645,-0.1389515995979309,-0.07315142452716827,32,False,UNAVAILABLE,DISABLED,DISABLED,DISABLED,UNAVAILABLE,DISABLED,28.251265607774258,9.963847632985562,38.43081933725625
9,56,0.007530884351581335,4.072516730957432e-06,0.11731481552124023,-0.2922475337982178,2.036258365478716e-06,0.05865740776062012,-0.1461237668991089,-0.07993343472480774,32,False,UNAVAILABLE,DISABLED,DISABLED,DISABLED,UNAVAILABLE,DISABLED,28.251265607774258,9.963847632985562,38.43081933725625
9,57,0.0989689975976944,4.784873908647569e-06,0.10606670379638672,-0.28358542919158936,2.3924369543237844e-06,0.05303335189819336,-0.14179271459579468,0.010212033987045288,32,False,UNAVAILABLE,DISABLED,DISABLED,DISABLED,UNAVAILABLE,DISABLED,28.251265607774258,9.963847632985562,38.43081933725625
9,58,0.006974199786782265,7.160981567722047e-06,0.14225977659225464,-0.269697904586792,3.5804907838610234e-06,0.07112988829612732,-0.134848952293396,-0.05674128234386444,32,False,UNAVAILABLE,DISABLED,DISABLED,DISABLED,UNAVAILABLE,DISABLED,28.251265607774258,9.963847632985562,38.43081933725625
9,59,0.17158278822898865,4.093488314538263e-06,0.08647513389587402,-0.27187758684158325,2.0467441572691314e-06,0.04323756694793701,-0.13593879342079163,0.07888360321521759,32,False,UNAVAILABLE,DISABLED,DISABLED,DISABLED,UNAVAILABLE,DISABLED,28.251265607774258,9.963847632985562,38.43081933725625
9,60,0.00497143529355526,2.7707881145033753e-06,0.054909348487854004,-0.20484739542007446,1.3853940572516876e-06,0.027454674243927002,-0.10242369771003723,-0.06999620795249939,32,False,UNAVAILABLE,DISABLED,DISABLED,DISABLED,UNAVAILABLE,DISABLED,28.251265607774258,9.963847632985562,38.43081933725625
9,61,0.005375751294195652,4.2932706492138095e-06,0.10442662239074707,-0.20839732885360718,2.1466353246069048e-06,0.052213311195373535,-0.10419866442680359,-0.04660745710134506,32,False,UNAVAILABLE,DISABLED,DISABLED,DISABLED,UNAVAILABLE,DISABLED,28.251265607774258,9.963847632985562,38.43081933725625
9,62,0.004971236921846867,4.778003130923025e-06,0.08700788021087646,-0.27785563468933105,2.3890015654615127e-06,0.04350394010543823,-0.13892781734466553,-0.09045024961233139,32,False,UNAVAILABLE,DISABLED,DISABLED,DISABLED,UNAVAILABLE,DISABLED,28.251265607774258,9.963847632985562,38.43081933725625
9,63,0.005555546376854181,4.36616664956091e-06,0.10980433225631714,-0.3179841637611389,2.183083324780455e-06,0.05490216612815857,-0.15899208188056946,-0.09853218495845795,32,False,UNAVAILABLE,DISABLED,DISABLED,DISABLED,UNAVAILABLE,DISABLED,28.251265607774258,9.963847632985562,38.43081933725625
9,64,0.004823728464543819,4.707691459771013e-06,0.09972763061523438,-0.22709691524505615,2.3538457298855064e-06,0.04986381530761719,-0.11354845762252808,-0.05885855853557587,32,False,UNAVAILABLE,DISABLED,DISABLED,DISABLED,UNAVAILABLE,DISABLED,28.251265607774258,9.963847632985562,38.43081933725625
9,65,0.006215072236955166,5.615212103293743e-06,0.1425621509552002,-0.30436182022094727,2.8076060516468715e-06,0.0712810754776001,-0.15218091011047363,-0.07468195259571075,32,False,UNAVAILABLE,DISABLED,DISABLED,DISABLED,UNAVAILABLE,DISABLED,28.251265607774258,9.963847632985562,38.43081933725625
9,66,0.00574628496542573,4.59206694358727e-06,0.1143118143081665,-0.26478177309036255,2.296033471793635e-06,0.05715590715408325,-0.13239088654518127,-0.06948639452457428,32,False,UNAVAILABLE,DISABLED,DISABLED,DISABLED,UNAVAILABLE,DISABLED,28.251265607774258,9.963847632985562,38.43081933725625
9,67,0.004940634127706289,3.7757652080472326e-06,0.08270865678787231,-0.19608867168426514,1.8878826040236163e-06,0.04135432839393616,-0.09804433584213257,-0.051747485995292664,32,False,UNAVAILABLE,DISABLED,DISABLED,DISABLED,UNAVAILABLE,DISABLED,28.251265607774258,9.963847632985562,38.43081933725625
9,68,0.005168817471712828,9.143896022578701e-06,0.15241116285324097,-0.14703381061553955,4.571948011289351e-06,0.07620558142662048,-0.07351690530776978,0.007862068712711334,32,False,UNAVAILABLE,DISABLED,DISABLED,DISABLED,UNAVAILABLE,DISABLED,28.251265607774258,9.963847632985562,38.43081933725625
9,69,0.004994272720068693,5.648812930303393e-06,0.12523198127746582,-0.2568688988685608,2.8244064651516965e-06,0.06261599063873291,-0.1284344494342804,-0.06082136183977127,32,False,UNAVAILABLE,DISABLED,DISABLED,DISABLED,UNAVAILABLE,DISABLED,28.251265607774258,9.963847632985562,38.43081933725625
9,70,0.006475976202636957,4.731838544103084e-06,0.11509084701538086,-0.21969056129455566,2.365919272051542e-06,0.05754542350769043,-0.10984528064727783,-0.04582151770591736,32,False,UNAVAILABLE,DISABLED,DISABLED,DISABLED,UNAVAILABLE,DISABLED,28.251265607774258,9.963847632985562,38.43081933725625
9,71,0.005603714380413294,4.2190722524537705e-06,0.10822641849517822,-0.23798751831054688,2.1095361262268852e-06,0.05411320924758911,-0.11899375915527344,-0.05927472561597824,32,False,UNAVAILABLE,DISABLED,DISABLED,DISABLED,UNAVAILABLE,DISABLED,28.251265607774258,9.963847632985562,38.43081933725625
9,72,0.00611533410847187,3.7662184695363976e-06,0.0970643162727356,-0.14589333534240723,1.8831092347681988e-06,0.0485321581363678,-0.07294666767120361,-0.018297292292118073,32,False,UNAVAILABLE,DISABLED,DISABLED,DISABLED,UNAVAILABLE,DISABLED,28.251265607774258,9.963847632985562,38.43081933725625
9,73,0.005347561556845903,5.144001534063136e-06,0.10970461368560791,-0.1490614414215088,2.572000767031568e-06,0.054852306842803955,-0.0745307207107544,-0.014328278601169586,32,False,UNAVAILABLE,DISABLED,DISABLED,DISABLED,UNAVAILABLE,DISABLED,28.251265607774258,9.963847632985562,38.43081933725625
9,74,0.005177936051040888,3.995717634097673e-06,0.10575079917907715,-0.1835613250732422,1.9978588170488365e-06,0.052875399589538574,-0.0917806625366211,-0.033725328743457794,32,False,UNAVAILABLE,DISABLED,DISABLED,DISABLED,UNAVAILABLE,DISABLED,28.251265607774258,9.963847632985562,38.43081933725625
9,75,0.005020642187446356,7.526121862611035e-06,0.19223707914352417,-0.11508172750473022,3.7630609313055174e-06,0.09611853957176208,-0.05754086375236511,0.04360207915306091,32,False,UNAVAILABLE,DISABLED,DISABLED,DISABLED,UNAVAILABLE,DISABLED,28.251265607774258,9.963847632985562,38.43081933725625
9,76,0.005481198895722628,3.377931761860964e-06,0.0973505973815918,-0.12125474214553833,1.688965880930482e-06,0.0486752986907959,-0.060627371072769165,-0.0064691826701164246,32,False,UNAVAILABLE,DISABLED,DISABLED,DISABLED,UNAVAILABLE,DISABLED,28.251265607774258,9.963847632985562,38.43081933725625
9,77,0.005531585309654474,2.7833298190671485e-06,0.0710291862487793,-0.025740206241607666,1.3916649095335742e-06,0.03551459312438965,-0.012870103120803833,0.028177466243505478,32,False,UNAVAILABLE,DISABLED,DISABLED,DISABLED,UNAVAILABLE,DISABLED,28.251265607774258,9.963847632985562,38.43081933725625
9,78,0.005723459180444479,6.189452960825292e-06,0.13614648580551147,-0.15213871002197266,3.094726480412646e-06,0.06807324290275574,-0.07606935501098633,-0.002269558608531952,32,False,UNAVAILABLE,DISABLED,DISABLED,DISABLED,UNAVAILABLE,DISABLED,28.251265607774258,9.963847632985562,38.43081933725625
9,79,0.06409845501184464,4.0106197047862224e-06,0.07142841815948486,-0.09772324562072754,2.0053098523931112e-06,0.03571420907974243,-0.04886162281036377,0.05095304548740387,32,False,UNAVAILABLE,DISABLED,DISABLED,DISABLED,UNAVAILABLE,DISABLED,28.251265607774258,9.963847632985562,38.43081933725625
9,80,0.004807043820619583,4.388727120385738e-06,0.11005467176437378,-0.04762101173400879,2.194363560192869e-06,0.05502733588218689,-0.023810505867004395,0.03602606803178787,32,False,UNAVAILABLE,DISABLED,DISABLED,DISABLED,UNAVAILABLE,DISABLED,28.251265607774258,9.963847632985562,38.43081933725625
9,81,0.005889240186661482,4.838209406443639e-06,0.09161055088043213,-0.02862626314163208,2.4191047032218194e-06,0.045805275440216064,-0.01431313157081604,0.037383802235126495,32,False,UNAVAILABLE,DISABLED,DISABLED,DISABLED,UNAVAILABLE,DISABLED,28.251265607774258,9.963847632985562,38.43081933725625
9,82,0.005244710482656956,4.25702819484286e-06,0.10674041509628296,-0.020919620990753174,2.12851409742143e-06,0.05337020754814148,-0.010459810495376587,0.048157237470149994,32,False,UNAVAILABLE,DISABLED,DISABLED,DISABLED,UNAVAILABLE,DISABLED,28.251265607774258,9.963847632985562,38.43081933725625
9,83,0.005832343827933073,4.4190655899001285e-06,0.08623355627059937,0.02637690305709839,2.2095327949500643e-06,0.04311677813529968,0.013188451528549194,0.062139783054590225,32,False,UNAVAILABLE,DISABLED,DISABLED,DISABLED,UNAVAILABLE,DISABLED,28.251265607774258,9.963847632985562,38.43081933725625
9,84,0.005257696378976107,3.2856241887202486e-06,0.05146181583404541,-0.01661992073059082,1.6428120943601243e-06,0.025730907917022705,-0.00830996036529541,0.022680286318063736,32,False,UNAVAILABLE,DISABLED,DISABLED,DISABLED,UNAVAILABLE,DISABLED,28.251265607774258,9.963847632985562,38.43081933725625
9,85,0.0059695797972381115,3.5655803003464825e-06,0.08341938257217407,-0.008390545845031738,1.7827901501732413e-06,0.041709691286087036,-0.004195272922515869,0.04348578304052353,32,False,UNAVAILABLE,DISABLED,DISABLED,DISABLED,UNAVAILABLE,DISABLED,28.251265607774258,9.963847632985562,38.43081933725625
9,86,0.0056285853497684,4.3564264160522725e-06,0.10730743408203125,-0.0015496015548706055,2.1782132080261363e-06,0.053653717041015625,-0.0007748007774353027,0.05850968137383461,32,False,UNAVAILABLE,DISABLED,DISABLED,DISABLED,UNAVAILABLE,DISABLED,28.251265607774258,9.963847632985562,38.43081933725625
9,87,0.005582258105278015,3.601454864110565e-06,0.0682840347290039,0.032270073890686035,1.8007274320552824e-06,0.03414201736450195,0.016135036945343018,0.05586111173033714,32,False,UNAVAILABLE,DISABLED,DISABLED,DISABLED,UNAVAILABLE,DISABLED,28.251265607774258,9.963847632985562,38.43081933725625
9,88,0.006264959927648306,4.615352736436762e-06,0.09281736612319946,0.010381937026977539,2.307676368218381e-06,0.04640868306159973,0.0051909685134887695,0.05786691978573799,32,False,UNAVAILABLE,DISABLED,DISABLED,DISABLED,UNAVAILABLE,DISABLED,28.251265607774258,9.963847632985562,38.43081933725625
9,89,0.005961977411061525,4.799041107617086e-06,0.09096848964691162,0.011938750743865967,2.399520553808543e-06,0.04548424482345581,0.005969375371932983,0.05741799622774124,32,False,UNAVAILABLE,DISABLED,DISABLED,DISABLED,UNAVAILABLE,DISABLED,28.251265607774258,9.963847632985562,38.43081933725625
9,90,0.005789956543594599,2.807564669637941e-06,0.08515346050262451,0.06910645961761475,1.4037823348189704e-06,0.042576730251312256,0.03455322980880737,0.08292131870985031,32,False,UNAVAILABLE,DISABLED,DISABLED,DISABLED,UNAVAILABLE,DISABLED,28.251265607774258,9.963847632985562,38.43081933725625
9,91,0.006397064309567213,3.7491713555937167e-06,0.08511728048324585,0.019911587238311768,1.8745856777968584e-06,0.042558640241622925,0.009955793619155884,0.058913372457027435,32,False,UNAVAILABLE,DISABLED,DISABLED,DISABLED,UNAVAILABLE,DISABLED,28.251265607774258,9.963847632985562,38.43081933725625
9,92,0.005187083501368761,3.440706905166735e-06,0.04763388633728027,0.03180927038192749,1.7203534525833675e-06,0.023816943168640137,0.015904635190963745,0.044910382479429245,32,False,UNAVAILABLE,DISABLED,DISABLED,DISABLED,UNAVAILABLE,DISABLED,28.251265607774258,9.963847632985562,38.43081933725625
9,93,0.005392864812165499,4.809407073480543e-06,0.08164292573928833,0.08373987674713135,2.4047035367402714e-06,0.040821462869644165,0.041869938373565674,0.08808667212724686,32,False,UNAVAILABLE,DISABLED,DISABLED,DISABLED,UNAVAILABLE,DISABLED,28.251265607774258,9.963847632985562,38.43081933725625
9,94,0.005520989187061787,5.466441507451236e-06,0.12066090106964111,0.0986596941947937,2.733220753725618e-06,0.06033045053482056,0.04932984709739685,0.11518402397632599,32,False,UNAVAILABLE,DISABLED,DISABLED,DISABLED,UNAVAILABLE,DISABLED,28.251265607774258,9.963847632985562,38.43081933725625
9,95,0.09609366953372955,3.754508043130045e-06,0.1454484462738037,0.14714506268501282,1.8772540215650224e-06,0.07272422313690186,0.07357253134250641,0.24239230155944824,32,False,UNAVAILABLE,DISABLED,DISABLED,DISABLED,UNAVAILABLE,DISABLED,28.251265607774258,9.963847632985562,38.43081933725625
9,96,0.005770223680883646,5.1224155868112575e-06,0.07488811016082764,0.08720996975898743,2.5612077934056288e-06,0.03744405508041382,0.04360498487949371,0.08682182431221008,32,False,UNAVAILABLE,DISABLED,DISABLED,DISABLED,UNAVAILABLE,DISABLED,28.251265607774258,9.963847632985562,38.43081933725625
9,97,0.005627265200018883,2.7600137855188223e-06,0.03879749774932861,0.051506757736206055,1.3800068927594111e-06,0.019398748874664307,0.025753378868103027,0.0507807731628418,32,False,UNAVAILABLE,DISABLED,DISABLED,DISABLED,UNAVAILABLE,DISABLED,28.251265607774258,9.963847632985562,38.43081933725625
9,98,0.006718698889017105,5.32021067556343e-06,0.09205800294876099,0.11861670017242432,2.660105337781715e-06,0.04602900147438049,0.05930835008621216,0.11205871403217316,32,False,UNAVAILABLE,DISABLED,DISABLED,DISABLED,UNAVAILABLE,DISABLED,28.251265607774258,9.963847632985562,38.43081933725625
9,99,0.005668004043400288,3.819478024524869e-06,0.08362513780593872,0.14606362581253052,1.9097390122624347e-06,0.04181256890296936,0.07303181290626526,0.12051429599523544,32,False,UNAVAILABLE,DISABLED,DISABLED,DISABLED,UNAVAILABLE,DISABLED,28.251265607774258,9.963847632985562,38.43081933725625
9,100,0.005714081693440676,3.706137704284629e-06,0.0830349326133728,0.15451699495315552,1.8530688521423144e-06,0.0415174663066864,0.07725849747657776,0.12449190020561218,32,False,UNAVAILABLE,DISABLED,DISABLED,DISABLED,UNAVAILABLE,DISABLED,28.251265607774258,9.963847632985562,38.43081933725625
10,1,0.005185460671782494,2.939893192888121e-06,0.050243258476257324,-0.013996325433254242,1.4699465964440606e-06,0.025121629238128662,-0.006998162716627121,0.023310396820306778,32,False,UNAVAILABLE,DISABLED,DISABLED,DISABLED,UNAVAILABLE,DISABLED,28.121455151587725,9.839556684019044,38.18205422721803
10,2,0.004165789112448692,3.2775044473964954e-06,0.044116318225860596,0.0013146810233592987,1.6387522236982477e-06,0.022058159112930298,0.0006573405116796494,0.026882927864789963,32,False,UNAVAILABLE,DISABLED,DISABLED,DISABLED,UNAVAILABLE,DISABLED,28.121455151587725,9.839556684019044,38.18205422721803
10,3,0.004702659323811531,3.4838701594708255e-06,0.044811785221099854,-0.01641339249908924,1.7419350797354127e-06,0.022405892610549927,-0.00820669624954462,0.018903598189353943,32,False,UNAVAILABLE,DISABLED,DISABLED,DISABLED,UNAVAILABLE,DISABLED,28.121455151587725,9.839556684019044,38.18205422721803
10,4,0.004485647659748793,3.727300054379157e-06,0.03217124938964844,-0.022519689053297043,1.8636500271895784e-06,0.01608562469482422,-0.011259844526648521,0.009313290938735008,32,False,UNAVAILABLE,DISABLED,DISABLED,DISABLED,UNAVAILABLE,DISABLED,28.121455151587725,9.839556684019044,38.18205422721803
10,5,0.004663312342017889,3.303128551124246e-06,0.04467284679412842,-0.04340185225009918,1.651564275562123e-06,0.02233642339706421,-0.02170092612504959,0.005300462245941162,32,False,UNAVAILABLE,DISABLED,DISABLED,DISABLED,UNAVAILABLE,DISABLED,28.121455151587725,9.839556684019044,38.18205422721803
10,6,0.004310958553105593,4.020681899419287e-06,0.04105454683303833,-0.023241067305207253,2.0103409497096436e-06,0.020527273416519165,-0.011620533652603626,0.013219709508121014,32,False,UNAVAILABLE,DISABLED,DISABLED,DISABLED,UNAVAILABLE,DISABLED,28.121455151587725,9.839556684019044,38.18205422721803
10,7,0.004388858564198017,2.0087156826775754e-06,0.02934432029724121,-0.030385836958885193,1.0043578413387877e-06,0.014672160148620605,-0.015192918479442596,0.0038691051304340363,32,False,UNAVAILABLE,DISABLED,DISABLED,DISABLED,UNAVAILABLE,DISABLED,28.121455151587725,9.839556684019044,38.18205422721803
10,8,0.004626146517693996,5.639732080453541e-06,0.09026956558227539,-0.0641913190484047,2.8198660402267706e-06,0.045134782791137695,-0.03209565952420235,0.017668090760707855,32,False,UNAVAILABLE,DISABLED,DISABLED,DISABLED,UNAVAILABLE,DISABLED,28.121455151587725,9.839556684019044,38.18205422721803
10,9,0.15882711112499237,4.492689640755998e-06,0.0915532112121582,-0.07386944442987442,2.246344820377999e-06,0.0457766056060791,-0.03693472221493721,0.16767124831676483,32,False,UNAVAILABLE,DISABLED,DISABLED,DISABLED,UNAVAILABLE,DISABLED,28.121455151587725,9.839556684019044,38.18205422721803
10,10,0.004264424555003643,2.587133849374368e-06,0.05396723747253418,-0.07536594569683075,1.293566924687184e-06,0.02698361873626709,-0.037682972848415375,-0.006433635950088501,32,False,UNAVAILABLE,DISABLED,DISABLED,DISABLED,UNAVAILABLE,DISABLED,28.121455151587725,9.839556684019044,38.18205422721803
10,11,0.0044540283270180225,3.2916784675762756e-06,0.06522983312606812,-0.0942746102809906,1.6458392337881378e-06,0.03261491656303406,-0.0471373051404953,-0.010066714137792587,32,False,UNAVAILABLE,DISABLED,DISABLED,DISABLED,UNAVAILABLE,DISABLED,28.121455151587725,9.839556684019044,38.18205422721803
10,12,0.004886486567556858,3.5717125683731865e-06,0.058625996112823486,-0.08821477741003036,1.7858562841865933e-06,0.029312998056411743,-0.04410738870501518,-0.009906116873025894,32,False,UNAVAILABLE,DISABLED,DISABLED,DISABLED,UNAVAILABLE,DISABLED,28.121455151587725,9.839556684019044,38.18205422721803
10,13,0.005592941306531429,4.204415290587349e-06,0.06254374980926514,-0.09506916254758835,2.1022076452936744e-06,0.03127187490463257,-0.047534581273794174,-0.01066766306757927,32,False,UNAVAILABLE,DISABLED,DISABLED,DISABLED,UNAVAILABLE,DISABLED,28.121455151587725,9.839556684019044,38.18205422721803
10,14,0.004254338797181845,4.885525868303375e-06,0.08337980508804321,-0.11483113467693329,2.4427629341516877e-06,0.041689902544021606,-0.057415567338466644,-0.011468883603811264,32,False,UNAVAILABLE,DISABLED,DISABLED,DISABLED,UNAVAILABLE,DISABLED,28.121455151587725,9.839556684019044,38.18205422721803
10,15,0.09293339401483536,4.333619926910615e-06,0.05227100849151611,-0.08675612509250641,2.1668099634553073e-06,0.026135504245758057,-0.043378062546253204,0.07569300383329391,32,False,UNAVAILABLE,DISABLED,DISABLED,DISABLED,UNAVAILABLE,DISABLED,28.121455151587725,9.839556684019044,38.18205422721803
10,16,0.004859818145632744,4.974995590600884e-06,0.06389319896697998,-0.08590341359376907,2.487497795300442e-06,0.03194659948348999,-0.04295170679688454,-0.006142802536487579,32,False,UNAVAILABLE,DISABLED,DISABLED,DISABLED,UNAVAILABLE,DISABLED,28.121455151587725,9.839556684019044,38.18205422721803
10,17,0.0046914066188037395,3.642691581262625e-06,0.051173388957977295,-0.09858906269073486,1.8213457906313124e-06,0.025586694478988647,-0.04929453134536743,-0.01901460811495781,32,False,UNAVAILABLE,DISABLED,DISABLED,DISABLED,UNAVAILABLE,DISABLED,28.121455151587725,9.839556684019044,38.18205422721803
10,18,0.004040667321532965,4.772602551383898e-06,0.08704805374145508,-0.11904580146074295,2.386301275691949e-06,0.04352402687072754,-0.059522900730371475,-0.01195582002401352,32,False,UNAVAILABLE,DISABLED,DISABLED,DISABLED,UNAVAILABLE,DISABLED,28.121455151587725,9.839556684019044,38.18205422721803
10,19,0.004977572709321976,3.786019533436047e-06,0.06044954061508179,-0.09892433136701584,1.8930097667180235e-06,0.030224770307540894,-0.04946216568350792,-0.014257930219173431,32,False,UNAVAILABLE,DISABLED,DISABLED,DISABLED,UNAVAILABLE,DISABLED,28.121455151587725,9.839556684019044,38.18205422721803
10,20,0.003934913780540228,6.306246177700814e-06,0.07293474674224854,-0.09677524864673615,3.153123088850407e-06,0.03646737337112427,-0.04838762432336807,-0.007982183247804642,32,False,UNAVAILABLE,DISABLED,DISABLED,DISABLED,UNAVAILABLE,DISABLED,28.121455151587725,9.839556684019044,38.18205422721803
10,21,0.0049939388409256935,4.8253173190460075e-06,0.0539432168006897,-0.11134862899780273,2.4126586595230037e-06,0.02697160840034485,-0.05567431449890137,-0.023706354200839996,32,False,UNAVAILABLE,DISABLED,DISABLED,DISABLED,UNAVAILABLE,DISABLED,28.121455151587725,9.839556684019044,38.18205422721803
10,22,0.004911849275231361,2.5278309294662904e-06,0.05415999889373779,-0.1131390854716301,1.2639154647331452e-06,0.027079999446868896,-0.05656954273581505,-0.024576429277658463,32,False,UNAVAILABLE,DISABLED,DISABLED,DISABLED,UNAVAILABLE,DISABLED,28.121455151587725,9.839556684019044,38.18205422721803
10,23,0.0043947030790150166,2.643209427333204e-06,0.05387920141220093,-0.12700173258781433,1.321604713666602e-06,0.026939600706100464,-0.06350086629390717,-0.03216524049639702,32,False,UNAVAILABLE,DISABLED,DISABLED,DISABLED,UNAVAILABLE,DISABLED,28.121455151587725,9.839556684019044,38.18205422721803
10,24,0.004317440092563629,7.354876743193017e-06,0.1027977466583252,-0.1410941183567047,3.6774383715965087e-06,0.0513988733291626,-0.07054705917835236,-0.014827068895101547,32,False,UNAVAILABLE,DISABLED,DISABLED,DISABLED,UNAVAILABLE,DISABLED,28.121455151587725,9.839556684019044,38.18205422721803
10,25,0.0044478545896708965,3.7263976082613226e-06,0.060999155044555664,-0.09770454466342926,1.8631988041306613e-06,0.030499577522277832,-0.04885227233171463,-0.013902977108955383,32,False,UNAVAILABLE,DISABLED,DISABLED,DISABLED,UNAVAILABLE,DISABLED,28.121455151587725,9.839556684019044,38.18205422721803
10,26,0.004453491419553757,5.122096354170935e-06,0.07640933990478516,-0.12818773090839386,2.5610481770854676e-06,0.03820466995239258,-0.06409386545419693,-0.021433144807815552,32,False,UNAVAILABLE,DISABLED,DISABLED,DISABLED,UNAVAILABLE,DISABLED,28.121455151587725,9.839556684019044,38.18205422721803
10,27,0.0036141967866569757,2.6105865345016355e-06,0.050651490688323975,-0.11531027406454086,1.3052932672508177e-06,0.025325745344161987,-0.05765513703227043,-0.0287138894200325,32,False,UNAVAILABLE,DISABLED,DISABLED,DISABLED,UNAVAILABLE,DISABLED,28.121455151587725,9.839556684019044,38.18205422721803
10,28,0.004094707313925028,3.0127432637527818e-06,0.06561017036437988,-0.1451001614332199,1.5063716318763909e-06,0.03280508518218994,-0.07255008071660995,-0.035648781806230545,32,False,UNAVAILABLE,DISABLED,DISABLED,DISABLED,UNAVAILABLE,DISABLED,28.121455151587725,9.839556684019044,38.18205422721803
10,29,0.00422520050778985,4.455151156435022e-06,0.06320714950561523,-0.1265154778957367,2.227575578217511e-06,0.03160357475280762,-0.06325773894786835,-0.027426734566688538,32,False,UNAVAILABLE,DISABLED,DISABLED,DISABLED,UNAVAILABLE,DISABLED,28.121455151587725,9.839556684019044,38.18205422721803
10,30,0.003565798047930002,6.356292487907922e-06,0.11292636394500732,-0.16050966084003448,3.178146243953961e-06,0.05646318197250366,-0.08025483042001724,-0.020222671329975128,32,False,UNAVAILABLE,DISABLED,DISABLED,DISABLED,UNAVAILABLE,DISABLED,28.121455151587725,9.839556684019044,38.18205422721803
10,31,0.004514473956078291,6.393420790118398e-06,0.09175091981887817,-0.13537704944610596,3.196710395059199e-06,0.04587545990943909,-0.06768852472305298,-0.017295394092798233,32,False,UNAVAILABLE,DISABLED,DISABLED,DISABLED,UNAVAILABLE,DISABLED,28.121455151587725,9.839556684019044,38.18205422721803
10,32,0.004750946070998907,7.686393473704811e-06,0.10339760780334473,-0.14498621225357056,3.843196736852406e-06,0.05169880390167236,-0.07249310612678528,-0.016039513051509857,32,False,UNAVAILABLE,DISABLED,DISABLED,DISABLED,UNAVAILABLE,DISABLED,28.121455151587725,9.839556684019044,38.18205422721803
10,33,0.00405322527512908,5.9608009905787185e-06,0.08511239290237427,-0.13492560386657715,2.9804004952893592e-06,0.042556196451187134,-0.06746280193328857,-0.020850401371717453,32,False,UNAVAILABLE,DISABLED,DISABLED,DISABLED,UNAVAILABLE,DISABLED,28.121455151587725,9.839556684019044,38.18205422721803
10,34,0.003916813991963863,6.538468824146548e-06,0.09476101398468018,-0.12622292339801788,3.269234412073274e-06,0.04738050699234009,-0.06311146169900894,-0.011810872703790665,32,False,UNAVAILABLE,DISABLED,DISABLED,DISABLED,UNAVAILABLE,DISABLED,28.121455151587725,9.839556684019044,38.18205422721803
10,35,0.004038337152451277,4.682274266087916e-06,0.07406264543533325,-0.14377324283123016,2.341137133043958e-06,0.037031322717666626,-0.07188662141561508,-0.030814621597528458,32,False,UNAVAILABLE,DISABLED,DISABLED,DISABLED,UNAVAILABLE,DISABLED,28.121455151587725,9.839556684019044,38.18205422721803
10,36,0.004304880741983652,5.283749487716705e-06,0.09641516208648682,-0.1755421906709671,2.6418747438583523e-06,0.04820758104324341,-0.08777109533548355,-0.03525599092245102,32,False,UNAVAILABLE,DISABLED,DISABLED,DISABLED,UNAVAILABLE,DISABLED,28.121455151587725,9.839556684019044,38.18205422721803
10,37,0.004654038231819868,5.5545456234540325e-06,0.10873633623123169,-0.14181716740131378,2.7772728117270162e-06,0.054368168115615845,-0.07090858370065689,-0.011883601546287537,32,False,UNAVAILABLE,DISABLED,DISABLED,DISABLED,UNAVAILABLE,DISABLED,28.121455151587725,9.839556684019044,38.18205422721803
10,38,0.004460995551198721,5.417472493718378e-06,0.07141578197479248,-0.09923123568296432,2.708736246859189e-06,0.03570789098739624,-0.04961561784148216,-0.009444024413824081,32,False,UNAVAILABLE,DISABLED,DISABLED,DISABLED,UNAVAILABLE,DISABLED,28.121455151587725,9.839556684019044,38.18205422721803
10,39,0.00407952256500721,4.5436872824211605e-06,0.10401749610900879,-0.16043609380722046,2.2718436412105802e-06,0.052008748054504395,-0.08021804690361023,-0.024127505719661713,32,False,UNAVAILABLE,DISABLED,DISABLED,DISABLED,UNAVAILABLE,DISABLED,28.121455151587725,9.839556684019044,38.18205422721803
10,40,0.004083208739757538,3.547645974322222e-06,0.0642501711845398,-0.11855586618185043,1.773822987161111e-06,0.0321250855922699,-0.05927793309092522,-0.023067865520715714,32,False,UNAVAILABLE,DISABLED,DISABLED,DISABLED,UNAVAILABLE,DISABLED,28.121455151587725,9.839556684019044,38.18205422721803
10,41,0.004492179490625858,5.0971138989552855e-06,0.10776525735855103,-0.1693963259458542,2.5485569494776428e-06,0.05388262867927551,-0.0846981629729271,-0.02632080763578415,32,False,UNAVAILABLE,DISABLED,DISABLED,DISABLED,UNAVAILABLE,DISABLED,28.121455151587725,9.839556684019044,38.18205422721803
10,42,0.00419602682814002,7.159658252930967e-06,0.11265259981155396,-0.1254086196422577,3.5798291264654836e-06,0.05632629990577698,-0.06270430982112885,-0.0021784044802188873,32,False,UNAVAILABLE,DISABLED,DISABLED,DISABLED,UNAVAILABLE,DISABLED,28.121455151587725,9.839556684019044,38.18205422721803
10,43,0.004017828963696957,4.5388806029222906e-06,0.13265907764434814,-0.18319445848464966,2.2694403014611453e-06,0.06632953882217407,-0.09159722924232483,-0.02124759554862976,32,False,UNAVAILABLE,DISABLED,DISABLED,DISABLED,UNAVAILABLE,DISABLED,28.121455151587725,9.839556684019044,38.18205422721803
10,44,0.0035416085738688707,3.1620243134966586e-06,0.08785355091094971,-0.14720816910266876,1.5810121567483293e-06,0.043926775455474854,-0.07360408455133438,-0.02613411843776703,32,False,UNAVAILABLE,DISABLED,DISABLED,DISABLED,UNAVAILABLE,DISABLED,28.121455151587725,9.839556684019044,38.18205422721803
10,45,0.004059941042214632,4.291601726436056e-06,0.07672125101089478,-0.12481021881103516,2.145800863218028e-06,0.03836062550544739,-0.06240510940551758,-0.01998239755630493,32,False,UNAVAILABLE,DISABLED,DISABLED,DISABLED,UNAVAILABLE,DISABLED,28.121455151587725,9.839556684019044,38.18205422721803
10,46,0.004590252880007029,5.468696599564282e-06,0.11515110731124878,-0.16886994242668152,2.734348299782141e-06,0.05757555365562439,-0.08443497121334076,-0.022266428917646408,32,False,UNAVAILABLE,DISABLED,DISABLED,DISABLED,UNAVAILABLE,DISABLED,28.121455151587725,9.839556684019044,38.18205422721803
10,47,0.004065908957272768,3.375174401298864e-06,0.0695410966873169,-0.10670118778944016,1.687587200649432e-06,0.03477054834365845,-0.05335059389472008,-0.014512449502944946,32,False,UNAVAILABLE,DISABLED,DISABLED,DISABLED,UNAVAILABLE,DISABLED,28.121455151587725,9.839556684019044,38.18205422721803
10,48,0.004023542162030935,5.718897682527313e-06,0.11417222023010254,-0.10312604159116745,2.8594488412636565e-06,0.05708611011505127,-0.051563020795583725,0.009549491107463837,32,False,UNAVAILABLE,DISABLED,DISABLED,DISABLED,UNAVAILABLE,DISABLED,28.121455151587725,9.839556684019044,38.18205422721803
10,49,0.0043121627531945705,6.287769338086946e-06,0.10330379009246826,-0.12876293063163757,3.143884669043473e-06,0.05165189504623413,-0.06438146531581879,-0.008414264768362045,32,False,UNAVAILABLE,DISABLED,DISABLED,DISABLED,UNAVAILABLE,DISABLED,28.121455151587725,9.839556684019044,38.18205422721803
10,50,0.004244515672326088,4.196034296910511e-06,0.06998544931411743,-0.12543296813964844,2.0980171484552557e-06,0.034992724657058716,-0.06271648406982422,-0.02347714453935623,32,False,UNAVAILABLE,DISABLED,DISABLED,DISABLED,UNAVAILABLE,DISABLED,28.121455151587725,9.839556684019044,38.18205422721803
10,51,0.004090798087418079,4.266116320650326e-06,0.0792316198348999,-0.11678140610456467,2.133058160325163e-06,0.03961580991744995,-0.05839070305228233,-0.014681961387395859,32,False,UNAVAILABLE,DISABLED,DISABLED,DISABLED,UNAVAILABLE,DISABLED,28.121455151587725,9.839556684019044,38.18205422721803
10,52,0.004060768056660891,5.422461526904954e-06,0.08740466833114624,-0.15377290546894073,2.711230763452477e-06,0.04370233416557312,-0.07688645273447037,-0.029120638966560364,32,False,UNAVAILABLE,DISABLED,DISABLED,DISABLED,UNAVAILABLE,DISABLED,28.121455151587725,9.839556684019044,38.18205422721803
10,53,0.003506522625684738,5.659388079948258e-06,0.12171047925949097,-0.15293647348880768,2.829694039974129e-06,0.06085523962974548,-0.07646823674440384,-0.012103646993637085,32,False,UNAVAILABLE,DISABLED,DISABLED,DISABLED,UNAVAILABLE,DISABLED,28.121455151587725,9.839556684019044,38.18205422721803
10,54,0.00343048176728189,3.7110626180947293e-06,0.10106790065765381,-0.16414231061935425,1.8555313090473646e-06,0.050533950328826904,-0.08207115530967712,-0.028104867786169052,32,False,UNAVAILABLE,DISABLED,DISABLED,DISABLED,UNAVAILABLE,DISABLED,28.121455151587725,9.839556684019044,38.18205422721803
10,55,0.004045556299388409,8.206352504203096e-06,0.11208027601242065,-0.13618525862693787,4.103176252101548e-06,0.05604013800621033,-0.06809262931346893,-0.008002832531929016,32,False,UNAVAILABLE,DISABLED,DISABLED,DISABLED,UNAVAILABLE,DISABLED,28.121455151587725,9.839556684019044,38.18205422721803
10,56,0.004770760424435139,4.462699052965036e-06,0.11877286434173584,-0.15976190567016602,2.231349526482518e-06,0.05938643217086792,-0.07988095283508301,-0.015721529722213745,32,False,UNAVAILABLE,DISABLED,DISABLED,DISABLED,UNAVAILABLE,DISABLED,28.121455151587725,9.839556684019044,38.18205422721803
10,57,0.004152121488004923,3.7380320918600773e-06,0.08554565906524658,-0.15673315525054932,1.8690160459300387e-06,0.04277282953262329,-0.07836657762527466,-0.03143975883722305,32,False,UNAVAILABLE,DISABLED,DISABLED,DISABLED,UNAVAILABLE,DISABLED,28.121455151587725,9.839556684019044,38.18205422721803
10,58,0.004922240506857634,7.1003378252498806e-06,0.1422027349472046,-0.14587616920471191,3.5501689126249403e-06,0.0711013674736023,-0.07293808460235596,0.0030890703201293945,32,False,UNAVAILABLE,DISABLED,DISABLED,DISABLED,UNAVAILABLE,DISABLED,28.121455151587725,9.839556684019044,38.18205422721803
10,59,0.0036014525685459375,3.7421782508317847e-06,0.07704293727874756,-0.14269539713859558,1.8710891254158923e-06,0.03852146863937378,-0.07134769856929779,-0.02922290563583374,32,False,UNAVAILABLE,DISABLED,DISABLED,DISABLED,UNAVAILABLE,DISABLED,28.121455151587725,9.839556684019044,38.18205422721803
10,60,0.003873208537697792,2.6638297185854753e-06,0.049749791622161865,-0.09304340928792953,1.3319148592927377e-06,0.024874895811080933,-0.04652170464396477,-0.017772268503904343,32,False,UNAVAILABLE,DISABLED,DISABLED,DISABLED,UNAVAILABLE,DISABLED,28.121455151587725,9.839556684019044,38.18205422721803
10,61,0.003910252824425697,3.449210680628312e-06,0.06957805156707764,-0.12446264177560806,1.724605340314156e-06,0.03478902578353882,-0.06223132088780403,-0.02353031560778618,32,False,UNAVAILABLE,DISABLED,DISABLED,DISABLED,UNAVAILABLE,DISABLED,28.121455151587725,9.839556684019044,38.18205422721803
10,62,0.0038780211471021175,4.791072115040151e-06,0.08038097620010376,-0.1566399335861206,2.3955360575200757e-06,0.04019048810005188,-0.0783199667930603,-0.034249063581228256,32,False,UNAVAILABLE,DISABLED,DISABLED,DISABLED,UNAVAILABLE,DISABLED,28.121455151587725,9.839556684019044,38.18205422721803
10,63,0.004437803290784359,3.550403107510647e-06,0.08038413524627686,-0.164239302277565,1.7752015537553234e-06,0.04019206762313843,-0.0821196511387825,-0.03748800605535507,32,False,UNAVAILABLE,DISABLED,DISABLED,DISABLED,UNAVAILABLE,DISABLED,28.121455151587725,9.839556684019044,38.18205422721803
10,64,0.004370866343379021,4.296169663575711e-06,0.09799706935882568,-0.12256771326065063,2.1480848317878554e-06,0.04899853467941284,-0.06128385663032532,-0.007912307977676392,32,False,UNAVAILABLE,DISABLED,DISABLED,DISABLED,UNAVAILABLE,DISABLED,28.121455151587725,9.839556684019044,38.18205422721803
10,65,0.004590904805809259,4.507855010160711e-06,0.11876356601715088,-0.1861843764781952,2.2539275050803553e-06,0.05938178300857544,-0.0930921882390976,-0.029117248952388763,32,False,UNAVAILABLE,DISABLED,DISABLED,DISABLED,UNAVAILABLE,DISABLED,28.121455151587725,9.839556684019044,38.18205422721803
10,66,0.003841995494440198,4.56721772934543e-06,0.11113005876541138,-0.17360498011112213,2.283608864672715e-06,0.05556502938270569,-0.08680249005556107,-0.02739318087697029,32,False,UNAVAILABLE,DISABLED,DISABLED,DISABLED,UNAVAILABLE,DISABLED,28.121455151587725,9.839556684019044,38.18205422721803
10,67,0.0038245362229645252,3.6095054838369833e-06,0.06660890579223633,-0.12364733964204788,1.8047527419184917e-06,0.033304452896118164,-0.06182366982102394,-0.024692874401807785,32,False,UNAVAILABLE,DISABLED,DISABLED,DISABLED,UNAVAILABLE,DISABLED,28.121455151587725,9.839556684019044,38.18205422721803
10,68,0.0038981253746896982,6.9709822128061205e-06,0.09345883131027222,-0.1106235608458519,3.4854911064030603e-06,0.04672941565513611,-0.05531178042292595,-0.004680752754211426,32,False,UNAVAILABLE,DISABLED,DISABLED,DISABLED,UNAVAILABLE,DISABLED,28.121455151587725,9.839556684019044,38.18205422721803
10,69,0.003976625856012106,5.2920577218174e-06,0.09551936388015747,-0.133958637714386,2.6460288609087e-06,0.047759681940078735,-0.066979318857193,-0.015240363776683807,32,False,UNAVAILABLE,DISABLED,DISABLED,DISABLED,UNAVAILABLE,DISABLED,28.121455151587725,9.839556684019044,38.18205422721803
10,70,0.004631581250578165,4.6729551286261994e-06,0.09682708978652954,-0.1523301601409912,2.3364775643130997e-06,0.04841354489326477,-0.0761650800704956,-0.023117616772651672,32,False,UNAVAILABLE,DISABLED,DISABLED,DISABLED,UNAVAILABLE,DISABLED,28.121455151587725,9.839556684019044,38.18205422721803
10,71,0.004121359903365374,5.103091552882688e-06,0.11105847358703613,-0.17400121688842773,2.551545776441344e-06,0.055529236793518066,-0.08700060844421387,-0.027347460389137268,32,False,UNAVAILABLE,DISABLED,DISABLED,DISABLED,UNAVAILABLE,DISABLED,28.121455151587725,9.839556684019044,38.18205422721803
10,72,0.0048736147582530975,3.465707095529069e-06,0.08350473642349243,-0.14909981191158295,1.7328535477645346e-06,0.041752368211746216,-0.07454990595579147,-0.027922190725803375,32,False,UNAVAILABLE,DISABLED,DISABLED,DISABLED,UNAVAILABLE,DISABLED,28.121455151587725,9.839556684019044,38.18205422721803
10,73,0.003998118452727795,3.926875706383726e-06,0.09218406677246094,-0.17424878478050232,1.963437853191863e-06,0.04609203338623047,-0.08712439239025116,-0.03703227639198303,32,False,UNAVAILABLE,DISABLED,DISABLED,DISABLED,UNAVAILABLE,DISABLED,28.121455151587725,9.839556684019044,38.18205422721803
10,74,0.004916633944958448,4.02953219236224e-06,0.08631199598312378,-0.16731974482536316,2.01476609618112e-06,0.04315599799156189,-0.08365987241268158,-0.035585224628448486,32,False,UNAVAILABLE,DISABLED,DISABLED,DISABLED,UNAVAILABLE,DISABLED,28.121455151587725,9.839556684019044,38.18205422721803
10,75,0.004553722217679024,5.1260808504594024e-06,0.1190151572227478,-0.12377651035785675,2.5630404252297012e-06,0.0595075786113739,-0.061888255178928375,0.0021756067872047424,32,False,UNAVAILABLE,DISABLED,DISABLED,DISABLED,UNAVAILABLE,DISABLED,28.121455151587725,9.839556684019044,38.18205422721803
10,76,0.004268546123057604,5.124426934344228e-06,0.11241775751113892,-0.11871160566806793,2.562213467172114e-06,0.05620887875556946,-0.059355802834033966,0.0011241845786571503,32,False,UNAVAILABLE,DISABLED,DISABLED,DISABLED,UNAVAILABLE,DISABLED,28.121455151587725,9.839556684019044,38.18205422721803
10,77,0.004025299567729235,4.308289135224186e-06,0.08264195919036865,-0.12087543308734894,2.154144567612093e-06,0.041320979595184326,-0.06043771654367447,-0.015089284628629684,32,False,UNAVAILABLE,DISABLED,DISABLED,DISABLED,UNAVAILABLE,DISABLED,28.121455151587725,9.839556684019044,38.18205422721803
10,78,0.003949044272303581,8.049791176745202e-06,0.1549668312072754,-0.21350796520709991,4.024895588372601e-06,0.0774834156036377,-0.10675398260354996,-0.025317497551441193,32,False,UNAVAILABLE,DISABLED,DISABLED,DISABLED,UNAVAILABLE,DISABLED,28.121455151587725,9.839556684019044,38.18205422721803
10,79,0.004443546291440725,4.1570856410544366e-06,0.0774948000907898,-0.1353430151939392,2.0785428205272183e-06,0.0387474000453949,-0.0676715075969696,-0.024478483945131302,32,False,UNAVAILABLE,DISABLED,DISABLED,DISABLED,UNAVAILABLE,DISABLED,28.121455151587725,9.839556684019044,38.18205422721803
10,80,0.0038896079640835524,3.913412911060732e-06,0.08238881826400757,-0.1151072233915329,1.956706455530366e-06,0.041194409132003784,-0.05755361169576645,-0.012467637658119202,32,False,UNAVAILABLE,DISABLED,DISABLED,DISABLED,UNAVAILABLE,DISABLED,28.121455151587725,9.839556684019044,38.18205422721803
10,81,0.004334000870585442,6.055051471776096e-06,0.11163067817687988,-0.1177738755941391,3.027525735888048e-06,0.05581533908843994,-0.05888693779706955,0.0012654289603233337,32,False,UNAVAILABLE,DISABLED,DISABLED,DISABLED,UNAVAILABLE,DISABLED,28.121455151587725,9.839556684019044,38.18205422721803
10,82,0.003939004149287939,4.339515726314858e-06,0.09338581562042236,-0.17665696144104004,2.169757863157429e-06,0.04669290781021118,-0.08832848072052002,-0.03769439831376076,32,False,UNAVAILABLE,DISABLED,DISABLED,DISABLED,UNAVAILABLE,DISABLED,28.121455151587725,9.839556684019044,38.18205422721803
10,83,0.00424045929685235,5.7374686548428144e-06,0.1207582950592041,-0.15107478201389313,2.8687343274214072e-06,0.06037914752960205,-0.07553739100694656,-0.010914914309978485,32,False,UNAVAILABLE,DISABLED,DISABLED,DISABLED,UNAVAILABLE,DISABLED,28.121455151587725,9.839556684019044,38.18205422721803
10,84,0.0039926571771502495,3.937719611712964e-06,0.052945077419281006,-0.08987429738044739,1.968859805856482e-06,0.026472538709640503,-0.044937148690223694,-0.014469984918832779,32,False,UNAVAILABLE,DISABLED,DISABLED,DISABLED,UNAVAILABLE,DISABLED,28.121455151587725,9.839556684019044,38.18205422721803
10,85,0.004736251197755337,4.24791232944699e-06,0.09158319234848022,-0.14136721193790436,2.123956164723495e-06,0.04579159617424011,-0.07068360596895218,-0.020153634250164032,32,False,UNAVAILABLE,DISABLED,DISABLED,DISABLED,UNAVAILABLE,DISABLED,28.121455151587725,9.839556684019044,38.18205422721803
10,86,0.004852645564824343,4.407668711792212e-06,0.07007962465286255,-0.11655169725418091,2.203834355896106e-06,0.035039812326431274,-0.058275848627090454,-0.018381185829639435,32,False,UNAVAILABLE,DISABLED,DISABLED,DISABLED,UNAVAILABLE,DISABLED,28.121455151587725,9.839556684019044,38.18205422721803
10,87,0.004959678743034601,4.188552338746376e-06,0.09598273038864136,-0.15439288318157196,2.094276169373188e-06,0.04799136519432068,-0.07719644159078598,-0.024243302643299103,32,False,UNAVAILABLE,DISABLED,DISABLED,DISABLED,UNAVAILABLE,DISABLED,28.121455151587725,9.839556684019044,38.18205422721803
10,88,0.004609635099768639,5.054339908383554e-06,0.09114134311676025,-0.15035195648670197,2.527169954191777e-06,0.04557067155838013,-0.07517597824335098,-0.02499314397573471,32,False,UNAVAILABLE,DISABLED,DISABLED,DISABLED,UNAVAILABLE,DISABLED,28.121455151587725,9.839556684019044,38.18205422721803
10,89,0.005386863835155964,4.691358299169224e-06,0.09031844139099121,-0.1509896218776703,2.345679149584612e-06,0.045159220695495605,-0.07549481093883514,-0.02494638040661812,32,False,UNAVAILABLE,DISABLED,DISABLED,DISABLED,UNAVAILABLE,DISABLED,28.121455151587725,9.839556684019044,38.18205422721803
10,90,0.0042371731251478195,4.224988970236154e-06,0.08808773756027222,-0.14577382802963257,2.112494485118077e-06,0.04404386878013611,-0.07288691401481628,-0.02460375800728798,32,False,UNAVAILABLE,DISABLED,DISABLED,DISABLED,UNAVAILABLE,DISABLED,28.121455151587725,9.839556684019044,38.18205422721803
10,91,0.005333233159035444,3.605102847359376e-06,0.061363816261291504,-0.11196158826351166,1.802551423679688e-06,0.030681908130645752,-0.05598079413175583,-0.01996384933590889,32,False,UNAVAILABLE,DISABLED,DISABLED,DISABLED,UNAVAILABLE,DISABLED,28.121455151587725,9.839556684019044,38.18205422721803
10,92,0.004939906764775515,3.2158272915694397e-06,0.07332980632781982,-0.12504488229751587,1.6079136457847198e-06,0.03666490316390991,-0.06252244114875793,-0.02091602236032486,32,False,UNAVAILABLE,DISABLED,DISABLED,DISABLED,UNAVAILABLE,DISABLED,28.121455151587725,9.839556684019044,38.18205422721803
10,93,0.0040731593035161495,5.258630608295789e-06,0.09022140502929688,-0.13736097514629364,2.6293153041478945e-06,0.04511070251464844,-0.06868048757314682,-0.01949399709701538,32,False,UNAVAILABLE,DISABLED,DISABLED,DISABLED,UNAVAILABLE,DISABLED,28.121455151587725,9.839556684019044,38.18205422721803
10,94,0.005010460037738085,5.0347675824014004e-06,0.09794795513153076,-0.1467781364917755,2.5173837912007002e-06,0.04897397756576538,-0.07338906824588776,-0.019402112811803818,32,False,UNAVAILABLE,DISABLED,DISABLED,DISABLED,UNAVAILABLE,DISABLED,28.121455151587725,9.839556684019044,38.18205422721803
10,95,0.005301979836076498,4.980393896403257e-06,0.1416935920715332,-0.13629473745822906,2.4901969482016284e-06,0.0708467960357666,-0.06814736872911453,0.008003897964954376,32,False,UNAVAILABLE,DISABLED,DISABLED,DISABLED,UNAVAILABLE,DISABLED,28.121455151587725,9.839556684019044,38.18205422721803
10,96,0.004851851612329483,3.932427262043348e-06,0.07233667373657227,-0.10360424220561981,1.966213631021674e-06,0.03616833686828613,-0.051802121102809906,-0.010779965668916702,32,False,UNAVAILABLE,DISABLED,DISABLED,DISABLED,UNAVAILABLE,DISABLED,28.121455151587725,9.839556684019044,38.18205422721803
10,97,0.0045059253461658955,3.1417253012477886e-06,0.04905235767364502,-0.088613361120224,1.5708626506238943e-06,0.02452617883682251,-0.044306680560112,-0.01527300477027893,32,False,UNAVAILABLE,DISABLED,DISABLED,DISABLED,UNAVAILABLE,DISABLED,28.121455151587725,9.839556684019044,38.18205422721803
10,98,0.005253745708614588,3.900314823113149e-06,0.07718360424041748,-0.1275871992111206,1.9501574115565745e-06,0.03859180212020874,-0.0637935996055603,-0.019946102052927017,32,False,UNAVAILABLE,DISABLED,DISABLED,DISABLED,UNAVAILABLE,DISABLED,28.121455151587725,9.839556684019044,38.18205422721803
10,99,0.004333683289587498,4.099236321053468e-06,0.0949864387512207,-0.16215595602989197,2.049618160526734e-06,0.04749321937561035,-0.08107797801494598,-0.029249027371406555,32,False,UNAVAILABLE,DISABLED,DISABLED,DISABLED,UNAVAILABLE,DISABLED,28.121455151587725,9.839556684019044,38.18205422721803
10,100,0.004519754089415073,4.730183718493208e-06,0.09124833345413208,-0.1641637533903122,2.365091859246604e-06,0.04562416672706604,-0.0820818766951561,-0.031935591250658035,32,False,UNAVAILABLE,DISABLED,DISABLED,DISABLED,UNAVAILABLE,DISABLED,28.121455151587725,9.839556684019044,38.18205422721803
11,1,0.003228144720196724,3.2955315418803366e-06,0.06250470876693726,-0.03058513253927231,1.6477657709401683e-06,0.03125235438346863,-0.015292566269636154,0.019189581274986267,32,False,UNAVAILABLE,DISABLED,DISABLED,DISABLED,UNAVAILABLE,DISABLED,27.942031837068498,10.016230162931606,38.18189681787044
11,2,0.002750382060185075,3.12578731609392e-06,0.050226569175720215,-0.027080610394477844,1.56289365804696e-06,0.025113284587860107,-0.013540305197238922,0.014324923977255821,32,False,UNAVAILABLE,DISABLED,DISABLED,DISABLED,UNAVAILABLE,DISABLED,27.942031837068498,10.016230162931606,38.18189681787044
11,3,0.002859755652025342,3.5929417663282948e-06,0.05693858861923218,-0.04849923402070999,1.7964708831641474e-06,0.02846929430961609,-0.024249617010354996,0.007081229239702225,32,False,UNAVAILABLE,DISABLED,DISABLED,DISABLED,UNAVAILABLE,DISABLED,27.942031837068498,10.016230162931606,38.18189681787044
11,4,0.003073396161198616,4.323371740611037e-06,0.06395488977432251,-0.061418503522872925,2.1616858703055186e-06,0.031977444887161255,-0.030709251761436462,0.004343751817941666,32,False,UNAVAILABLE,DISABLED,DISABLED,DISABLED,UNAVAILABLE,DISABLED,27.942031837068498,10.016230162931606,38.18189681787044
11,5,0.0029239340219646692,4.8240917749353684e-06,0.06717288494110107,-0.07954755425453186,2.4120458874676842e-06,0.03358644247055054,-0.03977377712726593,-0.0032609887421131134,32,False,UNAVAILABLE,DISABLED,DISABLED,DISABLED,UNAVAILABLE,DISABLED,27.942031837068498,10.016230162931606,38.18189681787044
11,6,0.002686407882720232,3.5119128369842656e-06,0.05007898807525635,-0.06681407988071442,1.7559564184921328e-06,0.025039494037628174,-0.03340703994035721,-0.005679382011294365,32,False,UNAVAILABLE,DISABLED,DISABLED,DISABLED,UNAVAILABLE,DISABLED,27.942031837068498,10.016230162931606,38.18189681787044
11,7,0.0029264604672789574,2.9400703169812914e-06,0.05138373374938965,-0.0707891657948494,1.4700351584906457e-06,0.025691866874694824,-0.0353945828974247,-0.0067747849971055984,32,False,UNAVAILABLE,DISABLED,DISABLED,DISABLED,UNAVAILABLE,DISABLED,27.942031837068498,10.016230162931606,38.18189681787044
11,8,0.015994859859347343,5.087811132398201e-06,0.07579553127288818,-0.09714722633361816,2.5439055661991006e-06,0.03789776563644409,-0.04857361316680908,0.0053215548396110535,32,False,UNAVAILABLE,DISABLED,DISABLED,DISABLED,UNAVAILABLE,DISABLED,27.942031837068498,10.016230162931606,38.18189681787044
11,9,0.0031026285141706467,5.290922217682237e-06,0.08732318878173828,-0.11853455007076263,2.6454611088411184e-06,0.04366159439086914,-0.05926727503538132,-0.012500405311584473,32,False,UNAVAILABLE,DISABLED,DISABLED,DISABLED,UNAVAILABLE,DISABLED,27.942031837068498,10.016230162931606,38.18189681787044
11,10,0.0027903392910957336,2.798938794512651e-06,0.05281054973602295,-0.09588412940502167,1.3994693972563255e-06,0.026405274868011475,-0.047942064702510834,-0.018745051696896553,32,False,UNAVAILABLE,DISABLED,DISABLED,DISABLED,UNAVAILABLE,DISABLED,27.942031837068498,10.016230162931606,38.18189681787044
11,11,0.002765720710158348,4.150249878875911e-06,0.0702507495880127,-0.11179222166538239,2.0751249394379556e-06,0.03512537479400635,-0.05589611083269119,-0.018002938479185104,32,False,UNAVAILABLE,DISABLED,DISABLED,DISABLED,UNAVAILABLE,DISABLED,27.942031837068498,10.016230162931606,38.18189681787044
11,12,0.003060139250010252,5.28364444107865e-06,0.094715416431427,-0.14968840777873993,2.641822220539325e-06,0.0473577082157135,-0.07484420388936996,-0.024423714727163315,32,False,UNAVAILABLE,DISABLED,DISABLED,DISABLED,UNAVAILABLE,DISABLED,27.942031837068498,10.016230162931606,38.18189681787044
11,13,0.0029613233637064695,5.675154170603491e-06,0.10528689622879028,-0.1631200760602951,2.8375770853017457e-06,0.05264344811439514,-0.08156003803014755,-0.025952428579330444,32,False,UNAVAILABLE,DISABLED,DISABLED,DISABLED,UNAVAILABLE,DISABLED,27.942031837068498,10.016230162931606,38.18189681787044
11,14,0.002569653559476137,4.5990368562343065e-06,0.06773978471755981,-0.12987087666988373,2.2995184281171532e-06,0.03386989235877991,-0.06493543833494186,-0.028493594378232956,32,False,UNAVAILABLE,DISABLED,DISABLED,DISABLED,UNAVAILABLE,DISABLED,27.942031837068498,10.016230162931606,38.18189681787044
11,15,0.0027403885032981634,5.0013227337331045e-06,0.06592994928359985,-0.14748841524124146,2.5006613668665523e-06,0.03296497464179993,-0.07374420762062073,-0.03803634271025658,32,False,UNAVAILABLE,DISABLED,DISABLED,DISABLED,UNAVAILABLE,DISABLED,27.942031837068498,10.016230162931606,38.18189681787044
11,16,0.0030931872315704823,4.53801339972415e-06,0.07202565670013428,-0.1447904407978058,2.269006699862075e-06,0.03601282835006714,-0.0723952203989029,-0.033286936581134796,32,False,UNAVAILABLE,DISABLED,DISABLED,DISABLED,UNAVAILABLE,DISABLED,27.942031837068498,10.016230162931606,38.18189681787044
11,17,0.0027826193254441023,3.04484274238348e-06,0.05597954988479614,-0.15049493312835693,1.52242137119174e-06,0.02798977494239807,-0.07524746656417847,-0.0444735512137413,32,False,UNAVAILABLE,DISABLED,DISABLED,DISABLED,UNAVAILABLE,DISABLED,27.942031837068498,10.016230162931606,38.18189681787044
11,18,0.002562921727076173,5.101873284729663e-06,0.09494179487228394,-0.16983360052108765,2.5509366423648316e-06,0.04747089743614197,-0.08491680026054382,-0.03488042950630188,32,False,UNAVAILABLE,DISABLED,DISABLED,DISABLED,UNAVAILABLE,DISABLED,27.942031837068498,10.016230162931606,38.18189681787044
11,19,0.20555314421653748,3.6549877222569194e-06,0.06249302625656128,-0.13908617198467255,1.8274938611284597e-06,0.03124651312828064,-0.06954308599233627,0.16725841164588928,32,False,UNAVAILABLE,DISABLED,DISABLED,DISABLED,UNAVAILABLE,DISABLED,27.942031837068498,10.016230162931606,38.18189681787044
11,20,0.0024122167378664017,6.742694040440256e-06,0.08274227380752563,-0.1164860725402832,3.371347020220128e-06,0.04137113690376282,-0.0582430362701416,-0.014456309378147125,32,False,UNAVAILABLE,DISABLED,DISABLED,DISABLED,UNAVAILABLE,DISABLED,27.942031837068498,10.016230162931606,38.18189681787044
11,21,0.015447194688022137,4.350356903159991e-06,0.06855642795562744,-0.15988820791244507,2.1751784515799955e-06,0.03427821397781372,-0.07994410395622253,-0.0302165187895298,32,False,UNAVAILABLE,DISABLED,DISABLED,DISABLED,UNAVAILABLE,DISABLED,27.942031837068498,10.016230162931606,38.18189681787044
11,22,0.00316690094769001,2.427579147479264e-06,0.057261109352111816,-0.17500512301921844,1.213789573739632e-06,0.028630554676055908,-0.08750256150960922,-0.055703893303871155,32,False,UNAVAILABLE,DISABLED,DISABLED,DISABLED,UNAVAILABLE,DISABLED,27.942031837068498,10.016230162931606,38.18189681787044
11,23,0.002881979802623391,3.0033343136892654e-06,0.07090950012207031,-0.18834981322288513,1.5016671568446327e-06,0.035454750061035156,-0.09417490661144257,-0.05583667382597923,32,False,UNAVAILABLE,DISABLED,DISABLED,DISABLED,UNAVAILABLE,DISABLED,27.942031837068498,10.016230162931606,38.18189681787044
11,24,0.0029073632322251797,8.48923809826374e-06,0.1498044729232788,-0.20050986111164093,4.24461904913187e-06,0.0749022364616394,-0.10025493055582047,-0.022441089153289795,32,False,UNAVAILABLE,DISABLED,DISABLED,DISABLED,UNAVAILABLE,DISABLED,27.942031837068498,10.016230162931606,38.18189681787044
11,25,0.0028615575283765793,5.562336355069419e-06,0.09133350849151611,-0.16091689467430115,2.7811681775347097e-06,0.04566675424575806,-0.08045844733715057,-0.031927354633808136,32,False,UNAVAILABLE,DISABLED,DISABLED,DISABLED,UNAVAILABLE,DISABLED,27.942031837068498,10.016230162931606,38.18189681787044
11,26,0.002836062340065837,5.960470389254624e-06,0.09513789415359497,-0.17951428890228271,2.980235194627312e-06,0.047568947076797485,-0.08975714445114136,-0.03934915363788605,32,False,UNAVAILABLE,DISABLED,DISABLED,DISABLED,UNAVAILABLE,DISABLED,27.942031837068498,10.016230162931606,38.18189681787044
11,27,0.0022768336348235607,4.245369382260833e-06,0.07695567607879639,-0.1638660728931427,2.1226846911304165e-06,0.03847783803939819,-0.08193303644657135,-0.041176240891218185,32,False,UNAVAILABLE,DISABLED,DISABLED,DISABLED,UNAVAILABLE,DISABLED,27.942031837068498,10.016230162931606,38.18189681787044
11,28,0.0026864842511713505,3.246653477617656e-06,0.06754666566848755,-0.18346795439720154,1.623326738808828e-06,0.033773332834243774,-0.09173397719860077,-0.05527253821492195,32,False,UNAVAILABLE,DISABLED,DISABLED,DISABLED,UNAVAILABLE,DISABLED,27.942031837068498,10.016230162931606,38.18189681787044
11,29,0.0026553224306553602,4.650622031476814e-06,0.07431900501251221,-0.1534261703491211,2.325311015738407e-06,0.037159502506256104,-0.07671308517456055,-0.036895934492349625,32,False,UNAVAILABLE,DISABLED,DISABLED,DISABLED,UNAVAILABLE,DISABLED,27.942031837068498,10.016230162931606,38.18189681787044
11,30,0.0023651353549212217,5.374387910705991e-06,0.09045791625976562,-0.1554640829563141,2.6871939553529955e-06,0.04522895812988281,-0.07773204147815704,-0.03013525903224945,32,False,UNAVAILABLE,DISABLED,DISABLED,DISABLED,UNAVAILABLE,DISABLED,27.942031837068498,10.016230162931606,38.18189681787044
11,31,0.0029994340147823095,6.996425781835569e-06,0.10696661472320557,-0.16356635093688965,3.4982128909177845e-06,0.05348330736160278,-0.08178317546844482,-0.025296933948993683,32,False,UNAVAILABLE,DISABLED,DISABLED,DISABLED,UNAVAILABLE,DISABLED,27.942031837068498,10.016230162931606,38.18189681787044
11,32,0.07822886854410172,7.651895430171862e-06,0.09759730100631714,-0.15576568245887756,3.825947715085931e-06,0.04879865050315857,-0.07788284122943878,0.04914851486682892,32,False,UNAVAILABLE,DISABLED,DISABLED,DISABLED,UNAVAILABLE,DISABLED,27.942031837068498,10.016230162931606,38.18189681787044
11,33,0.0027958182618021965,5.865009370609187e-06,0.09620320796966553,-0.15365147590637207,2.9325046853045933e-06,0.048101603984832764,-0.07682573795318604,-0.02592538297176361,32,False,UNAVAILABLE,DISABLED,DISABLED,DISABLED,UNAVAILABLE,DISABLED,27.942031837068498,10.016230162931606,38.18189681787044
11,34,0.0026369006372988224,4.849140168516897e-06,0.07827186584472656,-0.13521170616149902,2.4245700842584483e-06,0.03913593292236328,-0.06760585308074951,-0.025830596685409546,32,False,UNAVAILABLE,DISABLED,DISABLED,DISABLED,UNAVAILABLE,DISABLED,27.942031837068498,10.016230162931606,38.18189681787044
11,35,0.0027373447082936764,4.730036835098872e-06,0.07145184278488159,-0.14139920473098755,2.365018417549436e-06,0.035725921392440796,-0.07069960236549377,-0.03223397210240364,32,False,UNAVAILABLE,DISABLED,DISABLED,DISABLED,UNAVAILABLE,DISABLED,27.942031837068498,10.016230162931606,38.18189681787044
11,36,0.04381392151117325,4.669158897740999e-06,0.08318650722503662,-0.1565786600112915,2.3345794488704996e-06,0.04159325361251831,-0.07828933000564575,0.007120177149772644,32,False,UNAVAILABLE,DISABLED,DISABLED,DISABLED,UNAVAILABLE,DISABLED,27.942031837068498,10.016230162931606,38.18189681787044
11,37,0.00311661628074944,3.994339749624487e-06,0.07174158096313477,-0.1512174904346466,1.9971698748122435e-06,0.03587079048156738,-0.0756087452173233,-0.03661934286355972,32,False,UNAVAILABLE,DISABLED,DISABLED,DISABLED,UNAVAILABLE,DISABLED,27.942031837068498,10.016230162931606,38.18189681787044
11,38,0.002959310542792082,4.5308702283364255e-06,0.0688941478729248,-0.1299850344657898,2.2654351141682127e-06,0.0344470739364624,-0.0649925172328949,-0.02758386731147766,32,False,UNAVAILABLE,DISABLED,DISABLED,DISABLED,UNAVAILABLE,DISABLED,27.942031837068498,10.016230162931606,38.18189681787044
11,39,0.002711622742936015,3.898817794834031e-06,0.09112632274627686,-0.1590057611465454,1.9494088974170154e-06,0.04556316137313843,-0.0795028805732727,-0.03122614696621895,32,False,UNAVAILABLE,DISABLED,DISABLED,DISABLED,UNAVAILABLE,DISABLED,27.942031837068498,10.016230162931606,38.18189681787044
11,40,0.0029820359777659178,2.9779218948533526e-06,0.062250733375549316,-0.13566869497299194,1.4889609474266763e-06,0.031125366687774658,-0.06783434748649597,-0.03372545540332794,32,False,UNAVAILABLE,DISABLED,DISABLED,DISABLED,UNAVAILABLE,DISABLED,27.942031837068498,10.016230162931606,38.18189681787044
11,41,0.00315642892383039,4.879675998381572e-06,0.10534173250198364,-0.18523383140563965,2.439837999190786e-06,0.05267086625099182,-0.09261691570281982,-0.036787182092666626,32,False,UNAVAILABLE,DISABLED,DISABLED,DISABLED,UNAVAILABLE,DISABLED,27.942031837068498,10.016230162931606,38.18189681787044
11,42,0.0029662884771823883,5.335541118256515e-06,0.09221881628036499,-0.15481311082839966,2.6677705591282574e-06,0.046109408140182495,-0.07740655541419983,-0.028328191488981247,32,False,UNAVAILABLE,DISABLED,DISABLED,DISABLED,UNAVAILABLE,DISABLED,27.942031837068498,10.016230162931606,38.18189681787044
11,43,0.0025920402258634567,3.862152425426757e-06,0.1066434383392334,-0.20622742176055908,1.9310762127133785e-06,0.0533217191696167,-0.10311371088027954,-0.04719801992177963,32,False,UNAVAILABLE,DISABLED,DISABLED,DISABLED,UNAVAILABLE,DISABLED,27.942031837068498,10.016230162931606,38.18189681787044
11,44,0.002489646663889289,3.6472492865868844e-06,0.08828151226043701,-0.1757374405860901,1.8236246432934422e-06,0.044140756130218506,-0.08786872029304504,-0.04123649373650551,32,False,UNAVAILABLE,DISABLED,DISABLED,DISABLED,UNAVAILABLE,DISABLED,27.942031837068498,10.016230162931606,38.18189681787044
11,45,0.003350004320964217,3.8790849430370145e-06,0.07234615087509155,-0.18146854639053345,1.9395424715185072e-06,0.036173075437545776,-0.09073427319526672,-0.05120925232768059,32,False,UNAVAILABLE,DISABLED,DISABLED,DISABLED,UNAVAILABLE,DISABLED,27.942031837068498,10.016230162931606,38.18189681787044
11,46,0.002749021165072918,5.785204848507419e-06,0.10274136066436768,-0.21140170097351074,2.8926024242537096e-06,0.05137068033218384,-0.10570085048675537,-0.051578257232904434,32,False,UNAVAILABLE,DISABLED,DISABLED,DISABLED,UNAVAILABLE,DISABLED,27.942031837068498,10.016230162931606,38.18189681787044
11,47,0.0028613468166440725,3.3719952625688165e-06,0.05863898992538452,-0.17172354459762573,1.6859976312844083e-06,0.02931949496269226,-0.08586177229881287,-0.053679242730140686,32,False,UNAVAILABLE,DISABLED,DISABLED,DISABLED,UNAVAILABLE,DISABLED,27.942031837068498,10.016230162931606,38.18189681787044
11,48,0.002695646835491061,5.840922312927432e-06,0.12475061416625977,-0.176557719707489,2.920461156463716e-06,0.06237530708312988,-0.0882788598537445,-0.0232049822807312,32,False,UNAVAILABLE,DISABLED,DISABLED,DISABLED,UNAVAILABLE,DISABLED,27.942031837068498,10.016230162931606,38.18189681787044
11,49,0.003118084045127034,4.9717514229996596e-06,0.12995845079421997,-0.25862330198287964,2.4858757114998298e-06,0.06497922539710999,-0.12931165099143982,-0.061211854219436646,32,False,UNAVAILABLE,DISABLED,DISABLED,DISABLED,UNAVAILABLE,DISABLED,27.942031837068498,10.016230162931606,38.18189681787044
11,50,0.002952679293230176,3.6511619327939115e-06,0.061263442039489746,-0.16179776191711426,1.8255809663969558e-06,0.030631721019744873,-0.08089888095855713,-0.0473126545548439,32,False,UNAVAILABLE,DISABLED,DISABLED,DISABLED,UNAVAILABLE,DISABLED,27.942031837068498,10.016230162931606,38.18189681787044
11,51,0.002821041503921151,3.844259026664076e-06,0.08254319429397583,-0.19086849689483643,1.922129513332038e-06,0.041271597146987915,-0.09543424844741821,-0.051339685916900635,32,False,UNAVAILABLE,DISABLED,DISABLED,DISABLED,UNAVAILABLE,DISABLED,27.942031837068498,10.016230162931606,38.18189681787044
11,52,0.002470919629558921,5.770322786702309e-06,0.09823930263519287,-0.267635703086853,2.8851613933511544e-06,0.049119651317596436,-0.1338178515434265,-0.08222439885139465,32,False,UNAVAILABLE,DISABLED,DISABLED,DISABLED,UNAVAILABLE,DISABLED,27.942031837068498,10.016230162931606,38.18189681787044
11,53,0.0025604318361729383,8.547350262233522e-06,0.15835040807724,-0.2908419370651245,4.273675131116761e-06,0.07917520403862,-0.14542096853256226,-0.06368105858564377,32,False,UNAVAILABLE,DISABLED,DISABLED,DISABLED,UNAVAILABLE,DISABLED,27.942031837068498,10.016230162931606,38.18189681787044
11,54,0.002605363028123975,4.3294226088619325e-06,0.12946230173110962,-0.31018519401550293,2.1647113044309663e-06,0.06473115086555481,-0.15509259700775146,-0.08775392174720764,32,False,UNAVAILABLE,DISABLED,DISABLED,DISABLED,UNAVAILABLE,DISABLED,27.942031837068498,10.016230162931606,38.18189681787044
11,55,0.0657225102186203,7.3230175985372625e-06,0.09820318222045898,-0.24644696712493896,3.6615087992686313e-06,0.04910159111022949,-0.12322348356246948,-0.0083957239985466,32,False,UNAVAILABLE,DISABLED,DISABLED,DISABLED,UNAVAILABLE,DISABLED,27.942031837068498,10.016230162931606,38.18189681787044
11,56,0.0032878725323826075,3.7290444652171573e-06,0.09073573350906372,-0.268404483795166,1.8645222326085786e-06,0.04536786675453186,-0.134202241897583,-0.0855446383357048,32,False,UNAVAILABLE,DISABLED,DISABLED,DISABLED,UNAVAILABLE,DISABLED,27.942031837068498,10.016230162931606,38.18189681787044
11,57,0.0029519316740334034,3.672830871437327e-06,0.08414334058761597,-0.23406654596328735,1.8364154357186635e-06,0.04207167029380798,-0.11703327298164368,-0.07200783491134644,32,False,UNAVAILABLE,DISABLED,DISABLED,DISABLED,UNAVAILABLE,DISABLED,27.942031837068498,10.016230162931606,38.18189681787044
11,58,0.0032708088401705027,7.4544400376908015e-06,0.11794036626815796,-0.21544218063354492,3.7272200188454008e-06,0.05897018313407898,-0.10772109031677246,-0.04547636955976486,32,False,UNAVAILABLE,DISABLED,DISABLED,DISABLED,UNAVAILABLE,DISABLED,27.942031837068498,10.016230162931606,38.18189681787044
11,59,0.0032249842770397663,4.245852778694825e-06,0.08382129669189453,-0.2352844476699829,2.1229263893474126e-06,0.041910648345947266,-0.11764222383499146,-0.07250446826219559,32,False,UNAVAILABLE,DISABLED,DISABLED,DISABLED,UNAVAILABLE,DISABLED,27.942031837068498,10.016230162931606,38.18189681787044
11,60,0.02529461309313774,3.1382621727971127e-06,0.07393395900726318,-0.21560657024383545,1.5691310863985564e-06,0.03696697950363159,-0.10780328512191772,-0.04554012417793274,32,False,UNAVAILABLE,DISABLED,DISABLED,DISABLED,UNAVAILABLE,DISABLED,27.942031837068498,10.016230162931606,38.18189681787044
11,61,0.0026933676563203335,4.249773610354168e-06,0.11170125007629395,-0.22399133443832397,2.124886805177084e-06,0.05585062503814697,-0.11199566721916199,-0.05344954878091812,32,False,UNAVAILABLE,DISABLED,DISABLED,DISABLED,UNAVAILABLE,DISABLED,27.942031837068498,10.016230162931606,38.18189681787044
11,62,0.0024966485798358917,4.836240805161651e-06,0.10898125171661377,-0.27264219522476196,2.4181204025808256e-06,0.054490625858306885,-0.13632109761238098,-0.0793314054608345,32,False,UNAVAILABLE,DISABLED,DISABLED,DISABLED,UNAVAILABLE,DISABLED,27.942031837068498,10.016230162931606,38.18189681787044
11,63,0.003130572848021984,3.6923222523910226e-06,0.08617126941680908,-0.2700914144515991,1.8461611261955113e-06,0.04308563470840454,-0.13504570722579956,-0.08882765471935272,32,False,UNAVAILABLE,DISABLED,DISABLED,DISABLED,UNAVAILABLE,DISABLED,27.942031837068498,10.016230162931606,38.18189681787044
11,64,0.0024597442243248224,6.126822427177103e-06,0.12780368328094482,-0.24484068155288696,3.0634112135885516e-06,0.06390184164047241,-0.12242034077644348,-0.056055694818496704,32,False,UNAVAILABLE,DISABLED,DISABLED,DISABLED,UNAVAILABLE,DISABLED,27.942031837068498,10.016230162931606,38.18189681787044
11,65,0.003347556572407484,3.317126584079233e-06,0.08651596307754517,-0.2651817202568054,1.6585632920396165e-06,0.04325798153877258,-0.1325908601284027,-0.08598366379737854,32,False,UNAVAILABLE,DISABLED,DISABLED,DISABLED,UNAVAILABLE,DISABLED,27.942031837068498,10.016230162931606,38.18189681787044
11,66,0.0030529648065567017,4.598678060574457e-06,0.11884117126464844,-0.2811223268508911,2.2993390302872285e-06,0.05942058563232422,-0.14056116342544556,-0.07808531820774078,32,False,UNAVAILABLE,DISABLED,DISABLED,DISABLED,UNAVAILABLE,DISABLED,27.942031837068498,10.016230162931606,38.18189681787044
11,67,0.0025032435078173876,3.6740991617989494e-06,0.07529354095458984,-0.22397416830062866,1.8370495808994747e-06,0.03764677047729492,-0.11198708415031433,-0.0718352347612381,32,False,UNAVAILABLE,DISABLED,DISABLED,DISABLED,UNAVAILABLE,DISABLED,27.942031837068498,10.016230162931606,38.18189681787044
11,68,0.002775711240246892,7.378253030765336e-06,0.12571746110916138,-0.1860143542289734,3.689126515382668e-06,0.06285873055458069,-0.0930071771144867,-0.027369044721126556,32,False,UNAVAILABLE,DISABLED,DISABLED,DISABLED,UNAVAILABLE,DISABLED,27.942031837068498,10.016230162931606,38.18189681787044
11,69,0.002821901347488165,4.382870884001022e-06,0.11036938428878784,-0.21987605094909668,2.191435442000511e-06,0.05518469214439392,-0.10993802547454834,-0.05192923918366432,32,False,UNAVAILABLE,DISABLED,DISABLED,DISABLED,UNAVAILABLE,DISABLED,27.942031837068498,10.016230162931606,38.18189681787044
11,70,0.003283918835222721,4.651823928725207e-06,0.11204451322555542,-0.2312082052230835,2.3259119643626036e-06,0.05602225661277771,-0.11560410261154175,-0.05629559978842735,32,False,UNAVAILABLE,DISABLED,DISABLED,DISABLED,UNAVAILABLE,DISABLED,27.942031837068498,10.016230162931606,38.18189681787044
11,71,0.002830177079886198,4.644776254281169e-06,0.10558933019638062,-0.28669220209121704,2.3223881271405844e-06,0.05279466509819031,-0.14334610104560852,-0.08771893382072449,32,False,UNAVAILABLE,DISABLED,DISABLED,DISABLED,UNAVAILABLE,DISABLED,27.942031837068498,10.016230162931606,38.18189681787044
11,72,0.0037550521083176136,3.640948534666677e-06,0.08985251188278198,-0.1734917163848877,1.8204742673333385e-06,0.04492625594139099,-0.08674585819244385,-0.03806272894144058,32,False,UNAVAILABLE,DISABLED,DISABLED,DISABLED,UNAVAILABLE,DISABLED,27.942031837068498,10.016230162931606,38.18189681787044
11,73,0.002809157595038414,4.9395766836823896e-06,0.10029608011245728,-0.22150588035583496,2.4697883418411948e-06,0.05014804005622864,-0.11075294017791748,-0.0577932745218277,32,False,UNAVAILABLE,DISABLED,DISABLED,DISABLED,UNAVAILABLE,DISABLED,27.942031837068498,10.016230162931606,38.18189681787044
11,74,0.002687513129785657,4.1895532376656774e-06,0.09353435039520264,-0.2163580060005188,2.0947766188328387e-06,0.04676717519760132,-0.1081790030002594,-0.05872222036123276,32,False,UNAVAILABLE,DISABLED,DISABLED,DISABLED,UNAVAILABLE,DISABLED,27.942031837068498,10.016230162931606,38.18189681787044
11,75,0.0028288736939430237,6.120652869867627e-06,0.14641034603118896,-0.11609971523284912,3.0603264349338133e-06,0.07320517301559448,-0.05804985761642456,0.01798725128173828,32,False,UNAVAILABLE,DISABLED,DISABLED,DISABLED,UNAVAILABLE,DISABLED,27.942031837068498,10.016230162931606,38.18189681787044
11,76,0.002817878033965826,3.0232054086809512e-06,0.07277250289916992,-0.19090408086776733,1.5116027043404756e-06,0.03638625144958496,-0.09545204043388367,-0.056246399879455566,32,False,UNAVAILABLE,DISABLED,DISABLED,DISABLED,UNAVAILABLE,DISABLED,27.942031837068498,10.016230162931606,38.18189681787044
11,77,0.002553981961682439,2.7145911190018523e-06,0.05552065372467041,-0.13528138399124146,1.3572955595009262e-06,0.027760326862335205,-0.06764069199562073,-0.03732502460479736,32,False,UNAVAILABLE,DISABLED,DISABLED,DISABLED,UNAVAILABLE,DISABLED,27.942031837068498,10.016230162931606,38.18189681787044
11,78,0.002872717333957553,7.725363502686378e-06,0.15339666604995728,-0.2586590051651001,3.862681751343189e-06,0.07669833302497864,-0.12932950258255005,-0.049754589796066284,32,False,UNAVAILABLE,DISABLED,DISABLED,DISABLED,UNAVAILABLE,DISABLED,27.942031837068498,10.016230162931606,38.18189681787044
11,79,0.0025947261601686478,2.9545997222157894e-06,0.07241976261138916,-0.18099629878997803,1.4772998611078947e-06,0.03620988130569458,-0.09049814939498901,-0.051692064851522446,32,False,UNAVAILABLE,DISABLED,DISABLED,DISABLED,UNAVAILABLE,DISABLED,27.942031837068498,10.016230162931606,38.18189681787044
11,80,0.0023426548577845097,5.130544650455704e-06,0.0992547869682312,-0.11052358150482178,2.565272325227852e-06,0.0496273934841156,-0.05526179075241089,-0.0032891780138015747,32,False,UNAVAILABLE,DISABLED,DISABLED,DISABLED,UNAVAILABLE,DISABLED,27.942031837068498,10.016230162931606,38.18189681787044
11,81,0.002973855473101139,4.7727075980219524e-06,0.08137983083724976,-0.1328815221786499,2.3863537990109762e-06,0.04068991541862488,-0.06644076108932495,-0.022774603217840195,32,False,UNAVAILABLE,DISABLED,DISABLED,DISABLED,UNAVAILABLE,DISABLED,27.942031837068498,10.016230162931606,38.18189681787044
11,82,0.002739638090133667,4.338000508141704e-06,0.08713972568511963,-0.15291070938110352,2.169000254070852e-06,0.043569862842559814,-0.07645535469055176,-0.03014368563890457,32,False,UNAVAILABLE,DISABLED,DISABLED,DISABLED,UNAVAILABLE,DISABLED,27.942031837068498,10.016230162931606,38.18189681787044
11,83,0.0030795352067798376,6.338679668260738e-06,0.11979186534881592,-0.191531240940094,3.169339834130369e-06,0.05989593267440796,-0.095765620470047,-0.032786980271339417,32,False,UNAVAILABLE,DISABLED,DISABLED,DISABLED,UNAVAILABLE,DISABLED,27.942031837068498,10.016230162931606,38.18189681787044
11,84,0.0026922058314085007,3.819675839622505e-06,0.058854520320892334,-0.13553780317306519,1.9098379198112525e-06,0.029427260160446167,-0.06776890158653259,-0.03564752638339996,32,False,UNAVAILABLE,DISABLED,DISABLED,DISABLED,UNAVAILABLE,DISABLED,27.942031837068498,10.016230162931606,38.18189681787044
11,85,0.003420696360990405,5.67101369597367e-06,0.10625314712524414,-0.17078518867492676,2.835506847986835e-06,0.05312657356262207,-0.08539259433746338,-0.028842490166425705,32,False,UNAVAILABLE,DISABLED,DISABLED,DISABLED,UNAVAILABLE,DISABLED,27.942031837068498,10.016230162931606,38.18189681787044
11,86,0.002989617409184575,4.010970314993756e-06,0.07833421230316162,-0.13932514190673828,2.005485157496878e-06,0.03916710615158081,-0.06966257095336914,-0.027503840625286102,32,False,UNAVAILABLE,DISABLED,DISABLED,DISABLED,UNAVAILABLE,DISABLED,27.942031837068498,10.016230162931606,38.18189681787044
11,87,0.0029023904353380203,5.938360573054524e-06,0.11877000331878662,-0.14255088567733765,2.969180286527262e-06,0.05938500165939331,-0.07127544283866882,-0.008985079824924469,32,False,UNAVAILABLE,DISABLED,DISABLED,DISABLED,UNAVAILABLE,DISABLED,27.942031837068498,10.016230162931606,38.18189681787044
11,88,0.002930754330009222,4.868789801548701e-06,0.09506797790527344,-0.13042032718658447,2.4343949007743504e-06,0.04753398895263672,-0.06521016359329224,-0.014742985367774963,32,False,UNAVAILABLE,DISABLED,DISABLED,DISABLED,UNAVAILABLE,DISABLED,27.942031837068498,10.016230162931606,38.18189681787044
11,89,0.003145589493215084,3.725018814293435e-06,0.0712655782699585,-0.12652456760406494,1.8625094071467174e-06,0.03563278913497925,-0.06326228380203247,-0.024482041597366333,32,False,UNAVAILABLE,DISABLED,DISABLED,DISABLED,UNAVAILABLE,DISABLED,27.942031837068498,10.016230162931606,38.18189681787044
11,90,0.003026270307600498,5.364379831007682e-06,0.08188581466674805,-0.09807074069976807,2.682189915503841e-06,0.04094290733337402,-0.04903537034988403,-0.005063511431217194,32,False,UNAVAILABLE,DISABLED,DISABLED,DISABLED,UNAVAILABLE,DISABLED,27.942031837068498,10.016230162931606,38.18189681787044
11,91,0.0028846419882029295,3.492859605103149e-06,0.0617901086807251,-0.11362546682357788,1.7464298025515745e-06,0.03089505434036255,-0.05681273341178894,-0.023031290620565414,32,False,UNAVAILABLE,DISABLED,DISABLED,DISABLED,UNAVAILABLE,DISABLED,27.942031837068498,10.016230162931606,38.18189681787044
11,92,0.0028030765242874622,6.270405265240697e-06,0.09375643730163574,-0.08839952945709229,3.1352026326203486e-06,0.04687821865081787,-0.04419976472854614,0.005484666675329208,32,False,UNAVAILABLE,DISABLED,DISABLED,DISABLED,UNAVAILABLE,DISABLED,27.942031837068498,10.016230162931606,38.18189681787044
11,93,0.002792084589600563,4.596312010107795e-06,0.07119101285934448,-0.09874629974365234,2.2981560050538974e-06,0.03559550642967224,-0.04937314987182617,-0.010983262211084366,32,False,UNAVAILABLE,DISABLED,DISABLED,DISABLED,UNAVAILABLE,DISABLED,27.942031837068498,10.016230162931606,38.18189681787044
11,94,0.0028113529551774263,4.349752998678014e-06,0.0896943211555481,-0.09442734718322754,2.174876499339007e-06,0.04484716057777405,-0.04721367359161377,0.0004470162093639374,32,False,UNAVAILABLE,DISABLED,DISABLED,DISABLED,UNAVAILABLE,DISABLED,27.942031837068498,10.016230162931606,38.18189681787044
11,95,0.0028798459097743034,5.347514161258005e-06,0.08597111701965332,-0.0800238847732544,2.6737570806290023e-06,0.04298555850982666,-0.0400119423866272,0.005856133997440338,32,False,UNAVAILABLE,DISABLED,DISABLED,DISABLED,UNAVAILABLE,DISABLED,27.942031837068498,10.016230162931606,38.18189681787044
11,96,0.0028746826574206352,4.309595169615932e-06,0.0933958888053894,-0.06903481483459473,2.154797584807966e-06,0.0466979444026947,-0.03451740741729736,0.01505737379193306,32,False,UNAVAILABLE,DISABLED,DISABLED,DISABLED,UNAVAILABLE,DISABLED,27.942031837068498,10.016230162931606,38.18189681787044
11,97,0.0027887201867997646,4.526212705968646e-06,0.05318719148635864,-0.0868040919303894,2.263106352984323e-06,0.02659359574317932,-0.0434020459651947,-0.014017466455698013,32,False,UNAVAILABLE,DISABLED,DISABLED,DISABLED,UNAVAILABLE,DISABLED,27.942031837068498,10.016230162931606,38.18189681787044
11,98,0.0035752509720623493,4.570713372231694e-06,0.13083934783935547,-0.11831361055374146,2.285356686115847e-06,0.06541967391967773,-0.05915680527687073,0.009840406477451324,32,False,UNAVAILABLE,DISABLED,DISABLED,DISABLED,UNAVAILABLE,DISABLED,27.942031837068498,10.016230162931606,38.18189681787044
11,99,0.12737856805324554,5.323495770426234e-06,0.07845884561538696,-0.08176553249359131,2.661747885213117e-06,0.03922942280769348,-0.040882766246795654,0.12572789192199707,32,False,UNAVAILABLE,DISABLED,DISABLED,DISABLED,UNAVAILABLE,DISABLED,27.942031837068498,10.016230162931606,38.18189681787044
11,100,0.00311812711879611,4.83863050249056e-06,0.08595097064971924,-0.04873979091644287,2.41931525124528e-06,0.04297548532485962,-0.024369895458221436,0.021726135164499283,32,False,UNAVAILABLE,DISABLED,DISABLED,DISABLED,UNAVAILABLE,DISABLED,27.942031837068498,10.016230162931606,38.18189681787044
12,1,0.0026810539420694113,3.7781665014335886e-06,0.05755019187927246,-0.015182647854089737,1.8890832507167943e-06,0.02877509593963623,-0.0075913239270448685,0.023866714909672737,32,False,UNAVAILABLE,DISABLED,DISABLED,DISABLED,UNAVAILABLE,DISABLED,28.070585180073977,9.792165686842054,38.215756797231734
12,2,0.002069517271593213,2.3296581730392063e-06,0.03748786449432373,-0.017658935859799385,1.1648290865196032e-06,0.018743932247161865,-0.008829467929899693,0.011985146440565586,32,False,UNAVAILABLE,DISABLED,DISABLED,DISABLED,UNAVAILABLE,DISABLED,28.070585180073977,9.792165686842054,38.215756797231734
12,3,0.0023491152096539736,5.280588084133342e-06,0.08025985956192017,-0.016956539824604988,2.640294042066671e-06,0.04012992978096008,-0.008478269912302494,0.03400341793894768,32,False,UNAVAILABLE,DISABLED,DISABLED,DISABLED,UNAVAILABLE,DISABLED,28.070585180073977,9.792165686842054,38.215756797231734
12,4,0.0023159035481512547,3.685746378323529e-06,0.049694955348968506,-0.02387564443051815,1.8428731891617645e-06,0.024847477674484253,-0.011937822215259075,0.015227402560412884,32,False,UNAVAILABLE,DISABLED,DISABLED,DISABLED,UNAVAILABLE,DISABLED,28.070585180073977,9.792165686842054,38.215756797231734
12,5,0.00241423980332911,3.862262929033022e-06,0.06539791822433472,-0.052899423986673355,1.931131464516511e-06,0.03269895911216736,-0.026449711993336678,0.0086654182523489,32,False,UNAVAILABLE,DISABLED,DISABLED,DISABLED,UNAVAILABLE,DISABLED,28.070585180073977,9.792165686842054,38.215756797231734
12,6,0.0021080432925373316,3.095026386290556e-06,0.05035126209259033,-0.025725655257701874,1.547513193145278e-06,0.025175631046295166,-0.012862827628850937,0.014422394335269928,32,False,UNAVAILABLE,DISABLED,DISABLED,DISABLED,UNAVAILABLE,DISABLED,28.070585180073977,9.792165686842054,38.215756797231734
12,7,0.002111417707055807,2.4898404262785334e-06,0.0634799599647522,-0.040281012654304504,1.2449202131392667e-06,0.0317399799823761,-0.020140506327152252,0.013712137937545776,32,False,UNAVAILABLE,DISABLED,DISABLED,DISABLED,UNAVAILABLE,DISABLED,28.070585180073977,9.792165686842054,38.215756797231734
12,8,0.002206663601100445,5.028472060075728e-06,0.06559449434280396,-0.06589683890342712,2.514236030037864e-06,0.03279724717140198,-0.03294841945171356,0.0020580068230628967,32,False,UNAVAILABLE,DISABLED,DISABLED,DISABLED,UNAVAILABLE,DISABLED,28.070585180073977,9.792165686842054,38.215756797231734
12,9,0.0025593761820346117,5.060957391833654e-06,0.0987817645072937,-0.09165769070386887,2.530478695916827e-06,0.04939088225364685,-0.04582884535193443,0.006123945116996765,32,False,UNAVAILABLE,DISABLED,DISABLED,DISABLED,UNAVAILABLE,DISABLED,28.070585180073977,9.792165686842054,38.215756797231734
12,10,0.0021519672591239214,3.905729499820154e-06,0.0715709924697876,-0.0776309072971344,1.952864749910077e-06,0.0357854962348938,-0.0388154536485672,-0.0008760392665863037,32,False,UNAVAILABLE,DISABLED,DISABLED,DISABLED,UNAVAILABLE,DISABLED,28.070585180073977,9.792165686842054,38.215756797231734
12,11,0.002310400130227208,3.232514927731245e-06,0.07039010524749756,-0.09964073449373245,1.6162574638656224e-06,0.03519505262374878,-0.049820367246866226,-0.012313298881053925,32,False,UNAVAILABLE,DISABLED,DISABLED,DISABLED,UNAVAILABLE,DISABLED,28.070585180073977,9.792165686842054,38.215756797231734
12,12,0.002333285752683878,4.359236754680751e-06,0.1115456223487854,-0.08999630808830261,2.1796183773403754e-06,0.0557728111743927,-0.044998154044151306,0.013110123574733734,32,False,UNAVAILABLE,DISABLED,DISABLED,DISABLED,UNAVAILABLE,DISABLED,28.070585180073977,9.792165686842054,38.215756797231734
12,13,0.0029503165278583765,5.155808594281552e-06,0.09684693813323975,-0.13012607395648956,2.577904297140776e-06,0.04842346906661987,-0.06506303697824478,-0.01368667185306549,32,False,UNAVAILABLE,DISABLED,DISABLED,DISABLED,UNAVAILABLE,DISABLED,28.070585180073977,9.792165686842054,38.215756797231734
12,14,0.002145439153537154,4.844936029257951e-06,0.06483697891235352,-0.12903186678886414,2.4224680146289757e-06,0.03241848945617676,-0.06451593339443207,-0.029949583113193512,32,False,UNAVAILABLE,DISABLED,DISABLED,DISABLED,UNAVAILABLE,DISABLED,28.070585180073977,9.792165686842054,38.215756797231734
12,15,0.002245733980089426,3.8068728827056475e-06,0.07321345806121826,-0.1327005922794342,1.9034364413528237e-06,0.03660672903060913,-0.0663502961397171,-0.02749592810869217,32,False,UNAVAILABLE,DISABLED,DISABLED,DISABLED,UNAVAILABLE,DISABLED,28.070585180073977,9.792165686842054,38.215756797231734
12,16,0.0023463100660592318,4.7734961299283896e-06,0.08798229694366455,-0.1396998167037964,2.3867480649641948e-06,0.043991148471832275,-0.0698499083518982,-0.02351006120443344,32,False,UNAVAILABLE,DISABLED,DISABLED,DISABLED,UNAVAILABLE,DISABLED,28.070585180073977,9.792165686842054,38.215756797231734
12,17,0.002477270783856511,2.7300025067233946e-06,0.0709075927734375,-0.13079673051834106,1.3650012533616973e-06,0.03545379638671875,-0.06539836525917053,-0.027465932071208954,32,False,UNAVAILABLE,DISABLED,DISABLED,DISABLED,UNAVAILABLE,DISABLED,28.070585180073977,9.792165686842054,38.215756797231734
12,18,0.0032254040706902742,5.407593562267721e-06,0.11691892147064209,-0.19520914554595947,2.7037967811338603e-06,0.058459460735321045,-0.09760457277297974,-0.0359170027077198,32,False,UNAVAILABLE,DISABLED,DISABLED,DISABLED,UNAVAILABLE,DISABLED,28.070585180073977,9.792165686842054,38.215756797231734
12,19,0.002423575147986412,4.29977035310003e-06,0.08253103494644165,-0.149016335606575,2.149885176550015e-06,0.041265517473220825,-0.0745081678032875,-0.030816923826932907,32,False,UNAVAILABLE,DISABLED,DISABLED,DISABLED,UNAVAILABLE,DISABLED,28.070585180073977,9.792165686842054,38.215756797231734
12,20,0.0019057951867580414,6.259388555918122e-06,0.08050239086151123,-0.14334607124328613,3.129694277959061e-06,0.040251195430755615,-0.07167303562164307,-0.029512915760278702,32,False,UNAVAILABLE,DISABLED,DISABLED,DISABLED,UNAVAILABLE,DISABLED,28.070585180073977,9.792165686842054,38.215756797231734
12,21,0.0026016575284302235,4.473677108762786e-06,0.07788294553756714,-0.17556656897068024,2.236838554381393e-06,0.03894147276878357,-0.08778328448534012,-0.04623791575431824,32,False,UNAVAILABLE,DISABLED,DISABLED,DISABLED,UNAVAILABLE,DISABLED,28.070585180073977,9.792165686842054,38.215756797231734
12,22,0.002440860029309988,2.657611503309454e-06,0.06487327814102173,-0.16071315109729767,1.328805751654727e-06,0.032436639070510864,-0.08035657554864883,-0.04547774791717529,32,False,UNAVAILABLE,DISABLED,DISABLED,DISABLED,UNAVAILABLE,DISABLED,28.070585180073977,9.792165686842054,38.215756797231734
12,23,0.002088705310598016,3.6998176256020088e-06,0.09968453645706177,-0.2052084505558014,1.8499088128010044e-06,0.049842268228530884,-0.1026042252779007,-0.050671402364969254,32,False,UNAVAILABLE,DISABLED,DISABLED,DISABLED,UNAVAILABLE,DISABLED,28.070585180073977,9.792165686842054,38.215756797231734
12,24,0.0021159613970667124,7.29498651708127e-06,0.1620727777481079,-0.2244023233652115,3.647493258540635e-06,0.08103638887405396,-0.11220116168260574,-0.029045164585113525,32,False,UNAVAILABLE,DISABLED,DISABLED,DISABLED,UNAVAILABLE,DISABLED,28.070585180073977,9.792165686842054,38.215756797231734
12,25,0.002557420404627919,6.070639301469782e-06,0.12107813358306885,-0.1996144950389862,3.035319650734891e-06,0.060539066791534424,-0.0998072475194931,-0.03670772165060043,32,False,UNAVAILABLE,DISABLED,DISABLED,DISABLED,UNAVAILABLE,DISABLED,28.070585180073977,9.792165686842054,38.215756797231734
12,26,0.002178142312914133,5.01286785947741e-06,0.10746294260025024,-0.2078021913766861,2.506433929738705e-06,0.05373147130012512,-0.10390109568834305,-0.047988977283239365,32,False,UNAVAILABLE,DISABLED,DISABLED,DISABLED,UNAVAILABLE,DISABLED,28.070585180073977,9.792165686842054,38.215756797231734
12,27,0.0032181732822209597,5.485478141054045e-06,0.1095537543296814,-0.2104407399892807,2.7427390705270227e-06,0.0547768771648407,-0.10522036999464035,-0.047222577035427094,32,False,UNAVAILABLE,DISABLED,DISABLED,DISABLED,UNAVAILABLE,DISABLED,28.070585180073977,9.792165686842054,38.215756797231734
12,28,0.002069844165816903,3.4949050586874364e-06,0.09874856472015381,-0.23546810448169708,1.7474525293437182e-06,0.049374282360076904,-0.11773405224084854,-0.06628817319869995,32,False,UNAVAILABLE,DISABLED,DISABLED,DISABLED,UNAVAILABLE,DISABLED,28.070585180073977,9.792165686842054,38.215756797231734
12,29,0.001976409927010536,4.822134542337153e-06,0.07853955030441284,-0.1752881109714508,2.4110672711685766e-06,0.03926977515220642,-0.0876440554857254,-0.04639545828104019,32,False,UNAVAILABLE,DISABLED,DISABLED,DISABLED,UNAVAILABLE,DISABLED,28.070585180073977,9.792165686842054,38.215756797231734
12,30,0.0018232050351798534,6.2797125792712905e-06,0.14431273937225342,-0.2273508906364441,3.1398562896356452e-06,0.07215636968612671,-0.11367544531822205,-0.03969272971153259,32,False,UNAVAILABLE,DISABLED,DISABLED,DISABLED,UNAVAILABLE,DISABLED,28.070585180073977,9.792165686842054,38.215756797231734
12,31,0.002655455144122243,5.503939519257983e-06,0.12069123983383179,-0.20931203663349152,2.7519697596289916e-06,0.060345619916915894,-0.10465601831674576,-0.04165218770503998,32,False,UNAVAILABLE,DISABLED,DISABLED,DISABLED,UNAVAILABLE,DISABLED,28.070585180073977,9.792165686842054,38.215756797231734
12,32,0.002345364075154066,8.02296563051641e-06,0.1457277536392212,-0.20835921168327332,4.011482815258205e-06,0.0728638768196106,-0.10417960584163666,-0.028966352343559265,32,False,UNAVAILABLE,DISABLED,DISABLED,DISABLED,UNAVAILABLE,DISABLED,28.070585180073977,9.792165686842054,38.215756797231734
12,33,0.0020704460330307484,6.951454906811705e-06,0.15235471725463867,-0.22254449129104614,3.4757274534058524e-06,0.07617735862731934,-0.11127224564552307,-0.03302096575498581,32,False,UNAVAILABLE,DISABLED,DISABLED,DISABLED,UNAVAILABLE,DISABLED,28.070585180073977,9.792165686842054,38.215756797231734
12,34,0.0019750772044062614,5.132033948029857e-06,0.10696804523468018,-0.1752675473690033,2.5660169740149286e-06,0.05348402261734009,-0.08763377368450165,-0.032172106206417084,32,False,UNAVAILABLE,DISABLED,DISABLED,DISABLED,UNAVAILABLE,DISABLED,28.070585180073977,9.792165686842054,38.215756797231734
12,35,0.002022738102823496,4.922263997286791e-06,0.08888620138168335,-0.1748209446668625,2.4611319986433955e-06,0.044443100690841675,-0.08741047233343124,-0.040942173451185226,32,False,UNAVAILABLE,DISABLED,DISABLED,DISABLED,UNAVAILABLE,DISABLED,28.070585180073977,9.792165686842054,38.215756797231734
12,36,0.002803891897201538,5.119597972225165e-06,0.12681150436401367,-0.21831679344177246,2.5597989861125825e-06,0.06340575218200684,-0.10915839672088623,-0.042946189641952515,32,False,UNAVAILABLE,DISABLED,DISABLED,DISABLED,UNAVAILABLE,DISABLED,28.070585180073977,9.792165686842054,38.215756797231734
12,37,0.0022943217772990465,4.805323897016933e-06,0.11313968896865845,-0.18700483441352844,2.4026619485084666e-06,0.056569844484329224,-0.09350241720676422,-0.03463584929704666,32,False,UNAVAILABLE,DISABLED,DISABLED,DISABLED,UNAVAILABLE,DISABLED,28.070585180073977,9.792165686842054,38.215756797231734
12,38,0.002965581137686968,4.85391774418531e-06,0.10978877544403076,-0.1497601419687271,2.426958872092655e-06,0.05489438772201538,-0.07488007098436356,-0.017017673701047897,32,False,UNAVAILABLE,DISABLED,DISABLED,DISABLED,UNAVAILABLE,DISABLED,28.070585180073977,9.792165686842054,38.215756797231734
12,39,0.0018467861227691174,4.512141913437517e-06,0.10520505905151367,-0.18531113862991333,2.2560709567187587e-06,0.052602529525756836,-0.09265556931495667,-0.038203999400138855,32,False,UNAVAILABLE,DISABLED,DISABLED,DISABLED,UNAVAILABLE,DISABLED,28.070585180073977,9.792165686842054,38.215756797231734
12,40,0.002103507285937667,4.8093202167365234e-06,0.12076520919799805,-0.1789347231388092,2.4046601083682617e-06,0.06038260459899902,-0.0894673615694046,-0.02697884663939476,32,False,UNAVAILABLE,DISABLED,DISABLED,DISABLED,UNAVAILABLE,DISABLED,28.070585180073977,9.792165686842054,38.215756797231734
12,41,0.0022223046980798244,5.190689080336597e-06,0.13167637586593628,-0.16632717847824097,2.5953445401682984e-06,0.06583818793296814,-0.08316358923912048,-0.015100501477718353,32,False,UNAVAILABLE,DISABLED,DISABLED,DISABLED,UNAVAILABLE,DISABLED,28.070585180073977,9.792165686842054,38.215756797231734
12,42,0.002006061375141144,5.705995135940611e-06,0.1255146861076355,-0.15908823907375336,2.8529975679703057e-06,0.06275734305381775,-0.07954411953687668,-0.014777861535549164,32,False,UNAVAILABLE,DISABLED,DISABLED,DISABLED,UNAVAILABLE,DISABLED,28.070585180073977,9.792165686842054,38.215756797231734
12,43,0.0017385719111189246,4.4094813347328454e-06,0.14937549829483032,-0.20023289322853088,2.2047406673664227e-06,0.07468774914741516,-0.10011644661426544,-0.023687921464443207,32,False,UNAVAILABLE,DISABLED,DISABLED,DISABLED,UNAVAILABLE,DISABLED,28.070585180073977,9.792165686842054,38.215756797231734
12,44,0.0017492198385298252,3.727870080183493e-06,0.09045356512069702,-0.14633095264434814,1.8639350400917465e-06,0.04522678256034851,-0.07316547632217407,-0.026187609881162643,32,False,UNAVAILABLE,DISABLED,DISABLED,DISABLED,UNAVAILABLE,DISABLED,28.070585180073977,9.792165686842054,38.215756797231734
12,45,0.0020762188360095024,4.903974058834137e-06,0.10570341348648071,-0.13905316591262817,2.4519870294170687e-06,0.052851706743240356,-0.06952658295631409,-0.014596205204725266,32,False,UNAVAILABLE,DISABLED,DISABLED,DISABLED,UNAVAILABLE,DISABLED,28.070585180073977,9.792165686842054,38.215756797231734
12,46,0.0017615704564377666,4.980892754247179e-06,0.09880030155181885,-0.13371318578720093,2.4904463771235896e-06,0.049400150775909424,-0.06685659289360046,-0.01569238305091858,32,False,UNAVAILABLE,DISABLED,DISABLED,DISABLED,UNAVAILABLE,DISABLED,28.070585180073977,9.792165686842054,38.215756797231734
12,47,0.002128191525116563,3.304307483631419e-06,0.0752636194229126,-0.10630731284618378,1.6521537418157095e-06,0.0376318097114563,-0.05315365642309189,-0.013392001390457153,32,False,UNAVAILABLE,DISABLED,DISABLED,DISABLED,UNAVAILABLE,DISABLED,28.070585180073977,9.792165686842054,38.215756797231734
12,48,0.0019374532857909799,4.687940418079961e-06,0.13615268468856812,-0.09940893203020096,2.3439702090399805e-06,0.06807634234428406,-0.04970446601510048,0.020311672240495682,32,False,UNAVAILABLE,DISABLED,DISABLED,DISABLED,UNAVAILABLE,DISABLED,28.070585180073977,9.792165686842054,38.215756797231734
12,49,0.00247338623739779,5.482471806317335e-06,0.14010632038116455,-0.13505005836486816,2.7412359031586675e-06,0.07005316019058228,-0.06752502918243408,0.005004256963729858,32,False,UNAVAILABLE,DISABLED,DISABLED,DISABLED,UNAVAILABLE,DISABLED,28.070585180073977,9.792165686842054,38.215756797231734
12,50,0.0020111112389713526,4.1075522858591285e-06,0.08381801843643188,-0.08590418845415115,2.0537761429295642e-06,0.04190900921821594,-0.04295209422707558,0.0009700804948806763,32,False,UNAVAILABLE,DISABLED,DISABLED,DISABLED,UNAVAILABLE,DISABLED,28.070585180073977,9.792165686842054,38.215756797231734
12,51,0.0019104370148852468,3.217080120521132e-06,0.09685343503952026,-0.08639970421791077,1.608540060260566e-06,0.04842671751976013,-0.04319985210895538,0.007138911634683609,32,False,UNAVAILABLE,DISABLED,DISABLED,DISABLED,UNAVAILABLE,DISABLED,28.070585180073977,9.792165686842054,38.215756797231734
12,52,0.0015649900306016207,5.963979219814064e-06,0.09631079435348511,-0.12203407287597656,2.981989609907032e-06,0.048155397176742554,-0.06101703643798828,-0.011293668299913406,32,False,UNAVAILABLE,DISABLED,DISABLED,DISABLED,UNAVAILABLE,DISABLED,28.070585180073977,9.792165686842054,38.215756797231734
12,53,0.0017719273455440998,5.7067836678470485e-06,0.12477487325668335,-0.1220499575138092,2.8533918339235242e-06,0.062387436628341675,-0.0610249787569046,0.003137238323688507,32,False,UNAVAILABLE,DISABLED,DISABLED,DISABLED,UNAVAILABLE,DISABLED,28.070585180073977,9.792165686842054,38.215756797231734
12,54,0.0017135310918092728,3.73162106370728e-06,0.12489920854568481,-0.12560701370239258,1.86581053185364e-06,0.06244960427284241,-0.06280350685119629,0.0013614967465400696,32,False,UNAVAILABLE,DISABLED,DISABLED,DISABLED,UNAVAILABLE,DISABLED,28.070585180073977,9.792165686842054,38.215756797231734
12,55,0.0018812433118000627,6.963898613321362e-06,0.11542731523513794,-0.09328563511371613,3.481949306660681e-06,0.05771365761756897,-0.04664281755685806,0.012955565005540848,32,False,UNAVAILABLE,DISABLED,DISABLED,DISABLED,UNAVAILABLE,DISABLED,28.070585180073977,9.792165686842054,38.215756797231734
12,56,0.0021020211279392242,4.3247323446848895e-06,0.1104612946510315,-0.09244894981384277,2.1623661723424448e-06,0.05523064732551575,-0.04622447490692139,0.011110354214906693,32,False,UNAVAILABLE,DISABLED,DISABLED,DISABLED,UNAVAILABLE,DISABLED,28.070585180073977,9.792165686842054,38.215756797231734
12,57,0.0019861499313265085,2.638695605128305e-06,0.08716064691543579,-0.10769939422607422,1.3193478025641525e-06,0.043580323457717896,-0.05384969711303711,-0.008281905204057693,32,False,UNAVAILABLE,DISABLED,DISABLED,DISABLED,UNAVAILABLE,DISABLED,28.070585180073977,9.792165686842054,38.215756797231734
12,58,0.002079350408166647,5.515756583918119e-06,0.11027097702026367,-0.07801046222448349,2.7578782919590594e-06,0.055135488510131836,-0.039005231112241745,0.018212366849184036,32,False,UNAVAILABLE,DISABLED,DISABLED,DISABLED,UNAVAILABLE,DISABLED,28.070585180073977,9.792165686842054,38.215756797231734
12,59,0.0018446005415171385,4.239293502905639e-06,0.07972550392150879,-0.08679613471031189,2.1196467514528194e-06,0.039862751960754395,-0.043398067355155945,-0.001688595861196518,32,False,UNAVAILABLE,DISABLED,DISABLED,DISABLED,UNAVAILABLE,DISABLED,28.070585180073977,9.792165686842054,38.215756797231734
12,60,0.0017330554546788335,2.5689180347399088e-06,0.05707705020904541,-0.06920717656612396,1.2844590173699544e-06,0.028538525104522705,-0.03460358828306198,-0.004330722615122795,32,False,UNAVAILABLE,DISABLED,DISABLED,DISABLED,UNAVAILABLE,DISABLED,28.070585180073977,9.792165686842054,38.215756797231734
12,61,0.0018432416254654527,2.761800942607806e-06,0.09003090858459473,-0.08333511650562286,1.380900471303903e-06,0.04501545429229736,-0.04166755825281143,0.00519251823425293,32,False,UNAVAILABLE,DISABLED,DISABLED,DISABLED,UNAVAILABLE,DISABLED,28.070585180073977,9.792165686842054,38.215756797231734
12,62,0.07227534055709839,3.6697967971122125e-06,0.08467310667037964,-0.0759647935628891,1.8348983985561063e-06,0.04233655333518982,-0.03798239678144455,0.0766313299536705,32,False,UNAVAILABLE,DISABLED,DISABLED,DISABLED,UNAVAILABLE,DISABLED,28.070585180073977,9.792165686842054,38.215756797231734
12,63,0.0019740010611712933,3.1795782433619024e-06,0.06528246402740479,-0.06712204962968826,1.5897891216809512e-06,0.03264123201370239,-0.03356102481484413,0.001055799424648285,32,False,UNAVAILABLE,DISABLED,DISABLED,DISABLED,UNAVAILABLE,DISABLED,28.070585180073977,9.792165686842054,38.215756797231734
12,64,0.001641565002501011,4.653559699363541e-06,0.07914024591445923,-0.058919508010149,2.3267798496817704e-06,0.039570122957229614,-0.0294597540050745,0.011754261329770088,32,False,UNAVAILABLE,DISABLED,DISABLED,DISABLED,UNAVAILABLE,DISABLED,28.070585180073977,9.792165686842054,38.215756797231734
12,65,0.0022557033225893974,3.384508318049484e-06,0.09206396341323853,-0.08600527048110962,1.692254159024742e-06,0.04603198170661926,-0.04300263524055481,0.005286742001771927,32,False,UNAVAILABLE,DISABLED,DISABLED,DISABLED,UNAVAILABLE,DISABLED,28.070585180073977,9.792165686842054,38.215756797231734
12,66,0.001780578400939703,3.095427018706687e-06,0.08654093742370605,-0.08982118964195251,1.5477135093533434e-06,0.04327046871185303,-0.04491059482097626,0.00014200061559677124,32,False,UNAVAILABLE,DISABLED,DISABLED,DISABLED,UNAVAILABLE,DISABLED,28.070585180073977,9.792165686842054,38.215756797231734
12,67,0.0016939733177423477,4.918084869132144e-06,0.07998895645141602,-0.0773548111319542,2.459042434566072e-06,0.03999447822570801,-0.0386774055659771,0.003013506531715393,32,False,UNAVAILABLE,DISABLED,DISABLED,DISABLED,UNAVAILABLE,DISABLED,28.070585180073977,9.792165686842054,38.215756797231734
12,68,0.0018374667270109057,6.803713404224254e-06,0.15263324975967407,-0.07529997080564499,3.401856702112127e-06,0.07631662487983704,-0.037649985402822495,0.04050750657916069,32,False,UNAVAILABLE,DISABLED,DISABLED,DISABLED,UNAVAILABLE,DISABLED,28.070585180073977,9.792165686842054,38.215756797231734
12,69,0.0028762202709913254,4.612546035787091e-06,0.1141403317451477,-0.0806039571762085,2.3062730178935453e-06,0.05707016587257385,-0.04030197858810425,0.019646715372800827,32,False,UNAVAILABLE,DISABLED,DISABLED,DISABLED,UNAVAILABLE,DISABLED,28.070585180073977,9.792165686842054,38.215756797231734
12,70,0.0022727157920598984,3.661861001091893e-06,0.10463911294937134,-0.0751727744936943,1.8309305005459464e-06,0.05231955647468567,-0.03758638724684715,0.01700771600008011,32,False,UNAVAILABLE,DISABLED,DISABLED,DISABLED,UNAVAILABLE,DISABLED,28.070585180073977,9.792165686842054,38.215756797231734
12,71,0.0019076946191489697,3.8019240946596256e-06,0.07178926467895508,-0.07157516479492188,1.9009620473298128e-06,0.03589463233947754,-0.03578758239746094,0.002016644924879074,32,False,UNAVAILABLE,DISABLED,DISABLED,DISABLED,UNAVAILABLE,DISABLED,28.070585180073977,9.792165686842054,38.215756797231734
12,72,0.002095924923196435,3.139971113341744e-06,0.06859630346298218,-0.05802612006664276,1.569985556670872e-06,0.03429815173149109,-0.02901306003332138,0.007382586598396301,32,False,UNAVAILABLE,DISABLED,DISABLED,DISABLED,UNAVAILABLE,DISABLED,28.070585180073977,9.792165686842054,38.215756797231734
12,73,0.0019455061992630363,3.496659701340832e-06,0.08655810356140137,-0.0532866045832634,1.748329850670416e-06,0.043279051780700684,-0.0266433022916317,0.01858300343155861,32,False,UNAVAILABLE,DISABLED,DISABLED,DISABLED,UNAVAILABLE,DISABLED,28.070585180073977,9.792165686842054,38.215756797231734
12,74,0.001835796283558011,3.8039881928852992e-06,0.08850651979446411,-0.05529104173183441,1.9019940964426496e-06,0.044253259897232056,-0.027645520865917206,0.018445435911417007,32,False,UNAVAILABLE,DISABLED,DISABLED,DISABLED,UNAVAILABLE,DISABLED,28.070585180073977,9.792165686842054,38.215756797231734
12,75,0.0017422796227037907,1.0152766662940849e-05,0.20534545183181763,-0.0509500652551651,5.076383331470424e-06,0.10267272591590881,-0.02547503262758255,0.07894504815340042,32,False,UNAVAILABLE,DISABLED,DISABLED,DISABLED,UNAVAILABLE,DISABLED,28.070585180073977,9.792165686842054,38.215756797231734
12,76,0.0019555387552827597,2.4803782707749633e-06,0.07691377401351929,-0.06756927073001862,1.2401891353874817e-06,0.038456887006759644,-0.03378463536500931,0.006629031151533127,32,False,UNAVAILABLE,DISABLED,DISABLED,DISABLED,UNAVAILABLE,DISABLED,28.070585180073977,9.792165686842054,38.215756797231734
12,77,0.001682344009168446,2.1572941477643326e-06,0.06001406908035278,-0.045576438307762146,1.0786470738821663e-06,0.03000703454017639,-0.022788219153881073,0.008902236819267273,32,False,UNAVAILABLE,DISABLED,DISABLED,DISABLED,UNAVAILABLE,DISABLED,28.070585180073977,9.792165686842054,38.215756797231734
12,78,0.0018075775587931275,3.961949914810248e-06,0.08463656902313232,-0.05493380129337311,1.980974957405124e-06,0.04231828451156616,-0.027466900646686554,0.016660943627357483,32,False,UNAVAILABLE,DISABLED,DISABLED,DISABLED,UNAVAILABLE,DISABLED,28.070585180073977,9.792165686842054,38.215756797231734
12,79,0.0028994556050747633,4.0939903556136414e-06,0.06423968076705933,-0.05369216203689575,2.0469951778068207e-06,0.03211984038352966,-0.026846081018447876,0.008175261318683624,32,False,UNAVAILABLE,DISABLED,DISABLED,DISABLED,UNAVAILABLE,DISABLED,28.070585180073977,9.792165686842054,38.215756797231734
12,80,0.0016355173429474235,5.2969235184718855e-06,0.11719191074371338,-0.04142498970031738,2.6484617592359427e-06,0.05859595537185669,-0.02071249485015869,0.03952162712812424,32,False,UNAVAILABLE,DISABLED,DISABLED,DISABLED,UNAVAILABLE,DISABLED,28.070585180073977,9.792165686842054,38.215756797231734
12,81,0.0019402563339099288,4.084370630152989e-06,0.08101612329483032,-0.05740565061569214,2.0421853150764946e-06,0.04050806164741516,-0.02870282530784607,0.013747535645961761,32,False,UNAVAILABLE,DISABLED,DISABLED,DISABLED,UNAVAILABLE,DISABLED,28.070585180073977,9.792165686842054,38.215756797231734
12,82,0.002480341587215662,3.0082642297202256e-06,0.07435256242752075,-0.04196488857269287,1.5041321148601128e-06,0.037176281213760376,-0.020982444286346436,0.018675681203603745,32,False,UNAVAILABLE,DISABLED,DISABLED,DISABLED,UNAVAILABLE,DISABLED,28.070585180073977,9.792165686842054,38.215756797231734
12,83,0.0018889540806412697,3.968934379372513e-06,0.07043802738189697,-0.051134780049324036,1.9844671896862565e-06,0.035219013690948486,-0.025567390024662018,0.011542562395334244,32,False,UNAVAILABLE,DISABLED,DISABLED,DISABLED,UNAVAILABLE,DISABLED,28.070585180073977,9.792165686842054,38.215756797231734
12,84,0.0017948709428310394,2.547332542235381e-06,0.051276445388793945,-0.03993234038352966,1.2736662711176905e-06,0.025638222694396973,-0.01996617019176483,0.0074681974947452545,32,False,UNAVAILABLE,DISABLED,DISABLED,DISABLED,UNAVAILABLE,DISABLED,28.070585180073977,9.792165686842054,38.215756797231734
12,85,0.0023106136359274387,3.1217161904351087e-06,0.06366842985153198,-0.030737191438674927,1.5608580952175544e-06,0.03183421492576599,-0.015368595719337463,0.018777795135974884,32,False,UNAVAILABLE,DISABLED,DISABLED,DISABLED,UNAVAILABLE,DISABLED,28.070585180073977,9.792165686842054,38.215756797231734
12,86,0.0018705675611272454,4.863061349169584e-06,0.0822111964225769,-0.030676797032356262,2.431530674584792e-06,0.04110559821128845,-0.015338398516178131,0.027640197426080704,32,False,UNAVAILABLE,DISABLED,DISABLED,DISABLED,UNAVAILABLE,DISABLED,28.070585180073977,9.792165686842054,38.215756797231734
12,87,0.002145384671166539,3.06561878460343e-06,0.05499303340911865,-0.038523897528648376,1.532809392301715e-06,0.027496516704559326,-0.019261948764324188,0.010381486266851425,32,False,UNAVAILABLE,DISABLED,DISABLED,DISABLED,UNAVAILABLE,DISABLED,28.070585180073977,9.792165686842054,38.215756797231734
12,88,0.0017834986792877316,2.9155637548683444e-06,0.06468528509140015,-0.01962253451347351,1.4577818774341722e-06,0.03234264254570007,-0.009811267256736755,0.02431633323431015,32,False,UNAVAILABLE,DISABLED,DISABLED,DISABLED,UNAVAILABLE,DISABLED,28.070585180073977,9.792165686842054,38.215756797231734
12,89,0.0020816070027649403,3.035254394490039e-06,0.07339334487915039,-0.02075609564781189,1.5176271972450195e-06,0.036696672439575195,-0.010378047823905945,0.028401747345924377,32,False,UNAVAILABLE,DISABLED,DISABLED,DISABLED,UNAVAILABLE,DISABLED,28.070585180073977,9.792165686842054,38.215756797231734
12,90,0.001837403979152441,2.145505277439952e-06,0.0601690411567688,-0.0240459144115448,1.072752638719976e-06,0.0300845205783844,-0.0120229572057724,0.019900038838386536,32,False,UNAVAILABLE,DISABLED,DISABLED,DISABLED,UNAVAILABLE,DISABLED,28.070585180073977,9.792165686842054,38.215756797231734
12,91,0.001954837469384074,2.75719116871187e-06,0.042023539543151855,-0.018045753240585327,1.378595584355935e-06,0.021011769771575928,-0.009022876620292664,0.013945110142230988,32,False,UNAVAILABLE,DISABLED,DISABLED,DISABLED,UNAVAILABLE,DISABLED,28.070585180073977,9.792165686842054,38.215756797231734
12,92,0.002151594962924719,2.3968536879692692e-06,0.04598736763000488,-0.020156383514404297,1.1984268439846346e-06,0.02299368381500244,-0.010078191757202148,0.015068285167217255,32,False,UNAVAILABLE,DISABLED,DISABLED,DISABLED,UNAVAILABLE,DISABLED,28.070585180073977,9.792165686842054,38.215756797231734
12,93,0.1998354196548462,2.7395553843234666e-06,0.050491392612457275,-0.02089911699295044,1.3697776921617333e-06,0.025245696306228638,-0.01044955849647522,0.21463292837142944,32,False,UNAVAILABLE,DISABLED,DISABLED,DISABLED,UNAVAILABLE,DISABLED,28.070585180073977,9.792165686842054,38.215756797231734
12,94,0.002873197663575411,3.222466148145031e-06,0.07319378852844238,-0.02475026249885559,1.6112330740725156e-06,0.03659689426422119,-0.012375131249427795,0.027096573263406754,32,False,UNAVAILABLE,DISABLED,DISABLED,DISABLED,UNAVAILABLE,DISABLED,28.070585180073977,9.792165686842054,38.215756797231734
12,95,0.001744984183460474,4.371231625555083e-06,0.11859375238418579,-0.017730772495269775,2.1856158127775416e-06,0.059296876192092896,-0.008865386247634888,0.05217865854501724,32,False,UNAVAILABLE,DISABLED,DISABLED,DISABLED,UNAVAILABLE,DISABLED,28.070585180073977,9.792165686842054,38.215756797231734
12,96,0.001692361431196332,2.4808784928609384e-06,0.06472450494766235,-0.015818417072296143,1.2404392464304692e-06,0.03236225247383118,-0.007909208536148071,0.026146646589040756,32,False,UNAVAILABLE,DISABLED,DISABLED,DISABLED,UNAVAILABLE,DISABLED,28.070585180073977,9.792165686842054,38.215756797231734
12,97,0.001601431635208428,3.332124833832495e-06,0.061222195625305176,-0.024534404277801514,1.6660624169162475e-06,0.030611097812652588,-0.012267202138900757,0.01994699239730835,32,False,UNAVAILABLE,DISABLED,DISABLED,DISABLED,UNAVAILABLE,DISABLED,28.070585180073977,9.792165686842054,38.215756797231734
12,98,0.002145487116649747,2.7625872007774888e-06,0.05016988515853882,-0.03417062759399414,1.3812936003887444e-06,0.02508494257926941,-0.01708531379699707,0.010146496817469597,32,False,UNAVAILABLE,DISABLED,DISABLED,DISABLED,UNAVAILABLE,DISABLED,28.070585180073977,9.792165686842054,38.215756797231734
12,99,0.001967727206647396,3.361584276717622e-06,0.05015283823013306,-0.031302958726882935,1.680792138358811e-06,0.02507641911506653,-0.015651479363441467,0.011394347995519638,32,False,UNAVAILABLE,DISABLED,DISABLED,DISABLED,UNAVAILABLE,DISABLED,28.070585180073977,9.792165686842054,38.215756797231734
12,100,0.0021839989349246025,3.0698452064825688e-06,0.05481290817260742,-0.033701568841934204,1.5349226032412844e-06,0.02740645408630371,-0.016850784420967102,0.012741204351186752,32,False,UNAVAILABLE,DISABLED,DISABLED,DISABLED,UNAVAILABLE,DISABLED,28.070585180073977,9.792165686842054,38.215756797231734
13,1,0.001538085751235485,2.5196427486662287e-06,0.051235079765319824,-0.025977451354265213,1.2598213743331144e-06,0.025617539882659912,-0.012988725677132607,0.014168160036206245,32,False,UNAVAILABLE,DISABLED,DISABLED,DISABLED,UNAVAILABLE,DISABLED,27.936150695197284,10.017578093102202,38.18107245862484
13,2,0.001242535887286067,2.504942131054122e-06,0.041558146476745605,-0.03583371639251709,1.252471065527061e-06,0.020779073238372803,-0.017916858196258545,0.004106003791093826,32,False,UNAVAILABLE,DISABLED,DISABLED,DISABLED,UNAVAILABLE,DISABLED,27.936150695197284,10.017578093102202,38.18107245862484
13,3,0.0013265478191897273,1.9204398995498195e-06,0.03858315944671631,-0.0454571396112442,9.602199497749098e-07,0.019291579723358154,-0.0227285698056221,-0.0021094828844070435,32,False,UNAVAILABLE,DISABLED,DISABLED,DISABLED,UNAVAILABLE,DISABLED,27.936150695197284,10.017578093102202,38.18107245862484
13,4,0.0013572856551036239,4.643933152692625e-06,0.06410527229309082,-0.06704486906528473,2.3219665763463126e-06,0.03205263614654541,-0.033522434532642365,-0.00011019036173820496,32,False,UNAVAILABLE,DISABLED,DISABLED,DISABLED,UNAVAILABLE,DISABLED,27.936150695197284,10.017578093102202,38.18107245862484
13,5,0.1931200474500656,2.6205530048173387e-06,0.0394970178604126,-0.06433665752410889,1.3102765024086693e-06,0.0197485089302063,-0.03216832876205444,0.18070153892040253,32,False,UNAVAILABLE,DISABLED,DISABLED,DISABLED,UNAVAILABLE,DISABLED,27.936150695197284,10.017578093102202,38.18107245862484
13,6,0.001250606612302363,2.7706601031241007e-06,0.03615516424179077,-0.05918143317103386,1.3853300515620504e-06,0.018077582120895386,-0.02959071658551693,-0.010261142626404762,32,False,UNAVAILABLE,DISABLED,DISABLED,DISABLED,UNAVAILABLE,DISABLED,27.936150695197284,10.017578093102202,38.18107245862484
13,7,0.0012124228524044156,1.7118884443334537e-06,0.0438806414604187,-0.07241279631853104,8.559442221667268e-07,0.02194032073020935,-0.03620639815926552,-0.013052798807621002,32,False,UNAVAILABLE,DISABLED,DISABLED,DISABLED,UNAVAILABLE,DISABLED,27.936150695197284,10.017578093102202,38.18107245862484
13,8,0.0012104182969778776,4.559168246487388e-06,0.06154608726501465,-0.10675588250160217,2.279584123243694e-06,0.030773043632507324,-0.053377941250801086,-0.021392200142145157,32,False,UNAVAILABLE,DISABLED,DISABLED,DISABLED,UNAVAILABLE,DISABLED,27.936150695197284,10.017578093102202,38.18107245862484
13,9,0.001469836919568479,2.5898182229866507e-06,0.04166597127914429,-0.09320435672998428,1.2949091114933253e-06,0.020832985639572144,-0.04660217836499214,-0.024298060685396194,32,False,UNAVAILABLE,DISABLED,DISABLED,DISABLED,UNAVAILABLE,DISABLED,27.936150695197284,10.017578093102202,38.18107245862484
13,10,0.0012492701644077897,3.2734262731537456e-06,0.05620092153549194,-0.11594189703464508,1.6367131365768728e-06,0.02810046076774597,-0.05797094851732254,-0.02861957997083664,32,False,UNAVAILABLE,DISABLED,DISABLED,DISABLED,UNAVAILABLE,DISABLED,27.936150695197284,10.017578093102202,38.18107245862484
13,11,0.001345151918940246,2.094208866765257e-06,0.043879568576812744,-0.10571502894163132,1.0471044333826285e-06,0.021939784288406372,-0.05285751447081566,-0.02957153134047985,32,False,UNAVAILABLE,DISABLED,DISABLED,DISABLED,UNAVAILABLE,DISABLED,27.936150695197284,10.017578093102202,38.18107245862484
13,12,0.0014036380453035235,4.036937752971426e-06,0.06994915008544922,-0.12390315532684326,2.018468876485713e-06,0.03497457504272461,-0.06195157766342163,-0.025571346282958984,32,False,UNAVAILABLE,DISABLED,DISABLED,DISABLED,UNAVAILABLE,DISABLED,27.936150695197284,10.017578093102202,38.18107245862484
13,13,0.001368204248137772,2.9666812224604655e-06,0.06414824724197388,-0.14768363535404205,1.4833406112302328e-06,0.03207412362098694,-0.07384181767702103,-0.0403980053961277,32,False,UNAVAILABLE,DISABLED,DISABLED,DISABLED,UNAVAILABLE,DISABLED,27.936150695197284,10.017578093102202,38.18107245862484
13,14,0.0011905397986993194,3.511465138217318e-06,0.05889612436294556,-0.14969661831855774,1.755732569108659e-06,0.02944806218147278,-0.07484830915927887,-0.04420795291662216,32,False,UNAVAILABLE,DISABLED,DISABLED,DISABLED,UNAVAILABLE,DISABLED,27.936150695197284,10.017578093102202,38.18107245862484
13,15,0.001297010574489832,2.7823975869978312e-06,0.05377817153930664,-0.14068692922592163,1.3911987934989156e-06,0.02688908576965332,-0.07034346461296082,-0.042155977338552475,32,False,UNAVAILABLE,DISABLED,DISABLED,DISABLED,UNAVAILABLE,DISABLED,27.936150695197284,10.017578093102202,38.18107245862484
13,16,0.0013854510616511106,5.55272845303989e-06,0.06340783834457397,-0.11855501681566238,2.776364226519945e-06,0.03170391917228699,-0.05927750840783119,-0.02618536353111267,32,False,UNAVAILABLE,DISABLED,DISABLED,DISABLED,UNAVAILABLE,DISABLED,27.936150695197284,10.017578093102202,38.18107245862484
13,17,0.0012282446259632707,2.843451966327848e-06,0.055898845195770264,-0.14371955394744873,1.421725983163924e-06,0.027949422597885132,-0.07185977697372437,-0.042680688202381134,32,False,UNAVAILABLE,DISABLED,DISABLED,DISABLED,UNAVAILABLE,DISABLED,27.936150695197284,10.017578093102202,38.18107245862484
13,18,0.001252484624274075,3.4151096315326868e-06,0.07527190446853638,-0.1684449166059494,1.7075548157663434e-06,0.03763595223426819,-0.0842224583029747,-0.04533231258392334,32,False,UNAVAILABLE,DISABLED,DISABLED,DISABLED,UNAVAILABLE,DISABLED,27.936150695197284,10.017578093102202,38.18107245862484
13,19,0.0015643816441297531,2.6414245439809747e-06,0.05186796188354492,-0.13519851863384247,1.3207122719904874e-06,0.02593398094177246,-0.06759925931692123,-0.040099576115608215,32,False,UNAVAILABLE,DISABLED,DISABLED,DISABLED,UNAVAILABLE,DISABLED,27.936150695197284,10.017578093102202,38.18107245862484
13,20,0.0011786239920184016,6.092205239838222e-06,0.07994186878204346,-0.14508774876594543,3.046102619919111e-06,0.03997093439102173,-0.07254387438297272,-0.03139127045869827,32,False,UNAVAILABLE,DISABLED,DISABLED,DISABLED,UNAVAILABLE,DISABLED,27.936150695197284,10.017578093102202,38.18107245862484
13,21,0.0014505094150081277,3.737011638804688e-06,0.061620473861694336,-0.15314508974552155,1.868505819402344e-06,0.030810236930847168,-0.07657254487276077,-0.04430992901325226,32,False,UNAVAILABLE,DISABLED,DISABLED,DISABLED,UNAVAILABLE,DISABLED,27.936150695197284,10.017578093102202,38.18107245862484
13,22,0.0015597681049257517,2.576184670033399e-06,0.06696105003356934,-0.16031718254089355,1.2880923350166995e-06,0.03348052501678467,-0.08015859127044678,-0.045117009431123734,32,False,UNAVAILABLE,DISABLED,DISABLED,DISABLED,UNAVAILABLE,DISABLED,27.936150695197284,10.017578093102202,38.18107245862484
13,23,0.0013382587349042296,2.9259399525471963e-06,0.07987189292907715,-0.16939207911491394,1.4629699762735981e-06,0.039935946464538574,-0.08469603955745697,-0.043420370668172836,32,False,UNAVAILABLE,DISABLED,DISABLED,DISABLED,UNAVAILABLE,DISABLED,27.936150695197284,10.017578093102202,38.18107245862484
13,24,0.0012968758819624782,5.868583684787154e-06,0.13047045469284058,-0.1963009089231491,2.934291842393577e-06,0.06523522734642029,-0.09815045446157455,-0.03161541372537613,32,False,UNAVAILABLE,DISABLED,DISABLED,DISABLED,UNAVAILABLE,DISABLED,27.936150695197284,10.017578093102202,38.18107245862484
13,25,0.0013693937798961997,5.151388904778287e-06,0.09686470031738281,-0.1798073947429657,2.5756944523891434e-06,0.048432350158691406,-0.08990369737148285,-0.0400993786752224,32,False,UNAVAILABLE,DISABLED,DISABLED,DISABLED,UNAVAILABLE,DISABLED,27.936150695197284,10.017578093102202,38.18107245862484
13,26,0.0013739968417212367,4.909073595626978e-06,0.08992129564285278,-0.1964496374130249,2.454536797813489e-06,0.04496064782142639,-0.09822481870651245,-0.051887720823287964,32,False,UNAVAILABLE,DISABLED,DISABLED,DISABLED,UNAVAILABLE,DISABLED,27.936150695197284,10.017578093102202,38.18107245862484
13,27,0.0010219709947705269,3.451257043707301e-06,0.07934427261352539,-0.18501730263233185,1.7256285218536505e-06,0.039672136306762695,-0.09250865131616592,-0.05181282013654709,32,False,UNAVAILABLE,DISABLED,DISABLED,DISABLED,UNAVAILABLE,DISABLED,27.936150695197284,10.017578093102202,38.18107245862484
13,28,0.1466507613658905,3.5294135614094557e-06,0.09628278017044067,-0.21018625795841217,1.7647067807047279e-06,0.04814139008522034,-0.10509312897920609,0.08970078080892563,32,False,UNAVAILABLE,DISABLED,DISABLED,DISABLED,UNAVAILABLE,DISABLED,27.936150695197284,10.017578093102202,38.18107245862484
13,29,0.001335400389507413,4.5729734665656e-06,0.08202517032623291,-0.19836056232452393,2.2864867332828e-06,0.041012585163116455,-0.09918028116226196,-0.05683000758290291,32,False,UNAVAILABLE,DISABLED,DISABLED,DISABLED,UNAVAILABLE,DISABLED,27.936150695197284,10.017578093102202,38.18107245862484
13,30,0.0011153692612424493,4.693058599514188e-06,0.08926576375961304,-0.1912154257297516,2.346529299757094e-06,0.04463288187980652,-0.0956077128648758,-0.049857113510370255,32,False,UNAVAILABLE,DISABLED,DISABLED,DISABLED,UNAVAILABLE,DISABLED,27.936150695197284,10.017578093102202,38.18107245862484
13,31,0.001524454797618091,5.856020379724214e-06,0.11058533191680908,-0.1970520317554474,2.928010189862107e-06,0.05529266595840454,-0.0985260158777237,-0.041705965995788574,32,False,UNAVAILABLE,DISABLED,DISABLED,DISABLED,UNAVAILABLE,DISABLED,27.936150695197284,10.017578093102202,38.18107245862484
13,32,0.001636513159610331,7.486683898605406e-06,0.1290385127067566,-0.22313082218170166,3.743341949302703e-06,0.0645192563533783,-0.11156541109085083,-0.04540589451789856,32,False,UNAVAILABLE,DISABLED,DISABLED,DISABLED,UNAVAILABLE,DISABLED,27.936150695197284,10.017578093102202,38.18107245862484
13,33,0.0013554125325754285,7.458376785507426e-06,0.13667738437652588,-0.22522985935211182,3.729188392753713e-06,0.06833869218826294,-0.11261492967605591,-0.04291709512472153,32,False,UNAVAILABLE,DISABLED,DISABLED,DISABLED,UNAVAILABLE,DISABLED,27.936150695197284,10.017578093102202,38.18107245862484
13,34,0.0013791853561997414,5.072131898486987e-06,0.10435104370117188,-0.20247796177864075,2.5360659492434934e-06,0.05217552185058594,-0.10123898088932037,-0.04768173769116402,32,False,UNAVAILABLE,DISABLED,DISABLED,DISABLED,UNAVAILABLE,DISABLED,27.936150695197284,10.017578093102202,38.18107245862484
13,35,0.001452408148907125,4.885309408564353e-06,0.08777880668640137,-0.19199267029762268,2.4426547042821767e-06,0.043889403343200684,-0.09599633514881134,-0.05065207928419113,32,False,UNAVAILABLE,DISABLED,DISABLED,DISABLED,UNAVAILABLE,DISABLED,27.936150695197284,10.017578093102202,38.18107245862484
13,36,0.0013453385327011347,5.213146323512774e-06,0.11258846521377563,-0.22854295372962952,2.606573161756387e-06,0.05629423260688782,-0.11427147686481476,-0.056629300117492676,32,False,UNAVAILABLE,DISABLED,DISABLED,DISABLED,UNAVAILABLE,DISABLED,27.936150695197284,10.017578093102202,38.18107245862484
13,37,0.0015968186780810356,4.640163751901127e-06,0.11128413677215576,-0.2099689245223999,2.3200818759505637e-06,0.05564206838607788,-0.10498446226119995,-0.04774325340986252,32,False,UNAVAILABLE,DISABLED,DISABLED,DISABLED,UNAVAILABLE,DISABLED,27.936150695197284,10.017578093102202,38.18107245862484
13,38,0.006628433242440224,4.504285698203603e-06,0.0965307354927063,-0.1653050184249878,2.2521428491018014e-06,0.04826536774635315,-0.0826525092124939,-0.027756456285715103,32,False,UNAVAILABLE,DISABLED,DISABLED,DISABLED,UNAVAILABLE,DISABLED,27.936150695197284,10.017578093102202,38.18107245862484
13,39,0.0014287903904914856,3.7916370274615474e-06,0.09941661357879639,-0.2155371904373169,1.8958185137307737e-06,0.04970830678939819,-0.10776859521865845,-0.05662960186600685,32,False,UNAVAILABLE,DISABLED,DISABLED,DISABLED,UNAVAILABLE,DISABLED,27.936150695197284,10.017578093102202,38.18107245862484
13,40,0.001400982029736042,3.717170557138161e-06,0.08831411600112915,-0.1760651171207428,1.8585852785690804e-06,0.044157058000564575,-0.0880325585603714,-0.042472660541534424,32,False,UNAVAILABLE,DISABLED,DISABLED,DISABLED,UNAVAILABLE,DISABLED,27.936150695197284,10.017578093102202,38.18107245862484
13,41,0.0016390957171097398,5.945883003732888e-06,0.13196182250976562,-0.164890319108963,2.972941501866444e-06,0.06598091125488281,-0.0824451595544815,-0.014822177588939667,32,False,UNAVAILABLE,DISABLED,DISABLED,DISABLED,UNAVAILABLE,DISABLED,27.936150695197284,10.017578093102202,38.18107245862484
13,42,0.001486347522586584,5.831491762364749e-06,0.1152920126914978,-0.15753886103630066,2.9157458811823744e-06,0.0576460063457489,-0.07876943051815033,-0.01963416114449501,32,False,UNAVAILABLE,DISABLED,DISABLED,DISABLED,UNAVAILABLE,DISABLED,27.936150695197284,10.017578093102202,38.18107245862484
13,43,0.0013326839543879032,4.18135186919244e-06,0.1405755877494812,-0.21274521946907043,2.09067593459622e-06,0.0702877938747406,-0.10637260973453522,-0.03475004434585571,32,False,UNAVAILABLE,DISABLED,DISABLED,DISABLED,UNAVAILABLE,DISABLED,27.936150695197284,10.017578093102202,38.18107245862484
13,44,0.0012299675727263093,3.207110239600297e-06,0.08359795808792114,-0.16788524389266968,1.6035551198001485e-06,0.04179897904396057,-0.08394262194633484,-0.040912073105573654,32,False,UNAVAILABLE,DISABLED,DISABLED,DISABLED,UNAVAILABLE,DISABLED,27.936150695197284,10.017578093102202,38.18107245862484
13,45,0.0015373773640021682,4.797398105438333e-06,0.09889113903045654,-0.17647141218185425,2.3986990527191665e-06,0.04944556951522827,-0.08823570609092712,-0.03725036233663559,32,False,UNAVAILABLE,DISABLED,DISABLED,DISABLED,UNAVAILABLE,DISABLED,27.936150695197284,10.017578093102202,38.18107245862484
13,46,0.0015182833885774016,5.370574399421457e-06,0.11935818195343018,-0.18571817874908447,2.6852871997107286e-06,0.05967909097671509,-0.09285908937454224,-0.03165902942419052,32,False,UNAVAILABLE,DISABLED,DISABLED,DISABLED,UNAVAILABLE,DISABLED,27.936150695197284,10.017578093102202,38.18107245862484
13,47,0.0015235008904710412,3.153691068291664e-06,0.06950622797012329,-0.14783045649528503,1.576845534145832e-06,0.034753113985061646,-0.07391522824764252,-0.03763703629374504,32,False,UNAVAILABLE,DISABLED,DISABLED,DISABLED,UNAVAILABLE,DISABLED,27.936150695197284,10.017578093102202,38.18107245862484
13,48,0.0014577966649085283,5.549284651351627e-06,0.1502537727355957,-0.16901996731758118,2.7746423256758135e-06,0.07512688636779785,-0.08450998365879059,-0.007922522723674774,32,False,UNAVAILABLE,DISABLED,DISABLED,DISABLED,UNAVAILABLE,DISABLED,27.936150695197284,10.017578093102202,38.18107245862484
13,49,0.0019107724074274302,5.600232725555543e-06,0.13596045970916748,-0.1824333667755127,2.8001163627777714e-06,0.06798022985458374,-0.09121668338775635,-0.021322883665561676,32,False,UNAVAILABLE,DISABLED,DISABLED,DISABLED,UNAVAILABLE,DISABLED,27.936150695197284,10.017578093102202,38.18107245862484
13,50,0.0015546504873782396,4.0444765545544215e-06,0.07600879669189453,-0.11628198623657227,2.0222382772772107e-06,0.038004398345947266,-0.05814099311828613,-0.01857992261648178,32,False,UNAVAILABLE,DISABLED,DISABLED,DISABLED,UNAVAILABLE,DISABLED,27.936150695197284,10.017578093102202,38.18107245862484
13,51,0.0014760310295969248,3.7697441257478204e-06,0.1024477481842041,-0.14420610666275024,1.8848720628739102e-06,0.05122387409210205,-0.07210305333137512,-0.01940126344561577,32,False,UNAVAILABLE,DISABLED,DISABLED,DISABLED,UNAVAILABLE,DISABLED,27.936150695197284,10.017578093102202,38.18107245862484
13,52,0.0013079254422336817,5.280539880914148e-06,0.11319708824157715,-0.18778446316719055,2.640269940457074e-06,0.056598544120788574,-0.09389223158359528,-0.0359831228852272,32,False,UNAVAILABLE,DISABLED,DISABLED,DISABLED,UNAVAILABLE,DISABLED,27.936150695197284,10.017578093102202,38.18107245862484
13,53,0.0013592797331511974,4.039396117150318e-06,0.10285413265228271,-0.17025130987167358,2.019698058575159e-06,0.05142706632614136,-0.08512565493583679,-0.032337289303541183,32,False,UNAVAILABLE,DISABLED,DISABLED,DISABLED,UNAVAILABLE,DISABLED,27.936150695197284,10.017578093102202,38.18107245862484
13,54,0.0013870694674551487,3.851002020383021e-06,0.10554957389831543,-0.17664971947669983,1.9255010101915104e-06,0.052774786949157715,-0.08832485973834991,-0.034161075949668884,32,False,UNAVAILABLE,DISABLED,DISABLED,DISABLED,UNAVAILABLE,DISABLED,27.936150695197284,10.017578093102202,38.18107245862484
13,55,0.0013971304288133979,6.627422862948151e-06,0.10784530639648438,-0.14532062411308289,3.3137114314740757e-06,0.05392265319824219,-0.07266031205654144,-0.017337214201688766,32,False,UNAVAILABLE,DISABLED,DISABLED,DISABLED,UNAVAILABLE,DISABLED,27.936150695197284,10.017578093102202,38.18107245862484
13,56,0.0017640884034335613,4.381321105029201e-06,0.1311098337173462,-0.16520094871520996,2.1906605525146006e-06,0.0655549168586731,-0.08260047435760498,-0.01527927815914154,32,False,UNAVAILABLE,DISABLED,DISABLED,DISABLED,UNAVAILABLE,DISABLED,27.936150695197284,10.017578093102202,38.18107245862484
13,57,0.001720222644507885,3.1969193514669314e-06,0.09073418378829956,-0.16141337156295776,1.5984596757334657e-06,0.04536709189414978,-0.08070668578147888,-0.0336177721619606,32,False,UNAVAILABLE,DISABLED,DISABLED,DISABLED,UNAVAILABLE,DISABLED,27.936150695197284,10.017578093102202,38.18107245862484
13,58,0.0018625191878527403,7.509606803068891e-06,0.15642458200454712,-0.10320615768432617,3.7548034015344456e-06,0.07821229100227356,-0.051603078842163086,0.028475485742092133,32,False,UNAVAILABLE,DISABLED,DISABLED,DISABLED,UNAVAILABLE,DISABLED,27.936150695197284,10.017578093102202,38.18107245862484
13,59,0.0014455895870923996,3.6006692880619084e-06,0.0846061110496521,-0.15348407626152039,1.8003346440309542e-06,0.04230305552482605,-0.07674203813076019,-0.03299159184098244,32,False,UNAVAILABLE,DISABLED,DISABLED,DISABLED,UNAVAILABLE,DISABLED,27.936150695197284,10.017578093102202,38.18107245862484
13,60,0.0013126891572028399,2.4506766749254894e-06,0.06713759899139404,-0.1173568069934845,1.2253383374627447e-06,0.03356879949569702,-0.05867840349674225,-0.02379569038748741,32,False,UNAVAILABLE,DISABLED,DISABLED,DISABLED,UNAVAILABLE,DISABLED,27.936150695197284,10.017578093102202,38.18107245862484
13,61,0.0015850439667701721,3.0108276405371726e-06,0.08590275049209595,-0.13127705454826355,1.5054138202685863e-06,0.042951375246047974,-0.06563852727413177,-0.02110060304403305,32,False,UNAVAILABLE,DISABLED,DISABLED,DISABLED,UNAVAILABLE,DISABLED,27.936150695197284,10.017578093102202,38.18107245862484
13,62,0.0013214044738560915,4.246741355018457e-06,0.08946257829666138,-0.15744590759277344,2.1233706775092287e-06,0.04473128914833069,-0.07872295379638672,-0.032668136060237885,32,False,UNAVAILABLE,DISABLED,DISABLED,DISABLED,UNAVAILABLE,DISABLED,27.936150695197284,10.017578093102202,38.18107245862484
13,63,0.001761987921781838,3.3077756143029546e-06,0.08072775602340698,-0.1411886215209961,1.6538878071514773e-06,0.04036387801170349,-0.07059431076049805,-0.028466790914535522,32,False,UNAVAILABLE,DISABLED,DISABLED,DISABLED,UNAVAILABLE,DISABLED,27.936150695197284,10.017578093102202,38.18107245862484
13,64,0.001396451028995216,5.774751116405241e-06,0.11971473693847656,-0.1263824701309204,2.8873755582026206e-06,0.05985736846923828,-0.0631912350654602,-0.0019345283508300781,32,False,UNAVAILABLE,DISABLED,DISABLED,DISABLED,UNAVAILABLE,DISABLED,27.936150695197284,10.017578093102202,38.18107245862484
13,65,0.0021184938959777355,3.716743322002003e-06,0.10007297992706299,-0.11604872345924377,1.8583716610010015e-06,0.050036489963531494,-0.05802436172962189,-0.005867518484592438,32,False,UNAVAILABLE,DISABLED,DISABLED,DISABLED,UNAVAILABLE,DISABLED,27.936150695197284,10.017578093102202,38.18107245862484
13,66,0.0015412492211908102,3.795944849116495e-06,0.09966796636581421,-0.14124569296836853,1.8979724245582474e-06,0.049833983182907104,-0.07062284648418427,-0.01924571767449379,32,False,UNAVAILABLE,DISABLED,DISABLED,DISABLED,UNAVAILABLE,DISABLED,27.936150695197284,10.017578093102202,38.18107245862484
13,67,0.001391915138810873,3.7630895803886233e-06,0.0703621506690979,-0.09397602081298828,1.8815447901943116e-06,0.03518107533454895,-0.04698801040649414,-0.010413140058517456,32,False,UNAVAILABLE,DISABLED,DISABLED,DISABLED,UNAVAILABLE,DISABLED,27.936150695197284,10.017578093102202,38.18107245862484
13,68,0.0015107872895896435,6.657161975454073e-06,0.13947665691375732,-0.06487205624580383,3.3285809877270367e-06,0.06973832845687866,-0.032436028122901917,0.0388164147734642,32,False,UNAVAILABLE,DISABLED,DISABLED,DISABLED,UNAVAILABLE,DISABLED,27.936150695197284,10.017578093102202,38.18107245862484
13,69,0.0013627615990117192,4.0586151044408325e-06,0.10851728916168213,-0.09506341814994812,2.0293075522204163e-06,0.054258644580841064,-0.04753170907497406,0.008091725409030914,32,False,UNAVAILABLE,DISABLED,DISABLED,DISABLED,UNAVAILABLE,DISABLED,27.936150695197284,10.017578093102202,38.18107245862484
13,70,0.0021675764583051205,2.9472721507772803e-06,0.0935128927230835,-0.09776324033737183,1.4736360753886402e-06,0.04675644636154175,-0.04888162016868591,4.3876469135284424e-05,32,False,UNAVAILABLE,DISABLED,DISABLED,DISABLED,UNAVAILABLE,DISABLED,27.936150695197284,10.017578093102202,38.18107245862484
13,71,0.0016056918539106846,4.284992428438272e-06,0.0751006007194519,-0.09377908706665039,2.142496214219136e-06,0.03755030035972595,-0.046889543533325195,-0.007731407880783081,32,False,UNAVAILABLE,DISABLED,DISABLED,DISABLED,UNAVAILABLE,DISABLED,27.936150695197284,10.017578093102202,38.18107245862484
13,72,0.0021050493232905865,2.8429387839423725e-06,0.07009506225585938,-0.08212316036224365,1.4214693919711863e-06,0.03504753112792969,-0.041061580181121826,-0.003907579928636551,32,False,UNAVAILABLE,DISABLED,DISABLED,DISABLED,UNAVAILABLE,DISABLED,27.936150695197284,10.017578093102202,38.18107245862484
13,73,0.0016590761952102184,2.9575760436273413e-06,0.0847175121307373,-0.06550145149230957,1.4787880218136706e-06,0.04235875606536865,-0.032750725746154785,0.011268585920333862,32,False,UNAVAILABLE,DISABLED,DISABLED,DISABLED,UNAVAILABLE,DISABLED,27.936150695197284,10.017578093102202,38.18107245862484
13,74,0.0015148345846682787,3.1548270271741785e-06,0.07702898979187012,-0.09009361267089844,1.5774135135870893e-06,0.03851449489593506,-0.04504680633544922,-0.005015898495912552,32,False,UNAVAILABLE,DISABLED,DISABLED,DISABLED,UNAVAILABLE,DISABLED,27.936150695197284,10.017578093102202,38.18107245862484
13,75,0.0016971661243587732,7.979111614986323e-06,0.19895172119140625,-0.0847899317741394,3.989555807493161e-06,0.09947586059570312,-0.0423949658870697,0.058782048523426056,32,False,UNAVAILABLE,DISABLED,DISABLED,DISABLED,UNAVAILABLE,DISABLED,27.936150695197284,10.017578093102202,38.18107245862484
13,76,0.0016143469838425517,2.460877340126899e-06,0.06198382377624512,-0.05472397804260254,1.2304386700634495e-06,0.03099191188812256,-0.02736198902130127,0.005245499312877655,32,False,UNAVAILABLE,DISABLED,DISABLED,DISABLED,UNAVAILABLE,DISABLED,27.936150695197284,10.017578093102202,38.18107245862484
13,77,0.0015321342507377267,1.8061916762235342e-06,0.051821231842041016,-0.0632067322731018,9.030958381117671e-07,0.025910615921020508,-0.0316033661365509,-0.004159713163971901,32,False,UNAVAILABLE,DISABLED,DISABLED,DISABLED,UNAVAILABLE,DISABLED,27.936150695197284,10.017578093102202,38.18107245862484
13,78,0.0017050113528966904,4.567577889247332e-06,0.09134399890899658,-0.08986693620681763,2.283788944623666e-06,0.04567199945449829,-0.044933468103408813,0.0024458281695842743,32,False,UNAVAILABLE,DISABLED,DISABLED,DISABLED,UNAVAILABLE,DISABLED,27.936150695197284,10.017578093102202,38.18107245862484
13,79,0.06723226606845856,3.2249906780634774e-06,0.06709086894989014,-0.08023041486740112,1.6124953390317387e-06,0.03354543447494507,-0.04011520743370056,0.060664102435112,32,False,UNAVAILABLE,DISABLED,DISABLED,DISABLED,UNAVAILABLE,DISABLED,27.936150695197284,10.017578093102202,38.18107245862484
13,80,0.0014377657789736986,3.2209725304710446e-06,0.08877551555633545,-0.0394214391708374,1.6104862652355223e-06,0.044387757778167725,-0.0197107195854187,0.026116415858268738,32,False,UNAVAILABLE,DISABLED,DISABLED,DISABLED,UNAVAILABLE,DISABLED,27.936150695197284,10.017578093102202,38.18107245862484
13,81,0.0017979689873754978,3.7495051401492674e-06,0.0605391263961792,0.003765702247619629,1.8747525700746337e-06,0.0302695631980896,0.0018828511238098145,0.0339522585272789,32,False,UNAVAILABLE,DISABLED,DISABLED,DISABLED,UNAVAILABLE,DISABLED,27.936150695197284,10.017578093102202,38.18107245862484
13,82,0.0016490817070007324,2.7568046334636165e-06,0.06934130191802979,-0.10612672567367554,1.3784023167318082e-06,0.03467065095901489,-0.05306336283683777,-0.016742251813411713,32,False,UNAVAILABLE,DISABLED,DISABLED,DISABLED,UNAVAILABLE,DISABLED,27.936150695197284,10.017578093102202,38.18107245862484
13,83,0.0017613585805520415,3.6858991734334268e-06,0.06255543231964111,-0.08012086153030396,1.8429495867167134e-06,0.03127771615982056,-0.04006043076515198,-0.007019512355327606,32,False,UNAVAILABLE,DISABLED,DISABLED,DISABLED,UNAVAILABLE,DISABLED,27.936150695197284,10.017578093102202,38.18107245862484
13,84,0.0016454656142741442,2.4247326564363902e-06,0.03707766532897949,-0.049528300762176514,1.2123663282181951e-06,0.018538832664489746,-0.024764150381088257,-0.004578638821840286,32,False,UNAVAILABLE,DISABLED,DISABLED,DISABLED,UNAVAILABLE,DISABLED,27.936150695197284,10.017578093102202,38.18107245862484
13,85,0.0023434730246663094,3.153769966957043e-06,0.05915933847427368,-0.0773041844367981,1.5768849834785215e-06,0.02957966923713684,-0.03865209221839905,-0.0067273713648319244,32,False,UNAVAILABLE,DISABLED,DISABLED,DISABLED,UNAVAILABLE,DISABLED,27.936150695197284,10.017578093102202,38.18107245862484
13,86,0.001772313378751278,3.6265876133256825e-06,0.08763879537582397,-0.11846882104873657,1.8132938066628412e-06,0.04381939768791199,-0.059234410524368286,-0.013640888035297394,32,False,UNAVAILABLE,DISABLED,DISABLED,DISABLED,UNAVAILABLE,DISABLED,27.936150695197284,10.017578093102202,38.18107245862484
13,87,0.001886380952782929,2.9626830837514717e-06,0.05291593074798584,-0.0620497465133667,1.4813415418757359e-06,0.02645796537399292,-0.03102487325668335,-0.002679046243429184,32,False,UNAVAILABLE,DISABLED,DISABLED,DISABLED,UNAVAILABLE,DISABLED,27.936150695197284,10.017578093102202,38.18107245862484
13,88,0.0019110178109258413,3.0587584660679568e-06,0.06937253475189209,-0.07482308149337769,1.5293792330339784e-06,0.034686267375946045,-0.03741154074668884,-0.0008127279579639435,32,False,UNAVAILABLE,DISABLED,DISABLED,DISABLED,UNAVAILABLE,DISABLED,27.936150695197284,10.017578093102202,38.18107245862484
13,89,0.001850766595453024,4.422427537065232e-06,0.08947378396987915,-0.1389504075050354,2.211213768532616e-06,0.044736891984939575,-0.0694752037525177,-0.022885333746671677,32,False,UNAVAILABLE,DISABLED,DISABLED,DISABLED,UNAVAILABLE,DISABLED,27.936150695197284,10.017578093102202,38.18107245862484
13,90,0.026874767616391182,1.931626911755302e-06,0.05230504274368286,-0.07238548994064331,9.65813455877651e-07,0.02615252137184143,-0.036192744970321655,0.016835510730743408,32,False,UNAVAILABLE,DISABLED,DISABLED,DISABLED,UNAVAILABLE,DISABLED,27.936150695197284,10.017578093102202,38.18107245862484
13,91,0.0018885547760874033,3.0463968414551346e-06,0.05345875024795532,-0.06526297330856323,1.5231984207275673e-06,0.02672937512397766,-0.032631486654281616,-0.0040120333433151245,32,False,UNAVAILABLE,DISABLED,DISABLED,DISABLED,UNAVAILABLE,DISABLED,27.936150695197284,10.017578093102202,38.18107245862484
13,92,0.0021881021093577147,2.7089415652881144e-06,0.04668283462524414,-0.04817086458206177,1.3544707826440572e-06,0.02334141731262207,-0.024085432291030884,0.0014454424381256104,32,False,UNAVAILABLE,DISABLED,DISABLED,DISABLED,UNAVAILABLE,DISABLED,27.936150695197284,10.017578093102202,38.18107245862484
13,93,0.00234048324637115,3.455682190178777e-06,0.05140751600265503,-0.04892677068710327,1.7278410950893885e-06,0.025703758001327515,-0.024463385343551636,0.0035825837403535843,32,False,UNAVAILABLE,DISABLED,DISABLED,DISABLED,UNAVAILABLE,DISABLED,27.936150695197284,10.017578093102202,38.18107245862484
13,94,0.001750756986439228,5.2781742851948366e-06,0.1208505630493164,-0.12422406673431396,2.6390871425974183e-06,0.0604252815246582,-0.06211203336715698,6.664544343948364e-05,32,False,UNAVAILABLE,DISABLED,DISABLED,DISABLED,UNAVAILABLE,DISABLED,27.936150695197284,10.017578093102202,38.18107245862484
13,95,0.001586729078553617,3.626203579187859e-06,0.1333635449409485,-0.1111193299293518,1.8131017895939294e-06,0.06668177247047424,-0.0555596649646759,0.012710653245449066,32,False,UNAVAILABLE,DISABLED,DISABLED,DISABLED,UNAVAILABLE,DISABLED,27.936150695197284,10.017578093102202,38.18107245862484
13,96,0.0019734776578843594,4.2668357309594285e-06,0.07901179790496826,-0.07857584953308105,2.1334178654797142e-06,0.03950589895248413,-0.03928792476654053,0.0021935850381851196,32,False,UNAVAILABLE,DISABLED,DISABLED,DISABLED,UNAVAILABLE,DISABLED,27.936150695197284,10.017578093102202,38.18107245862484
13,97,0.01464691013097763,2.8244655823073117e-06,0.06045234203338623,-0.07841473817825317,1.4122327911536559e-06,0.030226171016693115,-0.03920736908912659,0.005667123943567276,32,False,UNAVAILABLE,DISABLED,DISABLED,DISABLED,UNAVAILABLE,DISABLED,27.936150695197284,10.017578093102202,38.18107245862484
13,98,0.017249638214707375,5.590964519797126e-06,0.09438180923461914,-0.08573347330093384,2.795482259898563e-06,0.04719090461730957,-0.04286673665046692,0.021576598286628723,32,False,UNAVAILABLE,DISABLED,DISABLED,DISABLED,UNAVAILABLE,DISABLED,27.936150695197284,10.017578093102202,38.18107245862484
13,99,0.0028877179138362408,3.955400643462781e-06,0.09021651744842529,-0.06323987245559692,1.9777003217313904e-06,0.045108258724212646,-0.03161993622779846,0.016378019005060196,32,False,UNAVAILABLE,DISABLED,DISABLED,DISABLED,UNAVAILABLE,DISABLED,27.936150695197284,10.017578093102202,38.18107245862484
13,100,0.0019437571754679084,3.3349203931720695e-06,0.09016025066375732,-0.07635116577148438,1.6674601965860347e-06,0.04508012533187866,-0.03817558288574219,0.008849967271089554,32,False,UNAVAILABLE,DISABLED,DISABLED,DISABLED,UNAVAILABLE,DISABLED,27.936150695197284,10.017578093102202,38.18107245862484
14,1,0.0017219482688233256,2.8511665277619613e-06,0.05204397439956665,-0.019263610243797302,1.4255832638809807e-06,0.026021987199783325,-0.009631805121898651,0.018113555386662483,32,False,UNAVAILABLE,DISABLED,DISABLED,DISABLED,UNAVAILABLE,DISABLED,28.02237570658326,10.114829460857436,38.356510062702
14,2,0.0012928948272019625,2.2914430246601114e-06,0.049994468688964844,-0.026665307581424713,1.1457215123300557e-06,0.024997234344482422,-0.013332653790712357,0.012958621606230736,32,False,UNAVAILABLE,DISABLED,DISABLED,DISABLED,UNAVAILABLE,DISABLED,28.02237570658326,10.114829460857436,38.356510062702
14,3,0.0014921235851943493,3.3322719446005067e-06,0.058003127574920654,-0.015520423650741577,1.6661359723002533e-06,0.029001563787460327,-0.007760211825370789,0.022735141217708588,32,False,UNAVAILABLE,DISABLED,DISABLED,DISABLED,UNAVAILABLE,DISABLED,28.02237570658326,10.114829460857436,38.356510062702
14,4,0.0015863612061366439,2.5873430331557756e-06,0.03678536415100098,-0.02792016789317131,1.2936715165778878e-06,0.01839268207550049,-0.013960083946585655,0.006020253524184227,32,False,UNAVAILABLE,DISABLED,DISABLED,DISABLED,UNAVAILABLE,DISABLED,28.02237570658326,10.114829460857436,38.356510062702
14,5,0.0015984391793608665,2.8120869046688313e-06,0.04190540313720703,-0.053051844239234924,1.4060434523344156e-06,0.020952701568603516,-0.026525922119617462,-0.003973376005887985,32,False,UNAVAILABLE,DISABLED,DISABLED,DISABLED,UNAVAILABLE,DISABLED,28.02237570658326,10.114829460857436,38.356510062702
14,6,0.0012728699948638678,2.8529964311019285e-06,0.040988266468048096,-0.03891870006918907,1.4264982155509642e-06,0.020494133234024048,-0.019459350034594536,0.0023090802133083344,32,False,UNAVAILABLE,DISABLED,DISABLED,DISABLED,UNAVAILABLE,DISABLED,28.02237570658326,10.114829460857436,38.356510062702
14,7,0.0012653875164687634,1.8439811810821993e-06,0.05741089582443237,-0.04692596197128296,9.219905905410997e-07,0.028705447912216187,-0.02346298098564148,0.006508776918053627,32,False,UNAVAILABLE,DISABLED,DISABLED,DISABLED,UNAVAILABLE,DISABLED,28.02237570658326,10.114829460857436,38.356510062702
14,8,0.0019484313670545816,4.328117483964888e-06,0.05410486459732056,-0.08666492998600006,2.164058741982444e-06,0.02705243229866028,-0.04333246499300003,-0.014329437166452408,32,False,UNAVAILABLE,DISABLED,DISABLED,DISABLED,UNAVAILABLE,DISABLED,28.02237570658326,10.114829460857436,38.356510062702
14,9,0.0017419848591089249,3.021141537828953e-06,0.05488806962966919,-0.07680954784154892,1.5105707689144765e-06,0.027444034814834595,-0.03840477392077446,-0.009217243641614914,32,False,UNAVAILABLE,DISABLED,DISABLED,DISABLED,UNAVAILABLE,DISABLED,28.02237570658326,10.114829460857436,38.356510062702
14,10,0.0012215115129947662,3.7836232422705507e-06,0.06065845489501953,-0.08018595725297928,1.8918116211352753e-06,0.030329227447509766,-0.04009297862648964,-0.008540347218513489,32,False,UNAVAILABLE,DISABLED,DISABLED,DISABLED,UNAVAILABLE,DISABLED,28.02237570658326,10.114829460857436,38.356510062702
14,11,0.0014176714466884732,3.0743799470656086e-06,0.06627863645553589,-0.0940365195274353,1.5371899735328043e-06,0.033139318227767944,-0.04701825976371765,-0.012459732592105865,32,False,UNAVAILABLE,DISABLED,DISABLED,DISABLED,UNAVAILABLE,DISABLED,28.02237570658326,10.114829460857436,38.356510062702
14,12,0.0014704718487337232,3.885297701344825e-06,0.06528544425964355,-0.09039650857448578,1.9426488506724127e-06,0.03264272212982178,-0.04519825428724289,-0.011083118617534637,32,False,UNAVAILABLE,DISABLED,DISABLED,DISABLED,UNAVAILABLE,DISABLED,28.02237570658326,10.114829460857436,38.356510062702
14,13,0.001462671090848744,3.729728177859215e-06,0.056949496269226074,-0.11637536436319351,1.8648640889296075e-06,0.028474748134613037,-0.058187682181596756,-0.028248397633433342,32,False,UNAVAILABLE,DISABLED,DISABLED,DISABLED,UNAVAILABLE,DISABLED,28.02237570658326,10.114829460857436,38.356510062702
14,14,0.001347789540886879,3.7234169667499373e-06,0.06373292207717896,-0.1328027993440628,1.8617084833749686e-06,0.03186646103858948,-0.0664013996720314,-0.033185288310050964,32,False,UNAVAILABLE,DISABLED,DISABLED,DISABLED,UNAVAILABLE,DISABLED,28.02237570658326,10.114829460857436,38.356510062702
14,15,0.0014512025518342853,2.709890395635739e-06,0.04362207651138306,-0.11386648565530777,1.3549451978178695e-06,0.02181103825569153,-0.056933242827653885,-0.033669646829366684,32,False,UNAVAILABLE,DISABLED,DISABLED,DISABLED,UNAVAILABLE,DISABLED,28.02237570658326,10.114829460857436,38.356510062702
14,16,0.0016564965480938554,4.535327661869815e-06,0.0674138069152832,-0.11963360011577606,2.2676638309349073e-06,0.0337069034576416,-0.05981680005788803,-0.024451132863759995,32,False,UNAVAILABLE,DISABLED,DISABLED,DISABLED,UNAVAILABLE,DISABLED,28.02237570658326,10.114829460857436,38.356510062702
14,17,0.0013842519838362932,2.972725496874773e-06,0.05449765920639038,-0.12239235639572144,1.4863627484373865e-06,0.02724882960319519,-0.06119617819786072,-0.03256160765886307,32,False,UNAVAILABLE,DISABLED,DISABLED,DISABLED,UNAVAILABLE,DISABLED,28.02237570658326,10.114829460857436,38.356510062702
14,18,0.0016879133181646466,4.789047125086654e-06,0.09372693300247192,-0.1818535029888153,2.394523562543327e-06,0.04686346650123596,-0.09092675149440765,-0.04237297549843788,32,False,UNAVAILABLE,DISABLED,DISABLED,DISABLED,UNAVAILABLE,DISABLED,28.02237570658326,10.114829460857436,38.356510062702
14,19,0.0040136477909982204,3.0905766834621318e-06,0.05865836143493652,-0.12763360142707825,1.5452883417310659e-06,0.02932918071746826,-0.06381680071353912,-0.03047242760658264,32,False,UNAVAILABLE,DISABLED,DISABLED,DISABLED,UNAVAILABLE,DISABLED,28.02237570658326,10.114829460857436,38.356510062702
14,20,0.0012807195307686925,6.2671397245139815e-06,0.08670634031295776,-0.1538258045911789,3.1335698622569907e-06,0.04335317015647888,-0.07691290229558945,-0.03227587789297104,32,False,UNAVAILABLE,DISABLED,DISABLED,DISABLED,UNAVAILABLE,DISABLED,28.02237570658326,10.114829460857436,38.356510062702
14,21,0.20613187551498413,4.5543733904196415e-06,0.06756263971328735,-0.15336433053016663,2.2771866952098208e-06,0.03378131985664368,-0.07668216526508331,0.16323330998420715,32,False,UNAVAILABLE,DISABLED,DISABLED,DISABLED,UNAVAILABLE,DISABLED,28.02237570658326,10.114829460857436,38.356510062702
14,22,0.0013905386440455914,2.48393166657479e-06,0.04989218711853027,-0.12663672864437103,1.241965833287395e-06,0.024946093559265137,-0.06331836432218552,-0.03698049113154411,32,False,UNAVAILABLE,DISABLED,DISABLED,DISABLED,UNAVAILABLE,DISABLED,28.02237570658326,10.114829460857436,38.356510062702
14,23,0.0014013301115483046,2.9931063636468025e-06,0.07070249319076538,-0.17415441572666168,1.4965531818234012e-06,0.03535124659538269,-0.08707720786333084,-0.050323136150836945,32,False,UNAVAILABLE,DISABLED,DISABLED,DISABLED,UNAVAILABLE,DISABLED,28.02237570658326,10.114829460857436,38.356510062702
14,24,0.0014777949545532465,6.535113698191708e-06,0.13717925548553467,-0.21014215052127838,3.267556849095854e-06,0.06858962774276733,-0.10507107526063919,-0.035000383853912354,32,False,UNAVAILABLE,DISABLED,DISABLED,DISABLED,UNAVAILABLE,DISABLED,28.02237570658326,10.114829460857436,38.356510062702
14,25,0.0016985704423859715,4.570135843096068e-06,0.0909879207611084,-0.160497784614563,2.285067921548034e-06,0.0454939603805542,-0.0802488923072815,-0.03305407613515854,32,False,UNAVAILABLE,DISABLED,DISABLED,DISABLED,UNAVAILABLE,DISABLED,28.02237570658326,10.114829460857436,38.356510062702
14,26,0.0013234243961051106,5.0525509323051665e-06,0.08397197723388672,-0.1616067737340927,2.5262754661525832e-06,0.04198598861694336,-0.08080338686704636,-0.03749144822359085,32,False,UNAVAILABLE,DISABLED,DISABLED,DISABLED,UNAVAILABLE,DISABLED,28.02237570658326,10.114829460857436,38.356510062702
14,27,0.0010407967492938042,2.4099731490423437e-06,0.07051229476928711,-0.16538186371326447,1.2049865745211719e-06,0.035256147384643555,-0.08269093185663223,-0.046392783522605896,32,False,UNAVAILABLE,DISABLED,DISABLED,DISABLED,UNAVAILABLE,DISABLED,28.02237570658326,10.114829460857436,38.356510062702
14,28,0.0013614329509437084,2.979135842906544e-06,0.07359057664871216,-0.17338432371616364,1.489567921453272e-06,0.03679528832435608,-0.08669216185808182,-0.04853395000100136,32,False,UNAVAILABLE,DISABLED,DISABLED,DISABLED,UNAVAILABLE,DISABLED,28.02237570658326,10.114829460857436,38.356510062702
14,29,0.0012744336854666471,3.6021840514877113e-06,0.061924099922180176,-0.1549738347530365,1.8010920257438556e-06,0.030962049961090088,-0.07748691737651825,-0.04524863138794899,32,False,UNAVAILABLE,DISABLED,DISABLED,DISABLED,UNAVAILABLE,DISABLED,28.02237570658326,10.114829460857436,38.356510062702
14,30,0.0010125949047505856,4.619452283805003e-06,0.10245990753173828,-0.15678220987319946,2.3097261419025017e-06,0.05122995376586914,-0.07839110493659973,-0.02614624798297882,32,False,UNAVAILABLE,DISABLED,DISABLED,DISABLED,UNAVAILABLE,DISABLED,28.02237570658326,10.114829460857436,38.356510062702
14,31,0.0014256087597459555,4.898289716948057e-06,0.08710139989852905,-0.16744545102119446,2.4491448584740283e-06,0.043550699949264526,-0.08372272551059723,-0.038743969053030014,32,False,UNAVAILABLE,DISABLED,DISABLED,DISABLED,UNAVAILABLE,DISABLED,28.02237570658326,10.114829460857436,38.356510062702
14,32,0.001532154274173081,5.791623607365182e-06,0.09594088792800903,-0.1590098738670349,2.895811803682591e-06,0.04797044396400452,-0.07950493693351746,-0.029999442398548126,32,False,UNAVAILABLE,DISABLED,DISABLED,DISABLED,UNAVAILABLE,DISABLED,28.02237570658326,10.114829460857436,38.356510062702
14,33,0.0013135316548869014,6.685037988063414e-06,0.13995438814163208,-0.19727382063865662,3.342518994031707e-06,0.06997719407081604,-0.09863691031932831,-0.027342841029167175,32,False,UNAVAILABLE,DISABLED,DISABLED,DISABLED,UNAVAILABLE,DISABLED,28.02237570658326,10.114829460857436,38.356510062702
14,34,0.0013672809582203627,3.833491518889787e-06,0.08897620439529419,-0.17515555024147034,1.9167457594448933e-06,0.044488102197647095,-0.08757777512073517,-0.04172047600150108,32,False,UNAVAILABLE,DISABLED,DISABLED,DISABLED,UNAVAILABLE,DISABLED,28.02237570658326,10.114829460857436,38.356510062702
14,35,0.001339681213721633,4.278923370293342e-06,0.0772097110748291,-0.16787901520729065,2.139461685146671e-06,0.03860485553741455,-0.08393950760364532,-0.04399283230304718,32,False,UNAVAILABLE,DISABLED,DISABLED,DISABLED,UNAVAILABLE,DISABLED,28.02237570658326,10.114829460857436,38.356510062702
14,36,0.0013308717170730233,6.367190962919267e-06,0.11198639869689941,-0.2013031393289566,3.1835954814596334e-06,0.05599319934844971,-0.1006515696644783,-0.043324314057826996,32,False,UNAVAILABLE,DISABLED,DISABLED,DISABLED,UNAVAILABLE,DISABLED,28.02237570658326,10.114829460857436,38.356510062702
14,37,0.040366072207689285,4.108460416318849e-06,0.09128755331039429,-0.19134944677352905,2.0542302081594244e-06,0.045643776655197144,-0.09567472338676453,-0.009662821888923645,32,False,UNAVAILABLE,DISABLED,DISABLED,DISABLED,UNAVAILABLE,DISABLED,28.02237570658326,10.114829460857436,38.356510062702
14,38,0.0020964574068784714,5.1574984354374465e-06,0.13424712419509888,-0.16960911452770233,2.5787492177187232e-06,0.06712356209754944,-0.08480455726385117,-0.015581957995891571,32,False,UNAVAILABLE,DISABLED,DISABLED,DISABLED,UNAVAILABLE,DISABLED,28.02237570658326,10.114829460857436,38.356510062702
14,39,0.0012914295075461268,3.5732093692786293e-06,0.08605402708053589,-0.17087005078792572,1.7866046846393147e-06,0.043027013540267944,-0.08543502539396286,-0.041114795953035355,32,False,UNAVAILABLE,DISABLED,DISABLED,DISABLED,UNAVAILABLE,DISABLED,28.02237570658326,10.114829460857436,38.356510062702
14,40,0.0012893960811197758,5.3770340855407994e-06,0.10051071643829346,-0.17222249507904053,2.6885170427703997e-06,0.05025535821914673,-0.08611124753952026,-0.034563805907964706,32,False,UNAVAILABLE,DISABLED,DISABLED,DISABLED,UNAVAILABLE,DISABLED,28.02237570658326,10.114829460857436,38.356510062702
14,41,0.0015110439853742719,6.69496739647002e-06,0.14517110586166382,-0.20087330043315887,3.34748369823501e-06,0.07258555293083191,-0.10043665021657944,-0.026336707174777985,32,False,UNAVAILABLE,DISABLED,DISABLED,DISABLED,UNAVAILABLE,DISABLED,28.02237570658326,10.114829460857436,38.356510062702
14,42,0.0012598109897226095,6.532065526698716e-06,0.12004148960113525,-0.18747873604297638,3.266032763349358e-06,0.06002074480056763,-0.09373936802148819,-0.03245554491877556,32,False,UNAVAILABLE,DISABLED,DISABLED,DISABLED,UNAVAILABLE,DISABLED,28.02237570658326,10.114829460857436,38.356510062702
14,43,0.0010753816459327936,3.695139184856089e-06,0.12009972333908081,-0.2132556289434433,1.8475695924280444e-06,0.060049861669540405,-0.10662781447172165,-0.04550072178244591,32,False,UNAVAILABLE,DISABLED,DISABLED,DISABLED,UNAVAILABLE,DISABLED,28.02237570658326,10.114829460857436,38.356510062702
14,44,0.0010622097179293633,3.296112481621094e-06,0.07557862997055054,-0.16570797562599182,1.648056240810547e-06,0.03778931498527527,-0.08285398781299591,-0.044000815600156784,32,False,UNAVAILABLE,DISABLED,DISABLED,DISABLED,UNAVAILABLE,DISABLED,28.02237570658326,10.114829460857436,38.356510062702
14,45,0.001306374790146947,5.57201701667509e-06,0.1057785153388977,-0.17359143495559692,2.786008508337545e-06,0.05288925766944885,-0.08679571747779846,-0.03259729966521263,32,False,UNAVAILABLE,DISABLED,DISABLED,DISABLED,UNAVAILABLE,DISABLED,28.02237570658326,10.114829460857436,38.356510062702
14,46,0.0012729092268273234,4.528500539890956e-06,0.094524085521698,-0.16882333159446716,2.264250269945478e-06,0.047262042760849,-0.08441166579723358,-0.03587444871664047,32,False,UNAVAILABLE,DISABLED,DISABLED,DISABLED,UNAVAILABLE,DISABLED,28.02237570658326,10.114829460857436,38.356510062702
14,47,0.001361012109555304,3.2278064736601664e-06,0.07504487037658691,-0.13321667909622192,1.6139032368300832e-06,0.03752243518829346,-0.06660833954811096,-0.027723278850317,32,False,UNAVAILABLE,DISABLED,DISABLED,DISABLED,UNAVAILABLE,DISABLED,28.02237570658326,10.114829460857436,38.356510062702
14,48,0.0013917980249971151,4.205531240586424e-06,0.13731306791305542,-0.1299678236246109,2.102765620293212e-06,0.06865653395652771,-0.06498391181230545,0.005066521465778351,32,False,UNAVAILABLE,DISABLED,DISABLED,DISABLED,UNAVAILABLE,DISABLED,28.02237570658326,10.114829460857436,38.356510062702
14,49,0.001986136194318533,8.265739779744763e-06,0.16784119606018066,-0.16315266489982605,4.1328698898723815e-06,0.08392059803009033,-0.08157633244991302,0.004334531724452972,32,False,UNAVAILABLE,DISABLED,DISABLED,DISABLED,UNAVAILABLE,DISABLED,28.02237570658326,10.114829460857436,38.356510062702
14,50,0.001359578687697649,5.797102403448662e-06,0.11859506368637085,-0.12356223911046982,2.898551201724331e-06,0.059297531843185425,-0.06178111955523491,-0.0011211112141609192,32,False,UNAVAILABLE,DISABLED,DISABLED,DISABLED,UNAVAILABLE,DISABLED,28.02237570658326,10.114829460857436,38.356510062702
14,51,0.0012672888115048409,5.626522579404991e-06,0.1185421347618103,-0.07629570364952087,2.8132612897024956e-06,0.05927106738090515,-0.03814785182476044,0.02239331603050232,32,False,UNAVAILABLE,DISABLED,DISABLED,DISABLED,UNAVAILABLE,DISABLED,28.02237570658326,10.114829460857436,38.356510062702
14,52,0.0011373346205800772,5.0743278734444175e-06,0.10721772909164429,-0.14687496423721313,2.5371639367222087e-06,0.053608864545822144,-0.07343748211860657,-0.01868874579668045,32,False,UNAVAILABLE,DISABLED,DISABLED,DISABLED,UNAVAILABLE,DISABLED,28.02237570658326,10.114829460857436,38.356510062702
14,53,0.0010785330086946487,3.962668415624648e-06,0.1021721363067627,-0.11973929405212402,1.981334207812324e-06,0.05108606815338135,-0.05986964702606201,-0.007703065872192383,32,False,UNAVAILABLE,DISABLED,DISABLED,DISABLED,UNAVAILABLE,DISABLED,28.02237570658326,10.114829460857436,38.356510062702
14,54,0.0012453494127839804,4.274672846804606e-06,0.13022667169570923,-0.10906991362571716,2.137336423402303e-06,0.06511333584785461,-0.05453495681285858,0.011825866997241974,32,False,UNAVAILABLE,DISABLED,DISABLED,DISABLED,UNAVAILABLE,DISABLED,28.02237570658326,10.114829460857436,38.356510062702
14,55,0.0011997154215350747,7.660031769773923e-06,0.1554495096206665,-0.08946827799081802,3.8300158848869614e-06,0.07772475481033325,-0.04473413899540901,0.034194160252809525,32,False,UNAVAILABLE,DISABLED,DISABLED,DISABLED,UNAVAILABLE,DISABLED,28.02237570658326,10.114829460857436,38.356510062702
14,56,0.0015568629605695605,3.957861736125778e-06,0.11159145832061768,-0.07699444890022278,1.978930868062889e-06,0.05579572916030884,-0.03849722445011139,0.01885734498500824,32,False,UNAVAILABLE,DISABLED,DISABLED,DISABLED,UNAVAILABLE,DISABLED,28.02237570658326,10.114829460857436,38.356510062702
14,57,0.0015948314685374498,2.6011830414063297e-06,0.09056085348129272,-0.05225522443652153,1.3005915207031649e-06,0.04528042674064636,-0.026127612218260765,0.020748944953083992,32,False,UNAVAILABLE,DISABLED,DISABLED,DISABLED,UNAVAILABLE,DISABLED,28.02237570658326,10.114829460857436,38.356510062702
14,58,0.0017900478560477495,4.070765953656519e-06,0.09995239973068237,-0.02889302559196949,2.0353829768282594e-06,0.049976199865341187,-0.014446512795984745,0.037321772426366806,32,False,UNAVAILABLE,DISABLED,DISABLED,DISABLED,UNAVAILABLE,DISABLED,28.02237570658326,10.114829460857436,38.356510062702
14,59,0.0011975269299000502,4.0616550904815085e-06,0.09473001956939697,-0.07152865082025528,2.0308275452407543e-06,0.047365009784698486,-0.03576432541012764,0.012800242751836777,32,False,UNAVAILABLE,DISABLED,DISABLED,DISABLED,UNAVAILABLE,DISABLED,28.02237570658326,10.114829460857436,38.356510062702
14,60,0.001250745845027268,2.729118250499596e-06,0.06889677047729492,-0.03125157207250595,1.364559125249798e-06,0.03444838523864746,-0.015625786036252975,0.020074710249900818,32,False,UNAVAILABLE,DISABLED,DISABLED,DISABLED,UNAVAILABLE,DISABLED,28.02237570658326,10.114829460857436,38.356510062702
14,61,0.0017949574394151568,2.680691068235319e-06,0.09901154041290283,-0.015215221792459488,1.3403455341176596e-06,0.049505770206451416,-0.007607610896229744,0.04369445890188217,32,False,UNAVAILABLE,DISABLED,DISABLED,DISABLED,UNAVAILABLE,DISABLED,28.02237570658326,10.114829460857436,38.356510062702
14,62,0.0023509887978434563,4.469842679100111e-06,0.10591620206832886,-0.026288699358701706,2.2349213395500556e-06,0.05295810103416443,-0.013144349679350853,0.04216697812080383,32,False,UNAVAILABLE,DISABLED,DISABLED,DISABLED,UNAVAILABLE,DISABLED,28.02237570658326,10.114829460857436,38.356510062702
14,63,0.0015681205550208688,3.3324215564789483e-06,0.08088666200637817,-0.01613854616880417,1.6662107782394742e-06,0.04044333100318909,-0.008069273084402084,0.033943843096494675,32,False,UNAVAILABLE,DISABLED,DISABLED,DISABLED,UNAVAILABLE,DISABLED,28.02237570658326,10.114829460857436,38.356510062702
14,64,0.001309483777731657,4.143925707467133e-06,0.09140586853027344,0.0006660483777523041,2.0719628537335666e-06,0.04570293426513672,0.00033302418887615204,0.04734751582145691,32,False,UNAVAILABLE,DISABLED,DISABLED,DISABLED,UNAVAILABLE,DISABLED,28.02237570658326,10.114829460857436,38.356510062702
14,65,0.002167648868635297,3.189393055436085e-06,0.10030460357666016,0.005323946475982666,1.5946965277180425e-06,0.05015230178833008,0.002661973237991333,0.05498351901769638,32,False,UNAVAILABLE,DISABLED,DISABLED,DISABLED,UNAVAILABLE,DISABLED,28.02237570658326,10.114829460857436,38.356510062702
14,66,0.0014738310128450394,2.7839396352646872e-06,0.08897954225540161,0.04689893126487732,1.3919698176323436e-06,0.044489771127700806,0.02344946563243866,0.06941445916891098,32,False,UNAVAILABLE,DISABLED,DISABLED,DISABLED,UNAVAILABLE,DISABLED,28.02237570658326,10.114829460857436,38.356510062702
14,67,0.0011176277184858918,4.605200047080871e-06,0.08742004632949829,0.019117582589387894,2.3026000235404354e-06,0.043710023164749146,0.009558791294693947,0.05438874661922455,32,False,UNAVAILABLE,DISABLED,DISABLED,DISABLED,UNAVAILABLE,DISABLED,28.02237570658326,10.114829460857436,38.356510062702
14,68,0.0013214199570938945,6.5075587372120935e-06,0.12946563959121704,0.07529022544622421,3.2537793686060468e-06,0.06473281979560852,0.037645112723112106,0.1037026047706604,32,False,UNAVAILABLE,DISABLED,DISABLED,DISABLED,UNAVAILABLE,DISABLED,28.02237570658326,10.114829460857436,38.356510062702
14,69,0.0011031536851078272,5.000013516109902e-06,0.11324566602706909,0.022229798138141632,2.500006758054951e-06,0.056622833013534546,0.011114899069070816,0.06884338706731796,32,False,UNAVAILABLE,DISABLED,DISABLED,DISABLED,UNAVAILABLE,DISABLED,28.02237570658326,10.114829460857436,38.356510062702
14,70,0.0038355470169335604,3.249809878980159e-06,0.09695464372634888,0.05548035725951195,1.6249049394900794e-06,0.04847732186317444,0.027740178629755974,0.08005467057228088,32,False,UNAVAILABLE,DISABLED,DISABLED,DISABLED,UNAVAILABLE,DISABLED,28.02237570658326,10.114829460857436,38.356510062702
14,71,0.0013938365736976266,3.861312052322319e-06,0.08065813779830933,0.04304880276322365,1.9306560261611594e-06,0.04032906889915466,0.021524401381611824,0.06324923783540726,32,False,UNAVAILABLE,DISABLED,DISABLED,DISABLED,UNAVAILABLE,DISABLED,28.02237570658326,10.114829460857436,38.356510062702
14,72,0.001659573521465063,3.0114777018752648e-06,0.06732553243637085,0.03674580529332161,1.5057388509376324e-06,0.033662766218185425,0.018372902646660805,0.05369675159454346,32,False,UNAVAILABLE,DISABLED,DISABLED,DISABLED,UNAVAILABLE,DISABLED,28.02237570658326,10.114829460857436,38.356510062702
14,73,0.0016221017576754093,3.163576366205234e-06,0.07313168048858643,0.07266436517238617,1.581788183102617e-06,0.03656584024429321,0.036332182586193085,0.07452170550823212,32,False,UNAVAILABLE,DISABLED,DISABLED,DISABLED,UNAVAILABLE,DISABLED,28.02237570658326,10.114829460857436,38.356510062702
14,74,0.004986390937119722,3.349972757860087e-06,0.07287353277206421,0.06789039075374603,1.6749863789300434e-06,0.036436766386032104,0.033945195376873016,0.07537002861499786,32,False,UNAVAILABLE,DISABLED,DISABLED,DISABLED,UNAVAILABLE,DISABLED,28.02237570658326,10.114829460857436,38.356510062702
14,75,0.001354361535049975,7.5458333412825596e-06,0.15934956073760986,0.0976400226354599,3.7729166706412798e-06,0.07967478036880493,0.04882001131772995,0.12985292077064514,32,False,UNAVAILABLE,DISABLED,DISABLED,DISABLED,UNAVAILABLE,DISABLED,28.02237570658326,10.114829460857436,38.356510062702
14,76,0.0012882511364296079,3.5801665489998413e-06,0.08117365837097168,0.04571996629238129,1.7900832744999207e-06,0.04058682918548584,0.022859983146190643,0.06473685801029205,32,False,UNAVAILABLE,DISABLED,DISABLED,DISABLED,UNAVAILABLE,DISABLED,28.02237570658326,10.114829460857436,38.356510062702
14,77,0.001563156838528812,2.4076841782516567e-06,0.05313587188720703,0.077130027115345,1.2038420891258284e-06,0.026567935943603516,0.0385650135576725,0.06669731438159943,32,False,UNAVAILABLE,DISABLED,DISABLED,DISABLED,UNAVAILABLE,DISABLED,28.02237570658326,10.114829460857436,38.356510062702
14,78,0.00120151462033391,3.6736078072863165e-06,0.06497585773468018,0.09267068654298782,1.8368039036431583e-06,0.03248792886734009,0.04633534327149391,0.08002662658691406,32,False,UNAVAILABLE,DISABLED,DISABLED,DISABLED,UNAVAILABLE,DISABLED,28.02237570658326,10.114829460857436,38.356510062702
14,79,0.001277627656236291,2.7340672659192933e-06,0.05948007106781006,0.1068439781665802,1.3670336329596466e-06,0.02974003553390503,0.0534219890832901,0.08444102108478546,32,False,UNAVAILABLE,DISABLED,DISABLED,DISABLED,UNAVAILABLE,DISABLED,28.02237570658326,10.114829460857436,38.356510062702
14,80,0.0011417174246162176,4.161890501563903e-06,0.07408827543258667,0.13513292372226715,2.0809452507819515e-06,0.037044137716293335,0.06756646186113358,0.10575439780950546,32,False,UNAVAILABLE,DISABLED,DISABLED,DISABLED,UNAVAILABLE,DISABLED,28.02237570658326,10.114829460857436,38.356510062702
14,81,0.0013939717318862677,3.413661488593789e-06,0.07123786211013794,0.0763174518942833,1.7068307442968944e-06,0.03561893105506897,0.03815872594714165,0.07517333328723907,32,False,UNAVAILABLE,DISABLED,DISABLED,DISABLED,UNAVAILABLE,DISABLED,28.02237570658326,10.114829460857436,38.356510062702
14,82,0.0012458877172321081,2.480531065884861e-06,0.05048775672912598,0.10480226576328278,1.2402655329424306e-06,0.02524387836456299,0.05240113288164139,0.07889214158058167,32,False,UNAVAILABLE,DISABLED,DISABLED,DISABLED,UNAVAILABLE,DISABLED,28.02237570658326,10.114829460857436,38.356510062702
14,83,0.009721006266772747,4.86495719087543e-06,0.05678284168243408,0.08427021652460098,2.432478595437715e-06,0.02839142084121704,0.04213510826230049,0.08024996519088745,32,False,UNAVAILABLE,DISABLED,DISABLED,DISABLED,UNAVAILABLE,DISABLED,28.02237570658326,10.114829460857436,38.356510062702
14,84,0.002005884191021323,2.465118768668617e-06,0.029829740524291992,0.07493612170219421,1.2325593843343086e-06,0.014914870262145996,0.03746806085109711,0.05439005047082901,32,False,UNAVAILABLE,DISABLED,DISABLED,DISABLED,UNAVAILABLE,DISABLED,28.02237570658326,10.114829460857436,38.356510062702
14,85,0.001613772357814014,2.5315978291473584e-06,0.040122270584106445,0.10525470227003098,1.2657989145736792e-06,0.020061135292053223,0.05262735113501549,0.0743035227060318,32,False,UNAVAILABLE,DISABLED,DISABLED,DISABLED,UNAVAILABLE,DISABLED,28.02237570658326,10.114829460857436,38.356510062702
14,86,0.0015102914767339826,4.562080903269816e-06,0.06144756078720093,0.12530158460140228,2.281040451634908e-06,0.030723780393600464,0.06265079230070114,0.0948871448636055,32,False,UNAVAILABLE,DISABLED,DISABLED,DISABLED,UNAVAILABLE,DISABLED,28.02237570658326,10.114829460857436,38.356510062702
14,87,0.0014998228289186954,2.4062005650193896e-06,0.038543701171875,0.10419350117444992,1.2031002825096948e-06,0.0192718505859375,0.05209675058722496,0.07286962866783142,32,False,UNAVAILABLE,DISABLED,DISABLED,DISABLED,UNAVAILABLE,DISABLED,28.02237570658326,10.114829460857436,38.356510062702
14,88,0.0014163502492010593,3.747531991393771e-06,0.05821281671524048,0.10867511481046677,1.8737659956968855e-06,0.02910640835762024,0.05433755740523338,0.08486218750476837,32,False,UNAVAILABLE,DISABLED,DISABLED,DISABLED,UNAVAILABLE,DISABLED,28.02237570658326,10.114829460857436,38.356510062702
14,89,0.0031074730213731527,3.8410780689446256e-06,0.05512005090713501,0.09862242639064789,1.9205390344723128e-06,0.027560025453567505,0.049311213195323944,0.07998063415288925,32,False,UNAVAILABLE,DISABLED,DISABLED,DISABLED,UNAVAILABLE,DISABLED,28.02237570658326,10.114829460857436,38.356510062702
14,90,0.0013386862119659781,1.847532189458434e-06,0.04609149694442749,0.13958916068077087,9.23766094729217e-07,0.023045748472213745,0.06979458034038544,0.09417994320392609,32,False,UNAVAILABLE,DISABLED,DISABLED,DISABLED,UNAVAILABLE,DISABLED,28.02237570658326,10.114829460857436,38.356510062702
14,91,0.22147305309772491,2.0984330149076413e-06,0.03509211540222168,0.10450563579797745,1.0492165074538207e-06,0.01754605770111084,0.052252817898988724,0.29127296805381775,32,False,UNAVAILABLE,DISABLED,DISABLED,DISABLED,UNAVAILABLE,DISABLED,28.02237570658326,10.114829460857436,38.356510062702
14,92,0.40631207823753357,1.9508695459080627e-06,0.04014551639556885,0.07161683589220047,9.754347729540314e-07,0.020072758197784424,0.035808417946100235,0.4621942341327667,32,False,UNAVAILABLE,DISABLED,DISABLED,DISABLED,UNAVAILABLE,DISABLED,28.02237570658326,10.114829460857436,38.356510062702
14,93,0.0013701068237423897,3.238438921471243e-06,0.03833937644958496,0.1287548840045929,1.6192194607356214e-06,0.01916968822479248,0.06437744200229645,0.08491885662078857,32,False,UNAVAILABLE,DISABLED,DISABLED,DISABLED,UNAVAILABLE,DISABLED,28.02237570658326,10.114829460857436,38.356510062702
14,94,0.02551203966140747,3.900287083524745e-06,0.06199854612350464,0.09974849969148636,1.9501435417623725e-06,0.03099927306175232,0.04987424984574318,0.10638751089572906,32,False,UNAVAILABLE,DISABLED,DISABLED,DISABLED,UNAVAILABLE,DISABLED,28.02237570658326,10.114829460857436,38.356510062702
14,95,0.09520617872476578,4.8899246394285e-06,0.12236815690994263,0.16775426268577576,2.44496231971425e-06,0.061184078454971313,0.08387713134288788,0.24026982486248016,32,False,UNAVAILABLE,DISABLED,DISABLED,DISABLED,UNAVAILABLE,DISABLED,28.02237570658326,10.114829460857436,38.356510062702
14,96,0.0015818917891010642,3.2656457733537536e-06,0.05563914775848389,0.11758270859718323,1.6328228866768768e-06,0.027819573879241943,0.058791354298591614,0.08819445222616196,32,False,UNAVAILABLE,DISABLED,DISABLED,DISABLED,UNAVAILABLE,DISABLED,28.02237570658326,10.114829460857436,38.356510062702
14,97,0.0011790217831730843,1.7150093754025875e-06,0.030258476734161377,0.09025362133979797,8.575046877012937e-07,0.015129238367080688,0.04512681066989899,0.06143593043088913,32,False,UNAVAILABLE,DISABLED,DISABLED,DISABLED,UNAVAILABLE,DISABLED,28.02237570658326,10.114829460857436,38.356510062702
14,98,0.0019498453475534916,3.985660441685468e-06,0.05273407697677612,0.09560853987932205,1.992830220842734e-06,0.02636703848838806,0.047804269939661026,0.07612314820289612,32,False,UNAVAILABLE,DISABLED,DISABLED,DISABLED,UNAVAILABLE,DISABLED,28.02237570658326,10.114829460857436,38.356510062702
14,99,0.001534725888632238,3.660243010017439e-06,0.04702425003051758,0.10246552526950836,1.8301215050087194e-06,0.02351212501525879,0.05123276263475418,0.07628144323825836,32,False,UNAVAILABLE,DISABLED,DISABLED,DISABLED,UNAVAILABLE,DISABLED,28.02237570658326,10.114829460857436,38.356510062702
14,100,0.0014255905989557505,3.001929599122377e-06,0.053092896938323975,0.18303175270557404,1.5009647995611886e-06,0.026546448469161987,0.09151587635278702,0.11948941648006439,32,False,UNAVAILABLE,DISABLED,DISABLED,DISABLED,UNAVAILABLE,DISABLED,28.02237570658326,10.114829460857436,38.356510062702
15,1,0.0017278974410146475,2.8364672743919073e-06,0.04825150966644287,-0.020662769675254822,1.4182336371959536e-06,0.024125754833221436,-0.010331384837627411,0.01552368514239788,32,False,UNAVAILABLE,DISABLED,DISABLED,DISABLED,UNAVAILABLE,DISABLED,28.353786413557827,9.93826076714322,38.535369663499296
15,2,0.0008646017522551119,2.812679213093361e-06,0.027434587478637695,-0.01971329003572464,1.4063396065466804e-06,0.013717293739318848,-0.00985664501786232,0.004726656712591648,32,False,UNAVAILABLE,DISABLED,DISABLED,DISABLED,UNAVAILABLE,DISABLED,28.353786413557827,9.93826076714322,38.535369663499296
15,3,0.0011862136889249086,2.3865195544203743e-06,0.02746868133544922,-0.02272205427289009,1.1932597772101872e-06,0.01373434066772461,-0.011361027136445045,0.0035607200115919113,32,False,UNAVAILABLE,DISABLED,DISABLED,DISABLED,UNAVAILABLE,DISABLED,28.353786413557827,9.93826076714322,38.535369663499296
15,4,0.001135007245466113,2.8079055027774302e-06,0.024524450302124023,-0.03593211993575096,1.4039527513887151e-06,0.012262225151062012,-0.01796605996787548,-0.004567423835396767,32,False,UNAVAILABLE,DISABLED,DISABLED,DISABLED,UNAVAILABLE,DISABLED,28.353786413557827,9.93826076714322,38.535369663499296
15,5,0.0012477082200348377,2.662137148945476e-06,0.032343268394470215,-0.05975089594721794,1.331068574472738e-06,0.016171634197235107,-0.02987544797360897,-0.012454774230718613,32,False,UNAVAILABLE,DISABLED,DISABLED,DISABLED,UNAVAILABLE,DISABLED,28.353786413557827,9.93826076714322,38.535369663499296
15,6,0.0009563720668666065,2.4458047391817672e-06,0.025503873825073242,-0.047097884118556976,1.2229023695908836e-06,0.012751936912536621,-0.023548942059278488,-0.009839409962296486,32,False,UNAVAILABLE,DISABLED,DISABLED,DISABLED,UNAVAILABLE,DISABLED,28.353786413557827,9.93826076714322,38.535369663499296
15,7,0.0009753906633704901,1.4263274579207064e-06,0.0235062837600708,-0.056428343057632446,7.131637289603532e-07,0.0117531418800354,-0.028214171528816223,-0.015484925359487534,32,False,UNAVAILABLE,DISABLED,DISABLED,DISABLED,UNAVAILABLE,DISABLED,28.353786413557827,9.93826076714322,38.535369663499296
15,8,0.0009667891426943243,6.20795026406995e-06,0.0833931565284729,-0.10333844274282455,3.103975132034975e-06,0.04169657826423645,-0.05166922137141228,-0.009002748876810074,32,False,UNAVAILABLE,DISABLED,DISABLED,DISABLED,UNAVAILABLE,DISABLED,28.353786413557827,9.93826076714322,38.535369663499296
15,9,0.0013679992407560349,2.794194642774528e-06,0.057343125343322754,-0.10871706902980804,1.397097321387264e-06,0.028671562671661377,-0.05435853451490402,-0.024317575618624687,32,False,UNAVAILABLE,DISABLED,DISABLED,DISABLED,UNAVAILABLE,DISABLED,28.353786413557827,9.93826076714322,38.535369663499296
15,10,0.0010017415042966604,3.573972435333417e-06,0.05948746204376221,-0.11157920211553574,1.7869862176667084e-06,0.029743731021881104,-0.05578960105776787,-0.025042342022061348,32,False,UNAVAILABLE,DISABLED,DISABLED,DISABLED,UNAVAILABLE,DISABLED,28.353786413557827,9.93826076714322,38.535369663499296
15,11,0.0010854158317670226,2.500233449609368e-06,0.05471944808959961,-0.08761320263147354,1.250116724804684e-06,0.027359724044799805,-0.04380660131573677,-0.015360211953520775,32,False,UNAVAILABLE,DISABLED,DISABLED,DISABLED,UNAVAILABLE,DISABLED,28.353786413557827,9.93826076714322,38.535369663499296
15,12,0.0010668361792340875,4.165911832387792e-06,0.05074012279510498,-0.11078964918851852,2.082955916193896e-06,0.02537006139755249,-0.05539482459425926,-0.028955843299627304,32,False,UNAVAILABLE,DISABLED,DISABLED,DISABLED,UNAVAILABLE,DISABLED,28.353786413557827,9.93826076714322,38.535369663499296
15,13,0.0010743613820523024,3.701823516166769e-06,0.051419973373413086,-0.1317865401506424,1.8509117580833845e-06,0.025709986686706543,-0.0658932700753212,-0.0391070693731308,32,False,UNAVAILABLE,DISABLED,DISABLED,DISABLED,UNAVAILABLE,DISABLED,28.353786413557827,9.93826076714322,38.535369663499296
15,14,0.0010091494768857956,4.990525212633656e-06,0.0681692361831665,-0.13303962349891663,2.495262606316828e-06,0.03408461809158325,-0.06651981174945831,-0.031423550099134445,32,False,UNAVAILABLE,DISABLED,DISABLED,DISABLED,UNAVAILABLE,DISABLED,28.353786413557827,9.93826076714322,38.535369663499296
15,15,0.0024238384794443846,2.6524890017753933e-06,0.041765689849853516,-0.11611250042915344,1.3262445008876966e-06,0.020882844924926758,-0.05805625021457672,-0.03474824130535126,32,False,UNAVAILABLE,DISABLED,DISABLED,DISABLED,UNAVAILABLE,DISABLED,28.353786413557827,9.93826076714322,38.535369663499296
15,16,0.0013792600948363543,3.857966476061847e-06,0.06028836965560913,-0.10328717529773712,1.9289832380309235e-06,0.030144184827804565,-0.05164358764886856,-0.020118214190006256,32,False,UNAVAILABLE,DISABLED,DISABLED,DISABLED,UNAVAILABLE,DISABLED,28.353786413557827,9.93826076714322,38.535369663499296
15,17,0.0008773118024691939,4.2815913730009925e-06,0.06489408016204834,-0.13913846015930176,2.1407956865004962e-06,0.03244704008102417,-0.06956923007965088,-0.036242738366127014,32,False,UNAVAILABLE,DISABLED,DISABLED,DISABLED,UNAVAILABLE,DISABLED,28.353786413557827,9.93826076714322,38.535369663499296
15,18,0.0010902376379817724,4.350785275164526e-06,0.07874953746795654,-0.1445978879928589,2.175392637582263e-06,0.03937476873397827,-0.07229894399642944,-0.0318317636847496,32,False,UNAVAILABLE,DISABLED,DISABLED,DISABLED,UNAVAILABLE,DISABLED,28.353786413557827,9.93826076714322,38.535369663499296
15,19,0.0013251886703073978,3.5717516766453627e-06,0.05851393938064575,-0.13004717230796814,1.7858758383226814e-06,0.029256969690322876,-0.06502358615398407,-0.03443964198231697,32,False,UNAVAILABLE,DISABLED,DISABLED,DISABLED,UNAVAILABLE,DISABLED,28.353786413557827,9.93826076714322,38.535369663499296
15,20,0.0008881922112777829,5.748940566263627e-06,0.07674568891525269,-0.1274331510066986,2.8744702831318136e-06,0.03837284445762634,-0.0637165755033493,-0.024452663958072662,32,False,UNAVAILABLE,DISABLED,DISABLED,DISABLED,UNAVAILABLE,DISABLED,28.353786413557827,9.93826076714322,38.535369663499296
15,21,0.0013067307882010937,4.9217010200663935e-06,0.07061147689819336,-0.13247793912887573,2.4608505100331968e-06,0.03530573844909668,-0.06623896956443787,-0.02962404116988182,32,False,UNAVAILABLE,DISABLED,DISABLED,DISABLED,UNAVAILABLE,DISABLED,28.353786413557827,9.93826076714322,38.535369663499296
15,22,0.001118103158660233,2.3238810626935447e-06,0.05167418718338013,-0.11537039279937744,1.1619405313467723e-06,0.025837093591690063,-0.05768519639968872,-0.030728837475180626,32,False,UNAVAILABLE,DISABLED,DISABLED,DISABLED,UNAVAILABLE,DISABLED,28.353786413557827,9.93826076714322,38.535369663499296
15,23,0.0010911741992458701,2.9879465728299692e-06,0.0583840012550354,-0.1395946443080902,1.4939732864149846e-06,0.0291920006275177,-0.0697973221540451,-0.03951265290379524,32,False,UNAVAILABLE,DISABLED,DISABLED,DISABLED,UNAVAILABLE,DISABLED,28.353786413557827,9.93826076714322,38.535369663499296
15,24,0.001119699445553124,6.204850706126308e-06,0.11208003759384155,-0.17115101218223572,3.102425353063154e-06,0.056040018796920776,-0.08557550609111786,-0.02841268479824066,32,False,UNAVAILABLE,DISABLED,DISABLED,DISABLED,UNAVAILABLE,DISABLED,28.353786413557827,9.93826076714322,38.535369663499296
15,25,0.001220007543452084,4.108408575120848e-06,0.082538902759552,-0.14706823229789734,2.054204287560424e-06,0.041269451379776,-0.07353411614894867,-0.03104260191321373,32,False,UNAVAILABLE,DISABLED,DISABLED,DISABLED,UNAVAILABLE,DISABLED,28.353786413557827,9.93826076714322,38.535369663499296
15,26,0.001062717754393816,4.473828994377982e-06,0.07615673542022705,-0.1594592034816742,2.236914497188991e-06,0.038078367710113525,-0.0797296017408371,-0.04058627784252167,32,False,UNAVAILABLE,DISABLED,DISABLED,DISABLED,UNAVAILABLE,DISABLED,28.353786413557827,9.93826076714322,38.535369663499296
15,27,0.0007997867069207132,2.140686319762608e-06,0.060730814933776855,-0.14000383019447327,1.070343159881304e-06,0.030365407466888428,-0.07000191509723663,-0.03883565217256546,32,False,UNAVAILABLE,DISABLED,DISABLED,DISABLED,UNAVAILABLE,DISABLED,28.353786413557827,9.93826076714322,38.535369663499296
15,28,0.0011736333835870028,2.8515441954368725e-06,0.054927170276641846,-0.1396501660346985,1.4257720977184363e-06,0.027463585138320923,-0.06982508301734924,-0.041186437010765076,32,False,UNAVAILABLE,DISABLED,DISABLED,DISABLED,UNAVAILABLE,DISABLED,28.353786413557827,9.93826076714322,38.535369663499296
15,29,0.0011301927734166384,3.730732032636297e-06,0.05303162336349487,-0.1378248929977417,1.8653660163181485e-06,0.026515811681747437,-0.06891244649887085,-0.04126457870006561,32,False,UNAVAILABLE,DISABLED,DISABLED,DISABLED,UNAVAILABLE,DISABLED,28.353786413557827,9.93826076714322,38.535369663499296
15,30,0.0007654231740161777,4.034106950712157e-06,0.06316912174224854,-0.11593842506408691,2.0170534753560787e-06,0.03158456087112427,-0.05796921253204346,-0.025617212057113647,32,False,UNAVAILABLE,DISABLED,DISABLED,DISABLED,UNAVAILABLE,DISABLED,28.353786413557827,9.93826076714322,38.535369663499296
15,31,0.0011051889741793275,5.2336995395307895e-06,0.06667029857635498,-0.14099246263504028,2.6168497697653947e-06,0.03333514928817749,-0.07049623131752014,-0.03605327755212784,32,False,UNAVAILABLE,DISABLED,DISABLED,DISABLED,UNAVAILABLE,DISABLED,28.353786413557827,9.93826076714322,38.535369663499296
15,32,0.001192358206026256,5.955143024038989e-06,0.07739222049713135,-0.147272527217865,2.9775715120194945e-06,0.038696110248565674,-0.0736362636089325,-0.03374481946229935,32,False,UNAVAILABLE,DISABLED,DISABLED,DISABLED,UNAVAILABLE,DISABLED,28.353786413557827,9.93826076714322,38.535369663499296
15,33,0.0011535972589626908,4.1583998608984984e-06,0.0795515775680542,-0.1640288233757019,2.0791999304492492e-06,0.0397757887840271,-0.08201441168785095,-0.041082944720983505,32,False,UNAVAILABLE,DISABLED,DISABLED,DISABLED,UNAVAILABLE,DISABLED,28.353786413557827,9.93826076714322,38.535369663499296
15,34,0.001082980539649725,3.2964344427455217e-06,0.06479537487030029,-0.140322744846344,1.6482172213727608e-06,0.032397687435150146,-0.070161372423172,-0.03667905554175377,32,False,UNAVAILABLE,DISABLED,DISABLED,DISABLED,UNAVAILABLE,DISABLED,28.353786413557827,9.93826076714322,38.535369663499296
15,35,0.0010021690977737308,4.527507826423971e-06,0.0756690502166748,-0.1460973620414734,2.2637539132119855e-06,0.0378345251083374,-0.0730486810207367,-0.0342097245156765,32,False,UNAVAILABLE,DISABLED,DISABLED,DISABLED,UNAVAILABLE,DISABLED,28.353786413557827,9.93826076714322,38.535369663499296
15,36,0.0010071804281324148,5.494867309607798e-06,0.08194810152053833,-0.17036539316177368,2.747433654803899e-06,0.040974050760269165,-0.08518269658088684,-0.04319871962070465,32,False,UNAVAILABLE,DISABLED,DISABLED,DISABLED,UNAVAILABLE,DISABLED,28.353786413557827,9.93826076714322,38.535369663499296
15,37,0.0013717291876673698,3.5557684441300808e-06,0.06412148475646973,-0.1590445637702942,1.7778842220650404e-06,0.03206074237823486,-0.0795222818851471,-0.04608803242444992,32,False,UNAVAILABLE,DISABLED,DISABLED,DISABLED,UNAVAILABLE,DISABLED,28.353786413557827,9.93826076714322,38.535369663499296
15,38,0.0013653479982167482,5.029637122788699e-06,0.076260507106781,-0.16203296184539795,2.5148185613943497e-06,0.0381302535533905,-0.08101648092269897,-0.04151836410164833,32,False,UNAVAILABLE,DISABLED,DISABLED,DISABLED,UNAVAILABLE,DISABLED,28.353786413557827,9.93826076714322,38.535369663499296
15,39,0.0011639652075245976,3.861820005113259e-06,0.08455431461334229,-0.19515728950500488,1.9309100025566295e-06,0.04227715730667114,-0.09757864475250244,-0.05413559079170227,32,False,UNAVAILABLE,DISABLED,DISABLED,DISABLED,UNAVAILABLE,DISABLED,28.353786413557827,9.93826076714322,38.535369663499296
15,40,0.0011329833650961518,3.066077397306799e-06,0.05996739864349365,-0.1496179699897766,1.5330386986533995e-06,0.029983699321746826,-0.0748089849948883,-0.043690770864486694,32,False,UNAVAILABLE,DISABLED,DISABLED,DISABLED,UNAVAILABLE,DISABLED,28.353786413557827,9.93826076714322,38.535369663499296
15,41,0.0012458290439099073,5.162195975572104e-06,0.09388744831085205,-0.2113444209098816,2.581097987786052e-06,0.046943724155426025,-0.1056722104549408,-0.05748007446527481,32,False,UNAVAILABLE,DISABLED,DISABLED,DISABLED,UNAVAILABLE,DISABLED,28.353786413557827,9.93826076714322,38.535369663499296
15,42,0.0010476455790922046,5.366062396205962e-06,0.09809452295303345,-0.19210118055343628,2.683031198102981e-06,0.049047261476516724,-0.09605059027671814,-0.04595300182700157,32,False,UNAVAILABLE,DISABLED,DISABLED,DISABLED,UNAVAILABLE,DISABLED,28.353786413557827,9.93826076714322,38.535369663499296
15,43,0.0008864420815370977,5.125828920427011e-06,0.10292983055114746,-0.20247536897659302,2.5629144602135057e-06,0.05146491527557373,-0.10123768448829651,-0.04888376593589783,32,False,UNAVAILABLE,DISABLED,DISABLED,DISABLED,UNAVAILABLE,DISABLED,28.353786413557827,9.93826076714322,38.535369663499296
15,44,0.0010048405965790153,2.7814280656457413e-06,0.07792127132415771,-0.1718130111694336,1.3907140328228706e-06,0.03896063566207886,-0.0859065055847168,-0.04593963921070099,32,False,UNAVAILABLE,DISABLED,DISABLED,DISABLED,UNAVAILABLE,DISABLED,28.353786413557827,9.93826076714322,38.535369663499296
15,45,0.001121659530326724,4.380224709166214e-06,0.07859820127487183,-0.16125571727752686,2.190112354583107e-06,0.03929910063743591,-0.08062785863876343,-0.040204908698797226,32,False,UNAVAILABLE,DISABLED,DISABLED,DISABLED,UNAVAILABLE,DISABLED,28.353786413557827,9.93826076714322,38.535369663499296
15,46,0.0011419421061873436,4.808888206753181e-06,0.11428827047348022,-0.23490124940872192,2.4044441033765906e-06,0.05714413523674011,-0.11745062470436096,-0.05916214361786842,32,False,UNAVAILABLE,DISABLED,DISABLED,DISABLED,UNAVAILABLE,DISABLED,28.353786413557827,9.93826076714322,38.535369663499296
15,47,0.002668746979907155,3.614200750234886e-06,0.06134730577468872,-0.14696663618087769,1.807100375117443e-06,0.03067365288734436,-0.07348331809043884,-0.04013911262154579,32,False,UNAVAILABLE,DISABLED,DISABLED,DISABLED,UNAVAILABLE,DISABLED,28.353786413557827,9.93826076714322,38.535369663499296
15,48,0.001026719342917204,5.277476702758577e-06,0.14384466409683228,-0.1305253505706787,2.6387383513792884e-06,0.07192233204841614,-0.06526267528533936,0.0076890140771865845,32,False,UNAVAILABLE,DISABLED,DISABLED,DISABLED,UNAVAILABLE,DISABLED,28.353786413557827,9.93826076714322,38.535369663499296
15,49,0.001901889336295426,5.965235686744563e-06,0.1362929344177246,-0.14594197273254395,2.9826178433722816e-06,0.0681464672088623,-0.07297098636627197,-0.0029196441173553467,32,False,UNAVAILABLE,DISABLED,DISABLED,DISABLED,UNAVAILABLE,DISABLED,28.353786413557827,9.93826076714322,38.535369663499296
15,50,0.0011175822000950575,3.8900029721844476e-06,0.05990493297576904,-0.08462119102478027,1.9450014860922238e-06,0.02995246648788452,-0.04231059551239014,-0.011238601058721542,32,False,UNAVAILABLE,DISABLED,DISABLED,DISABLED,UNAVAILABLE,DISABLED,28.353786413557827,9.93826076714322,38.535369663499296
15,51,0.0011286184890195727,3.4866654914367246e-06,0.07806318998336792,-0.06440389156341553,1.7433327457183623e-06,0.03903159499168396,-0.032201945781707764,0.007960010319948196,32,False,UNAVAILABLE,DISABLED,DISABLED,DISABLED,UNAVAILABLE,DISABLED,28.353786413557827,9.93826076714322,38.535369663499296
15,52,0.0009236071491613984,4.517458364716731e-06,0.08386456966400146,-0.1013418436050415,2.2587291823583655e-06,0.04193228483200073,-0.05067092180252075,-0.007812771946191788,32,False,UNAVAILABLE,DISABLED,DISABLED,DISABLED,UNAVAILABLE,DISABLED,28.353786413557827,9.93826076714322,38.535369663499296
15,53,0.000952164176851511,4.569471002469072e-06,0.10172057151794434,-0.10190379619598389,2.284735501234536e-06,0.05086028575897217,-0.05095189809799194,0.0008628368377685547,32,False,UNAVAILABLE,DISABLED,DISABLED,DISABLED,UNAVAILABLE,DISABLED,28.353786413557827,9.93826076714322,38.535369663499296
15,54,0.001228929846547544,4.028898274555104e-06,0.12364643812179565,-0.08782422542572021,2.014449137277552e-06,0.06182321906089783,-0.04391211271286011,0.01914205402135849,32,False,UNAVAILABLE,DISABLED,DISABLED,DISABLED,UNAVAILABLE,DISABLED,28.353786413557827,9.93826076714322,38.535369663499296
15,55,0.0031984748784452677,8.312054887937848e-06,0.10865741968154907,-0.14224421977996826,4.156027443968924e-06,0.054328709840774536,-0.07112210988998413,-0.013590767979621887,32,False,UNAVAILABLE,DISABLED,DISABLED,DISABLED,UNAVAILABLE,DISABLED,28.353786413557827,9.93826076714322,38.535369663499296
15,56,0.11157696694135666,3.6714732232212555e-06,0.0877453088760376,-0.08533608913421631,1.8357366116106277e-06,0.0438726544380188,-0.042668044567108154,0.11278340220451355,32,False,UNAVAILABLE,DISABLED,DISABLED,DISABLED,UNAVAILABLE,DISABLED,28.353786413557827,9.93826076714322,38.535369663499296
15,57,0.0012403378495946527,2.9323882699827664e-06,0.06473660469055176,-0.022540926933288574,1.4661941349913832e-06,0.03236830234527588,-0.011270463466644287,0.02233964204788208,32,False,UNAVAILABLE,DISABLED,DISABLED,DISABLED,UNAVAILABLE,DISABLED,28.353786413557827,9.93826076714322,38.535369663499296
15,58,0.0013743535382673144,4.907661150355125e-06,0.10180127620697021,-0.010154008865356445,2.4538305751775624e-06,0.05090063810348511,-0.005077004432678223,0.04720044136047363,32,False,UNAVAILABLE,DISABLED,DISABLED,DISABLED,UNAVAILABLE,DISABLED,28.353786413557827,9.93826076714322,38.535369663499296
15,59,0.0009463674505241215,3.0982266707724193e-06,0.0634070634841919,0.018048405647277832,1.5491133353862097e-06,0.03170353174209595,0.009024202823638916,0.04167564958333969,32,False,UNAVAILABLE,DISABLED,DISABLED,DISABLED,UNAVAILABLE,DISABLED,28.353786413557827,9.93826076714322,38.535369663499296
15,60,0.0009242030791938305,3.004789959959453e-06,0.062322139739990234,0.03392624855041504,1.5023949799797265e-06,0.031161069869995117,0.01696312427520752,0.049049898982048035,32,False,UNAVAILABLE,DISABLED,DISABLED,DISABLED,UNAVAILABLE,DISABLED,28.353786413557827,9.93826076714322,38.535369663499296
15,61,0.001554029993712902,2.516564336474403e-06,0.042907118797302246,0.06670689582824707,1.2582821682372014e-06,0.021453559398651123,0.033353447914123535,0.05636229366064072,32,False,UNAVAILABLE,DISABLED,DISABLED,DISABLED,UNAVAILABLE,DISABLED,28.353786413557827,9.93826076714322,38.535369663499296
15,62,0.000956266128923744,4.087763954885304e-06,0.07696223258972168,-0.027550935745239258,2.043881977442652e-06,0.03848111629486084,-0.013775467872619629,0.025663956999778748,32,False,UNAVAILABLE,DISABLED,DISABLED,DISABLED,UNAVAILABLE,DISABLED,28.353786413557827,9.93826076714322,38.535369663499296
15,63,0.0017482922412455082,3.229012236261042e-06,0.08262068033218384,0.006653785705566406,1.614506118130521e-06,0.04131034016609192,0.003326892852783203,0.046387139707803726,32,False,UNAVAILABLE,DISABLED,DISABLED,DISABLED,UNAVAILABLE,DISABLED,28.353786413557827,9.93826076714322,38.535369663499296
15,64,0.002414299873635173,3.789266202147701e-06,0.0827183723449707,0.06107759475708008,1.8946331010738504e-06,0.04135918617248535,0.03053879737854004,0.0743141770362854,32,False,UNAVAILABLE,DISABLED,DISABLED,DISABLED,UNAVAILABLE,DISABLED,28.353786413557827,9.93826076714322,38.535369663499296
15,65,0.001828957349061966,3.14136696033529e-06,0.07128584384918213,0.017450809478759766,1.570683480167645e-06,0.035642921924591064,0.008725404739379883,0.046198856085538864,32,False,UNAVAILABLE,DISABLED,DISABLED,DISABLED,UNAVAILABLE,DISABLED,28.353786413557827,9.93826076714322,38.535369663499296
15,66,0.0011366662802174687,3.3745618566172197e-06,0.07433605194091797,0.0687786340713501,1.6872809283086099e-06,0.037168025970458984,0.03438931703567505,0.07269569486379623,32,False,UNAVAILABLE,DISABLED,DISABLED,DISABLED,UNAVAILABLE,DISABLED,28.353786413557827,9.93826076714322,38.535369663499296
15,67,0.0009957670699805021,2.9164687020966085e-06,0.048035621643066406,0.06825661659240723,1.4582343510483042e-06,0.024017810821533203,0.03412830829620361,0.059143342077732086,32,False,UNAVAILABLE,DISABLED,DISABLED,DISABLED,UNAVAILABLE,DISABLED,28.353786413557827,9.93826076714322,38.535369663499296
15,68,0.0011107680620625615,4.6196682887966745e-06,0.055031538009643555,0.05724525451660156,2.3098341443983372e-06,0.027515769004821777,0.02862262725830078,0.057251475751399994,32,False,UNAVAILABLE,DISABLED,DISABLED,DISABLED,UNAVAILABLE,DISABLED,28.353786413557827,9.93826076714322,38.535369663499296
15,69,0.005984533578157425,3.8427365325333085e-06,0.07479637861251831,0.0476306676864624,1.9213682662666542e-06,0.037398189306259155,0.0238153338432312,0.06719997525215149,32,False,UNAVAILABLE,DISABLED,DISABLED,DISABLED,UNAVAILABLE,DISABLED,28.353786413557827,9.93826076714322,38.535369663499296
15,70,0.0025567193515598774,4.052729309478309e-06,0.06308901309967041,0.0389711856842041,2.0263646547391545e-06,0.031544506549835205,0.01948559284210205,0.05358884483575821,32,False,UNAVAILABLE,DISABLED,DISABLED,DISABLED,UNAVAILABLE,DISABLED,28.353786413557827,9.93826076714322,38.535369663499296
15,71,0.001224373234435916,4.146666469750926e-06,0.06686115264892578,0.03228044509887695,2.073333234875463e-06,0.03343057632446289,0.016140222549438477,0.050797246396541595,32,False,UNAVAILABLE,DISABLED,DISABLED,DISABLED,UNAVAILABLE,DISABLED,28.353786413557827,9.93826076714322,38.535369663499296
15,72,0.0016589018050581217,2.1677144559362205e-06,0.04950028657913208,0.05344283580780029,1.0838572279681102e-06,0.02475014328956604,0.026721417903900146,0.05313154682517052,32,False,UNAVAILABLE,DISABLED,DISABLED,DISABLED,UNAVAILABLE,DISABLED,28.353786413557827,9.93826076714322,38.535369663499296
15,73,0.0011734323343262076,2.8524711979116546e-06,0.04607260227203369,0.08229982852935791,1.4262355989558273e-06,0.023036301136016846,0.041149914264678955,0.06536107510328293,32,False,UNAVAILABLE,DISABLED,DISABLED,DISABLED,UNAVAILABLE,DISABLED,28.353786413557827,9.93826076714322,38.535369663499296
15,74,0.0011106680613011122,2.6378443180874456e-06,0.055594682693481445,0.05218040943145752,1.3189221590437228e-06,0.027797341346740723,0.02609020471572876,0.05499953031539917,32,False,UNAVAILABLE,DISABLED,DISABLED,DISABLED,UNAVAILABLE,DISABLED,28.353786413557827,9.93826076714322,38.535369663499296
15,75,0.0012842918513342738,6.175764610816259e-06,0.1081763505935669,0.07341170310974121,3.0878823054081295e-06,0.05408817529678345,0.036705851554870605,0.09208140522241592,32,False,UNAVAILABLE,DISABLED,DISABLED,DISABLED,UNAVAILABLE,DISABLED,28.353786413557827,9.93826076714322,38.535369663499296
15,76,0.0010769267100840807,2.788174242596142e-06,0.06223219633102417,0.01652514934539795,1.394087121298071e-06,0.031116098165512085,0.008262574672698975,0.040456995368003845,32,False,UNAVAILABLE,DISABLED,DISABLED,DISABLED,UNAVAILABLE,DISABLED,28.353786413557827,9.93826076714322,38.535369663499296
15,77,0.0010700207203626633,1.5405341855512233e-06,0.03610354661941528,0.0569230318069458,7.702670927756117e-07,0.01805177330970764,0.0284615159034729,0.04758407920598984,32,False,UNAVAILABLE,DISABLED,DISABLED,DISABLED,UNAVAILABLE,DISABLED,28.353786413557827,9.93826076714322,38.535369663499296
15,78,0.001220118603669107,3.286277433289797e-06,0.05328649282455444,0.013621807098388672,1.6431387166448985e-06,0.02664324641227722,0.006810903549194336,0.03467591106891632,32,False,UNAVAILABLE,DISABLED,DISABLED,DISABLED,UNAVAILABLE,DISABLED,28.353786413557827,9.93826076714322,38.535369663499296
15,79,0.0012436960823833942,2.471578227414284e-06,0.029902637004852295,0.05810964107513428,1.235789113707142e-06,0.014951318502426147,0.02905482053756714,0.04525107145309448,32,False,UNAVAILABLE,DISABLED,DISABLED,DISABLED,UNAVAILABLE,DISABLED,28.353786413557827,9.93826076714322,38.535369663499296
15,80,0.0027104527689516544,3.925889359379653e-06,0.06177723407745361,0.046318888664245605,1.9629446796898264e-06,0.030888617038726807,0.023159444332122803,0.056760478764772415,32,False,UNAVAILABLE,DISABLED,DISABLED,DISABLED,UNAVAILABLE,DISABLED,28.353786413557827,9.93826076714322,38.535369663499296
15,81,0.0013519355561584234,2.670181856956333e-06,0.04087609052658081,0.012228965759277344,1.3350909284781665e-06,0.020438045263290405,0.006114482879638672,0.027905799448490143,32,False,UNAVAILABLE,DISABLED,DISABLED,DISABLED,UNAVAILABLE,DISABLED,28.353786413557827,9.93826076714322,38.535369663499296
15,82,0.0013352989917621017,2.74402009381447e-06,0.04364567995071411,0.050415754318237305,1.372010046907235e-06,0.021822839975357056,0.025207877159118652,0.04836738854646683,32,False,UNAVAILABLE,DISABLED,DISABLED,DISABLED,UNAVAILABLE,DISABLED,28.353786413557827,9.93826076714322,38.535369663499296
15,83,0.0011319175828248262,2.088568635372212e-06,0.032056570053100586,0.028513789176940918,1.044284317686106e-06,0.016028285026550293,0.014256894588470459,0.03141814097762108,32,False,UNAVAILABLE,DISABLED,DISABLED,DISABLED,UNAVAILABLE,DISABLED,28.353786413557827,9.93826076714322,38.535369663499296
15,84,0.001383614377118647,2.585412403277587e-06,0.025586605072021484,0.003265976905822754,1.2927062016387936e-06,0.012793302536010742,0.001632988452911377,0.015811197459697723,32,False,UNAVAILABLE,DISABLED,DISABLED,DISABLED,UNAVAILABLE,DISABLED,28.353786413557827,9.93826076714322,38.535369663499296
15,85,0.001753773889504373,2.432501332805259e-06,0.03314942121505737,-0.0058574676513671875,1.2162506664026296e-06,0.016574710607528687,-0.0029287338256835938,0.015400966629385948,32,False,UNAVAILABLE,DISABLED,DISABLED,DISABLED,UNAVAILABLE,DISABLED,28.353786413557827,9.93826076714322,38.535369663499296
15,86,0.0015649007400497794,3.296391014373512e-06,0.03797614574432373,0.051610708236694336,1.648195507186756e-06,0.018988072872161865,0.025805354118347168,0.04635997861623764,32,False,UNAVAILABLE,DISABLED,DISABLED,DISABLED,UNAVAILABLE,DISABLED,28.353786413557827,9.93826076714322,38.535369663499296
15,87,0.0012797464150935411,2.3436505216523074e-06,0.025068938732147217,0.05601346492767334,1.1718252608261537e-06,0.012534469366073608,0.02800673246383667,0.04182212054729462,32,False,UNAVAILABLE,DISABLED,DISABLED,DISABLED,UNAVAILABLE,DISABLED,28.353786413557827,9.93826076714322,38.535369663499296
15,88,0.0013930837158113718,2.98677741739084e-06,0.039253830909729004,0.02423417568206787,1.49338870869542e-06,0.019626915454864502,0.012117087841033936,0.03313858062028885,32,False,UNAVAILABLE,DISABLED,DISABLED,DISABLED,UNAVAILABLE,DISABLED,28.353786413557827,9.93826076714322,38.535369663499296
15,89,0.0017297049053013325,2.3778961804055143e-06,0.03804212808609009,0.059201836585998535,1.1889480902027572e-06,0.019021064043045044,0.029600918292999268,0.050352878868579865,32,False,UNAVAILABLE,DISABLED,DISABLED,DISABLED,UNAVAILABLE,DISABLED,28.353786413557827,9.93826076714322,38.535369663499296
15,90,0.0015373356873169541,1.9835201783280354e-06,0.030089914798736572,0.039287686347961426,9.917600891640177e-07,0.015044957399368286,0.019643843173980713,0.03622712939977646,32,False,UNAVAILABLE,DISABLED,DISABLED,DISABLED,UNAVAILABLE,DISABLED,28.353786413557827,9.93826076714322,38.535369663499296
15,91,0.0016991799930110574,1.8806596244758111e-06,0.023294389247894287,0.024014592170715332,9.403298122379056e-07,0.011647194623947144,0.012007296085357666,0.02535461075603962,32,False,UNAVAILABLE,DISABLED,DISABLED,DISABLED,UNAVAILABLE,DISABLED,28.353786413557827,9.93826076714322,38.535369663499296
15,92,0.0014022223185747862,2.889039478759514e-06,0.0320243239402771,-0.0059563517570495605,1.444519739379757e-06,0.01601216197013855,-0.0029781758785247803,0.014437653124332428,32,False,UNAVAILABLE,DISABLED,DISABLED,DISABLED,UNAVAILABLE,DISABLED,28.353786413557827,9.93826076714322,38.535369663499296
15,93,0.0016750367358326912,2.967273985632346e-06,0.02707284688949585,0.030573010444641113,1.483636992816173e-06,0.013536423444747925,0.015286505222320557,0.030499448999762535,32,False,UNAVAILABLE,DISABLED,DISABLED,DISABLED,UNAVAILABLE,DISABLED,28.353786413557827,9.93826076714322,38.535369663499296
15,94,0.0012775935465469956,3.260615130784572e-06,0.05777710676193237,0.03824061155319214,1.630307565392286e-06,0.028888553380966187,0.01912030577659607,0.049288082867860794,32,False,UNAVAILABLE,DISABLED,DISABLED,DISABLED,UNAVAILABLE,DISABLED,28.353786413557827,9.93826076714322,38.535369663499296
15,95,0.0013548941351473331,2.8868521440017503e-06,0.07427722215652466,0.0688096284866333,1.4434260720008751e-06,0.03713861107826233,0.03440481424331665,0.07289975881576538,32,False,UNAVAILABLE,DISABLED,DISABLED,DISABLED,UNAVAILABLE,DISABLED,28.353786413557827,9.93826076714322,38.535369663499296
15,96,0.001480816281400621,3.3635751606198028e-06,0.043958961963653564,0.04717123508453369,1.6817875803099014e-06,0.021979480981826782,0.023585617542266846,0.04704759642481804,32,False,UNAVAILABLE,DISABLED,DISABLED,DISABLED,UNAVAILABLE,DISABLED,28.353786413557827,9.93826076714322,38.535369663499296
15,97,0.0010913506848737597,2.0217876226524822e-06,0.023861050605773926,0.012371301651000977,1.0108938113262411e-06,0.011930525302886963,0.006185650825500488,0.01920853741466999,32,False,UNAVAILABLE,DISABLED,DISABLED,DISABLED,UNAVAILABLE,DISABLED,28.353786413557827,9.93826076714322,38.535369663499296
15,98,0.0017017001518979669,3.56176224158844e-06,0.056357622146606445,0.02145594358444214,1.78088112079422e-06,0.028178811073303223,0.01072797179222107,0.040610261261463165,32,False,UNAVAILABLE,DISABLED,DISABLED,DISABLED,UNAVAILABLE,DISABLED,28.353786413557827,9.93826076714322,38.535369663499296
15,99,0.001647493802011013,3.0377325401786948e-06,0.06391674280166626,-0.019353747367858887,1.5188662700893474e-06,0.03195837140083313,-0.009676873683929443,0.023930508643388748,32,False,UNAVAILABLE,DISABLED,DISABLED,DISABLED,UNAVAILABLE,DISABLED,28.353786413557827,9.93826076714322,38.535369663499296
15,100,0.0016139228828251362,3.8218890949792694e-06,0.04423511028289795,0.004319727420806885,1.9109445474896347e-06,0.022117555141448975,0.0021598637104034424,0.025893252342939377,32,False,UNAVAILABLE,DISABLED,DISABLED,DISABLED,UNAVAILABLE,DISABLED,28.353786413557827,9.93826076714322,38.535369663499296
16,1,0.001905297627672553,3.16815521728131e-06,0.030022084712982178,-0.009224370121955872,1.584077608640655e-06,0.015011042356491089,-0.004612185060977936,0.012305738404393196,32,False,UNAVAILABLE,DISABLED,DISABLED,DISABLED,UNAVAILABLE,DISABLED,27.946272265166044,9.321289096027613,37.50858237966895
16,2,0.0011248193914070725,2.2663352865492925e-06,0.023141860961914062,-0.00678543746471405,1.1331676432746463e-06,0.011570930480957031,-0.003392718732357025,0.009304163977503777,32,False,UNAVAILABLE,DISABLED,DISABLED,DISABLED,UNAVAILABLE,DISABLED,27.946272265166044,9.321289096027613,37.50858237966895
16,3,0.0017213651444762945,2.273909785799333e-06,0.028113067150115967,0.0004000940825790167,1.1369548928996664e-06,0.014056533575057983,0.00020004704128950834,0.015979081392288208,32,False,UNAVAILABLE,DISABLED,DISABLED,DISABLED,UNAVAILABLE,DISABLED,27.946272265166044,9.321289096027613,37.50858237966895
16,4,0.0013568239519372582,2.8641668450291036e-06,0.032741427421569824,-0.014462120831012726,1.4320834225145518e-06,0.016370713710784912,-0.007231060415506363,0.010497909039258957,32,False,UNAVAILABLE,DISABLED,DISABLED,DISABLED,UNAVAILABLE,DISABLED,27.946272265166044,9.321289096027613,37.50858237966895
16,5,0.0015930597437545657,2.557960215199273e-06,0.029327690601348877,-0.023508934304118156,1.2789801075996365e-06,0.014663845300674438,-0.011754467152059078,0.004503716714680195,32,False,UNAVAILABLE,DISABLED,DISABLED,DISABLED,UNAVAILABLE,DISABLED,27.946272265166044,9.321289096027613,37.50858237966895
16,6,0.001595524256117642,1.73834655470273e-06,0.02078855037689209,-0.006316743791103363,8.69173277351365e-07,0.010394275188446045,-0.0031583718955516815,0.0088322963565588,32,False,UNAVAILABLE,DISABLED,DISABLED,DISABLED,UNAVAILABLE,DISABLED,27.946272265166044,9.321289096027613,37.50858237966895
16,7,0.0013024689396843314,1.701811470411485e-06,0.0200311541557312,-0.021207842975854874,8.509057352057425e-07,0.0100155770778656,-0.010603921487927437,0.0007149754092097282,32,False,UNAVAILABLE,DISABLED,DISABLED,DISABLED,UNAVAILABLE,DISABLED,27.946272265166044,9.321289096027613,37.50858237966895
16,8,0.0018252911977469921,5.773325483460212e-06,0.06807708740234375,-0.07373832166194916,2.886662741730106e-06,0.034038543701171875,-0.03686916083097458,-0.0010024383664131165,32,False,UNAVAILABLE,DISABLED,DISABLED,DISABLED,UNAVAILABLE,DISABLED,27.946272265166044,9.321289096027613,37.50858237966895
16,9,0.0021112465765327215,3.6375333820615197e-06,0.05144625902175903,-0.06341171264648438,1.8187666910307598e-06,0.025723129510879517,-0.03170585632324219,-0.0038696620613336563,32,False,UNAVAILABLE,DISABLED,DISABLED,DISABLED,UNAVAILABLE,DISABLED,27.946272265166044,9.321289096027613,37.50858237966895
16,10,0.0018231217982247472,4.464259291125927e-06,0.05581146478652954,-0.10770843923091888,2.2321296455629636e-06,0.02790573239326477,-0.05385421961545944,-0.024123134091496468,32,False,UNAVAILABLE,DISABLED,DISABLED,DISABLED,UNAVAILABLE,DISABLED,27.946272265166044,9.321289096027613,37.50858237966895
16,11,0.001243945793248713,4.840243946091505e-06,0.05717736482620239,-0.07332991808652878,2.4201219730457524e-06,0.028588682413101196,-0.03666495904326439,-0.006829909980297089,32,False,UNAVAILABLE,DISABLED,DISABLED,DISABLED,UNAVAILABLE,DISABLED,27.946272265166044,9.321289096027613,37.50858237966895
16,12,0.00562543049454689,4.392802566144383e-06,0.056253671646118164,-0.07168601453304291,2.1964012830721913e-06,0.028126835823059082,-0.035843007266521454,-0.002088543027639389,32,False,UNAVAILABLE,DISABLED,DISABLED,DISABLED,UNAVAILABLE,DISABLED,27.946272265166044,9.321289096027613,37.50858237966895
16,13,0.005782007239758968,3.7256866107782116e-06,0.05610591173171997,-0.08545839786529541,1.8628433053891058e-06,0.028052955865859985,-0.042729198932647705,-0.008892372250556946,32,False,UNAVAILABLE,DISABLED,DISABLED,DISABLED,UNAVAILABLE,DISABLED,27.946272265166044,9.321289096027613,37.50858237966895
16,14,0.0015019316924735904,5.568973847402958e-06,0.09042376279830933,-0.11809534579515457,2.784486923701479e-06,0.04521188139915466,-0.059047672897577286,-0.012331075966358185,32,False,UNAVAILABLE,DISABLED,DISABLED,DISABLED,UNAVAILABLE,DISABLED,27.946272265166044,9.321289096027613,37.50858237966895
16,15,0.0015345007413998246,3.9242686398210935e-06,0.05127525329589844,-0.09386693686246872,1.9621343199105468e-06,0.02563762664794922,-0.04693346843123436,-0.01975937932729721,32,False,UNAVAILABLE,DISABLED,DISABLED,DISABLED,UNAVAILABLE,DISABLED,27.946272265166044,9.321289096027613,37.50858237966895
16,16,0.00209550722502172,4.592551704263315e-06,0.04600924253463745,-0.06720839440822601,2.2962758521316573e-06,0.023004621267318726,-0.03360419720411301,-0.008501771837472916,32,False,UNAVAILABLE,DISABLED,DISABLED,DISABLED,UNAVAILABLE,DISABLED,27.946272265166044,9.321289096027613,37.50858237966895
16,17,0.0013517594197764993,5.2943000810046215e-06,0.05974787473678589,-0.1098421961069107,2.6471500405023107e-06,0.029873937368392944,-0.05492109805345535,-0.023692753165960312,32,False,UNAVAILABLE,DISABLED,DISABLED,DISABLED,UNAVAILABLE,DISABLED,27.946272265166044,9.321289096027613,37.50858237966895
16,18,0.12525057792663574,4.466449809115147e-06,0.10709613561630249,-0.11638186126947403,2.2332249045575736e-06,0.053548067808151245,-0.058190930634737015,0.12060995399951935,32,False,UNAVAILABLE,DISABLED,DISABLED,DISABLED,UNAVAILABLE,DISABLED,27.946272265166044,9.321289096027613,37.50858237966895
16,19,0.001609698636457324,3.15423267238657e-06,0.058903515338897705,-0.07455310225486755,1.577116336193285e-06,0.029451757669448853,-0.03727655112743378,-0.006213517859578133,32,False,UNAVAILABLE,DISABLED,DISABLED,DISABLED,UNAVAILABLE,DISABLED,27.946272265166044,9.321289096027613,37.50858237966895
16,20,0.0012099560117349029,4.417096079123439e-06,0.06979966163635254,-0.09899425506591797,2.2085480395617196e-06,0.03489983081817627,-0.049497127532958984,-0.01338513195514679,32,False,UNAVAILABLE,DISABLED,DISABLED,DISABLED,UNAVAILABLE,DISABLED,27.946272265166044,9.321289096027613,37.50858237966895
16,21,0.002354593714699149,2.2846222691441653e-06,0.048036813735961914,-0.06669037789106369,1.1423111345720827e-06,0.024018406867980957,-0.033345188945531845,-0.006971046328544617,32,False,UNAVAILABLE,DISABLED,DISABLED,DISABLED,UNAVAILABLE,DISABLED,27.946272265166044,9.321289096027613,37.50858237966895
16,22,0.001293157460168004,2.555231048972928e-06,0.023272156715393066,-0.04729107767343521,1.277615524486464e-06,0.011636078357696533,-0.023645538836717606,-0.01071502547711134,32,False,UNAVAILABLE,DISABLED,DISABLED,DISABLED,UNAVAILABLE,DISABLED,27.946272265166044,9.321289096027613,37.50858237966895
16,23,0.0020770339760929346,2.2184271983860526e-06,0.03497117757797241,-0.06138163059949875,1.1092135991930263e-06,0.017485588788986206,-0.030690815299749374,-0.011127082630991936,32,False,UNAVAILABLE,DISABLED,DISABLED,DISABLED,UNAVAILABLE,DISABLED,27.946272265166044,9.321289096027613,37.50858237966895
16,24,0.00160590757150203,5.989416877127951e-06,0.12070256471633911,-0.10309983789920807,2.9947084385639755e-06,0.060351282358169556,-0.051549918949604034,0.010410264134407043,32,False,UNAVAILABLE,DISABLED,DISABLED,DISABLED,UNAVAILABLE,DISABLED,27.946272265166044,9.321289096027613,37.50858237966895
16,25,0.0016847600927576423,3.174180847054231e-06,0.0780562162399292,-0.09192845225334167,1.5870904235271155e-06,0.0390281081199646,-0.04596422612667084,-0.005249772220849991,32,False,UNAVAILABLE,DISABLED,DISABLED,DISABLED,UNAVAILABLE,DISABLED,27.946272265166044,9.321289096027613,37.50858237966895
16,26,0.001266162609681487,5.440443146653706e-06,0.08851897716522217,-0.08517007529735565,2.720221573326853e-06,0.044259488582611084,-0.042585037648677826,0.002943333238363266,32,False,UNAVAILABLE,DISABLED,DISABLED,DISABLED,UNAVAILABLE,DISABLED,27.946272265166044,9.321289096027613,37.50858237966895
16,27,0.0012323649134486914,1.6407864222856006e-06,0.03357374668121338,-0.06382812559604645,8.203932111428003e-07,0.01678687334060669,-0.031914062798023224,-0.013894004747271538,32,False,UNAVAILABLE,DISABLED,DISABLED,DISABLED,UNAVAILABLE,DISABLED,27.946272265166044,9.321289096027613,37.50858237966895
16,28,0.0014324489748105407,2.9442410323099466e-06,0.04103964567184448,-0.07487326860427856,1.4721205161549733e-06,0.02051982283592224,-0.03743663430213928,-0.015482891350984573,32,False,UNAVAILABLE,DISABLED,DISABLED,DISABLED,UNAVAILABLE,DISABLED,27.946272265166044,9.321289096027613,37.50858237966895
16,29,0.001288602245040238,2.4690239115443546e-06,0.02735799551010132,-0.06337592005729675,1.2345119557721773e-06,0.01367899775505066,-0.031687960028648376,-0.01671912521123886,32,False,UNAVAILABLE,DISABLED,DISABLED,DISABLED,UNAVAILABLE,DISABLED,27.946272265166044,9.321289096027613,37.50858237966895
16,30,0.0009309014421887696,1.9721569515240844e-06,0.02860945463180542,-0.06554631888866425,9.860784757620422e-07,0.01430472731590271,-0.03277315944433212,-0.017536543309688568,32,False,UNAVAILABLE,DISABLED,DISABLED,DISABLED,UNAVAILABLE,DISABLED,27.946272265166044,9.321289096027613,37.50858237966895
16,31,0.001410262193530798,4.0805880416883156e-06,0.049221813678741455,-0.08528313040733337,2.0402940208441578e-06,0.024610906839370728,-0.04264156520366669,-0.016618356108665466,32,False,UNAVAILABLE,DISABLED,DISABLED,DISABLED,UNAVAILABLE,DISABLED,27.946272265166044,9.321289096027613,37.50858237966895
16,32,0.001296265167184174,3.8421594581450336e-06,0.062038421630859375,-0.05446583032608032,1.9210797290725168e-06,0.031019210815429688,-0.02723291516304016,0.005084481090307236,32,False,UNAVAILABLE,DISABLED,DISABLED,DISABLED,UNAVAILABLE,DISABLED,27.946272265166044,9.321289096027613,37.50858237966895
16,33,0.001582339289598167,9.031009540194646e-06,0.14439040422439575,-0.09383119642734528,4.515504770097323e-06,0.07219520211219788,-0.04691559821367264,0.026866458356380463,32,False,UNAVAILABLE,DISABLED,DISABLED,DISABLED,UNAVAILABLE,DISABLED,27.946272265166044,9.321289096027613,37.50858237966895
16,34,0.0012668579583987594,3.4000090636254754e-06,0.06238687038421631,-0.07031702995300293,1.7000045318127377e-06,0.031193435192108154,-0.035158514976501465,-0.002696521580219269,32,False,UNAVAILABLE,DISABLED,DISABLED,DISABLED,UNAVAILABLE,DISABLED,27.946272265166044,9.321289096027613,37.50858237966895
16,35,0.001249927096068859,3.4566185149742523e-06,0.04186743497848511,-0.06747449934482574,1.7283092574871262e-06,0.020933717489242554,-0.03373724967241287,-0.011551877483725548,32,False,UNAVAILABLE,DISABLED,DISABLED,DISABLED,UNAVAILABLE,DISABLED,27.946272265166044,9.321289096027613,37.50858237966895
16,36,0.0013453108258545399,4.200646344543202e-06,0.05827891826629639,-0.06827059388160706,2.100323172271601e-06,0.029139459133148193,-0.03413529694080353,-0.0036484263837337494,32,False,UNAVAILABLE,DISABLED,DISABLED,DISABLED,UNAVAILABLE,DISABLED,27.946272265166044,9.321289096027613,37.50858237966895
16,37,0.0017867600545287132,3.15792112814961e-06,0.052352726459503174,-0.07801887392997742,1.578960564074805e-06,0.026176363229751587,-0.03900943696498871,-0.011044735088944435,32,False,UNAVAILABLE,DISABLED,DISABLED,DISABLED,UNAVAILABLE,DISABLED,27.946272265166044,9.321289096027613,37.50858237966895
16,38,0.0019745416939258575,4.441049441084033e-06,0.12066340446472168,-0.06789812445640564,2.2205247205420164e-06,0.06033170223236084,-0.03394906222820282,0.02835940197110176,32,False,UNAVAILABLE,DISABLED,DISABLED,DISABLED,UNAVAILABLE,DISABLED,27.946272265166044,9.321289096027613,37.50858237966895
16,39,0.0013465330703184009,2.50474113272503e-06,0.03272831439971924,-0.056630074977874756,1.252370566362515e-06,0.01636415719985962,-0.028315037488937378,-0.010603094473481178,32,False,UNAVAILABLE,DISABLED,DISABLED,DISABLED,UNAVAILABLE,DISABLED,27.946272265166044,9.321289096027613,37.50858237966895
16,40,0.001655969419516623,3.743129582289839e-06,0.06385266780853271,-0.0673823356628418,1.8715647911449196e-06,0.03192633390426636,-0.0336911678314209,-0.00010699406266212463,32,False,UNAVAILABLE,DISABLED,DISABLED,DISABLED,UNAVAILABLE,DISABLED,27.946272265166044,9.321289096027613,37.50858237966895
16,41,0.0014267043443396688,4.297419764043298e-06,0.10460984706878662,-0.05732455849647522,2.148709882021649e-06,0.05230492353439331,-0.02866227924823761,0.02507149800658226,32,False,UNAVAILABLE,DISABLED,DISABLED,DISABLED,UNAVAILABLE,DISABLED,27.946272265166044,9.321289096027613,37.50858237966895
16,42,0.001215741503983736,3.6093579183216207e-06,0.06147289276123047,-0.053685277700424194,1.8046789591608103e-06,0.030736446380615234,-0.026842638850212097,0.00511135533452034,32,False,UNAVAILABLE,DISABLED,DISABLED,DISABLED,UNAVAILABLE,DISABLED,27.946272265166044,9.321289096027613,37.50858237966895
16,43,0.014293551445007324,3.5243588172306772e-06,0.05694985389709473,-0.07785224914550781,1.7621794086153386e-06,0.028474926948547363,-0.038926124572753906,0.0038441158831119537,32,False,UNAVAILABLE,DISABLED,DISABLED,DISABLED,UNAVAILABLE,DISABLED,27.946272265166044,9.321289096027613,37.50858237966895
16,44,0.00107808958273381,2.899692617575056e-06,0.05247849225997925,-0.05094251036643982,1.449846308787528e-06,0.026239246129989624,-0.02547125518321991,0.0018475297838449478,32,False,UNAVAILABLE,DISABLED,DISABLED,DISABLED,UNAVAILABLE,DISABLED,27.946272265166044,9.321289096027613,37.50858237966895
16,45,0.0011741474736481905,4.585037459037267e-06,0.0813288688659668,-0.029421448707580566,2.2925187295186333e-06,0.0406644344329834,-0.014710724353790283,0.02713014930486679,32,False,UNAVAILABLE,DISABLED,DISABLED,DISABLED,UNAVAILABLE,DISABLED,27.946272265166044,9.321289096027613,37.50858237966895
16,46,0.0010917559266090393,3.0587198125431314e-06,0.03407639265060425,-0.06148171424865723,1.5293599062715657e-06,0.017038196325302124,-0.030740857124328613,-0.012609375640749931,32,False,UNAVAILABLE,DISABLED,DISABLED,DISABLED,UNAVAILABLE,DISABLED,27.946272265166044,9.321289096027613,37.50858237966895
16,47,0.0018669238779693842,2.341998424526537e-06,0.03720575571060181,-0.0358978807926178,1.1709992122632684e-06,0.018602877855300903,-0.0179489403963089,0.002522032707929611,32,False,UNAVAILABLE,DISABLED,DISABLED,DISABLED,UNAVAILABLE,DISABLED,27.946272265166044,9.321289096027613,37.50858237966895
16,48,0.0013811456738039851,3.4630211303010583e-06,0.07625323534011841,-0.02571946382522583,1.7315105651505291e-06,0.038126617670059204,-0.012859731912612915,0.02664976194500923,32,False,UNAVAILABLE,DISABLED,DISABLED,DISABLED,UNAVAILABLE,DISABLED,27.946272265166044,9.321289096027613,37.50858237966895
16,49,0.0037329592742025852,7.466865099559072e-06,0.15730524063110352,-0.03037053346633911,3.733432549779536e-06,0.07865262031555176,-0.015185266733169556,0.06720404326915741,32,False,UNAVAILABLE,DISABLED,DISABLED,DISABLED,UNAVAILABLE,DISABLED,27.946272265166044,9.321289096027613,37.50858237966895
16,50,0.0017860628431662917,4.7010880734887905e-06,0.09132277965545654,-0.014361917972564697,2.3505440367443953e-06,0.04566138982772827,-0.007180958986282349,0.04026884585618973,32,False,UNAVAILABLE,DISABLED,DISABLED,DISABLED,UNAVAILABLE,DISABLED,27.946272265166044,9.321289096027613,37.50858237966895
16,51,0.0014150604838505387,5.899345978832571e-06,0.10768395662307739,0.01656109094619751,2.9496729894162854e-06,0.053841978311538696,0.008280545473098755,0.06354053318500519,32,False,UNAVAILABLE,DISABLED,DISABLED,DISABLED,UNAVAILABLE,DISABLED,27.946272265166044,9.321289096027613,37.50858237966895
16,52,0.001093155238777399,3.6827918847848196e-06,0.07163846492767334,-0.05139690637588501,1.8413959423924098e-06,0.03581923246383667,-0.025698453187942505,0.011215776205062866,32,False,UNAVAILABLE,DISABLED,DISABLED,DISABLED,UNAVAILABLE,DISABLED,27.946272265166044,9.321289096027613,37.50858237966895
16,53,0.0011642376193776727,3.300138359918492e-06,0.04630500078201294,-0.027449190616607666,1.650069179959246e-06,0.02315250039100647,-0.013724595308303833,0.010593792423605919,32,False,UNAVAILABLE,DISABLED,DISABLED,DISABLED,UNAVAILABLE,DISABLED,27.946272265166044,9.321289096027613,37.50858237966895
16,54,0.0016927560791373253,2.8411689072527224e-06,0.06275928020477295,-0.02060416340827942,1.4205844536263612e-06,0.031379640102386475,-0.01030208170413971,0.02277173474431038,32,False,UNAVAILABLE,DISABLED,DISABLED,DISABLED,UNAVAILABLE,DISABLED,27.946272265166044,9.321289096027613,37.50858237966895
16,55,0.0012045695912092924,9.30842634261353e-06,0.09989875555038452,0.007665663957595825,4.654213171306765e-06,0.04994937777519226,0.0038328319787979126,0.05499143525958061,32,False,UNAVAILABLE,DISABLED,DISABLED,DISABLED,UNAVAILABLE,DISABLED,27.946272265166044,9.321289096027613,37.50858237966895
16,56,0.001382433227263391,3.7816123494849307e-06,0.047547340393066406,-0.025778591632843018,1.8908061747424654e-06,0.023773670196533203,-0.012889295816421509,0.01226869784295559,32,False,UNAVAILABLE,DISABLED,DISABLED,DISABLED,UNAVAILABLE,DISABLED,27.946272265166044,9.321289096027613,37.50858237966895
16,57,0.0014906403375789523,2.0618358576030005e-06,0.03474956750869751,-0.025834977626800537,1.0309179288015002e-06,0.017374783754348755,-0.012917488813400269,0.00594896636903286,32,False,UNAVAILABLE,DISABLED,DISABLED,DISABLED,UNAVAILABLE,DISABLED,27.946272265166044,9.321289096027613,37.50858237966895
16,58,0.001354650012217462,2.7701753424480557e-06,0.03875696659088135,-0.0016819238662719727,1.3850876712240279e-06,0.019378483295440674,-0.0008409619331359863,0.019893556833267212,32,False,UNAVAILABLE,DISABLED,DISABLED,DISABLED,UNAVAILABLE,DISABLED,27.946272265166044,9.321289096027613,37.50858237966895
16,59,0.0011673775734379888,2.5976821689255303e-06,0.04518449306488037,-0.04678136110305786,1.2988410844627651e-06,0.022592246532440186,-0.02339068055152893,0.0003702417016029358,32,False,UNAVAILABLE,DISABLED,DISABLED,DISABLED,UNAVAILABLE,DISABLED,27.946272265166044,9.321289096027613,37.50858237966895
16,60,0.0011494889622554183,2.579914053058019e-06,0.04850602149963379,0.03169316053390503,1.2899570265290095e-06,0.024253010749816895,0.015846580266952515,0.04125037044286728,32,False,UNAVAILABLE,DISABLED,DISABLED,DISABLED,UNAVAILABLE,DISABLED,27.946272265166044,9.321289096027613,37.50858237966895
16,61,0.0023643982131034136,2.6157092634093715e-06,0.0713956356048584,0.05661764740943909,1.3078546317046857e-06,0.0356978178024292,0.028308823704719543,0.066372349858284,32,False,UNAVAILABLE,DISABLED,DISABLED,DISABLED,UNAVAILABLE,DISABLED,27.946272265166044,9.321289096027613,37.50858237966895
16,62,0.0013149201404303312,3.6886660836898955e-06,0.06030881404876709,0.0023188889026641846,1.8443330418449477e-06,0.030154407024383545,0.0011594444513320923,0.032630614936351776,32,False,UNAVAILABLE,DISABLED,DISABLED,DISABLED,UNAVAILABLE,DISABLED,27.946272265166044,9.321289096027613,37.50858237966895
16,63,0.0015053832903504372,2.3562097339890897e-06,0.04029500484466553,-0.045625507831573486,1.1781048669945449e-06,0.020147502422332764,-0.022812753915786743,-0.0011586900800466537,32,False,UNAVAILABLE,DISABLED,DISABLED,DISABLED,UNAVAILABLE,DISABLED,27.946272265166044,9.321289096027613,37.50858237966895
16,64,0.0012854838278144598,3.327300191813265e-06,0.04216998815536499,-0.059326887130737305,1.6636500959066325e-06,0.021084994077682495,-0.029663443565368652,-0.0072913020849227905,32,False,UNAVAILABLE,DISABLED,DISABLED,DISABLED,UNAVAILABLE,DISABLED,27.946272265166044,9.321289096027613,37.50858237966895
16,65,0.002411331282928586,2.364318788750097e-06,0.032872021198272705,-0.03889644145965576,1.1821593943750486e-06,0.016436010599136353,-0.01944822072982788,-0.0005996972322463989,32,False,UNAVAILABLE,DISABLED,DISABLED,DISABLED,UNAVAILABLE,DISABLED,27.946272265166044,9.321289096027613,37.50858237966895
16,66,0.0011627301573753357,2.1528551314986544e-06,0.041275858879089355,0.03988125920295715,1.0764275657493272e-06,0.020637929439544678,0.019940629601478577,0.041742365807294846,32,False,UNAVAILABLE,DISABLED,DISABLED,DISABLED,UNAVAILABLE,DISABLED,27.946272265166044,9.321289096027613,37.50858237966895
16,67,0.0012982020853087306,2.377428700128803e-06,0.026046276092529297,-0.04815301299095154,1.1887143500644015e-06,0.013023138046264648,-0.02407650649547577,-0.009753977879881859,32,False,UNAVAILABLE,DISABLED,DISABLED,DISABLED,UNAVAILABLE,DISABLED,27.946272265166044,9.321289096027613,37.50858237966895
16,68,0.0014008585130795836,3.920781637134496e-06,0.05619478225708008,0.08774033188819885,1.960390818567248e-06,0.02809739112854004,0.043870165944099426,0.07337037473917007,32,False,UNAVAILABLE,DISABLED,DISABLED,DISABLED,UNAVAILABLE,DISABLED,27.946272265166044,9.321289096027613,37.50858237966895
16,69,0.0012250589206814766,4.555945452011656e-06,0.0770149827003479,0.03726983070373535,2.277972726005828e-06,0.03850749135017395,0.018634915351867676,0.05836974456906319,32,False,UNAVAILABLE,DISABLED,DISABLED,DISABLED,UNAVAILABLE,DISABLED,27.946272265166044,9.321289096027613,37.50858237966895
16,70,0.011376569978892803,3.859971002384555e-06,0.06728130578994751,0.014329373836517334,1.9299855011922773e-06,0.033640652894973755,0.007164686918258667,0.0521838404238224,32,False,UNAVAILABLE,DISABLED,DISABLED,DISABLED,UNAVAILABLE,DISABLED,27.946272265166044,9.321289096027613,37.50858237966895
16,71,0.0015630997950211167,3.429467369642225e-06,0.03927958011627197,-0.08262971043586731,1.7147336848211125e-06,0.019639790058135986,-0.041314855217933655,-0.020110251381993294,32,False,UNAVAILABLE,DISABLED,DISABLED,DISABLED,UNAVAILABLE,DISABLED,27.946272265166044,9.321289096027613,37.50858237966895
16,72,0.0017897660145536065,2.9435016131174052e-06,0.04788565635681152,-0.07766667008399963,1.4717508065587026e-06,0.02394282817840576,-0.03883333504199982,-0.013099269941449165,32,False,UNAVAILABLE,DISABLED,DISABLED,DISABLED,UNAVAILABLE,DISABLED,27.946272265166044,9.321289096027613,37.50858237966895
16,73,0.001421154011040926,2.24996188080695e-06,0.049436330795288086,-0.018362849950790405,1.124980940403475e-06,0.024718165397644043,-0.009181424975395203,0.016959019005298615,32,False,UNAVAILABLE,DISABLED,DISABLED,DISABLED,UNAVAILABLE,DISABLED,27.946272265166044,9.321289096027613,37.50858237966895
16,74,0.007846357300877571,2.766769284789916e-06,0.04139423370361328,-0.03423202037811279,1.383384642394958e-06,0.02069711685180664,-0.017116010189056396,0.011428847908973694,32,False,UNAVAILABLE,DISABLED,DISABLED,DISABLED,UNAVAILABLE,DISABLED,27.946272265166044,9.321289096027613,37.50858237966895
16,75,0.0028263709973543882,6.957237474125577e-06,0.1006353497505188,0.04254305362701416,3.4786187370627886e-06,0.0503176748752594,0.02127152681350708,0.0744190514087677,32,False,UNAVAILABLE,DISABLED,DISABLED,DISABLED,UNAVAILABLE,DISABLED,27.946272265166044,9.321289096027613,37.50858237966895
16,76,0.0012642109068110585,2.591768861748278e-06,0.060635387897491455,-0.11526083946228027,1.295884430874139e-06,0.030317693948745728,-0.05763041973114014,-0.026047218590974808,32,False,UNAVAILABLE,DISABLED,DISABLED,DISABLED,UNAVAILABLE,DISABLED,27.946272265166044,9.321289096027613,37.50858237966895
16,77,0.0018135847058147192,3.869558440783294e-06,0.08714425563812256,-0.15615922212600708,1.934779220391647e-06,0.04357212781906128,-0.07807961106300354,-0.03269196301698685,32,False,UNAVAILABLE,DISABLED,DISABLED,DISABLED,UNAVAILABLE,DISABLED,27.946272265166044,9.321289096027613,37.50858237966895
16,78,0.0012798544485121965,4.503236141317757e-06,0.05541515350341797,-0.04507020115852356,2.2516180706588784e-06,0.027707576751708984,-0.02253510057926178,0.006454581394791603,32,False,UNAVAILABLE,DISABLED,DISABLED,DISABLED,UNAVAILABLE,DISABLED,27.946272265166044,9.321289096027613,37.50858237966895
16,79,0.0017012578900903463,3.580960083127138e-06,0.042139291763305664,-0.04011315107345581,1.790480041563569e-06,0.021069645881652832,-0.020056575536727905,0.0027161184698343277,32,False,UNAVAILABLE,DISABLED,DISABLED,DISABLED,UNAVAILABLE,DISABLED,27.946272265166044,9.321289096027613,37.50858237966895
16,80,0.2823314964771271,3.0678706934850197e-06,0.05924224853515625,0.059912294149398804,1.5339353467425099e-06,0.029621124267578125,0.029956147074699402,0.34191030263900757,32,False,UNAVAILABLE,DISABLED,DISABLED,DISABLED,UNAVAILABLE,DISABLED,27.946272265166044,9.321289096027613,37.50858237966895
16,81,0.024927867576479912,3.0475782750727376e-06,0.04448801279067993,-0.06201907992362976,1.5237891375363688e-06,0.022244006395339966,-0.03100953996181488,0.01616385579109192,32,False,UNAVAILABLE,DISABLED,DISABLED,DISABLED,UNAVAILABLE,DISABLED,27.946272265166044,9.321289096027613,37.50858237966895
16,82,0.0019915015436708927,3.2091381854115753e-06,0.0556185245513916,-0.08137950301170349,1.6045690927057876e-06,0.0278092622756958,-0.040689751505851746,-0.010887382552027702,32,False,UNAVAILABLE,DISABLED,DISABLED,DISABLED,UNAVAILABLE,DISABLED,27.946272265166044,9.321289096027613,37.50858237966895
16,83,0.04102534055709839,5.442767815111438e-06,0.08449912071228027,-0.1255701780319214,2.721383907555719e-06,0.04224956035614014,-0.0627850890159607,0.020492538809776306,32,False,UNAVAILABLE,DISABLED,DISABLED,DISABLED,UNAVAILABLE,DISABLED,27.946272265166044,9.321289096027613,37.50858237966895
16,84,0.0014881603419780731,3.2425828067061957e-06,0.03167444467544556,-0.030215471982955933,1.6212914033530978e-06,0.01583722233772278,-0.015107735991477966,0.002219267189502716,32,False,UNAVAILABLE,DISABLED,DISABLED,DISABLED,UNAVAILABLE,DISABLED,27.946272265166044,9.321289096027613,37.50858237966895
16,85,0.002044586930423975,3.97618123315624e-06,0.03594464063644409,-0.026514828205108643,1.98809061657812e-06,0.017972320318222046,-0.013257414102554321,0.006761481985449791,32,False,UNAVAILABLE,DISABLED,DISABLED,DISABLED,UNAVAILABLE,DISABLED,27.946272265166044,9.321289096027613,37.50858237966895
16,86,0.09876694530248642,5.402864644565852e-06,0.05471688508987427,-0.06674975156784058,2.701432322282926e-06,0.027358442544937134,-0.03337487578392029,0.09275321662425995,32,False,UNAVAILABLE,DISABLED,DISABLED,DISABLED,UNAVAILABLE,DISABLED,27.946272265166044,9.321289096027613,37.50858237966895
16,87,0.002254992024973035,3.310796728328569e-06,0.041219234466552734,-0.03349238634109497,1.6553983641642844e-06,0.020609617233276367,-0.016746193170547485,0.006120070815086365,32,False,UNAVAILABLE,DISABLED,DISABLED,DISABLED,UNAVAILABLE,DISABLED,27.946272265166044,9.321289096027613,37.50858237966895
16,88,0.0011480627581477165,3.591306949601858e-06,0.03704714775085449,0.00655171275138855,1.795653474800929e-06,0.018523573875427246,0.003275856375694275,0.02294928953051567,32,False,UNAVAILABLE,DISABLED,DISABLED,DISABLED,UNAVAILABLE,DISABLED,27.946272265166044,9.321289096027613,37.50858237966895
16,89,0.002080278703942895,4.286290732125053e-06,0.051068246364593506,-0.031358540058135986,2.1431453660625266e-06,0.025534123182296753,-0.015679270029067993,0.011937275528907776,32,False,UNAVAILABLE,DISABLED,DISABLED,DISABLED,UNAVAILABLE,DISABLED,27.946272265166044,9.321289096027613,37.50858237966895
16,90,0.001772164716385305,2.1616692720272113e-06,0.02974402904510498,0.018245697021484375,1.0808346360136056e-06,0.01487201452255249,0.009122848510742188,0.025768108665943146,32,False,UNAVAILABLE,DISABLED,DISABLED,DISABLED,UNAVAILABLE,DISABLED,27.946272265166044,9.321289096027613,37.50858237966895
16,91,0.0015981545438989997,3.0925593819119968e-06,0.040282368659973145,-0.006112456321716309,1.5462796909559984e-06,0.020141184329986572,-0.0030562281608581543,0.01868465729057789,32,False,UNAVAILABLE,DISABLED,DISABLED,DISABLED,UNAVAILABLE,DISABLED,27.946272265166044,9.321289096027613,37.50858237966895
16,92,0.0017537017120048404,3.3193557555932784e-06,0.05093538761138916,-0.031049400568008423,1.6596778777966392e-06,0.02546769380569458,-0.015524700284004211,0.011698354035615921,32,False,UNAVAILABLE,DISABLED,DISABLED,DISABLED,UNAVAILABLE,DISABLED,27.946272265166044,9.321289096027613,37.50858237966895
16,93,0.0017186475452035666,4.049588824273087e-06,0.04498928785324097,0.0017227232456207275,2.0247944121365435e-06,0.022494643926620483,0.0008613616228103638,0.02507667802274227,32,False,UNAVAILABLE,DISABLED,DISABLED,DISABLED,UNAVAILABLE,DISABLED,27.946272265166044,9.321289096027613,37.50858237966895
16,94,0.0013882997445762157,4.407266715134028e-06,0.09420335292816162,-0.013206392526626587,2.203633357567014e-06,0.04710167646408081,-0.0066031962633132935,0.04188898205757141,32,False,UNAVAILABLE,DISABLED,DISABLED,DISABLED,UNAVAILABLE,DISABLED,27.946272265166044,9.321289096027613,37.50858237966895
16,95,0.001435650046914816,2.735664565989282e-06,0.051151812076568604,0.0409407764673233,1.367832282994641e-06,0.025575906038284302,0.02047038823366165,0.04748331010341644,32,False,UNAVAILABLE,DISABLED,DISABLED,DISABLED,UNAVAILABLE,DISABLED,27.946272265166044,9.321289096027613,37.50858237966895
16,96,0.0012033054372295737,4.2125752770516556e-06,0.05610626935958862,0.04090328514575958,2.1062876385258278e-06,0.02805313467979431,0.02045164257287979,0.04971018806099892,32,False,UNAVAILABLE,DISABLED,DISABLED,DISABLED,UNAVAILABLE,DISABLED,27.946272265166044,9.321289096027613,37.50858237966895
16,97,0.001056602573953569,2.7962100830336567e-06,0.04582732915878296,-0.012030914425849915,1.3981050415168284e-06,0.02291366457939148,-0.006015457212924957,0.017956208437681198,32,False,UNAVAILABLE,DISABLED,DISABLED,DISABLED,UNAVAILABLE,DISABLED,27.946272265166044,9.321289096027613,37.50858237966895
16,98,0.0016906590899452567,5.416558906290447e-06,0.1216992735862732,-0.006405159831047058,2.7082794531452237e-06,0.0608496367931366,-0.003202579915523529,0.059340424835681915,32,False,UNAVAILABLE,DISABLED,DISABLED,DISABLED,UNAVAILABLE,DISABLED,27.946272265166044,9.321289096027613,37.50858237966895
16,99,0.0014268296072259545,2.3207467165775597e-06,0.045127689838409424,0.019219860434532166,1.1603733582887799e-06,0.022563844919204712,0.009609930217266083,0.03360176458954811,32,False,UNAVAILABLE,DISABLED,DISABLED,DISABLED,UNAVAILABLE,DISABLED,27.946272265166044,9.321289096027613,37.50858237966895
16,100,0.0013643696438521147,5.052866072219331e-06,0.062387704849243164,0.027540162205696106,2.5264330361096654e-06,0.031193852424621582,0.013770081102848053,0.046330828219652176,32,False,UNAVAILABLE,DISABLED,DISABLED,DISABLED,UNAVAILABLE,DISABLED,27.946272265166044,9.321289096027613,37.50858237966895
17,1,0.0012619484914466739,3.877473773172824e-06,0.04524737596511841,-0.011903345584869385,1.938736886586412e-06,0.022623687982559204,-0.005951672792434692,0.017935901880264282,32,False,UNAVAILABLE,DISABLED,DISABLED,DISABLED,UNAVAILABLE,DISABLED,27.966048564761877,10.564242979045957,38.74776292126626
17,2,0.0007545296684838831,3.826036390819354e-06,0.03054368495941162,-0.014081470668315887,1.913018195409677e-06,0.01527184247970581,-0.007040735334157944,0.00898754969239235,32,False,UNAVAILABLE,DISABLED,DISABLED,DISABLED,UNAVAILABLE,DISABLED,27.966048564761877,10.564242979045957,38.74776292126626
17,3,0.0009971210965886712,2.656951437529642e-06,0.04611408710479736,0.0032551568001508713,1.328475718764821e-06,0.02305704355239868,0.0016275784000754356,0.025683071464300156,32,False,UNAVAILABLE,DISABLED,DISABLED,DISABLED,UNAVAILABLE,DISABLED,27.966048564761877,10.564242979045957,38.74776292126626
17,4,0.0009277931530959904,1.5899147456366336e-06,0.021640479564666748,-0.006235841661691666,7.949573728183168e-07,0.010820239782333374,-0.003117920830845833,0.008630907163023949,32,False,UNAVAILABLE,DISABLED,DISABLED,DISABLED,UNAVAILABLE,DISABLED,27.966048564761877,10.564242979045957,38.74776292126626
17,5,0.0010201006662100554,2.81517964140221e-06,0.027154147624969482,-0.015402572229504585,1.407589820701105e-06,0.013577073812484741,-0.007701286114752293,0.006897295825183392,32,False,UNAVAILABLE,DISABLED,DISABLED,DISABLED,UNAVAILABLE,DISABLED,27.966048564761877,10.564242979045957,38.74776292126626
17,6,0.0008117216057144105,2.30621890295879e-06,0.02638334035873413,-0.011298585683107376,1.153109451479395e-06,0.013191670179367065,-0.005649292841553688,0.00835525244474411,32,False,UNAVAILABLE,DISABLED,DISABLED,DISABLED,UNAVAILABLE,DISABLED,27.966048564761877,10.564242979045957,38.74776292126626
17,7,0.0009035719558596611,1.550100250824471e-06,0.03726327419281006,0.008918657898902893,7.750501254122355e-07,0.01863163709640503,0.0044593289494514465,0.02399531379342079,32,False,UNAVAILABLE,DISABLED,DISABLED,DISABLED,UNAVAILABLE,DISABLED,27.966048564761877,10.564242979045957,38.74776292126626
17,8,0.0010948863346129656,4.9979626055574045e-06,0.03414207696914673,-0.03971744328737259,2.4989813027787022e-06,0.017071038484573364,-0.019858721643686295,-0.001690298318862915,32,False,UNAVAILABLE,DISABLED,DISABLED,DISABLED,UNAVAILABLE,DISABLED,27.966048564761877,10.564242979045957,38.74776292126626
17,9,0.0012176248710602522,3.746032007256872e-06,0.04791557788848877,-0.08704107254743576,1.873016003628436e-06,0.023957788944244385,-0.04352053627371788,-0.018343249335885048,32,False,UNAVAILABLE,DISABLED,DISABLED,DISABLED,UNAVAILABLE,DISABLED,27.966048564761877,10.564242979045957,38.74776292126626
17,10,0.0008714203140698373,2.8512718017736915e-06,0.03815227746963501,-0.07107514142990112,1.4256359008868458e-06,0.019076138734817505,-0.03553757071495056,-0.015588585287332535,32,False,UNAVAILABLE,DISABLED,DISABLED,DISABLED,UNAVAILABLE,DISABLED,27.966048564761877,10.564242979045957,38.74776292126626
17,11,0.0008996723336167634,4.427146905072732e-06,0.05618405342102051,-0.05932699516415596,2.213573452536366e-06,0.028092026710510254,-0.02966349758207798,-0.0006695855408906937,32,False,UNAVAILABLE,DISABLED,DISABLED,DISABLED,UNAVAILABLE,DISABLED,27.966048564761877,10.564242979045957,38.74776292126626
17,12,0.0290614552795887,5.28866166860098e-06,0.04611825942993164,-0.08171127736568451,2.64433083430049e-06,0.02305912971496582,-0.040855638682842255,0.011267591267824173,32,False,UNAVAILABLE,DISABLED,DISABLED,DISABLED,UNAVAILABLE,DISABLED,27.966048564761877,10.564242979045957,38.74776292126626
17,13,0.2730448246002197,3.7845604765607277e-06,0.05613720417022705,-0.10685626417398453,1.8922802382803638e-06,0.028068602085113525,-0.053428132086992264,0.2476871758699417,32,False,UNAVAILABLE,DISABLED,DISABLED,DISABLED,UNAVAILABLE,DISABLED,27.966048564761877,10.564242979045957,38.74776292126626
17,14,0.0009694026666693389,3.894346718880115e-06,0.0485386848449707,-0.11122345179319382,1.9471733594400575e-06,0.02426934242248535,-0.05561172589659691,-0.030371034517884254,32,False,UNAVAILABLE,DISABLED,DISABLED,DISABLED,UNAVAILABLE,DISABLED,27.966048564761877,10.564242979045957,38.74776292126626
17,15,0.0009228472481481731,3.976934294769308e-06,0.05154389142990112,-0.10996495187282562,1.988467147384654e-06,0.02577194571495056,-0.05498247593641281,-0.028285695239901543,32,False,UNAVAILABLE,DISABLED,DISABLED,DISABLED,UNAVAILABLE,DISABLED,27.966048564761877,10.564242979045957,38.74776292126626
17,16,0.001499102101661265,4.2042643144668546e-06,0.037678420543670654,-0.07025070488452911,2.1021321572334273e-06,0.018839210271835327,-0.03512535244226456,-0.014784937724471092,32,False,UNAVAILABLE,DISABLED,DISABLED,DISABLED,UNAVAILABLE,DISABLED,27.966048564761877,10.564242979045957,38.74776292126626
17,17,0.0007658353424631059,3.6532035210257163e-06,0.04952442646026611,-0.10948619246482849,1.8266017605128582e-06,0.024762213230133057,-0.054743096232414246,-0.02921322174370289,32,False,UNAVAILABLE,DISABLED,DISABLED,DISABLED,UNAVAILABLE,DISABLED,27.966048564761877,10.564242979045957,38.74776292126626
17,18,0.0010894034057855606,4.709161657956429e-06,0.07471203804016113,-0.11079105734825134,2.3545808289782144e-06,0.037356019020080566,-0.05539552867412567,-0.016947750002145767,32,False,UNAVAILABLE,DISABLED,DISABLED,DISABLED,UNAVAILABLE,DISABLED,27.966048564761877,10.564242979045957,38.74776292126626
17,19,0.001191263785585761,4.864572019869229e-06,0.07898014783859253,-0.1080494374036789,2.4322860099346144e-06,0.039490073919296265,-0.05402471870183945,-0.013340950012207031,32,False,UNAVAILABLE,DISABLED,DISABLED,DISABLED,UNAVAILABLE,DISABLED,27.966048564761877,10.564242979045957,38.74776292126626
17,20,0.0007820040336810052,4.264742983650649e-06,0.06815934181213379,-0.12008223682641983,2.1323714918253245e-06,0.034079670906066895,-0.060041118413209915,-0.025177311152219772,32,False,UNAVAILABLE,DISABLED,DISABLED,DISABLED,UNAVAILABLE,DISABLED,27.966048564761877,10.564242979045957,38.74776292126626
17,21,0.0032728135120123625,3.1564661640004488e-06,0.05105680227279663,-0.08175964653491974,1.5782330820002244e-06,0.025528401136398315,-0.04087982326745987,-0.012077029794454575,32,False,UNAVAILABLE,DISABLED,DISABLED,DISABLED,UNAVAILABLE,DISABLED,27.966048564761877,10.564242979045957,38.74776292126626
17,22,0.0009550735703669488,2.793511839627172e-06,0.030729711055755615,-0.06446456909179688,1.396755919813586e-06,0.015364855527877808,-0.03223228454589844,-0.015910958871245384,32,False,UNAVAILABLE,DISABLED,DISABLED,DISABLED,UNAVAILABLE,DISABLED,27.966048564761877,10.564242979045957,38.74776292126626
17,23,0.0014004323165863752,2.063959300357965e-06,0.039101481437683105,-0.08333419263362885,1.0319796501789824e-06,0.019550740718841553,-0.04166709631681442,-0.02071489207446575,32,False,UNAVAILABLE,DISABLED,DISABLED,DISABLED,UNAVAILABLE,DISABLED,27.966048564761877,10.564242979045957,38.74776292126626
17,24,0.0010297216940671206,8.029152922972571e-06,0.12688785791397095,-0.12401783466339111,4.0145764614862856e-06,0.06344392895698547,-0.06200891733169556,0.0024687498807907104,32,False,UNAVAILABLE,DISABLED,DISABLED,DISABLED,UNAVAILABLE,DISABLED,27.966048564761877,10.564242979045957,38.74776292126626
17,25,0.0009454363025724888,5.337331458576955e-06,0.09012711048126221,-0.1359778642654419,2.6686657292884775e-06,0.045063555240631104,-0.06798893213272095,-0.021977271884679794,32,False,UNAVAILABLE,DISABLED,DISABLED,DISABLED,UNAVAILABLE,DISABLED,27.966048564761877,10.564242979045957,38.74776292126626
17,26,0.0008598417043685913,6.594495971512515e-06,0.09530413150787354,-0.13316018879413605,3.2972479857562575e-06,0.04765206575393677,-0.06658009439706802,-0.018064890056848526,32,False,UNAVAILABLE,DISABLED,DISABLED,DISABLED,UNAVAILABLE,DISABLED,27.966048564761877,10.564242979045957,38.74776292126626
17,27,0.0008401139639317989,2.6142001843254548e-06,0.05416172742843628,-0.10915778577327728,1.3071000921627274e-06,0.02708086371421814,-0.05457889288663864,-0.026656609028577805,32,False,UNAVAILABLE,DISABLED,DISABLED,DISABLED,UNAVAILABLE,DISABLED,27.966048564761877,10.564242979045957,38.74776292126626
17,28,0.004345198627561331,2.527247033867752e-06,0.03495889902114868,-0.10740184783935547,1.263623516933876e-06,0.01747944951057434,-0.053700923919677734,-0.031875014305114746,32,False,UNAVAILABLE,DISABLED,DISABLED,DISABLED,UNAVAILABLE,DISABLED,27.966048564761877,10.564242979045957,38.74776292126626
17,29,0.0010487789986655116,3.5535033475753153e-06,0.040837109088897705,-0.09083561599254608,1.7767516737876576e-06,0.020418554544448853,-0.04541780799627304,-0.02394869737327099,32,False,UNAVAILABLE,DISABLED,DISABLED,DISABLED,UNAVAILABLE,DISABLED,27.966048564761877,10.564242979045957,38.74776292126626
17,30,0.0006735745118930936,3.1591844162903726e-06,0.042742371559143066,-0.09301295876502991,1.5795922081451863e-06,0.021371185779571533,-0.046506479382514954,-0.024460138753056526,32,False,UNAVAILABLE,DISABLED,DISABLED,DISABLED,UNAVAILABLE,DISABLED,27.966048564761877,10.564242979045957,38.74776292126626
17,31,0.0010524686658754945,5.340654752217233e-06,0.05401897430419922,-0.10377959907054901,2.6703273761086166e-06,0.02700948715209961,-0.051889799535274506,-0.02382517419755459,32,False,UNAVAILABLE,DISABLED,DISABLED,DISABLED,UNAVAILABLE,DISABLED,27.966048564761877,10.564242979045957,38.74776292126626
17,32,0.0010147334542125463,4.849467586609535e-06,0.0827711820602417,-0.12640812993049622,2.4247337933047675e-06,0.04138559103012085,-0.06320406496524811,-0.02080131694674492,32,False,UNAVAILABLE,DISABLED,DISABLED,DISABLED,UNAVAILABLE,DISABLED,27.966048564761877,10.564242979045957,38.74776292126626
17,33,0.0010527099948376417,8.55234611663036e-06,0.14009100198745728,-0.17045193910598755,4.27617305831518e-06,0.07004550099372864,-0.08522596955299377,-0.014123484492301941,32,False,UNAVAILABLE,DISABLED,DISABLED,DISABLED,UNAVAILABLE,DISABLED,27.966048564761877,10.564242979045957,38.74776292126626
17,34,0.0009279068908654153,5.17603984917514e-06,0.06913262605667114,-0.13101860880851746,2.58801992458757e-06,0.03456631302833557,-0.06550930440425873,-0.030012495815753937,32,False,UNAVAILABLE,DISABLED,DISABLED,DISABLED,UNAVAILABLE,DISABLED,27.966048564761877,10.564242979045957,38.74776292126626
17,35,0.000876335718203336,3.3010553579515545e-06,0.03933453559875488,-0.10200905799865723,1.6505276789757772e-06,0.01966726779937744,-0.05100452899932861,-0.030459275469183922,32,False,UNAVAILABLE,DISABLED,DISABLED,DISABLED,UNAVAILABLE,DISABLED,27.966048564761877,10.564242979045957,38.74776292126626
17,36,0.0008645666530355811,4.5327565203479026e-06,0.05442529916763306,-0.13813847303390503,2.2663782601739513e-06,0.02721264958381653,-0.06906923651695251,-0.04098975658416748,32,False,UNAVAILABLE,DISABLED,DISABLED,DISABLED,UNAVAILABLE,DISABLED,27.966048564761877,10.564242979045957,38.74776292126626
17,37,0.0011561979772523046,4.150821951043326e-06,0.06367254257202148,-0.12155431509017944,2.075410975521663e-06,0.03183627128601074,-0.06077715754508972,-0.027782611548900604,32,False,UNAVAILABLE,DISABLED,DISABLED,DISABLED,UNAVAILABLE,DISABLED,27.966048564761877,10.564242979045957,38.74776292126626
17,38,0.0009983376367017627,5.0938219828822184e-06,0.1067003607749939,-0.1249912679195404,2.5469109914411092e-06,0.05335018038749695,-0.0624956339597702,-0.008144568651914597,32,False,UNAVAILABLE,DISABLED,DISABLED,DISABLED,UNAVAILABLE,DISABLED,27.966048564761877,10.564242979045957,38.74776292126626
17,39,0.0011650468222796917,2.5843276034720475e-06,0.03257042169570923,-0.09833383560180664,1.2921638017360237e-06,0.016285210847854614,-0.04916691780090332,-0.03171536698937416,32,False,UNAVAILABLE,DISABLED,DISABLED,DISABLED,UNAVAILABLE,DISABLED,27.966048564761877,10.564242979045957,38.74776292126626
17,40,0.0010366372298449278,4.017012997792335e-06,0.06822323799133301,-0.13286781311035156,2.0085064988961676e-06,0.034111618995666504,-0.06643390655517578,-0.03128364309668541,32,False,UNAVAILABLE,DISABLED,DISABLED,DISABLED,UNAVAILABLE,DISABLED,27.966048564761877,10.564242979045957,38.74776292126626
17,41,0.0010499423369765282,4.8233464440272655e-06,0.08897554874420166,-0.13820907473564148,2.4116732220136328e-06,0.04448777437210083,-0.06910453736782074,-0.023564409464597702,32,False,UNAVAILABLE,DISABLED,DISABLED,DISABLED,UNAVAILABLE,DISABLED,27.966048564761877,10.564242979045957,38.74776292126626
17,42,0.0008666765643283725,4.183812507108087e-06,0.06961643695831299,-0.10676613450050354,2.0919062535540434e-06,0.034808218479156494,-0.05338306725025177,-0.01770608127117157,32,False,UNAVAILABLE,DISABLED,DISABLED,DISABLED,UNAVAILABLE,DISABLED,27.966048564761877,10.564242979045957,38.74776292126626
17,43,0.000769388978369534,4.029586307296995e-06,0.0650256872177124,-0.1194639801979065,2.0147931536484975e-06,0.0325128436088562,-0.05973199009895325,-0.02644774317741394,32,False,UNAVAILABLE,DISABLED,DISABLED,DISABLED,UNAVAILABLE,DISABLED,27.966048564761877,10.564242979045957,38.74776292126626
17,44,0.0007868348038755357,2.4726957690290874e-06,0.05679130554199219,-0.10096102952957153,1.2363478845145437e-06,0.028395652770996094,-0.05048051476478577,-0.02129679173231125,32,False,UNAVAILABLE,DISABLED,DISABLED,DISABLED,UNAVAILABLE,DISABLED,27.966048564761877,10.564242979045957,38.74776292126626
17,45,0.0008206149796023965,4.539376732282108e-06,0.07423669099807739,-0.0966145396232605,2.269688366141054e-06,0.037118345499038696,-0.04830726981163025,-0.010366041213274002,32,False,UNAVAILABLE,DISABLED,DISABLED,DISABLED,UNAVAILABLE,DISABLED,27.966048564761877,10.564242979045957,38.74776292126626
17,46,0.0008890728349797428,3.129026026726933e-06,0.052842140197753906,-0.1173861026763916,1.5645130133634666e-06,0.026421070098876953,-0.0586930513381958,-0.03138134628534317,32,False,UNAVAILABLE,DISABLED,DISABLED,DISABLED,UNAVAILABLE,DISABLED,27.966048564761877,10.564242979045957,38.74776292126626
17,47,0.0014481969410553575,3.1291137929656543e-06,0.04630458354949951,-0.09970873594284058,1.5645568964828271e-06,0.023152291774749756,-0.04985436797142029,-0.025252314284443855,32,False,UNAVAILABLE,DISABLED,DISABLED,DISABLED,UNAVAILABLE,DISABLED,27.966048564761877,10.564242979045957,38.74776292126626
17,48,0.0008400652441196144,3.924816610378912e-06,0.11075764894485474,-0.0867885947227478,1.962408305189456e-06,0.05537882447242737,-0.0433942973613739,0.012826554477214813,32,False,UNAVAILABLE,DISABLED,DISABLED,DISABLED,UNAVAILABLE,DISABLED,27.966048564761877,10.564242979045957,38.74776292126626
17,49,0.0015418489929288626,6.572708571184194e-06,0.11445701122283936,-0.07944989204406738,3.286354285592097e-06,0.05722850561141968,-0.03972494602203369,0.019048694521188736,32,False,UNAVAILABLE,DISABLED,DISABLED,DISABLED,UNAVAILABLE,DISABLED,27.966048564761877,10.564242979045957,38.74776292126626
17,50,0.0014730760594829917,4.9688437684380915e-06,0.0664055347442627,-0.08287972211837769,2.4844218842190458e-06,0.03320276737213135,-0.04143986105918884,-0.00676153227686882,32,False,UNAVAILABLE,DISABLED,DISABLED,DISABLED,UNAVAILABLE,DISABLED,27.966048564761877,10.564242979045957,38.74776292126626
17,51,0.001059418311342597,4.123203325434588e-06,0.06902128458023071,-0.08827918767929077,2.061601662717294e-06,0.034510642290115356,-0.044139593839645386,-0.00856747105717659,32,False,UNAVAILABLE,DISABLED,DISABLED,DISABLED,UNAVAILABLE,DISABLED,27.966048564761877,10.564242979045957,38.74776292126626
17,52,0.0009073445689864457,3.0970916213846067e-06,0.0745587944984436,-0.10524630546569824,1.5485458106923033e-06,0.0372793972492218,-0.05262315273284912,-0.01443486288189888,32,False,UNAVAILABLE,DISABLED,DISABLED,DISABLED,UNAVAILABLE,DISABLED,27.966048564761877,10.564242979045957,38.74776292126626
17,53,0.0008116667158901691,2.8912706966366386e-06,0.07118165493011475,-0.10676366090774536,1.4456353483183193e-06,0.03559082746505737,-0.05338183045387268,-0.016977891325950623,32,False,UNAVAILABLE,DISABLED,DISABLED,DISABLED,UNAVAILABLE,DISABLED,27.966048564761877,10.564242979045957,38.74776292126626
17,54,0.0009950152598321438,2.951512442450621e-06,0.06868505477905273,-0.11955922842025757,1.4757562212253106e-06,0.03434252738952637,-0.059779614210128784,-0.024440594017505646,32,False,UNAVAILABLE,DISABLED,DISABLED,DISABLED,UNAVAILABLE,DISABLED,27.966048564761877,10.564242979045957,38.74776292126626
17,55,0.0008050292381085455,8.907019036996644e-06,0.0852440595626831,-0.10426247119903564,4.453509518498322e-06,0.04262202978134155,-0.05213123559951782,-0.008699722588062286,32,False,UNAVAILABLE,DISABLED,DISABLED,DISABLED,UNAVAILABLE,DISABLED,27.966048564761877,10.564242979045957,38.74776292126626
17,56,0.0011036189971491694,4.034460744151147e-06,0.06914764642715454,-0.11901241540908813,2.0172303720755735e-06,0.03457382321357727,-0.05950620770454407,-0.02382674813270569,32,False,UNAVAILABLE,DISABLED,DISABLED,DISABLED,UNAVAILABLE,DISABLED,27.966048564761877,10.564242979045957,38.74776292126626
17,57,0.001112058525905013,3.082564489886863e-06,0.05188721418380737,-0.10046356916427612,1.5412822449434316e-06,0.025943607091903687,-0.05023178458213806,-0.023174578323960304,32,False,UNAVAILABLE,DISABLED,DISABLED,DISABLED,UNAVAILABLE,DISABLED,27.966048564761877,10.564242979045957,38.74776292126626
17,58,0.0010807273210957646,4.349118626123527e-06,0.07826542854309082,-0.1226738691329956,2.1745593130617635e-06,0.03913271427154541,-0.0613369345664978,-0.021121319383382797,32,False,UNAVAILABLE,DISABLED,DISABLED,DISABLED,UNAVAILABLE,DISABLED,27.966048564761877,10.564242979045957,38.74776292126626
17,59,0.0007456982275471091,2.6808390884980327e-06,0.049153804779052734,-0.09356439113616943,1.3404195442490163e-06,0.024576902389526367,-0.04678219556808472,-0.021458255127072334,32,False,UNAVAILABLE,DISABLED,DISABLED,DISABLED,UNAVAILABLE,DISABLED,27.966048564761877,10.564242979045957,38.74776292126626
17,60,0.0007907673134468496,2.6714703835750697e-06,0.05707824230194092,-0.08419972658157349,1.3357351917875349e-06,0.02853912115097046,-0.04209986329078674,-0.012768639251589775,32,False,UNAVAILABLE,DISABLED,DISABLED,DISABLED,UNAVAILABLE,DISABLED,27.966048564761877,10.564242979045957,38.74776292126626
17,61,0.0009555220021866262,3.015159563801717e-06,0.06740188598632812,-0.0808948278427124,1.5075797819008585e-06,0.03370094299316406,-0.0404474139213562,-0.0057894401252269745,32,False,UNAVAILABLE,DISABLED,DISABLED,DISABLED,UNAVAILABLE,DISABLED,27.966048564761877,10.564242979045957,38.74776292126626
17,62,0.0007379786693491042,3.4180156944785267e-06,0.05806368589401245,-0.07620906829833984,1.7090078472392634e-06,0.029031842947006226,-0.03810453414916992,-0.008333003148436546,32,False,UNAVAILABLE,DISABLED,DISABLED,DISABLED,UNAVAILABLE,DISABLED,27.966048564761877,10.564242979045957,38.74776292126626
17,63,0.0010405960492789745,2.778527004920761e-06,0.05477207899093628,-0.11855071783065796,1.3892635024603806e-06,0.02738603949546814,-0.05927535891532898,-0.03084733337163925,32,False,UNAVAILABLE,DISABLED,DISABLED,DISABLED,UNAVAILABLE,DISABLED,27.966048564761877,10.564242979045957,38.74776292126626
17,64,0.0008374820463359356,4.374592208478134e-06,0.06606483459472656,-0.09452122449874878,2.187296104239067e-06,0.03303241729736328,-0.04726061224937439,-0.013388525694608688,32,False,UNAVAILABLE,DISABLED,DISABLED,DISABLED,UNAVAILABLE,DISABLED,27.966048564761877,10.564242979045957,38.74776292126626
17,65,0.0014009078731760383,3.7307404454622883e-06,0.08139896392822266,-0.12032604217529297,1.8653702227311442e-06,0.04069948196411133,-0.060163021087646484,-0.01806076616048813,32,False,UNAVAILABLE,DISABLED,DISABLED,DISABLED,UNAVAILABLE,DISABLED,27.966048564761877,10.564242979045957,38.74776292126626
17,66,0.0010225438745692372,4.152989276917651e-06,0.07646727561950684,-0.08723604679107666,2.0764946384588256e-06,0.03823363780975342,-0.04361802339553833,-0.004359766840934753,32,False,UNAVAILABLE,DISABLED,DISABLED,DISABLED,UNAVAILABLE,DISABLED,27.966048564761877,10.564242979045957,38.74776292126626
17,67,0.0007910186541266739,2.5848123641480925e-06,0.050501465797424316,-0.0832512378692627,1.2924061820740462e-06,0.025250732898712158,-0.04162561893463135,-0.015582574531435966,32,False,UNAVAILABLE,DISABLED,DISABLED,DISABLED,UNAVAILABLE,DISABLED,27.966048564761877,10.564242979045957,38.74776292126626
17,68,0.0009010409703478217,7.611172804899979e-06,0.09836280345916748,-0.0020813941955566406,3.8055864024499897e-06,0.04918140172958374,-0.0010406970977783203,0.04904555156826973,32,False,UNAVAILABLE,DISABLED,DISABLED,DISABLED,UNAVAILABLE,DISABLED,27.966048564761877,10.564242979045957,38.74776292126626
17,69,0.0007176338112913072,4.059438651893288e-06,0.09322845935821533,-0.04474782943725586,2.029719325946644e-06,0.046614229679107666,-0.02237391471862793,0.024959977716207504,32,False,UNAVAILABLE,DISABLED,DISABLED,DISABLED,UNAVAILABLE,DISABLED,27.966048564761877,10.564242979045957,38.74776292126626
17,70,0.0018798144301399589,4.403152161103208e-06,0.06542044878005981,-0.03513538837432861,2.201576080551604e-06,0.03271022439002991,-0.017567694187164307,0.01702454686164856,32,False,UNAVAILABLE,DISABLED,DISABLED,DISABLED,UNAVAILABLE,DISABLED,27.966048564761877,10.564242979045957,38.74776292126626
17,71,0.0009788752067834139,3.872702563967323e-06,0.053603172302246094,-0.05413854122161865,1.9363512819836615e-06,0.026801586151123047,-0.027069270610809326,0.0007131267338991165,32,False,UNAVAILABLE,DISABLED,DISABLED,DISABLED,UNAVAILABLE,DISABLED,27.966048564761877,10.564242979045957,38.74776292126626
17,72,0.0012418361147865653,2.180909859816893e-06,0.07497423887252808,-0.05904972553253174,1.0904549299084465e-06,0.03748711943626404,-0.02952486276626587,0.009205184876918793,32,False,UNAVAILABLE,DISABLED,DISABLED,DISABLED,UNAVAILABLE,DISABLED,27.966048564761877,10.564242979045957,38.74776292126626
17,73,0.000964355596806854,2.787877292576013e-06,0.06505411863327026,-0.008295178413391113,1.3939386462880066e-06,0.03252705931663513,-0.004147589206695557,0.02934521809220314,32,False,UNAVAILABLE,DISABLED,DISABLED,DISABLED,UNAVAILABLE,DISABLED,27.966048564761877,10.564242979045957,38.74776292126626
17,74,0.0008814795291982591,2.9237592116260203e-06,0.051933884620666504,-0.020407676696777344,1.4618796058130101e-06,0.025966942310333252,-0.010203838348388672,0.016646046191453934,32,False,UNAVAILABLE,DISABLED,DISABLED,DISABLED,UNAVAILABLE,DISABLED,27.966048564761877,10.564242979045957,38.74776292126626
17,75,0.0010752768721431494,7.418944278470008e-06,0.11480742692947388,0.0545496940612793,3.709472139235004e-06,0.05740371346473694,0.02727484703063965,0.0857575461268425,32,False,UNAVAILABLE,DISABLED,DISABLED,DISABLED,UNAVAILABLE,DISABLED,27.966048564761877,10.564242979045957,38.74776292126626
17,76,0.0007478211773559451,3.2168356938200304e-06,0.06026333570480347,-0.00866997241973877,1.6084178469100152e-06,0.030131667852401733,-0.004334986209869385,0.026546111330389977,32,False,UNAVAILABLE,DISABLED,DISABLED,DISABLED,UNAVAILABLE,DISABLED,27.966048564761877,10.564242979045957,38.74776292126626
17,77,0.0008277503657154739,1.7319001699434011e-06,0.0433841347694397,0.007452487945556641,8.659500849717006e-07,0.02169206738471985,0.0037262439727783203,0.026246927678585052,32,False,UNAVAILABLE,DISABLED,DISABLED,DISABLED,UNAVAILABLE,DISABLED,27.966048564761877,10.564242979045957,38.74776292126626
17,78,0.0008759321644902229,4.757119768328266e-06,0.05882769823074341,0.0028603076934814453,2.378559884164133e-06,0.029413849115371704,0.0014301538467407227,0.03172231465578079,32,False,UNAVAILABLE,DISABLED,DISABLED,DISABLED,UNAVAILABLE,DISABLED,27.966048564761877,10.564242979045957,38.74776292126626
17,79,0.0008929494651965797,2.647915607667528e-06,0.04161149263381958,0.024677515029907227,1.323957803833764e-06,0.02080574631690979,0.012338757514953613,0.03403877466917038,32,False,UNAVAILABLE,DISABLED,DISABLED,DISABLED,UNAVAILABLE,DISABLED,27.966048564761877,10.564242979045957,38.74776292126626
17,80,0.0017942633712664247,4.980914582120022e-06,0.08502578735351562,0.09945881366729736,2.490457291060011e-06,0.04251289367675781,0.04972940683364868,0.09403905272483826,32,False,UNAVAILABLE,DISABLED,DISABLED,DISABLED,UNAVAILABLE,DISABLED,27.966048564761877,10.564242979045957,38.74776292126626
17,81,0.0009685108088888228,3.4174502161476994e-06,0.05500894784927368,0.04416787624359131,1.7087251080738497e-06,0.02750447392463684,0.022083938121795654,0.05055863410234451,32,False,UNAVAILABLE,DISABLED,DISABLED,DISABLED,UNAVAILABLE,DISABLED,27.966048564761877,10.564242979045957,38.74776292126626
17,82,0.0018471430521458387,2.383443415965303e-06,0.05146896839141846,0.023813247680664062,1.1917217079826514e-06,0.02573448419570923,0.011906623840332031,0.039489440619945526,32,False,UNAVAILABLE,DISABLED,DISABLED,DISABLED,UNAVAILABLE,DISABLED,27.966048564761877,10.564242979045957,38.74776292126626
17,83,0.0007975391345098615,2.2837436972622527e-06,0.05563598871231079,0.01795506477355957,1.1418718486311263e-06,0.027817994356155396,0.008977532386779785,0.037594206631183624,32,False,UNAVAILABLE,DISABLED,DISABLED,DISABLED,UNAVAILABLE,DISABLED,27.966048564761877,10.564242979045957,38.74776292126626
17,84,0.0036732798907905817,3.2142295367521e-06,0.02832263708114624,0.015684962272644043,1.60711476837605e-06,0.01416131854057312,0.007842481136322021,0.025678686797618866,32,False,UNAVAILABLE,DISABLED,DISABLED,DISABLED,UNAVAILABLE,DISABLED,27.966048564761877,10.564242979045957,38.74776292126626
17,85,0.003672130173072219,2.9287659799592802e-06,0.042748093605041504,0.02750217914581299,1.4643829899796401e-06,0.021374046802520752,0.013751089572906494,0.038798730820417404,32,False,UNAVAILABLE,DISABLED,DISABLED,DISABLED,UNAVAILABLE,DISABLED,27.966048564761877,10.564242979045957,38.74776292126626
17,86,0.007202496286481619,3.848630058200797e-06,0.03860992193222046,0.03856325149536133,1.9243150291003985e-06,0.01930496096611023,0.019281625747680664,0.045791007578372955,32,False,UNAVAILABLE,DISABLED,DISABLED,DISABLED,UNAVAILABLE,DISABLED,27.966048564761877,10.564242979045957,38.74776292126626
17,87,0.001000944641418755,2.6350044208811596e-06,0.043337345123291016,0.055389404296875,1.3175022104405798e-06,0.021668672561645508,0.0276947021484375,0.0503656342625618,32,False,UNAVAILABLE,DISABLED,DISABLED,DISABLED,UNAVAILABLE,DISABLED,27.966048564761877,10.564242979045957,38.74776292126626
17,88,0.0009757486404851079,3.518298854032764e-06,0.04414534568786621,-0.0016328096389770508,1.759149427016382e-06,0.022072672843933105,-0.0008164048194885254,0.02223377674818039,32,False,UNAVAILABLE,DISABLED,DISABLED,DISABLED,UNAVAILABLE,DISABLED,27.966048564761877,10.564242979045957,38.74776292126626
17,89,0.002317478647455573,1.947716782524367e-06,0.03421807289123535,0.036577582359313965,9.738583912621834e-07,0.017109036445617676,0.018288791179656982,0.03771628066897392,32,False,UNAVAILABLE,DISABLED,DISABLED,DISABLED,UNAVAILABLE,DISABLED,27.966048564761877,10.564242979045957,38.74776292126626
17,90,0.0013022628845646977,2.077091494356864e-06,0.029713213443756104,0.05932497978210449,1.038545747178432e-06,0.014856606721878052,0.029662489891052246,0.045822396874427795,32,False,UNAVAILABLE,DISABLED,DISABLED,DISABLED,UNAVAILABLE,DISABLED,27.966048564761877,10.564242979045957,38.74776292126626
17,91,0.007979538291692734,2.1088842458993895e-06,0.028269588947296143,-0.01252126693725586,1.0544421229496947e-06,0.014134794473648071,-0.00626063346862793,0.01585475355386734,32,False,UNAVAILABLE,DISABLED,DISABLED,DISABLED,UNAVAILABLE,DISABLED,27.966048564761877,10.564242979045957,38.74776292126626
17,92,0.0012009133351966739,2.6540162707533455e-06,0.03293222188949585,0.008703947067260742,1.3270081353766727e-06,0.016466110944747925,0.004351973533630371,0.02202032506465912,32,False,UNAVAILABLE,DISABLED,DISABLED,DISABLED,UNAVAILABLE,DISABLED,27.966048564761877,10.564242979045957,38.74776292126626
17,93,0.002096534939482808,3.2730285965953954e-06,0.04097193479537964,0.0531388521194458,1.6365142982976977e-06,0.02048596739768982,0.0265694260597229,0.04915356636047363,32,False,UNAVAILABLE,DISABLED,DISABLED,DISABLED,UNAVAILABLE,DISABLED,27.966048564761877,10.564242979045957,38.74776292126626
17,94,0.00464715575799346,3.3759088182705455e-06,0.07158291339874268,-0.02427220344543457,1.6879544091352727e-06,0.03579145669937134,-0.012136101722717285,0.028304196894168854,32,False,UNAVAILABLE,DISABLED,DISABLED,DISABLED,UNAVAILABLE,DISABLED,27.966048564761877,10.564242979045957,38.74776292126626
17,95,0.046181149780750275,2.5859108063741587e-06,0.07511836290359497,-0.003172159194946289,1.2929554031870794e-06,0.037559181451797485,-0.0015860795974731445,0.08215554058551788,32,False,UNAVAILABLE,DISABLED,DISABLED,DISABLED,UNAVAILABLE,DISABLED,27.966048564761877,10.564242979045957,38.74776292126626
17,96,0.0011367322877049446,3.4329261779930675e-06,0.04696452617645264,0.07440131902694702,1.7164630889965338e-06,0.02348226308822632,0.03720065951347351,0.06182137131690979,32,False,UNAVAILABLE,DISABLED,DISABLED,DISABLED,UNAVAILABLE,DISABLED,27.966048564761877,10.564242979045957,38.74776292126626
17,97,0.001141300774179399,3.113491629846976e-06,0.05256092548370361,-0.014209389686584473,1.556745814923488e-06,0.026280462741851807,-0.007104694843292236,0.02031862549483776,32,False,UNAVAILABLE,DISABLED,DISABLED,DISABLED,UNAVAILABLE,DISABLED,27.966048564761877,10.564242979045957,38.74776292126626
17,98,0.0037850940134376287,2.9448601708281785e-06,0.06209284067153931,0.029230892658233643,1.4724300854140893e-06,0.031046420335769653,0.014615446329116821,0.04944843426346779,32,False,UNAVAILABLE,DISABLED,DISABLED,DISABLED,UNAVAILABLE,DISABLED,27.966048564761877,10.564242979045957,38.74776292126626
17,99,0.0013427543453872204,3.6472929423325695e-06,0.07013630867004395,0.0195540189743042,1.8236464711662848e-06,0.03506815433502197,0.0097770094871521,0.04618974030017853,32,False,UNAVAILABLE,DISABLED,DISABLED,DISABLED,UNAVAILABLE,DISABLED,27.966048564761877,10.564242979045957,38.74776292126626
17,100,0.0010864384239539504,3.466568387011648e-06,0.07233810424804688,0.031745314598083496,1.733284193505824e-06,0.03616905212402344,0.015872657299041748,0.053129881620407104,32,False,UNAVAILABLE,DISABLED,DISABLED,DISABLED,UNAVAILABLE,DISABLED,27.966048564761877,10.564242979045957,38.74776292126626
18,1,0.0013251027557998896,3.054964508919511e-06,0.03865337371826172,-0.01042245700955391,1.5274822544597555e-06,0.01932668685913086,-0.005211228504776955,0.01544208824634552,32,False,UNAVAILABLE,DISABLED,DISABLED,DISABLED,UNAVAILABLE,DISABLED,28.20079575665295,9.317667598836124,37.764822891913354
18,2,0.0006319262320175767,2.9890502446505707e-06,0.027505815029144287,-0.007708247750997543,1.4945251223252853e-06,0.013752907514572144,-0.0038541238754987717,0.010532204061746597,32,False,UNAVAILABLE,DISABLED,DISABLED,DISABLED,UNAVAILABLE,DISABLED,28.20079575665295,9.317667598836124,37.764822891913354
18,3,0.0010852905688807368,2.23912502406165e-06,0.047588467597961426,0.010793641209602356,1.119562512030825e-06,0.023794233798980713,0.005396820604801178,0.030277464538812637,32,False,UNAVAILABLE,DISABLED,DISABLED,DISABLED,UNAVAILABLE,DISABLED,28.20079575665295,9.317667598836124,37.764822891913354
18,4,0.0008291726117022336,2.4511712126695784e-06,0.025541722774505615,-0.004224808886647224,1.2255856063347892e-06,0.012770861387252808,-0.002112404443323612,0.011488854885101318,32,False,UNAVAILABLE,DISABLED,DISABLED,DISABLED,UNAVAILABLE,DISABLED,28.20079575665295,9.317667598836124,37.764822891913354
18,5,0.0007944006938487291,1.8902430838352302e-06,0.02547997236251831,-0.01864798739552498,9.451215419176151e-07,0.012739986181259155,-0.00932399369776249,0.004211338236927986,32,False,UNAVAILABLE,DISABLED,DISABLED,DISABLED,UNAVAILABLE,DISABLED,28.20079575665295,9.317667598836124,37.764822891913354
18,6,0.0007843869971111417,3.210074737580726e-06,0.03471881151199341,0.004315119236707687,1.605037368790363e-06,0.017359405755996704,0.0021575596183538437,0.02030295692384243,32,False,UNAVAILABLE,DISABLED,DISABLED,DISABLED,UNAVAILABLE,DISABLED,28.20079575665295,9.317667598836124,37.764822891913354
18,7,0.0007580086239613593,1.909533921207185e-06,0.04232984781265259,0.007633993402123451,9.547669606035925e-07,0.021164923906326294,0.0038169967010617256,0.025740884244441986,32,False,UNAVAILABLE,DISABLED,DISABLED,DISABLED,UNAVAILABLE,DISABLED,28.20079575665295,9.317667598836124,37.764822891913354
18,8,0.0008063855930231512,3.963078142987797e-06,0.03434157371520996,-0.06647835671901703,1.9815390714938985e-06,0.01717078685760498,-0.033239178359508514,-0.01526002399623394,32,False,UNAVAILABLE,DISABLED,DISABLED,DISABLED,UNAVAILABLE,DISABLED,28.20079575665295,9.317667598836124,37.764822891913354
18,9,0.0010011927224695683,2.960044866995304e-06,0.038853228092193604,-0.06254472583532333,1.480022433497652e-06,0.019426614046096802,-0.03127236291766167,-0.010843075811862946,32,False,UNAVAILABLE,DISABLED,DISABLED,DISABLED,UNAVAILABLE,DISABLED,28.20079575665295,9.317667598836124,37.764822891913354
18,10,0.000860336993355304,3.004691961905337e-06,0.044688522815704346,-0.07708123326301575,1.5023459809526685e-06,0.022344261407852173,-0.038540616631507874,-0.015334516763687134,32,False,UNAVAILABLE,DISABLED,DISABLED,DISABLED,UNAVAILABLE,DISABLED,28.20079575665295,9.317667598836124,37.764822891913354
18,11,0.0007361621828749776,3.1936767754814355e-06,0.04833263158798218,-0.07398170977830887,1.5968383877407177e-06,0.02416631579399109,-0.036990854889154434,-0.012086780741810799,32,False,UNAVAILABLE,DISABLED,DISABLED,DISABLED,UNAVAILABLE,DISABLED,28.20079575665295,9.317667598836124,37.764822891913354
18,12,0.0024918620474636555,3.6077310596738243e-06,0.06156438589096069,-0.09029537439346313,1.8038655298369122e-06,0.030782192945480347,-0.04514768719673157,-0.011871829628944397,32,False,UNAVAILABLE,DISABLED,DISABLED,DISABLED,UNAVAILABLE,DISABLED,28.20079575665295,9.317667598836124,37.764822891913354
18,13,0.0007105499971657991,2.589854830148397e-06,0.03377324342727661,-0.10033705085515976,1.2949274150741985e-06,0.016886621713638306,-0.05016852542757988,-0.03257005661725998,32,False,UNAVAILABLE,DISABLED,DISABLED,DISABLED,UNAVAILABLE,DISABLED,28.20079575665295,9.317667598836124,37.764822891913354
18,14,0.0008214959525503218,2.615131961647421e-06,0.04435467720031738,-0.13229794800281525,1.3075659808237106e-06,0.02217733860015869,-0.06614897400140762,-0.04314883053302765,32,False,UNAVAILABLE,DISABLED,DISABLED,DISABLED,UNAVAILABLE,DISABLED,28.20079575665295,9.317667598836124,37.764822891913354
18,15,0.0008420358644798398,2.9528644063248066e-06,0.03607833385467529,-0.11167152971029282,1.4764322031624033e-06,0.018039166927337646,-0.05583576485514641,-0.03695308417081833,32,False,UNAVAILABLE,DISABLED,DISABLED,DISABLED,UNAVAILABLE,DISABLED,28.20079575665295,9.317667598836124,37.764822891913354
18,16,0.0010920611675828695,5.046155365562299e-06,0.06874030828475952,-0.06311837583780289,2.5230776827811496e-06,0.03437015414237976,-0.031559187918901443,0.003905549645423889,32,False,UNAVAILABLE,DISABLED,DISABLED,DISABLED,UNAVAILABLE,DISABLED,28.20079575665295,9.317667598836124,37.764822891913354
18,17,0.0007741657318547368,3.0638070711574983e-06,0.04953557252883911,-0.09487681835889816,1.5319035355787491e-06,0.024767786264419556,-0.04743840917944908,-0.021894924342632294,32,False,UNAVAILABLE,DISABLED,DISABLED,DISABLED,UNAVAILABLE,DISABLED,28.20079575665295,9.317667598836124,37.764822891913354
18,18,0.0007646819576621056,4.339608949521789e-06,0.09757339954376221,-0.16169849038124084,2.1698044747608947e-06,0.048786699771881104,-0.08084924519062042,-0.031295694410800934,32,False,UNAVAILABLE,DISABLED,DISABLED,DISABLED,UNAVAILABLE,DISABLED,28.20079575665295,9.317667598836124,37.764822891913354
18,19,0.001139185973443091,1.9276910734333796e-06,0.030617117881774902,-0.09475535899400711,9.638455367166898e-07,0.015308558940887451,-0.047377679497003555,-0.030928971245884895,32,False,UNAVAILABLE,DISABLED,DISABLED,DISABLED,UNAVAILABLE,DISABLED,28.20079575665295,9.317667598836124,37.764822891913354
18,20,0.0006685668486170471,4.033804998471169e-06,0.06894934177398682,-0.15838974714279175,2.0169024992355844e-06,0.03447467088699341,-0.07919487357139587,-0.044049620628356934,32,False,UNAVAILABLE,DISABLED,DISABLED,DISABLED,UNAVAILABLE,DISABLED,28.20079575665295,9.317667598836124,37.764822891913354
18,21,0.23759937286376953,2.6299539968022145e-06,0.036073267459869385,-0.09795302152633667,1.3149769984011073e-06,0.018036633729934692,-0.048976510763168335,0.20666080713272095,32,False,UNAVAILABLE,DISABLED,DISABLED,DISABLED,UNAVAILABLE,DISABLED,28.20079575665295,9.317667598836124,37.764822891913354
18,22,0.0021100786980241537,2.7562639388634125e-06,0.03471255302429199,-0.06771505624055862,1.3781319694317062e-06,0.017356276512145996,-0.03385752812027931,-0.014389794319868088,32,False,UNAVAILABLE,DISABLED,DISABLED,DISABLED,UNAVAILABLE,DISABLED,28.20079575665295,9.317667598836124,37.764822891913354
18,23,0.0012992005795240402,3.2182465474761557e-06,0.050736963748931885,-0.08863280713558197,1.6091232737380778e-06,0.025368481874465942,-0.044316403567790985,-0.017647111788392067,32,False,UNAVAILABLE,DISABLED,DISABLED,DISABLED,UNAVAILABLE,DISABLED,28.20079575665295,9.317667598836124,37.764822891913354
18,24,0.2171889990568161,7.453858870576369e-06,0.11039727926254272,-0.15096157789230347,3.7269294352881843e-06,0.05519863963127136,-0.07548078894615173,0.19691058993339539,32,False,UNAVAILABLE,DISABLED,DISABLED,DISABLED,UNAVAILABLE,DISABLED,28.20079575665295,9.317667598836124,37.764822891913354
18,25,0.0010545618133619428,2.751849478954682e-06,0.0804436206817627,-0.16533909738063812,1.375924739477341e-06,0.04022181034088135,-0.08266954869031906,-0.041391801089048386,32,False,UNAVAILABLE,DISABLED,DISABLED,DISABLED,UNAVAILABLE,DISABLED,28.20079575665295,9.317667598836124,37.764822891913354
18,26,0.0010642269626259804,2.624198941703071e-06,0.05955713987350464,-0.15079164505004883,1.3120994708515354e-06,0.02977856993675232,-0.07539582252502441,-0.04455171525478363,32,False,UNAVAILABLE,DISABLED,DISABLED,DISABLED,UNAVAILABLE,DISABLED,28.20079575665295,9.317667598836124,37.764822891913354
18,27,0.09774672985076904,2.386770802331739e-06,0.07334369421005249,-0.1444021463394165,1.1933854011658696e-06,0.036671847105026245,-0.07220107316970825,0.062218695878982544,32,False,UNAVAILABLE,DISABLED,DISABLED,DISABLED,UNAVAILABLE,DISABLED,28.20079575665295,9.317667598836124,37.764822891913354
18,28,0.0022481954656541348,2.548856627981877e-06,0.06277412176132202,-0.1430080085992813,1.2744283139909385e-06,0.03138706088066101,-0.07150400429964066,-0.037867471575737,32,False,UNAVAILABLE,DISABLED,DISABLED,DISABLED,UNAVAILABLE,DISABLED,28.20079575665295,9.317667598836124,37.764822891913354
18,29,0.6904535889625549,3.0375795176951215e-06,0.03471958637237549,-0.07757053524255753,1.5187897588475607e-06,0.017359793186187744,-0.03878526762127876,0.6690295934677124,32,False,UNAVAILABLE,DISABLED,DISABLED,DISABLED,UNAVAILABLE,DISABLED,28.20079575665295,9.317667598836124,37.764822891913354
18,30,0.0022656673099845648,3.2021694096329156e-06,0.07820498943328857,-0.06729726493358612,1.6010847048164578e-06,0.03910249471664429,-0.03364863246679306,0.007721129804849625,32,False,UNAVAILABLE,DISABLED,DISABLED,DISABLED,UNAVAILABLE,DISABLED,28.20079575665295,9.317667598836124,37.764822891913354
18,31,0.0017759017646312714,3.94177504858817e-06,0.059828996658325195,-0.13542667031288147,1.970887524294085e-06,0.029914498329162598,-0.06771333515644073,-0.03602096438407898,32,False,UNAVAILABLE,DISABLED,DISABLED,DISABLED,UNAVAILABLE,DISABLED,28.20079575665295,9.317667598836124,37.764822891913354
18,32,0.36931151151657104,2.9327411539270543e-06,0.05733621120452881,-0.13614408671855927,1.4663705769635271e-06,0.028668105602264404,-0.06807204335927963,0.3299090266227722,32,False,UNAVAILABLE,DISABLED,DISABLED,DISABLED,UNAVAILABLE,DISABLED,28.20079575665295,9.317667598836124,37.764822891913354
18,33,0.0015395968221127987,7.1524073064210825e-06,0.1304827332496643,-0.16448120772838593,3.5762036532105412e-06,0.06524136662483215,-0.08224060386419296,-0.015456065535545349,32,False,UNAVAILABLE,DISABLED,DISABLED,DISABLED,UNAVAILABLE,DISABLED,28.20079575665295,9.317667598836124,37.764822891913354
18,34,0.0016554610338062048,2.029091547228745e-06,0.06522953510284424,-0.164015993475914,1.0145457736143726e-06,0.03261476755142212,-0.082007996737957,-0.0477367527782917,32,False,UNAVAILABLE,DISABLED,DISABLED,DISABLED,UNAVAILABLE,DISABLED,28.20079575665295,9.317667598836124,37.764822891913354
18,35,0.21145397424697876,4.646173238143092e-06,0.054908573627471924,-0.07594501972198486,2.323086619071546e-06,0.027454286813735962,-0.03797250986099243,0.20093807578086853,32,False,UNAVAILABLE,DISABLED,DISABLED,DISABLED,UNAVAILABLE,DISABLED,28.20079575665295,9.317667598836124,37.764822891913354
18,36,0.0011616485426202416,3.8082862374722026e-06,0.07138854265213013,-0.15895682573318481,1.9041431187361013e-06,0.035694271326065063,-0.07947841286659241,-0.04262058809399605,32,False,UNAVAILABLE,DISABLED,DISABLED,DISABLED,UNAVAILABLE,DISABLED,28.20079575665295,9.317667598836124,37.764822891913354
18,37,0.0012025743490085006,2.73533783001767e-06,0.07405591011047363,-0.18181011080741882,1.367668915008835e-06,0.037027955055236816,-0.09090505540370941,-0.052673157304525375,32,False,UNAVAILABLE,DISABLED,DISABLED,DISABLED,UNAVAILABLE,DISABLED,28.20079575665295,9.317667598836124,37.764822891913354
18,38,0.0015105613274499774,4.09274298363016e-06,0.09180307388305664,-0.14978790283203125,2.04637149181508e-06,0.04590153694152832,-0.07489395141601562,-0.027479805052280426,32,False,UNAVAILABLE,DISABLED,DISABLED,DISABLED,UNAVAILABLE,DISABLED,28.20079575665295,9.317667598836124,37.764822891913354
18,39,0.0008858939982019365,2.1015725906181615e-06,0.0433497428894043,-0.09873311221599579,1.0507862953090807e-06,0.02167487144470215,-0.049366556107997894,-0.026804739609360695,32,False,UNAVAILABLE,DISABLED,DISABLED,DISABLED,UNAVAILABLE,DISABLED,28.20079575665295,9.317667598836124,37.764822891913354
18,40,0.0011832197196781635,3.879672931361711e-06,0.07884025573730469,-0.1853111833333969,1.9398364656808553e-06,0.039420127868652344,-0.09265559166669846,-0.05205030366778374,32,False,UNAVAILABLE,DISABLED,DISABLED,DISABLED,UNAVAILABLE,DISABLED,28.20079575665295,9.317667598836124,37.764822891913354
18,41,0.019712597131729126,4.794833330379333e-06,0.10062330961227417,-0.1644233763217926,2.3974166651896667e-06,0.050311654806137085,-0.0822116881608963,-0.01218503713607788,32,False,UNAVAILABLE,DISABLED,DISABLED,DISABLED,UNAVAILABLE,DISABLED,28.20079575665295,9.317667598836124,37.764822891913354
18,42,0.0007914539310149848,3.070686034334358e-06,0.07463794946670532,-0.1760874092578888,1.535343017167179e-06,0.03731897473335266,-0.0880437046289444,-0.04993174225091934,32,False,UNAVAILABLE,DISABLED,DISABLED,DISABLED,UNAVAILABLE,DISABLED,28.20079575665295,9.317667598836124,37.764822891913354
18,43,0.0007448369869962335,3.6138424093223875e-06,0.07176363468170166,-0.11590328812599182,1.8069212046611938e-06,0.03588181734085083,-0.05795164406299591,-0.021323181688785553,32,False,UNAVAILABLE,DISABLED,DISABLED,DISABLED,UNAVAILABLE,DISABLED,28.20079575665295,9.317667598836124,37.764822891913354
18,44,0.0007766842609271407,2.0626721379812807e-06,0.049982309341430664,-0.12633304297924042,1.0313360689906403e-06,0.024991154670715332,-0.06316652148962021,-0.03739765286445618,32,False,UNAVAILABLE,DISABLED,DISABLED,DISABLED,UNAVAILABLE,DISABLED,28.20079575665295,9.317667598836124,37.764822891913354
18,45,0.0011612509842962027,3.5975517675979063e-06,0.10069632530212402,-0.18501171469688416,1.7987758837989531e-06,0.05034816265106201,-0.09250585734844208,-0.04099464416503906,32,False,UNAVAILABLE,DISABLED,DISABLED,DISABLED,UNAVAILABLE,DISABLED,28.20079575665295,9.317667598836124,37.764822891913354
18,46,0.0012670004507526755,3.221720135115902e-06,0.05024069547653198,-0.10228899121284485,1.610860067557951e-06,0.02512034773826599,-0.051144495606422424,-0.024755537509918213,32,False,UNAVAILABLE,DISABLED,DISABLED,DISABLED,UNAVAILABLE,DISABLED,28.20079575665295,9.317667598836124,37.764822891913354
18,47,0.0007030412089079618,2.38792290474521e-06,0.05165928602218628,-0.14559267461299896,1.193961452372605e-06,0.02582964301109314,-0.07279633730649948,-0.046262457966804504,32,False,UNAVAILABLE,DISABLED,DISABLED,DISABLED,UNAVAILABLE,DISABLED,28.20079575665295,9.317667598836124,37.764822891913354
18,48,0.0007152456673793495,2.358643087063683e-06,0.09404236078262329,-0.13290488719940186,1.1793215435318416e-06,0.047021180391311646,-0.06645244359970093,-0.018714837729930878,32,False,UNAVAILABLE,DISABLED,DISABLED,DISABLED,UNAVAILABLE,DISABLED,28.20079575665295,9.317667598836124,37.764822891913354
18,49,0.0012856809189543128,6.064261924620951e-06,0.1291104555130005,-0.15456879138946533,3.0321309623104753e-06,0.06455522775650024,-0.07728439569473267,-0.011440455913543701,32,False,UNAVAILABLE,DISABLED,DISABLED,DISABLED,UNAVAILABLE,DISABLED,28.20079575665295,9.317667598836124,37.764822891913354
18,50,0.0007965909317135811,3.6774467844225e-06,0.07298779487609863,-0.14073288440704346,1.83872339221125e-06,0.036493897438049316,-0.07036644220352173,-0.033074114471673965,32,False,UNAVAILABLE,DISABLED,DISABLED,DISABLED,UNAVAILABLE,DISABLED,28.20079575665295,9.317667598836124,37.764822891913354
18,51,0.000829025695566088,4.908095434075221e-06,0.11697620153427124,-0.1740700602531433,2.4540477170376107e-06,0.05848810076713562,-0.08703503012657166,-0.027715448290109634,32,False,UNAVAILABLE,DISABLED,DISABLED,DISABLED,UNAVAILABLE,DISABLED,28.20079575665295,9.317667598836124,37.764822891913354
18,52,0.0008884021663106978,3.408844122532173e-06,0.08844172954559326,-0.1832267940044403,1.7044220612660865e-06,0.04422086477279663,-0.09161339700222015,-0.04650242626667023,32,False,UNAVAILABLE,DISABLED,DISABLED,DISABLED,UNAVAILABLE,DISABLED,28.20079575665295,9.317667598836124,37.764822891913354
18,53,0.0009256952325813472,3.0956709906604374e-06,0.0694047212600708,-0.12365549802780151,1.5478354953302187e-06,0.0347023606300354,-0.06182774901390076,-0.026198145002126694,32,False,UNAVAILABLE,DISABLED,DISABLED,DISABLED,UNAVAILABLE,DISABLED,28.20079575665295,9.317667598836124,37.764822891913354
18,54,0.0010166981955990195,2.2508013444166863e-06,0.07321083545684814,-0.14110714197158813,1.1254006722083432e-06,0.03660541772842407,-0.07055357098579407,-0.03293032944202423,32,False,UNAVAILABLE,DISABLED,DISABLED,DISABLED,UNAVAILABLE,DISABLED,28.20079575665295,9.317667598836124,37.764822891913354
18,55,0.001364253694191575,6.642388598265825e-06,0.11269807815551758,-0.14999601244926453,3.3211942991329124e-06,0.05634903907775879,-0.07499800622463226,-0.017281390726566315,32,False,UNAVAILABLE,DISABLED,DISABLED,DISABLED,UNAVAILABLE,DISABLED,28.20079575665295,9.317667598836124,37.764822891913354
18,56,0.001373381121084094,3.4316058190597687e-06,0.07520866394042969,-0.11392426490783691,1.7158029095298843e-06,0.037604331970214844,-0.05696213245391846,-0.01798270270228386,32,False,UNAVAILABLE,DISABLED,DISABLED,DISABLED,UNAVAILABLE,DISABLED,28.20079575665295,9.317667598836124,37.764822891913354
18,57,0.001175333745777607,1.6981655335257528e-06,0.04672366380691528,-0.11728224158287048,8.490827667628764e-07,0.02336183190345764,-0.05864112079143524,-0.03410310670733452,32,False,UNAVAILABLE,DISABLED,DISABLED,DISABLED,UNAVAILABLE,DISABLED,28.20079575665295,9.317667598836124,37.764822891913354
18,58,0.00084189313929528,3.0469539069599705e-06,0.07523208856582642,-0.0955800712108612,1.5234769534799852e-06,0.03761604428291321,-0.0477900356054306,-0.009330574423074722,32,False,UNAVAILABLE,DISABLED,DISABLED,DISABLED,UNAVAILABLE,DISABLED,28.20079575665295,9.317667598836124,37.764822891913354
18,59,0.0016515058232471347,2.533433644202887e-06,0.05541884899139404,-0.1373990774154663,1.2667168221014435e-06,0.02770942449569702,-0.06869953870773315,-0.039337340742349625,32,False,UNAVAILABLE,DISABLED,DISABLED,DISABLED,UNAVAILABLE,DISABLED,28.20079575665295,9.317667598836124,37.764822891913354
18,60,0.0010425833752378821,2.3835359570512082e-06,0.06190657615661621,-0.10364952683448792,1.1917679785256041e-06,0.030953288078308105,-0.05182476341724396,-0.019827701151371002,32,False,UNAVAILABLE,DISABLED,DISABLED,DISABLED,UNAVAILABLE,DISABLED,28.20079575665295,9.317667598836124,37.764822891913354
18,61,0.0009194255690090358,3.72625004274596e-06,0.09490740299224854,-0.0937226414680481,1.86312502137298e-06,0.04745370149612427,-0.04686132073402405,0.0015136711299419403,32,False,UNAVAILABLE,DISABLED,DISABLED,DISABLED,UNAVAILABLE,DISABLED,28.20079575665295,9.317667598836124,37.764822891913354
18,62,0.0009695308981463313,3.15783381665824e-06,0.10540050268173218,-0.13450497388839722,1.57891690832912e-06,0.05270025134086609,-0.06725248694419861,-0.013581126928329468,32,False,UNAVAILABLE,DISABLED,DISABLED,DISABLED,UNAVAILABLE,DISABLED,28.20079575665295,9.317667598836124,37.764822891913354
18,63,0.0012215612223371863,2.614520326460479e-06,0.05391722917556763,-0.09365668892860413,1.3072601632302394e-06,0.026958614587783813,-0.04682834446430206,-0.018646862357854843,32,False,UNAVAILABLE,DISABLED,DISABLED,DISABLED,UNAVAILABLE,DISABLED,28.20079575665295,9.317667598836124,37.764822891913354
18,64,0.000599308346863836,4.198043370706728e-06,0.11464887857437134,-0.029923439025878906,2.099021685353364e-06,0.05732443928718567,-0.014961719512939453,0.04296412691473961,32,False,UNAVAILABLE,DISABLED,DISABLED,DISABLED,UNAVAILABLE,DISABLED,28.20079575665295,9.317667598836124,37.764822891913354
18,65,0.0027287702541798353,3.2377831757912645e-06,0.10836166143417358,-0.06504321098327637,1.6188915878956323e-06,0.05418083071708679,-0.032521605491638184,0.024389613419771194,32,False,UNAVAILABLE,DISABLED,DISABLED,DISABLED,UNAVAILABLE,DISABLED,28.20079575665295,9.317667598836124,37.764822891913354
18,66,0.0012108207447454333,2.1931371065875283e-06,0.07365715503692627,-0.05508553981781006,1.0965685532937641e-06,0.036828577518463135,-0.02754276990890503,0.010497726500034332,32,False,UNAVAILABLE,DISABLED,DISABLED,DISABLED,UNAVAILABLE,DISABLED,28.20079575665295,9.317667598836124,37.764822891913354
18,67,0.0016901304479688406,2.3736333787383046e-06,0.05393344163894653,-0.0553814172744751,1.1868166893691523e-06,0.026966720819473267,-0.02769070863723755,0.0009673293679952621,32,False,UNAVAILABLE,DISABLED,DISABLED,DISABLED,UNAVAILABLE,DISABLED,28.20079575665295,9.317667598836124,37.764822891913354
18,68,0.001215034513734281,6.825597665738314e-06,0.1678687334060669,-0.03845500946044922,3.412798832869157e-06,0.08393436670303345,-0.01922750473022461,0.06592530757188797,32,False,UNAVAILABLE,DISABLED,DISABLED,DISABLED,UNAVAILABLE,DISABLED,28.20079575665295,9.317667598836124,37.764822891913354
18,69,0.0015331751201301813,3.427155206736643e-06,0.11324810981750488,-0.05508148670196533,1.7135776033683214e-06,0.05662405490875244,-0.027540743350982666,0.030618201941251755,32,False,UNAVAILABLE,DISABLED,DISABLED,DISABLED,UNAVAILABLE,DISABLED,28.20079575665295,9.317667598836124,37.764822891913354
18,70,0.0026986890006810427,3.724764383150614e-06,0.09983152151107788,-0.0674087405204773,1.862382191575307e-06,0.04991576075553894,-0.03370437026023865,0.018911942839622498,32,False,UNAVAILABLE,DISABLED,DISABLED,DISABLED,UNAVAILABLE,DISABLED,28.20079575665295,9.317667598836124,37.764822891913354
18,71,0.0009908920619636774,3.4211407182738185e-06,0.12314409017562866,0.009313642978668213,1.7105703591369092e-06,0.06157204508781433,0.0046568214893341064,0.06722147017717361,32,False,UNAVAILABLE,DISABLED,DISABLED,DISABLED,UNAVAILABLE,DISABLED,28.20079575665295,9.317667598836124,37.764822891913354
18,72,0.0010378763545304537,1.8386228930467041e-06,0.05122405290603638,-0.008997857570648193,9.193114465233521e-07,0.02561202645301819,-0.004498928785324097,0.022151893004775047,32,False,UNAVAILABLE,DISABLED,DISABLED,DISABLED,UNAVAILABLE,DISABLED,28.20079575665295,9.317667598836124,37.764822891913354
18,73,0.0007774052792228758,1.8026299812845537e-06,0.06714397668838501,0.0006832480430603027,9.013149906422768e-07,0.033571988344192505,0.00034162402153015137,0.03469191864132881,32,False,UNAVAILABLE,DISABLED,DISABLED,DISABLED,UNAVAILABLE,DISABLED,28.20079575665295,9.317667598836124,37.764822891913354
18,74,0.0019437226001173258,2.9653801902895793e-06,0.07465946674346924,0.025185227394104004,1.4826900951447897e-06,0.03732973337173462,0.012592613697052002,0.05186755210161209,32,False,UNAVAILABLE,DISABLED,DISABLED,DISABLED,UNAVAILABLE,DISABLED,28.20079575665295,9.317667598836124,37.764822891913354
18,75,0.0016856961883604527,1.0323317837901413e-05,0.1728839874267578,-0.0025268197059631348,5.161658918950707e-06,0.0864419937133789,-0.0012634098529815674,0.08686944097280502,32,False,UNAVAILABLE,DISABLED,DISABLED,DISABLED,UNAVAILABLE,DISABLED,28.20079575665295,9.317667598836124,37.764822891913354
18,76,0.0008856758940964937,2.557634388722363e-06,0.07775008678436279,0.035980820655822754,1.2788171943611815e-06,0.038875043392181396,0.017990410327911377,0.05775240808725357,32,False,UNAVAILABLE,DISABLED,DISABLED,DISABLED,UNAVAILABLE,DISABLED,28.20079575665295,9.317667598836124,37.764822891913354
18,77,0.008764115162193775,2.197471758336178e-06,0.06651508808135986,0.07730627059936523,1.098735879168089e-06,0.03325754404067993,0.03865313529968262,0.0806758925318718,32,False,UNAVAILABLE,DISABLED,DISABLED,DISABLED,UNAVAILABLE,DISABLED,28.20079575665295,9.317667598836124,37.764822891913354
18,78,0.0007774551631882787,3.7400257042463636e-06,0.09158486127853394,0.06514322757720947,1.8700128521231818e-06,0.04579243063926697,0.032571613788604736,0.07914337515830994,32,False,UNAVAILABLE,DISABLED,DISABLED,DISABLED,UNAVAILABLE,DISABLED,28.20079575665295,9.317667598836124,37.764822891913354
18,79,0.0009162849164567888,2.3296222479984863e-06,0.07047826051712036,0.06906509399414062,1.1648111239992431e-06,0.03523913025856018,0.03453254699707031,0.0706891268491745,32,False,UNAVAILABLE,DISABLED,DISABLED,DISABLED,UNAVAILABLE,DISABLED,28.20079575665295,9.317667598836124,37.764822891913354
18,80,0.0013058853801339865,5.3701969591202214e-06,0.10481303930282593,0.15492111444473267,2.6850984795601107e-06,0.052406519651412964,0.07746055722236633,0.13117565214633942,32,False,UNAVAILABLE,DISABLED,DISABLED,DISABLED,UNAVAILABLE,DISABLED,28.20079575665295,9.317667598836124,37.764822891913354
18,81,0.0010484816739335656,2.8480928904173197e-06,0.07902276515960693,0.11633312702178955,1.4240464452086599e-06,0.03951138257980347,0.058166563510894775,0.09872785210609436,32,False,UNAVAILABLE,DISABLED,DISABLED,DISABLED,UNAVAILABLE,DISABLED,28.20079575665295,9.317667598836124,37.764822891913354
18,82,0.0008120535057969391,1.6775456970208324e-06,0.0545811653137207,0.09455198049545288,8.387728485104162e-07,0.02729058265686035,0.04727599024772644,0.07537946105003357,32,False,UNAVAILABLE,DISABLED,DISABLED,DISABLED,UNAVAILABLE,DISABLED,28.20079575665295,9.317667598836124,37.764822891913354
18,83,0.0008202185272239149,1.8681570281842141e-06,0.04857003688812256,0.06988072395324707,9.340785140921071e-07,0.02428501844406128,0.034940361976623535,0.06004653126001358,32,False,UNAVAILABLE,DISABLED,DISABLED,DISABLED,UNAVAILABLE,DISABLED,28.20079575665295,9.317667598836124,37.764822891913354
18,84,0.0016196270007640123,2.7538617359823547e-06,0.07720446586608887,0.1777857542037964,1.3769308679911774e-06,0.038602232933044434,0.0888928771018982,0.12911611795425415,32,False,UNAVAILABLE,DISABLED,DISABLED,DISABLED,UNAVAILABLE,DISABLED,28.20079575665295,9.317667598836124,37.764822891913354
18,85,0.0011728359386324883,3.468046315902029e-06,0.11379098892211914,0.22219783067703247,1.7340231579510146e-06,0.05689549446105957,0.11109891533851624,0.16916897892951965,32,False,UNAVAILABLE,DISABLED,DISABLED,DISABLED,UNAVAILABLE,DISABLED,28.20079575665295,9.317667598836124,37.764822891913354
18,86,0.0011173897655680776,3.864666723529808e-06,0.09491360187530518,0.17385393381118774,1.932333361764904e-06,0.04745680093765259,0.08692696690559387,0.13550308346748352,32,False,UNAVAILABLE,DISABLED,DISABLED,DISABLED,UNAVAILABLE,DISABLED,28.20079575665295,9.317667598836124,37.764822891913354
18,87,0.0011551141506060958,3.061222059841384e-06,0.04762232303619385,0.11339324712753296,1.530611029920692e-06,0.023811161518096924,0.05669662356376648,0.08166442811489105,32,False,UNAVAILABLE,DISABLED,DISABLED,DISABLED,UNAVAILABLE,DISABLED,28.20079575665295,9.317667598836124,37.764822891913354
18,88,0.0008913367637433112,3.1169217891147127e-06,0.06740140914916992,0.12572771310806274,1.5584608945573564e-06,0.03370070457458496,0.06286385655403137,0.09745745360851288,32,False,UNAVAILABLE,DISABLED,DISABLED,DISABLED,UNAVAILABLE,DISABLED,28.20079575665295,9.317667598836124,37.764822891913354
18,89,0.0014365222305059433,2.084480001940392e-06,0.052553653717041016,0.13599306344985962,1.042240000970196e-06,0.026276826858520508,0.06799653172492981,0.09571092575788498,32,False,UNAVAILABLE,DISABLED,DISABLED,DISABLED,UNAVAILABLE,DISABLED,28.20079575665295,9.317667598836124,37.764822891913354
18,90,0.0015617128228768706,2.1419361928565195e-06,0.0800555944442749,0.20891934633255005,1.0709680964282597e-06,0.04002779722213745,0.10445967316627502,0.14605025947093964,32,False,UNAVAILABLE,DISABLED,DISABLED,DISABLED,UNAVAILABLE,DISABLED,28.20079575665295,9.317667598836124,37.764822891913354
18,91,0.0011756940511986613,2.9357490802794928e-06,0.0456508994102478,0.10714486241340637,1.4678745401397464e-06,0.0228254497051239,0.053572431206703186,0.07757504284381866,32,False,UNAVAILABLE,DISABLED,DISABLED,DISABLED,UNAVAILABLE,DISABLED,28.20079575665295,9.317667598836124,37.764822891913354
18,92,0.001214571064338088,1.9265362425358035e-06,0.0492250919342041,0.19835898280143738,9.632681212679017e-07,0.02461254596710205,0.09917949140071869,0.12500756978988647,32,False,UNAVAILABLE,DISABLED,DISABLED,DISABLED,UNAVAILABLE,DISABLED,28.20079575665295,9.317667598836124,37.764822891913354
18,93,0.0010920391650870442,2.4196576760004973e-06,0.04376882314682007,0.1659250557422638,1.2098288380002487e-06,0.021884411573410034,0.0829625278711319,0.10594019293785095,32,False,UNAVAILABLE,DISABLED,DISABLED,DISABLED,UNAVAILABLE,DISABLED,28.20079575665295,9.317667598836124,37.764822891913354
18,94,0.006363269407302141,3.3082819754781667e-06,0.0678410530090332,0.11470770835876465,1.6541409877390834e-06,0.0339205265045166,0.057353854179382324,0.0976393073797226,32,False,UNAVAILABLE,DISABLED,DISABLED,DISABLED,UNAVAILABLE,DISABLED,28.20079575665295,9.317667598836124,37.764822891913354
18,95,0.005471049342304468,2.857418621715624e-06,0.114906907081604,0.12773025035858154,1.428709310857812e-06,0.057453453540802,0.06386512517929077,0.1267910599708557,32,False,UNAVAILABLE,DISABLED,DISABLED,DISABLED,UNAVAILABLE,DISABLED,28.20079575665295,9.317667598836124,37.764822891913354
18,96,0.0008279155008494854,2.8898141408717493e-06,0.07025742530822754,0.15707474946975708,1.4449070704358746e-06,0.03512871265411377,0.07853737473487854,0.11449544876813889,32,False,UNAVAILABLE,DISABLED,DISABLED,DISABLED,UNAVAILABLE,DISABLED,28.20079575665295,9.317667598836124,37.764822891913354
18,97,0.0007238169200718403,2.394401008132263e-06,0.0456051230430603,0.10251748561859131,1.1972005040661315e-06,0.02280256152153015,0.051258742809295654,0.07478632032871246,32,False,UNAVAILABLE,DISABLED,DISABLED,DISABLED,UNAVAILABLE,DISABLED,28.20079575665295,9.317667598836124,37.764822891913354
18,98,0.0010372003307566047,2.5613876459829044e-06,0.033663034439086914,0.036984652280807495,1.2806938229914522e-06,0.016831517219543457,0.018492326140403748,0.03636232390999794,32,False,UNAVAILABLE,DISABLED,DISABLED,DISABLED,UNAVAILABLE,DISABLED,28.20079575665295,9.317667598836124,37.764822891913354
18,99,0.0008839761139824986,5.780596893600887e-06,0.0902060866355896,0.04703959822654724,2.8902984468004433e-06,0.0451030433177948,0.02351979911327362,0.06950970739126205,32,False,UNAVAILABLE,DISABLED,DISABLED,DISABLED,UNAVAILABLE,DISABLED,28.20079575665295,9.317667598836124,37.764822891913354
18,100,0.0008085621520876884,2.9183738661231473e-06,0.04625910520553589,0.08335447311401367,1.4591869330615737e-06,0.023129552602767944,0.041677236557006836,0.06561680883169174,32,False,UNAVAILABLE,DISABLED,DISABLED,DISABLED,UNAVAILABLE,DISABLED,28.20079575665295,9.317667598836124,37.764822891913354
19,1,0.001229928806424141,2.1418043161247624e-06,0.037225306034088135,-0.02369280532002449,1.0709021580623812e-06,0.018612653017044067,-0.011846402660012245,0.007997250184416771,32,False,UNAVAILABLE,DISABLED,DISABLED,DISABLED,UNAVAILABLE,DISABLED,28.282096473500133,10.016454766970128,38.57096592988819
19,2,0.0005751413991674781,2.6285792955604848e-06,0.04263722896575928,-0.03240462392568588,1.3142896477802424e-06,0.02131861448287964,-0.01620231196284294,0.005692757666110992,32,False,UNAVAILABLE,DISABLED,DISABLED,DISABLED,UNAVAILABLE,DISABLED,28.282096473500133,10.016454766970128,38.57096592988819
19,3,0.0008005994604900479,1.5996162119336077e-06,0.0301172137260437,-0.04665229097008705,7.998081059668039e-07,0.01505860686302185,-0.023326145485043526,-0.007466139271855354,32,False,UNAVAILABLE,DISABLED,DISABLED,DISABLED,UNAVAILABLE,DISABLED,28.282096473500133,10.016454766970128,38.57096592988819
19,4,0.0006957987206988037,2.3607358343724627e-06,0.026445448398590088,-0.046837471425533295,1.1803679171862314e-06,0.013222724199295044,-0.023418735712766647,-0.00949903205037117,32,False,UNAVAILABLE,DISABLED,DISABLED,DISABLED,UNAVAILABLE,DISABLED,28.282096473500133,10.016454766970128,38.57096592988819
19,5,0.0007513591554015875,2.036631485680118e-06,0.028480887413024902,-0.057913780212402344,1.018315742840059e-06,0.014240443706512451,-0.028956890106201172,-0.013964069075882435,32,False,UNAVAILABLE,DISABLED,DISABLED,DISABLED,UNAVAILABLE,DISABLED,28.282096473500133,10.016454766970128,38.57096592988819
19,6,0.0006176879978738725,2.301395852555288e-06,0.029042840003967285,-0.055036209523677826,1.150697926277644e-06,0.014521420001983643,-0.027518104761838913,-0.0123778460547328,32,False,UNAVAILABLE,DISABLED,DISABLED,DISABLED,UNAVAILABLE,DISABLED,28.282096473500133,10.016454766970128,38.57096592988819
19,7,0.0006431769579648972,1.6202543520194013e-06,0.027656614780426025,-0.05195678770542145,8.101271760097006e-07,0.013828307390213013,-0.025978393852710724,-0.011506099253892899,32,False,UNAVAILABLE,DISABLED,DISABLED,DISABLED,UNAVAILABLE,DISABLED,28.282096473500133,10.016454766970128,38.57096592988819
19,8,0.0006147776730358601,3.877670224028407e-06,0.05973583459854126,-0.09975984692573547,1.9388351120142033e-06,0.02986791729927063,-0.04987992346286774,-0.019395289942622185,32,False,UNAVAILABLE,DISABLED,DISABLED,DISABLED,UNAVAILABLE,DISABLED,28.282096473500133,10.016454766970128,38.57096592988819
19,9,0.00090725754853338,2.989709628309356e-06,0.04965770244598389,-0.0819244533777237,1.494854814154678e-06,0.024828851222991943,-0.04096222668886185,-0.015224622562527657,32,False,UNAVAILABLE,DISABLED,DISABLED,DISABLED,UNAVAILABLE,DISABLED,28.282096473500133,10.016454766970128,38.57096592988819
19,10,0.0005708817625418305,3.8148436942719854e-06,0.07737076282501221,-0.13284333050251007,1.9074218471359927e-06,0.038685381412506104,-0.06642166525125504,-0.027163494378328323,32,False,UNAVAILABLE,DISABLED,DISABLED,DISABLED,UNAVAILABLE,DISABLED,28.282096473500133,10.016454766970128,38.57096592988819
19,11,0.0006438504788093269,2.903207587223733e-06,0.04556173086166382,-0.08388087898492813,1.4516037936118664e-06,0.02278086543083191,-0.041940439492464066,-0.018514271825551987,32,False,UNAVAILABLE,DISABLED,DISABLED,DISABLED,UNAVAILABLE,DISABLED,28.282096473500133,10.016454766970128,38.57096592988819
19,12,0.0006935091223567724,4.0764389268588275e-06,0.059031903743743896,-0.09085161983966827,2.0382194634294137e-06,0.029515951871871948,-0.04542580991983414,-0.015214310958981514,32,False,UNAVAILABLE,DISABLED,DISABLED,DISABLED,UNAVAILABLE,DISABLED,28.282096473500133,10.016454766970128,38.57096592988819
19,13,0.0006355363293550909,3.191231598975719e-06,0.06735211610794067,-0.13217082619667053,1.5956157994878595e-06,0.03367605805397034,-0.06608541309833527,-0.031772222369909286,32,False,UNAVAILABLE,DISABLED,DISABLED,DISABLED,UNAVAILABLE,DISABLED,28.282096473500133,10.016454766970128,38.57096592988819
19,14,0.0007075314642861485,5.6129911172320135e-06,0.07868194580078125,-0.14177370071411133,2.8064955586160067e-06,0.039340972900390625,-0.07088685035705566,-0.03083553910255432,32,False,UNAVAILABLE,DISABLED,DISABLED,DISABLED,UNAVAILABLE,DISABLED,28.282096473500133,10.016454766970128,38.57096592988819
19,15,0.0006572876591235399,4.045112746098312e-06,0.06801366806030273,-0.13542139530181885,2.022556373049156e-06,0.03400683403015137,-0.06771069765090942,-0.03304455429315567,32,False,UNAVAILABLE,DISABLED,DISABLED,DISABLED,UNAVAILABLE,DISABLED,28.282096473500133,10.016454766970128,38.57096592988819
19,16,0.0014232838293537498,5.185475856706034e-06,0.05639618635177612,-0.11162596940994263,2.592737928353017e-06,0.02819809317588806,-0.055812984704971313,-0.026189014315605164,32,False,UNAVAILABLE,DISABLED,DISABLED,DISABLED,UNAVAILABLE,DISABLED,28.282096473500133,10.016454766970128,38.57096592988819
19,17,0.0005899904645048082,4.001352863269858e-06,0.056804776191711426,-0.13209940493106842,2.000676431634929e-06,0.028402388095855713,-0.06604970246553421,-0.03705532103776932,32,False,UNAVAILABLE,DISABLED,DISABLED,DISABLED,UNAVAILABLE,DISABLED,28.282096473500133,10.016454766970128,38.57096592988819
19,18,0.0006739205564372241,5.572407189902151e-06,0.10346871614456177,-0.1648608297109604,2.7862035949510755e-06,0.051734358072280884,-0.0824304148554802,-0.030019350349903107,32,False,UNAVAILABLE,DISABLED,DISABLED,DISABLED,UNAVAILABLE,DISABLED,28.282096473500133,10.016454766970128,38.57096592988819
19,19,0.0008497575763612986,5.061254796601133e-06,0.07676774263381958,-0.14326870441436768,2.5306273983005667e-06,0.03838387131690979,-0.07163435220718384,-0.03239819407463074,32,False,UNAVAILABLE,DISABLED,DISABLED,DISABLED,UNAVAILABLE,DISABLED,28.282096473500133,10.016454766970128,38.57096592988819
19,20,0.0005407857825048268,5.372397481551161e-06,0.06967002153396606,-0.14871594309806824,2.6861987407755805e-06,0.03483501076698303,-0.07435797154903412,-0.03897948935627937,32,False,UNAVAILABLE,DISABLED,DISABLED,DISABLED,UNAVAILABLE,DISABLED,28.282096473500133,10.016454766970128,38.57096592988819
19,21,0.0007871326524764299,5.480170329974499e-06,0.09653997421264648,-0.14467737078666687,2.7400851649872493e-06,0.04826998710632324,-0.07233868539333344,-0.023278824985027313,32,False,UNAVAILABLE,DISABLED,DISABLED,DISABLED,UNAVAILABLE,DISABLED,28.282096473500133,10.016454766970128,38.57096592988819
19,22,0.0006893164827488363,2.2335464109346503e-06,0.055996477603912354,-0.11767187714576721,1.1167732054673252e-06,0.027998238801956177,-0.058835938572883606,-0.030147265642881393,32,False,UNAVAILABLE,DISABLED,DISABLED,DISABLED,UNAVAILABLE,DISABLED,28.282096473500133,10.016454766970128,38.57096592988819
19,23,0.0010219690157100558,2.7945725378231145e-06,0.07428359985351562,-0.1594599187374115,1.3972862689115573e-06,0.03714179992675781,-0.07972995936870575,-0.04156479239463806,32,False,UNAVAILABLE,DISABLED,DISABLED,DISABLED,UNAVAILABLE,DISABLED,28.282096473500133,10.016454766970128,38.57096592988819
19,24,0.0006825221353210509,6.698131528537488e-06,0.09076732397079468,-0.18174487352371216,3.349065764268744e-06,0.04538366198539734,-0.09087243676185608,-0.04480290412902832,32,False,UNAVAILABLE,DISABLED,DISABLED,DISABLED,UNAVAILABLE,DISABLED,28.282096473500133,10.016454766970128,38.57096592988819
19,25,0.0006958916201256216,4.5543852138507646e-06,0.07474780082702637,-0.1858808696269989,2.2771926069253823e-06,0.037373900413513184,-0.09294043481349945,-0.054868366569280624,32,False,UNAVAILABLE,DISABLED,DISABLED,DISABLED,UNAVAILABLE,DISABLED,28.282096473500133,10.016454766970128,38.57096592988819
19,26,0.0005807724082842469,5.166057235328481e-06,0.0750960111618042,-0.19080060720443726,2.5830286176642403e-06,0.0375480055809021,-0.09540030360221863,-0.05726894363760948,32,False,UNAVAILABLE,DISABLED,DISABLED,DISABLED,UNAVAILABLE,DISABLED,28.282096473500133,10.016454766970128,38.57096592988819
19,27,0.0005160084110684693,2.52927998189989e-06,0.0644715428352356,-0.1888602375984192,1.264639990949945e-06,0.0322357714176178,-0.0944301187992096,-0.061677075922489166,32,False,UNAVAILABLE,DISABLED,DISABLED,DISABLED,UNAVAILABLE,DISABLED,28.282096473500133,10.016454766970128,38.57096592988819
19,28,0.0009187236428260803,2.7320345452608308e-06,0.06286501884460449,-0.18676799535751343,1.3660172726304154e-06,0.031432509422302246,-0.09338399767875671,-0.06103139743208885,32,False,UNAVAILABLE,DISABLED,DISABLED,DISABLED,UNAVAILABLE,DISABLED,28.282096473500133,10.016454766970128,38.57096592988819
19,29,0.0007008528336882591,2.920972974607139e-06,0.0508958101272583,-0.17258068919181824,1.4604864873035694e-06,0.02544790506362915,-0.08629034459590912,-0.06014012545347214,32,False,UNAVAILABLE,DISABLED,DISABLED,DISABLED,UNAVAILABLE,DISABLED,28.282096473500133,10.016454766970128,38.57096592988819
19,30,0.0004998334916308522,3.858851869154023e-06,0.08755218982696533,-0.17653751373291016,1.9294259345770115e-06,0.043776094913482666,-0.08826875686645508,-0.04399089887738228,32,False,UNAVAILABLE,DISABLED,DISABLED,DISABLED,UNAVAILABLE,DISABLED,28.282096473500133,10.016454766970128,38.57096592988819
19,31,0.0007169200689531863,5.015398528485093e-06,0.07548481225967407,-0.1662842035293579,2.5076992642425466e-06,0.037742406129837036,-0.08314210176467896,-0.044680267572402954,32,False,UNAVAILABLE,DISABLED,DISABLED,DISABLED,UNAVAILABLE,DISABLED,28.282096473500133,10.016454766970128,38.57096592988819
19,32,0.0016008038073778152,5.039615643909201e-06,0.08385694026947021,-0.1871364414691925,2.5198078219546005e-06,0.04192847013473511,-0.09356822073459625,-0.05003642663359642,32,False,UNAVAILABLE,DISABLED,DISABLED,DISABLED,UNAVAILABLE,DISABLED,28.282096473500133,10.016454766970128,38.57096592988819
19,33,0.0007514443714171648,7.374966116913129e-06,0.13323086500167847,-0.21569299697875977,3.6874830584565643e-06,0.06661543250083923,-0.10784649848937988,-0.040475934743881226,32,False,UNAVAILABLE,DISABLED,DISABLED,DISABLED,UNAVAILABLE,DISABLED,28.282096473500133,10.016454766970128,38.57096592988819
19,34,0.0007137481588870287,4.016791081085103e-06,0.08520221710205078,-0.19540196657180786,2.0083955405425513e-06,0.04260110855102539,-0.09770098328590393,-0.05438411980867386,32,False,UNAVAILABLE,DISABLED,DISABLED,DISABLED,UNAVAILABLE,DISABLED,28.282096473500133,10.016454766970128,38.57096592988819
19,35,0.0006032769451849163,4.2008800846815575e-06,0.07416951656341553,-0.17757415771484375,2.1004400423407787e-06,0.037084758281707764,-0.08878707885742188,-0.05109694227576256,32,False,UNAVAILABLE,DISABLED,DISABLED,DISABLED,UNAVAILABLE,DISABLED,28.282096473500133,10.016454766970128,38.57096592988819
19,36,0.00066634506219998,5.395395419327542e-06,0.09623920917510986,-0.20968806743621826,2.697697709663771e-06,0.04811960458755493,-0.10484403371810913,-0.05605538561940193,32,False,UNAVAILABLE,DISABLED,DISABLED,DISABLED,UNAVAILABLE,DISABLED,28.282096473500133,10.016454766970128,38.57096592988819
19,37,0.0009358749957755208,3.727989678736776e-06,0.08756327629089355,-0.21090149879455566,1.863994839368388e-06,0.04378163814544678,-0.10545074939727783,-0.060731373727321625,32,False,UNAVAILABLE,DISABLED,DISABLED,DISABLED,UNAVAILABLE,DISABLED,28.282096473500133,10.016454766970128,38.57096592988819
19,38,0.0013874758733436465,5.545006388274487e-06,0.11504006385803223,-0.20628172159194946,2.7725031941372436e-06,0.05752003192901611,-0.10314086079597473,-0.04423058032989502,32,False,UNAVAILABLE,DISABLED,DISABLED,DISABLED,UNAVAILABLE,DISABLED,28.282096473500133,10.016454766970128,38.57096592988819
19,39,0.0009063994511961937,3.0720293580088764e-06,0.08856713771820068,-0.22516924142837524,1.5360146790044382e-06,0.04428356885910034,-0.11258462071418762,-0.06739311665296555,32,False,UNAVAILABLE,DISABLED,DISABLED,DISABLED,UNAVAILABLE,DISABLED,28.282096473500133,10.016454766970128,38.57096592988819
19,40,0.0007599336677230895,4.130798060941743e-06,0.10721492767333984,-0.22857415676116943,2.0653990304708714e-06,0.05360746383666992,-0.11428707838058472,-0.05991761386394501,32,False,UNAVAILABLE,DISABLED,DISABLED,DISABLED,UNAVAILABLE,DISABLED,28.282096473500133,10.016454766970128,38.57096592988819
19,41,0.0007230787305161357,5.922628133703256e-06,0.12191319465637207,-0.23308849334716797,2.961314066851628e-06,0.060956597328186035,-0.11654424667358398,-0.054861608892679214,32,False,UNAVAILABLE,DISABLED,DISABLED,DISABLED,UNAVAILABLE,DISABLED,28.282096473500133,10.016454766970128,38.57096592988819
19,42,0.0005889505846425891,7.310511136893183e-06,0.13155806064605713,-0.2654792070388794,3.6552555684465915e-06,0.06577903032302856,-0.1327396035194397,-0.066367968916893,32,False,UNAVAILABLE,DISABLED,DISABLED,DISABLED,UNAVAILABLE,DISABLED,28.282096473500133,10.016454766970128,38.57096592988819
19,43,0.000582786335144192,3.5117279821861302e-06,0.11149120330810547,-0.2618754506111145,1.7558639910930651e-06,0.055745601654052734,-0.13093772530555725,-0.07460758090019226,32,False,UNAVAILABLE,DISABLED,DISABLED,DISABLED,UNAVAILABLE,DISABLED,28.282096473500133,10.016454766970128,38.57096592988819
19,44,0.000577312137465924,3.3155365599668585e-06,0.10274595022201538,-0.23217803239822388,1.6577682799834292e-06,0.05137297511100769,-0.11608901619911194,-0.06413707137107849,32,False,UNAVAILABLE,DISABLED,DISABLED,DISABLED,UNAVAILABLE,DISABLED,28.282096473500133,10.016454766970128,38.57096592988819
19,45,0.0005995738902129233,4.839392659050645e-06,0.09227538108825684,-0.22260797023773193,2.4196963295253227e-06,0.04613769054412842,-0.11130398511886597,-0.0645643025636673,32,False,UNAVAILABLE,DISABLED,DISABLED,DISABLED,UNAVAILABLE,DISABLED,28.282096473500133,10.016454766970128,38.57096592988819
19,46,0.0006952292751520872,3.823261522484245e-06,0.10001999139785767,-0.2646944522857666,1.9116307612421224e-06,0.05000999569892883,-0.1323472261428833,-0.0816400945186615,32,False,UNAVAILABLE,DISABLED,DISABLED,DISABLED,UNAVAILABLE,DISABLED,28.282096473500133,10.016454766970128,38.57096592988819
19,47,0.0006338111124932766,3.0593457722716266e-06,0.07060819864273071,-0.21771854162216187,1.5296728861358133e-06,0.035304099321365356,-0.10885927081108093,-0.0729198306798935,32,False,UNAVAILABLE,DISABLED,DISABLED,DISABLED,UNAVAILABLE,DISABLED,28.282096473500133,10.016454766970128,38.57096592988819
19,48,0.0006946976063773036,5.217674697632901e-06,0.1510103940963745,-0.23488301038742065,2.6088373488164507e-06,0.07550519704818726,-0.11744150519371033,-0.04123900085687637,32,False,UNAVAILABLE,DISABLED,DISABLED,DISABLED,UNAVAILABLE,DISABLED,28.282096473500133,10.016454766970128,38.57096592988819
19,49,0.001075509935617447,5.288690317684086e-06,0.133192777633667,-0.218486487865448,2.644345158842043e-06,0.0665963888168335,-0.109243243932724,-0.04156870394945145,32,False,UNAVAILABLE,DISABLED,DISABLED,DISABLED,UNAVAILABLE,DISABLED,28.282096473500133,10.016454766970128,38.57096592988819
19,50,0.001078911474905908,4.6784539335931186e-06,0.09667700529098511,-0.20323938131332397,2.3392269667965593e-06,0.048338502645492554,-0.10161969065666199,-0.05219993740320206,32,False,UNAVAILABLE,DISABLED,DISABLED,DISABLED,UNAVAILABLE,DISABLED,28.282096473500133,10.016454766970128,38.57096592988819
19,51,0.0009254990727640688,4.459858701011399e-06,0.11581671237945557,-0.2047659158706665,2.2299293505056994e-06,0.05790835618972778,-0.10238295793533325,-0.043546874076128006,32,False,UNAVAILABLE,DISABLED,DISABLED,DISABLED,UNAVAILABLE,DISABLED,28.282096473500133,10.016454766970128,38.57096592988819
19,52,0.0006763300043530762,4.988298314856365e-06,0.09644782543182373,-0.2034311294555664,2.4941491574281827e-06,0.048223912715911865,-0.1017155647277832,-0.05281282961368561,32,False,UNAVAILABLE,DISABLED,DISABLED,DISABLED,UNAVAILABLE,DISABLED,28.282096473500133,10.016454766970128,38.57096592988819
19,53,0.0005013831541873515,3.8618136386503465e-06,0.12235599756240845,-0.23022931814193726,1.9309068193251733e-06,0.061177998781204224,-0.11511465907096863,-0.05343334749341011,32,False,UNAVAILABLE,DISABLED,DISABLED,DISABLED,UNAVAILABLE,DISABLED,28.282096473500133,10.016454766970128,38.57096592988819
19,54,0.0007082558004185557,4.417159743752563e-06,0.14521056413650513,-0.25583958625793457,2.2085798718762817e-06,0.07260528206825256,-0.12791979312896729,-0.054604046046733856,32,False,UNAVAILABLE,DISABLED,DISABLED,DISABLED,UNAVAILABLE,DISABLED,28.282096473500133,10.016454766970128,38.57096592988819
19,55,0.000575972837395966,6.671053597528953e-06,0.11135423183441162,-0.18392080068588257,3.3355267987644766e-06,0.05567711591720581,-0.09196040034294128,-0.03570397570729256,32,False,UNAVAILABLE,DISABLED,DISABLED,DISABLED,UNAVAILABLE,DISABLED,28.282096473500133,10.016454766970128,38.57096592988819
19,56,0.0008538262918591499,4.121824986214051e-06,0.11358928680419922,-0.1690436601638794,2.0609124931070255e-06,0.05679464340209961,-0.0845218300819397,-0.026871301233768463,32,False,UNAVAILABLE,DISABLED,DISABLED,DISABLED,UNAVAILABLE,DISABLED,28.282096473500133,10.016454766970128,38.57096592988819
19,57,0.0007553944597020745,4.104282652406255e-06,0.10257697105407715,-0.18428492546081543,2.0521413262031274e-06,0.051288485527038574,-0.09214246273040771,-0.040096528828144073,32,False,UNAVAILABLE,DISABLED,DISABLED,DISABLED,UNAVAILABLE,DISABLED,28.282096473500133,10.016454766970128,38.57096592988819
19,58,0.0009180998313240707,3.93687105315621e-06,0.11618369817733765,-0.1047869324684143,1.968435526578105e-06,0.05809184908866882,-0.05239346623420715,0.006618451327085495,32,False,UNAVAILABLE,DISABLED,DISABLED,DISABLED,UNAVAILABLE,DISABLED,28.282096473500133,10.016454766970128,38.57096592988819
19,59,0.0005573506932705641,3.4535808026703307e-06,0.08253860473632812,-0.11538255214691162,1.7267904013351654e-06,0.04126930236816406,-0.05769127607345581,-0.015862897038459778,32,False,UNAVAILABLE,DISABLED,DISABLED,DISABLED,UNAVAILABLE,DISABLED,28.282096473500133,10.016454766970128,38.57096592988819
19,60,0.0006242021336220205,2.7403002604842186e-06,0.07083505392074585,-0.08419620990753174,1.3701501302421093e-06,0.035417526960372925,-0.04209810495376587,-0.006055004894733429,32,False,UNAVAILABLE,DISABLED,DISABLED,DISABLED,UNAVAILABLE,DISABLED,28.282096473500133,10.016454766970128,38.57096592988819
19,61,0.031192775815725327,3.0407770736928796e-06,0.07186824083328247,-0.034149885177612305,1.5203885368464398e-06,0.035934120416641235,-0.017074942588806152,0.05005347728729248,32,False,UNAVAILABLE,DISABLED,DISABLED,DISABLED,UNAVAILABLE,DISABLED,28.282096473500133,10.016454766970128,38.57096592988819
19,62,0.0006456594564951956,3.3953333513636608e-06,0.07568991184234619,-0.11173272132873535,1.6976666756818304e-06,0.037844955921173096,-0.055866360664367676,-0.01737404614686966,32,False,UNAVAILABLE,DISABLED,DISABLED,DISABLED,UNAVAILABLE,DISABLED,28.282096473500133,10.016454766970128,38.57096592988819
19,63,0.00075186463072896,3.849193944915896e-06,0.0876847505569458,-0.15215861797332764,1.924596972457948e-06,0.0438423752784729,-0.07607930898666382,-0.03148314356803894,32,False,UNAVAILABLE,DISABLED,DISABLED,DISABLED,UNAVAILABLE,DISABLED,28.282096473500133,10.016454766970128,38.57096592988819
19,64,0.0005125310854054987,4.9203354137716815e-06,0.10440540313720703,-0.08258891105651855,2.4601677068858407e-06,0.052202701568603516,-0.04129445552825928,0.01142323762178421,32,False,UNAVAILABLE,DISABLED,DISABLED,DISABLED,UNAVAILABLE,DISABLED,28.282096473500133,10.016454766970128,38.57096592988819
19,65,0.0009655025787651539,3.6834142065345077e-06,0.10837793350219727,-0.06956756114959717,1.8417071032672538e-06,0.05418896675109863,-0.034783780574798584,0.020372532308101654,32,False,UNAVAILABLE,DISABLED,DISABLED,DISABLED,UNAVAILABLE,DISABLED,28.282096473500133,10.016454766970128,38.57096592988819
19,66,0.0006644300883635879,3.883297722495627e-06,0.09435158967971802,-0.07960867881774902,1.9416488612478133e-06,0.04717579483985901,-0.03980433940887451,0.008037827908992767,32,False,UNAVAILABLE,DISABLED,DISABLED,DISABLED,UNAVAILABLE,DISABLED,28.282096473500133,10.016454766970128,38.57096592988819
19,67,0.0006023099995218217,3.2672633096808568e-06,0.05745363235473633,-0.02473902702331543,1.6336316548404284e-06,0.028726816177368164,-0.012369513511657715,0.016961246728897095,32,False,UNAVAILABLE,DISABLED,DISABLED,DISABLED,UNAVAILABLE,DISABLED,28.282096473500133,10.016454766970128,38.57096592988819
19,68,0.0006138033349998295,7.660764822503552e-06,0.11726170778274536,0.046138763427734375,3.830382411251776e-06,0.05863085389137268,0.023069381713867188,0.08231787383556366,32,False,UNAVAILABLE,DISABLED,DISABLED,DISABLED,UNAVAILABLE,DISABLED,28.282096473500133,10.016454766970128,38.57096592988819
19,69,0.0005922176060266793,4.782742507813964e-06,0.08599627017974854,-0.017389535903930664,2.391371253906982e-06,0.04299813508987427,-0.008694767951965332,0.034897975623607635,32,False,UNAVAILABLE,DISABLED,DISABLED,DISABLED,UNAVAILABLE,DISABLED,28.282096473500133,10.016454766970128,38.57096592988819
19,70,0.001477759680710733,4.987010470358655e-06,0.06987518072128296,-0.04521834850311279,2.4935052351793274e-06,0.03493759036064148,-0.022609174251556396,0.013808667659759521,32,False,UNAVAILABLE,DISABLED,DISABLED,DISABLED,UNAVAILABLE,DISABLED,28.282096473500133,10.016454766970128,38.57096592988819
19,71,0.0006967682857066393,4.219694801577134e-06,0.06981199979782104,-0.040371060371398926,2.109847400788567e-06,0.03490599989891052,-0.020185530185699463,0.015419349074363708,32,False,UNAVAILABLE,DISABLED,DISABLED,DISABLED,UNAVAILABLE,DISABLED,28.282096473500133,10.016454766970128,38.57096592988819
19,72,0.0008233778644353151,3.3931546568055637e-06,0.061652183532714844,-0.04190361499786377,1.6965773284027819e-06,0.030826091766357422,-0.020951807498931885,0.010699357837438583,32,False,UNAVAILABLE,DISABLED,DISABLED,DISABLED,UNAVAILABLE,DISABLED,28.282096473500133,10.016454766970128,38.57096592988819
19,73,0.0006319097592495382,5.224613232712727e-06,0.07767826318740845,-0.029945850372314453,2.6123066163563635e-06,0.038839131593704224,-0.014972925186157227,0.024500727653503418,32,False,UNAVAILABLE,DISABLED,DISABLED,DISABLED,UNAVAILABLE,DISABLED,28.282096473500133,10.016454766970128,38.57096592988819
19,74,0.002550368197262287,3.0814687761449022e-06,0.045264244079589844,-0.023259639739990234,1.5407343880724511e-06,0.022632122039794922,-0.011629819869995117,0.01355421170592308,32,False,UNAVAILABLE,DISABLED,DISABLED,DISABLED,UNAVAILABLE,DISABLED,28.282096473500133,10.016454766970128,38.57096592988819
19,75,0.002630155999213457,6.784860943298554e-06,0.1500454545021057,0.044278740882873535,3.392430471649277e-06,0.07502272725105286,0.022139370441436768,0.09979564696550369,32,False,UNAVAILABLE,DISABLED,DISABLED,DISABLED,UNAVAILABLE,DISABLED,28.282096473500133,10.016454766970128,38.57096592988819
19,76,0.0007219086401164532,2.521847136449651e-06,0.05192852020263672,-0.0316392183303833,1.2609235682248254e-06,0.02596426010131836,-0.01581960916519165,0.010867821052670479,32,False,UNAVAILABLE,DISABLED,DISABLED,DISABLED,UNAVAILABLE,DISABLED,28.282096473500133,10.016454766970128,38.57096592988819
19,77,0.0012118796585127711,2.230802692793077e-06,0.03794652223587036,0.02245485782623291,1.1154013463965384e-06,0.01897326111793518,0.011227428913116455,0.03141368553042412,32,False,UNAVAILABLE,DISABLED,DISABLED,DISABLED,UNAVAILABLE,DISABLED,28.282096473500133,10.016454766970128,38.57096592988819
19,78,0.0006161379860714078,4.971104772266699e-06,0.07655614614486694,-0.060192227363586426,2.4855523861333495e-06,0.03827807307243347,-0.030096113681793213,0.008800581097602844,32,False,UNAVAILABLE,DISABLED,DISABLED,DISABLED,UNAVAILABLE,DISABLED,28.282096473500133,10.016454766970128,38.57096592988819
19,79,0.0030117989517748356,2.7285132091492414e-06,0.036653220653533936,-0.014833807945251465,1.3642566045746207e-06,0.018326610326766968,-0.007416903972625732,0.01392287015914917,32,False,UNAVAILABLE,DISABLED,DISABLED,DISABLED,UNAVAILABLE,DISABLED,28.282096473500133,10.016454766970128,38.57096592988819
19,80,0.0013185772113502026,5.5959326346055605e-06,0.0836724042892456,0.07389497756958008,2.7979663173027802e-06,0.0418362021446228,0.03694748878479004,0.08010506629943848,32,False,UNAVAILABLE,DISABLED,DISABLED,DISABLED,UNAVAILABLE,DISABLED,28.282096473500133,10.016454766970128,38.57096592988819
19,81,0.0006853107479400933,3.481633257251815e-06,0.045468151569366455,0.028739571571350098,1.7408166286259075e-06,0.022734075784683228,0.014369785785675049,0.03779091313481331,32,False,UNAVAILABLE,DISABLED,DISABLED,DISABLED,UNAVAILABLE,DISABLED,28.282096473500133,10.016454766970128,38.57096592988819
19,82,0.0006771430489607155,3.839540568151278e-06,0.05706852674484253,-0.0065991878509521484,1.919770284075639e-06,0.028534263372421265,-0.0032995939254760742,0.02591373212635517,32,False,UNAVAILABLE,DISABLED,DISABLED,DISABLED,UNAVAILABLE,DISABLED,28.282096473500133,10.016454766970128,38.57096592988819
19,83,0.0005917661474086344,3.4147317364841e-06,0.040170907974243164,-0.010628938674926758,1.70736586824205e-06,0.020085453987121582,-0.005314469337463379,0.015364458784461021,32,False,UNAVAILABLE,DISABLED,DISABLED,DISABLED,UNAVAILABLE,DISABLED,28.282096473500133,10.016454766970128,38.57096592988819
19,84,0.04661523923277855,3.90130526284338e-06,0.029769182205200195,-0.017194390296936035,1.95065263142169e-06,0.014884591102600098,-0.008597195148468018,0.05290458723902702,32,False,UNAVAILABLE,DISABLED,DISABLED,DISABLED,UNAVAILABLE,DISABLED,28.282096473500133,10.016454766970128,38.57096592988819
19,85,0.0010533254826441407,3.932812433049548e-06,0.04869288206100464,-0.03975570201873779,1.966406216524774e-06,0.02434644103050232,-0.019877851009368896,0.005523882806301117,32,False,UNAVAILABLE,DISABLED,DISABLED,DISABLED,UNAVAILABLE,DISABLED,28.282096473500133,10.016454766970128,38.57096592988819
19,86,0.002256667474284768,4.275805167708313e-06,0.050714194774627686,0.007079660892486572,2.1379025838541565e-06,0.025357097387313843,0.003539830446243286,0.03115573339164257,32,False,UNAVAILABLE,DISABLED,DISABLED,DISABLED,UNAVAILABLE,DISABLED,28.282096473500133,10.016454766970128,38.57096592988819
19,87,0.0007066485122777522,3.308847453808994e-06,0.05877506732940674,-0.018661856651306152,1.654423726904497e-06,0.02938753366470337,-0.009330928325653076,0.0207649078220129,32,False,UNAVAILABLE,DISABLED,DISABLED,DISABLED,UNAVAILABLE,DISABLED,28.282096473500133,10.016454766970128,38.57096592988819
19,88,0.0010128639405593276,3.9927999750943854e-06,0.06193333864212036,-0.06422334909439087,1.9963999875471927e-06,0.03096666932106018,-0.032111674547195435,-0.00013014674186706543,32,False,UNAVAILABLE,DISABLED,DISABLED,DISABLED,UNAVAILABLE,DISABLED,28.282096473500133,10.016454766970128,38.57096592988819
19,89,0.001196249620988965,3.350735141793848e-06,0.0602719783782959,-0.015666604042053223,1.675367570896924e-06,0.03013598918914795,-0.007833302021026611,0.023500613868236542,32,False,UNAVAILABLE,DISABLED,DISABLED,DISABLED,UNAVAILABLE,DISABLED,28.282096473500133,10.016454766970128,38.57096592988819
19,90,0.0009183250367641449,3.0995959150459385e-06,0.041837096214294434,0.02722454071044922,1.5497979575229692e-06,0.020918548107147217,0.01361227035522461,0.03545069321990013,32,False,UNAVAILABLE,DISABLED,DISABLED,DISABLED,UNAVAILABLE,DISABLED,28.282096473500133,10.016454766970128,38.57096592988819
19,91,0.0009327976731583476,3.13237933369237e-06,0.043584346771240234,-0.008295536041259766,1.566189666846185e-06,0.021792173385620117,-0.004147768020629883,0.018578769639134407,32,False,UNAVAILABLE,DISABLED,DISABLED,DISABLED,UNAVAILABLE,DISABLED,28.282096473500133,10.016454766970128,38.57096592988819
19,92,0.0010332996025681496,2.78123502539529e-06,0.042268455028533936,0.022326111793518066,1.390617512697645e-06,0.021134227514266968,0.011163055896759033,0.0333319753408432,32,False,UNAVAILABLE,DISABLED,DISABLED,DISABLED,UNAVAILABLE,DISABLED,28.282096473500133,10.016454766970128,38.57096592988819
19,93,0.0008360281935892999,3.129269089185982e-06,0.034613966941833496,0.021916508674621582,1.564634544592991e-06,0.017306983470916748,0.010958254337310791,0.029102830216288567,32,False,UNAVAILABLE,DISABLED,DISABLED,DISABLED,UNAVAILABLE,DISABLED,28.282096473500133,10.016454766970128,38.57096592988819
19,94,0.001186675624921918,3.332156211399706e-06,0.06648463010787964,-0.005588114261627197,1.666078105699853e-06,0.03324231505393982,-0.0027940571308135986,0.03163659945130348,32,False,UNAVAILABLE,DISABLED,DISABLED,DISABLED,UNAVAILABLE,DISABLED,28.282096473500133,10.016454766970128,38.57096592988819
19,95,0.00110565684735775,4.624620032700477e-06,0.11632925271987915,-0.015290975570678711,2.3123100163502386e-06,0.058164626359939575,-0.0076454877853393555,0.051627106964588165,32,False,UNAVAILABLE,DISABLED,DISABLED,DISABLED,UNAVAILABLE,DISABLED,28.282096473500133,10.016454766970128,38.57096592988819
19,96,0.0007989533478394151,3.443720288487384e-06,0.06385678052902222,0.04346799850463867,1.721860144243692e-06,0.03192839026451111,0.021733999252319336,0.054463066160678864,32,False,UNAVAILABLE,DISABLED,DISABLED,DISABLED,UNAVAILABLE,DISABLED,28.282096473500133,10.016454766970128,38.57096592988819
19,97,0.17808857560157776,2.9845357403246453e-06,0.050711870193481445,0.00724482536315918,1.4922678701623227e-06,0.025355935096740723,0.00362241268157959,0.20706841349601746,32,False,UNAVAILABLE,DISABLED,DISABLED,DISABLED,UNAVAILABLE,DISABLED,28.282096473500133,10.016454766970128,38.57096592988819
19,98,0.0017235319828614593,3.8049727208999684e-06,0.09243941307067871,0.012286663055419922,1.9024863604499842e-06,0.046219706535339355,0.006143331527709961,0.054088473320007324,32,False,UNAVAILABLE,DISABLED,DISABLED,DISABLED,UNAVAILABLE,DISABLED,28.282096473500133,10.016454766970128,38.57096592988819
19,99,0.001029438921250403,4.811084181710612e-06,0.09981358051300049,-0.009743809700012207,2.405542090855306e-06,0.049906790256500244,-0.0048719048500061035,0.046066731214523315,32,False,UNAVAILABLE,DISABLED,DISABLED,DISABLED,UNAVAILABLE,DISABLED,28.282096473500133,10.016454766970128,38.57096592988819
19,100,0.000678258016705513,4.236088898323942e-06,0.059063732624053955,0.015703260898590088,2.118044449161971e-06,0.029531866312026978,0.007851630449295044,0.03806387260556221,32,False,UNAVAILABLE,DISABLED,DISABLED,DISABLED,UNAVAILABLE,DISABLED,28.282096473500133,10.016454766970128,38.57096592988819
20,1,0.0008904400747269392,3.4275699363206513e-06,0.04053992033004761,0.006187360733747482,1.7137849681603257e-06,0.020269960165023804,0.003093680366873741,0.024255793541669846,32,False,UNAVAILABLE,DISABLED,DISABLED,DISABLED,UNAVAILABLE,DISABLED,28.164394468069077,10.56352434004657,38.96814991440624
20,2,0.000636097916867584,2.9554209959314903e-06,0.03290623426437378,-0.002198043279349804,1.4777104979657452e-06,0.01645311713218689,-0.001099021639674902,0.01599167101085186,32,False,UNAVAILABLE,DISABLED,DISABLED,DISABLED,UNAVAILABLE,DISABLED,28.164394468069077,10.56352434004657,38.96814991440624
20,3,0.0007658145041204989,3.158697836624924e-06,0.038974225521087646,0.015200179070234299,1.579348918312462e-06,0.019487112760543823,0.007600089535117149,0.027854595333337784,32,False,UNAVAILABLE,DISABLED,DISABLED,DISABLED,UNAVAILABLE,DISABLED,28.164394468069077,10.56352434004657,38.96814991440624
20,4,0.0006822298746556044,3.7461302326846635e-06,0.04145205020904541,-0.0006991792470216751,1.8730651163423317e-06,0.020726025104522705,-0.00034958962351083755,0.021060537546873093,32,False,UNAVAILABLE,DISABLED,DISABLED,DISABLED,UNAVAILABLE,DISABLED,28.164394468069077,10.56352434004657,38.96814991440624
20,5,0.0007113240426406264,2.9484572223736905e-06,0.028424739837646484,-0.010629383847117424,1.4742286111868452e-06,0.014212369918823242,-0.005314691923558712,0.009610475972294807,32,False,UNAVAILABLE,DISABLED,DISABLED,DISABLED,UNAVAILABLE,DISABLED,28.164394468069077,10.56352434004657,38.96814991440624
20,6,0.0006707923603244126,2.870673824872938e-06,0.037862539291381836,0.02144692838191986,1.435336912436469e-06,0.018931269645690918,0.01072346419095993,0.0303269624710083,32,False,UNAVAILABLE,DISABLED,DISABLED,DISABLED,UNAVAILABLE,DISABLED,28.164394468069077,10.56352434004657,38.96814991440624
20,7,0.000675983028486371,1.6498041759405169e-06,0.03661668300628662,0.01520698145031929,8.249020879702584e-07,0.01830834150314331,0.007603490725159645,0.026588639244437218,32,False,UNAVAILABLE,DISABLED,DISABLED,DISABLED,UNAVAILABLE,DISABLED,28.164394468069077,10.56352434004657,38.96814991440624
20,8,0.0007917767507024109,4.6170084715413395e-06,0.039450764656066895,-0.05658639967441559,2.3085042357706698e-06,0.019725382328033447,-0.028293199837207794,-0.007773732766509056,32,False,UNAVAILABLE,DISABLED,DISABLED,DISABLED,UNAVAILABLE,DISABLED,28.164394468069077,10.56352434004657,38.96814991440624
20,9,0.0009469898650422692,3.2882039704418276e-06,0.03342437744140625,-0.05843940004706383,1.6441019852209138e-06,0.016712188720703125,-0.029219700023531914,-0.011558877304196358,32,False,UNAVAILABLE,DISABLED,DISABLED,DISABLED,UNAVAILABLE,DISABLED,28.164394468069077,10.56352434004657,38.96814991440624
20,10,0.0007436360465362668,2.7003475224773865e-06,0.04279351234436035,-0.07361521571874619,1.3501737612386933e-06,0.021396756172180176,-0.03680760785937309,-0.014665866270661354,32,False,UNAVAILABLE,DISABLED,DISABLED,DISABLED,UNAVAILABLE,DISABLED,28.164394468069077,10.56352434004657,38.96814991440624
20,11,0.0006627517286688089,4.106331289221998e-06,0.05984622240066528,-0.06257959455251694,2.053165644610999e-06,0.02992311120033264,-0.03128979727625847,-0.0007018819451332092,32,False,UNAVAILABLE,DISABLED,DISABLED,DISABLED,UNAVAILABLE,DISABLED,28.164394468069077,10.56352434004657,38.96814991440624
20,12,0.0016159017104655504,3.299759328001528e-06,0.04575538635253906,-0.057067058980464935,1.649879664000764e-06,0.02287769317626953,-0.028533529490232468,-0.004038285464048386,32,False,UNAVAILABLE,DISABLED,DISABLED,DISABLED,UNAVAILABLE,DISABLED,28.164394468069077,10.56352434004657,38.96814991440624
20,13,0.0006106657674536109,2.7558085093914997e-06,0.02745687961578369,-0.08536845445632935,1.3779042546957498e-06,0.013728439807891846,-0.04268422722816467,-0.028343744575977325,32,False,UNAVAILABLE,DISABLED,DISABLED,DISABLED,UNAVAILABLE,DISABLED,28.164394468069077,10.56352434004657,38.96814991440624
20,14,0.0007533293101005256,2.8514846235339064e-06,0.050409793853759766,-0.1308702528476715,1.4257423117669532e-06,0.025204896926879883,-0.06543512642383575,-0.03947547450661659,32,False,UNAVAILABLE,DISABLED,DISABLED,DISABLED,UNAVAILABLE,DISABLED,28.164394468069077,10.56352434004657,38.96814991440624
20,15,0.000754045438952744,2.958445520562236e-06,0.036264240741729736,-0.10954933613538742,1.479222760281118e-06,0.018132120370864868,-0.05477466806769371,-0.03588702529668808,32,False,UNAVAILABLE,DISABLED,DISABLED,DISABLED,UNAVAILABLE,DISABLED,28.164394468069077,10.56352434004657,38.96814991440624
20,16,0.0010879302863031626,5.104388492327416e-06,0.05945044755935669,-0.05430303514003754,2.552194246163708e-06,0.029725223779678345,-0.02715151757001877,0.0036641880869865417,32,False,UNAVAILABLE,DISABLED,DISABLED,DISABLED,UNAVAILABLE,DISABLED,28.164394468069077,10.56352434004657,38.96814991440624
20,17,0.0006026899209246039,2.4002206373552326e-06,0.04228633642196655,-0.09760994464159012,1.2001103186776163e-06,0.021143168210983276,-0.04880497232079506,-0.027057914063334465,32,False,UNAVAILABLE,DISABLED,DISABLED,DISABLED,UNAVAILABLE,DISABLED,28.164394468069077,10.56352434004657,38.96814991440624
20,18,0.0009825765155255795,3.4081929243257036e-06,0.09681141376495361,-0.1922977715730667,1.7040964621628518e-06,0.04840570688247681,-0.09614888578653336,-0.046758897602558136,32,False,UNAVAILABLE,DISABLED,DISABLED,DISABLED,UNAVAILABLE,DISABLED,28.164394468069077,10.56352434004657,38.96814991440624
20,19,0.0009175842278636992,2.7264834443485597e-06,0.042722344398498535,-0.09472550451755524,1.3632417221742799e-06,0.021361172199249268,-0.04736275225877762,-0.025082632899284363,32,False,UNAVAILABLE,DISABLED,DISABLED,DISABLED,UNAVAILABLE,DISABLED,28.164394468069077,10.56352434004657,38.96814991440624
20,20,0.0006420012796297669,4.204875494906446e-06,0.06849849224090576,-0.1622057557106018,2.102437747453223e-06,0.03424924612045288,-0.0811028778553009,-0.04620952904224396,32,False,UNAVAILABLE,DISABLED,DISABLED,DISABLED,UNAVAILABLE,DISABLED,28.164394468069077,10.56352434004657,38.96814991440624
20,21,0.03947049379348755,2.1738719624408986e-06,0.05249136686325073,-0.13551326096057892,1.0869359812204493e-06,0.026245683431625366,-0.06775663048028946,-0.0020393654704093933,32,False,UNAVAILABLE,DISABLED,DISABLED,DISABLED,UNAVAILABLE,DISABLED,28.164394468069077,10.56352434004657,38.96814991440624
20,22,0.0007002704660408199,2.2881922632222995e-06,0.03271442651748657,-0.0726204663515091,1.1440961316111498e-06,0.016357213258743286,-0.03631023317575455,-0.01925160549581051,32,False,UNAVAILABLE,DISABLED,DISABLED,DISABLED,UNAVAILABLE,DISABLED,28.164394468069077,10.56352434004657,38.96814991440624
20,23,0.0011385714169591665,2.9537502541643335e-06,0.049522995948791504,-0.09217336773872375,1.4768751270821667e-06,0.024761497974395752,-0.04608668386936188,-0.020185137167572975,32,False,UNAVAILABLE,DISABLED,DISABLED,DISABLED,UNAVAILABLE,DISABLED,28.164394468069077,10.56352434004657,38.96814991440624
20,24,0.000765376491472125,5.901756139792269e-06,0.11214739084243774,-0.18444235622882843,2.9508780698961345e-06,0.05607369542121887,-0.09222117811441422,-0.03537915647029877,32,False,UNAVAILABLE,DISABLED,DISABLED,DISABLED,UNAVAILABLE,DISABLED,28.164394468069077,10.56352434004657,38.96814991440624
20,25,0.0018713417230173945,2.8434942578314804e-06,0.08215045928955078,-0.17136988043785095,1.4217471289157402e-06,0.04107522964477539,-0.08568494021892548,-0.042736947536468506,32,False,UNAVAILABLE,DISABLED,DISABLED,DISABLED,UNAVAILABLE,DISABLED,28.164394468069077,10.56352434004657,38.96814991440624
20,26,0.0006155030569061637,4.5448359742295e-06,0.07890623807907104,-0.1679796427488327,2.27241798711475e-06,0.03945311903953552,-0.08398982137441635,-0.043918926268815994,32,False,UNAVAILABLE,DISABLED,DISABLED,DISABLED,UNAVAILABLE,DISABLED,28.164394468069077,10.56352434004657,38.96814991440624
20,27,0.012868840247392654,1.9627559595392086e-06,0.04548513889312744,-0.12276014685630798,9.813779797696043e-07,0.02274256944656372,-0.06138007342815399,-0.02576768398284912,32,False,UNAVAILABLE,DISABLED,DISABLED,DISABLED,UNAVAILABLE,DISABLED,28.164394468069077,10.56352434004657,38.96814991440624
20,28,0.000983329489827156,2.6712830276665045e-06,0.0529179573059082,-0.14412352442741394,1.3356415138332522e-06,0.0264589786529541,-0.07206176221370697,-0.044618118554353714,32,False,UNAVAILABLE,DISABLED,DISABLED,DISABLED,UNAVAILABLE,DISABLED,28.164394468069077,10.56352434004657,38.96814991440624
20,29,0.0006947637884877622,2.253159436804708e-06,0.024526119232177734,-0.07429184019565582,1.126579718402354e-06,0.012263059616088867,-0.03714592009782791,-0.02418696880340576,32,False,UNAVAILABLE,DISABLED,DISABLED,DISABLED,UNAVAILABLE,DISABLED,28.164394468069077,10.56352434004657,38.96814991440624
20,30,0.0009193129371851683,2.0635666260204744e-06,0.042023420333862305,-0.10494384914636612,1.0317833130102372e-06,0.021011710166931152,-0.05247192457318306,-0.030539870262145996,32,False,UNAVAILABLE,DISABLED,DISABLED,DISABLED,UNAVAILABLE,DISABLED,28.164394468069077,10.56352434004657,38.96814991440624
20,31,0.0008737579337321222,4.631786850950448e-06,0.05331653356552124,-0.10757505148649216,2.315893425475224e-06,0.02665826678276062,-0.05378752574324608,-0.02625318430364132,32,False,UNAVAILABLE,DISABLED,DISABLED,DISABLED,UNAVAILABLE,DISABLED,28.164394468069077,10.56352434004657,38.96814991440624
20,32,0.0006279182271100581,3.728698629856808e-06,0.06622856855392456,-0.10063107311725616,1.864349314928404e-06,0.03311428427696228,-0.05031553655862808,-0.016571469604969025,32,False,UNAVAILABLE,DISABLED,DISABLED,DISABLED,UNAVAILABLE,DISABLED,28.164394468069077,10.56352434004657,38.96814991440624
20,33,0.0009245535475201905,8.422347491432447e-06,0.143593430519104,-0.17898154258728027,4.2111737457162235e-06,0.071796715259552,-0.08949077129364014,-0.0167652890086174,32,False,UNAVAILABLE,DISABLED,DISABLED,DISABLED,UNAVAILABLE,DISABLED,28.164394468069077,10.56352434004657,38.96814991440624
20,34,0.0006429867935366929,2.7004014100384666e-06,0.06515789031982422,-0.1451115906238556,1.3502007050192333e-06,0.03257894515991211,-0.0725557953119278,-0.03933251276612282,32,False,UNAVAILABLE,DISABLED,DISABLED,DISABLED,UNAVAILABLE,DISABLED,28.164394468069077,10.56352434004657,38.96814991440624
20,35,0.0006261558155529201,3.707816176756751e-06,0.05195540189743042,-0.09625828266143799,1.8539080883783754e-06,0.02597770094871521,-0.048129141330718994,-0.021523430943489075,32,False,UNAVAILABLE,DISABLED,DISABLED,DISABLED,UNAVAILABLE,DISABLED,28.164394468069077,10.56352434004657,38.96814991440624
20,36,0.0007634797366335988,4.433402409631526e-06,0.06732523441314697,-0.15131022036075592,2.216701204815763e-06,0.033662617206573486,-0.07565511018037796,-0.04122679680585861,32,False,UNAVAILABLE,DISABLED,DISABLED,DISABLED,UNAVAILABLE,DISABLED,28.164394468069077,10.56352434004657,38.96814991440624
20,37,0.0012466416228562593,2.7648677587421844e-06,0.06137990951538086,-0.13940614461898804,1.3824338793710922e-06,0.03068995475769043,-0.06970307230949402,-0.03776509314775467,32,False,UNAVAILABLE,DISABLED,DISABLED,DISABLED,UNAVAILABLE,DISABLED,28.164394468069077,10.56352434004657,38.96814991440624
20,38,0.0010332923848181963,4.490347691898933e-06,0.10362142324447632,-0.1497354507446289,2.2451738459494663e-06,0.05181071162223816,-0.07486772537231445,-0.022021476179361343,32,False,UNAVAILABLE,DISABLED,DISABLED,DISABLED,UNAVAILABLE,DISABLED,28.164394468069077,10.56352434004657,38.96814991440624
20,39,0.0007047682884149253,2.2208525933820056e-06,0.036796391010284424,-0.09804601967334747,1.1104262966910028e-06,0.018398195505142212,-0.04902300983667374,-0.029918935149908066,32,False,UNAVAILABLE,DISABLED,DISABLED,DISABLED,UNAVAILABLE,DISABLED,28.164394468069077,10.56352434004657,38.96814991440624
20,40,0.0010116989724338055,3.941153863706859e-06,0.0679541826248169,-0.14661842584609985,1.9705769318534294e-06,0.03397709131240845,-0.07330921292304993,-0.0383184514939785,32,False,UNAVAILABLE,DISABLED,DISABLED,DISABLED,UNAVAILABLE,DISABLED,28.164394468069077,10.56352434004657,38.96814991440624
20,41,0.0008749621338211,3.6486553653958254e-06,0.09739762544631958,-0.1485997438430786,1.8243276826979127e-06,0.04869881272315979,-0.0742998719215393,-0.024724271148443222,32,False,UNAVAILABLE,DISABLED,DISABLED,DISABLED,UNAVAILABLE,DISABLED,28.164394468069077,10.56352434004657,38.96814991440624
20,42,0.0007469730917364359,2.828220203809906e-06,0.05733895301818848,-0.14561539888381958,1.414110101904953e-06,0.02866947650909424,-0.07280769944190979,-0.043389834463596344,32,False,UNAVAILABLE,DISABLED,DISABLED,DISABLED,UNAVAILABLE,DISABLED,28.164394468069077,10.56352434004657,38.96814991440624
20,43,0.0005668841185979545,4.683752194978297e-06,0.07344275712966919,-0.1329331398010254,2.3418760974891484e-06,0.036721378564834595,-0.0664665699005127,-0.02917596697807312,32,False,UNAVAILABLE,DISABLED,DISABLED,DISABLED,UNAVAILABLE,DISABLED,28.164394468069077,10.56352434004657,38.96814991440624
20,44,0.0007035533199086785,3.114056880804128e-06,0.0614396333694458,-0.10919316112995148,1.557028440402064e-06,0.0307198166847229,-0.05459658056497574,-0.023171652108430862,32,False,UNAVAILABLE,DISABLED,DISABLED,DISABLED,UNAVAILABLE,DISABLED,28.164394468069077,10.56352434004657,38.96814991440624
20,45,0.000695995579008013,4.8737774704932235e-06,0.11103928089141846,-0.14508362114429474,2.4368887352466118e-06,0.05551964044570923,-0.07254181057214737,-0.016323737800121307,32,False,UNAVAILABLE,DISABLED,DISABLED,DISABLED,UNAVAILABLE,DISABLED,28.164394468069077,10.56352434004657,38.96814991440624
20,46,0.0006828044424764812,3.643606305558933e-06,0.04411113262176514,-0.09347683191299438,1.8218031527794665e-06,0.02205556631088257,-0.04673841595649719,-0.02399822324514389,32,False,UNAVAILABLE,DISABLED,DISABLED,DISABLED,UNAVAILABLE,DISABLED,28.164394468069077,10.56352434004657,38.96814991440624
20,47,0.0007444519433192909,2.4940279672591714e-06,0.040769100189208984,-0.0925111174583435,1.2470139836295857e-06,0.020384550094604492,-0.04625555872917175,-0.025125309824943542,32,False,UNAVAILABLE,DISABLED,DISABLED,DISABLED,UNAVAILABLE,DISABLED,28.164394468069077,10.56352434004657,38.96814991440624
20,48,0.0008465199498459697,2.517784423616831e-06,0.07797187566757202,-0.10566960275173187,1.2588922118084156e-06,0.03898593783378601,-0.052834801375865936,-0.013001084327697754,32,False,UNAVAILABLE,DISABLED,DISABLED,DISABLED,UNAVAILABLE,DISABLED,28.164394468069077,10.56352434004657,38.96814991440624
20,49,0.001190706854686141,5.6775970733724535e-06,0.13575559854507446,-0.13134515285491943,2.8387985366862267e-06,0.06787779927253723,-0.06567257642745972,0.0033987686038017273,32,False,UNAVAILABLE,DISABLED,DISABLED,DISABLED,UNAVAILABLE,DISABLED,28.164394468069077,10.56352434004657,38.96814991440624
20,50,0.0008632026147097349,4.241336682753172e-06,0.08591187000274658,-0.10590407252311707,2.120668341376586e-06,0.04295593500137329,-0.05295203626155853,-0.009130779653787613,32,False,UNAVAILABLE,DISABLED,DISABLED,DISABLED,UNAVAILABLE,DISABLED,28.164394468069077,10.56352434004657,38.96814991440624
20,51,0.0009836278622969985,3.6496028315013973e-06,0.1053847074508667,-0.09784519672393799,1.8248014157506987e-06,0.05269235372543335,-0.048922598361968994,0.004755206406116486,32,False,UNAVAILABLE,DISABLED,DISABLED,DISABLED,UNAVAILABLE,DISABLED,28.164394468069077,10.56352434004657,38.96814991440624
20,52,0.0006358744576573372,3.826265583484201e-06,0.08364152908325195,-0.16535818576812744,1.9131327917421004e-06,0.04182076454162598,-0.08267909288406372,-0.04022054001688957,32,False,UNAVAILABLE,DISABLED,DISABLED,DISABLED,UNAVAILABLE,DISABLED,28.164394468069077,10.56352434004657,38.96814991440624
20,53,0.0011213127290830016,3.087204504481633e-06,0.056945979595184326,-0.11704191565513611,1.5436022522408166e-06,0.028472989797592163,-0.058520957827568054,-0.028925111517310143,32,False,UNAVAILABLE,DISABLED,DISABLED,DISABLED,UNAVAILABLE,DISABLED,28.164394468069077,10.56352434004657,38.96814991440624
20,54,0.0011540936538949609,2.1301420929376036e-06,0.06087636947631836,-0.1299324631690979,1.0650710464688018e-06,0.03043818473815918,-0.06496623158454895,-0.03337288647890091,32,False,UNAVAILABLE,DISABLED,DISABLED,DISABLED,UNAVAILABLE,DISABLED,28.164394468069077,10.56352434004657,38.96814991440624
20,55,0.0011222625616937876,7.081745025061537e-06,0.09043848514556885,-0.12389445304870605,3.5408725125307683e-06,0.045219242572784424,-0.06194722652435303,-0.015602178871631622,32,False,UNAVAILABLE,DISABLED,DISABLED,DISABLED,UNAVAILABLE,DISABLED,28.164394468069077,10.56352434004657,38.96814991440624
20,56,0.0014265256468206644,4.550083303911379e-06,0.0701451301574707,-0.10763823986053467,2.2750416519556893e-06,0.03507256507873535,-0.053819119930267334,-0.0173177532851696,32,False,UNAVAILABLE,DISABLED,DISABLED,DISABLED,UNAVAILABLE,DISABLED,28.164394468069077,10.56352434004657,38.96814991440624
20,57,0.0011817425256595016,2.030507857853081e-06,0.042746663093566895,-0.09886637330055237,1.0152539289265405e-06,0.021373331546783447,-0.049433186650276184,-0.02687709778547287,32,False,UNAVAILABLE,DISABLED,DISABLED,DISABLED,UNAVAILABLE,DISABLED,28.164394468069077,10.56352434004657,38.96814991440624
20,58,0.0007396854925900698,2.862516339519061e-06,0.05367058515548706,-0.08086150884628296,1.4312581697595306e-06,0.02683529257774353,-0.04043075442314148,-0.012854345142841339,32,False,UNAVAILABLE,DISABLED,DISABLED,DISABLED,UNAVAILABLE,DISABLED,28.164394468069077,10.56352434004657,38.96814991440624
20,59,0.0006560060428455472,3.818750883510802e-06,0.06026101112365723,-0.12913557887077332,1.909375441755401e-06,0.030130505561828613,-0.06456778943538666,-0.03377936780452728,32,False,UNAVAILABLE,DISABLED,DISABLED,DISABLED,UNAVAILABLE,DISABLED,28.164394468069077,10.56352434004657,38.96814991440624
20,60,0.0008367340196855366,2.519924009902752e-06,0.062243759632110596,-0.07632845640182495,1.259962004951376e-06,0.031121879816055298,-0.038164228200912476,-0.0062043555080890656,32,False,UNAVAILABLE,DISABLED,DISABLED,DISABLED,UNAVAILABLE,DISABLED,28.164394468069077,10.56352434004657,38.96814991440624
20,61,0.0011583070736378431,3.2722493870096514e-06,0.09342998266220093,-0.04806670546531677,1.6361246935048257e-06,0.046714991331100464,-0.024033352732658386,0.023841582238674164,32,False,UNAVAILABLE,DISABLED,DISABLED,DISABLED,UNAVAILABLE,DISABLED,28.164394468069077,10.56352434004657,38.96814991440624
20,62,0.001164154033176601,4.014490968984319e-06,0.06542813777923584,-0.09854617714881897,2.0072454844921594e-06,0.03271406888961792,-0.049273088574409485,-0.015392858535051346,32,False,UNAVAILABLE,DISABLED,DISABLED,DISABLED,UNAVAILABLE,DISABLED,28.164394468069077,10.56352434004657,38.96814991440624
20,63,0.0008751476416364312,3.963816652685637e-06,0.06043076515197754,-0.12432608008384705,1.9819083263428183e-06,0.03021538257598877,-0.06216304004192352,-0.03107052855193615,32,False,UNAVAILABLE,DISABLED,DISABLED,DISABLED,UNAVAILABLE,DISABLED,28.164394468069077,10.56352434004657,38.96814991440624
20,64,0.0006759203388355672,3.1129484341363423e-06,0.09720849990844727,-0.02556687593460083,1.5564742170681711e-06,0.04860424995422363,-0.012783437967300415,0.0364982895553112,32,False,UNAVAILABLE,DISABLED,DISABLED,DISABLED,UNAVAILABLE,DISABLED,28.164394468069077,10.56352434004657,38.96814991440624
20,65,0.0015833397628739476,3.58050442628155e-06,0.06112933158874512,-0.044393956661224365,1.790252213140775e-06,0.03056466579437256,-0.022196978330612183,0.009952817112207413,32,False,UNAVAILABLE,DISABLED,DISABLED,DISABLED,UNAVAILABLE,DISABLED,28.164394468069077,10.56352434004657,38.96814991440624
20,66,0.0008019120432436466,2.6568511657387717e-06,0.06700491905212402,-0.07005873322486877,1.3284255828693858e-06,0.03350245952606201,-0.03502936661243439,-0.0007236674427986145,32,False,UNAVAILABLE,DISABLED,DISABLED,DISABLED,UNAVAILABLE,DISABLED,28.164394468069077,10.56352434004657,38.96814991440624
20,67,0.0008014677441678941,2.5634731173340697e-06,0.0342593789100647,-0.05351051688194275,1.2817365586670348e-06,0.01712968945503235,-0.026755258440971375,-0.008822819218039513,32,False,UNAVAILABLE,DISABLED,DISABLED,DISABLED,UNAVAILABLE,DISABLED,28.164394468069077,10.56352434004657,38.96814991440624
20,68,0.0009930258383974433,5.774038072559051e-06,0.1667567491531372,0.007006257772445679,2.8870190362795256e-06,0.0833783745765686,0.0035031288862228394,0.08787741512060165,32,False,UNAVAILABLE,DISABLED,DISABLED,DISABLED,UNAVAILABLE,DISABLED,28.164394468069077,10.56352434004657,38.96814991440624
20,69,0.0009421688155271113,3.9749443203618284e-06,0.10935932397842407,-0.07379075884819031,1.9874721601809142e-06,0.054679661989212036,-0.036895379424095154,0.018728438764810562,32,False,UNAVAILABLE,DISABLED,DISABLED,DISABLED,UNAVAILABLE,DISABLED,28.164394468069077,10.56352434004657,38.96814991440624
20,70,0.0027803494594991207,3.991680387116503e-06,0.1085280179977417,-0.08052092790603638,1.9958401935582515e-06,0.05426400899887085,-0.04026046395301819,0.016785889863967896,32,False,UNAVAILABLE,DISABLED,DISABLED,DISABLED,UNAVAILABLE,DISABLED,28.164394468069077,10.56352434004657,38.96814991440624
20,71,0.0009512290125712752,4.089538833795814e-06,0.08228838443756104,-0.007853597402572632,2.044769416897907e-06,0.04114419221878052,-0.003926798701286316,0.03817066550254822,32,False,UNAVAILABLE,DISABLED,DISABLED,DISABLED,UNAVAILABLE,DISABLED,28.164394468069077,10.56352434004657,38.96814991440624
20,72,0.0009947677608579397,2.1796502096549375e-06,0.04068481922149658,-0.06543266773223877,1.0898251048274687e-06,0.02034240961074829,-0.032716333866119385,-0.01137806661427021,32,False,UNAVAILABLE,DISABLED,DISABLED,DISABLED,UNAVAILABLE,DISABLED,28.164394468069077,10.56352434004657,38.96814991440624
20,73,0.0008931460906751454,2.639499371070997e-06,0.06942057609558105,-0.025091052055358887,1.3197496855354984e-06,0.03471028804779053,-0.012545526027679443,0.02305922657251358,32,False,UNAVAILABLE,DISABLED,DISABLED,DISABLED,UNAVAILABLE,DISABLED,28.164394468069077,10.56352434004657,38.96814991440624
20,74,0.001457833219319582,3.070672164540156e-06,0.06177753210067749,-0.02410779893398285,1.535336082270078e-06,0.030888766050338745,-0.012053899466991425,0.02029423415660858,32,False,UNAVAILABLE,DISABLED,DISABLED,DISABLED,UNAVAILABLE,DISABLED,28.164394468069077,10.56352434004657,38.96814991440624
20,75,0.001126192742958665,8.536713721696287e-06,0.17742550373077393,0.0035725533962249756,4.268356860848144e-06,0.08871275186538696,0.0017862766981124878,0.09162949025630951,32,False,UNAVAILABLE,DISABLED,DISABLED,DISABLED,UNAVAILABLE,DISABLED,28.164394468069077,10.56352434004657,38.96814991440624
20,76,0.0007354651461355388,2.684864739421755e-06,0.059916019439697266,0.004663735628128052,1.3424323697108775e-06,0.029958009719848633,0.002331867814064026,0.03302668780088425,32,False,UNAVAILABLE,DISABLED,DISABLED,DISABLED,UNAVAILABLE,DISABLED,28.164394468069077,10.56352434004657,38.96814991440624
20,77,0.0009648092673160136,2.527963488319074e-06,0.03976649045944214,0.0034368932247161865,1.263981744159537e-06,0.01988324522972107,0.0017184466123580933,0.022567765787243843,32,False,UNAVAILABLE,DISABLED,DISABLED,DISABLED,UNAVAILABLE,DISABLED,28.164394468069077,10.56352434004657,38.96814991440624
20,78,0.0008627116912975907,3.841818397631869e-06,0.06263887882232666,0.016041003167629242,1.9209091988159344e-06,0.03131943941116333,0.008020501583814621,0.040204573422670364,32,False,UNAVAILABLE,DISABLED,DISABLED,DISABLED,UNAVAILABLE,DISABLED,28.164394468069077,10.56352434004657,38.96814991440624
20,79,0.0013618087396025658,2.3748091280140216e-06,0.04200625419616699,0.05494049936532974,1.1874045640070108e-06,0.021003127098083496,0.02747024968266487,0.04983637481927872,32,False,UNAVAILABLE,DISABLED,DISABLED,DISABLED,UNAVAILABLE,DISABLED,28.164394468069077,10.56352434004657,38.96814991440624
20,80,0.0013927853433415294,4.1635785237303935e-06,0.08307552337646484,0.11830374598503113,2.0817892618651967e-06,0.04153776168823242,0.059151872992515564,0.10208450257778168,32,False,UNAVAILABLE,DISABLED,DISABLED,DISABLED,UNAVAILABLE,DISABLED,28.164394468069077,10.56352434004657,38.96814991440624
20,81,0.0012379406252875924,3.1723952815809753e-06,0.0666651725769043,0.0941854864358902,1.5861976407904876e-06,0.03333258628845215,0.0470927432179451,0.08166486024856567,32,False,UNAVAILABLE,DISABLED,DISABLED,DISABLED,UNAVAILABLE,DISABLED,28.164394468069077,10.56352434004657,38.96814991440624
20,82,0.0013157054781913757,2.1742750959674595e-06,0.04306840896606445,0.055091165006160736,1.0871375479837297e-06,0.021534204483032227,0.027545582503080368,0.05039658024907112,32,False,UNAVAILABLE,DISABLED,DISABLED,DISABLED,UNAVAILABLE,DISABLED,28.164394468069077,10.56352434004657,38.96814991440624
20,83,0.001748905167914927,3.3670187349343905e-06,0.04257410764694214,-0.016289962455630302,1.6835093674671953e-06,0.02128705382347107,-0.008144981227815151,0.01489266101270914,32,False,UNAVAILABLE,DISABLED,DISABLED,DISABLED,UNAVAILABLE,DISABLED,28.164394468069077,10.56352434004657,38.96814991440624
20,84,0.0018009840277954936,2.1975022264086874e-06,0.04008978605270386,0.07338354736566544,1.0987511132043437e-06,0.02004489302635193,0.03669177368283272,0.05853874981403351,32,False,UNAVAILABLE,DISABLED,DISABLED,DISABLED,UNAVAILABLE,DISABLED,28.164394468069077,10.56352434004657,38.96814991440624
20,85,0.003730784635990858,2.5695985641505104e-06,0.05221289396286011,0.11998115479946136,1.2847992820752552e-06,0.026106446981430054,0.05999057739973068,0.08982909470796585,32,False,UNAVAILABLE,DISABLED,DISABLED,DISABLED,UNAVAILABLE,DISABLED,28.164394468069077,10.56352434004657,38.96814991440624
20,86,0.006286485120654106,3.6824071685259696e-06,0.06719791889190674,0.02947767823934555,1.8412035842629848e-06,0.03359895944595337,0.014738839119672775,0.05462612584233284,32,False,UNAVAILABLE,DISABLED,DISABLED,DISABLED,UNAVAILABLE,DISABLED,28.164394468069077,10.56352434004657,38.96814991440624
20,87,0.014711663126945496,4.097104920219863e-06,0.032849669456481934,-0.008920185267925262,2.0485524601099314e-06,0.016424834728240967,-0.004460092633962631,0.026678454130887985,32,False,UNAVAILABLE,DISABLED,DISABLED,DISABLED,UNAVAILABLE,DISABLED,28.164394468069077,10.56352434004657,38.96814991440624
20,88,0.004820569884032011,3.305955260657356e-06,0.05807948112487793,0.039497122168540955,1.652977630328678e-06,0.029039740562438965,0.019748561084270477,0.05361052602529526,32,False,UNAVAILABLE,DISABLED,DISABLED,DISABLED,UNAVAILABLE,DISABLED,28.164394468069077,10.56352434004657,38.96814991440624
20,89,0.00505592068657279,3.674025037980755e-06,0.06013214588165283,-0.02847934514284134,1.8370125189903774e-06,0.030066072940826416,-0.01423967257142067,0.020884159952402115,32,False,UNAVAILABLE,DISABLED,DISABLED,DISABLED,UNAVAILABLE,DISABLED,28.164394468069077,10.56352434004657,38.96814991440624
20,90,0.005742785520851612,2.7772262001235504e-06,0.03769594430923462,0.07562518119812012,1.3886131000617752e-06,0.01884797215461731,0.03781259059906006,0.06240473687648773,32,False,UNAVAILABLE,DISABLED,DISABLED,DISABLED,UNAVAILABLE,DISABLED,28.164394468069077,10.56352434004657,38.96814991440624
20,91,0.01087924838066101,3.888090304826619e-06,0.07277965545654297,-0.019399579614400864,1.9440451524133096e-06,0.036389827728271484,-0.009699789807200432,0.03757122904062271,32,False,UNAVAILABLE,DISABLED,DISABLED,DISABLED,UNAVAILABLE,DISABLED,28.164394468069077,10.56352434004657,38.96814991440624
20,92,0.008083296939730644,2.477841462678043e-06,0.01984506845474243,0.031595923006534576,1.2389207313390216e-06,0.009922534227371216,0.015797961503267288,0.03380503132939339,32,False,UNAVAILABLE,DISABLED,DISABLED,DISABLED,UNAVAILABLE,DISABLED,28.164394468069077,10.56352434004657,38.96814991440624
20,93,0.002763611963018775,4.408674612932373e-06,0.04647022485733032,-0.051850274205207825,2.2043373064661864e-06,0.02323511242866516,-0.025925137102603912,7.579103112220764e-05,32,False,UNAVAILABLE,DISABLED,DISABLED,DISABLED,UNAVAILABLE,DISABLED,28.164394468069077,10.56352434004657,38.96814991440624
20,94,0.033440541476011276,6.4009113884822e-06,0.07920604944229126,-0.09578767418861389,3.2004556942411e-06,0.03960302472114563,-0.047893837094306946,0.02515292912721634,32,False,UNAVAILABLE,DISABLED,DISABLED,DISABLED,UNAVAILABLE,DISABLED,28.164394468069077,10.56352434004657,38.96814991440624
20,95,0.004089144058525562,5.441768280434189e-06,0.1142011284828186,0.018879666924476624,2.7208841402170947e-06,0.0571005642414093,0.009439833462238312,0.07063226401805878,32,False,UNAVAILABLE,DISABLED,DISABLED,DISABLED,UNAVAILABLE,DISABLED,28.164394468069077,10.56352434004657,38.96814991440624
20,96,0.0015686895931139588,7.785385605529882e-06,0.09110790491104126,-0.04205934703350067,3.892692802764941e-06,0.04555395245552063,-0.021029673516750336,0.02609686180949211,32,False,UNAVAILABLE,DISABLED,DISABLED,DISABLED,UNAVAILABLE,DISABLED,28.164394468069077,10.56352434004657,38.96814991440624
20,97,0.002058866433799267,7.086074219841976e-06,0.12320739030838013,-0.11493604630231857,3.543037109920988e-06,0.061603695154190063,-0.057468023151159286,0.006198082119226456,32,False,UNAVAILABLE,DISABLED,DISABLED,DISABLED,UNAVAILABLE,DISABLED,28.164394468069077,10.56352434004657,38.96814991440624
20,98,0.003708767704665661,8.741981218918227e-06,0.14810466766357422,-0.10633670538663864,4.370990609459113e-06,0.07405233383178711,-0.05316835269331932,0.02459711953997612,32,False,UNAVAILABLE,DISABLED,DISABLED,DISABLED,UNAVAILABLE,DISABLED,28.164394468069077,10.56352434004657,38.96814991440624
20,99,0.15136508643627167,1.1409400030970573e-05,0.12934249639511108,-0.06972257792949677,5.704700015485287e-06,0.06467124819755554,-0.03486128896474838,0.18118074536323547,32,False,UNAVAILABLE,DISABLED,DISABLED,DISABLED,UNAVAILABLE,DISABLED,28.164394468069077,10.56352434004657,38.96814991440624
20,100,0.2750339210033417,7.209897376014851e-06,0.11021703481674194,-0.05453638732433319,3.6049486880074255e-06,0.05510851740837097,-0.027268193662166595,0.30287784337997437,32,False,UNAVAILABLE,DISABLED,DISABLED,DISABLED,UNAVAILABLE,DISABLED,28.164394468069077,10.56352434004657,38.96814991440624
21,1,0.002484494587406516,4.920350875181612e-06,0.046222805976867676,0.002016901969909668,2.460175437590806e-06,0.023111402988433838,0.001008450984954834,0.026606809347867966,32,False,UNAVAILABLE,DISABLED,DISABLED,DISABLED,UNAVAILABLE,DISABLED,28.642880365252495,10.006689406000078,38.88028336875141
21,2,0.0016451035626232624,5.880078788322862e-06,0.043152034282684326,0.006982102990150452,2.940039394161431e-06,0.021576017141342163,0.003491051495075226,0.02671511285007,32,False,UNAVAILABLE,DISABLED,DISABLED,DISABLED,UNAVAILABLE,DISABLED,28.642880365252495,10.006689406000078,38.88028336875141
21,3,0.0015457307454198599,4.7548114707751665e-06,0.08051371574401855,0.041234999895095825,2.3774057353875833e-06,0.04025685787200928,0.020617499947547913,0.06242246553301811,32,False,UNAVAILABLE,DISABLED,DISABLED,DISABLED,UNAVAILABLE,DISABLED,28.642880365252495,10.006689406000078,38.88028336875141
21,4,0.0009372869972139597,3.340649755045888e-06,0.023996591567993164,-0.008582768961787224,1.670324877522944e-06,0.011998295783996582,-0.004291384480893612,0.008645868860185146,32,False,UNAVAILABLE,DISABLED,DISABLED,DISABLED,UNAVAILABLE,DISABLED,28.642880365252495,10.006689406000078,38.88028336875141
21,5,0.0011550922645255923,3.2350253604818135e-06,0.03108036518096924,-0.019081927835941315,1.6175126802409068e-06,0.01554018259048462,-0.009540963917970657,0.007155928760766983,32,False,UNAVAILABLE,DISABLED,DISABLED,DISABLED,UNAVAILABLE,DISABLED,28.642880365252495,10.006689406000078,38.88028336875141
21,6,0.00102675158996135,4.63168044007034e-06,0.03949862718582153,0.0024034641683101654,2.31584022003517e-06,0.019749313592910767,0.0012017320841550827,0.02198011241853237,32,False,UNAVAILABLE,DISABLED,DISABLED,DISABLED,UNAVAILABLE,DISABLED,28.642880365252495,10.006689406000078,38.88028336875141
21,7,0.0014264180790632963,2.792686927932664e-06,0.030517578125,-0.012199729681015015,1.396343463966332e-06,0.0152587890625,-0.006099864840507507,0.010586738586425781,32,False,UNAVAILABLE,DISABLED,DISABLED,DISABLED,UNAVAILABLE,DISABLED,28.642880365252495,10.006689406000078,38.88028336875141
21,8,0.001188150024972856,3.978410859417636e-06,0.03631150722503662,-0.08475110679864883,1.989205429708818e-06,0.01815575361251831,-0.04237555339932442,-0.023029660806059837,32,False,UNAVAILABLE,DISABLED,DISABLED,DISABLED,UNAVAILABLE,DISABLED,28.642880365252495,10.006689406000078,38.88028336875141
21,9,0.0013612378388643265,4.477814854908502e-06,0.053641438484191895,-0.09375408291816711,2.238907427454251e-06,0.026820719242095947,-0.04687704145908356,-0.018692845478653908,32,False,UNAVAILABLE,DISABLED,DISABLED,DISABLED,UNAVAILABLE,DISABLED,28.642880365252495,10.006689406000078,38.88028336875141
21,10,0.0011367873521521688,3.0433311621891335e-06,0.06353634595870972,-0.1393481194972992,1.5216655810945667e-06,0.03176817297935486,-0.0696740597486496,-0.03676757961511612,32,False,UNAVAILABLE,DISABLED,DISABLED,DISABLED,UNAVAILABLE,DISABLED,28.642880365252495,10.006689406000078,38.88028336875141
21,11,0.0012573127169162035,3.0846370009385282e-06,0.04339665174484253,-0.06002222001552582,1.5423185004692641e-06,0.021698325872421265,-0.03001111000776291,-0.007053928449749947,32,False,UNAVAILABLE,DISABLED,DISABLED,DISABLED,UNAVAILABLE,DISABLED,28.642880365252495,10.006689406000078,38.88028336875141
21,12,0.002533417195081711,4.251967311574845e-06,0.06265807151794434,-0.10720467567443848,2.1259836557874223e-06,0.03132903575897217,-0.05360233783721924,-0.019737757742404938,32,False,UNAVAILABLE,DISABLED,DISABLED,DISABLED,UNAVAILABLE,DISABLED,28.642880365252495,10.006689406000078,38.88028336875141
21,13,0.001148018054664135,3.2701952932256972e-06,0.03659170866012573,-0.10161019116640091,1.6350976466128486e-06,0.018295854330062866,-0.050805095583200455,-0.03135959059000015,32,False,UNAVAILABLE,DISABLED,DISABLED,DISABLED,UNAVAILABLE,DISABLED,28.642880365252495,10.006689406000078,38.88028336875141
21,14,0.0016277177492156625,3.1515269256487954e-06,0.05623060464859009,-0.17939171195030212,1.5757634628243977e-06,0.028115302324295044,-0.08969585597515106,-0.059951260685920715,32,False,UNAVAILABLE,DISABLED,DISABLED,DISABLED,UNAVAILABLE,DISABLED,28.642880365252495,10.006689406000078,38.88028336875141
21,15,0.0013598992954939604,3.2588013709755614e-06,0.055980563163757324,-0.16286402940750122,1.6294006854877807e-06,0.027990281581878662,-0.08143201470375061,-0.05208020657300949,32,False,UNAVAILABLE,DISABLED,DISABLED,DISABLED,UNAVAILABLE,DISABLED,28.642880365252495,10.006689406000078,38.88028336875141
21,16,0.0030411002226173878,5.4670654208166525e-06,0.06810331344604492,-0.10826759040355682,2.7335327104083262e-06,0.03405165672302246,-0.05413379520177841,-0.01703830435872078,32,False,UNAVAILABLE,DISABLED,DISABLED,DISABLED,UNAVAILABLE,DISABLED,28.642880365252495,10.006689406000078,38.88028336875141
21,17,0.001112380181439221,3.26573626807658e-06,0.05471259355545044,-0.10995244234800339,1.63286813403829e-06,0.02735629677772522,-0.054976221174001694,-0.026505911722779274,32,False,UNAVAILABLE,DISABLED,DISABLED,DISABLED,UNAVAILABLE,DISABLED,28.642880365252495,10.006689406000078,38.88028336875141
21,18,0.002053742529824376,6.362673957482912e-06,0.10448020696640015,-0.17707400023937225,3.181336978741456e-06,0.05224010348320007,-0.08853700011968613,-0.03423997387290001,32,False,UNAVAILABLE,DISABLED,DISABLED,DISABLED,UNAVAILABLE,DISABLED,28.642880365252495,10.006689406000078,38.88028336875141
21,19,0.13187287747859955,2.668023171281675e-06,0.04674398899078369,-0.1502188891172409,1.3340115856408374e-06,0.023371994495391846,-0.07510944455862045,0.08013676851987839,32,False,UNAVAILABLE,DISABLED,DISABLED,DISABLED,UNAVAILABLE,DISABLED,28.642880365252495,10.006689406000078,38.88028336875141
21,20,0.0006203256198205054,4.6196323637559544e-06,0.08231872320175171,-0.20605900883674622,2.3098161818779772e-06,0.041159361600875854,-0.10302950441837311,-0.061247508972883224,32,False,UNAVAILABLE,DISABLED,DISABLED,DISABLED,UNAVAILABLE,DISABLED,28.642880365252495,10.006689406000078,38.88028336875141
21,21,0.0011707220692187548,3.057335561607033e-06,0.044342041015625,-0.12257151305675507,1.5286677808035165e-06,0.0221710205078125,-0.06128575652837753,-0.03794248402118683,32,False,UNAVAILABLE,DISABLED,DISABLED,DISABLED,UNAVAILABLE,DISABLED,28.642880365252495,10.006689406000078,38.88028336875141
21,22,0.0015055871335789561,2.92197137241601e-06,0.04428446292877197,-0.08640384674072266,1.460985686208005e-06,0.022142231464385986,-0.04320192337036133,-0.019552644342184067,32,False,UNAVAILABLE,DISABLED,DISABLED,DISABLED,UNAVAILABLE,DISABLED,28.642880365252495,10.006689406000078,38.88028336875141
21,23,0.0016206230502575636,3.6758028727490455e-06,0.07282161712646484,-0.1140957772731781,1.8379014363745227e-06,0.03641080856323242,-0.05704788863658905,-0.019014619290828705,32,False,UNAVAILABLE,DISABLED,DISABLED,DISABLED,UNAVAILABLE,DISABLED,28.642880365252495,10.006689406000078,38.88028336875141
21,24,0.0008615651167929173,5.632063221128192e-06,0.14410746097564697,-0.20243266224861145,2.816031610564096e-06,0.07205373048782349,-0.10121633112430573,-0.02829822152853012,32,False,UNAVAILABLE,DISABLED,DISABLED,DISABLED,UNAVAILABLE,DISABLED,28.642880365252495,10.006689406000078,38.88028336875141
21,25,0.0009036940173245966,4.263001301296754e-06,0.10748839378356934,-0.22189059853553772,2.131500650648377e-06,0.05374419689178467,-0.11094529926776886,-0.05629527568817139,32,False,UNAVAILABLE,DISABLED,DISABLED,DISABLED,UNAVAILABLE,DISABLED,28.642880365252495,10.006689406000078,38.88028336875141
21,26,0.0005586132756434381,5.5219702517206315e-06,0.08082073926925659,-0.1907752901315689,2.7609851258603157e-06,0.040410369634628296,-0.09538764506578445,-0.05441590026021004,32,False,UNAVAILABLE,DISABLED,DISABLED,DISABLED,UNAVAILABLE,DISABLED,28.642880365252495,10.006689406000078,38.88028336875141
21,27,0.0006285429699346423,1.898142045320128e-06,0.07246065139770508,-0.1771378219127655,9.49071022660064e-07,0.03623032569885254,-0.08856891095638275,-0.051709093153476715,32,False,UNAVAILABLE,DISABLED,DISABLED,DISABLED,UNAVAILABLE,DISABLED,28.642880365252495,10.006689406000078,38.88028336875141
21,28,0.0017013086471706629,3.0197993510228116e-06,0.07625281810760498,-0.1863585263490677,1.5098996755114058e-06,0.03812640905380249,-0.09317926317453384,-0.05335003510117531,32,False,UNAVAILABLE,DISABLED,DISABLED,DISABLED,UNAVAILABLE,DISABLED,28.642880365252495,10.006689406000078,38.88028336875141
21,29,0.0012145114596933126,2.8779795684386045e-06,0.05956244468688965,-0.17019444704055786,1.4389897842193022e-06,0.029781222343444824,-0.08509722352027893,-0.054100051522254944,32,False,UNAVAILABLE,DISABLED,DISABLED,DISABLED,UNAVAILABLE,DISABLED,28.642880365252495,10.006689406000078,38.88028336875141
21,30,0.0007253218209370971,2.8992214993195375e-06,0.059563636779785156,-0.14838272333145142,1.4496107496597688e-06,0.029781818389892578,-0.07419136166572571,-0.0436827726662159,32,False,UNAVAILABLE,DISABLED,DISABLED,DISABLED,UNAVAILABLE,DISABLED,28.642880365252495,10.006689406000078,38.88028336875141
21,31,0.0020143785513937473,4.203053777018795e-06,0.09177243709564209,-0.18238726258277893,2.1015268885093974e-06,0.045886218547821045,-0.09119363129138947,-0.04329093173146248,32,False,UNAVAILABLE,DISABLED,DISABLED,DISABLED,UNAVAILABLE,DISABLED,28.642880365252495,10.006689406000078,38.88028336875141
21,32,0.0008320127381011844,4.968439952790504e-06,0.19420748949050903,-0.2470133900642395,2.484219976395252e-06,0.09710374474525452,-0.12350669503211975,-0.025568455457687378,32,False,UNAVAILABLE,DISABLED,DISABLED,DISABLED,UNAVAILABLE,DISABLED,28.642880365252495,10.006689406000078,38.88028336875141
21,33,0.0013905925443395972,1.1631780580501072e-05,0.22457212209701538,-0.2496497631072998,5.815890290250536e-06,0.11228606104850769,-0.1248248815536499,-0.011142410337924957,32,False,UNAVAILABLE,DISABLED,DISABLED,DISABLED,UNAVAILABLE,DISABLED,28.642880365252495,10.006689406000078,38.88028336875141
21,34,0.000980533892288804,5.175414571567671e-06,0.14116346836090088,-0.23696792125701904,2.5877072857838357e-06,0.07058173418045044,-0.11848396062850952,-0.04691910743713379,32,False,UNAVAILABLE,DISABLED,DISABLED,DISABLED,UNAVAILABLE,DISABLED,28.642880365252495,10.006689406000078,38.88028336875141
21,35,0.000759476562961936,3.2385910344601143e-06,0.15380805730819702,-0.18639421463012695,1.6192955172300572e-06,0.07690402865409851,-0.09319710731506348,-0.015531979501247406,32,False,UNAVAILABLE,DISABLED,DISABLED,DISABLED,UNAVAILABLE,DISABLED,28.642880365252495,10.006689406000078,38.88028336875141
21,36,0.0009437091066502035,6.588786163774785e-06,0.166107177734375,-0.19296163320541382,3.2943930818873923e-06,0.0830535888671875,-0.09648081660270691,-0.012480221688747406,32,False,UNAVAILABLE,DISABLED,DISABLED,DISABLED,UNAVAILABLE,DISABLED,28.642880365252495,10.006689406000078,38.88028336875141
21,37,0.0013090354623273015,4.873014859185787e-06,0.18629854917526245,-0.2079986333847046,2.4365074295928935e-06,0.09314927458763123,-0.1039993166923523,-0.009538568556308746,32,False,UNAVAILABLE,DISABLED,DISABLED,DISABLED,UNAVAILABLE,DISABLED,28.642880365252495,10.006689406000078,38.88028336875141
21,38,0.0009414336527697742,5.415746272774413e-06,0.23036623001098633,-0.20998302102088928,2.7078731363872066e-06,0.11518311500549316,-0.10499151051044464,0.011135749518871307,32,False,UNAVAILABLE,DISABLED,DISABLED,DISABLED,UNAVAILABLE,DISABLED,28.642880365252495,10.006689406000078,38.88028336875141
21,39,0.0013736363034695387,3.114379978796933e-06,0.07890218496322632,-0.16081833839416504,1.5571899893984664e-06,0.03945109248161316,-0.08040916919708252,-0.039582882076501846,32,False,UNAVAILABLE,DISABLED,DISABLED,DISABLED,UNAVAILABLE,DISABLED,28.642880365252495,10.006689406000078,38.88028336875141
21,40,0.0009708629222586751,5.529233021661639e-06,0.1201620101928711,-0.1818009614944458,2.7646165108308196e-06,0.06008100509643555,-0.0909004807472229,-0.02984584867954254,32,False,UNAVAILABLE,DISABLED,DISABLED,DISABLED,UNAVAILABLE,DISABLED,28.642880365252495,10.006689406000078,38.88028336875141
21,41,0.0009242737432941794,5.867173967999406e-06,0.1339360475540161,-0.17366719245910645,2.933586983999703e-06,0.06696802377700806,-0.08683359622955322,-0.01893836259841919,32,False,UNAVAILABLE,DISABLED,DISABLED,DISABLED,UNAVAILABLE,DISABLED,28.642880365252495,10.006689406000078,38.88028336875141
21,42,0.0009891020599752665,4.495261237025261e-06,0.10020405054092407,-0.14040040969848633,2.2476306185126305e-06,0.050102025270462036,-0.07020020484924316,-0.019106831401586533,32,False,UNAVAILABLE,DISABLED,DISABLED,DISABLED,UNAVAILABLE,DISABLED,28.642880365252495,10.006689406000078,38.88028336875141
21,43,0.0008759174961596727,3.5146701975463657e-06,0.0709608793258667,-0.1286303997039795,1.7573350987731828e-06,0.03548043966293335,-0.06431519985198975,-0.027957085520029068,32,False,UNAVAILABLE,DISABLED,DISABLED,DISABLED,UNAVAILABLE,DISABLED,28.642880365252495,10.006689406000078,38.88028336875141
21,44,0.0007652805070392787,2.9085369988024468e-06,0.05566120147705078,-0.13048166036605835,1.4542684994012234e-06,0.02783060073852539,-0.06524083018302917,-0.03664349392056465,32,False,UNAVAILABLE,DISABLED,DISABLED,DISABLED,UNAVAILABLE,DISABLED,28.642880365252495,10.006689406000078,38.88028336875141
21,45,0.000702402088791132,5.026655344408937e-06,0.1216052770614624,-0.16174274682998657,2.5133276722044684e-06,0.0608026385307312,-0.08087137341499329,-0.019363820552825928,32,False,UNAVAILABLE,DISABLED,DISABLED,DISABLED,UNAVAILABLE,DISABLED,28.642880365252495,10.006689406000078,38.88028336875141
21,46,0.0007333053508773446,3.1389372452395037e-06,0.07970893383026123,-0.1582455039024353,1.5694686226197518e-06,0.039854466915130615,-0.07912275195121765,-0.03853341192007065,32,False,UNAVAILABLE,DISABLED,DISABLED,DISABLED,UNAVAILABLE,DISABLED,28.642880365252495,10.006689406000078,38.88028336875141
21,47,0.0008332410361617804,3.371527100171079e-06,0.06234019994735718,-0.15494072437286377,1.6857635500855395e-06,0.03117009997367859,-0.07747036218643188,-0.04546533524990082,32,False,UNAVAILABLE,DISABLED,DISABLED,DISABLED,UNAVAILABLE,DISABLED,28.642880365252495,10.006689406000078,38.88028336875141
21,48,0.0005491197225637734,5.84342433285201e-06,0.14286893606185913,-0.21015751361846924,2.921712166426005e-06,0.07143446803092957,-0.10507875680923462,-0.03309224545955658,32,False,UNAVAILABLE,DISABLED,DISABLED,DISABLED,UNAVAILABLE,DISABLED,28.642880365252495,10.006689406000078,38.88028336875141
21,49,0.0010206660954281688,8.824609722068999e-06,0.15761685371398926,-0.12384605407714844,4.4123048610344995e-06,0.07880842685699463,-0.06192302703857422,0.017910480499267578,32,False,UNAVAILABLE,DISABLED,DISABLED,DISABLED,UNAVAILABLE,DISABLED,28.642880365252495,10.006689406000078,38.88028336875141
21,50,0.0010022766655310988,4.646337856684113e-06,0.08196723461151123,-0.15449941158294678,2.3231689283420565e-06,0.040983617305755615,-0.07724970579147339,-0.03526148945093155,32,False,UNAVAILABLE,DISABLED,DISABLED,DISABLED,UNAVAILABLE,DISABLED,28.642880365252495,10.006689406000078,38.88028336875141
21,51,0.0008994307718239725,5.294830771163106e-06,0.12357228994369507,-0.19430845975875854,2.647415385581553e-06,0.061786144971847534,-0.09715422987937927,-0.034466005861759186,32,False,UNAVAILABLE,DISABLED,DISABLED,DISABLED,UNAVAILABLE,DISABLED,28.642880365252495,10.006689406000078,38.88028336875141
21,52,0.0005765037494711578,3.816758635366568e-06,0.10164535045623779,-0.12460464239120483,1.908379317683284e-06,0.050822675228118896,-0.06230232119560242,-0.010901235044002533,32,False,UNAVAILABLE,DISABLED,DISABLED,DISABLED,UNAVAILABLE,DISABLED,28.642880365252495,10.006689406000078,38.88028336875141
21,53,0.000683529069647193,3.1899976420390885e-06,0.07976222038269043,-0.17039060592651367,1.5949988210195443e-06,0.039881110191345215,-0.08519530296325684,-0.044629067182540894,32,False,UNAVAILABLE,DISABLED,DISABLED,DISABLED,UNAVAILABLE,DISABLED,28.642880365252495,10.006689406000078,38.88028336875141
21,54,0.0010314657120034099,4.115126557735493e-06,0.09095215797424316,-0.1730477213859558,2.0575632788677467e-06,0.04547607898712158,-0.0865238606929779,-0.04001425951719284,32,False,UNAVAILABLE,DISABLED,DISABLED,DISABLED,UNAVAILABLE,DISABLED,28.642880365252495,10.006689406000078,38.88028336875141
21,55,0.0008599289576523006,7.050229214655701e-06,0.08824676275253296,-0.14734101295471191,3.5251146073278505e-06,0.04412338137626648,-0.07367050647735596,-0.028683669865131378,32,False,UNAVAILABLE,DISABLED,DISABLED,DISABLED,UNAVAILABLE,DISABLED,28.642880365252495,10.006689406000078,38.88028336875141
21,56,0.0011720784241333604,5.2140894695185125e-06,0.0888892412185669,-0.1587151288986206,2.6070447347592562e-06,0.04444462060928345,-0.0793575644493103,-0.033738259226083755,32,False,UNAVAILABLE,DISABLED,DISABLED,DISABLED,UNAVAILABLE,DISABLED,28.642880365252495,10.006689406000078,38.88028336875141
21,57,0.0012775312643498182,4.133147285756422e-06,0.07604700326919556,-0.169266939163208,2.066573642878211e-06,0.03802350163459778,-0.084633469581604,-0.04533037170767784,32,False,UNAVAILABLE,DISABLED,DISABLED,DISABLED,UNAVAILABLE,DISABLED,28.642880365252495,10.006689406000078,38.88028336875141
21,58,0.000951718888245523,5.096669156046119e-06,0.1025458574295044,-0.17062199115753174,2.5483345780230593e-06,0.0512729287147522,-0.08531099557876587,-0.033083800226449966,32,False,UNAVAILABLE,DISABLED,DISABLED,DISABLED,UNAVAILABLE,DISABLED,28.642880365252495,10.006689406000078,38.88028336875141
21,59,0.0007531739538535476,4.0868844735086896e-06,0.0792732834815979,-0.1062929630279541,2.0434422367543448e-06,0.03963664174079895,-0.05314648151397705,-0.012754622846841812,32,False,UNAVAILABLE,DISABLED,DISABLED,DISABLED,UNAVAILABLE,DISABLED,28.642880365252495,10.006689406000078,38.88028336875141
21,60,0.0010050544515252113,3.4712993510765955e-06,0.07493007183074951,-0.11273711919784546,1.7356496755382977e-06,0.037465035915374756,-0.05636855959892273,-0.017896734178066254,32,False,UNAVAILABLE,DISABLED,DISABLED,DISABLED,UNAVAILABLE,DISABLED,28.642880365252495,10.006689406000078,38.88028336875141
21,61,0.0009158402681350708,3.950930477003567e-06,0.10069841146469116,-0.11307919025421143,1.9754652385017835e-06,0.05034920573234558,-0.05653959512710571,-0.005272574722766876,32,False,UNAVAILABLE,DISABLED,DISABLED,DISABLED,UNAVAILABLE,DISABLED,28.642880365252495,10.006689406000078,38.88028336875141
21,62,0.0008865637355484068,3.7651420825568493e-06,0.08209896087646484,-0.08652341365814209,1.8825710412784247e-06,0.04104948043823242,-0.043261706829071045,-0.0013237819075584412,32,False,UNAVAILABLE,DISABLED,DISABLED,DISABLED,UNAVAILABLE,DISABLED,28.642880365252495,10.006689406000078,38.88028336875141
21,63,0.0009989949176087976,4.088267360202735e-06,0.0733826756477356,-0.15872502326965332,2.0441336801013676e-06,0.0366913378238678,-0.07936251163482666,-0.04167013615369797,32,False,UNAVAILABLE,DISABLED,DISABLED,DISABLED,UNAVAILABLE,DISABLED,28.642880365252495,10.006689406000078,38.88028336875141
21,64,0.0006726329447701573,6.104206931922818e-06,0.11188715696334839,-0.17279160022735596,3.052103465961409e-06,0.055943578481674194,-0.08639580011367798,-0.02977653592824936,32,False,UNAVAILABLE,DISABLED,DISABLED,DISABLED,UNAVAILABLE,DISABLED,28.642880365252495,10.006689406000078,38.88028336875141
21,65,0.0014377664774656296,5.959472218819428e-06,0.13681656122207642,-0.16031527519226074,2.979736109409714e-06,0.06840828061103821,-0.08015763759613037,-0.010308608412742615,32,False,UNAVAILABLE,DISABLED,DISABLED,DISABLED,UNAVAILABLE,DISABLED,28.642880365252495,10.006689406000078,38.88028336875141
21,66,0.0009404620504938066,5.323197001416702e-06,0.09176009893417358,-0.14131838083267212,2.661598500708351e-06,0.04588004946708679,-0.07065919041633606,-0.02383601665496826,32,False,UNAVAILABLE,DISABLED,DISABLED,DISABLED,UNAVAILABLE,DISABLED,28.642880365252495,10.006689406000078,38.88028336875141
21,67,0.0010051089338958263,3.6233661830920028e-06,0.05900090932846069,-0.11823159456253052,1.8116830915460014e-06,0.029500454664230347,-0.05911579728126526,-0.028608422726392746,32,False,UNAVAILABLE,DISABLED,DISABLED,DISABLED,UNAVAILABLE,DISABLED,28.642880365252495,10.006689406000078,38.88028336875141
21,68,0.0006101204780861735,6.779859631933505e-06,0.11192941665649414,-0.07263952493667603,3.3899298159667524e-06,0.05596470832824707,-0.03631976246833801,0.020258456468582153,32,False,UNAVAILABLE,DISABLED,DISABLED,DISABLED,UNAVAILABLE,DISABLED,28.642880365252495,10.006689406000078,38.88028336875141
21,69,0.001060793874785304,3.836546511593042e-06,0.09562945365905762,-0.03356802463531494,1.918273255796521e-06,0.04781472682952881,-0.01678401231765747,0.03209342807531357,32,False,UNAVAILABLE,DISABLED,DISABLED,DISABLED,UNAVAILABLE,DISABLED,28.642880365252495,10.006689406000078,38.88028336875141
21,70,0.0019938431214541197,5.934733053436503e-06,0.06907069683074951,-0.05345559120178223,2.9673665267182514e-06,0.034535348415374756,-0.026727795600891113,0.009804364293813705,32,False,UNAVAILABLE,DISABLED,DISABLED,DISABLED,UNAVAILABLE,DISABLED,28.642880365252495,10.006689406000078,38.88028336875141
21,71,0.11499719321727753,5.3920257414574735e-06,0.08197128772735596,-0.0504269003868103,2.6960128707287367e-06,0.04098564386367798,-0.02521345019340515,0.13077208399772644,32,False,UNAVAILABLE,DISABLED,DISABLED,DISABLED,UNAVAILABLE,DISABLED,28.642880365252495,10.006689406000078,38.88028336875141
21,72,0.0007420898764394224,4.6321929403347895e-06,0.0899432897567749,-0.07434803247451782,2.3160964701673947e-06,0.04497164487838745,-0.03717401623725891,0.008542034775018692,32,False,UNAVAILABLE,DISABLED,DISABLED,DISABLED,UNAVAILABLE,DISABLED,28.642880365252495,10.006689406000078,38.88028336875141
21,73,0.0015170278493314981,6.057925475033699e-06,0.10863196849822998,-0.02219212055206299,3.0289627375168493e-06,0.05431598424911499,-0.011096060276031494,0.044739980250597,32,False,UNAVAILABLE,DISABLED,DISABLED,DISABLED,UNAVAILABLE,DISABLED,28.642880365252495,10.006689406000078,38.88028336875141
21,74,0.0012688218848779798,5.094532298244303e-06,0.06495225429534912,-0.03210943937301636,2.5472661491221515e-06,0.03247612714767456,-0.01605471968650818,0.017692778259515762,32,False,UNAVAILABLE,DISABLED,DISABLED,DISABLED,UNAVAILABLE,DISABLED,28.642880365252495,10.006689406000078,38.88028336875141
21,75,0.15955734252929688,4.455552243598504e-06,0.07379209995269775,0.01287531852722168,2.227776121799252e-06,0.03689604997634888,0.00643765926361084,0.20289328694343567,32,False,UNAVAILABLE,DISABLED,DISABLED,DISABLED,UNAVAILABLE,DISABLED,28.642880365252495,10.006689406000078,38.88028336875141
21,76,0.013408585451543331,8.744162187213078e-06,0.1359303593635559,-0.03492015600204468,4.372081093606539e-06,0.06796517968177795,-0.01746007800102234,0.06391806155443192,32,False,UNAVAILABLE,DISABLED,DISABLED,DISABLED,UNAVAILABLE,DISABLED,28.642880365252495,10.006689406000078,38.88028336875141
21,77,0.23175382614135742,4.638495738618076e-06,0.0916057825088501,0.027553856372833252,2.319247869309038e-06,0.04580289125442505,0.013776928186416626,0.29133597016334534,32,False,UNAVAILABLE,DISABLED,DISABLED,DISABLED,UNAVAILABLE,DISABLED,28.642880365252495,10.006689406000078,38.88028336875141
21,78,0.0005443415138870478,7.40098039386794e-06,0.09264558553695679,0.012592792510986328,3.70049019693397e-06,0.046322792768478394,0.006296396255493164,0.053167231380939484,32,False,UNAVAILABLE,DISABLED,DISABLED,DISABLED,UNAVAILABLE,DISABLED,28.642880365252495,10.006689406000078,38.88028336875141
21,79,0.28332191705703735,3.679148449009517e-06,0.04852867126464844,0.04861593246459961,1.8395742245047586e-06,0.02426433563232422,0.024307966232299805,0.3318960666656494,32,False,UNAVAILABLE,DISABLED,DISABLED,DISABLED,UNAVAILABLE,DISABLED,28.642880365252495,10.006689406000078,38.88028336875141
21,80,0.0006018034182488918,4.369550424598856e-06,0.06191354990005493,0.08605432510375977,2.184775212299428e-06,0.030956774950027466,0.04302716255187988,0.07458792626857758,32,False,UNAVAILABLE,DISABLED,DISABLED,DISABLED,UNAVAILABLE,DISABLED,28.642880365252495,10.006689406000078,38.88028336875141
21,81,0.13921967148780823,7.707045369897969e-06,0.1283055543899536,0.11275482177734375,3.8535226849489845e-06,0.0641527771949768,0.056377410888671875,0.2597537040710449,32,False,UNAVAILABLE,DISABLED,DISABLED,DISABLED,UNAVAILABLE,DISABLED,28.642880365252495,10.006689406000078,38.88028336875141
21,82,0.0009810775518417358,5.106591743242461e-06,0.08025217056274414,0.05649071931838989,2.5532958716212306e-06,0.04012608528137207,0.028245359659194946,0.0693550705909729,32,False,UNAVAILABLE,DISABLED,DISABLED,DISABLED,UNAVAILABLE,DISABLED,28.642880365252495,10.006689406000078,38.88028336875141
21,83,0.006827553268522024,4.702419118984835e-06,0.09822654724121094,0.10120329260826111,2.3512095594924176e-06,0.04911327362060547,0.050601646304130554,0.10654482245445251,32,False,UNAVAILABLE,DISABLED,DISABLED,DISABLED,UNAVAILABLE,DISABLED,28.642880365252495,10.006689406000078,38.88028336875141
21,84,0.001106317387893796,5.132606929691974e-06,0.05389899015426636,0.10431817173957825,2.566303464845987e-06,0.02694949507713318,0.052159085869789124,0.08021746575832367,32,False,UNAVAILABLE,DISABLED,DISABLED,DISABLED,UNAVAILABLE,DISABLED,28.642880365252495,10.006689406000078,38.88028336875141
21,85,0.0008840833324939013,4.645652097678976e-06,0.060144245624542236,0.11140996217727661,2.322826048839488e-06,0.030072122812271118,0.055704981088638306,0.08666351437568665,32,False,UNAVAILABLE,DISABLED,DISABLED,DISABLED,UNAVAILABLE,DISABLED,28.642880365252495,10.006689406000078,38.88028336875141
21,86,0.001334748580120504,4.896363861917052e-06,0.04999339580535889,0.09742903709411621,2.448181930958526e-06,0.024996697902679443,0.048714518547058105,0.07504841685295105,32,False,UNAVAILABLE,DISABLED,DISABLED,DISABLED,UNAVAILABLE,DISABLED,28.642880365252495,10.006689406000078,38.88028336875141
21,87,0.00102540897205472,4.683003680838738e-06,0.06569701433181763,0.10354837775230408,2.341501840419369e-06,0.032848507165908813,0.05177418887615204,0.08565044403076172,32,False,UNAVAILABLE,DISABLED,DISABLED,DISABLED,UNAVAILABLE,DISABLED,28.642880365252495,10.006689406000078,38.88028336875141
21,88,0.0006897347047924995,4.3444024413474835e-06,0.04962342977523804,0.028261572122573853,2.1722012206737418e-06,0.02481171488761902,0.014130786061286926,0.03963440656661987,32,False,UNAVAILABLE,DISABLED,DISABLED,DISABLED,UNAVAILABLE,DISABLED,28.642880365252495,10.006689406000078,38.88028336875141
21,89,0.0026290947571396828,3.2044238196249353e-06,0.03564542531967163,0.052050381898880005,1.6022119098124676e-06,0.017822712659835815,0.026025190949440002,0.046478599309921265,32,False,UNAVAILABLE,DISABLED,DISABLED,DISABLED,UNAVAILABLE,DISABLED,28.642880365252495,10.006689406000078,38.88028336875141
21,90,0.0011069376487284899,2.995210479639354e-06,0.04054683446884155,0.06949332356452942,1.497605239819677e-06,0.020273417234420776,0.03474666178226471,0.05612851679325104,32,False,UNAVAILABLE,DISABLED,DISABLED,DISABLED,UNAVAILABLE,DISABLED,28.642880365252495,10.006689406000078,38.88028336875141
21,91,0.007490670774132013,4.931111561745638e-06,0.05511891841888428,0.01593729853630066,2.465555780872819e-06,0.02755945920944214,0.00796864926815033,0.043021246790885925,32,False,UNAVAILABLE,DISABLED,DISABLED,DISABLED,UNAVAILABLE,DISABLED,28.642880365252495,10.006689406000078,38.88028336875141
21,92,0.1805356740951538,2.7617709292826476e-06,0.052127182483673096,0.1249856948852539,1.3808854646413238e-06,0.026063591241836548,0.06249284744262695,0.26909351348876953,32,False,UNAVAILABLE,DISABLED,DISABLED,DISABLED,UNAVAILABLE,DISABLED,28.642880365252495,10.006689406000078,38.88028336875141
21,93,0.005511757452040911,4.161298420513049e-06,0.05309593677520752,0.09493768215179443,2.0806492102565244e-06,0.02654796838760376,0.04746884107589722,0.07953064888715744,32,False,UNAVAILABLE,DISABLED,DISABLED,DISABLED,UNAVAILABLE,DISABLED,28.642880365252495,10.006689406000078,38.88028336875141
21,94,0.09419921785593033,3.3853541481221328e-06,0.04779386520385742,0.030395328998565674,1.6926770740610664e-06,0.02389693260192871,0.015197664499282837,0.13329550623893738,32,False,UNAVAILABLE,DISABLED,DISABLED,DISABLED,UNAVAILABLE,DISABLED,28.642880365252495,10.006689406000078,38.88028336875141
21,95,0.01094111055135727,3.970760189986322e-06,0.11621683835983276,-0.12121361494064331,1.985380094993161e-06,0.05810841917991638,-0.060606807470321655,0.008444711565971375,32,False,UNAVAILABLE,DISABLED,DISABLED,DISABLED,UNAVAILABLE,DISABLED,28.642880365252495,10.006689406000078,38.88028336875141
21,96,0.23534491658210754,3.3167568744829623e-06,0.052989840507507324,0.08047550916671753,1.6583784372414812e-06,0.026494920253753662,0.040237754583358765,0.3020792305469513,32,False,UNAVAILABLE,DISABLED,DISABLED,DISABLED,UNAVAILABLE,DISABLED,28.642880365252495,10.006689406000078,38.88028336875141
21,97,0.020410655066370964,3.4107738429156598e-06,0.03272157907485962,-0.011357873678207397,1.7053869214578299e-06,0.01636078953742981,-0.005678936839103699,0.03109421581029892,32,False,UNAVAILABLE,DISABLED,DISABLED,DISABLED,UNAVAILABLE,DISABLED,28.642880365252495,10.006689406000078,38.88028336875141
21,98,0.08762634545564651,3.2314790132659255e-06,0.048298776149749756,0.04008927941322327,1.6157395066329627e-06,0.024149388074874878,0.020044639706611633,0.13182199001312256,32,False,UNAVAILABLE,DISABLED,DISABLED,DISABLED,UNAVAILABLE,DISABLED,28.642880365252495,10.006689406000078,38.88028336875141
21,99,0.22166761755943298,2.7235787456447724e-06,0.04041635990142822,-0.02229630947113037,1.3617893728223862e-06,0.02020817995071411,-0.011148154735565186,0.23072899878025055,32,False,UNAVAILABLE,DISABLED,DISABLED,DISABLED,UNAVAILABLE,DISABLED,28.642880365252495,10.006689406000078,38.88028336875141
21,100,0.060540176928043365,2.6323953079554485e-06,0.04589378833770752,-0.012271523475646973,1.3161976539777243e-06,0.02294689416885376,-0.006135761737823486,0.0773526281118393,32,False,UNAVAILABLE,DISABLED,DISABLED,DISABLED,UNAVAILABLE,DISABLED,28.642880365252495,10.006689406000078,38.88028336875141
22,1,0.002081479411572218,2.937350245701964e-06,0.04100602865219116,-0.016202755272388458,1.468675122850982e-06,0.02050301432609558,-0.008101377636194229,0.014484584331512451,32,False,UNAVAILABLE,DISABLED,DISABLED,DISABLED,UNAVAILABLE,DISABLED,28.517534376122057,10.093248657882214,38.83255733270198
22,2,0.0012796670198440552,3.0086382594163297e-06,0.026912450790405273,-0.018006926402449608,1.5043191297081648e-06,0.013456225395202637,-0.009003463201224804,0.005733933299779892,32,False,UNAVAILABLE,DISABLED,DISABLED,DISABLED,UNAVAILABLE,DISABLED,28.517534376122057,10.093248657882214,38.83255733270198
22,3,0.00171725417021662,2.8789568204956595e-06,0.03293037414550781,-0.02254900336265564,1.4394784102478297e-06,0.016465187072753906,-0.01127450168132782,0.006909379735589027,32,False,UNAVAILABLE,DISABLED,DISABLED,DISABLED,UNAVAILABLE,DISABLED,28.517534376122057,10.093248657882214,38.83255733270198
22,4,0.002856756327673793,4.3865907173312735e-06,0.036833763122558594,-0.01617640256881714,2.1932953586656367e-06,0.018416881561279297,-0.00808820128440857,0.013187630102038383,32,False,UNAVAILABLE,DISABLED,DISABLED,DISABLED,UNAVAILABLE,DISABLED,28.517534376122057,10.093248657882214,38.83255733270198
22,5,0.00403800792992115,2.4147971089405473e-06,0.034606754779815674,-0.024845784530043602,1.2073985544702737e-06,0.017303377389907837,-0.012422892265021801,0.008919700048863888,32,False,UNAVAILABLE,DISABLED,DISABLED,DISABLED,UNAVAILABLE,DISABLED,28.517534376122057,10.093248657882214,38.83255733270198
22,6,0.001168372342363,4.269953933544457e-06,0.04602855443954468,-0.025692369788885117,2.1349769667722285e-06,0.02301427721977234,-0.012846184894442558,0.011338599026203156,32,False,UNAVAILABLE,DISABLED,DISABLED,DISABLED,UNAVAILABLE,DISABLED,28.517534376122057,10.093248657882214,38.83255733270198
22,7,0.0031969184055924416,2.7289713671052596e-06,0.03256821632385254,-0.006397034507244825,1.3644856835526298e-06,0.01628410816192627,-0.0031985172536224127,0.016283873468637466,32,False,UNAVAILABLE,DISABLED,DISABLED,DISABLED,UNAVAILABLE,DISABLED,28.517534376122057,10.093248657882214,38.83255733270198
22,8,0.0010895959567278624,3.180062321916921e-06,0.04577237367630005,-0.06676465272903442,1.5900311609584605e-06,0.022886186838150024,-0.03338232636451721,-0.009404953569173813,32,False,UNAVAILABLE,DISABLED,DISABLED,DISABLED,UNAVAILABLE,DISABLED,28.517534376122057,10.093248657882214,38.83255733270198
22,9,0.0015683199744671583,4.4637172322836705e-06,0.06470727920532227,-0.06166019290685654,2.2318586161418352e-06,0.03235363960266113,-0.03083009645342827,0.0030940957367420197,32,False,UNAVAILABLE,DISABLED,DISABLED,DISABLED,UNAVAILABLE,DISABLED,28.517534376122057,10.093248657882214,38.83255733270198
22,10,0.00258601363748312,3.1001109164208174e-06,0.06317323446273804,-0.1265985667705536,1.5500554582104087e-06,0.03158661723136902,-0.0632992833852768,-0.02912510186433792,32,False,UNAVAILABLE,DISABLED,DISABLED,DISABLED,UNAVAILABLE,DISABLED,28.517534376122057,10.093248657882214,38.83255733270198
22,11,0.0037060051690787077,4.34056846643216e-06,0.05950862169265747,-0.08181039243936539,2.17028423321608e-06,0.029754310846328735,-0.040905196219682693,-0.007442709058523178,32,False,UNAVAILABLE,DISABLED,DISABLED,DISABLED,UNAVAILABLE,DISABLED,28.517534376122057,10.093248657882214,38.83255733270198
22,12,0.010825353674590588,4.321807409723988e-06,0.0697249174118042,-0.16225524246692657,2.160903704861994e-06,0.0348624587059021,-0.08112762123346329,-0.03543764725327492,32,False,UNAVAILABLE,DISABLED,DISABLED,DISABLED,UNAVAILABLE,DISABLED,28.517534376122057,10.093248657882214,38.83255733270198
22,13,0.0028881740290671587,4.091060873179231e-06,0.07065421342849731,-0.1709544062614441,2.0455304365896154e-06,0.03532710671424866,-0.08547720313072205,-0.04725987836718559,32,False,UNAVAILABLE,DISABLED,DISABLED,DISABLED,UNAVAILABLE,DISABLED,28.517534376122057,10.093248657882214,38.83255733270198
22,14,0.0016075164312496781,4.807554887520382e-06,0.06669884920120239,-0.1387837678194046,2.403777443760191e-06,0.033349424600601196,-0.0693918839097023,-0.034432537853717804,32,False,UNAVAILABLE,DISABLED,DISABLED,DISABLED,UNAVAILABLE,DISABLED,28.517534376122057,10.093248657882214,38.83255733270198
22,15,0.0018789665773510933,3.1172351100394735e-06,0.06584793329238892,-0.175075501203537,1.5586175550197368e-06,0.03292396664619446,-0.0875377506017685,-0.05273325741291046,32,False,UNAVAILABLE,DISABLED,DISABLED,DISABLED,UNAVAILABLE,DISABLED,28.517534376122057,10.093248657882214,38.83255733270198
22,16,0.0042572347447276115,5.921651336393552e-06,0.09374123811721802,-0.17343895137310028,2.960825668196776e-06,0.04687061905860901,-0.08671947568655014,-0.03558865934610367,32,False,UNAVAILABLE,DISABLED,DISABLED,DISABLED,UNAVAILABLE,DISABLED,28.517534376122057,10.093248657882214,38.83255733270198
22,17,0.0011879295343533158,3.841720626951428e-06,0.08634799718856812,-0.1907765418291092,1.920860313475714e-06,0.04317399859428406,-0.0953882709145546,-0.0510244220495224,32,False,UNAVAILABLE,DISABLED,DISABLED,DISABLED,UNAVAILABLE,DISABLED,28.517534376122057,10.093248657882214,38.83255733270198
22,18,0.002079443307593465,5.584527571045328e-06,0.15577095746994019,-0.21477767825126648,2.792263785522664e-06,0.07788547873497009,-0.10738883912563324,-0.027421124279499054,32,False,UNAVAILABLE,DISABLED,DISABLED,DISABLED,UNAVAILABLE,DISABLED,28.517534376122057,10.093248657882214,38.83255733270198
22,19,0.0026608076877892017,3.7831825920875417e-06,0.06578934192657471,-0.17673498392105103,1.8915912960437709e-06,0.032894670963287354,-0.08836749196052551,-0.052810121327638626,32,False,UNAVAILABLE,DISABLED,DISABLED,DISABLED,UNAVAILABLE,DISABLED,28.517534376122057,10.093248657882214,38.83255733270198
22,20,0.001696705468930304,5.125841653352836e-06,0.06795650720596313,-0.13932393491268158,2.562920826676418e-06,0.03397825360298157,-0.06966196745634079,-0.03398444503545761,32,False,UNAVAILABLE,DISABLED,DISABLED,DISABLED,UNAVAILABLE,DISABLED,28.517534376122057,10.093248657882214,38.83255733270198
22,21,0.2575404942035675,4.018980689579621e-06,0.08382570743560791,-0.17259369790554047,2.0094903447898105e-06,0.041912853717803955,-0.08629684895277023,0.2131584882736206,32,False,UNAVAILABLE,DISABLED,DISABLED,DISABLED,UNAVAILABLE,DISABLED,28.517534376122057,10.093248657882214,38.83255733270198
22,22,0.003133198479190469,3.37603933076025e-06,0.07294619083404541,-0.1729349046945572,1.688019665380125e-06,0.036473095417022705,-0.0864674523472786,-0.04685946926474571,32,False,UNAVAILABLE,DISABLED,DISABLED,DISABLED,UNAVAILABLE,DISABLED,28.517534376122057,10.093248657882214,38.83255733270198
22,23,0.0020277081057429314,4.0279214772454e-06,0.10017353296279907,-0.21220573782920837,2.0139607386227e-06,0.050086766481399536,-0.10610286891460419,-0.053986381739377975,32,False,UNAVAILABLE,DISABLED,DISABLED,DISABLED,UNAVAILABLE,DISABLED,28.517534376122057,10.093248657882214,38.83255733270198
22,24,0.018910234794020653,6.805697012168821e-06,0.14474618434906006,-0.21928271651268005,3.4028485060844105e-06,0.07237309217453003,-0.10964135825634003,-0.0183546245098114,32,False,UNAVAILABLE,DISABLED,DISABLED,DISABLED,UNAVAILABLE,DISABLED,28.517534376122057,10.093248657882214,38.83255733270198
22,25,0.0021471502259373665,4.669690042646835e-06,0.12523025274276733,-0.19530007243156433,2.3348450213234173e-06,0.06261512637138367,-0.09765003621578217,-0.03288542479276657,32,False,UNAVAILABLE,DISABLED,DISABLED,DISABLED,UNAVAILABLE,DISABLED,28.517534376122057,10.093248657882214,38.83255733270198
22,26,0.005956206005066633,4.735049969895044e-06,0.11441075801849365,-0.214151531457901,2.367524984947522e-06,0.057205379009246826,-0.1070757657289505,-0.04391181468963623,32,False,UNAVAILABLE,DISABLED,DISABLED,DISABLED,UNAVAILABLE,DISABLED,28.517534376122057,10.093248657882214,38.83255733270198
22,27,0.0024377366062253714,2.984884986290126e-06,0.09938585758209229,-0.19662907719612122,1.492442493145063e-06,0.04969292879104614,-0.09831453859806061,-0.04618237912654877,32,False,UNAVAILABLE,DISABLED,DISABLED,DISABLED,UNAVAILABLE,DISABLED,28.517534376122057,10.093248657882214,38.83255733270198
22,28,0.004404214210808277,3.5845305319526233e-06,0.10372257232666016,-0.1779346913099289,1.7922652659763116e-06,0.05186128616333008,-0.08896734565496445,-0.032700054347515106,32,False,UNAVAILABLE,DISABLED,DISABLED,DISABLED,UNAVAILABLE,DISABLED,28.517534376122057,10.093248657882214,38.83255733270198
22,29,0.003094357904046774,4.617094418790657e-06,0.09334003925323486,-0.17193599045276642,2.3085472093953285e-06,0.04667001962661743,-0.08596799522638321,-0.03620130941271782,32,False,UNAVAILABLE,DISABLED,DISABLED,DISABLED,UNAVAILABLE,DISABLED,28.517534376122057,10.093248657882214,38.83255733270198
22,30,0.0028028080705553293,4.5884544306318276e-06,0.10154038667678833,-0.11646856367588043,2.2942272153159138e-06,0.050770193338394165,-0.058234281837940216,-0.004658985882997513,32,False,UNAVAILABLE,DISABLED,DISABLED,DISABLED,UNAVAILABLE,DISABLED,28.517534376122057,10.093248657882214,38.83255733270198
22,31,0.0024268662091344595,5.228263489698293e-06,0.11309683322906494,-0.19987764954566956,2.6141317448491463e-06,0.05654841661453247,-0.09993882477283478,-0.040960926562547684,32,False,UNAVAILABLE,DISABLED,DISABLED,DISABLED,UNAVAILABLE,DISABLED,28.517534376122057,10.093248657882214,38.83255733270198
22,32,0.0014383809175342321,5.967441211396363e-06,0.1384320855140686,-0.19646939635276794,2.9837206056981813e-06,0.0692160427570343,-0.09823469817638397,-0.027577288448810577,32,False,UNAVAILABLE,DISABLED,DISABLED,DISABLED,UNAVAILABLE,DISABLED,28.517534376122057,10.093248657882214,38.83255733270198
22,33,0.0035697107668966055,5.360613158700289e-06,0.11276471614837646,-0.13249054551124573,2.6803065793501446e-06,0.05638235807418823,-0.06624527275562286,-0.006290525197982788,32,False,UNAVAILABLE,DISABLED,DISABLED,DISABLED,UNAVAILABLE,DISABLED,28.517534376122057,10.093248657882214,38.83255733270198
22,34,0.002065695356577635,4.161104698141571e-06,0.11166363954544067,-0.16200584173202515,2.0805523490707856e-06,0.05583181977272034,-0.08100292086601257,-0.023103326559066772,32,False,UNAVAILABLE,DISABLED,DISABLED,DISABLED,UNAVAILABLE,DISABLED,28.517534376122057,10.093248657882214,38.83255733270198
22,35,0.0017751463456079364,4.956685643264791e-06,0.07535064220428467,-0.1089828759431839,2.4783428216323955e-06,0.037675321102142334,-0.05449143797159195,-0.015038490295410156,32,False,UNAVAILABLE,DISABLED,DISABLED,DISABLED,UNAVAILABLE,DISABLED,28.517534376122057,10.093248657882214,38.83255733270198
22,36,0.002005618531256914,5.719297405448742e-06,0.1200224757194519,-0.1899775266647339,2.859648702724371e-06,0.06001123785972595,-0.09498876333236694,-0.032969046384096146,32,False,UNAVAILABLE,DISABLED,DISABLED,DISABLED,UNAVAILABLE,DISABLED,28.517534376122057,10.093248657882214,38.83255733270198
22,37,0.002655808115378022,4.3868267312063836e-06,0.1263325810432434,-0.19095709919929504,2.1934133656031918e-06,0.0631662905216217,-0.09547854959964752,-0.029654256999492645,32,False,UNAVAILABLE,DISABLED,DISABLED,DISABLED,UNAVAILABLE,DISABLED,28.517534376122057,10.093248657882214,38.83255733270198
22,38,0.002902532462030649,4.998044914827915e-06,0.1357859969139099,-0.14547209441661835,2.4990224574139575e-06,0.06789299845695496,-0.07273604720830917,-0.0019380152225494385,32,False,UNAVAILABLE,DISABLED,DISABLED,DISABLED,UNAVAILABLE,DISABLED,28.517534376122057,10.093248657882214,38.83255733270198
22,39,0.0033865917939692736,5.880391654500272e-06,0.09977072477340698,-0.12425164878368378,2.940195827250136e-06,0.04988536238670349,-0.06212582439184189,-0.008850928395986557,32,False,UNAVAILABLE,DISABLED,DISABLED,DISABLED,UNAVAILABLE,DISABLED,28.517534376122057,10.093248657882214,38.83255733270198
22,40,0.001513228751718998,4.2983956518583e-06,0.11970657110214233,-0.14308705925941467,2.14919782592915e-06,0.05985328555107117,-0.07154352962970734,-0.010174866765737534,32,False,UNAVAILABLE,DISABLED,DISABLED,DISABLED,UNAVAILABLE,DISABLED,28.517534376122057,10.093248657882214,38.83255733270198
22,41,0.0016255356604233384,5.056221198174171e-06,0.13511526584625244,-0.1615358591079712,2.5281105990870856e-06,0.06755763292312622,-0.0807679295539856,-0.011582233011722565,32,False,UNAVAILABLE,DISABLED,DISABLED,DISABLED,UNAVAILABLE,DISABLED,28.517534376122057,10.093248657882214,38.83255733270198
22,42,0.005040768068283796,5.365721790440148e-06,0.12365657091140747,-0.1710832267999649,2.682860895220074e-06,0.061828285455703735,-0.08554161339998245,-0.01866988092660904,32,False,UNAVAILABLE,DISABLED,DISABLED,DISABLED,UNAVAILABLE,DISABLED,28.517534376122057,10.093248657882214,38.83255733270198
22,43,0.001819889759644866,6.275434316194151e-06,0.11738431453704834,-0.17352481186389923,3.1377171580970753e-06,0.05869215726852417,-0.08676240593194962,-0.02624722197651863,32,False,UNAVAILABLE,DISABLED,DISABLED,DISABLED,UNAVAILABLE,DISABLED,28.517534376122057,10.093248657882214,38.83255733270198
22,44,0.003986034542322159,2.720447810133919e-06,0.07639849185943604,-0.10913999378681183,1.3602239050669596e-06,0.03819924592971802,-0.054569996893405914,-0.0123833566904068,32,False,UNAVAILABLE,DISABLED,DISABLED,DISABLED,UNAVAILABLE,DISABLED,28.517534376122057,10.093248657882214,38.83255733270198
22,45,0.0015622189966961741,4.230621925671585e-06,0.10335218906402588,-0.15234416723251343,2.1153109628357925e-06,0.05167609453201294,-0.07617208361625671,-0.022931654006242752,32,False,UNAVAILABLE,DISABLED,DISABLED,DISABLED,UNAVAILABLE,DISABLED,28.517534376122057,10.093248657882214,38.83255733270198
22,46,0.0015793124912306666,6.806954388594022e-06,0.10068029165267944,-0.12157979607582092,3.403477194297011e-06,0.05034014582633972,-0.06078989803791046,-0.008867036551237106,32,False,UNAVAILABLE,DISABLED,DISABLED,DISABLED,UNAVAILABLE,DISABLED,28.517534376122057,10.093248657882214,38.83255733270198
22,47,0.002855737693607807,5.602928467851598e-06,0.06542593240737915,-0.10051777958869934,2.801464233925799e-06,0.032712966203689575,-0.05025888979434967,-0.01468738541007042,32,False,UNAVAILABLE,DISABLED,DISABLED,DISABLED,UNAVAILABLE,DISABLED,28.517534376122057,10.093248657882214,38.83255733270198
22,48,0.003275391412898898,5.46293949810206e-06,0.12328112125396729,-0.10306137800216675,2.73146974905103e-06,0.06164056062698364,-0.051530689001083374,0.013387992978096008,32,False,UNAVAILABLE,DISABLED,DISABLED,DISABLED,UNAVAILABLE,DISABLED,28.517534376122057,10.093248657882214,38.83255733270198
22,49,0.0061812675558030605,5.1010833885811735e-06,0.19359636306762695,-0.13940083980560303,2.5505416942905867e-06,0.09679818153381348,-0.06970041990280151,0.03328157961368561,32,False,UNAVAILABLE,DISABLED,DISABLED,DISABLED,UNAVAILABLE,DISABLED,28.517534376122057,10.093248657882214,38.83255733270198
22,50,0.0017331020208075643,4.016614639112959e-06,0.10835593938827515,-0.1393718123435974,2.0083073195564793e-06,0.05417796969413757,-0.0696859061717987,-0.01377282664179802,32,False,UNAVAILABLE,DISABLED,DISABLED,DISABLED,UNAVAILABLE,DISABLED,28.517534376122057,10.093248657882214,38.83255733270198
22,51,0.0017293253913521767,3.3731710118445335e-06,0.10991036891937256,-0.11704915761947632,1.6865855059222667e-06,0.05495518445968628,-0.05852457880973816,-0.0018383823335170746,32,False,UNAVAILABLE,DISABLED,DISABLED,DISABLED,UNAVAILABLE,DISABLED,28.517534376122057,10.093248657882214,38.83255733270198
22,52,0.00112825445830822,3.3786604944907594e-06,0.08454370498657227,-0.12434646487236023,1.6893302472453797e-06,0.04227185249328613,-0.062173232436180115,-0.01877143606543541,32,False,UNAVAILABLE,DISABLED,DISABLED,DISABLED,UNAVAILABLE,DISABLED,28.517534376122057,10.093248657882214,38.83255733270198
22,53,0.0010538571514189243,3.166628175677033e-06,0.07219809293746948,-0.08654969930648804,1.5833140878385166e-06,0.03609904646873474,-0.04327484965324402,-0.006120361387729645,32,False,UNAVAILABLE,DISABLED,DISABLED,DISABLED,UNAVAILABLE,DISABLED,28.517534376122057,10.093248657882214,38.83255733270198
22,54,0.00488961162045598,2.8794661375286523e-06,0.11525106430053711,-0.11361122131347656,1.4397330687643262e-06,0.057625532150268555,-0.05680561065673828,0.005710974335670471,32,False,UNAVAILABLE,DISABLED,DISABLED,DISABLED,UNAVAILABLE,DISABLED,28.517534376122057,10.093248657882214,38.83255733270198
22,55,0.0013888012617826462,5.261450951365987e-06,0.13017213344573975,-0.13338488340377808,2.6307254756829934e-06,0.06508606672286987,-0.06669244170188904,-0.00021494179964065552,32,False,UNAVAILABLE,DISABLED,DISABLED,DISABLED,UNAVAILABLE,DISABLED,28.517534376122057,10.093248657882214,38.83255733270198
22,56,0.014839275740087032,3.90407058148412e-06,0.1223747730255127,-0.11462059617042542,1.95203529074206e-06,0.06118738651275635,-0.05731029808521271,0.01871831715106964,32,False,UNAVAILABLE,DISABLED,DISABLED,DISABLED,UNAVAILABLE,DISABLED,28.517534376122057,10.093248657882214,38.83255733270198
22,57,0.007688090670853853,3.14781777888129e-06,0.09082859754562378,-0.07626160979270935,1.573908889440645e-06,0.04541429877281189,-0.038130804896354675,0.01497315987944603,32,False,UNAVAILABLE,DISABLED,DISABLED,DISABLED,UNAVAILABLE,DISABLED,28.517534376122057,10.093248657882214,38.83255733270198
22,58,0.004649577662348747,4.726006864075316e-06,0.11656665802001953,-0.07650095224380493,2.363003432037658e-06,0.058283329010009766,-0.038250476121902466,0.02468479424715042,32,False,UNAVAILABLE,DISABLED,DISABLED,DISABLED,UNAVAILABLE,DISABLED,28.517534376122057,10.093248657882214,38.83255733270198
22,59,0.0013640484539791942,2.9642289973708102e-06,0.0733690857887268,-0.07677704095840454,1.4821144986854051e-06,0.0366845428943634,-0.03838852047920227,-0.00033844634890556335,32,False,UNAVAILABLE,DISABLED,DISABLED,DISABLED,UNAVAILABLE,DISABLED,28.517534376122057,10.093248657882214,38.83255733270198
22,60,0.0025172606110572815,2.4787643724266673e-06,0.06339329481124878,-0.023916244506835938,1.2393821862133336e-06,0.03169664740562439,-0.011958122253417969,0.02225702628493309,32,False,UNAVAILABLE,DISABLED,DISABLED,DISABLED,UNAVAILABLE,DISABLED,28.517534376122057,10.093248657882214,38.83255733270198
22,61,0.0026835997123271227,3.4582621992740314e-06,0.07090336084365845,-0.010758042335510254,1.7291310996370157e-06,0.035451680421829224,-0.005379021167755127,0.032757990062236786,32,False,UNAVAILABLE,DISABLED,DISABLED,DISABLED,UNAVAILABLE,DISABLED,28.517534376122057,10.093248657882214,38.83255733270198
22,62,0.0030244491063058376,3.340783223393373e-06,0.09431129693984985,-0.09813493490219116,1.6703916116966866e-06,0.04715564846992493,-0.04906746745109558,0.0011143013834953308,32,False,UNAVAILABLE,DISABLED,DISABLED,DISABLED,UNAVAILABLE,DISABLED,28.517534376122057,10.093248657882214,38.83255733270198
22,63,0.0015924525214359164,2.9896591513534077e-06,0.08826708793640137,-0.04160010814666748,1.4948295756767038e-06,0.044133543968200684,-0.02080005407333374,0.02492743730545044,32,False,UNAVAILABLE,DISABLED,DISABLED,DISABLED,UNAVAILABLE,DISABLED,28.517534376122057,10.093248657882214,38.83255733270198
22,64,0.0010745559120550752,6.436275725718588e-06,0.0955163836479187,0.047410547733306885,3.218137862859294e-06,0.04775819182395935,0.023705273866653442,0.0725412368774414,32,False,UNAVAILABLE,DISABLED,DISABLED,DISABLED,UNAVAILABLE,DISABLED,28.517534376122057,10.093248657882214,38.83255733270198
22,65,0.002675505355000496,4.5019437493465375e-06,0.15334099531173706,0.0027135610580444336,2.2509718746732688e-06,0.07667049765586853,0.0013567805290222168,0.08070503175258636,32,False,UNAVAILABLE,DISABLED,DISABLED,DISABLED,UNAVAILABLE,DISABLED,28.517534376122057,10.093248657882214,38.83255733270198
22,66,0.0014414915349334478,3.888802893925458e-06,0.05874311923980713,0.015397489070892334,1.944401446962729e-06,0.029371559619903564,0.007698744535446167,0.03851374238729477,32,False,UNAVAILABLE,DISABLED,DISABLED,DISABLED,UNAVAILABLE,DISABLED,28.517534376122057,10.093248657882214,38.83255733270198
22,67,0.0021959689911454916,4.646478373615537e-06,0.07139408588409424,0.018397033214569092,2.3232391868077684e-06,0.03569704294204712,0.009198516607284546,0.04709385335445404,32,False,UNAVAILABLE,DISABLED,DISABLED,DISABLED,UNAVAILABLE,DISABLED,28.517534376122057,10.093248657882214,38.83255733270198
22,68,0.001516058691777289,4.284316673874855e-06,0.12482434511184692,0.09001141786575317,2.1421583369374275e-06,0.06241217255592346,0.04500570893287659,0.10893607884645462,32,False,UNAVAILABLE,DISABLED,DISABLED,DISABLED,UNAVAILABLE,DISABLED,28.517534376122057,10.093248657882214,38.83255733270198
22,69,0.0014677775325253606,3.6188614558341214e-06,0.09815621376037598,0.020428776741027832,1.8094307279170607e-06,0.04907810688018799,0.010214388370513916,0.060762081295251846,32,False,UNAVAILABLE,DISABLED,DISABLED,DISABLED,UNAVAILABLE,DISABLED,28.517534376122057,10.093248657882214,38.83255733270198
22,70,0.002895334269851446,3.350480710651027e-06,0.09242856502532959,0.03398287296295166,1.6752403553255135e-06,0.046214282512664795,0.01699143648147583,0.06610272824764252,32,False,UNAVAILABLE,DISABLED,DISABLED,DISABLED,UNAVAILABLE,DISABLED,28.517534376122057,10.093248657882214,38.83255733270198
22,71,0.0019588053692132235,3.994631242676405e-06,0.09026557207107544,0.07874912023544312,1.9973156213382026e-06,0.04513278603553772,0.03937456011772156,0.08646814525127411,32,False,UNAVAILABLE,DISABLED,DISABLED,DISABLED,UNAVAILABLE,DISABLED,28.517534376122057,10.093248657882214,38.83255733270198
22,72,0.0036836094222962856,2.6850782433029963e-06,0.05596500635147095,0.06317073106765747,1.3425391216514981e-06,0.027982503175735474,0.031585365533828735,0.06325282156467438,32,False,UNAVAILABLE,DISABLED,DISABLED,DISABLED,UNAVAILABLE,DISABLED,28.517534376122057,10.093248657882214,38.83255733270198
22,73,0.0013245836598798633,3.5364387258596253e-06,0.06818097829818726,0.09009450674057007,1.7682193629298126e-06,0.03409048914909363,0.045047253370285034,0.08046409487724304,32,False,UNAVAILABLE,DISABLED,DISABLED,DISABLED,UNAVAILABLE,DISABLED,28.517534376122057,10.093248657882214,38.83255733270198
22,74,0.0014157178811728954,3.4090910503437044e-06,0.07113075256347656,0.08705693483352661,1.7045455251718522e-06,0.03556537628173828,0.043528467416763306,0.08051126450300217,32,False,UNAVAILABLE,DISABLED,DISABLED,DISABLED,UNAVAILABLE,DISABLED,28.517534376122057,10.093248657882214,38.83255733270198
22,75,0.001692884718067944,5.118896297062747e-06,0.08693337440490723,0.07484734058380127,2.5594481485313736e-06,0.04346668720245361,0.037423670291900635,0.08258579671382904,32,False,UNAVAILABLE,DISABLED,DISABLED,DISABLED,UNAVAILABLE,DISABLED,28.517534376122057,10.093248657882214,38.83255733270198
22,76,0.001236624550074339,5.367940502765123e-06,0.12098133563995361,0.060074687004089355,2.6839702513825614e-06,0.06049066781997681,0.030037343502044678,0.091767318546772,32,False,UNAVAILABLE,DISABLED,DISABLED,DISABLED,UNAVAILABLE,DISABLED,28.517534376122057,10.093248657882214,38.83255733270198
22,77,0.0019880232866853476,4.059305410919478e-06,0.05538588762283325,0.07228988409042358,2.029652705459739e-06,0.027692943811416626,0.03614494204521179,0.06582793593406677,32,False,UNAVAILABLE,DISABLED,DISABLED,DISABLED,UNAVAILABLE,DISABLED,28.517534376122057,10.093248657882214,38.83255733270198
22,78,0.0012752990005537868,5.611751021206146e-06,0.09186142683029175,0.1161234974861145,2.805875510603073e-06,0.045930713415145874,0.05806174874305725,0.10527056455612183,32,False,UNAVAILABLE,DISABLED,DISABLED,DISABLED,UNAVAILABLE,DISABLED,28.517534376122057,10.093248657882214,38.83255733270198
22,79,0.002024292480200529,2.9796501621603966e-06,0.053825199604034424,0.1216580867767334,1.4898250810801983e-06,0.026912599802017212,0.0608290433883667,0.08976742625236511,32,False,UNAVAILABLE,DISABLED,DISABLED,DISABLED,UNAVAILABLE,DISABLED,28.517534376122057,10.093248657882214,38.83255733270198
22,80,0.00354629079811275,2.9715859000134515e-06,0.07990610599517822,0.16311025619506836,1.4857929500067257e-06,0.03995305299758911,0.08155512809753418,0.1250559538602829,32,False,UNAVAILABLE,DISABLED,DISABLED,DISABLED,UNAVAILABLE,DISABLED,28.517534376122057,10.093248657882214,38.83255733270198
22,81,0.002318123122677207,2.622275815156172e-06,0.07356864213943481,0.13787496089935303,1.311137907578086e-06,0.03678432106971741,0.06893748044967651,0.10804123431444168,32,False,UNAVAILABLE,DISABLED,DISABLED,DISABLED,UNAVAILABLE,DISABLED,28.517534376122057,10.093248657882214,38.83255733270198
22,82,0.001839150907471776,3.833358277915977e-06,0.04881232976913452,0.09711480140686035,1.9166791389579885e-06,0.02440616488456726,0.048557400703430176,0.0748046338558197,32,False,UNAVAILABLE,DISABLED,DISABLED,DISABLED,UNAVAILABLE,DISABLED,28.517534376122057,10.093248657882214,38.83255733270198
22,83,0.0017577584367245436,5.711196536140051e-06,0.08446741104125977,0.08044761419296265,2.8555982680700254e-06,0.04223370552062988,0.04022380709648132,0.08421812951564789,32,False,UNAVAILABLE,DISABLED,DISABLED,DISABLED,UNAVAILABLE,DISABLED,28.517534376122057,10.093248657882214,38.83255733270198
22,84,0.006516947876662016,3.0579635676986072e-06,0.04904377460479736,0.1572585105895996,1.5289817838493036e-06,0.02452188730239868,0.0786292552947998,0.10966961830854416,32,False,UNAVAILABLE,DISABLED,DISABLED,DISABLED,UNAVAILABLE,DISABLED,28.517534376122057,10.093248657882214,38.83255733270198
22,85,0.002783634467050433,3.206875817340915e-06,0.06309974193572998,0.17576205730438232,1.6034379086704575e-06,0.03154987096786499,0.08788102865219116,0.122216135263443,32,False,UNAVAILABLE,DISABLED,DISABLED,DISABLED,UNAVAILABLE,DISABLED,28.517534376122057,10.093248657882214,38.83255733270198
22,86,0.006296571809798479,3.658964260466746e-06,0.035983920097351074,0.041246891021728516,1.829482130233373e-06,0.017991960048675537,0.020623445510864258,0.04491380602121353,32,False,UNAVAILABLE,DISABLED,DISABLED,DISABLED,UNAVAILABLE,DISABLED,28.517534376122057,10.093248657882214,38.83255733270198
22,87,0.015190627425909042,4.103664196009049e-06,0.032785117626190186,0.0843888521194458,2.0518320980045246e-06,0.016392558813095093,0.0421944260597229,0.07377966493368149,32,False,UNAVAILABLE,DISABLED,DISABLED,DISABLED,UNAVAILABLE,DISABLED,28.517534376122057,10.093248657882214,38.83255733270198
22,88,0.005808717105537653,3.7454178709595e-06,0.04665732383728027,0.06701076030731201,1.87270893547975e-06,0.023328661918640137,0.033505380153656006,0.06264463067054749,32,False,UNAVAILABLE,DISABLED,DISABLED,DISABLED,UNAVAILABLE,DISABLED,28.517534376122057,10.093248657882214,38.83255733270198
22,89,0.004140860866755247,5.0387175178912e-06,0.039838433265686035,0.05541199445724487,2.5193587589456e-06,0.019919216632843018,0.027705997228622437,0.05176859349012375,32,False,UNAVAILABLE,DISABLED,DISABLED,DISABLED,UNAVAILABLE,DISABLED,28.517534376122057,10.093248657882214,38.83255733270198
22,90,0.0016033175634220243,3.142929926980287e-06,0.05416083335876465,0.1592976450920105,1.5714649634901434e-06,0.027080416679382324,0.07964882254600525,0.10833412408828735,32,False,UNAVAILABLE,DISABLED,DISABLED,DISABLED,UNAVAILABLE,DISABLED,28.517534376122057,10.093248657882214,38.83255733270198
22,91,0.04350194334983826,3.450565600360278e-06,0.03665953874588013,0.04754990339279175,1.725282800180139e-06,0.018329769372940063,0.023774951696395874,0.08560839295387268,32,False,UNAVAILABLE,DISABLED,DISABLED,DISABLED,UNAVAILABLE,DISABLED,28.517534376122057,10.093248657882214,38.83255733270198
22,92,0.021317001432180405,2.9568907393695554e-06,0.03677535057067871,0.10188722610473633,1.4784453696847777e-06,0.018387675285339355,0.050943613052368164,0.09064976871013641,32,False,UNAVAILABLE,DISABLED,DISABLED,DISABLED,UNAVAILABLE,DISABLED,28.517534376122057,10.093248657882214,38.83255733270198
22,93,0.005309085827320814,3.7656684526155004e-06,0.04127645492553711,0.1438177227973938,1.8828342263077502e-06,0.020638227462768555,0.0719088613986969,0.09785805642604828,32,False,UNAVAILABLE,DISABLED,DISABLED,DISABLED,UNAVAILABLE,DISABLED,28.517534376122057,10.093248657882214,38.83255733270198
22,94,0.008165675215423107,5.783822871308075e-06,0.050422489643096924,0.05059128999710083,2.8919114356540376e-06,0.025211244821548462,0.025295644998550415,0.058675456792116165,32,False,UNAVAILABLE,DISABLED,DISABLED,DISABLED,UNAVAILABLE,DISABLED,28.517534376122057,10.093248657882214,38.83255733270198
22,95,0.0024669200647622347,2.6318464279029286e-06,0.06723272800445557,0.07055819034576416,1.3159232139514643e-06,0.03361636400222778,0.03527909517288208,0.07136369496583939,32,False,UNAVAILABLE,DISABLED,DISABLED,DISABLED,UNAVAILABLE,DISABLED,28.517534376122057,10.093248657882214,38.83255733270198
22,96,0.01139103528112173,4.627882390195737e-06,0.037399351596832275,0.0774766206741333,2.3139411950978683e-06,0.018699675798416138,0.03873831033706665,0.06883133947849274,32,False,UNAVAILABLE,DISABLED,DISABLED,DISABLED,UNAVAILABLE,DISABLED,28.517534376122057,10.093248657882214,38.83255733270198
22,97,0.00411056075245142,5.3061794460518286e-06,0.0326542854309082,-0.0002276897430419922,2.6530897230259143e-06,0.0163271427154541,-0.0001138448715209961,0.020326511934399605,32,False,UNAVAILABLE,DISABLED,DISABLED,DISABLED,UNAVAILABLE,DISABLED,28.517534376122057,10.093248657882214,38.83255733270198
22,98,0.06331774592399597,6.366534307744587e-06,0.05050867795944214,0.042248547077178955,3.1832671538722934e-06,0.02525433897972107,0.021124273538589478,0.1096995398402214,32,False,UNAVAILABLE,DISABLED,DISABLED,DISABLED,UNAVAILABLE,DISABLED,28.517534376122057,10.093248657882214,38.83255733270198
22,99,0.004967476241290569,6.0526681409101e-06,0.050657808780670166,0.03127866983413696,3.02633407045505e-06,0.025328904390335083,0.01563933491706848,0.04593874141573906,32,False,UNAVAILABLE,DISABLED,DISABLED,DISABLED,UNAVAILABLE,DISABLED,28.517534376122057,10.093248657882214,38.83255733270198
22,100,0.004389772191643715,5.2014120228705e-06,0.051682114601135254,0.12913286685943604,2.60070601143525e-06,0.025841057300567627,0.06456643342971802,0.09479986131191254,32,False,UNAVAILABLE,DISABLED,DISABLED,DISABLED,UNAVAILABLE,DISABLED,28.517534376122057,10.093248657882214,38.83255733270198
23,1,0.0008434241754002869,2.8499600830400595e-06,0.047606468200683594,-0.02765163779258728,1.4249800415200298e-06,0.023803234100341797,-0.01382581889629364,0.010822264477610588,32,False,UNAVAILABLE,DISABLED,DISABLED,DISABLED,UNAVAILABLE,DISABLED,28.1510868370533,10.943430262850598,39.31413161102682
23,2,0.0005805767141282558,5.647295438393485e-06,0.04130285978317261,-0.02159387618303299,2.8236477191967424e-06,0.020651429891586304,-0.010796938091516495,0.010437892749905586,32,False,UNAVAILABLE,DISABLED,DISABLED,DISABLED,UNAVAILABLE,DISABLED,28.1510868370533,10.943430262850598,39.31413161102682
23,3,0.000733637367375195,3.428102218094864e-06,0.042224228382110596,-0.021887466311454773,1.714051109047432e-06,0.021112114191055298,-0.010943733155727386,0.010903732851147652,32,False,UNAVAILABLE,DISABLED,DISABLED,DISABLED,UNAVAILABLE,DISABLED,28.1510868370533,10.943430262850598,39.31413161102682
23,4,0.00042344394023530185,3.5789596495305886e-06,0.029208898544311523,-0.04050341993570328,1.7894798247652943e-06,0.014604449272155762,-0.02025170996785164,-0.005222027190029621,32,False,UNAVAILABLE,DISABLED,DISABLED,DISABLED,UNAVAILABLE,DISABLED,28.1510868370533,10.943430262850598,39.31413161102682
23,5,0.0006554350256919861,2.505078100512037e-06,0.041360557079315186,-0.07016793638467789,1.2525390502560185e-06,0.020680278539657593,-0.035083968192338943,-0.013747002929449081,32,False,UNAVAILABLE,DISABLED,DISABLED,DISABLED,UNAVAILABLE,DISABLED,28.1510868370533,10.943430262850598,39.31413161102682
23,6,0.0004999746452085674,3.624129703894141e-06,0.03602856397628784,-0.05611207336187363,1.8120648519470706e-06,0.01801428198814392,-0.028056036680936813,-0.009539967402815819,32,False,UNAVAILABLE,DISABLED,DISABLED,DISABLED,UNAVAILABLE,DISABLED,28.1510868370533,10.943430262850598,39.31413161102682
23,7,0.00041997749940492213,1.957344238689984e-06,0.031234264373779297,-0.06444971263408661,9.78672119344992e-07,0.015617132186889648,-0.032224856317043304,-0.01618676818907261,32,False,UNAVAILABLE,DISABLED,DISABLED,DISABLED,UNAVAILABLE,DISABLED,28.1510868370533,10.943430262850598,39.31413161102682
23,8,0.0004691784270107746,3.76909497390443e-06,0.09001427888870239,-0.1348118633031845,1.884547486952215e-06,0.045007139444351196,-0.06740593165159225,-0.02192772924900055,32,False,UNAVAILABLE,DISABLED,DISABLED,DISABLED,UNAVAILABLE,DISABLED,28.1510868370533,10.943430262850598,39.31413161102682
23,9,0.0006887299241498113,3.27426982948964e-06,0.07987368106842041,-0.13853521645069122,1.63713491474482e-06,0.039936840534210205,-0.06926760822534561,-0.028640400618314743,32,False,UNAVAILABLE,DISABLED,DISABLED,DISABLED,UNAVAILABLE,DISABLED,28.1510868370533,10.943430262850598,39.31413161102682
23,10,0.0005474401405081153,3.3068859011109453e-06,0.09225142002105713,-0.1845095157623291,1.6534429505554726e-06,0.046125710010528564,-0.09225475788116455,-0.045579954981803894,32,False,UNAVAILABLE,DISABLED,DISABLED,DISABLED,UNAVAILABLE,DISABLED,28.1510868370533,10.943430262850598,39.31413161102682
23,11,0.0005457379156723619,4.489846560318256e-06,0.065213143825531,-0.11794782429933548,2.244923280159128e-06,0.0326065719127655,-0.05897391214966774,-0.025819357484579086,32,False,UNAVAILABLE,DISABLED,DISABLED,DISABLED,UNAVAILABLE,DISABLED,28.1510868370533,10.943430262850598,39.31413161102682
23,12,0.0004235762753523886,3.75159174836881e-06,0.09590411186218262,-0.1590287834405899,1.875795874184405e-06,0.04795205593109131,-0.07951439172029495,-0.031136885285377502,32,False,UNAVAILABLE,DISABLED,DISABLED,DISABLED,UNAVAILABLE,DISABLED,28.1510868370533,10.943430262850598,39.31413161102682
23,13,0.0005381737137213349,3.502975687297294e-06,0.07791036367416382,-0.15853379666805267,1.751487843648647e-06,0.03895518183708191,-0.07926689833402634,-0.03977179154753685,32,False,UNAVAILABLE,DISABLED,DISABLED,DISABLED,UNAVAILABLE,DISABLED,28.1510868370533,10.943430262850598,39.31413161102682
23,14,0.00045879630488343537,5.2860009418509435e-06,0.09018826484680176,-0.1807042807340622,2.6430004709254717e-06,0.04509413242340088,-0.0903521403670311,-0.04479656741023064,32,False,UNAVAILABLE,DISABLED,DISABLED,DISABLED,UNAVAILABLE,DISABLED,28.1510868370533,10.943430262850598,39.31413161102682
23,15,0.0005435654893517494,4.786811587109696e-06,0.09721648693084717,-0.1904367357492447,2.393405793554848e-06,0.048608243465423584,-0.09521836787462234,-0.046064164489507675,32,False,UNAVAILABLE,DISABLED,DISABLED,DISABLED,UNAVAILABLE,DISABLED,28.1510868370533,10.943430262850598,39.31413161102682
23,16,0.0011248992523178458,4.963111223332817e-06,0.07569748163223267,-0.13769885897636414,2.4815556116664084e-06,0.03784874081611633,-0.06884942948818207,-0.029873307794332504,32,False,UNAVAILABLE,DISABLED,DISABLED,DISABLED,UNAVAILABLE,DISABLED,28.1510868370533,10.943430262850598,39.31413161102682
23,17,0.0003546614316292107,3.7596034871967277e-06,0.09663856029510498,-0.18949511647224426,1.8798017435983638e-06,0.04831928014755249,-0.09474755823612213,-0.04607173800468445,32,False,UNAVAILABLE,DISABLED,DISABLED,DISABLED,UNAVAILABLE,DISABLED,28.1510868370533,10.943430262850598,39.31413161102682
23,18,0.0003584876540116966,5.709972356271464e-06,0.1322055459022522,-0.1742359697818756,2.854986178135732e-06,0.0661027729511261,-0.0871179848909378,-0.020653866231441498,32,False,UNAVAILABLE,DISABLED,DISABLED,DISABLED,UNAVAILABLE,DISABLED,28.1510868370533,10.943430262850598,39.31413161102682
23,19,0.0005348497070372105,3.448538336670026e-06,0.08472317457199097,-0.16164398193359375,1.724269168335013e-06,0.04236158728599548,-0.08082199096679688,-0.03792383149266243,32,False,UNAVAILABLE,DISABLED,DISABLED,DISABLED,UNAVAILABLE,DISABLED,28.1510868370533,10.943430262850598,39.31413161102682
23,20,0.00033679240732453763,4.835577328776708e-06,0.0807960033416748,-0.16913679242134094,2.417788664388354e-06,0.0403980016708374,-0.08456839621067047,-0.04383118450641632,32,False,UNAVAILABLE,DISABLED,DISABLED,DISABLED,UNAVAILABLE,DISABLED,28.1510868370533,10.943430262850598,39.31413161102682
23,21,0.0007836006116122007,2.830386620189529e-06,0.06641519069671631,-0.15352553129196167,1.4151933100947645e-06,0.033207595348358154,-0.07676276564598083,-0.042770154774188995,32,False,UNAVAILABLE,DISABLED,DISABLED,DISABLED,UNAVAILABLE,DISABLED,28.1510868370533,10.943430262850598,39.31413161102682
23,22,0.0005025876453146338,2.409244871159899e-06,0.046491265296936035,-0.12332415580749512,1.2046224355799495e-06,0.023245632648468018,-0.06166207790374756,-0.037912651896476746,32,False,UNAVAILABLE,DISABLED,DISABLED,DISABLED,UNAVAILABLE,DISABLED,28.1510868370533,10.943430262850598,39.31413161102682
23,23,0.0006364587461575866,2.7833298190671485e-06,0.08812034130096436,-0.1752229928970337,1.3916649095335742e-06,0.04406017065048218,-0.08761149644851685,-0.04291347414255142,32,False,UNAVAILABLE,DISABLED,DISABLED,DISABLED,UNAVAILABLE,DISABLED,28.1510868370533,10.943430262850598,39.31413161102682
23,24,0.0004230958002153784,4.994935807189904e-06,0.11367076635360718,-0.15884697437286377,2.497467903594952e-06,0.05683538317680359,-0.07942348718643188,-0.022162511944770813,32,False,UNAVAILABLE,DISABLED,DISABLED,DISABLED,UNAVAILABLE,DISABLED,28.1510868370533,10.943430262850598,39.31413161102682
23,25,0.0005113486549817026,4.693359642260475e-06,0.09782499074935913,-0.19110572338104248,2.3466798211302375e-06,0.048912495374679565,-0.09555286169052124,-0.04612667113542557,32,False,UNAVAILABLE,DISABLED,DISABLED,DISABLED,UNAVAILABLE,DISABLED,28.1510868370533,10.943430262850598,39.31413161102682
23,26,0.0003904246259480715,5.230936494626803e-06,0.08667910099029541,-0.18223676085472107,2.6154682473134017e-06,0.043339550495147705,-0.09111838042736053,-0.04738578945398331,32,False,UNAVAILABLE,DISABLED,DISABLED,DISABLED,UNAVAILABLE,DISABLED,28.1510868370533,10.943430262850598,39.31413161102682
23,27,0.0003554473805706948,3.281516455899691e-06,0.08476263284683228,-0.18731123208999634,1.6407582279498456e-06,0.04238131642341614,-0.09365561604499817,-0.050917211920022964,32,False,UNAVAILABLE,DISABLED,DISABLED,DISABLED,UNAVAILABLE,DISABLED,28.1510868370533,10.943430262850598,39.31413161102682
23,28,0.0007578488439321518,3.5479656617098954e-06,0.07186228036880493,-0.1620255708694458,1.7739828308549477e-06,0.035931140184402466,-0.0810127854347229,-0.044322021305561066,32,False,UNAVAILABLE,DISABLED,DISABLED,DISABLED,UNAVAILABLE,DISABLED,28.1510868370533,10.943430262850598,39.31413161102682
23,29,0.0004592392360791564,2.7907365165447118e-06,0.05543619394302368,-0.15617185831069946,1.3953682582723559e-06,0.02771809697151184,-0.07808592915534973,-0.049907200038433075,32,False,UNAVAILABLE,DISABLED,DISABLED,DISABLED,UNAVAILABLE,DISABLED,28.1510868370533,10.943430262850598,39.31413161102682
23,30,0.00027047996991313994,4.1745929593162145e-06,0.08235907554626465,-0.14391982555389404,2.0872964796581073e-06,0.041179537773132324,-0.07195991277694702,-0.030507806688547134,32,False,UNAVAILABLE,DISABLED,DISABLED,DISABLED,UNAVAILABLE,DISABLED,28.1510868370533,10.943430262850598,39.31413161102682
23,31,0.0003969059616792947,4.270923909643898e-06,0.07116913795471191,-0.13686591386795044,2.135461954821949e-06,0.03558456897735596,-0.06843295693397522,-0.03244934603571892,32,False,UNAVAILABLE,DISABLED,DISABLED,DISABLED,UNAVAILABLE,DISABLED,28.1510868370533,10.943430262850598,39.31413161102682
23,32,0.0003853522939607501,5.023087396693882e-06,0.09288066625595093,-0.16259855031967163,2.511543698346941e-06,0.046440333127975464,-0.08129927515983582,-0.03447107970714569,32,False,UNAVAILABLE,DISABLED,DISABLED,DISABLED,UNAVAILABLE,DISABLED,28.1510868370533,10.943430262850598,39.31413161102682
23,33,0.0005398599314503372,5.058017450210173e-06,0.12661832571029663,-0.20442992448806763,2.5290087251050863e-06,0.06330916285514832,-0.10221496224403381,-0.03836341202259064,32,False,UNAVAILABLE,DISABLED,DISABLED,DISABLED,UNAVAILABLE,DISABLED,28.1510868370533,10.943430262850598,39.31413161102682
23,34,0.00033975389669649303,4.195201654511038e-06,0.06694251298904419,-0.1635567545890808,2.097600827255519e-06,0.033471256494522095,-0.0817783772945404,-0.04796526953577995,32,False,UNAVAILABLE,DISABLED,DISABLED,DISABLED,UNAVAILABLE,DISABLED,28.1510868370533,10.943430262850598,39.31413161102682
23,35,0.00036710998392663896,3.5992786706628976e-06,0.07215332984924316,-0.146323561668396,1.7996393353314488e-06,0.03607666492462158,-0.073161780834198,-0.03671620786190033,32,False,UNAVAILABLE,DISABLED,DISABLED,DISABLED,UNAVAILABLE,DISABLED,28.1510868370533,10.943430262850598,39.31413161102682
23,36,0.0003716482606250793,4.8080864871735685e-06,0.08001917600631714,-0.172366201877594,2.4040432435867842e-06,0.04000958800315857,-0.086183100938797,-0.045799460262060165,32,False,UNAVAILABLE,DISABLED,DISABLED,DISABLED,UNAVAILABLE,DISABLED,28.1510868370533,10.943430262850598,39.31413161102682
23,37,0.0006171923596411943,3.0377811981452396e-06,0.06676948070526123,-0.1530005931854248,1.5188905990726198e-06,0.033384740352630615,-0.0765002965927124,-0.04249684512615204,32,False,UNAVAILABLE,DISABLED,DISABLED,DISABLED,UNAVAILABLE,DISABLED,28.1510868370533,10.943430262850598,39.31413161102682
23,38,0.0003578586911316961,4.506496679823613e-06,0.10547345876693726,-0.19686436653137207,2.2532483399118064e-06,0.05273672938346863,-0.09843218326568604,-0.04533534124493599,32,False,UNAVAILABLE,DISABLED,DISABLED,DISABLED,UNAVAILABLE,DISABLED,28.1510868370533,10.943430262850598,39.31413161102682
23,39,0.0006361277773976326,3.093331997661153e-06,0.06937700510025024,-0.21198779344558716,1.5466659988305764e-06,0.03468850255012512,-0.10599389672279358,-0.07066772133111954,32,False,UNAVAILABLE,DISABLED,DISABLED,DISABLED,UNAVAILABLE,DISABLED,28.1510868370533,10.943430262850598,39.31413161102682
23,40,0.00044012899161316454,3.631002073234413e-06,0.07544529438018799,-0.19355064630508423,1.8155010366172064e-06,0.037722647190093994,-0.09677532315254211,-0.05861072987318039,32,False,UNAVAILABLE,DISABLED,DISABLED,DISABLED,UNAVAILABLE,DISABLED,28.1510868370533,10.943430262850598,39.31413161102682
23,41,0.000392934656701982,5.649128070217557e-06,0.11043697595596313,-0.19630277156829834,2.8245640351087786e-06,0.05521848797798157,-0.09815138578414917,-0.0425371378660202,32,False,UNAVAILABLE,DISABLED,DISABLED,DISABLED,UNAVAILABLE,DISABLED,28.1510868370533,10.943430262850598,39.31413161102682
23,42,0.0003295681963209063,4.753288521897048e-06,0.09999287128448486,-0.21033412218093872,2.376644260948524e-06,0.04999643564224243,-0.10516706109046936,-0.05483867973089218,32,False,UNAVAILABLE,DISABLED,DISABLED,DISABLED,UNAVAILABLE,DISABLED,28.1510868370533,10.943430262850598,39.31413161102682
23,43,0.0003371374914422631,3.879732503264677e-06,0.09823322296142578,-0.22195875644683838,1.9398662516323384e-06,0.04911661148071289,-0.11097937822341919,-0.061523690819740295,32,False,UNAVAILABLE,DISABLED,DISABLED,DISABLED,UNAVAILABLE,DISABLED,28.1510868370533,10.943430262850598,39.31413161102682
23,44,0.00030592415714636445,2.554505726948264e-06,0.08186036348342896,-0.23821574449539185,1.277252863474132e-06,0.04093018174171448,-0.11910787224769592,-0.07787048816680908,32,False,UNAVAILABLE,DISABLED,DISABLED,DISABLED,UNAVAILABLE,DISABLED,28.1510868370533,10.943430262850598,39.31413161102682
23,45,0.00030721171060577035,5.1333181545487605e-06,0.09992915391921997,-0.20073020458221436,2.5666590772743803e-06,0.049964576959609985,-0.10036510229110718,-0.05009074509143829,32,False,UNAVAILABLE,DISABLED,DISABLED,DISABLED,UNAVAILABLE,DISABLED,28.1510868370533,10.943430262850598,39.31413161102682
23,46,0.00044449386768974364,4.294049176678527e-06,0.095211923122406,-0.2646753787994385,2.1470245883392636e-06,0.047605961561203,-0.13233768939971924,-0.08428508788347244,32,False,UNAVAILABLE,DISABLED,DISABLED,DISABLED,UNAVAILABLE,DISABLED,28.1510868370533,10.943430262850598,39.31413161102682
23,47,0.00044483126839622855,3.5068362649326446e-06,0.08001279830932617,-0.22473442554473877,1.7534181324663223e-06,0.040006399154663086,-0.11236721277236938,-0.07191422581672668,32,False,UNAVAILABLE,DISABLED,DISABLED,DISABLED,UNAVAILABLE,DISABLED,28.1510868370533,10.943430262850598,39.31413161102682
23,48,0.0002846720744855702,6.291939826041926e-06,0.1491457223892212,-0.21714985370635986,3.145969913020963e-06,0.0745728611946106,-0.10857492685317993,-0.03371424973011017,32,False,UNAVAILABLE,DISABLED,DISABLED,DISABLED,UNAVAILABLE,DISABLED,28.1510868370533,10.943430262850598,39.31413161102682
23,49,0.00045727434917353094,5.761835836892715e-06,0.1200518012046814,-0.18775218725204468,2.8809179184463574e-06,0.0600259006023407,-0.09387609362602234,-0.03339003771543503,32,False,UNAVAILABLE,DISABLED,DISABLED,DISABLED,UNAVAILABLE,DISABLED,28.1510868370533,10.943430262850598,39.31413161102682
23,50,0.0005984284798614681,5.684860298060812e-06,0.12204569578170776,-0.12472295761108398,2.842430149030406e-06,0.06102284789085388,-0.06236147880554199,-0.0007373616099357605,32,False,UNAVAILABLE,DISABLED,DISABLED,DISABLED,UNAVAILABLE,DISABLED,28.1510868370533,10.943430262850598,39.31413161102682
23,51,0.0005502515705302358,5.598927145911148e-06,0.10700404644012451,-0.10282588005065918,2.799463572955574e-06,0.053502023220062256,-0.05141294002532959,0.002642132341861725,32,False,UNAVAILABLE,DISABLED,DISABLED,DISABLED,UNAVAILABLE,DISABLED,28.1510868370533,10.943430262850598,39.31413161102682
23,52,0.0005269755492918193,3.1693543860455975e-06,0.09540772438049316,-0.14301329851150513,1.5846771930227987e-06,0.04770386219024658,-0.07150664925575256,-0.02327422797679901,32,False,UNAVAILABLE,DISABLED,DISABLED,DISABLED,UNAVAILABLE,DISABLED,28.1510868370533,10.943430262850598,39.31413161102682
23,53,0.0003068086225539446,4.029986484965775e-06,0.12422621250152588,-0.18608295917510986,2.0149932424828876e-06,0.06211310625076294,-0.09304147958755493,-0.030619550496339798,32,False,UNAVAILABLE,DISABLED,DISABLED,DISABLED,UNAVAILABLE,DISABLED,28.1510868370533,10.943430262850598,39.31413161102682
23,54,0.0005133373779244721,4.369329417386325e-06,0.11106681823730469,-0.15975332260131836,2.1846647086931625e-06,0.055533409118652344,-0.07987666130065918,-0.023827731609344482,32,False,UNAVAILABLE,DISABLED,DISABLED,DISABLED,UNAVAILABLE,DISABLED,28.1510868370533,10.943430262850598,39.31413161102682
23,55,0.0010825407225638628,7.794758857926354e-06,0.12981051206588745,-0.07248592376708984,3.897379428963177e-06,0.06490525603294373,-0.03624296188354492,0.02974873036146164,32,False,UNAVAILABLE,DISABLED,DISABLED,DISABLED,UNAVAILABLE,DISABLED,28.1510868370533,10.943430262850598,39.31413161102682
23,56,0.0005135908140800893,4.741420980280964e-06,0.14508771896362305,-0.028197884559631348,2.370710490140482e-06,0.07254385948181152,-0.014098942279815674,0.05896087735891342,32,False,UNAVAILABLE,DISABLED,DISABLED,DISABLED,UNAVAILABLE,DISABLED,28.1510868370533,10.943430262850598,39.31413161102682
23,57,0.0005315463058650494,5.4950146477494854e-06,0.11049240827560425,-0.027583599090576172,2.7475073238747427e-06,0.055246204137802124,-0.013791799545288086,0.04198869690299034,32,False,UNAVAILABLE,DISABLED,DISABLED,DISABLED,UNAVAILABLE,DISABLED,28.1510868370533,10.943430262850598,39.31413161102682
23,58,0.0004236164386384189,6.184693575050915e-06,0.15587592124938965,0.039856791496276855,3.0923467875254573e-06,0.07793796062469482,0.019928395748138428,0.09829306602478027,32,False,UNAVAILABLE,DISABLED,DISABLED,DISABLED,UNAVAILABLE,DISABLED,28.1510868370533,10.943430262850598,39.31413161102682
23,59,0.00028363920864649117,6.1216182984935585e-06,0.09412336349487305,-0.10810208320617676,3.0608091492467793e-06,0.04706168174743652,-0.05405104160308838,-0.0067026615142822266,32,False,UNAVAILABLE,DISABLED,DISABLED,DISABLED,UNAVAILABLE,DISABLED,28.1510868370533,10.943430262850598,39.31413161102682
23,60,0.0005060277180746198,4.800055194209563e-06,0.07178890705108643,-0.07414430379867554,2.4000275971047813e-06,0.03589445352554321,-0.03707215189933777,-0.0006692707538604736,32,False,UNAVAILABLE,DISABLED,DISABLED,DISABLED,UNAVAILABLE,DISABLED,28.1510868370533,10.943430262850598,39.31413161102682
23,61,0.0004726152110379189,7.064933015499264e-06,0.07508093118667603,0.0013144612312316895,3.532466507749632e-06,0.03754046559333801,0.0006572306156158447,0.03867384418845177,32,False,UNAVAILABLE,DISABLED,DISABLED,DISABLED,UNAVAILABLE,DISABLED,28.1510868370533,10.943430262850598,39.31413161102682
23,62,0.0003646200930234045,3.836034466075944e-06,0.06869971752166748,-0.06117379665374756,1.918017233037972e-06,0.03434985876083374,-0.03058689832687378,0.004129499197006226,32,False,UNAVAILABLE,DISABLED,DISABLED,DISABLED,UNAVAILABLE,DISABLED,28.1510868370533,10.943430262850598,39.31413161102682
23,63,0.0004919632337987423,5.351078016246902e-06,0.09429973363876343,-0.027208924293518066,2.675539008123451e-06,0.047149866819381714,-0.013604462146759033,0.034040044993162155,32,False,UNAVAILABLE,DISABLED,DISABLED,DISABLED,UNAVAILABLE,DISABLED,28.1510868370533,10.943430262850598,39.31413161102682
23,64,0.0003824594314210117,6.554251740453765e-06,0.1330440640449524,0.047181010246276855,3.2771258702268824e-06,0.0665220320224762,0.023590505123138428,0.09049827605485916,32,False,UNAVAILABLE,DISABLED,DISABLED,DISABLED,UNAVAILABLE,DISABLED,28.1510868370533,10.943430262850598,39.31413161102682
23,65,0.0007236903766170144,4.105868811166147e-06,0.09762024879455566,0.07040756940841675,2.0529344055830734e-06,0.04881012439727783,0.035203784704208374,0.08473965525627136,32,False,UNAVAILABLE,DISABLED,DISABLED,DISABLED,UNAVAILABLE,DISABLED,28.1510868370533,10.943430262850598,39.31413161102682
23,66,0.0004273800295777619,4.842846465180628e-06,0.09965300559997559,0.03557229042053223,2.421423232590314e-06,0.04982650279998779,0.017786145210266113,0.06804244965314865,32,False,UNAVAILABLE,DISABLED,DISABLED,DISABLED,UNAVAILABLE,DISABLED,28.1510868370533,10.943430262850598,39.31413161102682
23,67,0.0009530837996862829,3.829678462352604e-06,0.053850531578063965,-0.0310438871383667,1.914839231176302e-06,0.026925265789031982,-0.01552194356918335,0.012358320876955986,32,False,UNAVAILABLE,DISABLED,DISABLED,DISABLED,UNAVAILABLE,DISABLED,28.1510868370533,10.943430262850598,39.31413161102682
23,68,0.0012887417105957866,5.320265245245537e-06,0.05721426010131836,-0.005374550819396973,2.6601326226227684e-06,0.02860713005065918,-0.0026872754096984863,0.027211256325244904,32,False,UNAVAILABLE,DISABLED,DISABLED,DISABLED,UNAVAILABLE,DISABLED,28.1510868370533,10.943430262850598,39.31413161102682
23,69,0.006875638384371996,3.5366567772143753e-06,0.06416672468185425,-0.03204345703125,1.7683283886071877e-06,0.032083362340927124,-0.016021728515625,0.022939041256904602,32,False,UNAVAILABLE,DISABLED,DISABLED,DISABLED,UNAVAILABLE,DISABLED,28.1510868370533,10.943430262850598,39.31413161102682
23,70,0.007075957953929901,4.826976692129392e-06,0.07710456848144531,-0.10274261236190796,2.413488346064696e-06,0.038552284240722656,-0.05137130618095398,-0.005740649998188019,32,False,UNAVAILABLE,DISABLED,DISABLED,DISABLED,UNAVAILABLE,DISABLED,28.1510868370533,10.943430262850598,39.31413161102682
23,71,0.006365882698446512,3.7983229503879556e-06,0.07664144039154053,-0.043739914894104004,1.8991614751939778e-06,0.038320720195770264,-0.021869957447052002,0.022818543016910553,32,False,UNAVAILABLE,DISABLED,DISABLED,DISABLED,UNAVAILABLE,DISABLED,28.1510868370533,10.943430262850598,39.31413161102682
23,72,0.09154734760522842,4.826673830393702e-06,0.07399386167526245,-0.030987262725830078,2.413336915196851e-06,0.036996930837631226,-0.015493631362915039,0.11305305361747742,32,False,UNAVAILABLE,DISABLED,DISABLED,DISABLED,UNAVAILABLE,DISABLED,28.1510868370533,10.943430262850598,39.31413161102682
23,73,0.003026258898898959,6.5474641814944334e-06,0.09130728244781494,-0.00716710090637207,3.2737320907472167e-06,0.04565364122390747,-0.003583550453186035,0.04509962350130081,32,False,UNAVAILABLE,DISABLED,DISABLED,DISABLED,UNAVAILABLE,DISABLED,28.1510868370533,10.943430262850598,39.31413161102682
23,74,0.010636824183166027,3.2815510166983586e-06,0.057185471057891846,-0.018742024898529053,1.6407755083491793e-06,0.028592735528945923,-0.009371012449264526,0.02986018732190132,32,False,UNAVAILABLE,DISABLED,DISABLED,DISABLED,UNAVAILABLE,DISABLED,28.1510868370533,10.943430262850598,39.31413161102682
23,75,0.004488429985940456,8.494195753883105e-06,0.15177643299102783,-0.14107447862625122,4.247097876941552e-06,0.07588821649551392,-0.07053723931312561,0.009843654930591583,32,False,UNAVAILABLE,DISABLED,DISABLED,DISABLED,UNAVAILABLE,DISABLED,28.1510868370533,10.943430262850598,39.31413161102682
23,76,0.0023208726197481155,3.3228452593903057e-06,0.04313766956329346,-0.053439557552337646,1.6614226296951529e-06,0.02156883478164673,-0.026719778776168823,-0.002828409895300865,32,False,UNAVAILABLE,DISABLED,DISABLED,DISABLED,UNAVAILABLE,DISABLED,28.1510868370533,10.943430262850598,39.31413161102682
23,77,0.0007356380810961127,3.247001359341084e-06,0.0540308952331543,-0.02272045612335205,1.623500679670542e-06,0.02701544761657715,-0.011360228061676025,0.016392480581998825,32,False,UNAVAILABLE,DISABLED,DISABLED,DISABLED,UNAVAILABLE,DISABLED,28.1510868370533,10.943430262850598,39.31413161102682
23,78,0.0021779779344797134,4.493545475270366e-06,0.06827974319458008,-0.014950037002563477,2.246772737635183e-06,0.03413987159729004,-0.007475018501281738,0.028845079243183136,32,False,UNAVAILABLE,DISABLED,DISABLED,DISABLED,UNAVAILABLE,DISABLED,28.1510868370533,10.943430262850598,39.31413161102682
23,79,0.008871993981301785,3.0199717002687976e-06,0.05170714855194092,-0.02895212173461914,1.5099858501343988e-06,0.02585357427597046,-0.01447606086730957,0.020251017063856125,32,False,UNAVAILABLE,DISABLED,DISABLED,DISABLED,UNAVAILABLE,DISABLED,28.1510868370533,10.943430262850598,39.31413161102682
23,80,0.0009399346890859306,5.764457455370575e-06,0.07467883825302124,-0.03467434644699097,2.8822287276852876e-06,0.03733941912651062,-0.017337173223495483,0.02094506099820137,32,False,UNAVAILABLE,DISABLED,DISABLED,DISABLED,UNAVAILABLE,DISABLED,28.1510868370533,10.943430262850598,39.31413161102682
23,81,0.000631611212156713,3.4436666282999795e-06,0.042384982109069824,-0.026879727840423584,1.7218333141499897e-06,0.021192491054534912,-0.013439863920211792,0.008385960012674332,32,False,UNAVAILABLE,DISABLED,DISABLED,DISABLED,UNAVAILABLE,DISABLED,28.1510868370533,10.943430262850598,39.31413161102682
23,82,0.0005318938638083637,3.931239007215481e-06,0.05586796998977661,0.00046056509017944336,1.9656195036077406e-06,0.027933984994888306,0.00023028254508972168,0.02869812771677971,32,False,UNAVAILABLE,DISABLED,DISABLED,DISABLED,UNAVAILABLE,DISABLED,28.1510868370533,10.943430262850598,39.31413161102682
23,83,0.0005433842889033258,3.6530984743876616e-06,0.04156482219696045,0.021567940711975098,1.8265492371938308e-06,0.020782411098480225,0.010783970355987549,0.03211159259080887,32,False,UNAVAILABLE,DISABLED,DISABLED,DISABLED,UNAVAILABLE,DISABLED,28.1510868370533,10.943430262850598,39.31413161102682
23,84,0.001222005346789956,2.651586555657559e-06,0.0481492280960083,-0.02046257257461548,1.3257932778287795e-06,0.02407461404800415,-0.01023128628730774,0.015066659078001976,32,False,UNAVAILABLE,DISABLED,DISABLED,DISABLED,UNAVAILABLE,DISABLED,28.1510868370533,10.943430262850598,39.31413161102682
23,85,0.00854017399251461,3.680112286019721e-06,0.044766902923583984,-0.01740396022796631,1.8400561430098605e-06,0.022383451461791992,-0.008701980113983154,0.02222348563373089,32,False,UNAVAILABLE,DISABLED,DISABLED,DISABLED,UNAVAILABLE,DISABLED,28.1510868370533,10.943430262850598,39.31413161102682
23,86,0.0017640183214098215,2.962326107081026e-06,0.06709402799606323,-0.006960749626159668,1.481163053540513e-06,0.033547013998031616,-0.003480374813079834,0.03183213993906975,32,False,UNAVAILABLE,DISABLED,DISABLED,DISABLED,UNAVAILABLE,DISABLED,28.1510868370533,10.943430262850598,39.31413161102682
23,87,0.0027056969702243805,2.7678522656060522e-06,0.03786182403564453,0.003306150436401367,1.3839261328030261e-06,0.018930912017822266,0.0016530752182006836,0.02329106815159321,32,False,UNAVAILABLE,DISABLED,DISABLED,DISABLED,UNAVAILABLE,DISABLED,28.1510868370533,10.943430262850598,39.31413161102682
23,88,0.0017281263135373592,3.492694304441102e-06,0.06731998920440674,-0.02109372615814209,1.746347152220551e-06,0.03365999460220337,-0.010546863079071045,0.0248430036008358,32,False,UNAVAILABLE,DISABLED,DISABLED,DISABLED,UNAVAILABLE,DISABLED,28.1510868370533,10.943430262850598,39.31413161102682
23,89,0.14861607551574707,2.383851779086399e-06,0.03697812557220459,-0.013630270957946777,1.1919258895431994e-06,0.018489062786102295,-0.006815135478973389,0.16029119491577148,32,False,UNAVAILABLE,DISABLED,DISABLED,DISABLED,UNAVAILABLE,DISABLED,28.1510868370533,10.943430262850598,39.31413161102682
23,90,0.0009466541232541203,3.478305416138028e-06,0.06575220823287964,-0.009289681911468506,1.739152708069014e-06,0.03287610411643982,-0.004644840955734253,0.029179655015468597,32,False,UNAVAILABLE,DISABLED,DISABLED,DISABLED,UNAVAILABLE,DISABLED,28.1510868370533,10.943430262850598,39.31413161102682
23,91,0.006097635719925165,2.471058678565896e-06,0.043324172496795654,-0.02280724048614502,1.235529339282948e-06,0.021662086248397827,-0.01140362024307251,0.016357336193323135,32,False,UNAVAILABLE,DISABLED,DISABLED,DISABLED,UNAVAILABLE,DISABLED,28.1510868370533,10.943430262850598,39.31413161102682
23,92,0.0025676130317151546,2.451001137160347e-06,0.03612565994262695,0.011626601219177246,1.2255005685801734e-06,0.018062829971313477,0.005813300609588623,0.026444969698786736,32,False,UNAVAILABLE,DISABLED,DISABLED,DISABLED,UNAVAILABLE,DISABLED,28.1510868370533,10.943430262850598,39.31413161102682
23,93,0.0012200750643387437,3.2636235118843615e-06,0.04986286163330078,0.019629836082458496,1.6318117559421808e-06,0.02493143081665039,0.009814918041229248,0.03596805781126022,32,False,UNAVAILABLE,DISABLED,DISABLED,DISABLED,UNAVAILABLE,DISABLED,28.1510868370533,10.943430262850598,39.31413161102682
23,94,0.0019614570774137974,3.2483703762409277e-06,0.06243807077407837,0.014365315437316895,1.6241851881204639e-06,0.031219035387039185,0.007182657718658447,0.04036477580666542,32,False,UNAVAILABLE,DISABLED,DISABLED,DISABLED,UNAVAILABLE,DISABLED,28.1510868370533,10.943430262850598,39.31413161102682
23,95,0.0018984749913215637,4.162267487117788e-06,0.12412655353546143,0.06103932857513428,2.081133743558894e-06,0.06206327676773071,0.03051966428756714,0.09448349475860596,32,False,UNAVAILABLE,DISABLED,DISABLED,DISABLED,UNAVAILABLE,DISABLED,28.1510868370533,10.943430262850598,39.31413161102682
23,96,0.005282820202410221,3.106111762463115e-06,0.05968284606933594,0.038467198610305786,1.5530558812315576e-06,0.02984142303466797,0.019233599305152893,0.05435939505696297,32,False,UNAVAILABLE,DISABLED,DISABLED,DISABLED,UNAVAILABLE,DISABLED,28.1510868370533,10.943430262850598,39.31413161102682
23,97,0.0016808954533189535,1.8575840385892661e-06,0.035422325134277344,0.0367560088634491,9.287920192946331e-07,0.017711162567138672,0.01837800443172455,0.037770990282297134,32,False,UNAVAILABLE,DISABLED,DISABLED,DISABLED,UNAVAILABLE,DISABLED,28.1510868370533,10.943430262850598,39.31413161102682
23,98,0.002478811191394925,3.411527131902403e-06,0.04057323932647705,0.0009135007858276367,1.7057635659512016e-06,0.020286619663238525,0.00045675039291381836,0.023223886266350746,32,False,UNAVAILABLE,DISABLED,DISABLED,DISABLED,UNAVAILABLE,DISABLED,28.1510868370533,10.943430262850598,39.31413161102682
23,99,0.003378605470061302,2.3053480617818423e-06,0.04779648780822754,0.044895708560943604,1.1526740308909211e-06,0.02389824390411377,0.022447854280471802,0.04972585663199425,32,False,UNAVAILABLE,DISABLED,DISABLED,DISABLED,UNAVAILABLE,DISABLED,28.1510868370533,10.943430262850598,39.31413161102682
23,100,0.008551509119570255,2.9001048460486345e-06,0.04249882698059082,0.023299962282180786,1.4500524230243172e-06,0.02124941349029541,0.011649981141090393,0.041452355682849884,32,False,UNAVAILABLE,DISABLED,DISABLED,DISABLED,UNAVAILABLE,DISABLED,28.1510868370533,10.943430262850598,39.31413161102682
24,1,0.0014674518024548888,2.5268000172218308e-06,0.04168426990509033,0.010259799659252167,1.2634000086109154e-06,0.020842134952545166,0.005129899829626083,0.02744074910879135,32,False,UNAVAILABLE,DISABLED,DISABLED,DISABLED,UNAVAILABLE,DISABLED,28.49271268583834,9.813007025048137,38.52288451977074
24,2,0.00044435125892050564,3.335701876494568e-06,0.062012672424316406,-0.005797740072011948,1.667850938247284e-06,0.031006336212158203,-0.002898870036005974,0.02855348400771618,32,False,UNAVAILABLE,DISABLED,DISABLED,DISABLED,UNAVAILABLE,DISABLED,28.49271268583834,9.813007025048137,38.52288451977074
24,3,0.0006381033454090357,2.9953096145618474e-06,0.03868365287780762,-0.029166553169488907,1.4976548072809237e-06,0.01934182643890381,-0.014583276584744453,0.005398150533437729,32,False,UNAVAILABLE,DISABLED,DISABLED,DISABLED,UNAVAILABLE,DISABLED,28.49271268583834,9.813007025048137,38.52288451977074
24,4,0.0006713345646858215,3.8191251405805815e-06,0.038243889808654785,-0.019603285938501358,1.9095625702902908e-06,0.019121944904327393,-0.009801642969250679,0.009993545711040497,32,False,UNAVAILABLE,DISABLED,DISABLED,DISABLED,UNAVAILABLE,DISABLED,28.49271268583834,9.813007025048137,38.52288451977074
24,5,0.001209175679832697,3.632419975474477e-06,0.039005160331726074,-0.04182837903499603,1.8162099877372384e-06,0.019502580165863037,-0.020914189517498016,-0.00020061805844306946,32,False,UNAVAILABLE,DISABLED,DISABLED,DISABLED,UNAVAILABLE,DISABLED,28.49271268583834,9.813007025048137,38.52288451977074
24,6,0.0004655663506127894,4.040608928335132e-06,0.04057580232620239,-0.004472808912396431,2.020304464167566e-06,0.020287901163101196,-0.0022364044561982155,0.0185190849006176,32,False,UNAVAILABLE,DISABLED,DISABLED,DISABLED,UNAVAILABLE,DISABLED,28.49271268583834,9.813007025048137,38.52288451977074
24,7,0.0029020507354289293,2.486459152351017e-06,0.031887173652648926,-0.039152517914772034,1.2432295761755086e-06,0.015943586826324463,-0.019576258957386017,-0.0007293783128261566,32,False,UNAVAILABLE,DISABLED,DISABLED,DISABLED,UNAVAILABLE,DISABLED,28.49271268583834,9.813007025048137,38.52288451977074
24,8,0.0008672976982779801,3.5067455428361427e-06,0.04930645227432251,-0.03985108435153961,1.7533727714180714e-06,0.024653226137161255,-0.019925542175769806,0.005596734583377838,32,False,UNAVAILABLE,DISABLED,DISABLED,DISABLED,UNAVAILABLE,DISABLED,28.49271268583834,9.813007025048137,38.52288451977074
24,9,0.19894467294216156,5.676586170011433e-06,0.05719029903411865,-0.07163786888122559,2.8382930850057164e-06,0.028595149517059326,-0.03581893444061279,0.19172371923923492,32,False,UNAVAILABLE,DISABLED,DISABLED,DISABLED,UNAVAILABLE,DISABLED,28.49271268583834,9.813007025048137,38.52288451977074
24,10,0.0020901577081531286,2.510615331630106e-06,0.046002209186553955,-0.0961422398686409,1.255307665815053e-06,0.023001104593276978,-0.04807111993432045,-0.02297860197722912,32,False,UNAVAILABLE,DISABLED,DISABLED,DISABLED,UNAVAILABLE,DISABLED,28.49271268583834,9.813007025048137,38.52288451977074
24,11,0.01263762079179287,3.8288258110696916e-06,0.05129694938659668,-0.07866869121789932,1.9144129055348458e-06,0.02564847469329834,-0.03933434560894966,-0.0010463334619998932,32,False,UNAVAILABLE,DISABLED,DISABLED,DISABLED,UNAVAILABLE,DISABLED,28.49271268583834,9.813007025048137,38.52288451977074
24,12,0.0008924000430852175,4.188035745755769e-06,0.06359338760375977,-0.11310546100139618,2.0940178728778847e-06,0.03179669380187988,-0.05655273050069809,-0.023861542344093323,32,False,UNAVAILABLE,DISABLED,DISABLED,DISABLED,UNAVAILABLE,DISABLED,28.49271268583834,9.813007025048137,38.52288451977074
24,13,0.0015975888818502426,4.4684752538159955e-06,0.05130892992019653,-0.09444268047809601,2.2342376269079978e-06,0.025654464960098267,-0.047221340239048004,-0.019967053085565567,32,False,UNAVAILABLE,DISABLED,DISABLED,DISABLED,UNAVAILABLE,DISABLED,28.49271268583834,9.813007025048137,38.52288451977074
24,14,0.0007194575155153871,4.752973836730234e-06,0.05975764989852905,-0.0837557315826416,2.376486918365117e-06,0.029878824949264526,-0.0418778657913208,-0.011277206242084503,32,False,UNAVAILABLE,DISABLED,DISABLED,DISABLED,UNAVAILABLE,DISABLED,28.49271268583834,9.813007025048137,38.52288451977074
24,15,0.0018833349458873272,2.9928908134024823e-06,0.045011699199676514,-0.07749002426862717,1.4964454067012412e-06,0.022505849599838257,-0.03874501213431358,-0.01435433141887188,32,False,UNAVAILABLE,DISABLED,DISABLED,DISABLED,UNAVAILABLE,DISABLED,28.49271268583834,9.813007025048137,38.52288451977074
24,16,0.004443958401679993,4.338431153882993e-06,0.06275409460067749,-0.11535333842039108,2.1692155769414967e-06,0.031377047300338745,-0.05767666921019554,-0.0218534953892231,32,False,UNAVAILABLE,DISABLED,DISABLED,DISABLED,UNAVAILABLE,DISABLED,28.49271268583834,9.813007025048137,38.52288451977074
24,17,0.0026000903453677893,2.906519512180239e-06,0.040496230125427246,-0.08729247748851776,1.4532597560901195e-06,0.020248115062713623,-0.04364623874425888,-0.020796580240130424,32,False,UNAVAILABLE,DISABLED,DISABLED,DISABLED,UNAVAILABLE,DISABLED,28.49271268583834,9.813007025048137,38.52288451977074
24,18,0.0009201312204822898,4.437094503373373e-06,0.11147934198379517,-0.18631580471992493,2.2185472516866866e-06,0.05573967099189758,-0.09315790235996246,-0.0364958830177784,32,False,UNAVAILABLE,DISABLED,DISABLED,DISABLED,UNAVAILABLE,DISABLED,28.49271268583834,9.813007025048137,38.52288451977074
24,19,0.0017907357541844249,3.1765039238962345e-06,0.04580950736999512,-0.10612434148788452,1.5882519619481172e-06,0.02290475368499756,-0.05306217074394226,-0.02836509235203266,32,False,UNAVAILABLE,DISABLED,DISABLED,DISABLED,UNAVAILABLE,DISABLED,28.49271268583834,9.813007025048137,38.52288451977074
24,20,0.001973422709852457,5.7398638091399334e-06,0.049210429191589355,-0.0864986926317215,2.8699319045699667e-06,0.024605214595794678,-0.04324934631586075,-0.016667839139699936,32,False,UNAVAILABLE,DISABLED,DISABLED,DISABLED,UNAVAILABLE,DISABLED,28.49271268583834,9.813007025048137,38.52288451977074
24,21,0.23791798949241638,3.122263706245576e-06,0.05323386192321777,-0.12743450701236725,1.561131853122788e-06,0.026616930961608887,-0.06371725350618362,0.2008192539215088,32,False,UNAVAILABLE,DISABLED,DISABLED,DISABLED,UNAVAILABLE,DISABLED,28.49271268583834,9.813007025048137,38.52288451977074
24,22,0.0016743273008614779,3.087241339017055e-06,0.03364109992980957,-0.06584835797548294,1.5436206695085275e-06,0.016820549964904785,-0.03292417898774147,-0.014427758753299713,32,False,UNAVAILABLE,DISABLED,DISABLED,DISABLED,UNAVAILABLE,DISABLED,28.49271268583834,9.813007025048137,38.52288451977074
24,23,0.0041977702639997005,2.908487886088551e-06,0.06040316820144653,-0.15914544463157654,1.4542439430442755e-06,0.030201584100723267,-0.07957272231578827,-0.045171912759542465,32,False,UNAVAILABLE,DISABLED,DISABLED,DISABLED,UNAVAILABLE,DISABLED,28.49271268583834,9.813007025048137,38.52288451977074
24,24,0.0011206342605873942,5.454490292322589e-06,0.14042943716049194,-0.21802496910095215,2.7272451461612945e-06,0.07021471858024597,-0.10901248455047607,-0.03767440468072891,32,False,UNAVAILABLE,DISABLED,DISABLED,DISABLED,UNAVAILABLE,DISABLED,28.49271268583834,9.813007025048137,38.52288451977074
24,25,0.0023076734505593777,3.467251190159004e-06,0.07704770565032959,-0.15951114892959595,1.733625595079502e-06,0.038523852825164795,-0.07975557446479797,-0.03892231360077858,32,False,UNAVAILABLE,DISABLED,DISABLED,DISABLED,UNAVAILABLE,DISABLED,28.49271268583834,9.813007025048137,38.52288451977074
24,26,0.0038396308664232492,4.207102392683737e-06,0.08651596307754517,-0.16237831115722656,2.1035511963418685e-06,0.04325798153877258,-0.08118915557861328,-0.03408943861722946,32,False,UNAVAILABLE,DISABLED,DISABLED,DISABLED,UNAVAILABLE,DISABLED,28.49271268583834,9.813007025048137,38.52288451977074
24,27,0.3100206255912781,2.942131914096535e-06,0.06159782409667969,-0.16472552716732025,1.4710659570482676e-06,0.030798912048339844,-0.08236276358366013,0.2584582269191742,32,False,UNAVAILABLE,DISABLED,DISABLED,DISABLED,UNAVAILABLE,DISABLED,28.49271268583834,9.813007025048137,38.52288451977074
24,28,0.0030364617705345154,2.517404709578841e-06,0.06962788105010986,-0.13458693027496338,1.2587023547894205e-06,0.03481394052505493,-0.06729346513748169,-0.029441803693771362,32,False,UNAVAILABLE,DISABLED,DISABLED,DISABLED,UNAVAILABLE,DISABLED,28.49271268583834,9.813007025048137,38.52288451977074
24,29,0.0010373543482273817,3.653012072390993e-06,0.05476975440979004,-0.13845285773277283,1.8265060361954966e-06,0.02738487720489502,-0.06922642886638641,-0.04080237075686455,32,False,UNAVAILABLE,DISABLED,DISABLED,DISABLED,UNAVAILABLE,DISABLED,28.49271268583834,9.813007025048137,38.52288451977074
24,30,0.0009241061634384096,4.70803888674709e-06,0.10632055997848511,-0.10895351320505142,2.354019443373545e-06,0.053160279989242554,-0.05447675660252571,-0.00039001554250717163,32,False,UNAVAILABLE,DISABLED,DISABLED,DISABLED,UNAVAILABLE,DISABLED,28.49271268583834,9.813007025048137,38.52288451977074
24,31,0.0018347600707784295,3.800184686042485e-06,0.06322133541107178,-0.1538195013999939,1.9000923430212424e-06,0.03161066770553589,-0.07690975069999695,-0.043462421745061874,32,False,UNAVAILABLE,DISABLED,DISABLED,DISABLED,UNAVAILABLE,DISABLED,28.49271268583834,9.813007025048137,38.52288451977074
24,32,0.001531907357275486,3.15236547976383e-06,0.1000138521194458,-0.14608998596668243,1.576182739881915e-06,0.0500069260597229,-0.07304499298334122,-0.021504584699869156,32,False,UNAVAILABLE,DISABLED,DISABLED,DISABLED,UNAVAILABLE,DISABLED,28.49271268583834,9.813007025048137,38.52288451977074
24,33,0.002131399931386113,6.402196959243156e-06,0.1937296986579895,-0.18713945150375366,3.201098479621578e-06,0.09686484932899475,-0.09356972575187683,0.005429722368717194,32,False,UNAVAILABLE,DISABLED,DISABLED,DISABLED,UNAVAILABLE,DISABLED,28.49271268583834,9.813007025048137,38.52288451977074
24,34,0.0008470821776427329,3.4722754662652733e-06,0.09444469213485718,-0.1518031656742096,1.7361377331326366e-06,0.04722234606742859,-0.0759015828371048,-0.027830418199300766,32,False,UNAVAILABLE,DISABLED,DISABLED,DISABLED,UNAVAILABLE,DISABLED,28.49271268583834,9.813007025048137,38.52288451977074
24,35,0.0014288040110841393,4.224161330057541e-06,0.07187479734420776,-0.11161355674266815,2.1120806650287705e-06,0.03593739867210388,-0.055806778371334076,-0.018438462167978287,32,False,UNAVAILABLE,DISABLED,DISABLED,DISABLED,UNAVAILABLE,DISABLED,28.49271268583834,9.813007025048137,38.52288451977074
24,36,0.0022428245283663273,3.7470874758582795e-06,0.09805577993392944,-0.15382793545722961,1.8735437379291398e-06,0.04902788996696472,-0.07691396772861481,-0.02564137801527977,32,False,UNAVAILABLE,DISABLED,DISABLED,DISABLED,UNAVAILABLE,DISABLED,28.49271268583834,9.813007025048137,38.52288451977074
24,37,0.0013053346192464232,3.158178742523887e-06,0.061479806900024414,-0.11592386662960052,1.5790893712619436e-06,0.030739903450012207,-0.05796193331480026,-0.02591511607170105,32,False,UNAVAILABLE,DISABLED,DISABLED,DISABLED,UNAVAILABLE,DISABLED,28.49271268583834,9.813007025048137,38.52288451977074
24,38,0.0009817308746278286,4.178252765996149e-06,0.13214993476867676,-0.1494055539369583,2.0891263829980744e-06,0.06607496738433838,-0.07470277696847916,-0.007643990218639374,32,False,UNAVAILABLE,DISABLED,DISABLED,DISABLED,UNAVAILABLE,DISABLED,28.49271268583834,9.813007025048137,38.52288451977074
24,39,0.0014142284635454416,3.029372919627349e-06,0.07458913326263428,-0.12281834334135056,1.5146864598136744e-06,0.03729456663131714,-0.06140917167067528,-0.022698860615491867,32,False,UNAVAILABLE,DISABLED,DISABLED,DISABLED,UNAVAILABLE,DISABLED,28.49271268583834,9.813007025048137,38.52288451977074
24,40,0.0010514747118577361,3.061565166717628e-06,0.10356658697128296,-0.15217700600624084,1.530782583358814e-06,0.05178329348564148,-0.07608850300312042,-0.023252204060554504,32,False,UNAVAILABLE,DISABLED,DISABLED,DISABLED,UNAVAILABLE,DISABLED,28.49271268583834,9.813007025048137,38.52288451977074
24,41,0.0011406972771510482,4.455596808838891e-06,0.13975489139556885,-0.15181609988212585,2.2277984044194454e-06,0.06987744569778442,-0.07590804994106293,-0.004887677729129791,32,False,UNAVAILABLE,DISABLED,DISABLED,DISABLED,UNAVAILABLE,DISABLED,28.49271268583834,9.813007025048137,38.52288451977074
24,42,0.0011417639907449484,3.718371544891852e-06,0.08452260494232178,-0.12438679486513138,1.859185772445926e-06,0.04226130247116089,-0.06219339743256569,-0.018788471817970276,32,False,UNAVAILABLE,DISABLED,DISABLED,DISABLED,UNAVAILABLE,DISABLED,28.49271268583834,9.813007025048137,38.52288451977074
24,43,0.0007619282696396112,4.249932771926979e-06,0.10939645767211914,-0.12879584729671478,2.1249663859634893e-06,0.05469822883605957,-0.06439792364835739,-0.008935641497373581,32,False,UNAVAILABLE,DISABLED,DISABLED,DISABLED,UNAVAILABLE,DISABLED,28.49271268583834,9.813007025048137,38.52288451977074
24,44,0.0008241330506280065,3.323361397633562e-06,0.09360736608505249,-0.08412985503673553,1.661680698816781e-06,0.046803683042526245,-0.04206492751836777,0.005564551800489426,32,False,UNAVAILABLE,DISABLED,DISABLED,DISABLED,UNAVAILABLE,DISABLED,28.49271268583834,9.813007025048137,38.52288451977074
24,45,0.0006794734508730471,2.8612300866370788e-06,0.07153517007827759,-0.08524833619594574,1.4306150433185394e-06,0.035767585039138794,-0.04262416809797287,-0.006175678223371506,32,False,UNAVAILABLE,DISABLED,DISABLED,DISABLED,UNAVAILABLE,DISABLED,28.49271268583834,9.813007025048137,38.52288451977074
24,46,0.0017407863633707166,3.921297775377752e-06,0.09575825929641724,-0.10798913985490799,1.960648887688876e-06,0.04787912964820862,-0.053994569927453995,-0.004372693598270416,32,False,UNAVAILABLE,DISABLED,DISABLED,DISABLED,UNAVAILABLE,DISABLED,28.49271268583834,9.813007025048137,38.52288451977074
24,47,0.0010957017075270414,3.5944226510764565e-06,0.06467992067337036,-0.08523787558078766,1.7972113255382283e-06,0.03233996033668518,-0.04261893779039383,-0.009181477129459381,32,False,UNAVAILABLE,DISABLED,DISABLED,DISABLED,UNAVAILABLE,DISABLED,28.49271268583834,9.813007025048137,38.52288451977074
24,48,0.0008873234619386494,4.042808996018721e-06,0.12828397750854492,-0.11159532517194748,2.0214044980093604e-06,0.06414198875427246,-0.05579766258597374,0.009233672171831131,32,False,UNAVAILABLE,DISABLED,DISABLED,DISABLED,UNAVAILABLE,DISABLED,28.49271268583834,9.813007025048137,38.52288451977074
24,49,0.002267140429466963,6.230799044715241e-06,0.2172601819038391,-0.14636211097240448,3.1153995223576203e-06,0.10863009095191956,-0.07318105548620224,0.03771929442882538,32,False,UNAVAILABLE,DISABLED,DISABLED,DISABLED,UNAVAILABLE,DISABLED,28.49271268583834,9.813007025048137,38.52288451977074
24,50,0.0013616960495710373,2.8560143618960865e-06,0.05749255418777466,-0.08350467681884766,1.4280071809480432e-06,0.02874627709388733,-0.04175233840942383,-0.011642936617136002,32,False,UNAVAILABLE,DISABLED,DISABLED,DISABLED,UNAVAILABLE,DISABLED,28.49271268583834,9.813007025048137,38.52288451977074
24,51,0.011954118497669697,2.794159399854834e-06,0.0790284276008606,-0.08448353409767151,1.397079699927417e-06,0.0395142138004303,-0.042241767048835754,0.009227961301803589,32,False,UNAVAILABLE,DISABLED,DISABLED,DISABLED,UNAVAILABLE,DISABLED,28.49271268583834,9.813007025048137,38.52288451977074
24,52,0.000798006949480623,3.173117420374183e-06,0.10463523864746094,-0.11586705595254898,1.5865587101870915e-06,0.05231761932373047,-0.05793352797627449,-0.004816316068172455,32,False,UNAVAILABLE,DISABLED,DISABLED,DISABLED,UNAVAILABLE,DISABLED,28.49271268583834,9.813007025048137,38.52288451977074
24,53,0.0005831032176502049,2.917119445555727e-06,0.09044009447097778,-0.06900372356176376,1.4585597227778635e-06,0.04522004723548889,-0.03450186178088188,0.011302746832370758,32,False,UNAVAILABLE,DISABLED,DISABLED,DISABLED,UNAVAILABLE,DISABLED,28.49271268583834,9.813007025048137,38.52288451977074
24,54,0.0025064239744096994,3.007199893545476e-06,0.12421202659606934,-0.10509666800498962,1.503599946772738e-06,0.06210601329803467,-0.05254833400249481,0.012065604329109192,32,False,UNAVAILABLE,DISABLED,DISABLED,DISABLED,UNAVAILABLE,DISABLED,28.49271268583834,9.813007025048137,38.52288451977074
24,55,0.0014335078885778785,4.897821781923994e-06,0.13630664348602295,-0.1129852831363678,2.448910890961997e-06,0.06815332174301147,-0.0564926415681839,0.013096638023853302,32,False,UNAVAILABLE,DISABLED,DISABLED,DISABLED,UNAVAILABLE,DISABLED,28.49271268583834,9.813007025048137,38.52288451977074
24,56,0.0012010083300992846,3.51319499714009e-06,0.08901810646057129,-0.08127211779356003,1.756597498570045e-06,0.044509053230285645,-0.040636058896780014,0.005075760185718536,32,False,UNAVAILABLE,DISABLED,DISABLED,DISABLED,UNAVAILABLE,DISABLED,28.49271268583834,9.813007025048137,38.52288451977074
24,57,0.001766508910804987,2.8891590773127973e-06,0.05998152494430542,-0.06375618278980255,1.4445795386563987e-06,0.02999076247215271,-0.031878091394901276,-0.00011937692761421204,32,False,UNAVAILABLE,DISABLED,DISABLED,DISABLED,UNAVAILABLE,DISABLED,28.49271268583834,9.813007025048137,38.52288451977074
24,58,0.0007448880933225155,5.360152954381192e-06,0.08499354124069214,-0.02444663643836975,2.680076477190596e-06,0.04249677062034607,-0.012223318219184875,0.03102102130651474,32,False,UNAVAILABLE,DISABLED,DISABLED,DISABLED,UNAVAILABLE,DISABLED,28.49271268583834,9.813007025048137,38.52288451977074
24,59,0.19063131511211395,3.4541917557362467e-06,0.08783906698226929,-0.0737394466996193,1.7270958778681234e-06,0.043919533491134644,-0.03686972334980965,0.19768285751342773,32,False,UNAVAILABLE,DISABLED,DISABLED,DISABLED,UNAVAILABLE,DISABLED,28.49271268583834,9.813007025048137,38.52288451977074
24,60,0.0012662502704188228,2.098630830005277e-06,0.062375664710998535,-0.06480319797992706,1.0493154150026385e-06,0.031187832355499268,-0.03240159898996353,5.3532421588897705e-05,32,False,UNAVAILABLE,DISABLED,DISABLED,DISABLED,UNAVAILABLE,DISABLED,28.49271268583834,9.813007025048137,38.52288451977074
24,61,0.0010119854705408216,2.0461809526750585e-06,0.05605208873748779,-0.03877989575266838,1.0230904763375293e-06,0.028026044368743896,-0.01938994787633419,0.009649105370044708,32,False,UNAVAILABLE,DISABLED,DISABLED,DISABLED,UNAVAILABLE,DISABLED,28.49271268583834,9.813007025048137,38.52288451977074
24,62,0.000879933824762702,3.380416274012532e-06,0.11287951469421387,-0.08478236943483353,1.690208137006266e-06,0.056439757347106934,-0.04239118471741676,0.014930196106433868,32,False,UNAVAILABLE,DISABLED,DISABLED,DISABLED,UNAVAILABLE,DISABLED,28.49271268583834,9.813007025048137,38.52288451977074
24,63,0.0010728741763159633,3.970257239416242e-06,0.10862231254577637,-0.08129634708166122,1.985128619708121e-06,0.054311156272888184,-0.04064817354083061,0.014737840741872787,32,False,UNAVAILABLE,DISABLED,DISABLED,DISABLED,UNAVAILABLE,DISABLED,28.49271268583834,9.813007025048137,38.52288451977074
24,64,0.0008607733179815114,4.199346676614368e-06,0.0701034665107727,-0.02984919399023056,2.099673338307184e-06,0.03505173325538635,-0.01492459699511528,0.02099001035094261,32,False,UNAVAILABLE,DISABLED,DISABLED,DISABLED,UNAVAILABLE,DISABLED,28.49271268583834,9.813007025048137,38.52288451977074
24,65,0.12488208711147308,2.098946879414143e-06,0.07829487323760986,-0.04283786565065384,1.0494734397070715e-06,0.03914743661880493,-0.02141893282532692,0.14261165261268616,32,False,UNAVAILABLE,DISABLED,DISABLED,DISABLED,UNAVAILABLE,DISABLED,28.49271268583834,9.813007025048137,38.52288451977074
24,66,0.0008259032038040459,3.8083062463556416e-06,0.0966498851776123,-0.03417166322469711,1.9041531231778208e-06,0.04832494258880615,-0.017085831612348557,0.03206691890954971,32,False,UNAVAILABLE,DISABLED,DISABLED,DISABLED,UNAVAILABLE,DISABLED,28.49271268583834,9.813007025048137,38.52288451977074
24,67,0.001165270572528243,2.8262506930332165e-06,0.05765634775161743,-0.03750986605882645,1.4131253465166083e-06,0.028828173875808716,-0.018754933029413223,0.011239925399422646,32,False,UNAVAILABLE,DISABLED,DISABLED,DISABLED,UNAVAILABLE,DISABLED,28.49271268583834,9.813007025048137,38.52288451977074
24,68,0.0020524668507277966,3.3795242870837683e-06,0.05766218900680542,-0.018198374658823013,1.6897621435418841e-06,0.02883109450340271,-0.009099187329411507,0.02178606390953064,32,False,UNAVAILABLE,DISABLED,DISABLED,DISABLED,UNAVAILABLE,DISABLED,28.49271268583834,9.813007025048137,38.52288451977074
24,69,0.0013900790363550186,3.361604285601061e-06,0.10371178388595581,-0.0442473441362381,1.6808021428005304e-06,0.051855891942977905,-0.02212367206811905,0.03112398087978363,32,False,UNAVAILABLE,DISABLED,DISABLED,DISABLED,UNAVAILABLE,DISABLED,28.49271268583834,9.813007025048137,38.52288451977074
24,70,0.004602864850312471,3.1120789572014473e-06,0.1148843765258789,-0.05222877115011215,1.5560394786007237e-06,0.05744218826293945,-0.026114385575056076,0.03593222424387932,32,False,UNAVAILABLE,DISABLED,DISABLED,DISABLED,UNAVAILABLE,DISABLED,28.49271268583834,9.813007025048137,38.52288451977074
24,71,0.0014905983116477728,3.0984012937551597e-06,0.06226229667663574,-0.022158708423376083,1.5492006468775799e-06,0.03113114833831787,-0.011079354211688042,0.021543940529227257,32,False,UNAVAILABLE,DISABLED,DISABLED,DISABLED,UNAVAILABLE,DISABLED,28.49271268583834,9.813007025048137,38.52288451977074
24,72,0.0010354418773204088,2.4018827389227226e-06,0.05551952123641968,-0.041201841086149216,1.2009413694613613e-06,0.02775976061820984,-0.020600920543074608,0.008195482194423676,32,False,UNAVAILABLE,DISABLED,DISABLED,DISABLED,UNAVAILABLE,DISABLED,28.49271268583834,9.813007025048137,38.52288451977074
24,73,0.0010868284152820706,3.470851879683323e-06,0.0944623351097107,-0.025245066732168198,1.7354259398416616e-06,0.04723116755485535,-0.012622533366084099,0.035697199404239655,32,False,UNAVAILABLE,DISABLED,DISABLED,DISABLED,UNAVAILABLE,DISABLED,28.49271268583834,9.813007025048137,38.52288451977074
24,74,0.0018750660819932818,2.2716474177286727e-06,0.07338017225265503,-0.0029688943177461624,1.1358237088643364e-06,0.036690086126327515,-0.0014844471588730812,0.03708184137940407,32,False,UNAVAILABLE,DISABLED,DISABLED,DISABLED,UNAVAILABLE,DISABLED,28.49271268583834,9.813007025048137,38.52288451977074
24,75,0.002610771683976054,3.6782512324862182e-06,0.11056363582611084,-0.028418181464076042,1.8391256162431091e-06,0.05528181791305542,-0.014209090732038021,0.04368533566594124,32,False,UNAVAILABLE,DISABLED,DISABLED,DISABLED,UNAVAILABLE,DISABLED,28.49271268583834,9.813007025048137,38.52288451977074
24,76,0.0026960799004882574,4.377267032396048e-06,0.07836145162582397,0.019975271075963974,2.188633516198024e-06,0.03918072581291199,0.009987635537981987,0.05186662822961807,32,False,UNAVAILABLE,DISABLED,DISABLED,DISABLED,UNAVAILABLE,DISABLED,28.49271268583834,9.813007025048137,38.52288451977074
24,77,0.1994665414094925,2.497508376109181e-06,0.0386844277381897,-0.003933791071176529,1.2487541880545905e-06,0.01934221386909485,-0.0019668955355882645,0.2168431133031845,32,False,UNAVAILABLE,DISABLED,DISABLED,DISABLED,UNAVAILABLE,DISABLED,28.49271268583834,9.813007025048137,38.52288451977074
24,78,0.0012026795884594321,3.726222303157556e-06,0.08916616439819336,0.022397443652153015,1.863111151578778e-06,0.04458308219909668,0.011198721826076508,0.05698634684085846,32,False,UNAVAILABLE,DISABLED,DISABLED,DISABLED,UNAVAILABLE,DISABLED,28.49271268583834,9.813007025048137,38.52288451977074
24,79,0.05530644208192825,2.5284184630436357e-06,0.05272340774536133,0.024612564593553543,1.2642092315218179e-06,0.026361703872680664,0.012306282296776772,0.09397568553686142,32,False,UNAVAILABLE,DISABLED,DISABLED,DISABLED,UNAVAILABLE,DISABLED,28.49271268583834,9.813007025048137,38.52288451977074
24,80,0.0011376776965335011,3.746052470887662e-06,0.07741516828536987,0.02398134395480156,1.873026235443831e-06,0.038707584142684937,0.01199067197740078,0.05183780938386917,32,False,UNAVAILABLE,DISABLED,DISABLED,DISABLED,UNAVAILABLE,DISABLED,28.49271268583834,9.813007025048137,38.52288451977074
24,81,0.0015474966494366527,3.2389300486102e-06,0.06452208757400513,0.033658936619758606,1.6194650243051e-06,0.032261043787002563,0.016829468309879303,0.05063962936401367,32,False,UNAVAILABLE,DISABLED,DISABLED,DISABLED,UNAVAILABLE,DISABLED,28.49271268583834,9.813007025048137,38.52288451977074
24,82,0.0012284808326512575,2.9002269457123475e-06,0.04767650365829468,0.024259984493255615,1.4501134728561738e-06,0.02383825182914734,0.012129992246627808,0.03719817474484444,32,False,UNAVAILABLE,DISABLED,DISABLED,DISABLED,UNAVAILABLE,DISABLED,28.49271268583834,9.813007025048137,38.52288451977074
24,83,0.0017920173704624176,3.207150712114526e-06,0.050978660583496094,-0.00035131722688674927,1.603575356057263e-06,0.025489330291748047,-0.00017565861344337463,0.027107292786240578,32,False,UNAVAILABLE,DISABLED,DISABLED,DISABLED,UNAVAILABLE,DISABLED,28.49271268583834,9.813007025048137,38.52288451977074
24,84,0.0019409997621551156,2.049625436484348e-06,0.028861641883850098,0.04469553008675575,1.024812718242174e-06,0.014430820941925049,0.022347765043377876,0.03872060775756836,32,False,UNAVAILABLE,DISABLED,DISABLED,DISABLED,UNAVAILABLE,DISABLED,28.49271268583834,9.813007025048137,38.52288451977074
24,85,0.0013329297071322799,2.4774656139925355e-06,0.04708528518676758,0.04867054522037506,1.2387328069962678e-06,0.02354264259338379,0.02433527261018753,0.04921208322048187,32,False,UNAVAILABLE,DISABLED,DISABLED,DISABLED,UNAVAILABLE,DISABLED,28.49271268583834,9.813007025048137,38.52288451977074
24,86,0.020860567688941956,1.9839674223476322e-06,0.03907209634780884,0.05266529694199562,9.919837111738161e-07,0.01953604817390442,0.02633264847099781,0.06673025339841843,32,False,UNAVAILABLE,DISABLED,DISABLED,DISABLED,UNAVAILABLE,DISABLED,28.49271268583834,9.813007025048137,38.52288451977074
24,87,0.004114164970815182,2.1001023924327455e-06,0.033613622188568115,0.05360940098762512,1.0500511962163728e-06,0.016806811094284058,0.02680470049381256,0.04772672802209854,32,False,UNAVAILABLE,DISABLED,DISABLED,DISABLED,UNAVAILABLE,DISABLED,28.49271268583834,9.813007025048137,38.52288451977074
24,88,0.0013342115562409163,2.620747181936167e-06,0.04768937826156616,0.019596010446548462,1.3103735909680836e-06,0.02384468913078308,0.009798005223274231,0.034978218376636505,32,False,UNAVAILABLE,DISABLED,DISABLED,DISABLED,UNAVAILABLE,DISABLED,28.49271268583834,9.813007025048137,38.52288451977074
24,89,0.002731790067628026,1.9921640159736853e-06,0.03815138339996338,0.028974361717700958,9.960820079868427e-07,0.01907569169998169,0.014487180858850479,0.036295659840106964,32,False,UNAVAILABLE,DISABLED,DISABLED,DISABLED,UNAVAILABLE,DISABLED,28.49271268583834,9.813007025048137,38.52288451977074
24,90,0.001365557312965393,2.481296405676403e-06,0.06698298454284668,0.060041628777980804,1.2406482028382015e-06,0.03349149227142334,0.030020814388990402,0.06487910449504852,32,False,UNAVAILABLE,DISABLED,DISABLED,DISABLED,UNAVAILABLE,DISABLED,28.49271268583834,9.813007025048137,38.52288451977074
24,91,0.006241986528038979,2.1654846023011487e-06,0.028286874294281006,0.03376533091068268,1.0827423011505743e-06,0.014143437147140503,0.01688266545534134,0.037269171327352524,32,False,UNAVAILABLE,DISABLED,DISABLED,DISABLED,UNAVAILABLE,DISABLED,28.49271268583834,9.813007025048137,38.52288451977074
24,92,0.003498309524729848,1.7355133650198695e-06,0.032264113426208496,0.06000445783138275,8.677566825099348e-07,0.016132056713104248,0.030002228915691376,0.049633461982011795,32,False,UNAVAILABLE,DISABLED,DISABLED,DISABLED,UNAVAILABLE,DISABLED,28.49271268583834,9.813007025048137,38.52288451977074
24,93,0.002164710545912385,2.2035017082089325e-06,0.0308077335357666,0.06988850235939026,1.1017508541044663e-06,0.0154038667678833,0.03494425117969513,0.052513930946588516,32,False,UNAVAILABLE,DISABLED,DISABLED,DISABLED,UNAVAILABLE,DISABLED,28.49271268583834,9.813007025048137,38.52288451977074
24,94,0.002173778833821416,3.005342023243429e-06,0.05479705333709717,0.029764600098133087,1.5026710116217146e-06,0.027398526668548584,0.014882300049066544,0.044456109404563904,32,False,UNAVAILABLE,DISABLED,DISABLED,DISABLED,UNAVAILABLE,DISABLED,28.49271268583834,9.813007025048137,38.52288451977074
24,95,0.0011582158040255308,2.414981054243981e-06,0.09924811124801636,0.06460963189601898,1.2074905271219905e-06,0.04962405562400818,0.03230481594800949,0.08308829367160797,32,False,UNAVAILABLE,DISABLED,DISABLED,DISABLED,UNAVAILABLE,DISABLED,28.49271268583834,9.813007025048137,38.52288451977074
24,96,0.0013320695143193007,3.0744311061425833e-06,0.051422834396362305,0.09238427877426147,1.5372155530712917e-06,0.025711417198181152,0.04619213938713074,0.07323716580867767,32,False,UNAVAILABLE,DISABLED,DISABLED,DISABLED,UNAVAILABLE,DISABLED,28.49271268583834,9.813007025048137,38.52288451977074
24,97,0.0010317065753042698,1.6687278048266307e-06,0.023129284381866455,-0.004740983247756958,8.343639024133154e-07,0.011564642190933228,-0.002370491623878479,0.010226691141724586,32,False,UNAVAILABLE,DISABLED,DISABLED,DISABLED,UNAVAILABLE,DISABLED,28.49271268583834,9.813007025048137,38.52288451977074
24,98,0.0022915308363735676,4.109783731109928e-06,0.04462975263595581,-0.010067574679851532,2.054891865554964e-06,0.022314876317977905,-0.005033787339925766,0.01957467570900917,32,False,UNAVAILABLE,DISABLED,DISABLED,DISABLED,UNAVAILABLE,DISABLED,28.49271268583834,9.813007025048137,38.52288451977074
24,99,0.0014110930496826768,3.7130419059394626e-06,0.058536529541015625,0.05020725727081299,1.8565209529697313e-06,0.029268264770507812,0.025103628635406494,0.05578484386205673,32,False,UNAVAILABLE,DISABLED,DISABLED,DISABLED,UNAVAILABLE,DISABLED,28.49271268583834,9.813007025048137,38.52288451977074
24,100,0.006865382194519043,3.1567908536089817e-06,0.04787337779998779,0.052891649305820465,1.5783954268044909e-06,0.023936688899993896,0.026445824652910233,0.05724947527050972,32,False,UNAVAILABLE,DISABLED,DISABLED,DISABLED,UNAVAILABLE,DISABLED,28.49271268583834,9.813007025048137,38.52288451977074
25,1,0.0025272478815168142,2.253914090033504e-06,0.028319835662841797,-0.019631173461675644,1.126957045016752e-06,0.014159917831420898,-0.009815586730837822,0.006872706115245819,32,False,UNAVAILABLE,DISABLED,DISABLED,DISABLED,UNAVAILABLE,DISABLED,28.39087755046785,9.918289434164762,38.52475466951728
25,2,0.0005101930000819266,2.6122932013095124e-06,0.03808033466339111,-0.0195462629199028,1.3061466006547562e-06,0.019040167331695557,-0.0097731314599514,0.00977853499352932,32,False,UNAVAILABLE,DISABLED,DISABLED,DISABLED,UNAVAILABLE,DISABLED,28.39087755046785,9.918289434164762,38.52475466951728
25,3,0.0011330628767609596,1.5490240912185982e-06,0.027084410190582275,-0.038979947566986084,7.745120456092991e-07,0.013542205095291138,-0.019489973783493042,-0.004813930951058865,32,False,UNAVAILABLE,DISABLED,DISABLED,DISABLED,UNAVAILABLE,DISABLED,28.39087755046785,9.918289434164762,38.52475466951728
25,4,0.0006019480642862618,1.7159546814582427e-06,0.032418012619018555,-0.045604705810546875,8.579773407291214e-07,0.016209006309509277,-0.022802352905273438,-0.005990540608763695,32,False,UNAVAILABLE,DISABLED,DISABLED,DISABLED,UNAVAILABLE,DISABLED,28.39087755046785,9.918289434164762,38.52475466951728
25,5,0.001290784915909171,1.4730646853422513e-06,0.0188867449760437,-0.04951437935233116,7.365323426711257e-07,0.00944337248802185,-0.02475718967616558,-0.014022295363247395,32,False,UNAVAILABLE,DISABLED,DISABLED,DISABLED,UNAVAILABLE,DISABLED,28.39087755046785,9.918289434164762,38.52475466951728
25,6,0.00048117517144419253,2.1688081233151024e-06,0.03157472610473633,-0.037495821714401245,1.0844040616575512e-06,0.015787363052368164,-0.018747910857200623,-0.002478288486599922,32,False,UNAVAILABLE,DISABLED,DISABLED,DISABLED,UNAVAILABLE,DISABLED,28.39087755046785,9.918289434164762,38.52475466951728
25,7,0.0004512132436502725,1.265416358364746e-06,0.02596944570541382,-0.03280161693692207,6.32708179182373e-07,0.01298472285270691,-0.016400808468461037,-0.0029642395675182343,32,False,UNAVAILABLE,DISABLED,DISABLED,DISABLED,UNAVAILABLE,DISABLED,28.39087755046785,9.918289434164762,38.52475466951728
25,8,0.0006652765441685915,3.16149930768006e-06,0.04115009307861328,-0.08216914534568787,1.58074965384003e-06,0.02057504653930664,-0.04108457267284393,-0.019842669367790222,32,False,UNAVAILABLE,DISABLED,DISABLED,DISABLED,UNAVAILABLE,DISABLED,28.39087755046785,9.918289434164762,38.52475466951728
25,9,0.001375522930175066,2.652940793268499e-06,0.04108881950378418,-0.08035306632518768,1.3264703966342495e-06,0.02054440975189209,-0.04017653316259384,-0.01825527474284172,32,False,UNAVAILABLE,DISABLED,DISABLED,DISABLED,UNAVAILABLE,DISABLED,28.39087755046785,9.918289434164762,38.52475466951728
25,10,0.0005995896062813699,2.8247793579794234e-06,0.05371493101119995,-0.1331583559513092,1.4123896789897117e-06,0.026857465505599976,-0.0665791779756546,-0.039120711386203766,32,False,UNAVAILABLE,DISABLED,DISABLED,DISABLED,UNAVAILABLE,DISABLED,28.39087755046785,9.918289434164762,38.52475466951728
25,11,0.0007076317560859025,3.077983365074033e-06,0.0594860315322876,-0.07125887274742126,1.5389916825370165e-06,0.0297430157661438,-0.03562943637371063,-0.0051772501319646835,32,False,UNAVAILABLE,DISABLED,DISABLED,DISABLED,UNAVAILABLE,DISABLED,28.39087755046785,9.918289434164762,38.52475466951728
25,12,0.0004949612775817513,3.064108568651136e-06,0.055575013160705566,-0.11266122758388519,1.532054284325568e-06,0.027787506580352783,-0.056330613791942596,-0.028046613559126854,32,False,UNAVAILABLE,DISABLED,DISABLED,DISABLED,UNAVAILABLE,DISABLED,28.39087755046785,9.918289434164762,38.52475466951728
25,13,0.0006171303684823215,2.6368127237219596e-06,0.04129403829574585,-0.12821350991725922,1.3184063618609798e-06,0.020647019147872925,-0.06410675495862961,-0.04284128546714783,32,False,UNAVAILABLE,DISABLED,DISABLED,DISABLED,UNAVAILABLE,DISABLED,28.39087755046785,9.918289434164762,38.52475466951728
25,14,0.006536036264151335,2.740969875958399e-06,0.04983115196228027,-0.12918458878993988,1.3704849379791995e-06,0.024915575981140137,-0.06459229439496994,-0.03313931077718735,32,False,UNAVAILABLE,DISABLED,DISABLED,DISABLED,UNAVAILABLE,DISABLED,28.39087755046785,9.918289434164762,38.52475466951728
25,15,0.0008543304866179824,2.4036187369347317e-06,0.04639720916748047,-0.13957107067108154,1.2018093684673659e-06,0.023198604583740234,-0.06978553533554077,-0.045731399208307266,32,False,UNAVAILABLE,DISABLED,DISABLED,DISABLED,UNAVAILABLE,DISABLED,28.39087755046785,9.918289434164762,38.52475466951728
25,16,0.0025175358168780804,4.150348559051054e-06,0.0632215142250061,-0.15902753174304962,2.075174279525527e-06,0.03161075711250305,-0.07951376587152481,-0.04538339748978615,32,False,UNAVAILABLE,DISABLED,DISABLED,DISABLED,UNAVAILABLE,DISABLED,28.39087755046785,9.918289434164762,38.52475466951728
25,17,0.00038326464709825814,2.684723085621954e-06,0.05278134346008301,-0.12403131276369095,1.342361542810977e-06,0.026390671730041504,-0.062015656381845474,-0.035240378230810165,32,False,UNAVAILABLE,DISABLED,DISABLED,DISABLED,UNAVAILABLE,DISABLED,28.39087755046785,9.918289434164762,38.52475466951728
25,18,0.0006661310908384621,2.6336849714425625e-06,0.08862125873565674,-0.17959193885326385,1.3168424857212813e-06,0.04431062936782837,-0.08979596942663193,-0.04481789097189903,32,False,UNAVAILABLE,DISABLED,DISABLED,DISABLED,UNAVAILABLE,DISABLED,28.39087755046785,9.918289434164762,38.52475466951728
25,19,0.0006742288242094219,3.0403050459426595e-06,0.04668986797332764,-0.13907504081726074,1.5201525229713297e-06,0.02334493398666382,-0.06953752040863037,-0.045516837388277054,32,False,UNAVAILABLE,DISABLED,DISABLED,DISABLED,UNAVAILABLE,DISABLED,28.39087755046785,9.918289434164762,38.52475466951728
25,20,0.00039699289482086897,3.7452052765729604e-06,0.05073702335357666,-0.13366971909999847,1.8726026382864802e-06,0.02536851167678833,-0.06683485954999924,-0.04106748104095459,32,False,UNAVAILABLE,DISABLED,DISABLED,DISABLED,UNAVAILABLE,DISABLED,28.39087755046785,9.918289434164762,38.52475466951728
25,21,0.0009250377188436687,2.5779768293432426e-06,0.04852735996246338,-0.15211114287376404,1.2889884146716213e-06,0.02426367998123169,-0.07605557143688202,-0.05086556449532509,32,False,UNAVAILABLE,DISABLED,DISABLED,DISABLED,UNAVAILABLE,DISABLED,28.39087755046785,9.918289434164762,38.52475466951728
25,22,0.00043843116145581007,3.147411007375922e-06,0.0515751838684082,-0.127764493227005,1.573705503687961e-06,0.0257875919342041,-0.0638822466135025,-0.03765464946627617,32,False,UNAVAILABLE,DISABLED,DISABLED,DISABLED,UNAVAILABLE,DISABLED,28.39087755046785,9.918289434164762,38.52475466951728
25,23,0.0011003657709807158,2.3454952042811783e-06,0.06766873598098755,-0.18522323668003082,1.1727476021405892e-06,0.033834367990493774,-0.09261161834001541,-0.05767571181058884,32,False,UNAVAILABLE,DISABLED,DISABLED,DISABLED,UNAVAILABLE,DISABLED,28.39087755046785,9.918289434164762,38.52475466951728
25,24,0.2248089760541916,5.741904260503361e-06,0.11250096559524536,-0.21673476696014404,2.8709521302516805e-06,0.05625048279762268,-0.10836738348007202,0.17269495129585266,32,False,UNAVAILABLE,DISABLED,DISABLED,DISABLED,UNAVAILABLE,DISABLED,28.39087755046785,9.918289434164762,38.52475466951728
25,25,0.0004394578281790018,2.9981779334775638e-06,0.0731697678565979,-0.18143171072006226,1.4990889667387819e-06,0.03658488392829895,-0.09071585536003113,-0.05369001626968384,32,False,UNAVAILABLE,DISABLED,DISABLED,DISABLED,UNAVAILABLE,DISABLED,28.39087755046785,9.918289434164762,38.52475466951728
25,26,0.0006279416265897453,4.327694114181213e-06,0.08391112089157104,-0.18304048478603363,2.1638470570906065e-06,0.04195556044578552,-0.09152024239301682,-0.04893457517027855,32,False,UNAVAILABLE,DISABLED,DISABLED,DISABLED,UNAVAILABLE,DISABLED,28.39087755046785,9.918289434164762,38.52475466951728
25,27,0.0003851931251119822,2.4689791189302923e-06,0.07957583665847778,-0.21057872474193573,1.2344895594651462e-06,0.03978791832923889,-0.10528936237096786,-0.06511501967906952,32,False,UNAVAILABLE,DISABLED,DISABLED,DISABLED,UNAVAILABLE,DISABLED,28.39087755046785,9.918289434164762,38.52475466951728
25,28,0.0015410935739055276,2.7198616407986265e-06,0.06875979900360107,-0.19609959423542023,1.3599308203993132e-06,0.03437989950180054,-0.09804979711771011,-0.06212744489312172,32,False,UNAVAILABLE,DISABLED,DISABLED,DISABLED,UNAVAILABLE,DISABLED,28.39087755046785,9.918289434164762,38.52475466951728
25,29,0.0005548588233068585,3.1950239645084366e-06,0.08077883720397949,-0.21034088730812073,1.5975119822542183e-06,0.040389418601989746,-0.10517044365406036,-0.06422457098960876,32,False,UNAVAILABLE,DISABLED,DISABLED,DISABLED,UNAVAILABLE,DISABLED,28.39087755046785,9.918289434164762,38.52475466951728
25,30,0.0003674448234960437,4.451148015505169e-06,0.08416944742202759,-0.16921651363372803,2.2255740077525843e-06,0.042084723711013794,-0.08460825681686401,-0.04215386137366295,32,False,UNAVAILABLE,DISABLED,DISABLED,DISABLED,UNAVAILABLE,DISABLED,28.39087755046785,9.918289434164762,38.52475466951728
25,31,0.0006182335782796144,4.894584435533034e-06,0.09488803148269653,-0.21679291129112244,2.447292217766517e-06,0.04744401574134827,-0.10839645564556122,-0.06033175811171532,32,False,UNAVAILABLE,DISABLED,DISABLED,DISABLED,UNAVAILABLE,DISABLED,28.39087755046785,9.918289434164762,38.52475466951728
25,32,0.0007548702997155488,5.5059772421373054e-06,0.11909365653991699,-0.19029191136360168,2.7529886210686527e-06,0.059546828269958496,-0.09514595568180084,-0.03484150394797325,32,False,UNAVAILABLE,DISABLED,DISABLED,DISABLED,UNAVAILABLE,DISABLED,28.39087755046785,9.918289434164762,38.52475466951728
25,33,0.0009010712383314967,4.029218871437479e-06,0.10241246223449707,-0.22490239143371582,2.0146094357187394e-06,0.051206231117248535,-0.11245119571685791,-0.06034187972545624,32,False,UNAVAILABLE,DISABLED,DISABLED,DISABLED,UNAVAILABLE,DISABLED,28.39087755046785,9.918289434164762,38.52475466951728
25,34,0.0006616563186980784,4.114618604944553e-06,0.0864572525024414,-0.1990792155265808,2.0573093024722766e-06,0.0432286262512207,-0.0995396077632904,-0.055647268891334534,32,False,UNAVAILABLE,DISABLED,DISABLED,DISABLED,UNAVAILABLE,DISABLED,28.39087755046785,9.918289434164762,38.52475466951728
25,35,0.0006133962306194007,2.6165905637753895e-06,0.08094543218612671,-0.19452732801437378,1.3082952818876947e-06,0.040472716093063354,-0.09726366400718689,-0.05617624521255493,32,False,UNAVAILABLE,DISABLED,DISABLED,DISABLED,UNAVAILABLE,DISABLED,28.39087755046785,9.918289434164762,38.52475466951728
25,36,0.0005004613776691258,5.392812909121858e-06,0.10591965913772583,-0.20561721920967102,2.696406454560929e-06,0.052959829568862915,-0.10280860960483551,-0.04934562370181084,32,False,UNAVAILABLE,DISABLED,DISABLED,DISABLED,UNAVAILABLE,DISABLED,28.39087755046785,9.918289434164762,38.52475466951728
25,37,0.0009289479348808527,3.5341806778887985e-06,0.08868610858917236,-0.20024242997169495,1.7670903389443993e-06,0.04434305429458618,-0.10012121498584747,-0.05484744533896446,32,False,UNAVAILABLE,DISABLED,DISABLED,DISABLED,UNAVAILABLE,DISABLED,28.39087755046785,9.918289434164762,38.52475466951728
25,38,0.0006996590527705848,4.129527042096015e-06,0.1464192271232605,-0.19322705268859863,2.0647635210480075e-06,0.07320961356163025,-0.09661352634429932,-0.022702187299728394,32,False,UNAVAILABLE,DISABLED,DISABLED,DISABLED,UNAVAILABLE,DISABLED,28.39087755046785,9.918289434164762,38.52475466951728
25,39,0.0010360602755099535,3.4875884011853486e-06,0.08571994304656982,-0.18972855806350708,1.7437942005926743e-06,0.04285997152328491,-0.09486427903175354,-0.05096650496125221,32,False,UNAVAILABLE,DISABLED,DISABLED,DISABLED,UNAVAILABLE,DISABLED,28.39087755046785,9.918289434164762,38.52475466951728
25,40,0.000711435975972563,3.234603809687542e-06,0.1082075834274292,-0.21301108598709106,1.617301904843771e-06,0.0541037917137146,-0.10650554299354553,-0.051688697189092636,32,False,UNAVAILABLE,DISABLED,DISABLED,DISABLED,UNAVAILABLE,DISABLED,28.39087755046785,9.918289434164762,38.52475466951728
25,41,0.0006268483120948076,5.002134912501788e-06,0.15763181447982788,-0.2342345118522644,2.501067456250894e-06,0.07881590723991394,-0.1171172559261322,-0.037671998143196106,32,False,UNAVAILABLE,DISABLED,DISABLED,DISABLED,UNAVAILABLE,DISABLED,28.39087755046785,9.918289434164762,38.52475466951728
25,42,0.0005141466972418129,4.26505630457541e-06,0.11003130674362183,-0.20955359935760498,2.132528152287705e-06,0.05501565337181091,-0.10477679967880249,-0.04924486577510834,32,False,UNAVAILABLE,DISABLED,DISABLED,DISABLED,UNAVAILABLE,DISABLED,28.39087755046785,9.918289434164762,38.52475466951728
25,43,0.00036407599691301584,5.638035872834735e-06,0.13054025173187256,-0.23170548677444458,2.8190179364173673e-06,0.06527012586593628,-0.11585274338722229,-0.050215721130371094,32,False,UNAVAILABLE,DISABLED,DISABLED,DISABLED,UNAVAILABLE,DISABLED,28.39087755046785,9.918289434164762,38.52475466951728
25,44,0.0004409227112773806,3.154912519676145e-06,0.08729547262191772,-0.18293219804763794,1.5774562598380726e-06,0.04364773631095886,-0.09146609902381897,-0.047375861555337906,32,False,UNAVAILABLE,DISABLED,DISABLED,DISABLED,UNAVAILABLE,DISABLED,28.39087755046785,9.918289434164762,38.52475466951728
25,45,0.0004346880887169391,4.574305876303697e-06,0.1080930233001709,-0.19230425357818604,2.2871529381518485e-06,0.05404651165008545,-0.09615212678909302,-0.041668638586997986,32,False,UNAVAILABLE,DISABLED,DISABLED,DISABLED,UNAVAILABLE,DISABLED,28.39087755046785,9.918289434164762,38.52475466951728
25,46,0.000614323653280735,6.628441951761488e-06,0.1359844207763672,-0.2538287043571472,3.314220975880744e-06,0.0679922103881836,-0.1269143521785736,-0.05830450356006622,32,False,UNAVAILABLE,DISABLED,DISABLED,DISABLED,UNAVAILABLE,DISABLED,28.39087755046785,9.918289434164762,38.52475466951728
25,47,0.000573943427298218,4.366686425782973e-06,0.07587695121765137,-0.18931305408477783,2.1833432128914865e-06,0.037938475608825684,-0.09465652704238892,-0.0561419241130352,32,False,UNAVAILABLE,DISABLED,DISABLED,DISABLED,UNAVAILABLE,DISABLED,28.39087755046785,9.918289434164762,38.52475466951728
25,48,0.0004965642001479864,4.468749921215931e-06,0.12524735927581787,-0.2013959288597107,2.2343749606079655e-06,0.06262367963790894,-0.10069796442985535,-0.037575483322143555,32,False,UNAVAILABLE,DISABLED,DISABLED,DISABLED,UNAVAILABLE,DISABLED,28.39087755046785,9.918289434164762,38.52475466951728
25,49,0.0008510436746291816,5.250224603514653e-06,0.18761813640594482,-0.1801738739013672,2.6251123017573263e-06,0.09380906820297241,-0.0900869369506836,0.00457579642534256,32,False,UNAVAILABLE,DISABLED,DISABLED,DISABLED,UNAVAILABLE,DISABLED,28.39087755046785,9.918289434164762,38.52475466951728
25,50,0.000718467403203249,4.224283657094929e-06,0.08252370357513428,-0.16264861822128296,2.1121418285474647e-06,0.04126185178756714,-0.08132430911064148,-0.03934187814593315,32,False,UNAVAILABLE,DISABLED,DISABLED,DISABLED,UNAVAILABLE,DISABLED,28.39087755046785,9.918289434164762,38.52475466951728
25,51,0.0005405839183367789,3.886692866217345e-06,0.08362019062042236,-0.14159917831420898,1.9433464331086725e-06,0.04181009531021118,-0.07079958915710449,-0.028446964919567108,32,False,UNAVAILABLE,DISABLED,DISABLED,DISABLED,UNAVAILABLE,DISABLED,28.39087755046785,9.918289434164762,38.52475466951728
25,52,0.0005772197037003934,3.5116968319925945e-06,0.09362775087356567,-0.19840562343597412,1.7558484159962973e-06,0.04681387543678284,-0.09920281171798706,-0.05180995911359787,32,False,UNAVAILABLE,DISABLED,DISABLED,DISABLED,UNAVAILABLE,DISABLED,28.39087755046785,9.918289434164762,38.52475466951728
25,53,0.00039783207466825843,4.381524831842398e-06,0.08478134870529175,-0.16875749826431274,2.190762415921199e-06,0.042390674352645874,-0.08437874913215637,-0.04158805310726166,32,False,UNAVAILABLE,DISABLED,DISABLED,DISABLED,UNAVAILABLE,DISABLED,28.39087755046785,9.918289434164762,38.52475466951728
25,54,0.000865997513756156,3.6596252357412595e-06,0.1448550820350647,-0.18912291526794434,1.8298126178706298e-06,0.07242754101753235,-0.09456145763397217,-0.021266087889671326,32,False,UNAVAILABLE,DISABLED,DISABLED,DISABLED,UNAVAILABLE,DISABLED,28.39087755046785,9.918289434164762,38.52475466951728
25,55,0.000730524305254221,6.08162645221455e-06,0.15353494882583618,-0.15794789791107178,3.040813226107275e-06,0.07676747441291809,-0.07897394895553589,-0.0014729127287864685,32,False,UNAVAILABLE,DISABLED,DISABLED,DISABLED,UNAVAILABLE,DISABLED,28.39087755046785,9.918289434164762,38.52475466951728
25,56,0.0007794082630425692,4.674535830417881e-06,0.12675845623016357,-0.1663721799850464,2.3372679152089404e-06,0.06337922811508179,-0.0831860899925232,-0.01902511715888977,32,False,UNAVAILABLE,DISABLED,DISABLED,DISABLED,UNAVAILABLE,DISABLED,28.39087755046785,9.918289434164762,38.52475466951728
25,57,0.0009455669205635786,4.125586656300584e-06,0.10101962089538574,-0.1228647232055664,2.062793328150292e-06,0.05050981044769287,-0.0614323616027832,-0.009974922984838486,32,False,UNAVAILABLE,DISABLED,DISABLED,DISABLED,UNAVAILABLE,DISABLED,28.39087755046785,9.918289434164762,38.52475466951728
25,58,0.0006372720235958695,6.167009814816993e-06,0.12692475318908691,-0.11699044704437256,3.0835049074084964e-06,0.06346237659454346,-0.05849522352218628,0.00560750812292099,32,False,UNAVAILABLE,DISABLED,DISABLED,DISABLED,UNAVAILABLE,DISABLED,28.39087755046785,9.918289434164762,38.52475466951728
25,59,0.0004863636859226972,4.443205398274586e-06,0.08029204607009888,-0.0914691686630249,2.221602699137293e-06,0.04014602303504944,-0.04573458433151245,-0.005099974572658539,32,False,UNAVAILABLE,DISABLED,DISABLED,DISABLED,UNAVAILABLE,DISABLED,28.39087755046785,9.918289434164762,38.52475466951728
25,60,0.0007299080025404692,3.179170107614482e-06,0.06256282329559326,-0.07094252109527588,1.589585053807241e-06,0.03128141164779663,-0.03547126054763794,-0.003458350896835327,32,False,UNAVAILABLE,DISABLED,DISABLED,DISABLED,UNAVAILABLE,DISABLED,28.39087755046785,9.918289434164762,38.52475466951728
25,61,0.0006194032030180097,3.1595870950695826e-06,0.06417745351791382,-0.0571441650390625,1.5797935475347913e-06,0.03208872675895691,-0.02857208251953125,0.0041376277804374695,32,False,UNAVAILABLE,DISABLED,DISABLED,DISABLED,UNAVAILABLE,DISABLED,28.39087755046785,9.918289434164762,38.52475466951728
25,62,0.00041884512756951153,4.185993930150289e-06,0.09436583518981934,0.02298152446746826,2.0929969650751445e-06,0.04718291759490967,0.01149076223373413,0.0590946190059185,32,False,UNAVAILABLE,DISABLED,DISABLED,DISABLED,UNAVAILABLE,DISABLED,28.39087755046785,9.918289434164762,38.52475466951728
25,63,0.0005918761598877609,5.592152774624992e-06,0.11445653438568115,0.017754077911376953,2.796076387312496e-06,0.057228267192840576,0.008877038955688477,0.06669998168945312,32,False,UNAVAILABLE,DISABLED,DISABLED,DISABLED,UNAVAILABLE,DISABLED,28.39087755046785,9.918289434164762,38.52475466951728
25,64,0.000446148042101413,6.52089966024505e-06,0.10567444562911987,-0.012084603309631348,3.260449830122525e-06,0.052837222814559937,-0.006042301654815674,0.04724432900547981,32,False,UNAVAILABLE,DISABLED,DISABLED,DISABLED,UNAVAILABLE,DISABLED,28.39087755046785,9.918289434164762,38.52475466951728
25,65,0.0010932132136076689,3.6545764032780426e-06,0.11197209358215332,0.07920658588409424,1.8272882016390213e-06,0.05598604679107666,0.03960329294204712,0.09668438136577606,32,False,UNAVAILABLE,DISABLED,DISABLED,DISABLED,UNAVAILABLE,DISABLED,28.39087755046785,9.918289434164762,38.52475466951728
25,66,0.0005410840385593474,4.795458153239451e-06,0.1043241024017334,0.07453513145446777,2.3977290766197257e-06,0.0521620512008667,0.03726756572723389,0.0899730995297432,32,False,UNAVAILABLE,DISABLED,DISABLED,DISABLED,UNAVAILABLE,DISABLED,28.39087755046785,9.918289434164762,38.52475466951728
25,67,0.0005170672084204853,4.0871368582884315e-06,0.0793377161026001,0.04920840263366699,2.0435684291442158e-06,0.03966885805130005,0.024604201316833496,0.06479217112064362,32,False,UNAVAILABLE,DISABLED,DISABLED,DISABLED,UNAVAILABLE,DISABLED,28.39087755046785,9.918289434164762,38.52475466951728
25,68,0.0005009393207728863,3.4554873309389222e-06,0.07175076007843018,0.06795692443847656,1.7277436654694611e-06,0.03587538003921509,0.03397846221923828,0.07035651057958603,32,False,UNAVAILABLE,DISABLED,DISABLED,DISABLED,UNAVAILABLE,DISABLED,28.39087755046785,9.918289434164762,38.52475466951728
25,69,0.0005217700963839889,3.6386772990226746e-06,0.07464462518692017,0.07374095916748047,1.8193386495113373e-06,0.03732231259346008,0.036870479583740234,0.07471638172864914,32,False,UNAVAILABLE,DISABLED,DISABLED,DISABLED,UNAVAILABLE,DISABLED,28.39087755046785,9.918289434164762,38.52475466951728
25,70,0.0017369443085044622,3.1982458494894672e-06,0.051010191440582275,0.0016962289810180664,1.5991229247447336e-06,0.025505095720291138,0.0008481144905090332,0.028091752901673317,32,False,UNAVAILABLE,DISABLED,DISABLED,DISABLED,UNAVAILABLE,DISABLED,28.39087755046785,9.918289434164762,38.52475466951728
25,71,0.0005844868719577789,4.059731509187259e-06,0.06557828187942505,0.12925505638122559,2.0298657545936294e-06,0.032789140939712524,0.06462752819061279,0.09800318628549576,32,False,UNAVAILABLE,DISABLED,DISABLED,DISABLED,UNAVAILABLE,DISABLED,28.39087755046785,9.918289434164762,38.52475466951728
25,72,0.0008550808997824788,3.0740047805011272e-06,0.04455423355102539,0.01838243007659912,1.5370023902505636e-06,0.022277116775512695,0.00919121503829956,0.03232494741678238,32,False,UNAVAILABLE,DISABLED,DISABLED,DISABLED,UNAVAILABLE,DISABLED,28.39087755046785,9.918289434164762,38.52475466951728
25,73,0.0007424444193020463,3.1618940283806296e-06,0.045665621757507324,0.032036542892456055,1.5809470141903148e-06,0.022832810878753662,0.016018271446228027,0.0395951084792614,32,False,UNAVAILABLE,DISABLED,DISABLED,DISABLED,UNAVAILABLE,DISABLED,28.39087755046785,9.918289434164762,38.52475466951728
25,74,0.00076483836164698,3.5708444556803443e-06,0.0459141731262207,0.04327434301376343,1.7854222278401721e-06,0.02295708656311035,0.021637171506881714,0.045360881835222244,32,False,UNAVAILABLE,DISABLED,DISABLED,DISABLED,UNAVAILABLE,DISABLED,28.39087755046785,9.918289434164762,38.52475466951728
25,75,0.0006114199641160667,3.1355186820292147e-06,0.07129240036010742,-0.041308045387268066,1.5677593410146073e-06,0.03564620018005371,-0.020654022693634033,0.015605166554450989,32,False,UNAVAILABLE,DISABLED,DISABLED,DISABLED,UNAVAILABLE,DISABLED,28.39087755046785,9.918289434164762,38.52475466951728
25,76,0.0006740090320818126,6.3433967625314835e-06,0.11579221487045288,0.08312708139419556,3.1716983812657418e-06,0.05789610743522644,0.04156354069709778,0.10013683140277863,32,False,UNAVAILABLE,DISABLED,DISABLED,DISABLED,UNAVAILABLE,DISABLED,28.39087755046785,9.918289434164762,38.52475466951728
25,77,0.001253220485523343,2.528257027734071e-06,0.0530315637588501,0.08390247821807861,1.2641285138670355e-06,0.02651578187942505,0.04195123910903931,0.06972150504589081,32,False,UNAVAILABLE,DISABLED,DISABLED,DISABLED,UNAVAILABLE,DISABLED,28.39087755046785,9.918289434164762,38.52475466951728
25,78,0.0004581006651278585,4.102863385924138e-06,0.05978357791900635,0.04016458988189697,2.051431692962069e-06,0.029891788959503174,0.020082294940948486,0.050434235483407974,32,False,UNAVAILABLE,DISABLED,DISABLED,DISABLED,UNAVAILABLE,DISABLED,28.39087755046785,9.918289434164762,38.52475466951728
25,79,0.0018254901515319943,2.610030833238852e-06,0.040313720703125,0.14014601707458496,1.305015416619426e-06,0.0201568603515625,0.07007300853729248,0.09205666184425354,32,False,UNAVAILABLE,DISABLED,DISABLED,DISABLED,UNAVAILABLE,DISABLED,28.39087755046785,9.918289434164762,38.52475466951728
25,80,0.0012897911947220564,3.0324974886752898e-06,0.05510890483856201,0.057278335094451904,1.5162487443376449e-06,0.027554452419281006,0.028639167547225952,0.05748492479324341,32,False,UNAVAILABLE,DISABLED,DISABLED,DISABLED,UNAVAILABLE,DISABLED,28.39087755046785,9.918289434164762,38.52475466951728
25,81,0.002984823426231742,4.0389168134424835e-06,0.08795523643493652,0.1336337924003601,2.0194584067212418e-06,0.04397761821746826,0.06681689620018005,0.11378136277198792,32,False,UNAVAILABLE,DISABLED,DISABLED,DISABLED,UNAVAILABLE,DISABLED,28.39087755046785,9.918289434164762,38.52475466951728
25,82,0.004870189819484949,4.182388693152461e-06,0.045801520347595215,0.07687395811080933,2.0911943465762306e-06,0.022900760173797607,0.03843697905540466,0.06621001660823822,32,False,UNAVAILABLE,DISABLED,DISABLED,DISABLED,UNAVAILABLE,DISABLED,28.39087755046785,9.918289434164762,38.52475466951728
25,83,0.0005470042233355343,4.327558599470649e-06,0.05708050727844238,0.0761343240737915,2.1637792997353245e-06,0.02854025363922119,0.03806716203689575,0.067156583070755,32,False,UNAVAILABLE,DISABLED,DISABLED,DISABLED,UNAVAILABLE,DISABLED,28.39087755046785,9.918289434164762,38.52475466951728
25,84,0.0007824612548574805,3.3535009151819395e-06,0.04027962684631348,0.019994914531707764,1.6767504575909697e-06,0.02013981342315674,0.009997457265853882,0.030921408906579018,32,False,UNAVAILABLE,DISABLED,DISABLED,DISABLED,UNAVAILABLE,DISABLED,28.39087755046785,9.918289434164762,38.52475466951728
25,85,0.0015991429099813104,3.0013654850336025e-06,0.045279860496520996,0.059393107891082764,1.5006827425168012e-06,0.022639930248260498,0.029696553945541382,0.05393712967634201,32,False,UNAVAILABLE,DISABLED,DISABLED,DISABLED,UNAVAILABLE,DISABLED,28.39087755046785,9.918289434164762,38.52475466951728
25,86,0.0016632835613563657,6.1851787904743105e-06,0.06582808494567871,0.0032026171684265137,3.0925893952371553e-06,0.032914042472839355,0.0016013085842132568,0.036181725561618805,32,False,UNAVAILABLE,DISABLED,DISABLED,DISABLED,UNAVAILABLE,DISABLED,28.39087755046785,9.918289434164762,38.52475466951728
25,87,0.163097083568573,3.4073716506100027e-06,0.04806625843048096,0.06625711917877197,1.7036858253050013e-06,0.02403312921524048,0.033128559589385986,0.22026047110557556,32,False,UNAVAILABLE,DISABLED,DISABLED,DISABLED,UNAVAILABLE,DISABLED,28.39087755046785,9.918289434164762,38.52475466951728
25,88,0.000831285840831697,4.554000497591915e-06,0.07547533512115479,-0.07243812084197998,2.2770002487959573e-06,0.03773766756057739,-0.03621906042098999,0.0023521706461906433,32,False,UNAVAILABLE,DISABLED,DISABLED,DISABLED,UNAVAILABLE,DISABLED,28.39087755046785,9.918289434164762,38.52475466951728
25,89,0.0024006091989576817,6.21862545813201e-06,0.06213092803955078,-0.03087526559829712,3.109312729066005e-06,0.03106546401977539,-0.01543763279914856,0.018031548708677292,32,False,UNAVAILABLE,DISABLED,DISABLED,DISABLED,UNAVAILABLE,DISABLED,28.39087755046785,9.918289434164762,38.52475466951728
25,90,0.0006421194993890822,2.693530632313923e-06,0.06201529502868652,-0.04356861114501953,1.3467653161569615e-06,0.03100764751434326,-0.021784305572509766,0.009866807609796524,32,False,UNAVAILABLE,DISABLED,DISABLED,DISABLED,UNAVAILABLE,DISABLED,28.39087755046785,9.918289434164762,38.52475466951728
25,91,0.2045690268278122,5.026970484323101e-06,0.06000816822052002,-0.009471297264099121,2.5134852421615506e-06,0.03000408411026001,-0.0047356486320495605,0.2298399806022644,32,False,UNAVAILABLE,DISABLED,DISABLED,DISABLED,UNAVAILABLE,DISABLED,28.39087755046785,9.918289434164762,38.52475466951728
25,92,0.14945054054260254,3.597250497477944e-06,0.048178911209106445,0.07420039176940918,1.798625248738972e-06,0.024089455604553223,0.03710019588470459,0.2106419950723648,32,False,UNAVAILABLE,DISABLED,DISABLED,DISABLED,UNAVAILABLE,DISABLED,28.39087755046785,9.918289434164762,38.52475466951728
25,93,0.0009788342285901308,4.331066975282738e-06,0.053435444831848145,-0.010791778564453125,2.165533487641369e-06,0.026717722415924072,-0.0053958892822265625,0.022302832454442978,32,False,UNAVAILABLE,DISABLED,DISABLED,DISABLED,UNAVAILABLE,DISABLED,28.39087755046785,9.918289434164762,38.52475466951728
25,94,0.012644972652196884,4.211380655760877e-06,0.052175283432006836,0.0036611557006835938,2.1056903278804384e-06,0.026087641716003418,0.0018305778503417969,0.04056529700756073,32,False,UNAVAILABLE,DISABLED,DISABLED,DISABLED,UNAVAILABLE,DISABLED,28.39087755046785,9.918289434164762,38.52475466951728
25,95,0.023747054859995842,4.429249656823231e-06,0.1149061918258667,-0.07938277721405029,2.2146248284116155e-06,0.05745309591293335,-0.039691388607025146,0.04151097685098648,32,False,UNAVAILABLE,DISABLED,DISABLED,DISABLED,UNAVAILABLE,DISABLED,28.39087755046785,9.918289434164762,38.52475466951728
25,96,0.0008615472470410168,4.474866273085354e-06,0.058504343032836914,0.02874809503555298,2.237433136542677e-06,0.029252171516418457,0.01437404751777649,0.04449000209569931,32,False,UNAVAILABLE,DISABLED,DISABLED,DISABLED,UNAVAILABLE,DISABLED,28.39087755046785,9.918289434164762,38.52475466951728
25,97,0.08427555114030838,5.205074558034539e-06,0.061195969581604004,0.008781492710113525,2.6025372790172696e-06,0.030597984790802002,0.004390746355056763,0.11926688253879547,32,False,UNAVAILABLE,DISABLED,DISABLED,DISABLED,UNAVAILABLE,DISABLED,28.39087755046785,9.918289434164762,38.52475466951728
25,98,0.013913511298596859,4.662578703573672e-06,0.06660783290863037,-0.011813461780548096,2.331289351786836e-06,0.033303916454315186,-0.005906730890274048,0.04131302982568741,32,False,UNAVAILABLE,DISABLED,DISABLED,DISABLED,UNAVAILABLE,DISABLED,28.39087755046785,9.918289434164762,38.52475466951728
25,99,0.008771166205406189,3.128287289655418e-06,0.06260454654693604,0.004033446311950684,1.564143644827709e-06,0.03130227327346802,0.002016723155975342,0.0420917272567749,32,False,UNAVAILABLE,DISABLED,DISABLED,DISABLED,UNAVAILABLE,DISABLED,28.39087755046785,9.918289434164762,38.52475466951728
25,100,0.016301846131682396,2.9697407626372296e-06,0.05650901794433594,0.01885324716567993,1.4848703813186148e-06,0.02825450897216797,0.009426623582839966,0.05398446321487427,32,False,UNAVAILABLE,DISABLED,DISABLED,DISABLED,UNAVAILABLE,DISABLED,28.39087755046785,9.918289434164762,38.52475466951728
