step,source_ce,coral_loss,global_mmd2,adversarial_loss,weighted_coral,weighted_global_mmd2,weighted_adversarial,total_loss,target_batch_size,target_label_object_present,target_ce_status,class_conditional_coral_status,class_mmd_status,stage_mmd_status,target_proto_anchor_status,pseudo_label_status
1,0.003124126698821783,9.350002983410377e-06,0.1573190689086914,0.0059974417090415955,4.6750014917051885e-06,0.0786595344543457,0.0029987208545207977,0.08478705585002899,32,False,UNAVAILABLE,DISABLED,DISABLED,DISABLED,UNAVAILABLE,DISABLED
2,0.00280291261151433,9.05982142285211e-06,0.11306935548782349,0.0056852251291275024,4.529910711426055e-06,0.05653467774391174,0.0028426125645637512,0.06218473240733147,32,False,UNAVAILABLE,DISABLED,DISABLED,DISABLED,UNAVAILABLE,DISABLED
3,0.003322961740195751,1.02771418823977e-05,0.16936218738555908,-0.005484558641910553,5.13857094119885e-06,0.08468109369277954,-0.0027422793209552765,0.08526691794395447,32,False,UNAVAILABLE,DISABLED,DISABLED,DISABLED,UNAVAILABLE,DISABLED
4,0.1720472127199173,1.080955917132087e-05,0.14475375413894653,-0.011519208550453186,5.404779585660435e-06,0.07237687706947327,-0.005759604275226593,0.23866990208625793,32,False,UNAVAILABLE,DISABLED,DISABLED,DISABLED,UNAVAILABLE,DISABLED
5,0.20572589337825775,8.968302608991507e-06,0.10834342241287231,0.012965939939022064,4.484151304495754e-06,0.05417171120643616,0.006482969969511032,0.2663850486278534,32,False,UNAVAILABLE,DISABLED,DISABLED,DISABLED,UNAVAILABLE,DISABLED
6,0.0027904964517802,6.536274668178521e-06,0.10055696964263916,-0.004683714359998703,3.2681373340892605e-06,0.05027848482131958,-0.0023418571799993515,0.0507303923368454,32,False,UNAVAILABLE,DISABLED,DISABLED,DISABLED,UNAVAILABLE,DISABLED
7,0.0024304473772644997,6.188819043018157e-06,0.06987929344177246,-0.010224618017673492,3.0944095215090783e-06,0.03493964672088623,-0.005112309008836746,0.03226087987422943,32,False,UNAVAILABLE,DISABLED,DISABLED,DISABLED,UNAVAILABLE,DISABLED
8,0.03370802477002144,8.399572834605351e-06,0.14439994096755981,0.008644383400678635,4.1997864173026755e-06,0.07219997048377991,0.004322191700339317,0.11023438721895218,32,False,UNAVAILABLE,DISABLED,DISABLED,DISABLED,UNAVAILABLE,DISABLED
9,0.003163520712405443,1.1483719390525948e-05,0.15648651123046875,0.00493544340133667,5.741859695262974e-06,0.07824325561523438,0.002467721700668335,0.0838802382349968,32,False,UNAVAILABLE,DISABLED,DISABLED,DISABLED,UNAVAILABLE,DISABLED
10,0.1578575074672699,2.9817908853146946e-06,0.05387061834335327,0.013314478099346161,1.4908954426573473e-06,0.026935309171676636,0.0066572390496730804,0.1914515495300293,32,False,UNAVAILABLE,DISABLED,DISABLED,DISABLED,UNAVAILABLE,DISABLED
11,0.04041930288076401,8.272880222648382e-06,0.060733795166015625,-0.00242624431848526,4.136440111324191e-06,0.030366897583007812,-0.00121312215924263,0.06957721710205078,32,False,UNAVAILABLE,DISABLED,DISABLED,DISABLED,UNAVAILABLE,DISABLED
12,0.004801299888640642,9.275734555558302e-06,0.15161806344985962,0.01032181829214096,4.637867277779151e-06,0.07580903172492981,0.00516090914607048,0.08577588200569153,32,False,UNAVAILABLE,DISABLED,DISABLED,DISABLED,UNAVAILABLE,DISABLED
13,0.0031086518429219723,1.1533040378708392e-05,0.19390487670898438,0.030671726912260056,5.766520189354196e-06,0.09695243835449219,0.015335863456130028,0.1154027208685875,32,False,UNAVAILABLE,DISABLED,DISABLED,DISABLED,UNAVAILABLE,DISABLED
14,0.0028033212292939425,1.1065572834922932e-05,0.10883021354675293,0.03180050104856491,5.532786417461466e-06,0.054415106773376465,0.015900250524282455,0.07312421500682831,32,False,UNAVAILABLE,DISABLED,DISABLED,DISABLED,UNAVAILABLE,DISABLED
15,0.00339943403378129,8.09337871032767e-06,0.10246706008911133,0.0403776690363884,4.046689355163835e-06,0.051233530044555664,0.0201888345181942,0.07482584565877914,32,False,UNAVAILABLE,DISABLED,DISABLED,DISABLED,UNAVAILABLE,DISABLED
16,0.0032121590338647366,8.468390660709701e-06,0.08890664577484131,0.0487065315246582,4.234195330354851e-06,0.044453322887420654,0.0243532657623291,0.07202298194169998,32,False,UNAVAILABLE,DISABLED,DISABLED,DISABLED,UNAVAILABLE,DISABLED
17,0.0025699790567159653,6.696133823425043e-06,0.09618854522705078,0.06129445880651474,3.3480669117125217e-06,0.04809427261352539,0.03064722940325737,0.08131483197212219,32,False,UNAVAILABLE,DISABLED,DISABLED,DISABLED,UNAVAILABLE,DISABLED
18,0.0032227179035544395,8.426439308095723e-06,0.13971757888793945,0.1093173399567604,4.213219654047862e-06,0.06985878944396973,0.0546586699783802,0.1277443915605545,32,False,UNAVAILABLE,DISABLED,DISABLED,DISABLED,UNAVAILABLE,DISABLED
19,0.0037946943193674088,1.2737301403831225e-05,0.14409464597702026,0.11964505910873413,6.3686507019156124e-06,0.07204732298851013,0.059822529554367065,0.13567091524600983,32,False,UNAVAILABLE,DISABLED,DISABLED,DISABLED,UNAVAILABLE,DISABLED
20,0.0023302899207919836,6.566938736796146e-06,0.055426955223083496,0.06093018501996994,3.283469368398073e-06,0.027713477611541748,0.03046509250998497,0.06051214411854744,32,False,UNAVAILABLE,DISABLED,DISABLED,DISABLED,UNAVAILABLE,DISABLED
21,0.17974622547626495,1.1298333447484765e-05,0.16697895526885986,0.17500868439674377,5.649166723742383e-06,0.08348947763442993,0.08750434219837189,0.35074567794799805,32,False,UNAVAILABLE,DISABLED,DISABLED,DISABLED,UNAVAILABLE,DISABLED
22,0.0028138835914433002,7.746206392766908e-06,0.11722052097320557,0.12232497334480286,3.873103196383454e-06,0.05861026048660278,0.06116248667240143,0.12259050458669662,32,False,UNAVAILABLE,DISABLED,DISABLED,DISABLED,UNAVAILABLE,DISABLED
23,0.002970811678096652,4.605331014317926e-06,0.08611482381820679,0.11894598603248596,2.302665507158963e-06,0.043057411909103394,0.05947299301624298,0.10550351440906525,32,False,UNAVAILABLE,DISABLED,DISABLED,DISABLED,UNAVAILABLE,DISABLED
24,0.18861986696720123,1.1177415217389353e-05,0.19945818185806274,0.216730535030365,5.588707608694676e-06,0.09972909092903137,0.1083652675151825,0.3967198133468628,32,False,UNAVAILABLE,DISABLED,DISABLED,DISABLED,UNAVAILABLE,DISABLED
25,0.0027664753142744303,9.002457773021888e-06,0.11198669672012329,0.1086224913597107,4.501228886510944e-06,0.055993348360061646,0.05431124567985535,0.11307556927204132,32,False,UNAVAILABLE,DISABLED,DISABLED,DISABLED,UNAVAILABLE,DISABLED
26,0.0036771101877093315,1.1478695341793355e-05,0.1630573272705078,0.19851364195346832,5.739347670896677e-06,0.0815286636352539,0.09925682097673416,0.1844683289527893,32,False,UNAVAILABLE,DISABLED,DISABLED,DISABLED,UNAVAILABLE,DISABLED
27,0.00255905045196414,4.368858299130807e-06,0.054402828216552734,0.12315759062767029,2.1844291495654033e-06,0.027201414108276367,0.061578795313835144,0.09134144335985184,32,False,UNAVAILABLE,DISABLED,DISABLED,DISABLED,UNAVAILABLE,DISABLED
28,0.0030880789272487164,4.1438565858697984e-06,0.0507693886756897,0.12445704638957977,2.0719282929348992e-06,0.02538469433784485,0.062228523194789886,0.09070336818695068,32,False,UNAVAILABLE,DISABLED,DISABLED,DISABLED,UNAVAILABLE,DISABLED
29,0.002696177689358592,8.574715138820466e-06,0.10596895217895508,0.21259361505508423,4.287357569410233e-06,0.05298447608947754,0.10629680752754211,0.1619817465543747,32,False,UNAVAILABLE,DISABLED,DISABLED,DISABLED,UNAVAILABLE,DISABLED
30,0.2215542048215866,7.5076350185554475e-06,0.08184170722961426,0.1660327911376953,3.7538175092777237e-06,0.04092085361480713,0.08301639556884766,0.34549522399902344,32,False,UNAVAILABLE,DISABLED,DISABLED,DISABLED,UNAVAILABLE,DISABLED
31,0.004146764986217022,1.0692245268728584e-05,0.10580021142959595,0.2317287176847458,5.346122634364292e-06,0.052900105714797974,0.1158643588423729,0.17291657626628876,32,False,UNAVAILABLE,DISABLED,DISABLED,DISABLED,UNAVAILABLE,DISABLED
32,0.0033295941539108753,1.0587622455204837e-05,0.15691900253295898,0.28688034415245056,5.2938112276024185e-06,0.07845950126647949,0.14344017207622528,0.22523456811904907,32,False,UNAVAILABLE,DISABLED,DISABLED,DISABLED,UNAVAILABLE,DISABLED
33,0.0035283388569951057,5.856512871105224e-06,0.09059417247772217,0.24397586286067963,2.928256435552612e-06,0.045297086238861084,0.12198793143033981,0.17081628739833832,32,False,UNAVAILABLE,DISABLED,DISABLED,DISABLED,UNAVAILABLE,DISABLED
34,0.003005376784130931,9.714652151160408e-06,0.09876447916030884,0.2659873962402344,4.857326075580204e-06,0.04938223958015442,0.1329936981201172,0.18538618087768555,32,False,UNAVAILABLE,DISABLED,DISABLED,DISABLED,UNAVAILABLE,DISABLED
35,0.002677265554666519,4.5362012315308675e-06,0.053862690925598145,0.11697588860988617,2.2681006157654338e-06,0.026931345462799072,0.058487944304943085,0.08809882402420044,32,False,UNAVAILABLE,DISABLED,DISABLED,DISABLED,UNAVAILABLE,DISABLED
36,0.0038799636531621218,1.0599556844681501e-05,0.1093597412109375,0.32315337657928467,5.299778422340751e-06,0.05467987060546875,0.16157668828964233,0.22014182806015015,32,False,UNAVAILABLE,DISABLED,DISABLED,DISABLED,UNAVAILABLE,DISABLED
37,0.0038519655354321003,1.10724813566776e-05,0.11603248119354248,0.3220710754394531,5.5362406783388e-06,0.05801624059677124,0.16103553771972656,0.22290927171707153,32,False,UNAVAILABLE,DISABLED,DISABLED,DISABLED,UNAVAILABLE,DISABLED
38,0.0029157674871385098,7.4574722930265125e-06,0.1620451807975769,0.32837194204330444,3.7287361465132562e-06,0.08102259039878845,0.16418597102165222,0.24812805652618408,32,False,UNAVAILABLE,DISABLED,DISABLED,DISABLED,UNAVAILABLE,DISABLED
39,0.003290124237537384,7.554931016784394e-06,0.09065401554107666,0.26265907287597656,3.777465508392197e-06,0.04532700777053833,0.13132953643798828,0.17995044589042664,32,False,UNAVAILABLE,DISABLED,DISABLED,DISABLED,UNAVAILABLE,DISABLED
40,0.0034659244120121002,6.33760328128119e-06,0.07308804988861084,0.2714138627052307,3.168801640640595e-06,0.03654402494430542,0.13570693135261536,0.17572005093097687,32,False,UNAVAILABLE,DISABLED,DISABLED,DISABLED,UNAVAILABLE,DISABLED
41,0.0034813391976058483,1.050771516020177e-05,0.11726081371307373,0.3669489026069641,5.253857580100885e-06,0.058630406856536865,0.18347445130348206,0.2455914467573166,32,False,UNAVAILABLE,DISABLED,DISABLED,DISABLED,UNAVAILABLE,DISABLED
42,0.002987552434206009,1.107266143662855e-05,0.11695343255996704,0.38094353675842285,5.536330718314275e-06,0.05847671627998352,0.19047176837921143,0.2519415616989136,32,False,UNAVAILABLE,DISABLED,DISABLED,DISABLED,UNAVAILABLE,DISABLED
43,0.1625489443540573,7.019137228780892e-06,0.08654463291168213,0.2209131121635437,3.509568614390446e-06,0.043272316455841064,0.11045655608177185,0.3162813186645508,32,False,UNAVAILABLE,DISABLED,DISABLED,DISABLED,UNAVAILABLE,DISABLED
44,0.002654007403180003,2.3324869289353956e-06,0.026398777961730957,0.06754043698310852,1.1662434644676978e-06,0.013199388980865479,0.03377021849155426,0.04962478205561638,32,False,UNAVAILABLE,DISABLED,DISABLED,DISABLED,UNAVAILABLE,DISABLED
45,0.03630087524652481,8.38982032291824e-06,0.12290310859680176,0.4118621051311493,4.19491016145912e-06,0.06145155429840088,0.20593105256557465,0.3036876916885376,32,False,UNAVAILABLE,DISABLED,DISABLED,DISABLED,UNAVAILABLE,DISABLED
46,0.003231804119423032,5.549293291551294e-06,0.05362105369567871,0.20392489433288574,2.774646645775647e-06,0.026810526847839355,0.10196244716644287,0.13200755417346954,32,False,UNAVAILABLE,DISABLED,DISABLED,DISABLED,UNAVAILABLE,DISABLED
47,0.003159254090860486,5.432746092992602e-06,0.04772680997848511,0.22117960453033447,2.716373046496301e-06,0.023863404989242554,0.11058980226516724,0.1376151740550995,32,False,UNAVAILABLE,DISABLED,DISABLED,DISABLED,UNAVAILABLE,DISABLED
48,0.0035557604860514402,8.227938451454975e-06,0.14324980974197388,0.3067686855792999,4.113969225727487e-06,0.07162490487098694,0.15338434278964996,0.2285691201686859,32,False,UNAVAILABLE,DISABLED,DISABLED,DISABLED,UNAVAILABLE,DISABLED
49,0.0038469864521175623,7.560844096587971e-06,0.08384621143341064,0.21825821697711945,3.7804220482939854e-06,0.04192310571670532,0.10912910848855972,0.15490297973155975,32,False,UNAVAILABLE,DISABLED,DISABLED,DISABLED,UNAVAILABLE,DISABLED
50,0.003774756332859397,8.586156582168769e-06,0.08158326148986816,0.30223268270492554,4.2930782910843845e-06,0.04079163074493408,0.15111634135246277,0.19568702578544617,32,False,UNAVAILABLE,DISABLED,DISABLED,DISABLED,UNAVAILABLE,DISABLED
51,0.004196351394057274,1.042347230395535e-05,0.08592605590820312,0.28119945526123047,5.211736151977675e-06,0.04296302795410156,0.14059972763061523,0.18776431679725647,32,False,UNAVAILABLE,DISABLED,DISABLED,DISABLED,UNAVAILABLE,DISABLED
52,0.0027588624507188797,3.377146413185983e-06,0.04726302623748779,0.14178144931793213,1.6885732065929915e-06,0.023631513118743896,0.07089072465896606,0.0972827896475792,32,False,UNAVAILABLE,DISABLED,DISABLED,DISABLED,UNAVAILABLE,DISABLED
53,0.008849379606544971,4.856335181102622e-06,0.0483129620552063,0.13925066590309143,2.428167590551311e-06,0.02415648102760315,0.06962533295154572,0.10263362526893616,32,False,UNAVAILABLE,DISABLED,DISABLED,DISABLED,UNAVAILABLE,DISABLED
54,0.00375182693824172,3.862105586449616e-06,0.029637277126312256,0.11616687476634979,1.931052793224808e-06,0.014818638563156128,0.058083437383174896,0.07665583491325378,32,False,UNAVAILABLE,DISABLED,DISABLED,DISABLED,UNAVAILABLE,DISABLED
55,0.0047881524078547955,1.2639973647310399e-05,0.11800241470336914,0.35903844237327576,6.319986823655199e-06,0.05900120735168457,0.17951922118663788,0.24331489205360413,32,False,UNAVAILABLE,DISABLED,DISABLED,DISABLED,UNAVAILABLE,DISABLED
56,0.00353387207724154,8.172291018126998e-06,0.06384932994842529,0.22966699302196503,4.086145509063499e-06,0.031924664974212646,0.11483349651098251,0.15029612183570862,32,False,UNAVAILABLE,DISABLED,DISABLED,DISABLED,UNAVAILABLE,DISABLED
57,0.20555558800697327,5.439876076707151e-06,0.043202877044677734,0.18607822060585022,2.7199380383535754e-06,0.021601438522338867,0.09303911030292511,0.3201988637447357,32,False,UNAVAILABLE,DISABLED,DISABLED,DISABLED,UNAVAILABLE,DISABLED
58,0.06469538807868958,5.594275990006281e-06,0.06026178598403931,0.22791044414043427,2.7971379950031405e-06,0.030130892992019653,0.11395522207021713,0.2087842971086502,32,False,UNAVAILABLE,DISABLED,DISABLED,DISABLED,UNAVAILABLE,DISABLED
59,0.2396896779537201,2.4017056148295524e-06,0.020197570323944092,0.008619561791419983,1.2008528074147762e-06,0.010098785161972046,0.0043097808957099915,0.25409945845603943,32,False,UNAVAILABLE,DISABLED,DISABLED,DISABLED,UNAVAILABLE,DISABLED
60,0.039812229573726654,2.0667032458732137e-06,0.020886361598968506,0.08790409564971924,1.0333516229366069e-06,0.010443180799484253,0.04395204782485962,0.0942084938287735,32,False,UNAVAILABLE,DISABLED,DISABLED,DISABLED,UNAVAILABLE,DISABLED
61,0.0037611383013427258,2.9193408863648074e-06,0.030455827713012695,0.05183393508195877,1.4596704431824037e-06,0.015227913856506348,0.025916967540979385,0.04490748047828674,32,False,UNAVAILABLE,DISABLED,DISABLED,DISABLED,UNAVAILABLE,DISABLED
62,0.004124803002923727,4.361335868452443e-06,0.03490370512008667,0.06467501074075699,2.1806679342262214e-06,0.017451852560043335,0.032337505370378494,0.05391634255647659,32,False,UNAVAILABLE,DISABLED,DISABLED,DISABLED,UNAVAILABLE,DISABLED
63,0.006170707289129496,5.466708444146207e-06,0.06277304887771606,0.19920068979263306,2.7333542220731033e-06,0.03138652443885803,0.09960034489631653,0.1371603012084961,32,False,UNAVAILABLE,DISABLED,DISABLED,DISABLED,UNAVAILABLE,DISABLED
64,0.00326506863348186,3.7215265820123022e-06,0.06631749868392944,0.041577573865652084,1.8607632910061511e-06,0.03315874934196472,0.020788786932826042,0.05721446871757507,32,False,UNAVAILABLE,DISABLED,DISABLED,DISABLED,UNAVAILABLE,DISABLED
65,0.004781604744493961,5.76045340494602e-06,0.04805755615234375,0.12544682621955872,2.88022670247301e-06,0.024028778076171875,0.06272341310977936,0.09153667837381363,32,False,UNAVAILABLE,DISABLED,DISABLED,DISABLED,UNAVAILABLE,DISABLED
66,0.003376911859959364,7.111430022632703e-06,0.05737566947937012,0.19773009419441223,3.5557150113163516e-06,0.02868783473968506,0.09886504709720612,0.13093334436416626,32,False,UNAVAILABLE,DISABLED,DISABLED,DISABLED,UNAVAILABLE,DISABLED
67,0.188028946518898,3.0751423309993697e-06,0.029018163681030273,0.03401637822389603,1.5375711654996849e-06,0.014509081840515137,0.017008189111948013,0.21954774856567383,32,False,UNAVAILABLE,DISABLED,DISABLED,DISABLED,UNAVAILABLE,DISABLED
68,0.007808510214090347,6.6007228269882035e-06,0.0580066442489624,0.1489703357219696,3.3003614134941017e-06,0.0290033221244812,0.0744851678609848,0.11130030453205109,32,False,UNAVAILABLE,DISABLED,DISABLED,DISABLED,UNAVAILABLE,DISABLED
69,0.01347599271684885,4.049476046930067e-06,0.042356252670288086,0.056567832827568054,2.0247380234650336e-06,0.021178126335144043,0.028283916413784027,0.06294006109237671,32,False,UNAVAILABLE,DISABLED,DISABLED,DISABLED,UNAVAILABLE,DISABLED
70,0.017098212614655495,5.288127340463689e-06,0.033554673194885254,0.09699483215808868,2.6440636702318443e-06,0.016777336597442627,0.04849741607904434,0.08237560838460922,32,False,UNAVAILABLE,DISABLED,DISABLED,DISABLED,UNAVAILABLE,DISABLED
71,0.004819056950509548,5.243802206678083e-06,0.04075700044631958,0.04903806000947952,2.6219011033390416e-06,0.02037850022315979,0.02451903000473976,0.04971920698881149,32,False,UNAVAILABLE,DISABLED,DISABLED,DISABLED,UNAVAILABLE,DISABLED
72,0.0034313402138650417,4.532028924586484e-06,0.08030670881271362,0.04108825698494911,2.266014462293242e-06,0.04015335440635681,0.020544128492474556,0.06413108855485916,32,False,UNAVAILABLE,DISABLED,DISABLED,DISABLED,UNAVAILABLE,DISABLED
73,0.009886353276669979,4.961334525432903e-06,0.05993819236755371,0.1815362274646759,2.4806672627164517e-06,0.029969096183776855,0.09076811373233795,0.13062605261802673,32,False,UNAVAILABLE,DISABLED,DISABLED,DISABLED,UNAVAILABLE,DISABLED
74,0.010025053285062313,5.225357199378777e-06,0.04152655601501465,0.058940012007951736,2.6126785996893886e-06,0.020763278007507324,0.029470006003975868,0.06026095151901245,32,False,UNAVAILABLE,DISABLED,DISABLED,DISABLED,UNAVAILABLE,DISABLED
75,0.014479774981737137,3.829526576737408e-06,0.03898787498474121,-0.050030045211315155,1.914763288368704e-06,0.019493937492370605,-0.025015022605657578,0.008960604667663574,32,False,UNAVAILABLE,DISABLED,DISABLED,DISABLED,UNAVAILABLE,DISABLED
76,0.0046659731306135654,1.0788631698233075e-05,0.14977025985717773,0.061057448387145996,5.394315849116538e-06,0.07488512992858887,0.030528724193572998,0.11008521914482117,32,False,UNAVAILABLE,DISABLED,DISABLED,DISABLED,UNAVAILABLE,DISABLED
77,0.07152970135211945,3.1482854865316767e-06,0.05946755409240723,0.037681695073843,1.5741427432658384e-06,0.029733777046203613,0.0188408475369215,0.12010589987039566,32,False,UNAVAILABLE,DISABLED,DISABLED,DISABLED,UNAVAILABLE,DISABLED
78,0.006064386572688818,7.1791987465985585e-06,0.04225575923919678,0.1110440343618393,3.5895993732992793e-06,0.02112787961959839,0.05552201718091965,0.08271787315607071,32,False,UNAVAILABLE,DISABLED,DISABLED,DISABLED,UNAVAILABLE,DISABLED
79,0.008319486863911152,5.506988145498326e-06,0.0686800479888916,-0.023310072720050812,2.753494072749163e-06,0.0343400239944458,-0.011655036360025406,0.031007226556539536,32,False,UNAVAILABLE,DISABLED,DISABLED,DISABLED,UNAVAILABLE,DISABLED
80,0.31678274273872375,5.147278443473624e-06,0.04278421401977539,-0.00090032909065485,2.573639221736812e-06,0.021392107009887695,-0.000450164545327425,0.33772724866867065,32,False,UNAVAILABLE,DISABLED,DISABLED,DISABLED,UNAVAILABLE,DISABLED
81,0.0052494159899652,1.1879857083840761e-05,0.0845801830291748,0.1754477620124817,5.939928541920381e-06,0.0422900915145874,0.08772388100624084,0.13526932895183563,32,False,UNAVAILABLE,DISABLED,DISABLED,DISABLED,UNAVAILABLE,DISABLED
82,0.01633511856198311,3.6642045415646862e-06,0.049632251262664795,0.014722868800163269,1.8321022707823431e-06,0.024816125631332397,0.0073614344000816345,0.048514511436223984,32,False,UNAVAILABLE,DISABLED,DISABLED,DISABLED,UNAVAILABLE,DISABLED
83,0.0061088548973202705,4.6272421059256885e-06,0.07910144329071045,0.08488491177558899,2.3136210529628443e-06,0.039550721645355225,0.042442455887794495,0.08810434490442276,32,False,UNAVAILABLE,DISABLED,DISABLED,DISABLED,UNAVAILABLE,DISABLED
84,0.008656801655888557,3.4381105251668487e-06,0.028600871562957764,0.04678024724125862,1.7190552625834243e-06,0.014300435781478882,0.02339012362062931,0.04634907841682434,32,False,UNAVAILABLE,DISABLED,DISABLED,DISABLED,UNAVAILABLE,DISABLED
85,0.005669474136084318,3.817099695879733e-06,0.026501178741455078,0.10122478753328323,1.9085498479398666e-06,0.013250589370727539,0.05061239376664162,0.06953436136245728,32,False,UNAVAILABLE,DISABLED,DISABLED,DISABLED,UNAVAILABLE,DISABLED
86,0.009399691596627235,3.620960342232138e-06,0.03643161058425903,-0.02768903598189354,1.810480171116069e-06,0.018215805292129517,-0.01384451799094677,0.013772789388895035,32,False,UNAVAILABLE,DISABLED,DISABLED,DISABLED,UNAVAILABLE,DISABLED
87,0.0041906386613845825,4.366879238659749e-06,0.03261864185333252,0.11412247270345688,2.1834396193298744e-06,0.01630932092666626,0.05706123635172844,0.07756337523460388,32,False,UNAVAILABLE,DISABLED,DISABLED,DISABLED,UNAVAILABLE,DISABLED
88,0.010455694049596786,3.6086707950744312e-06,0.0388219952583313,0.0075452253222465515,1.8043353975372156e-06,0.01941099762916565,0.0037726126611232758,0.03364110738039017,32,False,UNAVAILABLE,DISABLED,DISABLED,DISABLED,UNAVAILABLE,DISABLED
89,0.009778530336916447,2.664906332938699e-06,0.03227752447128296,-0.035363733768463135,1.3324531664693495e-06,0.01613876223564148,-0.017681866884231567,0.008236758410930634,32,False,UNAVAILABLE,DISABLED,DISABLED,DISABLED,UNAVAILABLE,DISABLED
90,0.00714252470061183,4.0776963032840285e-06,0.07318001985549927,-0.05867619067430496,2.0388481516420143e-06,0.036590009927749634,-0.02933809533715248,0.014396477490663528,32,False,UNAVAILABLE,DISABLED,DISABLED,DISABLED,UNAVAILABLE,DISABLED
91,0.038851767778396606,2.364647571084788e-06,0.02602064609527588,0.00534743070602417,1.182323785542394e-06,0.01301032304763794,0.002673715353012085,0.05453698709607124,32,False,UNAVAILABLE,DISABLED,DISABLED,DISABLED,UNAVAILABLE,DISABLED
92,0.006280886009335518,2.725940248637926e-06,0.03488820791244507,0.035206541419029236,1.362970124318963e-06,0.017444103956222534,0.017603270709514618,0.04132962226867676,32,False,UNAVAILABLE,DISABLED,DISABLED,DISABLED,UNAVAILABLE,DISABLED
93,0.0070459190756082535,4.0091176742862444e-06,0.044324517250061035,-0.02003847062587738,2.0045588371431222e-06,0.022162258625030518,-0.01001923531293869,0.019190946593880653,32,False,UNAVAILABLE,DISABLED,DISABLED,DISABLED,UNAVAILABLE,DISABLED
94,0.15233372151851654,3.424931037443457e-06,0.04148179292678833,-0.012092068791389465,1.7124655187217286e-06,0.020740896463394165,-0.006046034395694733,0.16703030467033386,32,False,UNAVAILABLE,DISABLED,DISABLED,DISABLED,UNAVAILABLE,DISABLED
95,0.12443465739488602,6.199787549121538e-06,0.09917199611663818,-0.07565157115459442,3.099893774560769e-06,0.04958599805831909,-0.03782578557729721,0.13619795441627502,32,False,UNAVAILABLE,DISABLED,DISABLED,DISABLED,UNAVAILABLE,DISABLED
96,0.025038784369826317,2.937627186838654e-06,0.07579511404037476,0.06480495631694794,1.468813593419327e-06,0.03789755702018738,0.03240247815847397,0.0953402891755104,32,False,UNAVAILABLE,DISABLED,DISABLED,DISABLED,UNAVAILABLE,DISABLED
97,0.004718874115496874,2.1188748178246897e-06,0.030988097190856934,-0.03705374151468277,1.0594374089123448e-06,0.015494048595428467,-0.018526870757341385,0.0016871113330125809,32,False,UNAVAILABLE,DISABLED,DISABLED,DISABLED,UNAVAILABLE,DISABLED
98,0.00449381722137332,2.946043423435185e-06,0.03599750995635986,0.041088126599788666,1.4730217117175926e-06,0.01799875497817993,0.020544063299894333,0.043038107454776764,32,False,UNAVAILABLE,DISABLED,DISABLED,DISABLED,UNAVAILABLE,DISABLED
99,0.005392729304730892,3.3479109333711676e-06,0.04476010799407959,0.023255549371242523,1.6739554666855838e-06,0.022380053997039795,0.011627774685621262,0.03940223157405853,32,False,UNAVAILABLE,DISABLED,DISABLED,DISABLED,UNAVAILABLE,DISABLED
100,0.005873007234185934,3.176628752044053e-06,0.04313015937805176,0.06717023253440857,1.5883143760220264e-06,0.02156507968902588,0.033585116267204285,0.06102479249238968,32,False,UNAVAILABLE,DISABLED,DISABLED,DISABLED,UNAVAILABLE,DISABLED
101,0.004759314935654402,6.859448603790952e-06,0.0410923957824707,0.0667349323630333,3.429724301895476e-06,0.02054619789123535,0.03336746618151665,0.05867640674114227,32,False,UNAVAILABLE,DISABLED,DISABLED,DISABLED,UNAVAILABLE,DISABLED
102,0.008848913945257664,3.6087690205022227e-06,0.03490138053894043,0.028495565056800842,1.8043845102511114e-06,0.017450690269470215,0.014247782528400421,0.04054918885231018,32,False,UNAVAILABLE,DISABLED,DISABLED,DISABLED,UNAVAILABLE,DISABLED
103,0.006347197107970715,3.861679942929186e-06,0.03823667764663696,0.06010826677083969,1.930839971464593e-06,0.01911833882331848,0.030054133385419846,0.05552159994840622,32,False,UNAVAILABLE,DISABLED,DISABLED,DISABLED,UNAVAILABLE,DISABLED
104,0.008617447689175606,4.737083145300858e-06,0.07711666822433472,0.0887490063905716,2.368541572650429e-06,0.03855833411216736,0.0443745031952858,0.09155265241861343,32,False,UNAVAILABLE,DISABLED,DISABLED,DISABLED,UNAVAILABLE,DISABLED
105,0.0049893599934875965,4.3297750380588695e-06,0.04458552598953247,0.0596928745508194,2.1648875190294348e-06,0.022292762994766235,0.0298464372754097,0.05713072419166565,32,False,UNAVAILABLE,DISABLED,DISABLED,DISABLED,UNAVAILABLE,DISABLED
106,0.009114584885537624,2.3235602384374943e-06,0.030736863613128662,0.060211777687072754,1.1617801192187471e-06,0.015368431806564331,0.030105888843536377,0.05459006875753403,32,False,UNAVAILABLE,DISABLED,DISABLED,DISABLED,UNAVAILABLE,DISABLED
107,0.0055380030535161495,4.238353085384006e-06,0.06307739019393921,0.0995420590043068,2.119176542692003e-06,0.031538695096969604,0.0497710295021534,0.08684984594583511,32,False,UNAVAILABLE,DISABLED,DISABLED,DISABLED,UNAVAILABLE,DISABLED
108,0.006907249800860882,5.448543106467696e-06,0.04286074638366699,0.06602681428194046,2.724271553233848e-06,0.021430373191833496,0.03301340714097023,0.06135375425219536,32,False,UNAVAILABLE,DISABLED,DISABLED,DISABLED,UNAVAILABLE,DISABLED
109,0.004679510835558176,3.4048148336296435e-06,0.058102548122406006,-0.027091234922409058,1.7024074168148218e-06,0.029051274061203003,-0.013545617461204529,0.02018687129020691,32,False,UNAVAILABLE,DISABLED,DISABLED,DISABLED,UNAVAILABLE,DISABLED
110,0.00515688257291913,4.657018962461734e-06,0.036282360553741455,0.07468099147081375,2.328509481230867e-06,0.018141180276870728,0.037340495735406876,0.060640886425971985,32,False,UNAVAILABLE,DISABLED,DISABLED,DISABLED,UNAVAILABLE,DISABLED
111,0.0041860551573336124,4.250624897395028e-06,0.04032027721405029,0.09647494554519653,2.125312448697514e-06,0.020160138607025146,0.04823747277259827,0.07258579134941101,32,False,UNAVAILABLE,DISABLED,DISABLED,DISABLED,UNAVAILABLE,DISABLED
112,0.0062293363735079765,6.895229034853401e-06,0.14115923643112183,-0.050661806017160416,3.4476145174267003e-06,0.07057961821556091,-0.025330903008580208,0.05148150026798248,32,False,UNAVAILABLE,DISABLED,DISABLED,DISABLED,UNAVAILABLE,DISABLED
113,0.005578561685979366,3.3780356716306414e-06,0.05108988285064697,0.12014584243297577,1.6890178358153207e-06,0.025544941425323486,0.060072921216487885,0.09119811654090881,32,False,UNAVAILABLE,DISABLED,DISABLED,DISABLED,UNAVAILABLE,DISABLED
114,0.00579988956451416,3.3202309168700594e-06,0.058189988136291504,0.027387335896492004,1.6601154584350297e-06,0.029094994068145752,0.013693667948246002,0.04859021306037903,32,False,UNAVAILABLE,DISABLED,DISABLED,DISABLED,UNAVAILABLE,DISABLED
115,0.006092781201004982,3.167999921060982e-06,0.03365689516067505,0.0022080689668655396,1.583999960530491e-06,0.016828447580337524,0.0011040344834327698,0.02402684837579727,32,False,UNAVAILABLE,DISABLED,DISABLED,DISABLED,UNAVAILABLE,DISABLED
116,0.005737577565014362,5.8839150369749404e-06,0.04387938976287842,0.05301980674266815,2.9419575184874702e-06,0.02193969488143921,0.026509903371334076,0.05419011786580086,32,False,UNAVAILABLE,DISABLED,DISABLED,DISABLED,UNAVAILABLE,DISABLED
117,0.006052409298717976,7.823377927707043e-06,0.04353147745132446,-0.01995951682329178,3.911688963853521e-06,0.02176573872566223,-0.00997975841164589,0.017842300236225128,32,False,UNAVAILABLE,DISABLED,DISABLED,DISABLED,UNAVAILABLE,DISABLED
118,0.004996855277568102,6.473781013482949e-06,0.0352512001991272,0.03147643804550171,3.2368905067414744e-06,0.0176256000995636,0.015738219022750854,0.03836391121149063,32,False,UNAVAILABLE,DISABLED,DISABLED,DISABLED,UNAVAILABLE,DISABLED
119,0.003337005153298378,2.8422432478691917e-06,0.06458711624145508,0.026983991265296936,1.4211216239345958e-06,0.03229355812072754,0.013491995632648468,0.04912398010492325,32,False,UNAVAILABLE,DISABLED,DISABLED,DISABLED,UNAVAILABLE,DISABLED
120,0.007405335083603859,5.8835221352637745e-06,0.04133200645446777,0.009875372052192688,2.9417610676318873e-06,0.020666003227233887,0.004937686026096344,0.033011965453624725,32,False,UNAVAILABLE,DISABLED,DISABLED,DISABLED,UNAVAILABLE,DISABLED
121,0.005931890569627285,6.236248282220913e-06,0.05622225999832153,-0.030430153012275696,3.1181241411104565e-06,0.028111129999160767,-0.015215076506137848,0.01883106306195259,32,False,UNAVAILABLE,DISABLED,DISABLED,DISABLED,UNAVAILABLE,DISABLED
122,0.007614766247570515,8.251768122136127e-06,0.09988665580749512,-0.032894425094127655,4.125884061068064e-06,0.04994332790374756,-0.016447212547063828,0.04111500829458237,32,False,UNAVAILABLE,DISABLED,DISABLED,DISABLED,UNAVAILABLE,DISABLED
123,0.0069610183127224445,6.184945959830657e-06,0.04451167583465576,0.044843241572380066,3.0924729799153283e-06,0.02225583791732788,0.022421620786190033,0.051641568541526794,32,False,UNAVAILABLE,DISABLED,DISABLED,DISABLED,UNAVAILABLE,DISABLED
124,0.0075035979971289635,5.712949587177718e-06,0.09109485149383545,0.005219325423240662,2.856474793588859e-06,0.045547425746917725,0.002609662711620331,0.055663540959358215,32,False,UNAVAILABLE,DISABLED,DISABLED,DISABLED,UNAVAILABLE,DISABLED
125,0.004992789588868618,3.6722826735058334e-06,0.034938156604766846,0.017161592841148376,1.8361413367529167e-06,0.017469078302383423,0.008580796420574188,0.031044499948620796,32,False,UNAVAILABLE,DISABLED,DISABLED,DISABLED,UNAVAILABLE,DISABLED
126,0.008518592454493046,3.0099897685431642e-06,0.050299882888793945,0.054666802287101746,1.5049948842715821e-06,0.025149941444396973,0.027333401143550873,0.061003439128398895,32,False,UNAVAILABLE,DISABLED,DISABLED,DISABLED,UNAVAILABLE,DISABLED
127,0.00888562947511673,1.323973719991045e-05,0.09048992395401001,-0.07586745917797089,6.619868599955225e-06,0.045244961977005005,-0.03793372958898544,0.01620348170399666,32,False,UNAVAILABLE,DISABLED,DISABLED,DISABLED,UNAVAILABLE,DISABLED
128,0.006387799046933651,3.5025250326725654e-06,0.06966835260391235,0.006413638591766357,1.7512625163362827e-06,0.03483417630195618,0.0032068192958831787,0.04443054646253586,32,False,UNAVAILABLE,DISABLED,DISABLED,DISABLED,UNAVAILABLE,DISABLED
129,0.006210788618773222,4.634939159586793e-06,0.04527604579925537,0.024095013737678528,2.3174695797933964e-06,0.022638022899627686,0.012047506868839264,0.0408986359834671,32,False,UNAVAILABLE,DISABLED,DISABLED,DISABLED,UNAVAILABLE,DISABLED
130,0.007103998679667711,1.244465875060996e-05,0.12664145231246948,-0.023092493414878845,6.22232937530498e-06,0.06332072615623474,-0.011546246707439423,0.05888470262289047,32,False,UNAVAILABLE,DISABLED,DISABLED,DISABLED,UNAVAILABLE,DISABLED
131,0.006899937056005001,3.8074920212238794e-06,0.05127441883087158,-0.023835808038711548,1.9037460106119397e-06,0.02563720941543579,-0.011917904019355774,0.020621147006750107,32,False,UNAVAILABLE,DISABLED,DISABLED,DISABLED,UNAVAILABLE,DISABLED
132,0.006203692872077227,4.691612502938369e-06,0.04602646827697754,0.013997822999954224,2.3458062514691846e-06,0.02301323413848877,0.006998911499977112,0.03621818497776985,32,False,UNAVAILABLE,DISABLED,DISABLED,DISABLED,UNAVAILABLE,DISABLED
133,0.006991514004766941,4.50319157607737e-06,0.03194624185562134,0.024901866912841797,2.251595788038685e-06,0.01597312092781067,0.012450933456420898,0.035417817533016205,32,False,UNAVAILABLE,DISABLED,DISABLED,DISABLED,UNAVAILABLE,DISABLED
134,0.006924339570105076,3.306646249257028e-06,0.03093641996383667,0.04173684120178223,1.653323124628514e-06,0.015468209981918335,0.020868420600891113,0.04326262325048447,32,False,UNAVAILABLE,DISABLED,DISABLED,DISABLED,UNAVAILABLE,DISABLED
135,0.009736431762576103,3.856508101307554e-06,0.029811441898345947,-0.013985753059387207,1.928254050653777e-06,0.014905720949172974,-0.0069928765296936035,0.017651204019784927,32,False,UNAVAILABLE,DISABLED,DISABLED,DISABLED,UNAVAILABLE,DISABLED
136,0.006828393787145615,9.315799616160803e-06,0.05601781606674194,-0.013707488775253296,4.657899808080401e-06,0.02800890803337097,-0.006853744387626648,0.027988214045763016,32,False,UNAVAILABLE,DISABLED,DISABLED,DISABLED,UNAVAILABLE,DISABLED
137,0.00580372242256999,3.4020108614640776e-06,0.05456727743148804,0.04401639103889465,1.7010054307320388e-06,0.02728363871574402,0.022008195519447327,0.05509725958108902,32,False,UNAVAILABLE,DISABLED,DISABLED,DISABLED,UNAVAILABLE,DISABLED
138,0.007525180000811815,5.303325906425016e-06,0.056594014167785645,-0.09881600737571716,2.651662953212508e-06,0.028297007083892822,-0.04940800368785858,-0.013583164662122726,32,False,UNAVAILABLE,DISABLED,DISABLED,DISABLED,UNAVAILABLE,DISABLED
139,0.007186568807810545,5.136070740263676e-06,0.04166615009307861,-0.0410231351852417,2.568035370131838e-06,0.020833075046539307,-0.02051156759262085,0.0075106434524059296,32,False,UNAVAILABLE,DISABLED,DISABLED,DISABLED,UNAVAILABLE,DISABLED
140,0.005775668658316135,3.809667987297871e-06,0.024323999881744385,-0.01832789182662964,1.9048339936489356e-06,0.012161999940872192,-0.00916394591331482,0.008775627240538597,32,False,UNAVAILABLE,DISABLED,DISABLED,DISABLED,UNAVAILABLE,DISABLED
141,0.005461687687784433,4.150662789470516e-06,0.03616929054260254,-0.016144484281539917,2.075331394735258e-06,0.01808464527130127,-0.008072242140769958,0.01547616720199585,32,False,UNAVAILABLE,DISABLED,DISABLED,DISABLED,UNAVAILABLE,DISABLED
142,0.004716848488897085,3.1134550226852298e-06,0.028224050998687744,-0.021676361560821533,1.5567275113426149e-06,0.014112025499343872,-0.010838180780410767,0.007992248982191086,32,False,UNAVAILABLE,DISABLED,DISABLED,DISABLED,UNAVAILABLE,DISABLED
143,0.0052137793973088264,4.201511274004588e-06,0.06147623062133789,-0.08518698811531067,2.100755637002294e-06,0.030738115310668945,-0.042593494057655334,-0.006639499217271805,32,False,UNAVAILABLE,DISABLED,DISABLED,DISABLED,UNAVAILABLE,DISABLED
144,0.008236592635512352,7.83009181759553e-06,0.07523953914642334,-0.034243762493133545,3.915045908797765e-06,0.03761976957321167,-0.017121881246566772,0.028738394379615784,32,False,UNAVAILABLE,DISABLED,DISABLED,DISABLED,UNAVAILABLE,DISABLED
145,0.005122931208461523,6.718177701259265e-06,0.07042229175567627,-0.0867609977722168,3.3590888506296324e-06,0.035211145877838135,-0.0433804988861084,-0.00304306298494339,32,False,UNAVAILABLE,DISABLED,DISABLED,DISABLED,UNAVAILABLE,DISABLED
146,0.006932275369763374,2.8638496587518603e-06,0.03138619661331177,-0.04672309756278992,1.4319248293759301e-06,0.015693098306655884,-0.02336154878139496,-0.0007347427308559418,32,False,UNAVAILABLE,DISABLED,DISABLED,DISABLED,UNAVAILABLE,DISABLED
147,0.006632477976381779,5.6070230129989795e-06,0.11792826652526855,-0.10984784364700317,2.8035115064994898e-06,0.05896413326263428,-0.05492392182350159,0.010675489902496338,32,False,UNAVAILABLE,DISABLED,DISABLED,DISABLED,UNAVAILABLE,DISABLED
148,0.006630773656070232,7.769098374410532e-06,0.14832663536071777,-0.03961664438247681,3.884549187205266e-06,0.07416331768035889,-0.019808322191238403,0.060989655554294586,32,False,UNAVAILABLE,DISABLED,DISABLED,DISABLED,UNAVAILABLE,DISABLED
149,0.005960393231362104,4.984701263310853e-06,0.0622251033782959,-0.04150110483169556,2.4923506316554267e-06,0.03111255168914795,-0.02075055241584778,0.016324885189533234,32,False,UNAVAILABLE,DISABLED,DISABLED,DISABLED,UNAVAILABLE,DISABLED
150,0.008093727752566338,7.587942945974646e-06,0.052860260009765625,-0.028336763381958008,3.793971472987323e-06,0.026430130004882812,-0.014168381690979004,0.02035927027463913,32,False,UNAVAILABLE,DISABLED,DISABLED,DISABLED,UNAVAILABLE,DISABLED
151,0.00738892238587141,2.3796758341632085e-06,0.024022400379180908,-0.03244912624359131,1.1898379170816042e-06,0.012011200189590454,-0.016224563121795654,0.003176748752593994,32,False,UNAVAILABLE,DISABLED,DISABLED,DISABLED,UNAVAILABLE,DISABLED
152,0.010908789001405239,5.834419425809756e-06,0.061177730560302734,-0.061495810747146606,2.917209712904878e-06,0.030588865280151367,-0.030747905373573303,0.010752666741609573,32,False,UNAVAILABLE,DISABLED,DISABLED,DISABLED,UNAVAILABLE,DISABLED
153,0.007274653296917677,4.266629730409477e-06,0.05172032117843628,-0.008238017559051514,2.1333148652047385e-06,0.02586016058921814,-0.004119008779525757,0.029017940163612366,32,False,UNAVAILABLE,DISABLED,DISABLED,DISABLED,UNAVAILABLE,DISABLED
154,0.00433717155829072,5.311300810717512e-06,0.09087097644805908,-0.03641226887702942,2.655650405358756e-06,0.04543548822402954,-0.01820613443851471,0.03156918287277222,32,False,UNAVAILABLE,DISABLED,DISABLED,DISABLED,UNAVAILABLE,DISABLED
155,0.006864085793495178,5.679024070559535e-06,0.11150109767913818,-0.02335059642791748,2.8395120352797676e-06,0.05575054883956909,-0.01167529821395874,0.05094217509031296,32,False,UNAVAILABLE,DISABLED,DISABLED,DISABLED,UNAVAILABLE,DISABLED
156,0.004556588362902403,6.625530204473762e-06,0.12324047088623047,0.023415058851242065,3.312765102236881e-06,0.061620235443115234,0.011707529425621033,0.07788766920566559,32,False,UNAVAILABLE,DISABLED,DISABLED,DISABLED,UNAVAILABLE,DISABLED
157,0.06146825850009918,3.899415332853096e-06,0.07813936471939087,-0.08021587133407593,1.949707666426548e-06,0.039069682359695435,-0.040107935667037964,0.06043195724487305,32,False,UNAVAILABLE,DISABLED,DISABLED,DISABLED,UNAVAILABLE,DISABLED
158,0.0038746765349060297,3.0531416541634826e-06,0.1327027678489685,0.0674721896648407,1.5265708270817413e-06,0.06635138392448425,0.03373609483242035,0.10396368056535721,32,False,UNAVAILABLE,DISABLED,DISABLED,DISABLED,UNAVAILABLE,DISABLED
159,0.004647274501621723,4.666881068260409e-06,0.06202322244644165,0.05182594060897827,2.3334405341302045e-06,0.031011611223220825,0.025912970304489136,0.061574190855026245,32,False,UNAVAILABLE,DISABLED,DISABLED,DISABLED,UNAVAILABLE,DISABLED
160,0.0030689011327922344,3.5072719128947938e-06,0.06883543729782104,0.06899327039718628,1.7536359564473969e-06,0.03441771864891052,0.03449663519859314,0.07198500633239746,32,False,UNAVAILABLE,DISABLED,DISABLED,DISABLED,UNAVAILABLE,DISABLED
161,0.004079433158040047,4.017837454739492e-06,0.05685591697692871,0.027204126119613647,2.008918727369746e-06,0.028427958488464355,0.013602063059806824,0.046111464500427246,32,False,UNAVAILABLE,DISABLED,DISABLED,DISABLED,UNAVAILABLE,DISABLED
162,0.003372826846316457,2.2120218545751413e-06,0.0385441780090332,-0.0878063440322876,1.1060109272875707e-06,0.0192720890045166,-0.0439031720161438,-0.021257150918245316,32,False,UNAVAILABLE,DISABLED,DISABLED,DISABLED,UNAVAILABLE,DISABLED
163,0.00573696056380868,4.634618562704418e-06,0.0479581356048584,-0.060499370098114014,2.317309281352209e-06,0.0239790678024292,-0.030249685049057007,-0.000531340017914772,32,False,UNAVAILABLE,DISABLED,DISABLED,DISABLED,UNAVAILABLE,DISABLED
164,0.004586225375533104,7.350703526753932e-06,0.10220658779144287,0.08539456129074097,3.675351763376966e-06,0.051103293895721436,0.04269728064537048,0.09839047491550446,32,False,UNAVAILABLE,DISABLED,DISABLED,DISABLED,UNAVAILABLE,DISABLED
165,0.003505505621433258,2.7526859867066378e-06,0.044045329093933105,0.04809349775314331,1.3763429933533189e-06,0.022022664546966553,0.024046748876571655,0.0495762974023819,32,False,UNAVAILABLE,DISABLED,DISABLED,DISABLED,UNAVAILABLE,DISABLED
166,0.0037360333371907473,8.785877071204595e-06,0.0663338303565979,-0.12772750854492188,4.392938535602298e-06,0.03316691517829895,-0.06386375427246094,-0.026956412941217422,32,False,UNAVAILABLE,DISABLED,DISABLED,DISABLED,UNAVAILABLE,DISABLED
167,0.0031149524729698896,2.361344286327949e-06,0.06937015056610107,-0.15749764442443848,1.1806721431639744e-06,0.03468507528305054,-0.07874882221221924,-0.04094761237502098,32,False,UNAVAILABLE,DISABLED,DISABLED,DISABLED,UNAVAILABLE,DISABLED
168,0.007832326926290989,5.502787189470837e-06,0.040646255016326904,-0.0637187659740448,2.7513935947354184e-06,0.020323127508163452,-0.0318593829870224,-0.00370117649435997,32,False,UNAVAILABLE,DISABLED,DISABLED,DISABLED,UNAVAILABLE,DISABLED
169,0.06311406195163727,6.049401235941332e-06,0.07433634996414185,-0.13113966584205627,3.024700617970666e-06,0.03716817498207092,-0.06556983292102814,0.034715428948402405,32,False,UNAVAILABLE,DISABLED,DISABLED,DISABLED,UNAVAILABLE,DISABLED
170,0.004483534023165703,3.967994416598231e-06,0.04551297426223755,-0.1059851348400116,1.9839972082991153e-06,0.022756487131118774,-0.0529925674200058,-0.02575056254863739,32,False,UNAVAILABLE,DISABLED,DISABLED,DISABLED,UNAVAILABLE,DISABLED
171,0.00431711133569479,8.212658030970488e-06,0.06436681747436523,-0.09560441970825195,4.106329015485244e-06,0.03218340873718262,-0.04780220985412598,-0.01129758358001709,32,False,UNAVAILABLE,DISABLED,DISABLED,DISABLED,UNAVAILABLE,DISABLED
172,0.031228598207235336,8.646014975965954e-06,0.0869331955909729,-0.11679813265800476,4.323007487982977e-06,0.04346659779548645,-0.05839906632900238,0.01630045473575592,32,False,UNAVAILABLE,DISABLED,DISABLED,DISABLED,UNAVAILABLE,DISABLED
173,0.003121944610029459,3.398861281311838e-06,0.08821839094161987,-0.12907785177230835,1.699430640655919e-06,0.044109195470809937,-0.06453892588615417,-0.01730608567595482,32,False,UNAVAILABLE,DISABLED,DISABLED,DISABLED,UNAVAILABLE,DISABLED
174,0.004164807498455048,5.3656103773391806e-06,0.14708495140075684,-0.1473861038684845,2.6828051886695903e-06,0.07354247570037842,-0.07369305193424225,0.00401691347360611,32,False,UNAVAILABLE,DISABLED,DISABLED,DISABLED,UNAVAILABLE,DISABLED
175,0.02813573367893696,7.658581125724595e-06,0.08590126037597656,-0.07293081283569336,3.8292905628622975e-06,0.04295063018798828,-0.03646540641784668,0.03462478518486023,32,False,UNAVAILABLE,DISABLED,DISABLED,DISABLED,UNAVAILABLE,DISABLED
176,0.0029623061418533325,3.89208162232535e-06,0.1582595705986023,-0.10509377717971802,1.946040811162675e-06,0.07912978529930115,-0.05254688858985901,0.02954714745283127,32,False,UNAVAILABLE,DISABLED,DISABLED,DISABLED,UNAVAILABLE,DISABLED
177,0.0034319532569497824,6.746748113073409e-06,0.07865560054779053,-0.03574484586715698,3.3733740565367043e-06,0.039327800273895264,-0.01787242293357849,0.024890705943107605,32,False,UNAVAILABLE,DISABLED,DISABLED,DISABLED,UNAVAILABLE,DISABLED
178,0.022806596010923386,4.285395334591158e-06,0.08785122632980347,0.033574461936950684,2.142697667295579e-06,0.04392561316490173,0.016787230968475342,0.08352158218622208,32,False,UNAVAILABLE,DISABLED,DISABLED,DISABLED,UNAVAILABLE,DISABLED
179,0.051509056240320206,7.952203304739669e-06,0.10244250297546387,-0.038978248834609985,3.9761016523698345e-06,0.051221251487731934,-0.019489124417304993,0.0832451581954956,32,False,UNAVAILABLE,DISABLED,DISABLED,DISABLED,UNAVAILABLE,DISABLED
180,0.009662154130637646,8.528526450390927e-06,0.08057868480682373,-0.019300341606140137,4.264263225195464e-06,0.040289342403411865,-0.009650170803070068,0.040305592119693756,32,False,UNAVAILABLE,DISABLED,DISABLED,DISABLED,UNAVAILABLE,DISABLED
181,0.00445517897605896,9.592342394171283e-06,0.10722684860229492,0.06489598751068115,4.796171197085641e-06,0.05361342430114746,0.032447993755340576,0.09052139520645142,32,False,UNAVAILABLE,DISABLED,DISABLED,DISABLED,UNAVAILABLE,DISABLED
182,0.004450005479156971,5.410361609392567e-06,0.05250108242034912,0.03037962317466736,2.7051808046962833e-06,0.02625054121017456,0.01518981158733368,0.04589306563138962,32,False,UNAVAILABLE,DISABLED,DISABLED,DISABLED,UNAVAILABLE,DISABLED
183,0.00439746119081974,7.132898190320702e-06,0.14467453956604004,0.06910446286201477,3.566449095160351e-06,0.07233726978302002,0.034552231431007385,0.11129052937030792,32,False,UNAVAILABLE,DISABLED,DISABLED,DISABLED,UNAVAILABLE,DISABLED
184,0.003236186457797885,7.834745701984502e-06,0.1116945743560791,0.014320433139801025,3.917372850992251e-06,0.05584728717803955,0.007160216569900513,0.0662476122379303,32,False,UNAVAILABLE,DISABLED,DISABLED,DISABLED,UNAVAILABLE,DISABLED
185,0.004750027321279049,6.032266810507281e-06,0.07639825344085693,0.05316077172756195,3.0161334052536404e-06,0.03819912672042847,0.026580385863780975,0.06953255832195282,32,False,UNAVAILABLE,DISABLED,DISABLED,DISABLED,UNAVAILABLE,DISABLED
186,0.0044005438685417175,2.9410932711471105e-06,0.07200223207473755,0.09567652642726898,1.4705466355735552e-06,0.036001116037368774,0.04783826321363449,0.08824139833450317,32,False,UNAVAILABLE,DISABLED,DISABLED,DISABLED,UNAVAILABLE,DISABLED
187,0.003862511133775115,1.1147350960527547e-05,0.14166474342346191,0.15412355959415436,5.573675480263773e-06,0.07083237171173096,0.07706177979707718,0.1517622470855713,32,False,UNAVAILABLE,DISABLED,DISABLED,DISABLED,UNAVAILABLE,DISABLED
188,0.007891162298619747,1.0878276953008026e-05,0.1759282350540161,0.3256191611289978,5.439138476504013e-06,0.08796411752700806,0.1628095805644989,0.25867030024528503,32,False,UNAVAILABLE,DISABLED,DISABLED,DISABLED,UNAVAILABLE,DISABLED
189,0.004485899582505226,3.4935067105834605e-06,0.058517396450042725,0.06347686052322388,1.7467533552917303e-06,0.029258698225021362,0.03173843026161194,0.06548477709293365,32,False,UNAVAILABLE,DISABLED,DISABLED,DISABLED,UNAVAILABLE,DISABLED
190,0.003708972129970789,3.6418700801732484e-06,0.07756203413009644,0.19503699243068695,1.8209350400866242e-06,0.03878101706504822,0.09751849621534348,0.1400102972984314,32,False,UNAVAILABLE,DISABLED,DISABLED,DISABLED,UNAVAILABLE,DISABLED
191,0.004882548935711384,4.289523985789856e-06,0.04309743642807007,0.016063451766967773,2.144761992894928e-06,0.021548718214035034,0.008031725883483887,0.034465137869119644,32,False,UNAVAILABLE,DISABLED,DISABLED,DISABLED,UNAVAILABLE,DISABLED
192,0.0033110312651842833,3.607332246247097e-06,0.0496211051940918,-0.040032751858234406,1.8036661231235485e-06,0.0248105525970459,-0.020016375929117203,0.008107012137770653,32,False,UNAVAILABLE,DISABLED,DISABLED,DISABLED,UNAVAILABLE,DISABLED
193,0.004434859845787287,3.322574457342853e-06,0.09902364015579224,0.171061173081398,1.6612872286714264e-06,0.04951182007789612,0.085530586540699,0.1394789218902588,32,False,UNAVAILABLE,DISABLED,DISABLED,DISABLED,UNAVAILABLE,DISABLED
194,0.007355876266956329,2.1955052034172695e-06,0.02414637804031372,0.04895542562007904,1.0977526017086348e-06,0.01207318902015686,0.02447771281003952,0.04390787333250046,32,False,UNAVAILABLE,DISABLED,DISABLED,DISABLED,UNAVAILABLE,DISABLED
195,0.009382196702063084,5.540707661566557e-06,0.0984039306640625,-0.1501929610967636,2.7703538307832787e-06,0.04920196533203125,-0.0750964805483818,-0.01650954782962799,32,False,UNAVAILABLE,DISABLED,DISABLED,DISABLED,UNAVAILABLE,DISABLED
196,0.006503871642053127,5.925568530074088e-06,0.055733323097229004,-0.016843393445014954,2.962784265037044e-06,0.027866661548614502,-0.008421696722507477,0.025951799005270004,32,False,UNAVAILABLE,DISABLED,DISABLED,DISABLED,UNAVAILABLE,DISABLED
197,0.006009341683238745,5.282825895847054e-06,0.06053304672241211,0.1386224329471588,2.641412947923527e-06,0.030266523361206055,0.0693112164735794,0.10558971762657166,32,False,UNAVAILABLE,DISABLED,DISABLED,DISABLED,UNAVAILABLE,DISABLED
198,0.007948316633701324,5.271060217637569e-06,0.05892246961593628,-0.08446020632982254,2.6355301088187844e-06,0.02946123480796814,-0.04223010316491127,-0.004817914217710495,32,False,UNAVAILABLE,DISABLED,DISABLED,DISABLED,UNAVAILABLE,DISABLED
199,0.005828773602843285,2.9342227207962424e-06,0.040360093116760254,-0.06790591776371002,1.4671113603981212e-06,0.020180046558380127,-0.03395295888185501,-0.007942670956254005,32,False,UNAVAILABLE,DISABLED,DISABLED,DISABLED,UNAVAILABLE,DISABLED
200,0.004919295199215412,3.589773768908344e-06,0.09152072668075562,0.1505245417356491,1.794886884454172e-06,0.04576036334037781,0.07526227086782455,0.12594372034072876,32,False,UNAVAILABLE,DISABLED,DISABLED,DISABLED,UNAVAILABLE,DISABLED
201,0.007288219407200813,3.495405053399736e-06,0.037866294384002686,-0.060469210147857666,1.747702526699868e-06,0.018933147192001343,-0.030234605073928833,-0.004011491313576698,32,False,UNAVAILABLE,DISABLED,DISABLED,DISABLED,UNAVAILABLE,DISABLED
202,0.016879098489880562,2.617119662318146e-06,0.0313340425491333,0.003664076328277588,1.308559831159073e-06,0.01566702127456665,0.001832038164138794,0.034379467368125916,32,False,UNAVAILABLE,DISABLED,DISABLED,DISABLED,UNAVAILABLE,DISABLED
203,0.019381266087293625,4.018896106572356e-06,0.04655158519744873,0.0552777498960495,2.009448053286178e-06,0.023275792598724365,0.02763887494802475,0.07029794156551361,32,False,UNAVAILABLE,DISABLED,DISABLED,DISABLED,UNAVAILABLE,DISABLED
204,0.3229670822620392,3.047883637918858e-06,0.05629444122314453,-0.047649309039115906,1.523941818959429e-06,0.028147220611572266,-0.023824654519557953,0.3272911608219147,32,False,UNAVAILABLE,DISABLED,DISABLED,DISABLED,UNAVAILABLE,DISABLED
205,0.05363932251930237,2.0992999907321064e-06,0.04377228021621704,-0.01780840754508972,1.0496499953660532e-06,0.02188614010810852,-0.00890420377254486,0.0666223093867302,32,False,UNAVAILABLE,DISABLED,DISABLED,DISABLED,UNAVAILABLE,DISABLED
206,0.007469355594366789,3.110950274276547e-06,0.04787933826446533,0.03458375483751297,1.5554751371382736e-06,0.023939669132232666,0.017291877418756485,0.048702456057071686,32,False,UNAVAILABLE,DISABLED,DISABLED,DISABLED,UNAVAILABLE,DISABLED
207,0.10231196880340576,6.37419498161762e-06,0.06383103132247925,-0.08961911499500275,3.18709749080881e-06,0.031915515661239624,-0.04480955749750137,0.0894211158156395,32,False,UNAVAILABLE,DISABLED,DISABLED,DISABLED,UNAVAILABLE,DISABLED
208,0.012628486379981041,2.32730280913529e-06,0.035406529903411865,0.06957847625017166,1.163651404567645e-06,0.017703264951705933,0.03478923812508583,0.06512215733528137,32,False,UNAVAILABLE,DISABLED,DISABLED,DISABLED,UNAVAILABLE,DISABLED
209,0.011187246069312096,2.893535793191404e-06,0.03920400142669678,0.07866204530000687,1.446767896595702e-06,0.01960200071334839,0.03933102265000343,0.07012172043323517,32,False,UNAVAILABLE,DISABLED,DISABLED,DISABLED,UNAVAILABLE,DISABLED
210,0.00674334354698658,1.6908694533412927e-06,0.027176201343536377,0.04452585428953171,8.454347266706463e-07,0.013588100671768188,0.022262927144765854,0.042595215141773224,32,False,UNAVAILABLE,DISABLED,DISABLED,DISABLED,UNAVAILABLE,DISABLED
211,0.006490943022072315,4.139827979088295e-06,0.042244911193847656,0.03356775641441345,2.0699139895441476e-06,0.021122455596923828,0.016783878207206726,0.04439934715628624,32,False,UNAVAILABLE,DISABLED,DISABLED,DISABLED,UNAVAILABLE,DISABLED
212,0.011632119305431843,4.993136371922446e-06,0.05313253402709961,-0.09584884345531464,2.496568185961223e-06,0.026566267013549805,-0.04792442172765732,-0.009723536670207977,32,False,UNAVAILABLE,DISABLED,DISABLED,DISABLED,UNAVAILABLE,DISABLED
213,0.007283900864422321,6.781616320949979e-06,0.09620749950408936,-0.14626139402389526,3.3908081604749896e-06,0.04810374975204468,-0.07313069701194763,-0.01773965358734131,32,False,UNAVAILABLE,DISABLED,DISABLED,DISABLED,UNAVAILABLE,DISABLED
214,0.008590007200837135,3.0114538276393432e-06,0.060276150703430176,0.09120511263608932,1.5057269138196716e-06,0.030138075351715088,0.04560255631804466,0.08433214575052261,32,False,UNAVAILABLE,DISABLED,DISABLED,DISABLED,UNAVAILABLE,DISABLED
215,0.005107984412461519,7.812587682565209e-06,0.06556522846221924,0.040053240954875946,3.906293841282604e-06,0.03278261423110962,0.020026620477437973,0.05792112648487091,32,False,UNAVAILABLE,DISABLED,DISABLED,DISABLED,UNAVAILABLE,DISABLED
216,0.010825061239302158,3.458216724538943e-06,0.07844942808151245,-0.0654241070151329,1.7291083622694714e-06,0.039224714040756226,-0.03271205350756645,0.017339449375867844,32,False,UNAVAILABLE,DISABLED,DISABLED,DISABLED,UNAVAILABLE,DISABLED
217,0.01211856584995985,4.126017756789224e-06,0.061779677867889404,-0.06605701148509979,2.063008878394612e-06,0.030889838933944702,-0.033028505742549896,0.00998196005821228,32,False,UNAVAILABLE,DISABLED,DISABLED,DISABLED,UNAVAILABLE,DISABLED
218,0.0047096023336052895,2.4509563445462845e-06,0.03349786996841431,0.04367060214281082,1.2254781722731423e-06,0.016748934984207153,0.02183530107140541,0.04329506307840347,32,False,UNAVAILABLE,DISABLED,DISABLED,DISABLED,UNAVAILABLE,DISABLED
219,0.005273446440696716,3.494054908514954e-06,0.043874263763427734,-0.028841063380241394,1.747027454257477e-06,0.021937131881713867,-0.014420531690120697,0.012791793793439865,32,False,UNAVAILABLE,DISABLED,DISABLED,DISABLED,UNAVAILABLE,DISABLED
220,0.009975438937544823,5.832633178215474e-06,0.09561359882354736,0.011264920234680176,2.916316589107737e-06,0.04780679941177368,0.005632460117340088,0.06341761350631714,32,False,UNAVAILABLE,DISABLED,DISABLED,DISABLED,UNAVAILABLE,DISABLED
221,0.004216535948216915,5.641743882733863e-06,0.07007145881652832,0.013838082551956177,2.8208719413669314e-06,0.03503572940826416,0.006919041275978088,0.046174127608537674,32,False,UNAVAILABLE,DISABLED,DISABLED,DISABLED,UNAVAILABLE,DISABLED
222,0.010100819170475006,5.110471192892874e-06,0.09800803661346436,0.011003777384757996,2.555235596446437e-06,0.04900401830673218,0.005501888692378998,0.06460928171873093,32,False,UNAVAILABLE,DISABLED,DISABLED,DISABLED,UNAVAILABLE,DISABLED
223,0.006558594759553671,5.9081712606712244e-06,0.1432197093963623,0.03803110122680664,2.9540856303356122e-06,0.07160985469818115,0.01901555061340332,0.09718695282936096,32,False,UNAVAILABLE,DISABLED,DISABLED,DISABLED,UNAVAILABLE,DISABLED
224,0.004518299829214811,5.9859826251340564e-06,0.07971078157424927,-0.031371310353279114,2.9929913125670282e-06,0.039855390787124634,-0.015685655176639557,0.02869102731347084,32,False,UNAVAILABLE,DISABLED,DISABLED,DISABLED,UNAVAILABLE,DISABLED
225,0.00602741539478302,2.592786586319562e-06,0.03684026002883911,0.027985036373138428,1.296393293159781e-06,0.018420130014419556,0.013992518186569214,0.038441359996795654,32,False,UNAVAILABLE,DISABLED,DISABLED,DISABLED,UNAVAILABLE,DISABLED
226,0.006715616676956415,3.824250143225072e-06,0.061497390270233154,-0.0014303922653198242,1.912125071612536e-06,0.030748695135116577,-0.0007151961326599121,0.03675102815032005,32,False,UNAVAILABLE,DISABLED,DISABLED,DISABLED,UNAVAILABLE,DISABLED
227,0.0063354684971272945,4.603676643455401e-06,0.05977964401245117,0.05529814958572388,2.3018383217277005e-06,0.029889822006225586,0.02764907479286194,0.0638766661286354,32,False,UNAVAILABLE,DISABLED,DISABLED,DISABLED,UNAVAILABLE,DISABLED
228,0.005734873469918966,7.843990715628024e-06,0.1294795274734497,0.12154191732406616,3.921995357814012e-06,0.06473976373672485,0.06077095866203308,0.13124951720237732,32,False,UNAVAILABLE,DISABLED,DISABLED,DISABLED,UNAVAILABLE,DISABLED
229,0.0068156723864376545,4.712332156486809e-06,0.0705636739730835,0.05707576870918274,2.3561660782434046e-06,0.03528183698654175,0.02853788435459137,0.07063774764537811,32,False,UNAVAILABLE,DISABLED,DISABLED,DISABLED,UNAVAILABLE,DISABLED
230,0.004575439728796482,3.496277031445061e-06,0.07607913017272949,0.09405744075775146,1.7481385157225304e-06,0.038039565086364746,0.04702872037887573,0.08964547514915466,32,False,UNAVAILABLE,DISABLED,DISABLED,DISABLED,UNAVAILABLE,DISABLED
231,0.029839936643838882,4.880650067207171e-06,0.07870936393737793,0.09366396069526672,2.4403250336035853e-06,0.039354681968688965,0.04683198034763336,0.1160290390253067,32,False,UNAVAILABLE,DISABLED,DISABLED,DISABLED,UNAVAILABLE,DISABLED
232,0.00360084674321115,3.0356097795447567e-06,0.04210805892944336,0.10259971022605896,1.5178048897723784e-06,0.02105402946472168,0.05129985511302948,0.07595624774694443,32,False,UNAVAILABLE,DISABLED,DISABLED,DISABLED,UNAVAILABLE,DISABLED
233,0.007633480243384838,3.0185829018591903e-06,0.04791581630706787,0.07263010740280151,1.5092914509295952e-06,0.023957908153533936,0.03631505370140076,0.06790795177221298,32,False,UNAVAILABLE,DISABLED,DISABLED,DISABLED,UNAVAILABLE,DISABLED
234,0.006380235776305199,4.231923412589822e-06,0.05801725387573242,0.1544247567653656,2.115961706294911e-06,0.02900862693786621,0.0772123783826828,0.11260335892438889,32,False,UNAVAILABLE,DISABLED,DISABLED,DISABLED,UNAVAILABLE,DISABLED
235,0.004182897508144379,2.4284431674459483e-06,0.03007519245147705,0.11174094676971436,1.2142215837229742e-06,0.015037596225738525,0.05587047338485718,0.07509218156337738,32,False,UNAVAILABLE,DISABLED,DISABLED,DISABLED,UNAVAILABLE,DISABLED
236,0.004889477044343948,3.11615349346539e-06,0.07906901836395264,0.10927298665046692,1.558076746732695e-06,0.03953450918197632,0.05463649332523346,0.09906204044818878,32,False,UNAVAILABLE,DISABLED,DISABLED,DISABLED,UNAVAILABLE,DISABLED
237,0.005043208133429289,6.334364570648177e-06,0.09864360094070435,0.19462096691131592,3.1671822853240883e-06,0.04932180047035217,0.09731048345565796,0.1516786515712738,32,False,UNAVAILABLE,DISABLED,DISABLED,DISABLED,UNAVAILABLE,DISABLED
238,0.009762261062860489,3.071835180890048e-06,0.048169851303100586,0.1280667781829834,1.535917590445024e-06,0.024084925651550293,0.0640333890914917,0.09788210690021515,32,False,UNAVAILABLE,DISABLED,DISABLED,DISABLED,UNAVAILABLE,DISABLED
239,0.00452441768720746,3.67929101230402e-06,0.04059988260269165,0.11105108261108398,1.83964550615201e-06,0.020299941301345825,0.05552554130554199,0.08035174012184143,32,False,UNAVAILABLE,DISABLED,DISABLED,DISABLED,UNAVAILABLE,DISABLED
240,0.004788220394402742,1.3744503121415619e-05,0.11823588609695435,0.1205628514289856,6.872251560707809e-06,0.05911794304847717,0.0602814257144928,0.12419445812702179,32,False,UNAVAILABLE,DISABLED,DISABLED,DISABLED,UNAVAILABLE,DISABLED
241,0.0037852246314287186,5.764563411503332e-06,0.06838709115982056,0.2072466015815735,2.882281705751666e-06,0.03419354557991028,0.10362330079078674,0.1416049599647522,32,False,UNAVAILABLE,DISABLED,DISABLED,DISABLED,UNAVAILABLE,DISABLED
242,0.010947106406092644,5.471973963722121e-06,0.08072417974472046,0.12508681416511536,2.7359869818610605e-06,0.04036208987236023,0.06254340708255768,0.11385533958673477,32,False,UNAVAILABLE,DISABLED,DISABLED,DISABLED,UNAVAILABLE,DISABLED
243,0.004739296156913042,3.051422254429781e-06,0.04649150371551514,0.13842123746871948,1.5257111272148904e-06,0.02324575185775757,0.06921061873435974,0.09719718992710114,32,False,UNAVAILABLE,DISABLED,DISABLED,DISABLED,UNAVAILABLE,DISABLED
244,0.00606699800118804,2.449441126373131e-06,0.026602864265441895,0.12860125303268433,1.2247205631865654e-06,0.013301432132720947,0.06430062651634216,0.08367028087377548,32,False,UNAVAILABLE,DISABLED,DISABLED,DISABLED,UNAVAILABLE,DISABLED
245,0.004911970812827349,3.838095381070161e-06,0.042144954204559326,0.120830237865448,1.9190476905350806e-06,0.021072477102279663,0.060415118932724,0.08640148490667343,32,False,UNAVAILABLE,DISABLED,DISABLED,DISABLED,UNAVAILABLE,DISABLED
246,0.0058860694989562035,4.46107014795416e-06,0.04474252462387085,-0.08459490537643433,2.23053507397708e-06,0.022371262311935425,-0.04229745268821716,-0.01403789035975933,32,False,UNAVAILABLE,DISABLED,DISABLED,DISABLED,UNAVAILABLE,DISABLED
247,0.0049347043968737125,4.56826955996803e-06,0.03709059953689575,0.03090876340866089,2.284134779984015e-06,0.018545299768447876,0.015454381704330444,0.03893667086958885,32,False,UNAVAILABLE,DISABLED,DISABLED,DISABLED,UNAVAILABLE,DISABLED
248,0.005841872654855251,7.007869498920627e-06,0.047473788261413574,0.04498767852783203,3.5039347494603135e-06,0.023736894130706787,0.022493839263916016,0.05207610875368118,32,False,UNAVAILABLE,DISABLED,DISABLED,DISABLED,UNAVAILABLE,DISABLED
249,0.0036509674973785877,6.414345534722088e-06,0.07473999261856079,-0.021556437015533447,3.207172767361044e-06,0.037369996309280396,-0.010778218507766724,0.030245952308177948,32,False,UNAVAILABLE,DISABLED,DISABLED,DISABLED,UNAVAILABLE,DISABLED
250,0.003613587934523821,3.7364716263255104e-06,0.05378854274749756,0.10322844982147217,1.8682358131627552e-06,0.02689427137374878,0.051614224910736084,0.08212395012378693,32,False,UNAVAILABLE,DISABLED,DISABLED,DISABLED,UNAVAILABLE,DISABLED
251,0.004729105159640312,5.778739705419866e-06,0.04209214448928833,0.08319002389907837,2.889369852709933e-06,0.021046072244644165,0.041595011949539185,0.06737308204174042,32,False,UNAVAILABLE,DISABLED,DISABLED,DISABLED,UNAVAILABLE,DISABLED
252,0.005398547742515802,3.692386599141173e-06,0.06443417072296143,0.03785744309425354,1.8461932995705865e-06,0.03221708536148071,0.01892872154712677,0.056546200066804886,32,False,UNAVAILABLE,DISABLED,DISABLED,DISABLED,UNAVAILABLE,DISABLED
253,0.0036412407644093037,4.924353106616763e-06,0.038146257400512695,0.05195122957229614,2.4621765533083817e-06,0.019073128700256348,0.02597561478614807,0.04869244620203972,32,False,UNAVAILABLE,DISABLED,DISABLED,DISABLED,UNAVAILABLE,DISABLED
254,0.004207626450806856,2.564060650911415e-06,0.059872210025787354,0.031578004360198975,1.2820303254557075e-06,0.029936105012893677,0.015789002180099487,0.049934014678001404,32,False,UNAVAILABLE,DISABLED,DISABLED,DISABLED,UNAVAILABLE,DISABLED
255,0.007635454181581736,5.716873602068517e-06,0.044336557388305664,0.07993423938751221,2.8584368010342587e-06,0.022168278694152832,0.039967119693756104,0.06977371126413345,32,False,UNAVAILABLE,DISABLED,DISABLED,DISABLED,UNAVAILABLE,DISABLED
256,0.00328596169129014,8.174823960871436e-06,0.09552955627441406,-0.02197510004043579,4.087411980435718e-06,0.04776477813720703,-0.010987550020217896,0.04006727784872055,32,False,UNAVAILABLE,DISABLED,DISABLED,DISABLED,UNAVAILABLE,DISABLED
257,0.005021212622523308,5.108714503876399e-06,0.04916125535964966,0.004304766654968262,2.5543572519381996e-06,0.02458062767982483,0.002152383327484131,0.03175677731633186,32,False,UNAVAILABLE,DISABLED,DISABLED,DISABLED,UNAVAILABLE,DISABLED
258,0.004075761418789625,6.365796252794098e-06,0.04672354459762573,0.005428731441497803,3.182898126397049e-06,0.023361772298812866,0.0027143657207489014,0.030155081301927567,32,False,UNAVAILABLE,DISABLED,DISABLED,DISABLED,UNAVAILABLE,DISABLED
259,0.00451255589723587,4.2688743633334525e-06,0.05490446090698242,-0.009828120470046997,2.1344371816667262e-06,0.02745223045349121,-0.0049140602350234985,0.0270528607070446,32,False,UNAVAILABLE,DISABLED,DISABLED,DISABLED,UNAVAILABLE,DISABLED
260,0.0039060665294528008,7.197916602308396e-06,0.13109111785888672,-0.0961015522480011,3.598958301154198e-06,0.06554555892944336,-0.04805077612400055,0.0214044451713562,32,False,UNAVAILABLE,DISABLED,DISABLED,DISABLED,UNAVAILABLE,DISABLED
261,0.005429612938314676,7.665340490348171e-06,0.05188208818435669,0.047306567430496216,3.832670245174086e-06,0.025941044092178345,0.023653283715248108,0.05502777546644211,32,False,UNAVAILABLE,DISABLED,DISABLED,DISABLED,UNAVAILABLE,DISABLED
262,0.0050084395334124565,3.558595153663191e-06,0.1123807430267334,-0.022516220808029175,1.7792975768315955e-06,0.0561903715133667,-0.011258110404014587,0.04994247853755951,32,False,UNAVAILABLE,DISABLED,DISABLED,DISABLED,UNAVAILABLE,DISABLED
263,0.1295817792415619,5.285418410494458e-06,0.07270187139511108,-0.021180152893066406,2.642709205247229e-06,0.03635093569755554,-0.010590076446533203,0.15534527599811554,32,False,UNAVAILABLE,DISABLED,DISABLED,DISABLED,UNAVAILABLE,DISABLED
264,0.009117751382291317,4.647171863325639e-06,0.05858266353607178,0.082256019115448,2.3235859316628193e-06,0.02929133176803589,0.041128009557724,0.07953941822052002,32,False,UNAVAILABLE,DISABLED,DISABLED,DISABLED,UNAVAILABLE,DISABLED
265,0.006605949252843857,4.518150035437429e-06,0.11363393068313599,-0.006692022085189819,2.2590750177187147e-06,0.05681696534156799,-0.0033460110425949097,0.06007916480302811,32,False,UNAVAILABLE,DISABLED,DISABLED,DISABLED,UNAVAILABLE,DISABLED
266,0.04723406955599785,6.807401405239943e-06,0.1419665813446045,-0.037084370851516724,3.4037007026199717e-06,0.07098329067230225,-0.018542185425758362,0.09967857599258423,32,False,UNAVAILABLE,DISABLED,DISABLED,DISABLED,UNAVAILABLE,DISABLED
267,0.0061260187067091465,2.116778887284454e-06,0.024500787258148193,0.042389512062072754,1.058389443642227e-06,0.012250393629074097,0.021194756031036377,0.039572227746248245,32,False,UNAVAILABLE,DISABLED,DISABLED,DISABLED,UNAVAILABLE,DISABLED
268,0.003737787250429392,4.3307327359798364e-06,0.05739659070968628,0.028100013732910156,2.1653663679899182e-06,0.02869829535484314,0.014050006866455078,0.04648825526237488,32,False,UNAVAILABLE,DISABLED,DISABLED,DISABLED,UNAVAILABLE,DISABLED
269,0.011745046824216843,3.950208338210359e-06,0.0780254602432251,0.021467626094818115,1.9751041691051796e-06,0.03901273012161255,0.010733813047409058,0.061493564397096634,32,False,UNAVAILABLE,DISABLED,DISABLED,DISABLED,UNAVAILABLE,DISABLED
270,0.005597719457000494,5.799073733214755e-06,0.09606224298477173,0.025293439626693726,2.8995368666073773e-06,0.048031121492385864,0.012646719813346863,0.06627845764160156,32,False,UNAVAILABLE,DISABLED,DISABLED,DISABLED,UNAVAILABLE,DISABLED
271,0.003512580879032612,1.0219861906080041e-05,0.10656845569610596,0.03295552730560303,5.1099309530400205e-06,0.05328422784805298,0.016477763652801514,0.07327967882156372,32,False,UNAVAILABLE,DISABLED,DISABLED,DISABLED,UNAVAILABLE,DISABLED
272,0.0029798331670463085,3.071615083172219e-06,0.0740395188331604,0.042622894048690796,1.5358075415861094e-06,0.0370197594165802,0.021311447024345398,0.06131257489323616,32,False,UNAVAILABLE,DISABLED,DISABLED,DISABLED,UNAVAILABLE,DISABLED
273,0.002855946309864521,2.504273197700968e-06,0.05385148525238037,0.04033342003822327,1.252136598850484e-06,0.026925742626190186,0.020166710019111633,0.04994965344667435,32,False,UNAVAILABLE,DISABLED,DISABLED,DISABLED,UNAVAILABLE,DISABLED
274,0.0035604240838438272,2.7323294489178807e-06,0.0876617431640625,0.04963195323944092,1.3661647244589403e-06,0.04383087158203125,0.02481597661972046,0.07220864295959473,32,False,UNAVAILABLE,DISABLED,DISABLED,DISABLED,UNAVAILABLE,DISABLED
275,0.0046491315588355064,3.20964841193927e-06,0.024365782737731934,0.03580319881439209,1.604824205969635e-06,0.012182891368865967,0.017901599407196045,0.03473522514104843,32,False,UNAVAILABLE,DISABLED,DISABLED,DISABLED,UNAVAILABLE,DISABLED
276,0.004542774986475706,2.9133871066733263e-06,0.03144526481628418,0.03702425956726074,1.4566935533366632e-06,0.01572263240814209,0.01851212978363037,0.03877899423241615,32,False,UNAVAILABLE,DISABLED,DISABLED,DISABLED,UNAVAILABLE,DISABLED
277,0.005372749641537666,9.171732926915865e-06,0.11127924919128418,0.061485618352890015,4.585866463457933e-06,0.05563962459564209,0.030742809176445007,0.09175977110862732,32,False,UNAVAILABLE,DISABLED,DISABLED,DISABLED,UNAVAILABLE,DISABLED
278,0.00716021191328764,3.3361357054673135e-06,0.05909699201583862,0.0917322039604187,1.6680678527336568e-06,0.02954849600791931,0.04586610198020935,0.08257647603750229,32,False,UNAVAILABLE,DISABLED,DISABLED,DISABLED,UNAVAILABLE,DISABLED
279,0.005476381164044142,3.7538245578616625e-06,0.0483778715133667,0.09591004252433777,1.8769122789308312e-06,0.02418893575668335,0.047955021262168884,0.07762221992015839,32,False,UNAVAILABLE,DISABLED,DISABLED,DISABLED,UNAVAILABLE,DISABLED
280,0.0038616270758211613,5.199084171181312e-06,0.09919631481170654,0.11692199110984802,2.599542085590656e-06,0.04959815740585327,0.05846099555492401,0.11192338168621063,32,False,UNAVAILABLE,DISABLED,DISABLED,DISABLED,UNAVAILABLE,DISABLED
281,0.0038870773278176785,3.4637794215086615e-06,0.02963179349899292,0.0343509316444397,1.7318897107543307e-06,0.01481589674949646,0.01717546582221985,0.03588017076253891,32,False,UNAVAILABLE,DISABLED,DISABLED,DISABLED,UNAVAILABLE,DISABLED
282,0.003669975558295846,5.610215794149553e-06,0.05405580997467041,0.05856892466545105,2.8051078970747767e-06,0.027027904987335205,0.029284462332725525,0.059985145926475525,32,False,UNAVAILABLE,DISABLED,DISABLED,DISABLED,UNAVAILABLE,DISABLED
283,0.003038096008822322,4.980633093509823e-06,0.06899261474609375,0.08064210414886475,2.4903165467549115e-06,0.034496307373046875,0.04032105207443237,0.07785794138908386,32,False,UNAVAILABLE,DISABLED,DISABLED,DISABLED,UNAVAILABLE,DISABLED
284,0.007335659582167864,3.795834118136554e-06,0.10082411766052246,0.13116270303726196,1.897917059068277e-06,0.05041205883026123,0.06558135151863098,0.1233309656381607,32,False,UNAVAILABLE,DISABLED,DISABLED,DISABLED,UNAVAILABLE,DISABLED
285,0.006730098742991686,2.40730378209264e-06,0.017955780029296875,0.0028480887413024902,1.20365189104632e-06,0.008977890014648438,0.0014240443706512451,0.017133235931396484,32,False,UNAVAILABLE,DISABLED,DISABLED,DISABLED,UNAVAILABLE,DISABLED
286,0.21113696694374084,2.351275952605647e-06,0.02873784303665161,0.06574097275733948,1.1756379763028235e-06,0.014368921518325806,0.03287048637866974,0.2583775520324707,32,False,UNAVAILABLE,DISABLED,DISABLED,DISABLED,UNAVAILABLE,DISABLED
287,0.007705543655902147,3.563758355085156e-06,0.09495234489440918,0.1422581672668457,1.781879177542578e-06,0.04747617244720459,0.07112908363342285,0.12631258368492126,32,False,UNAVAILABLE,DISABLED,DISABLED,DISABLED,UNAVAILABLE,DISABLED
288,0.0035656702239066362,4.2885326365649235e-06,0.041963160037994385,0.07035112380981445,2.1442663182824617e-06,0.020981580018997192,0.03517556190490723,0.05972495675086975,32,False,UNAVAILABLE,DISABLED,DISABLED,DISABLED,UNAVAILABLE,DISABLED
289,0.0030984459444880486,4.258270564605482e-06,0.0347324013710022,0.047359853982925415,2.129135282302741e-06,0.0173662006855011,0.023679926991462708,0.04414670169353485,32,False,UNAVAILABLE,DISABLED,DISABLED,DISABLED,UNAVAILABLE,DISABLED
290,0.0034391949884593487,4.552559857984306e-06,0.06312710046768188,0.1254594326019287,2.276279928992153e-06,0.03156355023384094,0.06272971630096436,0.097734734416008,32,False,UNAVAILABLE,DISABLED,DISABLED,DISABLED,UNAVAILABLE,DISABLED
291,0.01203112117946148,3.6720805383083643e-06,0.047224462032318115,0.07931274175643921,1.8360402691541822e-06,0.023612231016159058,0.039656370878219604,0.07530155777931213,32,False,UNAVAILABLE,DISABLED,DISABLED,DISABLED,UNAVAILABLE,DISABLED
292,0.004110594745725393,2.315990968781989e-06,0.03782850503921509,0.04201090335845947,1.1579954843909945e-06,0.018914252519607544,0.021005451679229736,0.04403145611286163,32,False,UNAVAILABLE,DISABLED,DISABLED,DISABLED,UNAVAILABLE,DISABLED
293,0.4117037057876587,2.392340775259072e-06,0.01833432912826538,0.014644622802734375,1.196170387629536e-06,0.00916716456413269,0.0073223114013671875,0.4281943738460541,32,False,UNAVAILABLE,DISABLED,DISABLED,DISABLED,UNAVAILABLE,DISABLED
294,0.006678050849586725,2.1910361738264328e-06,0.02563256025314331,0.05763357877731323,1.0955180869132164e-06,0.012816280126571655,0.028816789388656616,0.048312216997146606,32,False,UNAVAILABLE,DISABLED,DISABLED,DISABLED,UNAVAILABLE,DISABLED
295,0.002888723975047469,3.601852540668915e-06,0.03444093465805054,-0.04270395636558533,1.8009262703344575e-06,0.01722046732902527,-0.021351978182792664,-0.0012409854680299759,32,False,UNAVAILABLE,DISABLED,DISABLED,DISABLED,UNAVAILABLE,DISABLED
296,0.004285501316189766,6.041911092324881e-06,0.06152886152267456,0.09074759483337402,3.0209555461624404e-06,0.03076443076133728,0.04537379741668701,0.08042675256729126,32,False,UNAVAILABLE,DISABLED,DISABLED,DISABLED,UNAVAILABLE,DISABLED
297,0.003529917448759079,3.3066771720768884e-06,0.02906137704849243,0.02666875720024109,1.6533385860384442e-06,0.014530688524246216,0.013334378600120544,0.031396638602018356,32,False,UNAVAILABLE,DISABLED,DISABLED,DISABLED,UNAVAILABLE,DISABLED
298,0.1900501400232315,4.717453521152493e-06,0.051164329051971436,0.09258595108985901,2.3587267605762463e-06,0.025582164525985718,0.046292975544929504,0.26192763447761536,32,False,UNAVAILABLE,DISABLED,DISABLED,DISABLED,UNAVAILABLE,DISABLED
299,0.005675230175256729,2.3297295683732955e-06,0.028152823448181152,-0.03815186023712158,1.1648647841866477e-06,0.014076411724090576,-0.01907593011856079,0.0006768777966499329,32,False,UNAVAILABLE,DISABLED,DISABLED,DISABLED,UNAVAILABLE,DISABLED
300,0.006252995226532221,2.8277179353608517e-06,0.02614891529083252,0.04217681288719177,1.4138589676804258e-06,0.01307445764541626,0.021088406443595886,0.040417272597551346,32,False,UNAVAILABLE,DISABLED,DISABLED,DISABLED,UNAVAILABLE,DISABLED
301,0.006851456128060818,4.923189862893196e-06,0.05751621723175049,0.07709696888923645,2.461594931446598e-06,0.028758108615875244,0.038548484444618225,0.07416050881147385,32,False,UNAVAILABLE,DISABLED,DISABLED,DISABLED,UNAVAILABLE,DISABLED
302,0.006041981279850006,4.410778274177574e-06,0.037667810916900635,0.09247946739196777,2.205389137088787e-06,0.018833905458450317,0.04623973369598389,0.0711178258061409,32,False,UNAVAILABLE,DISABLED,DISABLED,DISABLED,UNAVAILABLE,DISABLED
303,0.0037720631808042526,1.8660276737136883e-06,0.015435099601745605,0.018358051776885986,9.330138368568441e-07,0.007717549800872803,0.009179025888442993,0.020669572055339813,32,False,UNAVAILABLE,DISABLED,DISABLED,DISABLED,UNAVAILABLE,DISABLED
304,0.004306618124246597,3.02191460832546e-06,0.05894613265991211,0.07607239484786987,1.51095730416273e-06,0.029473066329956055,0.038036197423934937,0.07181739807128906,32,False,UNAVAILABLE,DISABLED,DISABLED,DISABLED,UNAVAILABLE,DISABLED
305,0.0050763580948114395,4.076237019035034e-06,0.05773693323135376,-0.09320321679115295,2.038118509517517e-06,0.02886846661567688,-0.04660160839557648,-0.01265474408864975,32,False,UNAVAILABLE,DISABLED,DISABLED,DISABLED,UNAVAILABLE,DISABLED
306,0.0062625412829220295,5.728085398004623e-06,0.12088704109191895,0.08687809109687805,2.8640426990023116e-06,0.06044352054595947,0.043439045548439026,0.11014796793460846,32,False,UNAVAILABLE,DISABLED,DISABLED,DISABLED,UNAVAILABLE,DISABLED
307,0.005240761674940586,3.5120883694617078e-06,0.030677974224090576,-0.01062437891960144,1.7560441847308539e-06,0.015338987112045288,-0.00531218945980072,0.015269314870238304,32,False,UNAVAILABLE,DISABLED,DISABLED,DISABLED,UNAVAILABLE,DISABLED
308,0.004819727968424559,4.337540758569958e-06,0.04057115316390991,-0.03285384178161621,2.168770379284979e-06,0.020285576581954956,-0.016426920890808105,0.008680552244186401,32,False,UNAVAILABLE,DISABLED,DISABLED,DISABLED,UNAVAILABLE,DISABLED
309,0.0038055572658777237,3.8745347410440445e-06,0.04468578100204468,0.02896741032600403,1.9372673705220222e-06,0.02234289050102234,0.014483705163002014,0.04063408821821213,32,False,UNAVAILABLE,DISABLED,DISABLED,DISABLED,UNAVAILABLE,DISABLED
310,0.005342779215425253,3.217396624677349e-06,0.03373473882675171,-0.024754047393798828,1.6086983123386744e-06,0.016867369413375854,-0.012377023696899414,0.009834732860326767,32,False,UNAVAILABLE,DISABLED,DISABLED,DISABLED,UNAVAILABLE,DISABLED
311,0.0034649563021957874,7.628425919392612e-06,0.055931925773620605,0.04881131649017334,3.814212959696306e-06,0.027965962886810303,0.02440565824508667,0.0558403916656971,32,False,UNAVAILABLE,DISABLED,DISABLED,DISABLED,UNAVAILABLE,DISABLED
312,0.004137090407311916,4.985608939023223e-06,0.08641654253005981,-0.12040591239929199,2.4928044695116114e-06,0.04320827126502991,-0.060202956199645996,-0.012855101376771927,32,False,UNAVAILABLE,DISABLED,DISABLED,DISABLED,UNAVAILABLE,DISABLED
313,0.010495676659047604,3.6067083328816807e-06,0.04070991277694702,-0.05623304843902588,1.8033541664408403e-06,0.02035495638847351,-0.02811652421951294,0.002735912799835205,32,False,UNAVAILABLE,DISABLED,DISABLED,DISABLED,UNAVAILABLE,DISABLED
314,0.006657196208834648,2.5123233626800356e-06,0.026039302349090576,0.013332456350326538,1.2561616813400178e-06,0.013019651174545288,0.006666228175163269,0.026344332844018936,32,False,UNAVAILABLE,DISABLED,DISABLED,DISABLED,UNAVAILABLE,DISABLED
315,0.005810873582959175,4.112137503398117e-06,0.044568419456481934,0.03766399621963501,2.0560687516990583e-06,0.022284209728240967,0.018831998109817505,0.04692913591861725,32,False,UNAVAILABLE,DISABLED,DISABLED,DISABLED,UNAVAILABLE,DISABLED
316,0.003916543908417225,2.6804736990015954e-06,0.05028939247131348,-0.0630350410938263,1.3402368495007977e-06,0.02514469623565674,-0.03151752054691315,-0.002454940229654312,32,False,UNAVAILABLE,DISABLED,DISABLED,DISABLED,UNAVAILABLE,DISABLED
317,0.005006882827728987,2.8508818559203064e-06,0.02150815725326538,0.013892948627471924,1.4254409279601532e-06,0.01075407862663269,0.006946474313735962,0.022708861157298088,32,False,UNAVAILABLE,DISABLED,DISABLED,DISABLED,UNAVAILABLE,DISABLED
318,0.0072075966745615005,5.024413894716417e-06,0.05183148384094238,-0.0090714693069458,2.5122069473582087e-06,0.02591574192047119,-0.0045357346534729,0.028590116649866104,32,False,UNAVAILABLE,DISABLED,DISABLED,DISABLED,UNAVAILABLE,DISABLED
319,0.006067631766200066,5.362664069252787e-06,0.054151833057403564,0.03246322274208069,2.6813320346263936e-06,0.027075916528701782,0.016231611371040344,0.049377840012311935,32,False,UNAVAILABLE,DISABLED,DISABLED,DISABLED,UNAVAILABLE,DISABLED
320,0.00805523432791233,4.053587417729432e-06,0.06220465898513794,-0.03151950240135193,2.026793708864716e-06,0.03110232949256897,-0.015759751200675964,0.02339983731508255,32,False,UNAVAILABLE,DISABLED,DISABLED,DISABLED,UNAVAILABLE,DISABLED
321,0.0059730131179094315,2.0239167497493327e-06,0.016900837421417236,-0.012174427509307861,1.0119583748746663e-06,0.008450418710708618,-0.006087213754653931,0.008337229490280151,32,False,UNAVAILABLE,DISABLED,DISABLED,DISABLED,UNAVAILABLE,DISABLED
322,0.00616231607273221,2.921615759987617e-06,0.051021575927734375,-0.04726898670196533,1.4608078799938085e-06,0.025510787963867188,-0.023634493350982666,0.008040070533752441,32,False,UNAVAILABLE,DISABLED,DISABLED,DISABLED,UNAVAILABLE,DISABLED
323,0.010085038840770721,3.7941322261758614e-06,0.034033238887786865,-0.024661660194396973,1.8970661130879307e-06,0.017016619443893433,-0.012330830097198486,0.014772724360227585,32,False,UNAVAILABLE,DISABLED,DISABLED,DISABLED,UNAVAILABLE,DISABLED
324,0.003553275018930435,4.6350005504791625e-06,0.05483144521713257,-0.009089797735214233,2.3175002752395812e-06,0.027415722608566284,-0.004544898867607117,0.026426415890455246,32,False,UNAVAILABLE,DISABLED,DISABLED,DISABLED,UNAVAILABLE,DISABLED
325,0.007473493926227093,2.3859990960772848e-06,0.017428457736968994,0.007752031087875366,1.1929995480386424e-06,0.008714228868484497,0.003876015543937683,0.020064931362867355,32,False,UNAVAILABLE,DISABLED,DISABLED,DISABLED,UNAVAILABLE,DISABLED
326,0.00562608428299427,4.992988579033408e-06,0.06777071952819824,-0.05739092826843262,2.496494289516704e-06,0.03388535976409912,-0.02869546413421631,0.010818477720022202,32,False,UNAVAILABLE,DISABLED,DISABLED,DISABLED,UNAVAILABLE,DISABLED
327,0.004943224135786295,6.998927801760146e-06,0.09403890371322632,-0.0703575611114502,3.499463900880073e-06,0.04701945185661316,-0.0351787805557251,0.016787394881248474,32,False,UNAVAILABLE,DISABLED,DISABLED,DISABLED,UNAVAILABLE,DISABLED
328,0.009165564551949501,2.056955054285936e-06,0.03715914487838745,-0.014146596193313599,1.028477527142968e-06,0.018579572439193726,-0.007073298096656799,0.020672867074608803,32,False,UNAVAILABLE,DISABLED,DISABLED,DISABLED,UNAVAILABLE,DISABLED
329,0.005013978108763695,3.4832621622626903e-06,0.03685271739959717,-0.04653215408325195,1.7416310811313451e-06,0.018426358699798584,-0.023266077041625977,0.00017600134015083313,32,False,UNAVAILABLE,DISABLED,DISABLED,DISABLED,UNAVAILABLE,DISABLED
330,0.005008738487958908,4.470869498618413e-06,0.03966689109802246,0.026248931884765625,2.2354347493092064e-06,0.01983344554901123,0.013124465942382812,0.03796888515353203,32,False,UNAVAILABLE,DISABLED,DISABLED,DISABLED,UNAVAILABLE,DISABLED
331,0.005465970374643803,2.1583348370768363e-06,0.03611642122268677,-0.012542903423309326,1.0791674185384181e-06,0.018058210611343384,-0.006271451711654663,0.017253808677196503,32,False,UNAVAILABLE,DISABLED,DISABLED,DISABLED,UNAVAILABLE,DISABLED
332,0.006562002468854189,2.5331100914627314e-06,0.019578754901885986,-0.012241780757904053,1.2665550457313657e-06,0.009789377450942993,-0.006120890378952026,0.010231755673885345,32,False,UNAVAILABLE,DISABLED,DISABLED,DISABLED,UNAVAILABLE,DISABLED
333,0.0059854453429579735,3.0867315672367113e-06,0.07381260395050049,-0.03741773962974548,1.5433657836183556e-06,0.036906301975250244,-0.01870886981487274,0.024184420704841614,32,False,UNAVAILABLE,DISABLED,DISABLED,DISABLED,UNAVAILABLE,DISABLED
334,0.005802665371447802,3.3720230021572206e-06,0.03577524423599243,0.00032189488410949707,1.6860115010786103e-06,0.017887622117996216,0.00016094744205474854,0.023852922022342682,32,False,UNAVAILABLE,DISABLED,DISABLED,DISABLED,UNAVAILABLE,DISABLED
335,0.006389683578163385,3.0949820484238444e-06,0.06028187274932861,0.01162630319595337,1.5474910242119222e-06,0.030140936374664307,0.005813151597976685,0.0423453189432621,32,False,UNAVAILABLE,DISABLED,DISABLED,DISABLED,UNAVAILABLE,DISABLED
336,0.009181366302073002,3.0281039471447002e-06,0.09214502573013306,-0.03193330764770508,1.5140519735723501e-06,0.04607251286506653,-0.01596665382385254,0.03928874060511589,32,False,UNAVAILABLE,DISABLED,DISABLED,DISABLED,UNAVAILABLE,DISABLED
337,0.0057433233596384525,2.0988156848034123e-06,0.023188471794128418,0.0025757551193237305,1.0494078424017061e-06,0.011594235897064209,0.0012878775596618652,0.018626486882567406,32,False,UNAVAILABLE,DISABLED,DISABLED,DISABLED,UNAVAILABLE,DISABLED
338,0.006500729359686375,2.8718222893076017e-06,0.030223727226257324,-0.0326291024684906,1.4359111446538009e-06,0.015111863613128662,-0.0163145512342453,0.005299478769302368,32,False,UNAVAILABLE,DISABLED,DISABLED,DISABLED,UNAVAILABLE,DISABLED
339,0.005921666510403156,4.370447186374804e-06,0.06357693672180176,0.0090847909450531,2.185223593187402e-06,0.03178846836090088,0.00454239547252655,0.04225471615791321,32,False,UNAVAILABLE,DISABLED,DISABLED,DISABLED,UNAVAILABLE,DISABLED
340,0.004977116826921701,3.142883770124172e-06,0.034307122230529785,-0.013293057680130005,1.571441885062086e-06,0.017153561115264893,-0.0066465288400650024,0.015485720708966255,32,False,UNAVAILABLE,DISABLED,DISABLED,DISABLED,UNAVAILABLE,DISABLED
341,0.007029198110103607,4.458861440070905e-06,0.07556992769241333,-0.02433839440345764,2.2294307200354524e-06,0.037784963846206665,-0.01216919720172882,0.03264719247817993,32,False,UNAVAILABLE,DISABLED,DISABLED,DISABLED,UNAVAILABLE,DISABLED
342,0.006548488978296518,2.170268317058799e-06,0.021008849143981934,0.0007081031799316406,1.0851341585293994e-06,0.010504424571990967,0.0003540515899658203,0.01740805059671402,32,False,UNAVAILABLE,DISABLED,DISABLED,DISABLED,UNAVAILABLE,DISABLED
343,0.007879279553890228,3.9261790334421676e-06,0.0695003867149353,0.02103075385093689,1.9630895167210838e-06,0.03475019335746765,0.010515376925468445,0.053146813064813614,32,False,UNAVAILABLE,DISABLED,DISABLED,DISABLED,UNAVAILABLE,DISABLED
344,0.005438718479126692,3.2194320738199167e-06,0.036912620067596436,-0.01886233687400818,1.6097160369099583e-06,0.018456310033798218,-0.00943116843700409,0.014465469866991043,32,False,UNAVAILABLE,DISABLED,DISABLED,DISABLED,UNAVAILABLE,DISABLED
345,0.006458485499024391,3.194896862623864e-06,0.06203937530517578,0.0004892945289611816,1.597448431311932e-06,0.03101968765258789,0.0002446472644805908,0.037724416702985764,32,False,UNAVAILABLE,DISABLED,DISABLED,DISABLED,UNAVAILABLE,DISABLED
346,0.0045149968937039375,6.578093689313391e-06,0.0864936113357544,0.06265056133270264,3.2890468446566956e-06,0.0432468056678772,0.03132528066635132,0.07909037172794342,32,False,UNAVAILABLE,DISABLED,DISABLED,DISABLED,UNAVAILABLE,DISABLED
347,0.004181159194558859,7.441951311193407e-06,0.06129401922225952,-0.04361280798912048,3.7209756555967033e-06,0.03064700961112976,-0.02180640399456024,0.01302548497915268,32,False,UNAVAILABLE,DISABLED,DISABLED,DISABLED,UNAVAILABLE,DISABLED
348,0.004696378950029612,2.1375885808083694e-06,0.034835219383239746,0.03882315754890442,1.0687942904041847e-06,0.017417609691619873,0.01941157877445221,0.041526637971401215,32,False,UNAVAILABLE,DISABLED,DISABLED,DISABLED,UNAVAILABLE,DISABLED
349,0.00606509018689394,4.030372565466678e-06,0.03685277700424194,-0.06426507234573364,2.015186282733339e-06,0.01842638850212097,-0.03213253617286682,-0.007639043033123016,32,False,UNAVAILABLE,DISABLED,DISABLED,DISABLED,UNAVAILABLE,DISABLED
350,0.006105495151132345,2.0780971681233495e-06,0.04013645648956299,0.036402881145477295,1.0390485840616748e-06,0.020068228244781494,0.018201440572738647,0.044376201927661896,32,False,UNAVAILABLE,DISABLED,DISABLED,DISABLED,UNAVAILABLE,DISABLED
351,0.004870937205851078,4.23658548243111e-06,0.03694993257522583,-0.014524579048156738,2.118292741215555e-06,0.018474966287612915,-0.007262289524078369,0.016085732728242874,32,False,UNAVAILABLE,DISABLED,DISABLED,DISABLED,UNAVAILABLE,DISABLED
352,0.004033026751130819,6.998519893386401e-06,0.06696879863739014,-0.05566778779029846,3.4992599466932006e-06,0.03348439931869507,-0.02783389389514923,0.009687032550573349,32,False,UNAVAILABLE,DISABLED,DISABLED,DISABLED,UNAVAILABLE,DISABLED
353,0.004617128521203995,4.287880528863752e-06,0.08565413951873779,0.07907471060752869,2.143940264431876e-06,0.042827069759368896,0.03953735530376434,0.08698369562625885,32,False,UNAVAILABLE,DISABLED,DISABLED,DISABLED,UNAVAILABLE,DISABLED
354,0.006276986096054316,3.2173666113521904e-06,0.03896927833557129,0.050658077001571655,1.6086833056760952e-06,0.019484639167785645,0.025329038500785828,0.051092274487018585,32,False,UNAVAILABLE,DISABLED,DISABLED,DISABLED,UNAVAILABLE,DISABLED
355,0.004861586727201939,4.807740424439544e-06,0.06765162944793701,0.0044519007205963135,2.403870212219772e-06,0.033825814723968506,0.0022259503602981567,0.04091575741767883,32,False,UNAVAILABLE,DISABLED,DISABLED,DISABLED,UNAVAILABLE,DISABLED
356,0.004868167918175459,2.8820090847148094e-06,0.03903830051422119,0.04098464548587799,1.4410045423574047e-06,0.019519150257110596,0.020492322742938995,0.04488108307123184,32,False,UNAVAILABLE,DISABLED,DISABLED,DISABLED,UNAVAILABLE,DISABLED
357,0.004609197378158569,2.546137238823576e-06,0.034527719020843506,0.034362614154815674,1.273068619411788e-06,0.017263859510421753,0.017181307077407837,0.03905563801527023,32,False,UNAVAILABLE,DISABLED,DISABLED,DISABLED,UNAVAILABLE,DISABLED
358,0.004479011986404657,4.394498319015838e-06,0.041136324405670166,0.041919857263565063,2.197249159507919e-06,0.020568162202835083,0.020959928631782532,0.04600930213928223,32,False,UNAVAILABLE,DISABLED,DISABLED,DISABLED,UNAVAILABLE,DISABLED
359,0.0048674410209059715,3.003580786753446e-06,0.02992832660675049,-0.0367281436920166,1.501790393376723e-06,0.014964163303375244,-0.0183640718460083,0.0014690347015857697,32,False,UNAVAILABLE,DISABLED,DISABLED,DISABLED,UNAVAILABLE,DISABLED
360,0.0035452740266919136,3.005546659551328e-06,0.057250261306762695,-0.06890319287776947,1.502773329775664e-06,0.028625130653381348,-0.034451596438884735,-0.00227968767285347,32,False,UNAVAILABLE,DISABLED,DISABLED,DISABLED,UNAVAILABLE,DISABLED
361,0.006176798138767481,3.552193447831087e-06,0.037840425968170166,-0.0011936724185943604,1.7760967239155434e-06,0.018920212984085083,-0.0005968362092971802,0.024501951411366463,32,False,UNAVAILABLE,DISABLED,DISABLED,DISABLED,UNAVAILABLE,DISABLED
362,0.004659517668187618,2.2944625470699975e-06,0.03208351135253906,-0.00502505898475647,1.1472312735349988e-06,0.01604175567626953,-0.002512529492378235,0.018189892172813416,32,False,UNAVAILABLE,DISABLED,DISABLED,DISABLED,UNAVAILABLE,DISABLED
363,0.004361873492598534,2.0920344923069933e-06,0.026987850666046143,0.026520848274230957,1.0460172461534967e-06,0.013493925333023071,0.013260424137115479,0.031117267906665802,32,False,UNAVAILABLE,DISABLED,DISABLED,DISABLED,UNAVAILABLE,DISABLED
364,0.0040487563237547874,5.497071470017545e-06,0.07077157497406006,-0.08572438359260559,2.7485357350087725e-06,0.03538578748703003,-0.042862191796302795,-0.003424897789955139,32,False,UNAVAILABLE,DISABLED,DISABLED,DISABLED,UNAVAILABLE,DISABLED
365,0.0037316575180739164,4.762440312333638e-06,0.034473299980163574,-0.07150080800056458,2.381220156166819e-06,0.017236649990081787,-0.03575040400028229,-0.014779714867472649,32,False,UNAVAILABLE,DISABLED,DISABLED,DISABLED,UNAVAILABLE,DISABLED
366,0.004007649142295122,4.37727294411161e-06,0.0754392147064209,0.04716867208480835,2.188636472055805e-06,0.03771960735321045,0.023584336042404175,0.06531378626823425,32,False,UNAVAILABLE,DISABLED,DISABLED,DISABLED,UNAVAILABLE,DISABLED
367,0.004026664420962334,3.559145625331439e-06,0.026920795440673828,-0.04156181216239929,1.7795728126657195e-06,0.013460397720336914,-0.020780906081199646,-0.0032920651137828827,32,False,UNAVAILABLE,DISABLED,DISABLED,DISABLED,UNAVAILABLE,DISABLED
368,0.0027484421152621508,2.073722725981497e-06,0.031324028968811035,0.03147299587726593,1.0368613629907486e-06,0.015662014484405518,0.015736497938632965,0.034147992730140686,32,False,UNAVAILABLE,DISABLED,DISABLED,DISABLED,UNAVAILABLE,DISABLED
369,0.0036853437777608633,5.09188384967274e-06,0.057795703411102295,-0.09687894582748413,2.54594192483637e-06,0.028897851705551147,-0.048439472913742065,-0.01585373282432556,32,False,UNAVAILABLE,DISABLED,DISABLED,DISABLED,UNAVAILABLE,DISABLED
370,0.004345430992543697,2.1105247469677124e-06,0.032247841358184814,0.02840586006641388,1.0552623734838562e-06,0.016123920679092407,0.01420293003320694,0.034673336893320084,32,False,UNAVAILABLE,DISABLED,DISABLED,DISABLED,UNAVAILABLE,DISABLED
371,0.0034677477087825537,4.342266038293019e-06,0.051082611083984375,0.0130767822265625,2.1711330191465095e-06,0.025541305541992188,0.00653839111328125,0.03554961457848549,32,False,UNAVAILABLE,DISABLED,DISABLED,DISABLED,UNAVAILABLE,DISABLED
372,0.005679743364453316,4.887125214736443e-06,0.055055975914001465,-0.11848145723342896,2.4435626073682215e-06,0.027527987957000732,-0.05924072861671448,-0.026030555367469788,32,False,UNAVAILABLE,DISABLED,DISABLED,DISABLED,UNAVAILABLE,DISABLED
373,0.003451687516644597,4.008021278423257e-06,0.04472595453262329,-0.046489328145980835,2.0040106392116286e-06,0.022362977266311646,-0.023244664072990417,0.0025720037519931793,32,False,UNAVAILABLE,DISABLED,DISABLED,DISABLED,UNAVAILABLE,DISABLED
374,0.0039855921640992165,2.3381026039714925e-06,0.03343158960342407,-0.056654855608940125,1.1690513019857462e-06,0.016715794801712036,-0.028327427804470062,-0.007624872028827667,32,False,UNAVAILABLE,DISABLED,DISABLED,DISABLED,UNAVAILABLE,DISABLED
375,0.0037496432196348906,2.663681243575411e-06,0.029034852981567383,0.02341887354850769,1.3318406217877055e-06,0.014517426490783691,0.011709436774253845,0.029977837577462196,32,False,UNAVAILABLE,DISABLED,DISABLED,DISABLED,UNAVAILABLE,DISABLED
376,0.004207636695355177,4.014058959000977e-06,0.05708324909210205,-0.04825720191001892,2.0070294795004884e-06,0.028541624546051025,-0.02412860095500946,0.0086226686835289,32,False,UNAVAILABLE,DISABLED,DISABLED,DISABLED,UNAVAILABLE,DISABLED
377,0.004514993634074926,6.488495273515582e-06,0.08324795961380005,-0.10975527763366699,3.244247636757791e-06,0.041623979806900024,-0.054877638816833496,-0.008735422044992447,32,False,UNAVAILABLE,DISABLED,DISABLED,DISABLED,UNAVAILABLE,DISABLED
378,0.0035981680266559124,2.5866274881991558e-06,0.03715801239013672,-0.02872374653816223,1.2933137440995779e-06,0.01857900619506836,-0.014361873269081116,0.00781659409403801,32,False,UNAVAILABLE,DISABLED,DISABLED,DISABLED,UNAVAILABLE,DISABLED
379,0.0045265918597579,3.322824341012165e-06,0.042807161808013916,0.0016179978847503662,1.6614121705060825e-06,0.021403580904006958,0.0008089989423751831,0.02674083411693573,32,False,UNAVAILABLE,DISABLED,DISABLED,DISABLED,UNAVAILABLE,DISABLED
380,0.0039563546888530254,2.152499973817612e-06,0.03936564922332764,0.028953075408935547,1.076249986908806e-06,0.01968282461166382,0.014476537704467773,0.03811679407954216,32,False,UNAVAILABLE,DISABLED,DISABLED,DISABLED,UNAVAILABLE,DISABLED
381,0.0030883816070854664,1.6452992213089601e-06,0.020413100719451904,0.016569048166275024,8.226496106544801e-07,0.010206550359725952,0.008284524083137512,0.021580278873443604,32,False,UNAVAILABLE,DISABLED,DISABLED,DISABLED,UNAVAILABLE,DISABLED
382,0.0029808112885802984,3.1054064493218902e-06,0.056215643882751465,0.04849119484424591,1.5527032246609451e-06,0.028107821941375732,0.024245597422122955,0.05533578246831894,32,False,UNAVAILABLE,DISABLED,DISABLED,DISABLED,UNAVAILABLE,DISABLED
383,0.0027031125500798225,2.620548002596479e-06,0.035241901874542236,-0.02197025716304779,1.3102740012982395e-06,0.017620950937271118,-0.010985128581523895,0.00934024527668953,32,False,UNAVAILABLE,DISABLED,DISABLED,DISABLED,UNAVAILABLE,DISABLED
384,0.0027641397900879383,8.208199687942397e-06,0.19903689622879028,-0.09125497937202454,4.1040998439711984e-06,0.09951844811439514,-0.04562748968601227,0.05665919929742813,32,False,UNAVAILABLE,DISABLED,DISABLED,DISABLED,UNAVAILABLE,DISABLED
385,0.00457502156496048,5.180425432627089e-06,0.059994280338287354,-0.09851820021867752,2.5902127163135447e-06,0.029997140169143677,-0.04925910010933876,-0.014684349298477173,32,False,UNAVAILABLE,DISABLED,DISABLED,DISABLED,UNAVAILABLE,DISABLED
386,0.006913680117577314,2.442413688186207e-06,0.028715968132019043,-0.03512635827064514,1.2212068440931034e-06,0.014357984066009521,-0.01756317913532257,0.003709707409143448,32,False,UNAVAILABLE,DISABLED,DISABLED,DISABLED,UNAVAILABLE,DISABLED
387,0.0036151139065623283,2.8030926841893233e-06,0.039892733097076416,0.019233405590057373,1.4015463420946617e-06,0.019946366548538208,0.009616702795028687,0.03317958489060402,32,False,UNAVAILABLE,DISABLED,DISABLED,DISABLED,UNAVAILABLE,DISABLED
388,0.0031307756435126066,5.185557711229194e-06,0.052865803241729736,-0.07106032222509384,2.592778855614597e-06,0.026432901620864868,-0.03553016111254692,-0.0059638917446136475,32,False,UNAVAILABLE,DISABLED,DISABLED,DISABLED,UNAVAILABLE,DISABLED
389,0.004437624476850033,5.199815859668888e-06,0.07764327526092529,-0.09729792177677155,2.599907929834444e-06,0.038821637630462646,-0.04864896088838577,-0.005387097597122192,32,False,UNAVAILABLE,DISABLED,DISABLED,DISABLED,UNAVAILABLE,DISABLED
390,0.0034566752146929502,3.9342698983091395e-06,0.030668675899505615,-0.027274563908576965,1.9671349491545698e-06,0.015334337949752808,-0.013637281954288483,0.005155697464942932,32,False,UNAVAILABLE,DISABLED,DISABLED,DISABLED,UNAVAILABLE,DISABLED
391,0.002798910718411207,3.2985874440782936e-06,0.03542447090148926,-0.039497360587120056,1.6492937220391468e-06,0.01771223545074463,-0.019748680293560028,0.0007641147822141647,32,False,UNAVAILABLE,DISABLED,DISABLED,DISABLED,UNAVAILABLE,DISABLED
392,0.00486768176779151,1.0166126230615191e-05,0.17656731605529785,-0.07316441833972931,5.083063115307596e-06,0.08828365802764893,-0.036582209169864655,0.05657421052455902,32,False,UNAVAILABLE,DISABLED,DISABLED,DISABLED,UNAVAILABLE,DISABLED
393,0.0030611229594796896,3.948940502596088e-06,0.07726752758026123,-0.02279169112443924,1.974470251298044e-06,0.038633763790130615,-0.01139584556221962,0.030301015824079514,32,False,UNAVAILABLE,DISABLED,DISABLED,DISABLED,UNAVAILABLE,DISABLED
394,0.003511345013976097,6.246817520150216e-06,0.05734485387802124,-0.052342720329761505,3.123408760075108e-06,0.02867242693901062,-0.026171360164880753,0.006015535444021225,32,False,UNAVAILABLE,DISABLED,DISABLED,DISABLED,UNAVAILABLE,DISABLED
395,0.010596232488751411,2.596649437691667e-06,0.037152230739593506,-0.03533510863780975,1.2983247188458336e-06,0.018576115369796753,-0.017667554318904877,0.011506091803312302,32,False,UNAVAILABLE,DISABLED,DISABLED,DISABLED,UNAVAILABLE,DISABLED
396,0.0037181640509516,3.5819805361825274e-06,0.02791273593902588,-0.04596073180437088,1.7909902680912637e-06,0.01395636796951294,-0.02298036590218544,-0.005304042249917984,32,False,UNAVAILABLE,DISABLED,DISABLED,DISABLED,UNAVAILABLE,DISABLED
397,0.003588428720831871,2.075507836707402e-06,0.02311629056930542,0.0020353123545646667,1.037753918353701e-06,0.01155814528465271,0.0010176561772823334,0.016165267676115036,32,False,UNAVAILABLE,DISABLED,DISABLED,DISABLED,UNAVAILABLE,DISABLED
398,0.007647377904504538,5.350660103431437e-06,0.07223677635192871,-0.042279794812202454,2.6753300517157186e-06,0.036118388175964355,-0.021139897406101227,0.0226285457611084,32,False,UNAVAILABLE,DISABLED,DISABLED,DISABLED,UNAVAILABLE,DISABLED
399,0.004067942500114441,2.962286089314148e-06,0.03520321846008301,-0.025722041726112366,1.481143044657074e-06,0.017601609230041504,-0.012861020863056183,0.0088100116699934,32,False,UNAVAILABLE,DISABLED,DISABLED,DISABLED,UNAVAILABLE,DISABLED
400,0.002866193652153015,3.87748195862514e-06,0.027013301849365234,0.0388469472527504,1.93874097931257e-06,0.013506650924682617,0.0194234736263752,0.03579825907945633,32,False,UNAVAILABLE,DISABLED,DISABLED,DISABLED,UNAVAILABLE,DISABLED
401,0.004537886008620262,5.165827587916283e-06,0.05684083700180054,-0.03484603390097618,2.5829137939581415e-06,0.02842041850090027,-0.01742301695048809,0.015537871047854424,32,False,UNAVAILABLE,DISABLED,DISABLED,DISABLED,UNAVAILABLE,DISABLED
402,0.008874551393091679,2.700270897548762e-06,0.02967613935470581,-0.04839302599430084,1.350135448774381e-06,0.014838069677352905,-0.02419651299715042,-0.0004825405776500702,32,False,UNAVAILABLE,DISABLED,DISABLED,DISABLED,UNAVAILABLE,DISABLED
403,0.005083409603685141,3.39787220582366e-06,0.03391522169113159,-0.005648348480463028,1.69893610291183e-06,0.016957610845565796,-0.002824174240231514,0.01921854540705681,32,False,UNAVAILABLE,DISABLED,DISABLED,DISABLED,UNAVAILABLE,DISABLED
404,0.003946797922253609,2.0312620563345263e-06,0.016567528247833252,-0.036889225244522095,1.0156310281672631e-06,0.008283764123916626,-0.018444612622261047,-0.006213035434484482,32,False,UNAVAILABLE,DISABLED,DISABLED,DISABLED,UNAVAILABLE,DISABLED
405,0.007569774053990841,3.2559025839873357e-06,0.0330510139465332,-0.01667819917201996,1.6279512919936678e-06,0.0165255069732666,-0.00833909958600998,0.015757810324430466,32,False,UNAVAILABLE,DISABLED,DISABLED,DISABLED,UNAVAILABLE,DISABLED
406,0.008747875690460205,4.832550075661857e-06,0.058519721031188965,-0.058334775269031525,2.4162750378309283e-06,0.029259860515594482,-0.029167387634515762,0.008842762559652328,32,False,UNAVAILABLE,DISABLED,DISABLED,DISABLED,UNAVAILABLE,DISABLED
407,0.007634666748344898,2.7125802262162324e-06,0.03441786766052246,0.009172709658741951,1.3562901131081162e-06,0.01720893383026123,0.0045863548293709755,0.029431313276290894,32,False,UNAVAILABLE,DISABLED,DISABLED,DISABLED,UNAVAILABLE,DISABLED
408,0.0038608985487371683,5.206677997193765e-06,0.08710724115371704,-0.038334354758262634,2.6033389985968824e-06,0.04355362057685852,-0.019167177379131317,0.028249945491552353,32,False,UNAVAILABLE,DISABLED,DISABLED,DISABLED,UNAVAILABLE,DISABLED
409,0.0058955964632332325,5.111827249493217e-06,0.042936623096466064,-0.02608705684542656,2.5559136247466085e-06,0.021468311548233032,-0.01304352842271328,0.014322934672236443,32,False,UNAVAILABLE,DISABLED,DISABLED,DISABLED,UNAVAILABLE,DISABLED
410,0.008826897479593754,4.769708084495505e-06,0.04302418231964111,-0.03784782066941261,2.3848540422477527e-06,0.021512091159820557,-0.018923910334706306,0.011417463421821594,32,False,UNAVAILABLE,DISABLED,DISABLED,DISABLED,UNAVAILABLE,DISABLED
411,0.0030487694311887026,5.60529451831826e-06,0.053909897804260254,-0.004760187119245529,2.80264725915913e-06,0.026954948902130127,-0.0023800935596227646,0.02762642689049244,32,False,UNAVAILABLE,DISABLED,DISABLED,DISABLED,UNAVAILABLE,DISABLED
412,0.018218638375401497,2.323122998859617e-06,0.03668409585952759,-0.03261158987879753,1.1615614994298085e-06,0.018342047929763794,-0.016305794939398766,0.020256051793694496,32,False,UNAVAILABLE,DISABLED,DISABLED,DISABLED,UNAVAILABLE,DISABLED
413,0.004989569075405598,4.407032065500971e-06,0.054317474365234375,-0.010303471237421036,2.2035160327504855e-06,0.027158737182617188,-0.005151735618710518,0.026998775079846382,32,False,UNAVAILABLE,DISABLED,DISABLED,DISABLED,UNAVAILABLE,DISABLED
414,0.007925707846879959,3.061260485992534e-06,0.04538816213607788,-0.018469320610165596,1.530630242996267e-06,0.02269408106803894,-0.009234660305082798,0.021386660635471344,32,False,UNAVAILABLE,DISABLED,DISABLED,DISABLED,UNAVAILABLE,DISABLED
415,0.004744643345475197,3.4946137930091936e-06,0.047175049781799316,-0.06054883077740669,1.7473068965045968e-06,0.023587524890899658,-0.030274415388703346,-0.0019404999911785126,32,False,UNAVAILABLE,DISABLED,DISABLED,DISABLED,UNAVAILABLE,DISABLED
416,0.003055369481444359,4.118504421057878e-06,0.10440266132354736,-0.055185697972774506,2.059252210528939e-06,0.05220133066177368,-0.027592848986387253,0.027665909379720688,32,False,UNAVAILABLE,DISABLED,DISABLED,DISABLED,UNAVAILABLE,DISABLED
417,0.007733037695288658,2.9398954666248756e-06,0.02869933843612671,-0.033197611570358276,1.4699477333124378e-06,0.014349669218063354,-0.016598805785179138,0.005485370755195618,32,False,UNAVAILABLE,DISABLED,DISABLED,DISABLED,UNAVAILABLE,DISABLED
418,0.007394892163574696,4.23248684455757e-06,0.07667535543441772,-0.017318718135356903,2.116243422278785e-06,0.03833767771720886,-0.008659359067678452,0.03707532584667206,32,False,UNAVAILABLE,DISABLED,DISABLED,DISABLED,UNAVAILABLE,DISABLED
419,0.005356569308787584,3.735234031410073e-06,0.05366694927215576,0.019845742732286453,1.8676170157050365e-06,0.02683347463607788,0.009922871366143227,0.042114779353141785,32,False,UNAVAILABLE,DISABLED,DISABLED,DISABLED,UNAVAILABLE,DISABLED
420,0.011599874123930931,2.1817807009938406e-06,0.03641152381896973,-0.03740426152944565,1.0908903504969203e-06,0.018205761909484863,-0.018702130764722824,0.01110459491610527,32,False,UNAVAILABLE,DISABLED,DISABLED,DISABLED,UNAVAILABLE,DISABLED
421,0.005526721011847258,2.874792016882566e-06,0.029302477836608887,-0.031844548881053925,1.437396008441283e-06,0.014651238918304443,-0.015922274440526962,0.004257123917341232,32,False,UNAVAILABLE,DISABLED,DISABLED,DISABLED,UNAVAILABLE,DISABLED
422,0.006874833256006241,2.692856014618883e-06,0.02392101287841797,-0.0015730410814285278,1.3464280073094415e-06,0.011960506439208984,-0.0007865205407142639,0.018050165846943855,32,False,UNAVAILABLE,DISABLED,DISABLED,DISABLED,UNAVAILABLE,DISABLED
423,0.005101972259581089,2.429253981972579e-06,0.026416361331939697,-0.0037963688373565674,1.2146269909862895e-06,0.013208180665969849,-0.0018981844186782837,0.016413182020187378,32,False,UNAVAILABLE,DISABLED,DISABLED,DISABLED,UNAVAILABLE,DISABLED
424,0.005198657047003508,4.357474153948715e-06,0.09250521659851074,-0.003747604787349701,2.1787370769743575e-06,0.04625260829925537,-0.0018738023936748505,0.049579642713069916,32,False,UNAVAILABLE,DISABLED,DISABLED,DISABLED,UNAVAILABLE,DISABLED
425,0.006853810511529446,2.478865781085915e-06,0.03455829620361328,-0.041331544518470764,1.2394328905429575e-06,0.01727914810180664,-0.020665772259235382,0.0034684259444475174,32,False,UNAVAILABLE,DISABLED,DISABLED,DISABLED,UNAVAILABLE,DISABLED
426,0.005465105641633272,2.8806225600419566e-06,0.03734332323074341,-0.0371866300702095,1.4403112800209783e-06,0.018671661615371704,-0.01859331503510475,0.005544893443584442,32,False,UNAVAILABLE,DISABLED,DISABLED,DISABLED,UNAVAILABLE,DISABLED
427,0.006834105588495731,3.3195908599736867e-06,0.033871352672576904,-0.0011807233095169067,1.6597954299868434e-06,0.016935676336288452,-0.0005903616547584534,0.02318108081817627,32,False,UNAVAILABLE,DISABLED,DISABLED,DISABLED,UNAVAILABLE,DISABLED
428,0.0044189635664224625,3.830056812148541e-06,0.045211851596832275,0.00150337815284729,1.9150284060742706e-06,0.022605925798416138,0.000751689076423645,0.027778493240475655,32,False,UNAVAILABLE,DISABLED,DISABLED,DISABLED,UNAVAILABLE,DISABLED
429,0.0044525074772536755,3.692301334012882e-06,0.0392114520072937,-0.009145662188529968,1.846150667006441e-06,0.01960572600364685,-0.004572831094264984,0.019487248733639717,32,False,UNAVAILABLE,DISABLED,DISABLED,DISABLED,UNAVAILABLE,DISABLED
430,0.006780390162020922,3.652411805887823e-06,0.05098247528076172,-0.02377381920814514,1.8262059029439115e-06,0.02549123764038086,-0.01188690960407257,0.02038654312491417,32,False,UNAVAILABLE,DISABLED,DISABLED,DISABLED,UNAVAILABLE,DISABLED
431,0.006153370253741741,4.064734639541712e-06,0.054068803787231445,-0.002323344349861145,2.032367319770856e-06,0.027034401893615723,-0.0011616721749305725,0.03202813118696213,32,False,UNAVAILABLE,DISABLED,DISABLED,DISABLED,UNAVAILABLE,DISABLED
432,0.00345279136672616,2.6279117264493834e-06,0.029833674430847168,-0.00041368603706359863,1.3139558632246917e-06,0.014916837215423584,-0.00020684301853179932,0.018164100125432014,32,False,UNAVAILABLE,DISABLED,DISABLED,DISABLED,UNAVAILABLE,DISABLED
433,0.004000802990049124,4.26489759774995e-06,0.0448186993598938,0.0002291947603225708,2.132448798874975e-06,0.0224093496799469,0.0001145973801612854,0.026526883244514465,32,False,UNAVAILABLE,DISABLED,DISABLED,DISABLED,UNAVAILABLE,DISABLED
434,0.003217892022803426,3.5723357996175764e-06,0.04816842079162598,-0.03761625289916992,1.7861678998087882e-06,0.02408421039581299,-0.01880812644958496,0.008495762944221497,32,False,UNAVAILABLE,DISABLED,DISABLED,DISABLED,UNAVAILABLE,DISABLED
435,0.005891663488000631,5.684236384695396e-06,0.05810362100601196,-0.01670190691947937,2.842118192347698e-06,0.02905181050300598,-0.008350953459739685,0.026595361530780792,32,False,UNAVAILABLE,DISABLED,DISABLED,DISABLED,UNAVAILABLE,DISABLED
436,0.00389504199847579,3.6863796140096383e-06,0.04702788591384888,0.03199389576911926,1.8431898070048192e-06,0.02351394295692444,0.01599694788455963,0.04340777546167374,32,False,UNAVAILABLE,DISABLED,DISABLED,DISABLED,UNAVAILABLE,DISABLED
437,0.008571049198508263,4.005074970336864e-06,0.04510486125946045,0.0022920966148376465,2.002537485168432e-06,0.022552430629730225,0.0011460483074188232,0.032271530479192734,32,False,UNAVAILABLE,DISABLED,DISABLED,DISABLED,UNAVAILABLE,DISABLED
438,0.0029105660505592823,3.991655376012204e-06,0.03880077600479126,0.039552152156829834,1.995827688006102e-06,0.01940038800239563,0.019776076078414917,0.04208902642130852,32,False,UNAVAILABLE,DISABLED,DISABLED,DISABLED,UNAVAILABLE,DISABLED
439,0.004037279170006514,1.9751225863728905e-06,0.02172166109085083,-0.013043016195297241,9.875612931864453e-07,0.010860830545425415,-0.006521508097648621,0.008377589285373688,32,False,UNAVAILABLE,DISABLED,DISABLED,DISABLED,UNAVAILABLE,DISABLED
440,0.0033164075575768948,3.7184122447797563e-06,0.030194580554962158,0.04321688413619995,1.8592061223898781e-06,0.015097290277481079,0.021608442068099976,0.04002399742603302,32,False,UNAVAILABLE,DISABLED,DISABLED,DISABLED,UNAVAILABLE,DISABLED
441,0.005485985428094864,2.6609288852341706e-06,0.03951823711395264,-0.007651805877685547,1.3304644426170853e-06,0.01975911855697632,-0.0038259029388427734,0.02142053097486496,32,False,UNAVAILABLE,DISABLED,DISABLED,DISABLED,UNAVAILABLE,DISABLED
442,0.005003002937883139,5.854535174876219e-06,0.0633496642112732,0.04845044016838074,2.9272675874381093e-06,0.0316748321056366,0.02422522008419037,0.06090598180890083,32,False,UNAVAILABLE,DISABLED,DISABLED,DISABLED,UNAVAILABLE,DISABLED
443,0.004290218465030193,2.4328842300747056e-06,0.048656582832336426,0.011593878269195557,1.2164421150373528e-06,0.024328291416168213,0.005796939134597778,0.03441666439175606,32,False,UNAVAILABLE,DISABLED,DISABLED,DISABLED,UNAVAILABLE,DISABLED
444,0.0037202835083007812,2.046436065938906e-06,0.04844182729721069,-0.01219746470451355,1.023218032969453e-06,0.024220913648605347,-0.006098732352256775,0.02184348739683628,32,False,UNAVAILABLE,DISABLED,DISABLED,DISABLED,UNAVAILABLE,DISABLED
445,0.0028191518504172564,5.4240645113168284e-06,0.044551849365234375,0.016369163990020752,2.7120322556584142e-06,0.022275924682617188,0.008184581995010376,0.03328236937522888,32,False,UNAVAILABLE,DISABLED,DISABLED,DISABLED,UNAVAILABLE,DISABLED
446,0.002995383460074663,3.153299530822551e-06,0.032778024673461914,-0.00981050729751587,1.5766497654112754e-06,0.016389012336730957,-0.004905253648757935,0.014480719342827797,32,False,UNAVAILABLE,DISABLED,DISABLED,DISABLED,UNAVAILABLE,DISABLED
447,0.003459017723798752,2.7660137220664183e-06,0.02724665403366089,0.03152880072593689,1.3830068610332091e-06,0.013623327016830444,0.015764400362968445,0.03284812718629837,32,False,UNAVAILABLE,DISABLED,DISABLED,DISABLED,UNAVAILABLE,DISABLED
448,0.0030581264290958643,7.243103937071282e-06,0.10346043109893799,0.013829559087753296,3.621551968535641e-06,0.051730215549468994,0.006914779543876648,0.06170674413442612,32,False,UNAVAILABLE,DISABLED,DISABLED,DISABLED,UNAVAILABLE,DISABLED
449,0.003217479446902871,2.520365796954138e-06,0.028874337673187256,0.004223912954330444,1.260182898477069e-06,0.014437168836593628,0.002111956477165222,0.019767865538597107,32,False,UNAVAILABLE,DISABLED,DISABLED,DISABLED,UNAVAILABLE,DISABLED
450,0.007584771607071161,1.956826054083649e-06,0.016461431980133057,0.019740909337997437,9.784130270418245e-07,0.008230715990066528,0.009870454668998718,0.025686919689178467,32,False,UNAVAILABLE,DISABLED,DISABLED,DISABLED,UNAVAILABLE,DISABLED
451,0.0034709000028669834,2.2126964722701814e-06,0.03587353229522705,0.0031708478927612305,1.1063482361350907e-06,0.017936766147613525,0.0015854239463806152,0.02299419604241848,32,False,UNAVAILABLE,DISABLED,DISABLED,DISABLED,UNAVAILABLE,DISABLED
452,0.0035844792146235704,2.509866817490547e-06,0.025032401084899902,0.02730277180671692,1.2549334087452735e-06,0.012516200542449951,0.01365138590335846,0.029753319919109344,32,False,UNAVAILABLE,DISABLED,DISABLED,DISABLED,UNAVAILABLE,DISABLED
453,0.002937752055004239,3.0757607873965753e-06,0.04765033721923828,0.06563189625740051,1.5378803936982877e-06,0.02382516860961914,0.032815948128700256,0.05958040803670883,32,False,UNAVAILABLE,DISABLED,DISABLED,DISABLED,UNAVAILABLE,DISABLED
454,0.004301778040826321,3.856749117403524e-06,0.051436424255371094,0.09238135814666748,1.928374558701762e-06,0.025718212127685547,0.04619067907333374,0.07621259987354279,32,False,UNAVAILABLE,DISABLED,DISABLED,DISABLED,UNAVAILABLE,DISABLED
455,0.0036260541528463364,2.106407237079111e-06,0.02608358860015869,0.03272402286529541,1.0532036185395555e-06,0.013041794300079346,0.016362011432647705,0.0330309122800827,32,False,UNAVAILABLE,DISABLED,DISABLED,DISABLED,UNAVAILABLE,DISABLED
456,0.0026903683319687843,1.7382286614520126e-06,0.030554533004760742,-0.022610187530517578,8.691143307260063e-07,0.015277266502380371,-0.011305093765258789,0.006663409993052483,32,False,UNAVAILABLE,DISABLED,DISABLED,DISABLED,UNAVAILABLE,DISABLED
457,0.004491355735808611,2.8091187687095953e-06,0.03568357229232788,-0.01556706428527832,1.4045593843547977e-06,0.01784178614616394,-0.00778353214263916,0.014551013708114624,32,False,UNAVAILABLE,DISABLED,DISABLED,DISABLED,UNAVAILABLE,DISABLED
458,0.0029244860634207726,3.9634610402572434e-06,0.059398531913757324,0.03811144828796387,1.9817305201286217e-06,0.029699265956878662,0.019055724143981934,0.051681458950042725,32,False,UNAVAILABLE,DISABLED,DISABLED,DISABLED,UNAVAILABLE,DISABLED
459,0.0026902530808001757,4.032254310004646e-06,0.03945183753967285,0.02558678388595581,2.016127155002323e-06,0.019725918769836426,0.012793391942977905,0.035211578011512756,32,False,UNAVAILABLE,DISABLED,DISABLED,DISABLED,UNAVAILABLE,DISABLED
460,0.003216913202777505,3.741730552064837e-06,0.05488622188568115,0.054999351501464844,1.8708652760324185e-06,0.027443110942840576,0.027499675750732422,0.058161571621894836,32,False,UNAVAILABLE,DISABLED,DISABLED,DISABLED,UNAVAILABLE,DISABLED
461,0.002692792797461152,2.5934725726983743e-06,0.02298426628112793,0.004715085029602051,1.2967362863491871e-06,0.011492133140563965,0.0023575425148010254,0.016543764621019363,32,False,UNAVAILABLE,DISABLED,DISABLED,DISABLED,UNAVAILABLE,DISABLED
462,0.004868713207542896,5.8807509049074724e-06,0.06403142213821411,0.09574633836746216,2.9403754524537362e-06,0.032015711069107056,0.04787316918373108,0.08476053178310394,32,False,UNAVAILABLE,DISABLED,DISABLED,DISABLED,UNAVAILABLE,DISABLED
463,0.00302448240108788,3.1907516131468583e-06,0.06090909242630005,0.04441821575164795,1.5953758065734291e-06,0.030454546213150024,0.022209107875823975,0.0556897334754467,32,False,UNAVAILABLE,DISABLED,DISABLED,DISABLED,UNAVAILABLE,DISABLED
464,0.004103892482817173,5.051722837379202e-06,0.0735282301902771,0.06438511610031128,2.525861418689601e-06,0.03676411509513855,0.03219255805015564,0.07306309044361115,32,False,UNAVAILABLE,DISABLED,DISABLED,DISABLED,UNAVAILABLE,DISABLED
465,0.0025088221300393343,1.6815183698781766e-06,0.017333924770355225,0.02003699541091919,8.407591849390883e-07,0.008666962385177612,0.010018497705459595,0.021195122972130775,32,False,UNAVAILABLE,DISABLED,DISABLED,DISABLED,UNAVAILABLE,DISABLED
466,0.0035096872597932816,4.150994755036663e-06,0.047453999519348145,0.046454787254333496,2.0754973775183316e-06,0.023726999759674072,0.023227393627166748,0.050466157495975494,32,False,UNAVAILABLE,DISABLED,DISABLED,DISABLED,UNAVAILABLE,DISABLED
467,0.0028012623079121113,1.7515134231871343e-06,0.02613389492034912,0.03810983896255493,8.757567115935672e-07,0.01306694746017456,0.019054919481277466,0.03492400422692299,32,False,UNAVAILABLE,DISABLED,DISABLED,DISABLED,UNAVAILABLE,DISABLED
468,0.004473468754440546,4.269323653716128e-06,0.05246990919113159,0.059285879135131836,2.134661826858064e-06,0.026234954595565796,0.029642939567565918,0.06035349518060684,32,False,UNAVAILABLE,DISABLED,DISABLED,DISABLED,UNAVAILABLE,DISABLED
469,0.0035260957665741444,2.1708597159886267e-06,0.017981350421905518,0.03557157516479492,1.0854298579943134e-06,0.008990675210952759,0.01778578758239746,0.03030364401638508,32,False,UNAVAILABLE,DISABLED,DISABLED,DISABLED,UNAVAILABLE,DISABLED
470,0.0029114640783518553,3.224062538720318e-06,0.03909957408905029,-0.003777146339416504,1.612031269360159e-06,0.019549787044525146,-0.001888573169708252,0.020574290305376053,32,False,UNAVAILABLE,DISABLED,DISABLED,DISABLED,UNAVAILABLE,DISABLED
471,0.0026638051494956017,3.775985078391386e-06,0.03993630409240723,0.010286808013916016,1.887992539195693e-06,0.019968152046203613,0.005143404006958008,0.02777724899351597,32,False,UNAVAILABLE,DISABLED,DISABLED,DISABLED,UNAVAILABLE,DISABLED
472,0.0030982985626906157,3.3217750114999944e-06,0.0347440242767334,0.02259063720703125,1.6608875057499972e-06,0.0173720121383667,0.011295318603515625,0.03176729008555412,32,False,UNAVAILABLE,DISABLED,DISABLED,DISABLED,UNAVAILABLE,DISABLED
473,0.003717740997672081,2.614740424178308e-06,0.05392378568649292,0.05174916982650757,1.307370212089154e-06,0.02696189284324646,0.025874584913253784,0.056555524468421936,32,False,UNAVAILABLE,DISABLED,DISABLED,DISABLED,UNAVAILABLE,DISABLED
474,0.00376360141672194,2.167670118069509e-06,0.020898640155792236,0.015279114246368408,1.0838350590347545e-06,0.010449320077896118,0.007639557123184204,0.02185356244444847,32,False,UNAVAILABLE,DISABLED,DISABLED,DISABLED,UNAVAILABLE,DISABLED
475,0.004616540856659412,3.282214947830653e-06,0.030552387237548828,0.033682286739349365,1.6411074739153264e-06,0.015276193618774414,0.016841143369674683,0.036735519766807556,32,False,UNAVAILABLE,DISABLED,DISABLED,DISABLED,UNAVAILABLE,DISABLED
476,0.003797902027145028,4.274119419278577e-06,0.040321290493011475,0.04433643817901611,2.1370597096392885e-06,0.020160645246505737,0.022168219089508057,0.046128902584314346,32,False,UNAVAILABLE,DISABLED,DISABLED,DISABLED,UNAVAILABLE,DISABLED
477,0.003368585603311658,2.949097734017414e-06,0.05972456932067871,0.030465543270111084,1.474548867008707e-06,0.029862284660339355,0.015232771635055542,0.04846511781215668,32,False,UNAVAILABLE,DISABLED,DISABLED,DISABLED,UNAVAILABLE,DISABLED
478,0.003319083247333765,5.759544364991598e-06,0.05752044916152954,0.0007661581039428711,2.879772182495799e-06,0.02876022458076477,0.00038307905197143555,0.032465267926454544,32,False,UNAVAILABLE,DISABLED,DISABLED,DISABLED,UNAVAILABLE,DISABLED
479,0.00400205235928297,3.339718205097597e-06,0.03736269474029541,0.03407597541809082,1.6698591025487985e-06,0.018681347370147705,0.01703798770904541,0.03972305729985237,32,False,UNAVAILABLE,DISABLED,DISABLED,DISABLED,UNAVAILABLE,DISABLED
480,0.003145792754366994,4.959122179570841e-06,0.13250309228897095,-0.015529334545135498,2.4795610897854203e-06,0.06625154614448547,-0.007764667272567749,0.061635151505470276,32,False,UNAVAILABLE,DISABLED,DISABLED,DISABLED,UNAVAILABLE,DISABLED
481,0.0027289893478155136,5.1419096962490585e-06,0.05008643865585327,0.050127625465393066,2.5709548481245292e-06,0.025043219327926636,0.025063812732696533,0.05283859372138977,32,False,UNAVAILABLE,DISABLED,DISABLED,DISABLED,UNAVAILABLE,DISABLED
482,0.003051670966669917,2.5083097625611117e-06,0.03224945068359375,0.032307326793670654,1.2541548812805559e-06,0.016124725341796875,0.016153663396835327,0.03533131629228592,32,False,UNAVAILABLE,DISABLED,DISABLED,DISABLED,UNAVAILABLE,DISABLED
483,0.002802084432914853,2.866663180611795e-06,0.05248337984085083,0.020085394382476807,1.4333315903058974e-06,0.026241689920425415,0.010042697191238403,0.03908790647983551,32,False,UNAVAILABLE,DISABLED,DISABLED,DISABLED,UNAVAILABLE,DISABLED
484,0.0022597224451601505,4.624504981620703e-06,0.05337649583816528,0.004669308662414551,2.3122524908103514e-06,0.02668824791908264,0.0023346543312072754,0.031284935772418976,32,False,UNAVAILABLE,DISABLED,DISABLED,DISABLED,UNAVAILABLE,DISABLED
485,0.003003885969519615,2.7239318569627358e-06,0.042365074157714844,0.02344048023223877,1.3619659284813679e-06,0.021182537078857422,0.011720240116119385,0.03590802475810051,32,False,UNAVAILABLE,DISABLED,DISABLED,DISABLED,UNAVAILABLE,DISABLED
486,0.004168511833995581,2.3989525743672857e-06,0.02191770076751709,0.03345721960067749,1.1994762871836429e-06,0.010958850383758545,0.016728609800338745,0.031857170164585114,32,False,UNAVAILABLE,DISABLED,DISABLED,DISABLED,UNAVAILABLE,DISABLED
487,0.002519899280741811,2.274417738590273e-06,0.03294193744659424,0.04930877685546875,1.1372088692951365e-06,0.01647096872329712,0.024654388427734375,0.043646395206451416,32,False,UNAVAILABLE,DISABLED,DISABLED,DISABLED,UNAVAILABLE,DISABLED
488,0.004440182354301214,3.3869848721224116e-06,0.02774369716644287,0.032420575618743896,1.6934924360612058e-06,0.013871848583221436,0.016210287809371948,0.034524012356996536,32,False,UNAVAILABLE,DISABLED,DISABLED,DISABLED,UNAVAILABLE,DISABLED
489,0.003907275386154652,8.234254892158788e-06,0.0930747389793396,-0.013992488384246826,4.117127446079394e-06,0.0465373694896698,-0.006996244192123413,0.043452516198158264,32,False,UNAVAILABLE,DISABLED,DISABLED,DISABLED,UNAVAILABLE,DISABLED
490,0.10785885155200958,2.1139478576515103e-06,0.027713894844055176,0.006943225860595703,1.0569739288257551e-06,0.013856947422027588,0.0034716129302978516,0.12518846988677979,32,False,UNAVAILABLE,DISABLED,DISABLED,DISABLED,UNAVAILABLE,DISABLED
491,0.0039192247204482555,3.1502188448939705e-06,0.054900944232940674,0.02791762351989746,1.5751094224469853e-06,0.027450472116470337,0.01395881175994873,0.04533008486032486,32,False,UNAVAILABLE,DISABLED,DISABLED,DISABLED,UNAVAILABLE,DISABLED
492,0.004445777274668217,2.6813795557245612e-06,0.026926755905151367,0.03626364469528198,1.3406897778622806e-06,0.013463377952575684,0.01813182234764099,0.03604231774806976,32,False,UNAVAILABLE,DISABLED,DISABLED,DISABLED,UNAVAILABLE,DISABLED
493,0.0027295355685055256,2.7869423320225906e-06,0.033431828022003174,0.03391742706298828,1.3934711660112953e-06,0.016715914011001587,0.01695871353149414,0.03640555590391159,32,False,UNAVAILABLE,DISABLED,DISABLED,DISABLED,UNAVAILABLE,DISABLED
494,0.003925584722310305,2.4380524337175302e-06,0.03515511751174927,-0.007842421531677246,1.2190262168587651e-06,0.017577558755874634,-0.003921210765838623,0.017583152279257774,32,False,UNAVAILABLE,DISABLED,DISABLED,DISABLED,UNAVAILABLE,DISABLED
495,0.006209241691976786,2.1416085473902058e-06,0.01927042007446289,0.028818607330322266,1.0708042736951029e-06,0.009635210037231445,0.014409303665161133,0.030254825949668884,32,False,UNAVAILABLE,DISABLED,DISABLED,DISABLED,UNAVAILABLE,DISABLED
496,0.0033632456324994564,2.8360898340906715e-06,0.05056685209274292,0.00768435001373291,1.4180449170453358e-06,0.02528342604637146,0.003842175006866455,0.032490264624357224,32,False,UNAVAILABLE,DISABLED,DISABLED,DISABLED,UNAVAILABLE,DISABLED
497,0.003227880923077464,1.924215212056879e-06,0.01949620246887207,0.02169889211654663,9.621076060284395e-07,0.009748101234436035,0.010849446058273315,0.023826390504837036,32,False,UNAVAILABLE,DISABLED,DISABLED,DISABLED,UNAVAILABLE,DISABLED
498,0.002689266111701727,2.3530183170805685e-06,0.020528793334960938,-0.004308640956878662,1.1765091585402843e-06,0.010264396667480469,-0.002154320478439331,0.010800519026815891,32,False,UNAVAILABLE,DISABLED,DISABLED,DISABLED,UNAVAILABLE,DISABLED
499,0.0026400540955364704,2.5974179607146652e-06,0.027766168117523193,0.040899455547332764,1.2987089803573326e-06,0.013883084058761597,0.020449727773666382,0.036974165588617325,32,False,UNAVAILABLE,DISABLED,DISABLED,DISABLED,UNAVAILABLE,DISABLED
500,0.0026470040902495384,2.720231805142248e-06,0.022513389587402344,-0.0022230148315429688,1.360115902571124e-06,0.011256694793701172,-0.0011115074157714844,0.01279355213046074,32,False,UNAVAILABLE,DISABLED,DISABLED,DISABLED,UNAVAILABLE,DISABLED
501,0.002989322179928422,2.3463421712222043e-06,0.04011052846908569,0.04420435428619385,1.1731710856111022e-06,0.020055264234542847,0.022102177143096924,0.045147936791181564,32,False,UNAVAILABLE,DISABLED,DISABLED,DISABLED,UNAVAILABLE,DISABLED
502,0.0037583215162158012,2.074534222629154e-06,0.016661882400512695,0.028045952320098877,1.037267111314577e-06,0.008330941200256348,0.014022976160049438,0.026113275438547134,32,False,UNAVAILABLE,DISABLED,DISABLED,DISABLED,UNAVAILABLE,DISABLED
503,0.0050026606768369675,5.771789346908918e-06,0.03874462842941284,0.023587167263031006,2.885894673454459e-06,0.01937231421470642,0.011793583631515503,0.03617144376039505,32,False,UNAVAILABLE,DISABLED,DISABLED,DISABLED,UNAVAILABLE,DISABLED
504,0.0030481091234833,2.2143894966575317e-06,0.020084798336029053,0.023022174835205078,1.1071947483287659e-06,0.010042399168014526,0.011511087417602539,0.024602703750133514,32,False,UNAVAILABLE,DISABLED,DISABLED,DISABLED,UNAVAILABLE,DISABLED
505,0.0030471759382635355,1.924823209265014e-06,0.01906520128250122,0.023477375507354736,9.62411604632507e-07,0.00953260064125061,0.011738687753677368,0.024319427087903023,32,False,UNAVAILABLE,DISABLED,DISABLED,DISABLED,UNAVAILABLE,DISABLED
506,0.006181400269269943,4.723600795841776e-06,0.059509456157684326,0.048973262310028076,2.361800397920888e-06,0.029754728078842163,0.024486631155014038,0.06042512133717537,32,False,UNAVAILABLE,DISABLED,DISABLED,DISABLED,UNAVAILABLE,DISABLED
507,0.0049081346951425076,1.611708285054192e-06,0.027280032634735107,0.015397787094116211,8.05854142527096e-07,0.013640016317367554,0.0076988935470581055,0.02624785155057907,32,False,UNAVAILABLE,DISABLED,DISABLED,DISABLED,UNAVAILABLE,DISABLED
508,0.0025099271442741156,2.495196895324625e-06,0.027822673320770264,0.008719384670257568,1.2475984476623125e-06,0.013911336660385132,0.004359692335128784,0.02078220434486866,32,False,UNAVAILABLE,DISABLED,DISABLED,DISABLED,UNAVAILABLE,DISABLED
509,0.005298440344631672,1.6792653241282096e-06,0.02305901050567627,0.049846112728118896,8.396326620641048e-07,0.011529505252838135,0.024923056364059448,0.041751839220523834,32,False,UNAVAILABLE,DISABLED,DISABLED,DISABLED,UNAVAILABLE,DISABLED
510,0.005171183496713638,4.010369138995884e-06,0.059760451316833496,0.041233956813812256,2.005184569497942e-06,0.029880225658416748,0.020616978406906128,0.05567039176821709,32,False,UNAVAILABLE,DISABLED,DISABLED,DISABLED,UNAVAILABLE,DISABLED
511,0.00296501605771482,2.5080337309191236e-06,0.05656057596206665,-0.02227163314819336,1.2540168654595618e-06,0.028280287981033325,-0.01113581657409668,0.02011074125766754,32,False,UNAVAILABLE,DISABLED,DISABLED,DISABLED,UNAVAILABLE,DISABLED
512,0.0031752134673297405,4.934442586090881e-06,0.10375314950942993,0.023954033851623535,2.4672212930454407e-06,0.051876574754714966,0.011977016925811768,0.06703127175569534,32,False,UNAVAILABLE,DISABLED,DISABLED,DISABLED,UNAVAILABLE,DISABLED
513,0.003500140504911542,3.5767557164945174e-06,0.03452026844024658,0.010051369667053223,1.7883778582472587e-06,0.01726013422012329,0.005025684833526611,0.025787748396396637,32,False,UNAVAILABLE,DISABLED,DISABLED,DISABLED,UNAVAILABLE,DISABLED
514,0.003081107512116432,2.5032629764609737e-06,0.030012309551239014,0.05239212512969971,1.2516314882304869e-06,0.015006154775619507,0.026196062564849854,0.044284574687480927,32,False,UNAVAILABLE,DISABLED,DISABLED,DISABLED,UNAVAILABLE,DISABLED
515,0.0044532399624586105,4.725390226667514e-06,0.07699596881866455,0.03850972652435303,2.362695113333757e-06,0.038497984409332275,0.019254863262176514,0.062208451330661774,32,False,UNAVAILABLE,DISABLED,DISABLED,DISABLED,UNAVAILABLE,DISABLED
516,0.004063114523887634,1.8151072254113387e-06,0.024372398853302002,0.032846271991729736,9.075536127056694e-07,0.012186199426651001,0.016423135995864868,0.03267335891723633,32,False,UNAVAILABLE,DISABLED,DISABLED,DISABLED,UNAVAILABLE,DISABLED
517,0.0027250139974057674,1.693819513093331e-06,0.018410444259643555,0.011167287826538086,8.469097565466654e-07,0.009205222129821777,0.005583643913269043,0.017514728009700775,32,False,UNAVAILABLE,DISABLED,DISABLED,DISABLED,UNAVAILABLE,DISABLED
518,0.0036032432690262794,3.941575414501131e-06,0.044301629066467285,-0.0464404821395874,1.9707877072505653e-06,0.022150814533233643,-0.0232202410697937,0.0025357864797115326,32,False,UNAVAILABLE,DISABLED,DISABLED,DISABLED,UNAVAILABLE,DISABLED
519,0.0029175039380788803,2.7720000161934877e-06,0.03657335042953491,0.04356861114501953,1.3860000080967438e-06,0.018286675214767456,0.021784305572509766,0.04298987239599228,32,False,UNAVAILABLE,DISABLED,DISABLED,DISABLED,UNAVAILABLE,DISABLED
520,0.002817924600094557,2.7141659302287735e-06,0.026176929473876953,0.025358617305755615,1.3570829651143868e-06,0.013088464736938477,0.012679308652877808,0.02858705446124077,32,False,UNAVAILABLE,DISABLED,DISABLED,DISABLED,UNAVAILABLE,DISABLED
521,0.003427440533414483,1.7460208709962899e-06,0.017558515071868896,0.028084754943847656,8.730104354981449e-07,0.008779257535934448,0.014042377471923828,0.026249948889017105,32,False,UNAVAILABLE,DISABLED,DISABLED,DISABLED,UNAVAILABLE,DISABLED
522,0.0022619108203798532,1.5737454077680013e-06,0.03309369087219238,-0.017446398735046387,7.868727038840007e-07,0.01654684543609619,-0.008723199367523193,0.010086344555020332,32,False,UNAVAILABLE,DISABLED,DISABLED,DISABLED,UNAVAILABLE,DISABLED
523,0.002650214359164238,2.6019658889708808e-06,0.03704708814620972,0.034112751483917236,1.3009829444854404e-06,0.01852354407310486,0.017056375741958618,0.03823143616318703,32,False,UNAVAILABLE,DISABLED,DISABLED,DISABLED,UNAVAILABLE,DISABLED
524,0.0036573894321918488,3.6927817745890934e-06,0.047157466411590576,0.01839345693588257,1.8463908872945467e-06,0.023578733205795288,0.009196728467941284,0.03643469512462616,32,False,UNAVAILABLE,DISABLED,DISABLED,DISABLED,UNAVAILABLE,DISABLED
525,0.0025120407808572054,6.303811460384168e-06,0.054747164249420166,-0.03565537929534912,3.151905730192084e-06,0.027373582124710083,-0.01782768964767456,0.012061085551977158,32,False,UNAVAILABLE,DISABLED,DISABLED,DISABLED,UNAVAILABLE,DISABLED
526,0.002913482952862978,2.3978659555723425e-06,0.02899378538131714,7.3909759521484375e-06,1.1989329777861713e-06,0.01449689269065857,3.6954879760742188e-06,0.01741527020931244,32,False,UNAVAILABLE,DISABLED,DISABLED,DISABLED,UNAVAILABLE,DISABLED
527,0.002533143851906061,4.449110747373197e-06,0.04998666048049927,0.03122413158416748,2.2245553736865986e-06,0.024993330240249634,0.01561206579208374,0.04314076527953148,32,False,UNAVAILABLE,DISABLED,DISABLED,DISABLED,UNAVAILABLE,DISABLED
528,0.003223661333322525,9.242362466466147e-06,0.041711270809173584,-0.015803754329681396,4.621181233233074e-06,0.020855635404586792,-0.007901877164840698,0.01618204079568386,32,False,UNAVAILABLE,DISABLED,DISABLED,DISABLED,UNAVAILABLE,DISABLED
529,0.002670417306944728,1.7262429992115358e-06,0.018666565418243408,0.00604480504989624,8.631214996057679e-07,0.009333282709121704,0.00302240252494812,0.015026966109871864,32,False,UNAVAILABLE,DISABLED,DISABLED,DISABLED,UNAVAILABLE,DISABLED
530,0.0027039421256631613,2.330771167180501e-06,0.035233259201049805,-0.03187674283981323,1.1653855835902505e-06,0.017616629600524902,-0.015938371419906616,0.00438336655497551,32,False,UNAVAILABLE,DISABLED,DISABLED,DISABLED,UNAVAILABLE,DISABLED
531,0.0029160138219594955,4.867803454544628e-06,0.06027507781982422,0.0033335089683532715,2.433901727272314e-06,0.03013753890991211,0.0016667544841766357,0.034722741693258286,32,False,UNAVAILABLE,DISABLED,DISABLED,DISABLED,UNAVAILABLE,DISABLED
532,0.0030409442260861397,1.901227847156406e-06,0.03464895486831665,-0.0014940500259399414,9.50613923578203e-07,0.017324477434158325,-0.0007470250129699707,0.019619347527623177,32,False,UNAVAILABLE,DISABLED,DISABLED,DISABLED,UNAVAILABLE,DISABLED
533,0.0037169549614191055,3.0277522000687895e-06,0.0315324068069458,0.0055609941482543945,1.5138761000343948e-06,0.0157662034034729,0.0027804970741271973,0.022265169769525528,32,False,UNAVAILABLE,DISABLED,DISABLED,DISABLED,UNAVAILABLE,DISABLED
534,0.0022960191126912832,1.643569362386188e-06,0.01565730571746826,-0.011403322219848633,8.21784681193094e-07,0.00782865285873413,-0.005701661109924316,0.004423832520842552,32,False,UNAVAILABLE,DISABLED,DISABLED,DISABLED,UNAVAILABLE,DISABLED
535,0.003445252776145935,1.6657263586239424e-06,0.01911097764968872,-0.003248453140258789,8.328631793119712e-07,0.00955548882484436,-0.0016242265701293945,0.011377347633242607,32,False,UNAVAILABLE,DISABLED,DISABLED,DISABLED,UNAVAILABLE,DISABLED
536,0.0024746833369135857,2.3084317035682034e-06,0.02663952112197876,0.007163882255554199,1.1542158517841017e-06,0.01331976056098938,0.0035819411277770996,0.019377538934350014,32,False,UNAVAILABLE,DISABLED,DISABLED,DISABLED,UNAVAILABLE,DISABLED
537,0.0029416054021567106,3.907471182174049e-06,0.050179123878479004,0.04939460754394531,1.9537355910870247e-06,0.025089561939239502,0.024697303771972656,0.05273042619228363,32,False,UNAVAILABLE,DISABLED,DISABLED,DISABLED,UNAVAILABLE,DISABLED
538,0.0028186021372675896,2.5849594749161042e-06,0.03251194953918457,0.030340373516082764,1.2924797374580521e-06,0.016255974769592285,0.015170186758041382,0.0342460572719574,32,False,UNAVAILABLE,DISABLED,DISABLED,DISABLED,UNAVAILABLE,DISABLED
539,0.002540645655244589,2.760744109764346e-06,0.030312836170196533,0.00648343563079834,1.380372054882173e-06,0.015156418085098267,0.00324171781539917,0.020940162241458893,32,False,UNAVAILABLE,DISABLED,DISABLED,DISABLED,UNAVAILABLE,DISABLED
540,0.002281741937622428,2.421521685391781e-06,0.02832210063934326,0.008580327033996582,1.2107608426958905e-06,0.01416105031967163,0.004290163516998291,0.020734166726469994,32,False,UNAVAILABLE,DISABLED,DISABLED,DISABLED,UNAVAILABLE,DISABLED
541,0.0046220687218010426,2.20370043280127e-06,0.02054011821746826,-0.014579415321350098,1.101850216400635e-06,0.01027005910873413,-0.007289707660675049,0.007603522390127182,32,False,UNAVAILABLE,DISABLED,DISABLED,DISABLED,UNAVAILABLE,DISABLED
542,0.0027621574699878693,3.2755551728769206e-06,0.04108303785324097,0.02480947971343994,1.6377775864384603e-06,0.020541518926620483,0.01240473985671997,0.03571005165576935,32,False,UNAVAILABLE,DISABLED,DISABLED,DISABLED,UNAVAILABLE,DISABLED
543,0.0033051969949156046,1.422861259925412e-06,0.018557071685791016,-0.01049947738647461,7.11430629962706e-07,0.009278535842895508,-0.005249738693237305,0.00733470544219017,32,False,UNAVAILABLE,DISABLED,DISABLED,DISABLED,UNAVAILABLE,DISABLED
544,0.002000244800001383,2.5525662294967333e-06,0.03240078687667847,-0.001690506935119629,1.2762831147483666e-06,0.016200393438339233,-0.0008452534675598145,0.017356660217046738,32,False,UNAVAILABLE,DISABLED,DISABLED,DISABLED,UNAVAILABLE,DISABLED
545,0.0028419967275112867,2.630888957355637e-06,0.02773129940032959,-0.0030034780502319336,1.3154444786778186e-06,0.013865649700164795,-0.0015017390251159668,0.01520722359418869,32,False,UNAVAILABLE,DISABLED,DISABLED,DISABLED,UNAVAILABLE,DISABLED
546,0.0022873880807310343,2.466109208398848e-06,0.031132757663726807,-0.01902186870574951,1.233054604199424e-06,0.015566378831863403,-0.009510934352874756,0.008344065397977829,32,False,UNAVAILABLE,DISABLED,DISABLED,DISABLED,UNAVAILABLE,DISABLED
547,0.0028972034342586994,3.300305024822592e-06,0.03138512372970581,-0.024858713150024414,1.650152512411296e-06,0.015692561864852905,-0.012429356575012207,0.006162058562040329,32,False,UNAVAILABLE,DISABLED,DISABLED,DISABLED,UNAVAILABLE,DISABLED
548,0.0030263985972851515,2.2439785425376613e-06,0.029074430465698242,0.006472468376159668,1.1219892712688306e-06,0.014537215232849121,0.003236234188079834,0.020800970494747162,32,False,UNAVAILABLE,DISABLED,DISABLED,DISABLED,UNAVAILABLE,DISABLED
549,0.0037594216410070658,3.42973407896352e-06,0.07407426834106445,-0.006351590156555176,1.71486703948176e-06,0.03703713417053223,-0.003175795078277588,0.03762247413396835,32,False,UNAVAILABLE,DISABLED,DISABLED,DISABLED,UNAVAILABLE,DISABLED
550,0.002740259747952223,3.033876964764204e-06,0.046713173389434814,-0.0037403106689453125,1.516938482382102e-06,0.023356586694717407,-0.0018701553344726562,0.024228207767009735,32,False,UNAVAILABLE,DISABLED,DISABLED,DISABLED,UNAVAILABLE,DISABLED
551,0.005058140028268099,1.7696494296615128e-06,0.030408620834350586,0.008202552795410156,8.848247148307564e-07,0.015204310417175293,0.004101276397705078,0.024364611133933067,32,False,UNAVAILABLE,DISABLED,DISABLED,DISABLED,UNAVAILABLE,DISABLED
552,0.0022613098844885826,3.5922896586271236e-06,0.04237121343612671,0.02582371234893799,1.7961448293135618e-06,0.021185606718063354,0.012911856174468994,0.036360569298267365,32,False,UNAVAILABLE,DISABLED,DISABLED,DISABLED,UNAVAILABLE,DISABLED
553,0.0031549206469208,4.3063919292762876e-06,0.052171170711517334,0.012888193130493164,2.1531959646381438e-06,0.026085585355758667,0.006444096565246582,0.03568675369024277,32,False,UNAVAILABLE,DISABLED,DISABLED,DISABLED,UNAVAILABLE,DISABLED
554,0.0027490125503391027,3.0583073566958774e-06,0.0330958366394043,-0.0291672945022583,1.5291536783479387e-06,0.01654791831970215,-0.01458364725112915,0.004714813083410263,32,False,UNAVAILABLE,DISABLED,DISABLED,DISABLED,UNAVAILABLE,DISABLED
555,0.0026473200414329767,6.976263648539316e-06,0.12465023994445801,-0.022328972816467285,3.488131824269658e-06,0.062325119972229004,-0.011164486408233643,0.053811438381671906,32,False,UNAVAILABLE,DISABLED,DISABLED,DISABLED,UNAVAILABLE,DISABLED
556,0.0029311105608940125,2.67972450274101e-06,0.021201610565185547,0.021680712699890137,1.339862251370505e-06,0.010600805282592773,0.010840356349945068,0.0243736132979393,32,False,UNAVAILABLE,DISABLED,DISABLED,DISABLED,UNAVAILABLE,DISABLED
557,0.0024379417300224304,3.7746233374491567e-06,0.06662935018539429,0.02351665496826172,1.8873116687245783e-06,0.033314675092697144,0.01175832748413086,0.047512833029031754,32,False,UNAVAILABLE,DISABLED,DISABLED,DISABLED,UNAVAILABLE,DISABLED
558,0.0026923641562461853,3.2044613362813834e-06,0.045776307582855225,-0.062225341796875,1.6022306681406917e-06,0.022888153791427612,-0.0311126708984375,-0.005530551075935364,32,False,UNAVAILABLE,DISABLED,DISABLED,DISABLED,UNAVAILABLE,DISABLED
559,0.0028013179544359446,1.8832280375136179e-06,0.019084930419921875,0.0003758668899536133,9.416140187568089e-07,0.009542465209960938,0.00018793344497680664,0.012532657943665981,32,False,UNAVAILABLE,DISABLED,DISABLED,DISABLED,UNAVAILABLE,DISABLED
560,0.003305997233837843,3.4544357276899973e-06,0.07198482751846313,0.01994645595550537,1.7272178638449986e-06,0.03599241375923157,0.009973227977752686,0.04927336424589157,32,False,UNAVAILABLE,DISABLED,DISABLED,DISABLED,UNAVAILABLE,DISABLED
561,0.002557719824835658,3.7957584027026314e-06,0.04362696409225464,0.03728008270263672,1.8978792013513157e-06,0.02181348204612732,0.01864004135131836,0.04301314055919647,32,False,UNAVAILABLE,DISABLED,DISABLED,DISABLED,UNAVAILABLE,DISABLED
562,0.003442976623773575,1.998674633796327e-06,0.022194087505340576,-0.00510859489440918,9.993373168981634e-07,0.011097043752670288,-0.00255429744720459,0.011986722238361835,32,False,UNAVAILABLE,DISABLED,DISABLED,DISABLED,UNAVAILABLE,DISABLED
563,0.0037688177544623613,2.363762632739963e-06,0.048426032066345215,-0.06057882308959961,1.1818813163699815e-06,0.024213016033172607,-0.030289411544799805,-0.0023063961416482925,32,False,UNAVAILABLE,DISABLED,DISABLED,DISABLED,UNAVAILABLE,DISABLED
564,0.0032426025718450546,4.330233423388563e-06,0.07464510202407837,-0.01963663101196289,2.1651167116942815e-06,0.037322551012039185,-0.009818315505981445,0.03074900433421135,32,False,UNAVAILABLE,DISABLED,DISABLED,DISABLED,UNAVAILABLE,DISABLED
565,0.0024495560210198164,2.812319053191459e-06,0.03692626953125,-0.042713046073913574,1.4061595265957294e-06,0.018463134765625,-0.021356523036956787,-0.0004424266517162323,32,False,UNAVAILABLE,DISABLED,DISABLED,DISABLED,UNAVAILABLE,DISABLED
566,0.0023671297822147608,3.0010448881512275e-06,0.037484943866729736,-0.0029211044311523438,1.5005224440756137e-06,0.018742471933364868,-0.0014605522155761719,0.019650550559163094,32,False,UNAVAILABLE,DISABLED,DISABLED,DISABLED,UNAVAILABLE,DISABLED
567,0.0027512928936630487,3.24582197208656e-06,0.0319671630859375,0.014726638793945312,1.62291098604328e-06,0.01598358154296875,0.007363319396972656,0.02609981596469879,32,False,UNAVAILABLE,DISABLED,DISABLED,DISABLED,UNAVAILABLE,DISABLED
568,0.0020515385549515486,2.0897136892017443e-06,0.02245461940765381,-0.04744446277618408,1.0448568446008721e-06,0.011227309703826904,-0.02372223138809204,-0.010442337952554226,32,False,UNAVAILABLE,DISABLED,DISABLED,DISABLED,UNAVAILABLE,DISABLED
569,0.0027007912285625935,2.7718876935978187e-06,0.04008275270462036,0.011001110076904297,1.3859438467989094e-06,0.02004137635231018,0.0055005550384521484,0.028244107961654663,32,False,UNAVAILABLE,DISABLED,DISABLED,DISABLED,UNAVAILABLE,DISABLED
570,0.0029228702187538147,3.678065922940732e-06,0.03089141845703125,-0.010442495346069336,1.839032961470366e-06,0.015445709228515625,-0.005221247673034668,0.013149170204997063,32,False,UNAVAILABLE,DISABLED,DISABLED,DISABLED,UNAVAILABLE,DISABLED
571,0.003051609732210636,2.9070538403175306e-06,0.04189634323120117,-0.04250538349151611,1.4535269201587653e-06,0.020948171615600586,-0.021252691745758057,0.00274854339659214,32,False,UNAVAILABLE,DISABLED,DISABLED,DISABLED,UNAVAILABLE,DISABLED
572,0.002049089642241597,1.7900207467391738e-06,0.04768192768096924,-0.03438985347747803,8.950103733695869e-07,0.02384096384048462,-0.017194926738739014,0.008696021512150764,32,False,UNAVAILABLE,DISABLED,DISABLED,DISABLED,UNAVAILABLE,DISABLED
573,0.0036002930719405413,5.939215952821542e-06,0.06596696376800537,-0.014646649360656738,2.969607976410771e-06,0.032983481884002686,-0.007323324680328369,0.029263418167829514,32,False,UNAVAILABLE,DISABLED,DISABLED,DISABLED,UNAVAILABLE,DISABLED
574,0.0028770328499376774,5.599201358563732e-06,0.06347954273223877,-0.005173921585083008,2.799600679281866e-06,0.031739771366119385,-0.002586960792541504,0.032032642513513565,32,False,UNAVAILABLE,DISABLED,DISABLED,DISABLED,UNAVAILABLE,DISABLED
575,0.0035093706101179123,1.9907358819182264e-06,0.020464062690734863,0.0080108642578125,9.953679409591132e-07,0.010232031345367432,0.00400543212890625,0.017747830599546432,32,False,UNAVAILABLE,DISABLED,DISABLED,DISABLED,UNAVAILABLE,DISABLED
576,0.002903624437749386,3.9184728848340455e-06,0.05194401741027832,-0.04272878170013428,1.9592364424170228e-06,0.02597200870513916,-0.02136439085006714,0.007513200864195824,32,False,UNAVAILABLE,DISABLED,DISABLED,DISABLED,UNAVAILABLE,DISABLED
577,0.0023907276336103678,1.7901454612001544e-06,0.02533245086669922,-0.013356685638427734,8.950727306000772e-07,0.01266622543334961,-0.006678342819213867,0.008379505015909672,32,False,UNAVAILABLE,DISABLED,DISABLED,DISABLED,UNAVAILABLE,DISABLED
578,0.002175023313611746,1.7777097127691377e-06,0.02494192123413086,-0.04472017288208008,8.888548563845688e-07,0.01247096061706543,-0.02236008644104004,-0.007713213562965393,32,False,UNAVAILABLE,DISABLED,DISABLED,DISABLED,UNAVAILABLE,DISABLED
579,0.0026196325197815895,3.9843844206188805e-06,0.037922203540802,-0.01569342613220215,1.9921922103094403e-06,0.018961101770401,-0.007846713066101074,0.013736013323068619,32,False,UNAVAILABLE,DISABLED,DISABLED,DISABLED,UNAVAILABLE,DISABLED
580,0.002904491499066353,1.8874904981203144e-06,0.023360371589660645,-0.01658320426940918,9.437452490601572e-07,0.011680185794830322,-0.00829160213470459,0.006294018588960171,32,False,UNAVAILABLE,DISABLED,DISABLED,DISABLED,UNAVAILABLE,DISABLED
581,0.002421577228233218,1.5907016859273426e-06,0.01582998037338257,-0.014341235160827637,7.953508429636713e-07,0.007914990186691284,-0.007170617580413818,0.0031667454168200493,32,False,UNAVAILABLE,DISABLED,DISABLED,DISABLED,UNAVAILABLE,DISABLED
582,0.0026503223925828934,1.7106710856751306e-06,0.02068263292312622,-0.013031840324401855,8.553355428375653e-07,0.01034131646156311,-0.006515920162200928,0.006476573646068573,32,False,UNAVAILABLE,DISABLED,DISABLED,DISABLED,UNAVAILABLE,DISABLED
583,0.0022220623213797808,7.163479040173115e-06,0.07399272918701172,0.030225396156311035,3.5817395200865576e-06,0.03699636459350586,0.015112698078155518,0.05433470755815506,32,False,UNAVAILABLE,DISABLED,DISABLED,DISABLED,UNAVAILABLE,DISABLED
584,0.0025603005196899176,3.2297928100888385e-06,0.036216795444488525,-0.030025362968444824,1.6148964050444192e-06,0.018108397722244263,-0.015012681484222412,0.005657631903886795,32,False,UNAVAILABLE,DISABLED,DISABLED,DISABLED,UNAVAILABLE,DISABLED
585,0.003347804071381688,6.842705261078663e-06,0.07884550094604492,0.01533365249633789,3.4213526305393316e-06,0.03942275047302246,0.007666826248168945,0.05044080317020416,32,False,UNAVAILABLE,DISABLED,DISABLED,DISABLED,UNAVAILABLE,DISABLED
586,0.004291698336601257,4.354533302830532e-06,0.041793107986450195,-0.016779422760009766,2.177266651415266e-06,0.020896553993225098,-0.008389711380004883,0.016800718382000923,32,False,UNAVAILABLE,DISABLED,DISABLED,DISABLED,UNAVAILABLE,DISABLED
587,0.0026038021314889193,3.7274255646480015e-06,0.039729416370391846,-0.04499554634094238,1.8637127823240007e-06,0.019864708185195923,-0.02249777317047119,-2.7399510145187378e-05,32,False,UNAVAILABLE,DISABLED,DISABLED,DISABLED,UNAVAILABLE,DISABLED
588,0.002520910231396556,5.644684279104695e-06,0.07736456394195557,-0.031214594841003418,2.8223421395523474e-06,0.03868228197097778,-0.015607297420501709,0.025598715990781784,32,False,UNAVAILABLE,DISABLED,DISABLED,DISABLED,UNAVAILABLE,DISABLED
589,0.0025507344398647547,2.3269353732757736e-06,0.04145312309265137,-0.06926751136779785,1.1634676866378868e-06,0.020726561546325684,-0.034633755683898926,-0.011355295777320862,32,False,UNAVAILABLE,DISABLED,DISABLED,DISABLED,UNAVAILABLE,DISABLED
590,0.002371226903051138,4.317175353207858e-06,0.05934906005859375,-0.06440579891204834,2.158587676603929e-06,0.029674530029296875,-0.03220289945602417,-0.000154983252286911,32,False,UNAVAILABLE,DISABLED,DISABLED,DISABLED,UNAVAILABLE,DISABLED
591,0.0028774479869753122,2.528657660150202e-06,0.07120972871780396,-0.05736064910888672,1.264328830075101e-06,0.03560486435890198,-0.02868032455444336,0.009803250432014465,32,False,UNAVAILABLE,DISABLED,DISABLED,DISABLED,UNAVAILABLE,DISABLED
592,0.0029940991662442684,7.4101294558204245e-06,0.08099579811096191,-0.0467686653137207,3.7050647279102122e-06,0.04049789905548096,-0.02338433265686035,0.02011137083172798,32,False,UNAVAILABLE,DISABLED,DISABLED,DISABLED,UNAVAILABLE,DISABLED
593,0.0025043284986168146,3.924158590962179e-06,0.06716865301132202,-0.03736257553100586,1.9620792954810895e-06,0.03358432650566101,-0.01868128776550293,0.017409328371286392,32,False,UNAVAILABLE,DISABLED,DISABLED,DISABLED,UNAVAILABLE,DISABLED
594,0.002781410003080964,1.7454769931646297e-06,0.026154637336730957,-0.03115236759185791,8.727384965823148e-07,0.013077318668365479,-0.015576183795928955,0.0002834182232618332,32,False,UNAVAILABLE,DISABLED,DISABLED,DISABLED,UNAVAILABLE,DISABLED
595,0.0022057443857192993,2.1878165625821566e-06,0.017112433910369873,-0.04195070266723633,1.0939082812910783e-06,0.008556216955184937,-0.020975351333618164,-0.01021229662001133,32,False,UNAVAILABLE,DISABLED,DISABLED,DISABLED,UNAVAILABLE,DISABLED
596,0.0038121293764561415,2.0408247110026423e-06,0.038398563861846924,-0.04451596736907959,1.0204123555013211e-06,0.019199281930923462,-0.022257983684539795,0.0007544476538896561,32,False,UNAVAILABLE,DISABLED,DISABLED,DISABLED,UNAVAILABLE,DISABLED
597,0.0023435289040207863,2.2764463665225776e-06,0.0413627028465271,-0.06360173225402832,1.1382231832612888e-06,0.02068135142326355,-0.03180086612701416,-0.00877484679222107,32,False,UNAVAILABLE,DISABLED,DISABLED,DISABLED,UNAVAILABLE,DISABLED
598,0.0028005929198116064,3.741240561794257e-06,0.04499220848083496,-0.05826735496520996,1.8706202808971284e-06,0.02249610424041748,-0.02913367748260498,-0.003835109993815422,32,False,UNAVAILABLE,DISABLED,DISABLED,DISABLED,UNAVAILABLE,DISABLED
599,0.002817467087879777,3.607082362577785e-06,0.055610477924346924,-0.0734182596206665,1.8035411812888924e-06,0.027805238962173462,-0.03670912981033325,-0.006084620952606201,32,False,UNAVAILABLE,DISABLED,DISABLED,DISABLED,UNAVAILABLE,DISABLED
600,0.0025597710628062487,3.28717146658164e-06,0.04028773307800293,-0.02549588680267334,1.64358573329082e-06,0.020143866539001465,-0.01274794340133667,0.009957337751984596,32,False,UNAVAILABLE,DISABLED,DISABLED,DISABLED,UNAVAILABLE,DISABLED
601,0.002753347856923938,4.38561937698978e-06,0.04469716548919678,-0.04992020130157471,2.19280968849489e-06,0.02234858274459839,-0.024960100650787354,0.00014402344822883606,32,False,UNAVAILABLE,DISABLED,DISABLED,DISABLED,UNAVAILABLE,DISABLED
602,0.0021258217748254538,2.9484804144885857e-06,0.03259998559951782,-0.04596376419067383,1.4742402072442928e-06,0.01629999279975891,-0.022981882095336914,-0.004554593935608864,32,False,UNAVAILABLE,DISABLED,DISABLED,DISABLED,UNAVAILABLE,DISABLED
603,0.002469112165272236,2.9383975288510555e-06,0.02620178461074829,-0.06343412399291992,1.4691987644255278e-06,0.013100892305374146,-0.03171706199645996,-0.01614558883011341,32,False,UNAVAILABLE,DISABLED,DISABLED,DISABLED,UNAVAILABLE,DISABLED
604,0.0024745764676481485,3.2313375868397998e-06,0.04397374391555786,-0.04802429676055908,1.6156687934198999e-06,0.02198687195777893,-0.02401214838027954,0.000450916588306427,32,False,UNAVAILABLE,DISABLED,DISABLED,DISABLED,UNAVAILABLE,DISABLED
605,0.0036886835005134344,2.288241830683546e-06,0.023574769496917725,-0.03428936004638672,1.144120915341773e-06,0.011787384748458862,-0.01714468002319336,-0.0016674678772687912,32,False,UNAVAILABLE,DISABLED,DISABLED,DISABLED,UNAVAILABLE,DISABLED
606,0.0030320805963128805,3.941377599403495e-06,0.02849656343460083,-0.061502814292907715,1.9706887997017475e-06,0.014248281717300415,-0.030751407146453857,-0.013469073921442032,32,False,UNAVAILABLE,DISABLED,DISABLED,DISABLED,UNAVAILABLE,DISABLED
607,0.00359242781996727,4.769343831867445e-06,0.0946924090385437,-0.06813681125640869,2.3846719159337226e-06,0.04734620451927185,-0.034068405628204346,0.01687261089682579,32,False,UNAVAILABLE,DISABLED,DISABLED,DISABLED,UNAVAILABLE,DISABLED
608,0.0049906568601727486,5.324301582732005e-06,0.07868027687072754,-0.043561339378356934,2.6621507913660025e-06,0.03934013843536377,-0.021780669689178467,0.022552788257598877,32,False,UNAVAILABLE,DISABLED,DISABLED,DISABLED,UNAVAILABLE,DISABLED
609,0.0029286390636116266,3.920755716535496e-06,0.0933879017829895,-0.06198525428771973,1.960377858267748e-06,0.04669395089149475,-0.030992627143859863,0.01863192394375801,32,False,UNAVAILABLE,DISABLED,DISABLED,DISABLED,UNAVAILABLE,DISABLED
610,0.002827573334798217,5.026359758630861e-06,0.039632201194763184,-0.0676194429397583,2.5131798793154303e-06,0.019816100597381592,-0.03380972146987915,-0.011163534596562386,32,False,UNAVAILABLE,DISABLED,DISABLED,DISABLED,UNAVAILABLE,DISABLED
611,0.002773321932181716,3.609687837524689e-06,0.06609141826629639,-0.04282975196838379,1.8048439187623444e-06,0.03304570913314819,-0.021414875984191895,0.014405958354473114,32,False,UNAVAILABLE,DISABLED,DISABLED,DISABLED,UNAVAILABLE,DISABLED
612,0.002747980412095785,2.32264483202016e-06,0.028717994689941406,-0.06016242504119873,1.16132241601008e-06,0.014358997344970703,-0.030081212520599365,-0.012973073869943619,32,False,UNAVAILABLE,DISABLED,DISABLED,DISABLED,UNAVAILABLE,DISABLED
613,0.003019174560904503,7.653078682778869e-06,0.04898965358734131,-0.07149791717529297,3.826539341389434e-06,0.024494826793670654,-0.035748958587646484,-0.008231131359934807,32,False,UNAVAILABLE,DISABLED,DISABLED,DISABLED,UNAVAILABLE,DISABLED
614,0.001923397067002952,3.3225880997633794e-06,0.09730756282806396,-0.1303197145462036,1.6612940498816897e-06,0.04865378141403198,-0.0651598572731018,-0.014581017196178436,32,False,UNAVAILABLE,DISABLED,DISABLED,DISABLED,UNAVAILABLE,DISABLED
615,0.0022763125598430634,3.565155338947079e-06,0.057388126850128174,-0.07224082946777344,1.7825776694735396e-06,0.028694063425064087,-0.03612041473388672,-0.0051482561975717545,32,False,UNAVAILABLE,DISABLED,DISABLED,DISABLED,UNAVAILABLE,DISABLED
616,0.0023580496199429035,4.31579110227176e-06,0.0562891960144043,-0.04898643493652344,2.15789555113588e-06,0.02814459800720215,-0.02449321746826172,0.006011588498950005,32,False,UNAVAILABLE,DISABLED,DISABLED,DISABLED,UNAVAILABLE,DISABLED
617,0.0021750032901763916,2.6128061563213123e-06,0.027853310108184814,-0.04190981388092041,1.3064030781606562e-06,0.013926655054092407,-0.020954906940460205,-0.004851942881941795,32,False,UNAVAILABLE,DISABLED,DISABLED,DISABLED,UNAVAILABLE,DISABLED
618,0.0029723846819251776,1.9955309653596487e-06,0.03097689151763916,-0.0579303503036499,9.977654826798243e-07,0.01548844575881958,-0.02896517515182495,-0.010503347963094711,32,False,UNAVAILABLE,DISABLED,DISABLED,DISABLED,UNAVAILABLE,DISABLED
619,0.00295952963642776,3.156811999360798e-06,0.03580653667449951,-0.06503868103027344,1.578405999680399e-06,0.017903268337249756,-0.03251934051513672,-0.011654963716864586,32,False,UNAVAILABLE,DISABLED,DISABLED,DISABLED,UNAVAILABLE,DISABLED
620,0.16952121257781982,4.01448141928995e-06,0.047477900981903076,-0.04733395576477051,2.007240709644975e-06,0.023738950490951538,-0.023666977882385254,0.16959519684314728,32,False,UNAVAILABLE,DISABLED,DISABLED,DISABLED,UNAVAILABLE,DISABLED
621,0.002413035836070776,1.9061023976973956e-06,0.03495299816131592,-0.061109304428100586,9.530511988486978e-07,0.01747649908065796,-0.030554652214050293,-0.010664165019989014,32,False,UNAVAILABLE,DISABLED,DISABLED,DISABLED,UNAVAILABLE,DISABLED
622,0.004156321752816439,2.3215175133373123e-06,0.02848762273788452,-0.060099124908447266,1.1607587566686561e-06,0.01424381136894226,-0.030049562454223633,-0.0116482675075531,32,False,UNAVAILABLE,DISABLED,DISABLED,DISABLED,UNAVAILABLE,DISABLED
623,0.002441998338326812,2.8111446681577945e-06,0.03089815378189087,-0.06363022327423096,1.4055723340788973e-06,0.015449076890945435,-0.03181511163711548,-0.013922631740570068,32,False,UNAVAILABLE,DISABLED,DISABLED,DISABLED,UNAVAILABLE,DISABLED
624,0.0029798918403685093,5.770235475210939e-06,0.10064947605133057,-0.12091541290283203,2.8851177376054693e-06,0.05032473802566528,-0.060457706451416016,-0.007150191813707352,32,False,UNAVAILABLE,DISABLED,DISABLED,DISABLED,UNAVAILABLE,DISABLED
625,0.0021531886886805296,2.0072823190275813e-06,0.031170427799224854,-0.0770803689956665,1.0036411595137906e-06,0.015585213899612427,-0.03854018449783325,-0.02080077864229679,32,False,UNAVAILABLE,DISABLED,DISABLED,DISABLED,UNAVAILABLE,DISABLED
626,0.002163439756259322,2.7683172447723337e-06,0.03363656997680664,-0.07167065143585205,1.3841586223861668e-06,0.01681828498840332,-0.035835325717926025,-0.01685221679508686,32,False,UNAVAILABLE,DISABLED,DISABLED,DISABLED,UNAVAILABLE,DISABLED
627,0.002576902275905013,4.099814304936444e-06,0.09468913078308105,-0.09434664249420166,2.049907152468222e-06,0.04734456539154053,-0.04717332124710083,0.002750195562839508,32,False,UNAVAILABLE,DISABLED,DISABLED,DISABLED,UNAVAILABLE,DISABLED
628,0.0025519339833408594,4.000853550678585e-06,0.042497992515563965,-0.04963064193725586,2.0004267753392924e-06,0.021248996257781982,-0.02481532096862793,-0.0010123904794454575,32,False,UNAVAILABLE,DISABLED,DISABLED,DISABLED,UNAVAILABLE,DISABLED
629,0.2034018486738205,4.8271394916810095e-06,0.071541428565979,-0.10247039794921875,2.4135697458405048e-06,0.0357707142829895,-0.051235198974609375,0.18793977797031403,32,False,UNAVAILABLE,DISABLED,DISABLED,DISABLED,UNAVAILABLE,DISABLED
630,0.0032952718902379274,1.4561521766154328e-06,0.0248110294342041,-0.05272567272186279,7.280760883077164e-07,0.01240551471710205,-0.026362836360931396,-0.010661322623491287,32,False,UNAVAILABLE,DISABLED,DISABLED,DISABLED,UNAVAILABLE,DISABLED
631,0.002140758093446493,2.2870920020068297e-06,0.028879404067993164,-0.08078169822692871,1.1435460010034149e-06,0.014439702033996582,-0.040390849113464355,-0.023809244856238365,32,False,UNAVAILABLE,DISABLED,DISABLED,DISABLED,UNAVAILABLE,DISABLED
632,0.0023472998291254044,4.508078745857347e-06,0.051757633686065674,-0.09155237674713135,2.2540393729286734e-06,0.025878816843032837,-0.045776188373565674,-0.017547817900776863,32,False,UNAVAILABLE,DISABLED,DISABLED,DISABLED,UNAVAILABLE,DISABLED
633,0.0026528858579695225,3.06248966808198e-06,0.05481088161468506,-0.09237074851989746,1.53124483404099e-06,0.02740544080734253,-0.04618537425994873,-0.016125516965985298,32,False,UNAVAILABLE,DISABLED,DISABLED,DISABLED,UNAVAILABLE,DISABLED
634,0.002922187792137265,3.052527290492435e-06,0.06228744983673096,-0.1006845235824585,1.5262636452462175e-06,0.03114372491836548,-0.05034226179122925,-0.016274824738502502,32,False,UNAVAILABLE,DISABLED,DISABLED,DISABLED,UNAVAILABLE,DISABLED
635,0.0034858635626733303,5.843315193487797e-06,0.06113588809967041,-0.06496131420135498,2.9216575967438985e-06,0.030567944049835205,-0.03248065710067749,0.0015760734677314758,32,False,UNAVAILABLE,DISABLED,DISABLED,DISABLED,UNAVAILABLE,DISABLED
636,0.00331525388173759,3.7867810078751063e-06,0.043658435344696045,-0.09856939315795898,1.8933905039375531e-06,0.021829217672348022,-0.04928469657897949,-0.024138331413269043,32,False,UNAVAILABLE,DISABLED,DISABLED,DISABLED,UNAVAILABLE,DISABLED
637,0.0023057707585394382,4.447344963409705e-06,0.04704338312149048,-0.07793843746185303,2.2236724817048525e-06,0.02352169156074524,-0.038969218730926514,-0.013139532878994942,32,False,UNAVAILABLE,DISABLED,DISABLED,DISABLED,UNAVAILABLE,DISABLED
638,0.0033005899749696255,2.5388142148585757e-06,0.03832554817199707,-0.07228004932403564,1.2694071074292879e-06,0.019162774085998535,-0.03614002466201782,-0.013675391674041748,32,False,UNAVAILABLE,DISABLED,DISABLED,DISABLED,UNAVAILABLE,DISABLED
639,0.002398052019998431,2.417910764052067e-06,0.04399991035461426,-0.035989999771118164,1.2089553820260335e-06,0.02199995517730713,-0.017994999885559082,0.006404215469956398,32,False,UNAVAILABLE,DISABLED,DISABLED,DISABLED,UNAVAILABLE,DISABLED
640,0.003239778336137533,4.369574071461102e-06,0.06670689582824707,-0.06771016120910645,2.184787035730551e-06,0.033353447914123535,-0.03385508060455322,0.002740330994129181,32,False,UNAVAILABLE,DISABLED,DISABLED,DISABLED,UNAVAILABLE,DISABLED
641,0.002817816799506545,4.47446427642717e-06,0.05954641103744507,-0.07438576221466064,2.237232138213585e-06,0.029773205518722534,-0.03719288110733032,-0.004599623382091522,32,False,UNAVAILABLE,DISABLED,DISABLED,DISABLED,UNAVAILABLE,DISABLED
642,0.0026493635959923267,2.3909108222142095e-06,0.03731042146682739,-0.0752793550491333,1.1954554111071047e-06,0.018655210733413696,-0.03763967752456665,-0.01633390784263611,32,False,UNAVAILABLE,DISABLED,DISABLED,DISABLED,UNAVAILABLE,DISABLED
643,0.0025551270227879286,6.516578196169576e-06,0.07969272136688232,-0.10393738746643066,3.258289098084788e-06,0.03984636068344116,-0.05196869373321533,-0.009563948959112167,32,False,UNAVAILABLE,DISABLED,DISABLED,DISABLED,UNAVAILABLE,DISABLED
644,0.003160737222060561,3.501098262859159e-06,0.0401226282119751,-0.08470964431762695,1.7505491314295796e-06,0.02006131410598755,-0.04235482215881348,-0.019131019711494446,32,False,UNAVAILABLE,DISABLED,DISABLED,DISABLED,UNAVAILABLE,DISABLED
645,0.002213018015027046,3.485618208287633e-06,0.08546614646911621,-0.10973954200744629,1.7428091041438165e-06,0.042733073234558105,-0.054869771003723145,-0.009921938180923462,32,False,UNAVAILABLE,DISABLED,DISABLED,DISABLED,UNAVAILABLE,DISABLED
646,0.0028243872802704573,2.4589696749899304e-06,0.03427833318710327,-0.05821490287780762,1.2294848374949652e-06,0.017139166593551636,-0.02910745143890381,-0.009142667055130005,32,False,UNAVAILABLE,DISABLED,DISABLED,DISABLED,UNAVAILABLE,DISABLED
647,0.0021836631931364536,4.85368718727841e-06,0.04474681615829468,-0.07200562953948975,2.426843593639205e-06,0.02237340807914734,-0.03600281476974487,-0.01144331693649292,32,False,UNAVAILABLE,DISABLED,DISABLED,DISABLED,UNAVAILABLE,DISABLED
648,0.002912238473072648,4.4797661757911555e-06,0.04818922281265259,-0.044055819511413574,2.2398830878955778e-06,0.024094611406326294,-0.022027909755706787,0.004981180652976036,32,False,UNAVAILABLE,DISABLED,DISABLED,DISABLED,UNAVAILABLE,DISABLED
649,0.0029351222328841686,2.689062512217788e-06,0.03733384609222412,-0.05666649341583252,1.344531256108894e-06,0.01866692304611206,-0.02833324670791626,-0.0067298561334609985,32,False,UNAVAILABLE,DISABLED,DISABLED,DISABLED,UNAVAILABLE,DISABLED
650,0.0024569067172706127,4.669140707846964e-06,0.06231987476348877,-0.08625912666320801,2.334570353923482e-06,0.031159937381744385,-0.043129563331604004,-0.009510383009910583,32,False,UNAVAILABLE,DISABLED,DISABLED,DISABLED,UNAVAILABLE,DISABLED
651,0.004106261767446995,2.997341425725608e-06,0.03305470943450928,-0.04498755931854248,1.498670712862804e-06,0.01652735471725464,-0.02249377965927124,-0.0018586646765470505,32,False,UNAVAILABLE,DISABLED,DISABLED,DISABLED,UNAVAILABLE,DISABLED
652,0.0028339833952486515,3.1070978820935125e-06,0.056124329566955566,-0.09225642681121826,1.5535489410467562e-06,0.028062164783477783,-0.04612821340560913,-0.015230512246489525,32,False,UNAVAILABLE,DISABLED,DISABLED,DISABLED,UNAVAILABLE,DISABLED
653,0.0027187096420675516,3.3028800316969864e-06,0.03539079427719116,-0.07300341129302979,1.6514400158484932e-06,0.01769539713859558,-0.03650170564651489,-0.016085946932435036,32,False,UNAVAILABLE,DISABLED,DISABLED,DISABLED,UNAVAILABLE,DISABLED
654,0.003085680538788438,3.344794095028192e-06,0.0860564112663269,-0.056592583656311035,1.672397047514096e-06,0.04302820563316345,-0.028296291828155518,0.017819266766309738,32,False,UNAVAILABLE,DISABLED,DISABLED,DISABLED,UNAVAILABLE,DISABLED
655,0.181876540184021,3.619950348365819e-06,0.036135971546173096,-0.06776165962219238,1.8099751741829095e-06,0.018067985773086548,-0.03388082981109619,0.1660654991865158,32,False,UNAVAILABLE,DISABLED,DISABLED,DISABLED,UNAVAILABLE,DISABLED
656,0.002601874526590109,3.3294138575001853e-06,0.060631752014160156,-0.057716965675354004,1.6647069287500926e-06,0.030315876007080078,-0.028858482837677002,0.004060931503772736,32,False,UNAVAILABLE,DISABLED,DISABLED,DISABLED,UNAVAILABLE,DISABLED
657,0.0028434465639293194,4.985505256627221e-06,0.04752933979034424,-0.0560535192489624,2.4927526283136103e-06,0.02376466989517212,-0.0280267596244812,-0.0014161504805088043,32,False,UNAVAILABLE,DISABLED,DISABLED,DISABLED,UNAVAILABLE,DISABLED
658,0.0033084547612816095,3.966144049627474e-06,0.07084822654724121,-0.11980462074279785,1.983072024813737e-06,0.035424113273620605,-0.059902310371398926,-0.021167758852243423,32,False,UNAVAILABLE,DISABLED,DISABLED,DISABLED,UNAVAILABLE,DISABLED
659,0.0026238460559397936,5.659860107698478e-06,0.10871118307113647,-0.12093043327331543,2.829930053849239e-06,0.05435559153556824,-0.060465216636657715,-0.003482948988676071,32,False,UNAVAILABLE,DISABLED,DISABLED,DISABLED,UNAVAILABLE,DISABLED
660,0.002843582071363926,4.05357604904566e-06,0.05427521467208862,-0.07378911972045898,2.02678802452283e-06,0.02713760733604431,-0.03689455986022949,-0.006911342963576317,32,False,UNAVAILABLE,DISABLED,DISABLED,DISABLED,UNAVAILABLE,DISABLED
661,0.002461013151332736,3.4372881145827705e-06,0.045452117919921875,-0.0964663028717041,1.7186440572913853e-06,0.022726058959960938,-0.04823315143585205,-0.023044360801577568,32,False,UNAVAILABLE,DISABLED,DISABLED,DISABLED,UNAVAILABLE,DISABLED
662,0.002570174168795347,3.2761506645329064e-06,0.07638216018676758,-0.07507407665252686,1.6380753322664532e-06,0.03819108009338379,-0.03753703832626343,0.003225855529308319,32,False,UNAVAILABLE,DISABLED,DISABLED,DISABLED,UNAVAILABLE,DISABLED
663,0.002671702764928341,3.3782578157115495e-06,0.07461917400360107,-0.07314503192901611,1.6891289078557747e-06,0.03730958700180054,-0.03657251596450806,0.0034104622900485992,32,False,UNAVAILABLE,DISABLED,DISABLED,DISABLED,UNAVAILABLE,DISABLED
664,0.0028477702289819717,2.927191417256836e-06,0.03674495220184326,-0.05031991004943848,1.463595708628418e-06,0.01837247610092163,-0.02515995502471924,-0.00393824465572834,32,False,UNAVAILABLE,DISABLED,DISABLED,DISABLED,UNAVAILABLE,DISABLED
665,0.002391026122495532,2.859623464246397e-06,0.053398728370666504,-0.08523571491241455,1.4298117321231985e-06,0.026699364185333252,-0.042617857456207275,-0.013526037335395813,32,False,UNAVAILABLE,DISABLED,DISABLED,DISABLED,UNAVAILABLE,DISABLED
666,0.0027369495946913958,3.565782208170276e-06,0.05092167854309082,-0.07483720779418945,1.782891104085138e-06,0.02546083927154541,-0.03741860389709473,-0.009219031780958176,32,False,UNAVAILABLE,DISABLED,DISABLED,DISABLED,UNAVAILABLE,DISABLED
667,0.0019267051247879863,4.4861667447548825e-06,0.05423504114151001,-0.03874969482421875,2.2430833723774413e-06,0.027117520570755005,-0.019374847412109375,0.009671621024608612,32,False,UNAVAILABLE,DISABLED,DISABLED,DISABLED,UNAVAILABLE,DISABLED
668,0.003088044933974743,3.453211547821411e-06,0.10016405582427979,-0.09005534648895264,1.7266057739107055e-06,0.05008202791213989,-0.04502767324447632,0.00814412534236908,32,False,UNAVAILABLE,DISABLED,DISABLED,DISABLED,UNAVAILABLE,DISABLED
669,0.0023954103235155344,1.1689917300827801e-05,0.12397170066833496,-0.04242730140686035,5.844958650413901e-06,0.06198585033416748,-0.021213650703430176,0.04317345470190048,32,False,UNAVAILABLE,DISABLED,DISABLED,DISABLED,UNAVAILABLE,DISABLED
670,0.002328320639207959,3.4410161333653377e-06,0.04805642366409302,-0.057532310485839844,1.7205080666826689e-06,0.02402821183204651,-0.028766155242919922,-0.0024079028517007828,32,False,UNAVAILABLE,DISABLED,DISABLED,DISABLED,UNAVAILABLE,DISABLED
671,0.0027516931295394897,2.1530424874072196e-06,0.031759440898895264,-0.06333053112030029,1.0765212437036098e-06,0.015879720449447632,-0.031665265560150146,-0.01303277537226677,32,False,UNAVAILABLE,DISABLED,DISABLED,DISABLED,UNAVAILABLE,DISABLED
672,0.0030041371937841177,3.853034741041483e-06,0.05074501037597656,-0.06479477882385254,1.9265173705207417e-06,0.02537250518798828,-0.03239738941192627,-0.004018820822238922,32,False,UNAVAILABLE,DISABLED,DISABLED,DISABLED,UNAVAILABLE,DISABLED
673,0.002639122074469924,2.699983951970353e-06,0.053948402404785156,-0.0708237886428833,1.3499919759851764e-06,0.026974201202392578,-0.03541189432144165,-0.005797220394015312,32,False,UNAVAILABLE,DISABLED,DISABLED,DISABLED,UNAVAILABLE,DISABLED
674,0.08168788999319077,3.839801593130687e-06,0.057443857192993164,-0.014365911483764648,1.9199007965653436e-06,0.028721928596496582,-0.007182955741882324,0.10322878509759903,32,False,UNAVAILABLE,DISABLED,DISABLED,DISABLED,UNAVAILABLE,DISABLED
675,0.005197363439947367,3.6081119105801918e-06,0.0670698881149292,-0.06725907325744629,1.8040559552900959e-06,0.0335349440574646,-0.033629536628723145,0.005104575306177139,32,False,UNAVAILABLE,DISABLED,DISABLED,DISABLED,UNAVAILABLE,DISABLED
676,0.0025496298912912607,3.19064224640897e-06,0.03391873836517334,-0.03882181644439697,1.595321123204485e-06,0.01695936918258667,-0.019410908222198486,9.968690574169159e-05,32,False,UNAVAILABLE,DISABLED,DISABLED,DISABLED,UNAVAILABLE,DISABLED
677,0.0025176045019179583,2.908396027123672e-06,0.04739558696746826,-0.06431245803833008,1.454198013561836e-06,0.02369779348373413,-0.03215622901916504,-0.005939377471804619,32,False,UNAVAILABLE,DISABLED,DISABLED,DISABLED,UNAVAILABLE,DISABLED
678,0.0027884526643902063,4.1607468119764235e-06,0.05424720048904419,-0.054808855056762695,2.0803734059882117e-06,0.027123600244522095,-0.027404427528381348,0.0025097057223320007,32,False,UNAVAILABLE,DISABLED,DISABLED,DISABLED,UNAVAILABLE,DISABLED
679,0.0024595516733825207,6.233588919712929e-06,0.1536550521850586,-0.018871068954467773,3.1167944598564645e-06,0.0768275260925293,-0.009435534477233887,0.06985466182231903,32,False,UNAVAILABLE,DISABLED,DISABLED,DISABLED,UNAVAILABLE,DISABLED
680,0.0033102163579314947,2.5457870833633933e-06,0.05660688877105713,-0.06766200065612793,1.2728935416816967e-06,0.028303444385528564,-0.033831000328063965,-0.0022160671651363373,32,False,UNAVAILABLE,DISABLED,DISABLED,DISABLED,UNAVAILABLE,DISABLED
681,0.003038205672055483,5.099067493574694e-06,0.07685428857803345,-0.04823005199432373,2.549533746787347e-06,0.038427144289016724,-0.024115025997161865,0.017352871596813202,32,False,UNAVAILABLE,DISABLED,DISABLED,DISABLED,UNAVAILABLE,DISABLED
682,0.0028021312318742275,5.136897470947588e-06,0.06550836563110352,-0.036698341369628906,2.568448735473794e-06,0.03275418281555176,-0.018349170684814453,0.01720971241593361,32,False,UNAVAILABLE,DISABLED,DISABLED,DISABLED,UNAVAILABLE,DISABLED
683,0.0031322366558015347,3.2912332699197577e-06,0.04302328824996948,-0.0284883975982666,1.6456166349598789e-06,0.02151164412498474,-0.0142441987991333,0.010401327162981033,32,False,UNAVAILABLE,DISABLED,DISABLED,DISABLED,UNAVAILABLE,DISABLED
684,0.002473534783348441,3.3611054277571384e-06,0.05066412687301636,-0.04630386829376221,1.6805527138785692e-06,0.02533206343650818,-0.023151934146881104,0.004655344411730766,32,False,UNAVAILABLE,DISABLED,DISABLED,DISABLED,UNAVAILABLE,DISABLED
685,0.0019544034730643034,2.9232846827653702e-06,0.05324089527130127,-0.03604769706726074,1.4616423413826851e-06,0.026620447635650635,-0.01802384853363037,0.010552464053034782,32,False,UNAVAILABLE,DISABLED,DISABLED,DISABLED,UNAVAILABLE,DISABLED
686,0.04163472726941109,5.645522833219729e-06,0.06381499767303467,-0.06786835193634033,2.8227614166098647e-06,0.031907498836517334,-0.033934175968170166,0.03961087763309479,32,False,UNAVAILABLE,DISABLED,DISABLED,DISABLED,UNAVAILABLE,DISABLED
687,0.0029124035499989986,5.355020221031737e-06,0.06120777130126953,-0.035776495933532715,2.6775101105158683e-06,0.030603885650634766,-0.017888247966766357,0.01563071832060814,32,False,UNAVAILABLE,DISABLED,DISABLED,DISABLED,UNAVAILABLE,DISABLED
688,0.003174015786498785,7.581468253192725e-06,0.1256657838821411,-0.04933309555053711,3.7907341265963623e-06,0.06283289194107056,-0.024666547775268555,0.04134415090084076,32,False,UNAVAILABLE,DISABLED,DISABLED,DISABLED,UNAVAILABLE,DISABLED
689,0.002927749417722225,2.8454683160816785e-06,0.05775618553161621,-0.047554969787597656,1.4227341580408392e-06,0.028878092765808105,-0.023777484893798828,0.00802978128194809,32,False,UNAVAILABLE,DISABLED,DISABLED,DISABLED,UNAVAILABLE,DISABLED
690,0.0023804474622011185,2.8854583433712833e-06,0.05561637878417969,-0.07460367679595947,1.4427291716856416e-06,0.027808189392089844,-0.037301838397979736,-0.00711175799369812,32,False,UNAVAILABLE,DISABLED,DISABLED,DISABLED,UNAVAILABLE,DISABLED
691,0.0028280860278755426,3.9476917663705535e-06,0.047713518142700195,-0.005162596702575684,1.9738458831852768e-06,0.023856759071350098,-0.002581298351287842,0.02410552091896534,32,False,UNAVAILABLE,DISABLED,DISABLED,DISABLED,UNAVAILABLE,DISABLED
692,0.0022275520022958517,2.4134253635565983e-06,0.040769875049591064,-0.06829392910003662,1.2067126817782992e-06,0.020384937524795532,-0.03414696455001831,-0.011533267796039581,32,False,UNAVAILABLE,DISABLED,DISABLED,DISABLED,UNAVAILABLE,DISABLED
693,0.0030402825213968754,6.7409168877929915e-06,0.09148263931274414,-0.06507337093353271,3.3704584438964957e-06,0.04574131965637207,-0.03253668546676636,0.01624828577041626,32,False,UNAVAILABLE,DISABLED,DISABLED,DISABLED,UNAVAILABLE,DISABLED
694,0.0023514663334935904,6.239288268261589e-06,0.06941556930541992,-0.04073619842529297,3.1196441341307946e-06,0.03470778465270996,-0.020368099212646484,0.016694270074367523,32,False,UNAVAILABLE,DISABLED,DISABLED,DISABLED,UNAVAILABLE,DISABLED
695,0.003086827229708433,3.1890835998638067e-06,0.050473570823669434,-0.04985606670379639,1.5945417999319034e-06,0.025236785411834717,-0.024928033351898193,0.0033971741795539856,32,False,UNAVAILABLE,DISABLED,DISABLED,DISABLED,UNAVAILABLE,DISABLED
696,0.002074721036478877,2.877457063732436e-06,0.03765755891799927,-0.03607165813446045,1.438728531866218e-06,0.018828779458999634,-0.018035829067230225,0.002869110554456711,32,False,UNAVAILABLE,DISABLED,DISABLED,DISABLED,UNAVAILABLE,DISABLED
697,0.003221574006602168,3.486677542241523e-06,0.047678470611572266,-0.05920612812042236,1.7433387711207615e-06,0.023839235305786133,-0.02960306406021118,-0.0025405120104551315,32,False,UNAVAILABLE,DISABLED,DISABLED,DISABLED,UNAVAILABLE,DISABLED
698,0.0025844566989690065,2.912005356847658e-06,0.03933614492416382,-0.050887346267700195,1.456002678423829e-06,0.01966807246208191,-0.025443673133850098,-0.0031896885484457016,32,False,UNAVAILABLE,DISABLED,DISABLED,DISABLED,UNAVAILABLE,DISABLED
699,0.0024672560393810272,3.3573760447325185e-06,0.05365109443664551,-0.04198193550109863,1.6786880223662592e-06,0.026825547218322754,-0.020990967750549316,0.008303513750433922,32,False,UNAVAILABLE,DISABLED,DISABLED,DISABLED,UNAVAILABLE,DISABLED
700,0.0022472008131444454,3.3726416859281017e-06,0.04567450284957886,-0.04056727886199951,1.6863208429640508e-06,0.02283725142478943,-0.020283639430999756,0.00480249896645546,32,False,UNAVAILABLE,DISABLED,DISABLED,DISABLED,UNAVAILABLE,DISABLED
701,0.004312542732805014,3.6512710721581243e-06,0.10426688194274902,-0.06708014011383057,1.8256355360790621e-06,0.05213344097137451,-0.03354007005691528,0.022907741367816925,32,False,UNAVAILABLE,DISABLED,DISABLED,DISABLED,UNAVAILABLE,DISABLED
702,0.0029613692313432693,6.630234565818682e-06,0.07453978061676025,0.002009153366088867,3.315117282909341e-06,0.03726989030838013,0.0010045766830444336,0.04123914986848831,32,False,UNAVAILABLE,DISABLED,DISABLED,DISABLED,UNAVAILABLE,DISABLED
703,0.0037107630632817745,4.735972197522642e-06,0.07407397031784058,-0.04063534736633301,2.367986098761321e-06,0.03703698515892029,-0.020317673683166504,0.02043244242668152,32,False,UNAVAILABLE,DISABLED,DISABLED,DISABLED,UNAVAILABLE,DISABLED
704,0.002624911954626441,3.925225428247359e-06,0.06763064861297607,-0.021277785301208496,1.9626127141236793e-06,0.03381532430648804,-0.010638892650604248,0.025803305208683014,32,False,UNAVAILABLE,DISABLED,DISABLED,DISABLED,UNAVAILABLE,DISABLED
705,0.002431325614452362,4.0874651858757716e-06,0.06696999073028564,-0.055228233337402344,2.0437325929378858e-06,0.03348499536514282,-0.027614116668701172,0.008304249495267868,32,False,UNAVAILABLE,DISABLED,DISABLED,DISABLED,UNAVAILABLE,DISABLED
706,0.003339770482853055,3.515473281368031e-06,0.036875009536743164,-0.03525984287261963,1.7577366406840156e-06,0.018437504768371582,-0.017629921436309814,0.004149110987782478,32,False,UNAVAILABLE,DISABLED,DISABLED,DISABLED,UNAVAILABLE,DISABLED
707,0.0027760020457208157,5.076480647403514e-06,0.06480097770690918,0.0014650821685791016,2.538240323701757e-06,0.03240048885345459,0.0007325410842895508,0.035911571234464645,32,False,UNAVAILABLE,DISABLED,DISABLED,DISABLED,UNAVAILABLE,DISABLED
708,0.00258839619345963,2.868683850465459e-06,0.05103719234466553,-0.06045377254486084,1.4343419252327294e-06,0.025518596172332764,-0.03022688627243042,-0.0021184589713811874,32,False,UNAVAILABLE,DISABLED,DISABLED,DISABLED,UNAVAILABLE,DISABLED
709,0.002609694842249155,4.001671186415479e-06,0.045240700244903564,-0.0261991024017334,2.0008355932077393e-06,0.022620350122451782,-0.0130995512008667,0.012132495641708374,32,False,UNAVAILABLE,DISABLED,DISABLED,DISABLED,UNAVAILABLE,DISABLED
710,0.0025367189664393663,2.66592519437836e-06,0.0524061918258667,-0.06375837326049805,1.33296259718918e-06,0.02620309591293335,-0.03187918663024902,-0.0031380392611026764,32,False,UNAVAILABLE,DISABLED,DISABLED,DISABLED,UNAVAILABLE,DISABLED
711,0.0031550179701298475,6.57181908536586e-06,0.08003324270248413,-0.04953038692474365,3.28590954268293e-06,0.040016621351242065,-0.024765193462371826,0.01840973272919655,32,False,UNAVAILABLE,DISABLED,DISABLED,DISABLED,UNAVAILABLE,DISABLED
712,0.0029886746779084206,4.662722403736552e-06,0.05345773696899414,0.0031737089157104492,2.331361201868276e-06,0.02672886848449707,0.0015868544578552246,0.03130672872066498,32,False,UNAVAILABLE,DISABLED,DISABLED,DISABLED,UNAVAILABLE,DISABLED
713,0.002774061169475317,4.974597686668858e-06,0.06916195154190063,-0.023176074028015137,2.487298843334429e-06,0.03458097577095032,-0.011588037014007568,0.025769487023353577,32,False,UNAVAILABLE,DISABLED,DISABLED,DISABLED,UNAVAILABLE,DISABLED
714,0.0030373253393918276,3.606766995289945e-06,0.07780468463897705,-0.025239229202270508,1.8033834976449725e-06,0.038902342319488525,-0.012619614601135254,0.029321856796741486,32,False,UNAVAILABLE,DISABLED,DISABLED,DISABLED,UNAVAILABLE,DISABLED
715,0.0023891667369753122,4.188637376500992e-06,0.04430985450744629,-0.012258410453796387,2.094318688250496e-06,0.022154927253723145,-0.006129205226898193,0.018416982144117355,32,False,UNAVAILABLE,DISABLED,DISABLED,DISABLED,UNAVAILABLE,DISABLED
716,0.0022515510208904743,2.398228389210999e-06,0.06077921390533447,-0.027812719345092773,1.1991141946054995e-06,0.030389606952667236,-0.013906359672546387,0.01873599737882614,32,False,UNAVAILABLE,DISABLED,DISABLED,DISABLED,UNAVAILABLE,DISABLED
717,0.002529708668589592,2.970895138787455e-06,0.05787229537963867,-0.0422741174697876,1.4854475693937275e-06,0.028936147689819336,-0.0211370587348938,0.010330282151699066,32,False,UNAVAILABLE,DISABLED,DISABLED,DISABLED,UNAVAILABLE,DISABLED
718,0.0027843303978443146,3.019325959030539e-06,0.04494321346282959,-0.027687668800354004,1.5096629795152694e-06,0.022471606731414795,-0.013843834400177002,0.011413611471652985,32,False,UNAVAILABLE,DISABLED,DISABLED,DISABLED,UNAVAILABLE,DISABLED
719,0.0024409375619143248,5.072618478152435e-06,0.06944751739501953,-0.027725815773010254,2.5363092390762176e-06,0.034723758697509766,-0.013862907886505127,0.023304324597120285,32,False,UNAVAILABLE,DISABLED,DISABLED,DISABLED,UNAVAILABLE,DISABLED
720,0.0023297187872231007,9.627376130083576e-06,0.2319294810295105,-0.00427091121673584,4.813688065041788e-06,0.11596474051475525,-0.00213545560836792,0.11616382002830505,32,False,UNAVAILABLE,DISABLED,DISABLED,DISABLED,UNAVAILABLE,DISABLED
721,0.0024381433613598347,5.369100563257234e-06,0.05932074785232544,-0.02260565757751465,2.684550281628617e-06,0.02966037392616272,-0.011302828788757324,0.020798373967409134,32,False,UNAVAILABLE,DISABLED,DISABLED,DISABLED,UNAVAILABLE,DISABLED
722,0.0029983194544911385,7.366768841166049e-06,0.07488292455673218,0.00038945674896240234,3.6833844205830246e-06,0.03744146227836609,0.00019472837448120117,0.04063819348812103,32,False,UNAVAILABLE,DISABLED,DISABLED,DISABLED,UNAVAILABLE,DISABLED
723,0.0028344832826405764,6.70209828967927e-06,0.05078005790710449,-0.015168190002441406,3.351049144839635e-06,0.025390028953552246,-0.007584095001220703,0.020643768832087517,32,False,UNAVAILABLE,DISABLED,DISABLED,DISABLED,UNAVAILABLE,DISABLED
724,0.0028124304953962564,5.5936934586497955e-06,0.14662539958953857,-0.04662299156188965,2.7968467293248978e-06,0.07331269979476929,-0.023311495780944824,0.05281642824411392,32,False,UNAVAILABLE,DISABLED,DISABLED,DISABLED,UNAVAILABLE,DISABLED
725,0.0028266061563044786,7.2166685640695505e-06,0.0979081392288208,-0.03654742240905762,3.6083342820347752e-06,0.0489540696144104,-0.01827371120452881,0.03351057320833206,32,False,UNAVAILABLE,DISABLED,DISABLED,DISABLED,UNAVAILABLE,DISABLED
726,0.0027570645324885845,5.178275387152098e-06,0.0828162431716919,-0.014650821685791016,2.589137693576049e-06,0.04140812158584595,-0.007325410842895508,0.03684236481785774,32,False,UNAVAILABLE,DISABLED,DISABLED,DISABLED,UNAVAILABLE,DISABLED
727,0.0032953552436083555,4.629736395145301e-06,0.09924167394638062,-0.031262755393981934,2.3148681975726504e-06,0.04962083697319031,-0.015631377696990967,0.03728713095188141,32,False,UNAVAILABLE,DISABLED,DISABLED,DISABLED,UNAVAILABLE,DISABLED
728,0.003005457343533635,3.375365849933587e-06,0.05719864368438721,-0.07068204879760742,1.6876829249667935e-06,0.028599321842193604,-0.03534102439880371,-0.0037345588207244873,32,False,UNAVAILABLE,DISABLED,DISABLED,DISABLED,UNAVAILABLE,DISABLED
729,0.002514467341825366,1.8614753116708016e-06,0.03946363925933838,-0.06609416007995605,9.307376558354008e-07,0.01973181962966919,-0.03304708003997803,-0.010799862444400787,32,False,UNAVAILABLE,DISABLED,DISABLED,DISABLED,UNAVAILABLE,DISABLED
730,0.0030890614725649357,4.364796041045338e-06,0.055092573165893555,-0.029454350471496582,2.182398020522669e-06,0.027546286582946777,-0.014727175235748291,0.015910355374217033,32,False,UNAVAILABLE,DISABLED,DISABLED,DISABLED,UNAVAILABLE,DISABLED
731,0.003104915376752615,7.5090169957547914e-06,0.09610134363174438,0.019049644470214844,3.7545084978773957e-06,0.04805067181587219,0.009524822235107422,0.06068416312336922,32,False,UNAVAILABLE,DISABLED,DISABLED,DISABLED,UNAVAILABLE,DISABLED
732,0.003095038002356887,2.3704749310127227e-06,0.040436625480651855,-0.02773582935333252,1.1852374655063613e-06,0.020218312740325928,-0.01386791467666626,0.00944662094116211,32,False,UNAVAILABLE,DISABLED,DISABLED,DISABLED,UNAVAILABLE,DISABLED
733,0.002683867933228612,4.409767825563904e-06,0.04335910081863403,-0.014551162719726562,2.204883912781952e-06,0.021679550409317017,-0.007275581359863281,0.01709004119038582,32,False,UNAVAILABLE,DISABLED,DISABLED,DISABLED,UNAVAILABLE,DISABLED
734,0.0029447185806930065,2.129367658199044e-06,0.028488993644714355,-0.011492490768432617,1.064683829099522e-06,0.014244496822357178,-0.005746245384216309,0.011444034054875374,32,False,UNAVAILABLE,DISABLED,DISABLED,DISABLED,UNAVAILABLE,DISABLED
735,0.0030200781766325235,4.058272679685615e-06,0.04084467887878418,-0.022632598876953125,2.0291363398428075e-06,0.02042233943939209,-0.011316299438476562,0.012128148227930069,32,False,UNAVAILABLE,DISABLED,DISABLED,DISABLED,UNAVAILABLE,DISABLED
736,0.002325247274711728,5.8129644457949325e-06,0.14459353685379028,-0.062221646308898926,2.9064822228974663e-06,0.07229676842689514,-0.031110823154449463,0.043514102697372437,32,False,UNAVAILABLE,DISABLED,DISABLED,DISABLED,UNAVAILABLE,DISABLED
737,0.002670721150934696,2.1099954210512806e-06,0.03444516658782959,-0.037557005882263184,1.0549977105256403e-06,0.017222583293914795,-0.018778502941131592,0.0011158566921949387,32,False,UNAVAILABLE,DISABLED,DISABLED,DISABLED,UNAVAILABLE,DISABLED
738,0.003319536102935672,3.213642003174755e-06,0.06962084770202637,-0.03822124004364014,1.6068210015873774e-06,0.034810423851013184,-0.01911062002182007,0.019020944833755493,32,False,UNAVAILABLE,DISABLED,DISABLED,DISABLED,UNAVAILABLE,DISABLED
739,0.0031234866473823786,3.8174789551703725e-06,0.04514437913894653,0.006836533546447754,1.9087394775851863e-06,0.022572189569473267,0.003418266773223877,0.02911585196852684,32,False,UNAVAILABLE,DISABLED,DISABLED,DISABLED,UNAVAILABLE,DISABLED
740,0.0020735280122607946,3.412802925595315e-06,0.07181954383850098,-0.04475879669189453,1.7064014627976576e-06,0.03590977191925049,-0.022379398345947266,0.015605606138706207,32,False,UNAVAILABLE,DISABLED,DISABLED,DISABLED,UNAVAILABLE,DISABLED
741,0.003056685905903578,4.195519977656659e-06,0.036743998527526855,-0.004835367202758789,2.0977599888283294e-06,0.018371999263763428,-0.0024176836013793945,0.019013099372386932,32,False,UNAVAILABLE,DISABLED,DISABLED,DISABLED,UNAVAILABLE,DISABLED
742,0.0031629218719899654,3.1978454444470117e-06,0.04055821895599365,-0.0385667085647583,1.5989227222235058e-06,0.020279109477996826,-0.01928335428237915,0.004160275682806969,32,False,UNAVAILABLE,DISABLED,DISABLED,DISABLED,UNAVAILABLE,DISABLED
743,0.003735136706382036,3.1822330583963776e-06,0.034030258655548096,-0.05085158348083496,1.5911165291981888e-06,0.017015129327774048,-0.02542579174041748,-0.0046739354729652405,32,False,UNAVAILABLE,DISABLED,DISABLED,DISABLED,UNAVAILABLE,DISABLED
744,0.0028333303052932024,3.5430716707196552e-06,0.054285287857055664,-0.013255953788757324,1.7715358353598276e-06,0.027142643928527832,-0.006627976894378662,0.023349769413471222,32,False,UNAVAILABLE,DISABLED,DISABLED,DISABLED,UNAVAILABLE,DISABLED
745,0.002771687228232622,3.0716216770088067e-06,0.04091066122055054,-0.03862488269805908,1.5358108385044034e-06,0.02045533061027527,-0.01931244134902954,0.003916112706065178,32,False,UNAVAILABLE,DISABLED,DISABLED,DISABLED,UNAVAILABLE,DISABLED
746,0.0029388575349003077,3.0474745926767355e-06,0.041025400161743164,-0.009482860565185547,1.5237372963383677e-06,0.020512700080871582,-0.0047414302825927734,0.018711650744080544,32,False,UNAVAILABLE,DISABLED,DISABLED,DISABLED,UNAVAILABLE,DISABLED
747,0.0026990219485014677,5.12515634909505e-06,0.048519790172576904,-0.019447684288024902,2.562578174547525e-06,0.024259895086288452,-0.009723842144012451,0.01723763719201088,32,False,UNAVAILABLE,DISABLED,DISABLED,DISABLED,UNAVAILABLE,DISABLED
748,0.0026965977158397436,2.1800774447910953e-06,0.026389479637145996,-0.03304624557495117,1.0900387223955477e-06,0.013194739818572998,-0.016523122787475586,-0.0006306953728199005,32,False,UNAVAILABLE,DISABLED,DISABLED,DISABLED,UNAVAILABLE,DISABLED
749,0.0026773891877382994,5.1275223995617125e-06,0.09164005517959595,-0.02946650981903076,2.5637611997808563e-06,0.045820027589797974,-0.01473325490951538,0.0337667241692543,32,False,UNAVAILABLE,DISABLED,DISABLED,DISABLED,UNAVAILABLE,DISABLED
750,0.0027787070721387863,6.099894562794361e-06,0.05986124277114868,-0.013006091117858887,3.0499472813971806e-06,0.02993062138557434,-0.006503045558929443,0.026209332048892975,32,False,UNAVAILABLE,DISABLED,DISABLED,DISABLED,UNAVAILABLE,DISABLED
751,0.0027280012145638466,3.233181359973969e-06,0.043961286544799805,-0.01163947582244873,1.6165906799869845e-06,0.021980643272399902,-0.005819737911224365,0.01889052242040634,32,False,UNAVAILABLE,DISABLED,DISABLED,DISABLED,UNAVAILABLE,DISABLED
752,0.0025275752414017916,4.909371000394458e-06,0.07250404357910156,-0.01593470573425293,2.454685500197229e-06,0.03625202178955078,-0.007967352867126465,0.030814699828624725,32,False,UNAVAILABLE,DISABLED,DISABLED,DISABLED,UNAVAILABLE,DISABLED
753,0.003624367294833064,3.888375886162976e-06,0.03815096616744995,-0.0098799467086792,1.944187943081488e-06,0.019075483083724976,-0.0049399733543396,0.017761820927262306,32,False,UNAVAILABLE,DISABLED,DISABLED,DISABLED,UNAVAILABLE,DISABLED
754,0.0027145652566105127,2.433681629554485e-06,0.05819350481033325,-0.04043102264404297,1.2168408147772425e-06,0.029096752405166626,-0.020215511322021484,0.011597022414207458,32,False,UNAVAILABLE,DISABLED,DISABLED,DISABLED,UNAVAILABLE,DISABLED
755,0.002598509192466736,4.532489128905581e-06,0.09858644008636475,-0.0543900728225708,2.2662445644527907e-06,0.04929322004318237,-0.0271950364112854,0.024698957800865173,32,False,UNAVAILABLE,DISABLED,DISABLED,DISABLED,UNAVAILABLE,DISABLED
756,0.003533591516315937,6.341054813674418e-06,0.08462101221084595,-0.03297269344329834,3.170527406837209e-06,0.042310506105422974,-0.01648634672164917,0.029360920190811157,32,False,UNAVAILABLE,DISABLED,DISABLED,DISABLED,UNAVAILABLE,DISABLED
757,0.0027676064055413008,3.643413037934806e-06,0.05465376377105713,-0.039144039154052734,1.821706518967403e-06,0.027326881885528564,-0.019572019577026367,0.010524289682507515,32,False,UNAVAILABLE,DISABLED,DISABLED,DISABLED,UNAVAILABLE,DISABLED
758,0.003599184798076749,4.6271497922134586e-06,0.05694615840911865,-0.013316035270690918,2.3135748961067293e-06,0.028473079204559326,-0.006658017635345459,0.025416560471057892,32,False,UNAVAILABLE,DISABLED,DISABLED,DISABLED,UNAVAILABLE,DISABLED
759,0.0027238454204052687,3.5426685371930944e-06,0.045552194118499756,-0.01131141185760498,1.7713342685965472e-06,0.022776097059249878,-0.00565570592880249,0.019846007227897644,32,False,UNAVAILABLE,DISABLED,DISABLED,DISABLED,UNAVAILABLE,DISABLED
760,0.002590650925412774,2.6676232209865702e-06,0.03790050745010376,-0.027416229248046875,1.3338116104932851e-06,0.01895025372505188,-0.013708114624023438,0.007834123447537422,32,False,UNAVAILABLE,DISABLED,DISABLED,DISABLED,UNAVAILABLE,DISABLED
761,0.009457387030124664,2.3239954316522926e-06,0.041595458984375,-0.0450749397277832,1.1619977158261463e-06,0.0207977294921875,-0.0225374698638916,0.007718808948993683,32,False,UNAVAILABLE,DISABLED,DISABLED,DISABLED,UNAVAILABLE,DISABLED
762,0.0025585205294191837,2.5680740236566635e-06,0.03687632083892822,-0.04267621040344238,1.2840370118283317e-06,0.01843816041946411,-0.02133810520172119,-0.0003401394933462143,32,False,UNAVAILABLE,DISABLED,DISABLED,DISABLED,UNAVAILABLE,DISABLED
763,0.002419197466224432,3.1448764730157563e-06,0.046196818351745605,-0.050563812255859375,1.5724382365078782e-06,0.023098409175872803,-0.025281906127929688,0.00023727305233478546,32,False,UNAVAILABLE,DISABLED,DISABLED,DISABLED,UNAVAILABLE,DISABLED
764,0.0025473658461123705,4.279207587387646e-06,0.07309967279434204,-0.020972609519958496,2.139603793693823e-06,0.03654983639717102,-0.010486304759979248,0.02861303836107254,32,False,UNAVAILABLE,DISABLED,DISABLED,DISABLED,UNAVAILABLE,DISABLED
765,0.0025028493255376816,3.1164865958999144e-06,0.035508155822753906,-0.03631877899169922,1.5582432979499572e-06,0.017754077911376953,-0.01815938949584961,0.0020990967750549316,32,False,UNAVAILABLE,DISABLED,DISABLED,DISABLED,UNAVAILABLE,DISABLED
766,0.0032408018596470356,4.273539616406197e-06,0.06698060035705566,-0.021341323852539062,2.1367698082030984e-06,0.03349030017852783,-0.010670661926269531,0.026062577962875366,32,False,UNAVAILABLE,DISABLED,DISABLED,DISABLED,UNAVAILABLE,DISABLED
767,0.0023954971693456173,5.114287887408864e-06,0.07503747940063477,-0.013226509094238281,2.557143943704432e-06,0.03751873970031738,-0.006613254547119141,0.03330354019999504,32,False,UNAVAILABLE,DISABLED,DISABLED,DISABLED,UNAVAILABLE,DISABLED
768,0.0025052952114492655,3.3910919228219427e-06,0.05341464281082153,-0.04764759540557861,1.6955459614109714e-06,0.026707321405410767,-0.023823797702789307,0.005390513688325882,32,False,UNAVAILABLE,DISABLED,DISABLED,DISABLED,UNAVAILABLE,DISABLED
769,0.003577867988497019,4.303409696149174e-06,0.04589569568634033,-0.02808701992034912,2.151704848074587e-06,0.022947847843170166,-0.01404350996017456,0.012484356760978699,32,False,UNAVAILABLE,DISABLED,DISABLED,DISABLED,UNAVAILABLE,DISABLED
770,0.0025570096913725138,4.359346803539665e-06,0.07880067825317383,-0.06593060493469238,2.1796734017698327e-06,0.039400339126586914,-0.03296530246734619,0.008994225412607193,32,False,UNAVAILABLE,DISABLED,DISABLED,DISABLED,UNAVAILABLE,DISABLED
771,0.002186124213039875,3.3142516713269288e-06,0.06539952754974365,-0.046286821365356445,1.6571258356634644e-06,0.032699763774871826,-0.023143410682678223,0.01174413412809372,32,False,UNAVAILABLE,DISABLED,DISABLED,DISABLED,UNAVAILABLE,DISABLED
772,0.0026364109944552183,5.824292657052865e-06,0.06906694173812866,-0.024298787117004395,2.9121463285264326e-06,0.03453347086906433,-0.012149393558502197,0.02502340078353882,32,False,UNAVAILABLE,DISABLED,DISABLED,DISABLED,UNAVAILABLE,DISABLED
773,0.00334583455696702,9.347107152279932e-06,0.11696779727935791,-0.000929713249206543,4.673553576139966e-06,0.058483898639678955,-0.0004648566246032715,0.06136954948306084,32,False,UNAVAILABLE,DISABLED,DISABLED,DISABLED,UNAVAILABLE,DISABLED
774,0.0027550123631954193,4.0658728721609805e-06,0.04568135738372803,-0.013780951499938965,2.0329364360804902e-06,0.022840678691864014,-0.006890475749969482,0.01870724745094776,32,False,UNAVAILABLE,DISABLED,DISABLED,DISABLED,UNAVAILABLE,DISABLED
775,0.0029156680684536695,2.187517111451598e-06,0.04118359088897705,-0.026990652084350586,1.093758555725799e-06,0.020591795444488525,-0.013495326042175293,0.010013232007622719,32,False,UNAVAILABLE,DISABLED,DISABLED,DISABLED,UNAVAILABLE,DISABLED
776,0.0029726256616413593,2.854269951058086e-06,0.028708815574645996,-0.022966504096984863,1.427134975529043e-06,0.014354407787322998,-0.011483252048492432,0.005845207720994949,32,False,UNAVAILABLE,DISABLED,DISABLED,DISABLED,UNAVAILABLE,DISABLED
777,0.0025905875954777002,4.375633579911664e-06,0.03491777181625366,-0.009154200553894043,2.187816789955832e-06,0.01745888590812683,-0.0045771002769470215,0.015474561601877213,32,False,UNAVAILABLE,DISABLED,DISABLED,DISABLED,UNAVAILABLE,DISABLED
778,0.023793447762727737,2.838826958395657e-06,0.05272573232650757,-0.05442965030670166,1.4194134791978286e-06,0.026362866163253784,-0.02721482515335083,0.022942908108234406,32,False,UNAVAILABLE,DISABLED,DISABLED,DISABLED,UNAVAILABLE,DISABLED
779,0.003397265449166298,6.752726676495513e-06,0.07234662771224976,-0.018753886222839355,3.3763633382477565e-06,0.03617331385612488,-0.009376943111419678,0.030197013169527054,32,False,UNAVAILABLE,DISABLED,DISABLED,DISABLED,UNAVAILABLE,DISABLED
780,0.011564825661480427,3.547997721398133e-06,0.08059191703796387,-0.02514481544494629,1.7739988606990664e-06,0.040295958518981934,-0.012572407722473145,0.03929015249013901,32,False,UNAVAILABLE,DISABLED,DISABLED,DISABLED,UNAVAILABLE,DISABLED
781,0.002353216987103224,3.234815721953055e-06,0.03877449035644531,-0.05915021896362305,1.6174078609765274e-06,0.019387245178222656,-0.029575109481811523,-0.007833030074834824,32,False,UNAVAILABLE,DISABLED,DISABLED,DISABLED,UNAVAILABLE,DISABLED
782,0.0030361036770045757,2.365841737628216e-06,0.028437376022338867,-0.02378380298614502,1.182920868814108e-06,0.014218688011169434,-0.01189190149307251,0.0053640734404325485,32,False,UNAVAILABLE,DISABLED,DISABLED,DISABLED,UNAVAILABLE,DISABLED
783,0.0038622773718088865,4.417725449457066e-06,0.05045664310455322,-0.01689004898071289,2.208862724728533e-06,0.02522832155227661,-0.008445024490356445,0.02064778283238411,32,False,UNAVAILABLE,DISABLED,DISABLED,DISABLED,UNAVAILABLE,DISABLED
784,0.0026566055603325367,4.383954092190834e-06,0.043807268142700195,-0.026036739349365234,2.191977046095417e-06,0.021903634071350098,-0.013018369674682617,0.011544061824679375,32,False,UNAVAILABLE,DISABLED,DISABLED,DISABLED,UNAVAILABLE,DISABLED
785,0.0029694598633795977,2.341439312658622e-06,0.02506011724472046,-0.037175774574279785,1.170719656329311e-06,0.01253005862236023,-0.018587887287139893,-0.0030871983617544174,32,False,UNAVAILABLE,DISABLED,DISABLED,DISABLED,UNAVAILABLE,DISABLED
786,0.002249932149425149,2.7348100957169663e-06,0.049143970012664795,-0.05163908004760742,1.3674050478584832e-06,0.024571985006332397,-0.02581954002380371,0.0010037440806627274,32,False,UNAVAILABLE,DISABLED,DISABLED,DISABLED,UNAVAILABLE,DISABLED
787,0.003133328864350915,1.5127245660551125e-06,0.01863265037536621,-0.037047743797302246,7.563622830275563e-07,0.009316325187683105,-0.018523871898651123,-0.0060734618455171585,32,False,UNAVAILABLE,DISABLED,DISABLED,DISABLED,UNAVAILABLE,DISABLED
788,0.002643209183588624,2.750579142229981e-06,0.03729391098022461,-0.00488591194152832,1.3752895711149904e-06,0.018646955490112305,-0.00244295597076416,0.018848583102226257,32,False,UNAVAILABLE,DISABLED,DISABLED,DISABLED,UNAVAILABLE,DISABLED
789,0.0029116617515683174,5.230057922744891e-06,0.03945338726043701,-0.02983880043029785,2.6150289613724453e-06,0.019726693630218506,-0.014919400215148926,0.007721569389104843,32,False,UNAVAILABLE,DISABLED,DISABLED,DISABLED,UNAVAILABLE,DISABLED
790,0.0024109804071485996,3.284639888079255e-06,0.05526810884475708,-0.035211801528930664,1.6423199440396274e-06,0.02763405442237854,-0.017605900764465332,0.012440776452422142,32,False,UNAVAILABLE,DISABLED,DISABLED,DISABLED,UNAVAILABLE,DISABLED
791,0.002484893659129739,2.5340766569570405e-06,0.04766052961349487,-0.029828548431396484,1.2670383284785203e-06,0.023830264806747437,-0.014914274215698242,0.011402150616049767,32,False,UNAVAILABLE,DISABLED,DISABLED,DISABLED,UNAVAILABLE,DISABLED
792,0.0030374820344150066,8.754172995395493e-06,0.09113562107086182,0.005460143089294434,4.377086497697746e-06,0.04556781053543091,0.002730071544647217,0.05133974179625511,32,False,UNAVAILABLE,DISABLED,DISABLED,DISABLED,UNAVAILABLE,DISABLED
793,0.0029345753137022257,1.0658596693247091e-05,0.08949708938598633,-0.019358396530151367,5.3292983466235455e-06,0.044748544692993164,-0.009679198265075684,0.03800925239920616,32,False,UNAVAILABLE,DISABLED,DISABLED,DISABLED,UNAVAILABLE,DISABLED
794,0.002725937869399786,3.1420847790286643e-06,0.03963834047317505,-0.03354835510253906,1.5710423895143322e-06,0.019819170236587524,-0.01677417755126953,0.005772501230239868,32,False,UNAVAILABLE,DISABLED,DISABLED,DISABLED,UNAVAILABLE,DISABLED
795,0.0026603243313729763,3.247156882935087e-06,0.02475494146347046,-0.019484996795654297,1.6235784414675436e-06,0.01237747073173523,-0.009742498397827148,0.0052969204261898994,32,False,UNAVAILABLE,DISABLED,DISABLED,DISABLED,UNAVAILABLE,DISABLED
796,0.0031441652681678534,3.3241963137697894e-06,0.04047048091888428,-0.027359366416931152,1.6620981568848947e-06,0.02023524045944214,-0.013679683208465576,0.009701384231448174,32,False,UNAVAILABLE,DISABLED,DISABLED,DISABLED,UNAVAILABLE,DISABLED
797,0.0028302858117967844,5.8042051023221575e-06,0.059954047203063965,-0.008135080337524414,2.9021025511610787e-06,0.029977023601531982,-0.004067540168762207,0.028742671012878418,32,False,UNAVAILABLE,DISABLED,DISABLED,DISABLED,UNAVAILABLE,DISABLED
798,0.002629057504236698,3.1417350783158327e-06,0.036482393741607666,-0.019344449043273926,1.5708675391579163e-06,0.018241196870803833,-0.009672224521636963,0.011199600994586945,32,False,UNAVAILABLE,DISABLED,DISABLED,DISABLED,UNAVAILABLE,DISABLED
799,0.002496683970093727,5.130924364493694e-06,0.0945168137550354,-0.05479872226715088,2.565462182246847e-06,0.0472584068775177,-0.02739936113357544,0.02235829457640648,32,False,UNAVAILABLE,DISABLED,DISABLED,DISABLED,UNAVAILABLE,DISABLED
800,0.0023738699965178967,3.270289653301006e-06,0.040733158588409424,-0.026772499084472656,1.635144826650503e-06,0.020366579294204712,-0.013386249542236328,0.009355835616588593,32,False,UNAVAILABLE,DISABLED,DISABLED,DISABLED,UNAVAILABLE,DISABLED
801,0.00279538263566792,2.551543730078265e-06,0.04438751935958862,-0.036948204040527344,1.2757718650391325e-06,0.02219375967979431,-0.018474102020263672,0.006516315042972565,32,False,UNAVAILABLE,DISABLED,DISABLED,DISABLED,UNAVAILABLE,DISABLED
802,0.002591527532786131,4.056343186675804e-06,0.03269243240356445,-0.027407050132751465,2.028171593337902e-06,0.016346216201782227,-0.013703525066375732,0.005236247554421425,32,False,UNAVAILABLE,DISABLED,DISABLED,DISABLED,UNAVAILABLE,DISABLED
803,0.0031556799076497555,2.7567593861022033e-06,0.029816031455993652,0.009664297103881836,1.3783796930511016e-06,0.014908015727996826,0.004832148551940918,0.022897223010659218,32,False,UNAVAILABLE,DISABLED,DISABLED,DISABLED,UNAVAILABLE,DISABLED
804,0.0029149858746677637,5.7895617828762624e-06,0.07681417465209961,0.001463174819946289,2.8947808914381312e-06,0.038407087326049805,0.0007315874099731445,0.04205655679106712,32,False,UNAVAILABLE,DISABLED,DISABLED,DISABLED,UNAVAILABLE,DISABLED
805,0.004076865967363119,3.495549208309967e-06,0.036185622215270996,0.0035458803176879883,1.7477746041549835e-06,0.018092811107635498,0.0017729401588439941,0.023944364860653877,32,False,UNAVAILABLE,DISABLED,DISABLED,DISABLED,UNAVAILABLE,DISABLED
806,0.0027877953834831715,1.6285733863696805e-06,0.05634200572967529,-0.01449120044708252,8.142866931848403e-07,0.028171002864837646,-0.00724560022354126,0.023714011535048485,32,False,UNAVAILABLE,DISABLED,DISABLED,DISABLED,UNAVAILABLE,DISABLED
807,0.003397162538021803,3.134365215373691e-06,0.03365898132324219,-0.014699101448059082,1.5671826076868456e-06,0.016829490661621094,-0.007349550724029541,0.012878669425845146,32,False,UNAVAILABLE,DISABLED,DISABLED,DISABLED,UNAVAILABLE,DISABLED
808,0.003476114943623543,4.566135885397671e-06,0.06739294528961182,-0.015447497367858887,2.2830679426988354e-06,0.03369647264480591,-0.007723748683929443,0.029451120644807816,32,False,UNAVAILABLE,DISABLED,DISABLED,DISABLED,UNAVAILABLE,DISABLED
809,0.003408594988286495,4.285341219656402e-06,0.06096845865249634,-0.03589463233947754,2.142670609828201e-06,0.03048422932624817,-0.01794731616973877,0.015947651118040085,32,False,UNAVAILABLE,DISABLED,DISABLED,DISABLED,UNAVAILABLE,DISABLED
810,0.0022736641112715006,2.9986708796059247e-06,0.04316079616546631,0.008662819862365723,1.4993354398029624e-06,0.021580398082733154,0.004331409931182861,0.028186971321702003,32,False,UNAVAILABLE,DISABLED,DISABLED,DISABLED,UNAVAILABLE,DISABLED
811,0.0022435439750552177,4.5569245230581146e-06,0.056581974029541016,0.018950462341308594,2.2784622615290573e-06,0.028290987014770508,0.009475231170654297,0.04001203924417496,32,False,UNAVAILABLE,DISABLED,DISABLED,DISABLED,UNAVAILABLE,DISABLED
812,0.0024377417284995317,4.238684596202802e-06,0.055036306381225586,-0.035219788551330566,2.119342298101401e-06,0.027518153190612793,-0.017609894275665283,0.012348119169473648,32,False,UNAVAILABLE,DISABLED,DISABLED,DISABLED,UNAVAILABLE,DISABLED
813,0.0026211903896182775,3.796550799961551e-06,0.041503310203552246,0.013754129409790039,1.8982753999807755e-06,0.020751655101776123,0.0068770647048950195,0.03025180846452713,32,False,UNAVAILABLE,DISABLED,DISABLED,DISABLED,UNAVAILABLE,DISABLED
814,0.002747640013694763,2.2310575786832487e-06,0.0370367169380188,0.021246671676635742,1.1155287893416244e-06,0.0185183584690094,0.010623335838317871,0.03189045190811157,32,False,UNAVAILABLE,DISABLED,DISABLED,DISABLED,UNAVAILABLE,DISABLED
815,0.008322281762957573,4.255319254298229e-06,0.05783575773239136,-0.0209425687789917,2.1276596271491144e-06,0.02891787886619568,-0.01047128438949585,0.026771005243062973,32,False,UNAVAILABLE,DISABLED,DISABLED,DISABLED,UNAVAILABLE,DISABLED
816,0.0024171893019229174,3.465416739345528e-06,0.07085919380187988,0.02107536792755127,1.732708369672764e-06,0.03542959690093994,0.010537683963775635,0.04838620126247406,32,False,UNAVAILABLE,DISABLED,DISABLED,DISABLED,UNAVAILABLE,DISABLED
817,0.0033413402270525694,5.262816102913348e-06,0.05167418718338013,-0.021397113800048828,2.631408051456674e-06,0.025837093591690063,-0.010698556900024414,0.01848250813782215,32,False,UNAVAILABLE,DISABLED,DISABLED,DISABLED,UNAVAILABLE,DISABLED
818,0.002724716905504465,3.949587608076399e-06,0.0889391303062439,-0.04034256935119629,1.9747938040381996e-06,0.04446956515312195,-0.020171284675598145,0.027024973183870316,32,False,UNAVAILABLE,DISABLED,DISABLED,DISABLED,UNAVAILABLE,DISABLED
819,0.002412693342193961,2.5774679670576006e-06,0.03127080202102661,-0.016884803771972656,1.2887339835288003e-06,0.015635401010513306,-0.008442401885986328,0.00960698164999485,32,False,UNAVAILABLE,DISABLED,DISABLED,DISABLED,UNAVAILABLE,DISABLED
820,0.0023387207183986902,2.412975845800247e-06,0.033641040325164795,0.007686138153076172,1.2064879229001235e-06,0.016820520162582397,0.003843069076538086,0.02300351671874523,32,False,UNAVAILABLE,DISABLED,DISABLED,DISABLED,UNAVAILABLE,DISABLED
821,0.002259544562548399,1.837608920141065e-06,0.03326129913330078,-0.014131546020507812,9.188044600705325e-07,0.01663064956665039,-0.007065773010253906,0.011825339868664742,32,False,UNAVAILABLE,DISABLED,DISABLED,DISABLED,UNAVAILABLE,DISABLED
822,0.005806091707199812,3.325413445054437e-06,0.046048641204833984,-0.031743407249450684,1.6627067225272185e-06,0.023024320602416992,-0.015871703624725342,0.012960370630025864,32,False,UNAVAILABLE,DISABLED,DISABLED,DISABLED,UNAVAILABLE,DISABLED
823,0.0026650382205843925,3.0153228181006853e-06,0.0367739200592041,0.0027675628662109375,1.5076614090503426e-06,0.01838696002960205,0.0013837814331054688,0.022437287494540215,32,False,UNAVAILABLE,DISABLED,DISABLED,DISABLED,UNAVAILABLE,DISABLED
824,0.007219092454761267,3.1907234188111033e-06,0.03404247760772705,-0.006650090217590332,1.5953617094055517e-06,0.017021238803863525,-0.003325045108795166,0.020916881039738655,32,False,UNAVAILABLE,DISABLED,DISABLED,DISABLED,UNAVAILABLE,DISABLED
825,0.004102129954844713,1.7245156413991936e-06,0.02699565887451172,0.002468705177307129,8.622578206995968e-07,0.01349782943725586,0.0012343525886535645,0.018835173919796944,32,False,UNAVAILABLE,DISABLED,DISABLED,DISABLED,UNAVAILABLE,DISABLED
826,0.002426739316433668,2.5798563001444563e-06,0.023653268814086914,0.003099679946899414,1.2899281500722282e-06,0.011826634407043457,0.001549839973449707,0.015804503113031387,32,False,UNAVAILABLE,DISABLED,DISABLED,DISABLED,UNAVAILABLE,DISABLED
827,0.0021885717287659645,1.4439968936130754e-06,0.02508944272994995,-0.0017087459564208984,7.219984468065377e-07,0.012544721364974976,-0.0008543729782104492,0.013879641890525818,32,False,UNAVAILABLE,DISABLED,DISABLED,DISABLED,UNAVAILABLE,DISABLED
828,0.1878490447998047,3.0442474781011697e-06,0.052189767360687256,0.024078011512756348,1.5221237390505848e-06,0.026094883680343628,0.012039005756378174,0.22598445415496826,32,False,UNAVAILABLE,DISABLED,DISABLED,DISABLED,UNAVAILABLE,DISABLED
829,0.0034994035959243774,5.334715297067305e-06,0.05548095703125,0.010994434356689453,2.6673576485336525e-06,0.027740478515625,0.0054972171783447266,0.0367397665977478,32,False,UNAVAILABLE,DISABLED,DISABLED,DISABLED,UNAVAILABLE,DISABLED
830,0.002999209566041827,2.5639756131567992e-06,0.02589547634124756,-0.003670334815979004,1.2819878065783996e-06,0.01294773817062378,-0.001835167407989502,0.014113062992691994,32,False,UNAVAILABLE,DISABLED,DISABLED,DISABLED,UNAVAILABLE,DISABLED
831,0.00242582312785089,4.2652977754187305e-06,0.07121896743774414,0.03245973587036133,2.1326488877093652e-06,0.03560948371887207,0.016229867935180664,0.05426730588078499,32,False,UNAVAILABLE,DISABLED,DISABLED,DISABLED,UNAVAILABLE,DISABLED
832,0.0027476795949041843,7.98693872638978e-06,0.09084093570709229,-0.051653504371643066,3.99346936319489e-06,0.04542046785354614,-0.025826752185821533,0.022345390170812607,32,False,UNAVAILABLE,DISABLED,DISABLED,DISABLED,UNAVAILABLE,DISABLED
833,0.00229336298070848,3.4925262752949493e-06,0.041335344314575195,-0.00954747200012207,1.7462631376474747e-06,0.020667672157287598,-0.004773736000061035,0.018189044669270515,32,False,UNAVAILABLE,DISABLED,DISABLED,DISABLED,UNAVAILABLE,DISABLED
834,0.0023650547955185175,3.4508007047406863e-06,0.05266350507736206,0.055361390113830566,1.7254003523703432e-06,0.02633175253868103,0.027680695056915283,0.056379228830337524,32,False,UNAVAILABLE,DISABLED,DISABLED,DISABLED,UNAVAILABLE,DISABLED
835,0.0034158765338361263,5.294130914990092e-06,0.05559241771697998,0.00407254695892334,2.647065457495046e-06,0.02779620885848999,0.00203627347946167,0.03325100615620613,32,False,UNAVAILABLE,DISABLED,DISABLED,DISABLED,UNAVAILABLE,DISABLED
836,0.002514621941372752,3.326935029690503e-06,0.03227436542510986,0.0038694143295288086,1.6634675148452516e-06,0.01613718271255493,0.0019347071647644043,0.02058817446231842,32,False,UNAVAILABLE,DISABLED,DISABLED,DISABLED,UNAVAILABLE,DISABLED
837,0.0025691657792776823,2.864786210921011e-06,0.034370362758636475,-0.018452882766723633,1.4323931054605055e-06,0.017185181379318237,-0.009226441383361816,0.01052933745086193,32,False,UNAVAILABLE,DISABLED,DISABLED,DISABLED,UNAVAILABLE,DISABLED
838,0.0028831297531723976,4.75117622045218e-06,0.03155428171157837,-0.003930032253265381,2.37558811022609e-06,0.015777140855789185,-0.0019650161266326904,0.016697630286216736,32,False,UNAVAILABLE,DISABLED,DISABLED,DISABLED,UNAVAILABLE,DISABLED
839,0.0025502347853034735,2.807275450322777e-06,0.033686816692352295,0.0008951425552368164,1.4036377251613885e-06,0.016843408346176147,0.0004475712776184082,0.019842617213726044,32,False,UNAVAILABLE,DISABLED,DISABLED,DISABLED,UNAVAILABLE,DISABLED
840,0.0030439430847764015,4.503792752075242e-06,0.09585297107696533,-0.029948949813842773,2.251896376037621e-06,0.047926485538482666,-0.014974474906921387,0.035998206585645676,32,False,UNAVAILABLE,DISABLED,DISABLED,DISABLED,UNAVAILABLE,DISABLED
841,0.0026460776571184397,1.8323160020372598e-06,0.01987302303314209,-0.009762287139892578,9.161580010186299e-07,0.009936511516571045,-0.004881143569946289,0.0077023617923259735,32,False,UNAVAILABLE,DISABLED,DISABLED,DISABLED,UNAVAILABLE,DISABLED
842,0.002479573478922248,2.5141096102743177e-06,0.07562655210494995,0.03261423110961914,1.2570548051371588e-06,0.037813276052474976,0.01630711555480957,0.05660122260451317,32,False,UNAVAILABLE,DISABLED,DISABLED,DISABLED,UNAVAILABLE,DISABLED
843,0.0070517100393772125,5.020907337893732e-06,0.046322524547576904,-0.011796832084655762,2.510453668946866e-06,0.023161262273788452,-0.005898416042327881,0.024317067116498947,32,False,UNAVAILABLE,DISABLED,DISABLED,DISABLED,UNAVAILABLE,DISABLED
844,0.0036334439646452665,2.7430749014456524e-06,0.033252835273742676,-0.006576120853424072,1.3715374507228262e-06,0.016626417636871338,-0.003288060426712036,0.01697317324578762,32,False,UNAVAILABLE,DISABLED,DISABLED,DISABLED,UNAVAILABLE,DISABLED
845,0.0027018929831683636,4.719638582173502e-06,0.04870384931564331,-0.032617926597595215,2.359819291086751e-06,0.024351924657821655,-0.016308963298797607,0.010747214779257774,32,False,UNAVAILABLE,DISABLED,DISABLED,DISABLED,UNAVAILABLE,DISABLED
846,0.002581755630671978,3.7870515825488837e-06,0.07488417625427246,-0.047106027603149414,1.8935257912744419e-06,0.03744208812713623,-0.023553013801574707,0.016472723335027695,32,False,UNAVAILABLE,DISABLED,DISABLED,DISABLED,UNAVAILABLE,DISABLED
847,0.0027243776712566614,3.4089468954334734e-06,0.04055440425872803,-0.030362606048583984,1.7044734477167367e-06,0.020277202129364014,-0.015181303024291992,0.007821980863809586,32,False,UNAVAILABLE,DISABLED,DISABLED,DISABLED,UNAVAILABLE,DISABLED
848,0.0022632284089922905,2.333465999981854e-06,0.08018684387207031,0.029003918170928955,1.166732999990927e-06,0.040093421936035156,0.014501959085464478,0.05685977637767792,32,False,UNAVAILABLE,DISABLED,DISABLED,DISABLED,UNAVAILABLE,DISABLED
849,0.003021654672920704,2.749220811892883e-06,0.030546367168426514,-0.02386927604675293,1.3746104059464415e-06,0.015273183584213257,-0.011934638023376465,0.006361573934555054,32,False,UNAVAILABLE,DISABLED,DISABLED,DISABLED,UNAVAILABLE,DISABLED
850,0.0024053570814430714,2.3742063604004215e-06,0.025245249271392822,-0.009544849395751953,1.1871031802002108e-06,0.012622624635696411,-0.0047724246978759766,0.010256743989884853,32,False,UNAVAILABLE,DISABLED,DISABLED,DISABLED,UNAVAILABLE,DISABLED
851,0.0020123792346566916,3.571974957594648e-06,0.048950135707855225,-0.008030533790588379,1.785987478797324e-06,0.024475067853927612,-0.0040152668952941895,0.02247396670281887,32,False,UNAVAILABLE,DISABLED,DISABLED,DISABLED,UNAVAILABLE,DISABLED
852,0.0020803778897970915,2.8183096674183616e-06,0.04711693525314331,-0.03509098291397095,1.4091548337091808e-06,0.023558467626571655,-0.017545491456985474,0.00809476338326931,32,False,UNAVAILABLE,DISABLED,DISABLED,DISABLED,UNAVAILABLE,DISABLED
853,0.002236536704003811,5.340224561223295e-06,0.05108761787414551,-0.008158266544342041,2.6701122806116473e-06,0.025543808937072754,-0.0040791332721710205,0.023703882470726967,32,False,UNAVAILABLE,DISABLED,DISABLED,DISABLED,UNAVAILABLE,DISABLED
854,0.003066939301788807,4.253249244356994e-06,0.0692368745803833,-0.011281311511993408,2.126624622178497e-06,0.03461843729019165,-0.005640655755996704,0.0320468470454216,32,False,UNAVAILABLE,DISABLED,DISABLED,DISABLED,UNAVAILABLE,DISABLED
855,0.0020426150877028704,2.014634901570389e-06,0.030498802661895752,-0.020853400230407715,1.0073174507851945e-06,0.015249401330947876,-0.010426700115203857,0.006866322830319405,32,False,UNAVAILABLE,DISABLED,DISABLED,DISABLED,UNAVAILABLE,DISABLED
856,0.002748699625954032,1.959883547897334e-06,0.03391975164413452,0.012623429298400879,9.79941773948667e-07,0.01695987582206726,0.0063117146492004395,0.02602127008140087,32,False,UNAVAILABLE,DISABLED,DISABLED,DISABLED,UNAVAILABLE,DISABLED
857,0.002081640064716339,2.191226030845428e-06,0.029528379440307617,-0.006439924240112305,1.095613015422714e-06,0.014764189720153809,-0.0032199621200561523,0.013626962900161743,32,False,UNAVAILABLE,DISABLED,DISABLED,DISABLED,UNAVAILABLE,DISABLED
858,0.0021124533377587795,2.7353221412340645e-06,0.03488612174987793,-0.027371227741241455,1.3676610706170322e-06,0.017443060874938965,-0.013685613870620728,0.00587126798927784,32,False,UNAVAILABLE,DISABLED,DISABLED,DISABLED,UNAVAILABLE,DISABLED
859,0.002169738756492734,4.121746314922348e-06,0.04872870445251465,0.0042465925216674805,2.060873157461174e-06,0.024364352226257324,0.0021232962608337402,0.02865944802761078,32,False,UNAVAILABLE,DISABLED,DISABLED,DISABLED,UNAVAILABLE,DISABLED
860,0.002160180127248168,2.534103487050743e-06,0.0277329683303833,0.001447916030883789,1.2670517435253714e-06,0.01386648416519165,0.0007239580154418945,0.016751889139413834,32,False,UNAVAILABLE,DISABLED,DISABLED,DISABLED,UNAVAILABLE,DISABLED
861,0.0020455310586839914,1.8931244767372846e-06,0.01739501953125,-0.004230797290802002,9.465622383686423e-07,0.008697509765625,-0.002115398645401001,0.008628588169813156,32,False,UNAVAILABLE,DISABLED,DISABLED,DISABLED,UNAVAILABLE,DISABLED
862,0.0026877326890826225,2.4158910036931047e-06,0.026641249656677246,0.011256933212280273,1.2079455018465524e-06,0.013320624828338623,0.005628466606140137,0.02163803204894066,32,False,UNAVAILABLE,DISABLED,DISABLED,DISABLED,UNAVAILABLE,DISABLED
863,0.0026643339078873396,1.1170972356921993e-05,0.12438344955444336,-0.04835444688796997,5.585486178460997e-06,0.06219172477722168,-0.024177223443984985,0.04068441689014435,32,False,UNAVAILABLE,DISABLED,DISABLED,DISABLED,UNAVAILABLE,DISABLED
864,0.002286034170538187,1.4079437278269324e-06,0.03179144859313965,0.021285533905029297,7.039718639134662e-07,0.015895724296569824,0.010642766952514648,0.02882522903382778,32,False,UNAVAILABLE,DISABLED,DISABLED,DISABLED,UNAVAILABLE,DISABLED
865,0.002992458175867796,6.693899649690138e-06,0.06344938278198242,-0.026957988739013672,3.346949824845069e-06,0.03172469139099121,-0.013478994369506836,0.021241500973701477,32,False,UNAVAILABLE,DISABLED,DISABLED,DISABLED,UNAVAILABLE,DISABLED
866,0.001631618826650083,2.0018499071738916e-06,0.03548836708068848,-0.015883982181549072,1.0009249535869458e-06,0.01774418354034424,-0.007941991090774536,0.011434812098741531,32,False,UNAVAILABLE,DISABLED,DISABLED,DISABLED,UNAVAILABLE,DISABLED
867,0.001964723924174905,5.342677013686625e-06,0.11242109537124634,0.04281669855117798,2.6713385068433126e-06,0.05621054768562317,0.02140834927558899,0.07958629727363586,32,False,UNAVAILABLE,DISABLED,DISABLED,DISABLED,UNAVAILABLE,DISABLED
868,0.002219544490799308,3.456948206803645e-06,0.04568570852279663,-0.015288472175598145,1.7284741034018225e-06,0.022842854261398315,-0.007644236087799072,0.01741989143192768,32,False,UNAVAILABLE,DISABLED,DISABLED,DISABLED,UNAVAILABLE,DISABLED
869,0.002671396592631936,3.110810212092474e-06,0.030318737030029297,0.01314467191696167,1.555405106046237e-06,0.015159368515014648,0.006572335958480835,0.024404656141996384,32,False,UNAVAILABLE,DISABLED,DISABLED,DISABLED,UNAVAILABLE,DISABLED
870,0.002876697573810816,3.7463596527231857e-06,0.07414489984512329,0.03169894218444824,1.8731798263615929e-06,0.037072449922561646,0.01584947109222412,0.05580049008131027,32,False,UNAVAILABLE,DISABLED,DISABLED,DISABLED,UNAVAILABLE,DISABLED
871,0.002308124443516135,1.903625843624468e-06,0.030119478702545166,0.01893669366836548,9.51812921812234e-07,0.015059739351272583,0.00946834683418274,0.026837162673473358,32,False,UNAVAILABLE,DISABLED,DISABLED,DISABLED,UNAVAILABLE,DISABLED
872,0.002163296565413475,2.101983682223363e-06,0.02194535732269287,0.005328834056854248,1.0509918411116814e-06,0.010972678661346436,0.002664417028427124,0.0158014427870512,32,False,UNAVAILABLE,DISABLED,DISABLED,DISABLED,UNAVAILABLE,DISABLED
873,0.002274994272738695,4.502937827055575e-06,0.041957974433898926,-0.022036254405975342,2.2514689135277877e-06,0.020978987216949463,-0.011018127202987671,0.01223810575902462,32,False,UNAVAILABLE,DISABLED,DISABLED,DISABLED,UNAVAILABLE,DISABLED
874,0.0024932229425758123,5.3386706895253155e-06,0.05194234848022461,-0.03552556037902832,2.6693353447626578e-06,0.025971174240112305,-0.01776278018951416,0.010704286396503448,32,False,UNAVAILABLE,DISABLED,DISABLED,DISABLED,UNAVAILABLE,DISABLED
875,0.0028683135751634836,9.054957445187028e-06,0.08832442760467529,-0.056017398834228516,4.527478722593514e-06,0.044162213802337646,-0.028008699417114258,0.01902635395526886,32,False,UNAVAILABLE,DISABLED,DISABLED,DISABLED,UNAVAILABLE,DISABLED
876,0.0021637561731040478,5.107777724333573e-06,0.05671423673629761,-0.03519171476364136,2.5538888621667866e-06,0.028357118368148804,-0.01759585738182068,0.012927571311593056,32,False,UNAVAILABLE,DISABLED,DISABLED,DISABLED,UNAVAILABLE,DISABLED
877,0.0024856773670762777,3.0747605705983005e-06,0.04384893178939819,-0.003067314624786377,1.5373802852991503e-06,0.021924465894699097,-0.0015336573123931885,0.022878022864460945,32,False,UNAVAILABLE,DISABLED,DISABLED,DISABLED,UNAVAILABLE,DISABLED
878,0.0023407081607729197,2.5407496195839485e-06,0.02948009967803955,0.02334493398666382,1.2703748097919743e-06,0.014740049839019775,0.01167246699333191,0.028754495084285736,32,False,UNAVAILABLE,DISABLED,DISABLED,DISABLED,UNAVAILABLE,DISABLED
879,0.0033462862484157085,3.7685981624235865e-06,0.0787585973739624,0.025632202625274658,1.8842990812117932e-06,0.0393792986869812,0.012816101312637329,0.05554357171058655,32,False,UNAVAILABLE,DISABLED,DISABLED,DISABLED,UNAVAILABLE,DISABLED
880,0.002272691810503602,5.787141617474845e-06,0.11413413286209106,0.005830168724060059,2.8935708087374223e-06,0.05706706643104553,0.0029150843620300293,0.062257736921310425,32,False,UNAVAILABLE,DISABLED,DISABLED,DISABLED,UNAVAILABLE,DISABLED
881,0.001931245788000524,3.9900478441268206e-06,0.06903958320617676,0.047073423862457275,1.9950239220634103e-06,0.03451979160308838,0.023536711931228638,0.05998974293470383,32,False,UNAVAILABLE,DISABLED,DISABLED,DISABLED,UNAVAILABLE,DISABLED
882,0.0024463566951453686,4.069334408995928e-06,0.040443480014801025,-0.0274239182472229,2.034667204497964e-06,0.020221740007400513,-0.01371195912361145,0.008958172053098679,32,False,UNAVAILABLE,DISABLED,DISABLED,DISABLED,UNAVAILABLE,DISABLED
883,0.0026629839558154345,1.8484639667804004e-06,0.0188865065574646,0.008089959621429443,9.242319833902002e-07,0.0094432532787323,0.004044979810714722,0.016152141615748405,32,False,UNAVAILABLE,DISABLED,DISABLED,DISABLED,UNAVAILABLE,DISABLED
884,0.0020900412928313017,4.826179520023288e-06,0.0405275821685791,-0.030440807342529297,2.413089760011644e-06,0.02026379108428955,-0.015220403671264648,0.007135841995477676,32,False,UNAVAILABLE,DISABLED,DISABLED,DISABLED,UNAVAILABLE,DISABLED
885,0.0023250605445355177,5.684932602889603e-06,0.050806283950805664,-0.014508306980133057,2.8424663014448015e-06,0.025403141975402832,-0.007254153490066528,0.020476890727877617,32,False,UNAVAILABLE,DISABLED,DISABLED,DISABLED,UNAVAILABLE,DISABLED
886,0.0020404900424182415,4.203426215099171e-06,0.05139070749282837,-0.02532029151916504,2.1017131075495854e-06,0.025695353746414185,-0.01266014575958252,0.015077799558639526,32,False,UNAVAILABLE,DISABLED,DISABLED,DISABLED,UNAVAILABLE,DISABLED
887,0.0024352138862013817,3.468621343927225e-06,0.04243594408035278,-0.00041472911834716797,1.7343106719636125e-06,0.02121797204017639,-0.00020736455917358398,0.023447556421160698,32,False,UNAVAILABLE,DISABLED,DISABLED,DISABLED,UNAVAILABLE,DISABLED
888,0.0027002606075257063,4.172118678980041e-06,0.05884504318237305,0.010712504386901855,2.0860593394900206e-06,0.029422521591186523,0.005356252193450928,0.037481121718883514,32,False,UNAVAILABLE,DISABLED,DISABLED,DISABLED,UNAVAILABLE,DISABLED
889,0.0023044925183057785,2.1611285774270073e-06,0.021842658519744873,0.005630612373352051,1.0805642887135036e-06,0.010921329259872437,0.0028153061866760254,0.016042208299040794,32,False,UNAVAILABLE,DISABLED,DISABLED,DISABLED,UNAVAILABLE,DISABLED
890,0.0031042711343616247,3.5932494029111695e-06,0.03640460968017578,-0.06593114137649536,1.7966247014555847e-06,0.01820230484008789,-0.03296557068824768,-0.011657198891043663,32,False,UNAVAILABLE,DISABLED,DISABLED,DISABLED,UNAVAILABLE,DISABLED
891,0.0019492050632834435,2.424265176159679e-06,0.025086939334869385,-0.0232580304145813,1.2121325880798395e-06,0.012543469667434692,-0.01162901520729065,0.002864871174097061,32,False,UNAVAILABLE,DISABLED,DISABLED,DISABLED,UNAVAILABLE,DISABLED
892,0.004001528024673462,6.768879757146351e-06,0.10618633031845093,0.01306229829788208,3.3844398785731755e-06,0.053093165159225464,0.00653114914894104,0.06362922489643097,32,False,UNAVAILABLE,DISABLED,DISABLED,DISABLED,UNAVAILABLE,DISABLED
893,0.0018735906342044473,2.9802019980706973e-06,0.03300511837005615,-0.01596730947494507,1.4901009990353487e-06,0.016502559185028076,-0.007983654737472534,0.010393984615802765,32,False,UNAVAILABLE,DISABLED,DISABLED,DISABLED,UNAVAILABLE,DISABLED
894,0.002231935504823923,2.121667648680159e-06,0.026617348194122314,0.015793442726135254,1.0608338243400794e-06,0.013308674097061157,0.007896721363067627,0.02343839220702648,32,False,UNAVAILABLE,DISABLED,DISABLED,DISABLED,UNAVAILABLE,DISABLED
895,0.0034366261679679155,4.380322934594005e-06,0.05760115385055542,0.013171136379241943,2.1901614672970027e-06,0.02880057692527771,0.006585568189620972,0.038824960589408875,32,False,UNAVAILABLE,DISABLED,DISABLED,DISABLED,UNAVAILABLE,DISABLED
896,0.005070657469332218,2.101090103678871e-06,0.03513622283935547,-0.04549688100814819,1.0505450518394355e-06,0.017568111419677734,-0.022748440504074097,-0.00010862201452255249,32,False,UNAVAILABLE,DISABLED,DISABLED,DISABLED,UNAVAILABLE,DISABLED
897,0.0026760713662952185,4.054336386616342e-06,0.04073512554168701,0.02874016761779785,2.027168193308171e-06,0.020367562770843506,0.014370083808898926,0.03741574287414551,32,False,UNAVAILABLE,DISABLED,DISABLED,DISABLED,UNAVAILABLE,DISABLED
898,0.0027863322757184505,3.5638724966702284e-06,0.034012019634246826,-0.021935462951660156,1.7819362483351142e-06,0.017006009817123413,-0.010967731475830078,0.008826391771435738,32,False,UNAVAILABLE,DISABLED,DISABLED,DISABLED,UNAVAILABLE,DISABLED
899,0.0026344198267906904,3.027169668712304e-06,0.041086554527282715,-0.005197584629058838,1.513584834356152e-06,0.020543277263641357,-0.002598792314529419,0.020580418407917023,32,False,UNAVAILABLE,DISABLED,DISABLED,DISABLED,UNAVAILABLE,DISABLED
900,0.002273502526804805,5.348639660951449e-06,0.06601661443710327,-0.01606595516204834,2.6743198304757243e-06,0.033008307218551636,-0.00803297758102417,0.027251508086919785,32,False,UNAVAILABLE,DISABLED,DISABLED,DISABLED,UNAVAILABLE,DISABLED
901,0.0024315400514751673,4.484527835302288e-06,0.05180126428604126,0.017313838005065918,2.242263917651144e-06,0.02590063214302063,0.008656919002532959,0.036991335451602936,32,False,UNAVAILABLE,DISABLED,DISABLED,DISABLED,UNAVAILABLE,DISABLED
902,0.0024914683308452368,2.7652909011521842e-06,0.05152207612991333,-0.01869755983352661,1.3826454505760921e-06,0.025761038064956665,-0.009348779916763306,0.01890510879456997,32,False,UNAVAILABLE,DISABLED,DISABLED,DISABLED,UNAVAILABLE,DISABLED
903,0.0020202824380248785,2.1754476620117202e-06,0.020623326301574707,0.0004882216453552246,1.0877238310058601e-06,0.010311663150787354,0.0002441108226776123,0.012577144429087639,32,False,UNAVAILABLE,DISABLED,DISABLED,DISABLED,UNAVAILABLE,DISABLED
904,0.002035509329289198,3.304608071630355e-06,0.05994069576263428,-0.043726980686187744,1.6523040358151775e-06,0.02997034788131714,-0.021863490343093872,0.01014401763677597,32,False,UNAVAILABLE,DISABLED,DISABLED,DISABLED,UNAVAILABLE,DISABLED
905,0.003321313764899969,3.752083330255118e-06,0.042386770248413086,0.022045433521270752,1.876041665127559e-06,0.021193385124206543,0.011022716760635376,0.03553929179906845,32,False,UNAVAILABLE,DISABLED,DISABLED,DISABLED,UNAVAILABLE,DISABLED
906,0.0032494065817445517,2.6973111744155176e-06,0.05138212442398071,0.02038043737411499,1.3486555872077588e-06,0.025691062211990356,0.010190218687057495,0.03913203626871109,32,False,UNAVAILABLE,DISABLED,DISABLED,DISABLED,UNAVAILABLE,DISABLED
907,0.0019692312926054,3.936313078156672e-06,0.04997384548187256,-0.018495380878448486,1.968156539078336e-06,0.02498692274093628,-0.009247690439224243,0.017710432410240173,32,False,UNAVAILABLE,DISABLED,DISABLED,DISABLED,UNAVAILABLE,DISABLED
908,0.002455779816955328,2.3874933958722977e-06,0.031262874603271484,0.023170053958892822,1.1937466979361488e-06,0.015631437301635742,0.011585026979446411,0.029673438519239426,32,False,UNAVAILABLE,DISABLED,DISABLED,DISABLED,UNAVAILABLE,DISABLED
909,0.0034911432303488255,2.4003725229704287e-06,0.03255516290664673,-0.029488027095794678,1.2001862614852143e-06,0.016277581453323364,-0.014744013547897339,0.0050259120762348175,32,False,UNAVAILABLE,DISABLED,DISABLED,DISABLED,UNAVAILABLE,DISABLED
910,0.0036271540448069572,1.8769308098853799e-06,0.02429330348968506,-0.03864848613739014,9.384654049426899e-07,0.01214665174484253,-0.01932424306869507,-0.003549499437212944,32,False,UNAVAILABLE,DISABLED,DISABLED,DISABLED,UNAVAILABLE,DISABLED
911,0.14424213767051697,4.830852958548348e-06,0.049697935581207275,-0.009729564189910889,2.415426479274174e-06,0.024848967790603638,-0.004864782094955444,0.16422873735427856,32,False,UNAVAILABLE,DISABLED,DISABLED,DISABLED,UNAVAILABLE,DISABLED
912,0.0035704977344721556,3.056445621041348e-06,0.0793580412864685,0.03364419937133789,1.528222810520674e-06,0.03967902064323425,0.016822099685668945,0.06007314473390579,32,False,UNAVAILABLE,DISABLED,DISABLED,DISABLED,UNAVAILABLE,DISABLED
913,0.003077092580497265,2.9142331641196506e-06,0.029921233654022217,-0.03637540340423584,1.4571165820598253e-06,0.014960616827011108,-0.01818770170211792,-0.00014853477478027344,32,False,UNAVAILABLE,DISABLED,DISABLED,DISABLED,UNAVAILABLE,DISABLED
914,0.00275222584605217,3.83397537007113e-06,0.04543262720108032,-0.0004000067710876465,1.916987685035565e-06,0.02271631360054016,-0.00020000338554382324,0.025270452722907066,32,False,UNAVAILABLE,DISABLED,DISABLED,DISABLED,UNAVAILABLE,DISABLED
915,0.0025341694708913565,3.4032259463856462e-06,0.05649888515472412,-0.0672038197517395,1.7016129731928231e-06,0.02824944257736206,-0.03360190987586975,-0.0028165969997644424,32,False,UNAVAILABLE,DISABLED,DISABLED,DISABLED,UNAVAILABLE,DISABLED
916,0.003360689152032137,3.065011924263672e-06,0.04681074619293213,0.02042412757873535,1.532505962131836e-06,0.023405373096466064,0.010212063789367676,0.036979660391807556,32,False,UNAVAILABLE,DISABLED,DISABLED,DISABLED,UNAVAILABLE,DISABLED
917,0.003398446599021554,3.306390226498479e-06,0.04941380023956299,0.05874741077423096,1.6531951132492395e-06,0.024706900119781494,0.02937370538711548,0.05748070776462555,32,False,UNAVAILABLE,DISABLED,DISABLED,DISABLED,UNAVAILABLE,DISABLED
918,0.0037403868045657873,2.1283449314069003e-06,0.024136841297149658,-0.01743859052658081,1.0641724657034501e-06,0.012068420648574829,-0.008719295263290405,0.007090575993061066,32,False,UNAVAILABLE,DISABLED,DISABLED,DISABLED,UNAVAILABLE,DISABLED
919,0.003223132574930787,4.314576926844893e-06,0.06629085540771484,-0.08165621757507324,2.1572884634224465e-06,0.03314542770385742,-0.04082810878753662,-0.004457391798496246,32,False,UNAVAILABLE,DISABLED,DISABLED,DISABLED,UNAVAILABLE,DISABLED
920,0.002695568837225437,4.89252533952822e-06,0.054502010345458984,0.054376065731048584,2.44626266976411e-06,0.027251005172729492,0.027188032865524292,0.057137053459882736,32,False,UNAVAILABLE,DISABLED,DISABLED,DISABLED,UNAVAILABLE,DISABLED
921,0.007728617172688246,1.7351287624478573e-06,0.021625816822052002,-0.005203127861022949,8.675643812239286e-07,0.010812908411026001,-0.0026015639305114746,0.0159408301115036,32,False,UNAVAILABLE,DISABLED,DISABLED,DISABLED,UNAVAILABLE,DISABLED
922,0.00302115292288363,3.0221417546272278e-06,0.04003018140792847,-0.020156264305114746,1.5110708773136139e-06,0.020015090703964233,-0.010078132152557373,0.012959621846675873,32,False,UNAVAILABLE,DISABLED,DISABLED,DISABLED,UNAVAILABLE,DISABLED
923,0.10989108681678772,3.3097639970947057e-06,0.03441762924194336,-0.011178791522979736,1.6548819985473529e-06,0.01720881462097168,-0.005589395761489868,0.12151215970516205,32,False,UNAVAILABLE,DISABLED,DISABLED,DISABLED,UNAVAILABLE,DISABLED
924,0.0031676369253546,2.8329318411124405e-06,0.04157841205596924,0.021860063076019287,1.4164659205562202e-06,0.02078920602798462,0.010930031538009644,0.034888289868831635,32,False,UNAVAILABLE,DISABLED,DISABLED,DISABLED,UNAVAILABLE,DISABLED
925,0.0028784016612917185,4.89365902467398e-06,0.06786435842514038,0.014005482196807861,2.44682951233699e-06,0.03393217921257019,0.007002741098403931,0.043815769255161285,32,False,UNAVAILABLE,DISABLED,DISABLED,DISABLED,UNAVAILABLE,DISABLED
926,0.002586211310699582,2.9122991236363305e-06,0.03584009408950806,-0.06279575824737549,1.4561495618181652e-06,0.01792004704475403,-0.031397879123687744,-0.010890165343880653,32,False,UNAVAILABLE,DISABLED,DISABLED,DISABLED,UNAVAILABLE,DISABLED
927,0.0035393009893596172,2.911781848524697e-06,0.03649705648422241,0.006545007228851318,1.4558909242623486e-06,0.018248528242111206,0.003272503614425659,0.02506178803741932,32,False,UNAVAILABLE,DISABLED,DISABLED,DISABLED,UNAVAILABLE,DISABLED
928,0.0024346387945115566,3.6797005122934934e-06,0.045200347900390625,-0.051514387130737305,1.8398502561467467e-06,0.022600173950195312,-0.025757193565368652,-0.000720541924238205,32,False,UNAVAILABLE,DISABLED,DISABLED,DISABLED,UNAVAILABLE,DISABLED
929,0.002853174926713109,2.0718559881061083e-06,0.030494630336761475,-0.00844806432723999,1.0359279940530541e-06,0.015247315168380737,-0.004224032163619995,0.013877494260668755,32,False,UNAVAILABLE,DISABLED,DISABLED,DISABLED,UNAVAILABLE,DISABLED
930,0.00424328725785017,1.7519137145427521e-06,0.03160548210144043,-0.01488804817199707,8.759568572713761e-07,0.015802741050720215,-0.007444024085998535,0.012602880597114563,32,False,UNAVAILABLE,DISABLED,DISABLED,DISABLED,UNAVAILABLE,DISABLED
931,0.005497471429407597,4.139008524361998e-06,0.033597469329833984,-0.04617983102798462,2.069504262180999e-06,0.016798734664916992,-0.02308991551399231,-0.0007916390895843506,32,False,UNAVAILABLE,DISABLED,DISABLED,DISABLED,UNAVAILABLE,DISABLED
932,0.0021292914170771837,2.892161546697025e-06,0.039716243743896484,-0.02221447229385376,1.4460807733485126e-06,0.019858121871948242,-0.01110723614692688,0.01088162325322628,32,False,UNAVAILABLE,DISABLED,DISABLED,DISABLED,UNAVAILABLE,DISABLED
933,0.002565683564171195,3.1610663882020162e-06,0.06273925304412842,0.026236355304718018,1.5805331941010081e-06,0.03136962652206421,0.013118177652359009,0.047055069357156754,32,False,UNAVAILABLE,DISABLED,DISABLED,DISABLED,UNAVAILABLE,DISABLED
934,0.006065387278795242,1.8606164076118148e-06,0.030604660511016846,0.015906929969787598,9.303082038059074e-07,0.015302330255508423,0.007953464984893799,0.02932211384177208,32,False,UNAVAILABLE,DISABLED,DISABLED,DISABLED,UNAVAILABLE,DISABLED
935,0.0025980218779295683,2.1659204776369734e-06,0.023402392864227295,0.026898622512817383,1.0829602388184867e-06,0.011701196432113647,0.013449311256408691,0.02774961292743683,32,False,UNAVAILABLE,DISABLED,DISABLED,DISABLED,UNAVAILABLE,DISABLED
936,0.0033295643515884876,2.8140605081716785e-06,0.0331767201423645,-0.01068723201751709,1.4070302540858393e-06,0.01658836007118225,-0.005343616008758545,0.014575716108083725,32,False,UNAVAILABLE,DISABLED,DISABLED,DISABLED,UNAVAILABLE,DISABLED
937,0.004267123527824879,1.5775366364323418e-06,0.020720481872558594,0.0026001334190368652,7.887683182161709e-07,0.010360240936279297,0.0013000667095184326,0.015928220003843307,32,False,UNAVAILABLE,DISABLED,DISABLED,DISABLED,UNAVAILABLE,DISABLED
938,0.0037610973231494427,7.467711384379072e-06,0.10332781076431274,-0.023827016353607178,3.733855692189536e-06,0.05166390538215637,-0.011913508176803589,0.04351522773504257,32,False,UNAVAILABLE,DISABLED,DISABLED,DISABLED,UNAVAILABLE,DISABLED
939,0.0024200205225497484,7.828056368452962e-06,0.13819140195846558,-0.07640153169631958,3.914028184226481e-06,0.06909570097923279,-0.03820076584815979,0.03331886976957321,32,False,UNAVAILABLE,DISABLED,DISABLED,DISABLED,UNAVAILABLE,DISABLED
940,0.007767862174659967,2.5916870072251186e-06,0.04413950443267822,-0.0176427960395813,1.2958435036125593e-06,0.02206975221633911,-0.00882139801979065,0.021017512306571007,32,False,UNAVAILABLE,DISABLED,DISABLED,DISABLED,UNAVAILABLE,DISABLED
941,0.003424006514251232,3.3664030070212903e-06,0.053687095642089844,0.02220940589904785,1.6832015035106451e-06,0.026843547821044922,0.011104702949523926,0.04137393832206726,32,False,UNAVAILABLE,DISABLED,DISABLED,DISABLED,UNAVAILABLE,DISABLED
942,0.0048393141478300095,1.6151590216395562e-06,0.02178323268890381,-0.03633579611778259,8.075795108197781e-07,0.010891616344451904,-0.018167898058891296,-0.0024361610412597656,32,False,UNAVAILABLE,DISABLED,DISABLED,DISABLED,UNAVAILABLE,DISABLED
943,0.0049217380583286285,4.7957537390175276e-06,0.08963191509246826,0.022978931665420532,2.3978768695087638e-06,0.04481595754623413,0.011489465832710266,0.061229560524225235,32,False,UNAVAILABLE,DISABLED,DISABLED,DISABLED,UNAVAILABLE,DISABLED
944,0.003941080998629332,5.4745796660427e-06,0.05354416370391846,0.048819899559020996,2.73728983302135e-06,0.02677208185195923,0.024409949779510498,0.055125847458839417,32,False,UNAVAILABLE,DISABLED,DISABLED,DISABLED,UNAVAILABLE,DISABLED
945,0.003708355827257037,2.3001632598607102e-06,0.041696250438690186,-0.028431415557861328,1.1500816299303551e-06,0.020848125219345093,-0.014215707778930664,0.01034192368388176,32,False,UNAVAILABLE,DISABLED,DISABLED,DISABLED,UNAVAILABLE,DISABLED
946,0.0049583991058170795,4.293541678634938e-06,0.06893765926361084,-0.01877996325492859,2.146770839317469e-06,0.03446882963180542,-0.009389981627464294,0.030039392411708832,32,False,UNAVAILABLE,DISABLED,DISABLED,DISABLED,UNAVAILABLE,DISABLED
947,0.006216369103640318,4.414025625010254e-06,0.0505526065826416,0.01580408215522766,2.207012812505127e-06,0.0252763032913208,0.00790204107761383,0.039396919310092926,32,False,UNAVAILABLE,DISABLED,DISABLED,DISABLED,UNAVAILABLE,DISABLED
948,0.003015300491824746,4.896044174529379e-06,0.08551204204559326,-0.02086395025253296,2.4480220872646896e-06,0.04275602102279663,-0.01043197512626648,0.03534179553389549,32,False,UNAVAILABLE,DISABLED,DISABLED,DISABLED,UNAVAILABLE,DISABLED
949,0.005839603487402201,3.4355050502199447e-06,0.040469229221343994,-0.09088397026062012,1.7177525251099723e-06,0.020234614610671997,-0.04544198513031006,-0.019366048276424408,32,False,UNAVAILABLE,DISABLED,DISABLED,DISABLED,UNAVAILABLE,DISABLED
950,0.0022575517650693655,2.1662212930095848e-06,0.025087416172027588,0.0015570521354675293,1.0831106465047924e-06,0.012543708086013794,0.0007785260677337646,0.015580869279801846,32,False,UNAVAILABLE,DISABLED,DISABLED,DISABLED,UNAVAILABLE,DISABLED
951,0.003807783592492342,7.443534286721842e-06,0.07616335153579712,-0.002536475658416748,3.721767143360921e-06,0.03808167576789856,-0.001268237829208374,0.040624942630529404,32,False,UNAVAILABLE,DISABLED,DISABLED,DISABLED,UNAVAILABLE,DISABLED
952,0.005355234257876873,2.497776222298853e-06,0.04044234752655029,0.03877192735671997,1.2488881111494265e-06,0.020221173763275146,0.019385963678359985,0.044963620603084564,32,False,UNAVAILABLE,DISABLED,DISABLED,DISABLED,UNAVAILABLE,DISABLED
953,0.0063179368153214455,3.218776100766263e-06,0.03112959861755371,0.027069568634033203,1.6093880503831315e-06,0.015564799308776855,0.013534784317016602,0.03541912883520126,32,False,UNAVAILABLE,DISABLED,DISABLED,DISABLED,UNAVAILABLE,DISABLED
954,0.009221618995070457,4.6659856707265135e-06,0.05474412441253662,-0.07244214415550232,2.3329928353632567e-06,0.02737206220626831,-0.03622107207775116,0.0003749430179595947,32,False,UNAVAILABLE,DISABLED,DISABLED,DISABLED,UNAVAILABLE,DISABLED
955,0.05934835970401764,1.8533868342274218e-06,0.030163824558258057,-0.006025075912475586,9.266934171137109e-07,0.015081912279129028,-0.003012537956237793,0.0714186578989029,32,False,UNAVAILABLE,DISABLED,DISABLED,DISABLED,UNAVAILABLE,DISABLED
956,0.004703705199062824,1.4788914768359973e-06,0.022227585315704346,0.009535670280456543,7.394457384179987e-07,0.011113792657852173,0.0047678351402282715,0.020586073398590088,32,False,UNAVAILABLE,DISABLED,DISABLED,DISABLED,UNAVAILABLE,DISABLED
957,0.0030271420255303383,3.979896064265631e-06,0.06102180480957031,-0.035706669092178345,1.9899480321328156e-06,0.030510902404785156,-0.017853334546089172,0.015686698257923126,32,False,UNAVAILABLE,DISABLED,DISABLED,DISABLED,UNAVAILABLE,DISABLED
958,0.011015255004167557,2.1109269709995715e-06,0.033686041831970215,-0.03745192289352417,1.0554634854997857e-06,0.016843020915985107,-0.018725961446762085,0.009133368730545044,32,False,UNAVAILABLE,DISABLED,DISABLED,DISABLED,UNAVAILABLE,DISABLED
959,0.005082105752080679,3.8126393064885633e-06,0.08336329460144043,-0.032635509967803955,1.9063196532442817e-06,0.041681647300720215,-0.016317754983901978,0.030447904020547867,32,False,UNAVAILABLE,DISABLED,DISABLED,DISABLED,UNAVAILABLE,DISABLED
960,0.003132833633571863,3.5719699553737883e-06,0.04324471950531006,-0.028895139694213867,1.7859849776868941e-06,0.02162235975265503,-0.014447569847106934,0.010309409350156784,32,False,UNAVAILABLE,DISABLED,DISABLED,DISABLED,UNAVAILABLE,DISABLED
961,0.003401186317205429,3.191745690855896e-06,0.058061957359313965,-0.07949277758598328,1.595872845427948e-06,0.029030978679656982,-0.03974638879299164,-0.007312629371881485,32,False,UNAVAILABLE,DISABLED,DISABLED,DISABLED,UNAVAILABLE,DISABLED
962,0.003669991157948971,3.543683988027624e-06,0.056075334548950195,0.07769200205802917,1.771841994013812e-06,0.028037667274475098,0.03884600102901459,0.0705554336309433,32,False,UNAVAILABLE,DISABLED,DISABLED,DISABLED,UNAVAILABLE,DISABLED
963,0.00397453922778368,3.6423882647795836e-06,0.07174515724182129,-0.08238202333450317,1.8211941323897918e-06,0.035872578620910645,-0.04119101166725159,-0.0013420730829238892,32,False,UNAVAILABLE,DISABLED,DISABLED,DISABLED,UNAVAILABLE,DISABLED
964,0.0038259336724877357,4.359157173894346e-06,0.07662737369537354,0.01771828532218933,2.179578586947173e-06,0.03831368684768677,0.008859142661094666,0.051000941544771194,32,False,UNAVAILABLE,DISABLED,DISABLED,DISABLED,UNAVAILABLE,DISABLED
965,0.00397476414218545,3.190998313584714e-06,0.04062235355377197,-0.04592278599739075,1.595499156792357e-06,0.020311176776885986,-0.022961392998695374,0.001326143741607666,32,False,UNAVAILABLE,DISABLED,DISABLED,DISABLED,UNAVAILABLE,DISABLED
966,0.0033709947019815445,3.324418685224373e-06,0.06376492977142334,-0.03359571099281311,1.6622093426121864e-06,0.03188246488571167,-0.016797855496406555,0.018457267433404922,32,False,UNAVAILABLE,DISABLED,DISABLED,DISABLED,UNAVAILABLE,DISABLED
967,0.0028079557232558727,3.4189301914011594e-06,0.02873098850250244,-0.0056348443031311035,1.7094650957005797e-06,0.01436549425125122,-0.0028174221515655518,0.014357738196849823,32,False,UNAVAILABLE,DISABLED,DISABLED,DISABLED,UNAVAILABLE,DISABLED
968,0.004227106459438801,3.3490553050796734e-06,0.03056502342224121,0.039925605058670044,1.6745276525398367e-06,0.015282511711120605,0.019962802529335022,0.03947409614920616,32,False,UNAVAILABLE,DISABLED,DISABLED,DISABLED,UNAVAILABLE,DISABLED
969,0.0029917981009930372,2.7271803446637932e-06,0.03441494703292847,-0.00830337405204773,1.3635901723318966e-06,0.017207473516464233,-0.004151687026023865,0.01604894921183586,32,False,UNAVAILABLE,DISABLED,DISABLED,DISABLED,UNAVAILABLE,DISABLED
970,0.004093076568096876,3.1339970973931486e-06,0.03757363557815552,0.016014575958251953,1.5669985486965743e-06,0.01878681778907776,0.008007287979125977,0.030888749286532402,32,False,UNAVAILABLE,DISABLED,DISABLED,DISABLED,UNAVAILABLE,DISABLED
971,0.002649713074788451,5.271073860058095e-06,0.1102609634399414,-0.019118309020996094,2.6355369300290477e-06,0.0551304817199707,-0.009559154510498047,0.048223674297332764,32,False,UNAVAILABLE,DISABLED,DISABLED,DISABLED,UNAVAILABLE,DISABLED
972,0.0023616314865648746,4.916313173453091e-06,0.05642688274383545,0.012101024389266968,2.4581565867265454e-06,0.028213441371917725,0.006050512194633484,0.03662804514169693,32,False,UNAVAILABLE,DISABLED,DISABLED,DISABLED,UNAVAILABLE,DISABLED
973,0.07353755831718445,2.699085825952352e-06,0.03783416748046875,-0.05465155839920044,1.349542912976176e-06,0.018917083740234375,-0.02732577919960022,0.06513021141290665,32,False,UNAVAILABLE,DISABLED,DISABLED,DISABLED,UNAVAILABLE,DISABLED
974,0.003898689989000559,3.4121305816370295e-06,0.05863630771636963,-0.04276809096336365,1.7060652908185148e-06,0.029318153858184814,-0.021384045481681824,0.011834505945444107,32,False,UNAVAILABLE,DISABLED,DISABLED,DISABLED,UNAVAILABLE,DISABLED
975,0.0030079151038080454,3.2935918170551304e-06,0.04397159814834595,-0.05477309226989746,1.6467959085275652e-06,0.021985799074172974,-0.02738654613494873,-0.002391185611486435,32,False,UNAVAILABLE,DISABLED,DISABLED,DISABLED,UNAVAILABLE,DISABLED
976,0.0028094430454075336,2.782737510642619e-06,0.04018038511276245,-0.020483285188674927,1.3913687553213094e-06,0.020090192556381226,-0.010241642594337463,0.012659383937716484,32,False,UNAVAILABLE,DISABLED,DISABLED,DISABLED,UNAVAILABLE,DISABLED
977,0.0037460592575371265,2.3976006104931002e-06,0.03305119276046753,0.03432023525238037,1.1988003052465501e-06,0.016525596380233765,0.017160117626190186,0.037432972341775894,32,False,UNAVAILABLE,DISABLED,DISABLED,DISABLED,UNAVAILABLE,DISABLED
978,0.0032340444158762693,1.8718857290878077e-06,0.019084036350250244,-0.024384379386901855,9.359428645439039e-07,0.009542018175125122,-0.012192189693450928,0.0005848091095685959,32,False,UNAVAILABLE,DISABLED,DISABLED,DISABLED,UNAVAILABLE,DISABLED
979,0.003315773094072938,2.328419668629067e-06,0.030981063842773438,-0.023687511682510376,1.1642098343145335e-06,0.015490531921386719,-0.011843755841255188,0.006963713094592094,32,False,UNAVAILABLE,DISABLED,DISABLED,DISABLED,UNAVAILABLE,DISABLED
980,0.0036282208748161793,2.731481117734802e-06,0.04528450965881348,0.0006304681301116943,1.365740558867401e-06,0.02264225482940674,0.00031523406505584717,0.026587076485157013,32,False,UNAVAILABLE,DISABLED,DISABLED,DISABLED,UNAVAILABLE,DISABLED
981,0.0027128637302666903,3.0159180823829956e-06,0.04413032531738281,-0.09237852692604065,1.5079590411914978e-06,0.022065162658691406,-0.046189263463020325,-0.02140972949564457,32,False,UNAVAILABLE,DISABLED,DISABLED,DISABLED,UNAVAILABLE,DISABLED
982,0.0035540293902158737,5.264045739750145e-06,0.05875849723815918,-0.04612722992897034,2.6320228698750725e-06,0.02937924861907959,-0.02306361496448517,0.009872294962406158,32,False,UNAVAILABLE,DISABLED,DISABLED,DISABLED,UNAVAILABLE,DISABLED
983,0.002976391464471817,3.0110352327028522e-06,0.047606825828552246,0.020699888467788696,1.5055176163514261e-06,0.023803412914276123,0.010349944233894348,0.03713125362992287,32,False,UNAVAILABLE,DISABLED,DISABLED,DISABLED,UNAVAILABLE,DISABLED
984,0.0037328226026147604,3.0681542284582974e-06,0.040356218814849854,-0.04188603162765503,1.5340771142291487e-06,0.020178109407424927,-0.020943015813827515,0.0029694512486457825,32,False,UNAVAILABLE,DISABLED,DISABLED,DISABLED,UNAVAILABLE,DISABLED
985,0.002904673805460334,2.643217158038169e-06,0.03748679161071777,-0.06824028491973877,1.3216085790190846e-06,0.018743395805358887,-0.034120142459869385,-0.012470752000808716,32,False,UNAVAILABLE,DISABLED,DISABLED,DISABLED,UNAVAILABLE,DISABLED
986,0.0033657634630799294,2.0255495201126905e-06,0.027449369430541992,-0.010546177625656128,1.0127747600563453e-06,0.013724684715270996,-0.005273088812828064,0.011818371713161469,32,False,UNAVAILABLE,DISABLED,DISABLED,DISABLED,UNAVAILABLE,DISABLED
987,0.003324541263282299,1.7173756532429252e-06,0.02499169111251831,0.04048311710357666,8.586878266214626e-07,0.012495845556259155,0.02024155855178833,0.036062803119421005,32,False,UNAVAILABLE,DISABLED,DISABLED,DISABLED,UNAVAILABLE,DISABLED
988,0.0036921200808137655,2.777205963866436e-06,0.03685182332992554,0.0022062063217163086,1.388602981933218e-06,0.01842591166496277,0.0011031031608581543,0.02322252281010151,32,False,UNAVAILABLE,DISABLED,DISABLED,DISABLED,UNAVAILABLE,DISABLED
989,0.004482418764382601,3.2427749374619452e-06,0.06693172454833984,-0.006361156702041626,1.6213874687309726e-06,0.03346586227416992,-0.003180578351020813,0.03476932272315025,32,False,UNAVAILABLE,DISABLED,DISABLED,DISABLED,UNAVAILABLE,DISABLED
990,0.004450015723705292,3.3365081435476895e-06,0.04104793071746826,0.008756399154663086,1.6682540717738448e-06,0.02052396535873413,0.004378199577331543,0.029353849589824677,32,False,UNAVAILABLE,DISABLED,DISABLED,DISABLED,UNAVAILABLE,DISABLED
991,0.002554391510784626,2.954074716399191e-06,0.04314577579498291,-0.052359044551849365,1.4770373581995955e-06,0.021572887897491455,-0.026179522275924683,-0.0020507648587226868,32,False,UNAVAILABLE,DISABLED,DISABLED,DISABLED,UNAVAILABLE,DISABLED
992,0.002566754585132003,5.919300292589469e-06,0.05980885028839111,-0.04246959090232849,2.9596501462947344e-06,0.029904425144195557,-0.021234795451164246,0.011239342391490936,32,False,UNAVAILABLE,DISABLED,DISABLED,DISABLED,UNAVAILABLE,DISABLED
993,0.005995368119329214,4.939518021274125e-06,0.051348865032196045,-0.059562861919403076,2.4697590106370626e-06,0.025674432516098022,-0.029781430959701538,0.0018908381462097168,32,False,UNAVAILABLE,DISABLED,DISABLED,DISABLED,UNAVAILABLE,DISABLED
994,0.0030601227190345526,1.537335037937737e-06,0.022546112537384033,-0.02709081768989563,7.686675189688685e-07,0.011273056268692017,-0.013545408844947815,0.0007885387167334557,32,False,UNAVAILABLE,DISABLED,DISABLED,DISABLED,UNAVAILABLE,DISABLED
995,0.002591510536149144,3.842500973405549e-06,0.06024885177612305,-0.07198968529701233,1.9212504867027747e-06,0.030124425888061523,-0.035994842648506165,-0.003276985138654709,32,False,UNAVAILABLE,DISABLED,DISABLED,DISABLED,UNAVAILABLE,DISABLED
996,0.00316799059510231,2.1792495772388065e-06,0.031779348850250244,-0.030336648225784302,1.0896247886194033e-06,0.015889674425125122,-0.015168324112892151,0.0038904305547475815,32,False,UNAVAILABLE,DISABLED,DISABLED,DISABLED,UNAVAILABLE,DISABLED
997,0.004226061515510082,2.364268993915175e-06,0.04149383306503296,0.019275248050689697,1.1821344969575875e-06,0.02074691653251648,0.009637624025344849,0.0346117839217186,32,False,UNAVAILABLE,DISABLED,DISABLED,DISABLED,UNAVAILABLE,DISABLED
998,0.003554000286385417,3.3485684980405495e-06,0.041910767555236816,-0.01416236162185669,1.6742842490202747e-06,0.020955383777618408,-0.007081180810928345,0.017429877072572708,32,False,UNAVAILABLE,DISABLED,DISABLED,DISABLED,UNAVAILABLE,DISABLED
999,0.0040307966992259026,3.692264044730109e-06,0.05679112672805786,-0.03909724950790405,1.8461320223650546e-06,0.02839556336402893,-0.019548624753952026,0.01287958025932312,32,False,UNAVAILABLE,DISABLED,DISABLED,DISABLED,UNAVAILABLE,DISABLED
1000,0.003142430679872632,4.175781214144081e-06,0.05781662464141846,-0.006732553243637085,2.0878906070720404e-06,0.02890831232070923,-0.0033662766218185425,0.028686553239822388,32,False,UNAVAILABLE,DISABLED,DISABLED,DISABLED,UNAVAILABLE,DISABLED
1001,0.003797819372266531,3.097918124694843e-06,0.03460264205932617,-0.06796608865261078,1.5489590623474214e-06,0.017301321029663086,-0.03398304432630539,-0.012882355600595474,32,False,UNAVAILABLE,DISABLED,DISABLED,DISABLED,UNAVAILABLE,DISABLED
1002,0.002780928974971175,2.4742521418374963e-06,0.03512299060821533,-0.004598498344421387,1.2371260709187482e-06,0.017561495304107666,-0.0022992491722106934,0.01804441213607788,32,False,UNAVAILABLE,DISABLED,DISABLED,DISABLED,UNAVAILABLE,DISABLED
1003,0.0034474232234060764,3.3707888178469148e-06,0.02883625030517578,-0.025943458080291748,1.6853944089234574e-06,0.01441812515258789,-0.012971729040145874,0.00489550456404686,32,False,UNAVAILABLE,DISABLED,DISABLED,DISABLED,UNAVAILABLE,DISABLED
1004,0.0036357822827994823,2.9874152005504584e-06,0.03179335594177246,-0.04435567557811737,1.4937076002752292e-06,0.01589667797088623,-0.022177837789058685,-0.002643883228302002,32,False,UNAVAILABLE,DISABLED,DISABLED,DISABLED,UNAVAILABLE,DISABLED
1005,0.00607092771679163,2.8583895073097665e-06,0.03367161750793457,-0.06243458390235901,1.4291947536548832e-06,0.016835808753967285,-0.031217291951179504,-0.008309125900268555,32,False,UNAVAILABLE,DISABLED,DISABLED,DISABLED,UNAVAILABLE,DISABLED
1006,0.005080822389572859,2.585098854979151e-06,0.04226785898208618,-0.010915279388427734,1.2925494274895755e-06,0.02113392949104309,-0.005457639694213867,0.020758405327796936,32,False,UNAVAILABLE,DISABLED,DISABLED,DISABLED,UNAVAILABLE,DISABLED
1007,0.0037566779647022486,2.3507668629463296e-06,0.024497628211975098,-0.016529053449630737,1.1753834314731648e-06,0.012248814105987549,-0.008264526724815369,0.00774214044213295,32,False,UNAVAILABLE,DISABLED,DISABLED,DISABLED,UNAVAILABLE,DISABLED
1008,0.00355807738378644,2.3295817754842574e-06,0.04092133045196533,-0.06239277124404907,1.1647908877421287e-06,0.020460665225982666,-0.031196385622024536,-0.007176477462053299,32,False,UNAVAILABLE,DISABLED,DISABLED,DISABLED,UNAVAILABLE,DISABLED
1009,0.004065190441906452,4.015390459244372e-06,0.06080061197280884,-0.04029467701911926,2.007695229622186e-06,0.03040030598640442,-0.02014733850955963,0.014320164918899536,32,False,UNAVAILABLE,DISABLED,DISABLED,DISABLED,UNAVAILABLE,DISABLED
1010,0.003149721072986722,3.6228293538442813e-06,0.07046520709991455,-0.08985695242881775,1.8114146769221406e-06,0.035232603549957275,-0.044928476214408875,-0.006544340401887894,32,False,UNAVAILABLE,DISABLED,DISABLED,DISABLED,UNAVAILABLE,DISABLED
1011,0.0037680710665881634,1.8017426555161364e-06,0.018848896026611328,-0.06846141815185547,9.008713277580682e-07,0.009424448013305664,-0.034230709075927734,-0.021037288010120392,32,False,UNAVAILABLE,DISABLED,DISABLED,DISABLED,UNAVAILABLE,DISABLED
1012,0.004122748970985413,3.1993406537367264e-06,0.024249136447906494,-0.045544326305389404,1.5996703268683632e-06,0.012124568223953247,-0.022772163152694702,-0.006523245945572853,32,False,UNAVAILABLE,DISABLED,DISABLED,DISABLED,UNAVAILABLE,DISABLED
1013,0.005045769270509481,2.846607912943e-06,0.026780128479003906,-0.048891082406044006,1.4233039564715e-06,0.013390064239501953,-0.024445541203022003,-0.006008284166455269,32,False,UNAVAILABLE,DISABLED,DISABLED,DISABLED,UNAVAILABLE,DISABLED
1014,0.005384252872318029,3.2086243209050735e-06,0.05101829767227173,-0.0746932327747345,1.6043121604525368e-06,0.025509148836135864,-0.03734661638736725,-0.00645161047577858,32,False,UNAVAILABLE,DISABLED,DISABLED,DISABLED,UNAVAILABLE,DISABLED
1015,0.004193399101495743,2.9224979698483367e-06,0.03948789834976196,-0.03149068355560303,1.4612489849241683e-06,0.01974394917488098,-0.015745341777801514,0.008193466812372208,32,False,UNAVAILABLE,DISABLED,DISABLED,DISABLED,UNAVAILABLE,DISABLED
1016,0.003675945335999131,3.6992125842516543e-06,0.06159895658493042,-0.0478954017162323,1.8496062921258272e-06,0.03079947829246521,-0.02394770085811615,0.010529574006795883,32,False,UNAVAILABLE,DISABLED,DISABLED,DISABLED,UNAVAILABLE,DISABLED
1017,0.003946555312722921,2.5965357508539455e-06,0.03393411636352539,-0.0702023059129715,1.2982678754269728e-06,0.016967058181762695,-0.03510115295648575,-0.01418624073266983,32,False,UNAVAILABLE,DISABLED,DISABLED,DISABLED,UNAVAILABLE,DISABLED
1018,0.003681950271129608,3.232485369153437e-06,0.04112601280212402,-0.05299179255962372,1.6162426845767186e-06,0.02056300640106201,-0.02649589627981186,-0.002249322831630707,32,False,UNAVAILABLE,DISABLED,DISABLED,DISABLED,UNAVAILABLE,DISABLED
1019,0.0049963463097810745,5.084638360131066e-06,0.05500286817550659,-0.03415580093860626,2.542319180065533e-06,0.027501434087753296,-0.01707790046930313,0.01542242243885994,32,False,UNAVAILABLE,DISABLED,DISABLED,DISABLED,UNAVAILABLE,DISABLED
1020,0.0064628212712705135,5.030932243244024e-06,0.07133877277374268,-0.08984529972076416,2.515466121622012e-06,0.03566938638687134,-0.04492264986038208,-0.0027879253029823303,32,False,UNAVAILABLE,DISABLED,DISABLED,DISABLED,UNAVAILABLE,DISABLED
1021,0.005032051354646683,3.0493808935716515e-06,0.030302703380584717,-0.06355918943881989,1.5246904467858258e-06,0.015151351690292358,-0.03177959471940994,-0.01159466803073883,32,False,UNAVAILABLE,DISABLED,DISABLED,DISABLED,UNAVAILABLE,DISABLED
1022,0.01078815571963787,4.991580226487713e-06,0.08446723222732544,-0.10919433832168579,2.4957901132438565e-06,0.04223361611366272,-0.054597169160842896,-0.0015728995203971863,32,False,UNAVAILABLE,DISABLED,DISABLED,DISABLED,UNAVAILABLE,DISABLED
1023,0.00471674557775259,3.3619160149100935e-06,0.038050949573516846,-0.07297533750534058,1.6809580074550468e-06,0.019025474786758423,-0.03648766875267029,-0.012743767350912094,32,False,UNAVAILABLE,DISABLED,DISABLED,DISABLED,UNAVAILABLE,DISABLED
1024,0.003979469649493694,2.3803017938917037e-06,0.027707397937774658,-0.013118624687194824,1.1901508969458519e-06,0.013853698968887329,-0.006559312343597412,0.011275045573711395,32,False,UNAVAILABLE,DISABLED,DISABLED,DISABLED,UNAVAILABLE,DISABLED
1025,0.005445267539471388,2.751955662461114e-06,0.03189355134963989,-0.0630401223897934,1.375977831230557e-06,0.015946775674819946,-0.0315200611948967,-0.010126642882823944,32,False,UNAVAILABLE,DISABLED,DISABLED,DISABLED,UNAVAILABLE,DISABLED
1026,0.008398142643272877,4.459290266822791e-06,0.04562872648239136,-0.07049082219600677,2.2296451334113954e-06,0.02281436324119568,-0.03524541109800339,-0.004030674695968628,32,False,UNAVAILABLE,DISABLED,DISABLED,DISABLED,UNAVAILABLE,DISABLED
1027,0.00425642728805542,1.8183976635555155e-06,0.024946272373199463,-0.052845150232315063,9.091988317777577e-07,0.012473136186599731,-0.026422575116157532,-0.009692102670669556,32,False,UNAVAILABLE,DISABLED,DISABLED,DISABLED,UNAVAILABLE,DISABLED
1028,0.00863342359662056,3.832468337350292e-06,0.05155062675476074,-0.09456631541252136,1.916234168675146e-06,0.02577531337738037,-0.04728315770626068,-0.012872502207756042,32,False,UNAVAILABLE,DISABLED,DISABLED,DISABLED,UNAVAILABLE,DISABLED
1029,0.008476602844893932,2.4723208298382815e-06,0.02758920192718506,-0.04250490665435791,1.2361604149191407e-06,0.01379460096359253,-0.021252453327178955,0.0010199863463640213,32,False,UNAVAILABLE,DISABLED,DISABLED,DISABLED,UNAVAILABLE,DISABLED
1030,0.010897813364863396,2.4630073767184513e-06,0.037356793880462646,-0.0946723073720932,1.2315036883592256e-06,0.018678396940231323,-0.0473361536860466,-0.01775871217250824,32,False,UNAVAILABLE,DISABLED,DISABLED,DISABLED,UNAVAILABLE,DISABLED
1031,0.004566627088934183,3.751805706997402e-06,0.0827832818031311,-0.08710786700248718,1.875902853498701e-06,0.04139164090156555,-0.04355393350124359,0.002406209707260132,32,False,UNAVAILABLE,DISABLED,DISABLED,DISABLED,UNAVAILABLE,DISABLED
1032,0.003960381727665663,4.062889274791814e-06,0.05126488208770752,-0.03198319673538208,2.031444637395907e-06,0.02563244104385376,-0.01599159836769104,0.013603255152702332,32,False,UNAVAILABLE,DISABLED,DISABLED,DISABLED,UNAVAILABLE,DISABLED
1033,0.01093722227960825,3.7801491998834535e-06,0.059225499629974365,-0.0980360209941864,1.8900745999417268e-06,0.029612749814987183,-0.0490180104970932,-0.008466146886348724,32,False,UNAVAILABLE,DISABLED,DISABLED,DISABLED,UNAVAILABLE,DISABLED
1034,0.007906412705779076,3.7447514387167757e-06,0.04195660352706909,-0.06477367877960205,1.8723757193583879e-06,0.020978301763534546,-0.032386839389801025,-0.0035002529621124268,32,False,UNAVAILABLE,DISABLED,DISABLED,DISABLED,UNAVAILABLE,DISABLED
1035,0.006161800120025873,3.2497225674887886e-06,0.033003389835357666,-0.05550253391265869,1.6248612837443943e-06,0.016501694917678833,-0.027751266956329346,-0.005086146295070648,32,False,UNAVAILABLE,DISABLED,DISABLED,DISABLED,UNAVAILABLE,DISABLED
1036,0.007039465941488743,4.17316960010794e-06,0.05918586254119873,-0.08089223504066467,2.08658480005397e-06,0.029592931270599365,-0.040446117520332336,-0.0038116350769996643,32,False,UNAVAILABLE,DISABLED,DISABLED,DISABLED,UNAVAILABLE,DISABLED
1037,0.005924538243561983,2.607918304420309e-06,0.032893478870391846,-0.07238969206809998,1.3039591522101546e-06,0.016446739435195923,-0.03619484603404999,-0.013822264969348907,32,False,UNAVAILABLE,DISABLED,DISABLED,DISABLED,UNAVAILABLE,DISABLED
1038,0.005036561284214258,3.125698640360497e-06,0.03345334529876709,-0.07519736886024475,1.5628493201802485e-06,0.016726672649383545,-0.037598684430122375,-0.015833888202905655,32,False,UNAVAILABLE,DISABLED,DISABLED,DISABLED,UNAVAILABLE,DISABLED
1039,0.010178319178521633,4.74983744425117e-06,0.05728834867477417,-0.09038054943084717,2.374918722125585e-06,0.028644174337387085,-0.045190274715423584,-0.006365407258272171,32,False,UNAVAILABLE,DISABLED,DISABLED,DISABLED,UNAVAILABLE,DISABLED
1040,0.0125796003267169,4.737846211355645e-06,0.07600414752960205,-0.08936676383018494,2.3689231056778226e-06,0.038002073764801025,-0.04468338191509247,0.005900662392377853,32,False,UNAVAILABLE,DISABLED,DISABLED,DISABLED,UNAVAILABLE,DISABLED
1041,0.004676715470850468,2.533786073399824e-06,0.03702729940414429,-0.07422342896461487,1.266893036699912e-06,0.018513649702072144,-0.037111714482307434,-0.013920081779360771,32,False,UNAVAILABLE,DISABLED,DISABLED,DISABLED,UNAVAILABLE,DISABLED
1042,0.00856040045619011,9.613634574634489e-06,0.14702755212783813,-0.0953025072813034,4.806817287317244e-06,0.07351377606391907,-0.0476512536406517,0.03442773222923279,32,False,UNAVAILABLE,DISABLED,DISABLED,DISABLED,UNAVAILABLE,DISABLED
1043,0.005634008906781673,3.6392334550328087e-06,0.050157248973846436,-0.06458649039268494,1.8196167275164044e-06,0.025078624486923218,-0.03229324519634247,-0.001578792929649353,32,False,UNAVAILABLE,DISABLED,DISABLED,DISABLED,UNAVAILABLE,DISABLED
1044,0.012023115530610085,3.7828140193596482e-06,0.04454982280731201,-0.07961991429328918,1.8914070096798241e-06,0.022274911403656006,-0.03980995714664459,-0.0055100396275520325,32,False,UNAVAILABLE,DISABLED,DISABLED,DISABLED,UNAVAILABLE,DISABLED
1045,0.00653373496606946,3.3184996937052347e-06,0.0398520827293396,-0.09368054568767548,1.6592498468526173e-06,0.0199260413646698,-0.04684027284383774,-0.0203788373619318,32,False,UNAVAILABLE,DISABLED,DISABLED,DISABLED,UNAVAILABLE,DISABLED
1046,0.01098683476448059,5.3032558753329795e-06,0.07149779796600342,-0.11706539988517761,2.6516279376664897e-06,0.03574889898300171,-0.058532699942588806,-0.011794313788414001,32,False,UNAVAILABLE,DISABLED,DISABLED,DISABLED,UNAVAILABLE,DISABLED
1047,0.0044962759129703045,2.6254483600496314e-06,0.0385165810585022,-0.06157597899436951,1.3127241800248157e-06,0.0192582905292511,-0.030787989497184753,-0.007032111287117004,32,False,UNAVAILABLE,DISABLED,DISABLED,DISABLED,UNAVAILABLE,DISABLED
1048,0.00529145635664463,2.9508821626222925e-06,0.03219640254974365,-0.06959366798400879,1.4754410813111463e-06,0.016098201274871826,-0.034796833992004395,-0.013405701145529747,32,False,UNAVAILABLE,DISABLED,DISABLED,DISABLED,UNAVAILABLE,DISABLED
1049,0.005959129426628351,4.338997769082198e-06,0.054566025733947754,-0.0908992737531662,2.169498884541099e-06,0.027283012866973877,-0.0454496368765831,-0.012205325067043304,32,False,UNAVAILABLE,DISABLED,DISABLED,DISABLED,UNAVAILABLE,DISABLED
1050,0.003153292927891016,2.433649342492572e-06,0.03251290321350098,-0.034403055906295776,1.216824671246286e-06,0.01625645160675049,-0.017201527953147888,0.0022094324231147766,32,False,UNAVAILABLE,DISABLED,DISABLED,DISABLED,UNAVAILABLE,DISABLED
1051,0.004582625813782215,3.17710191666265e-06,0.04220825433731079,-0.08843523263931274,1.588550958331325e-06,0.021104127168655396,-0.04421761631965637,-0.018529275432229042,32,False,UNAVAILABLE,DISABLED,DISABLED,DISABLED,UNAVAILABLE,DISABLED
1052,0.002794348867610097,3.049646238650894e-06,0.05460602045059204,-0.04673156142234802,1.524823119325447e-06,0.02730301022529602,-0.02336578071117401,0.006733102723956108,32,False,UNAVAILABLE,DISABLED,DISABLED,DISABLED,UNAVAILABLE,DISABLED
1053,0.004100858699530363,4.5519300329033285e-06,0.06300127506256104,-0.08139988780021667,2.2759650164516643e-06,0.03150063753128052,-0.04069994390010834,-0.005096171051263809,32,False,UNAVAILABLE,DISABLED,DISABLED,DISABLED,UNAVAILABLE,DISABLED
1054,0.006034524645656347,3.929626927856589e-06,0.047085464000701904,-0.09463021159172058,1.9648134639282944e-06,0.023542732000350952,-0.04731510579586029,-0.017735883593559265,32,False,UNAVAILABLE,DISABLED,DISABLED,DISABLED,UNAVAILABLE,DISABLED
1055,0.007471527438610792,6.0599327298405115e-06,0.06531566381454468,-0.04420191049575806,3.0299663649202557e-06,0.03265783190727234,-0.02210095524787903,0.01803143322467804,32,False,UNAVAILABLE,DISABLED,DISABLED,DISABLED,UNAVAILABLE,DISABLED
1056,0.005012348294258118,3.0700132356287213e-06,0.04709053039550781,-0.06380251049995422,1.5350066178143607e-06,0.023545265197753906,-0.03190125524997711,-0.0033421069383621216,32,False,UNAVAILABLE,DISABLED,DISABLED,DISABLED,UNAVAILABLE,DISABLED
1057,0.003717342158779502,3.3835217436717357e-06,0.05093628168106079,-0.053613513708114624,1.6917608718358679e-06,0.025468140840530396,-0.026806756854057312,0.0023804176598787308,32,False,UNAVAILABLE,DISABLED,DISABLED,DISABLED,UNAVAILABLE,DISABLED
1058,0.011594295501708984,2.9620873647218104e-06,0.05048048496246338,-0.06917698681354523,1.4810436823609052e-06,0.02524024248123169,-0.034588493406772614,0.002247527241706848,32,False,UNAVAILABLE,DISABLED,DISABLED,DISABLED,UNAVAILABLE,DISABLED
1059,0.006040881387889385,3.6111189274379285e-06,0.04532724618911743,-0.0863477885723114,1.8055594637189643e-06,0.022663623094558716,-0.0431738942861557,-0.01446758396923542,32,False,UNAVAILABLE,DISABLED,DISABLED,DISABLED,UNAVAILABLE,DISABLED
1060,0.004782283678650856,3.606477093853755e-06,0.05330240726470947,-0.12641966342926025,1.8032385469268775e-06,0.026651203632354736,-0.06320983171463013,-0.03177454322576523,32,False,UNAVAILABLE,DISABLED,DISABLED,DISABLED,UNAVAILABLE,DISABLED
1061,0.00569160096347332,3.4889744711108506e-06,0.048459529876708984,-0.08876147866249084,1.7444872355554253e-06,0.024229764938354492,-0.04438073933124542,-0.01445762813091278,32,False,UNAVAILABLE,DISABLED,DISABLED,DISABLED,UNAVAILABLE,DISABLED
1062,0.003898683935403824,3.7396466723293997e-06,0.039604783058166504,-0.06988230347633362,1.8698233361646999e-06,0.019802391529083252,-0.03494115173816681,-0.011238206177949905,32,False,UNAVAILABLE,DISABLED,DISABLED,DISABLED,UNAVAILABLE,DISABLED
1063,0.004485405050218105,3.066325234613032e-06,0.03246033191680908,-0.061258405447006226,1.533162617306516e-06,0.01623016595840454,-0.030629202723503113,-0.009912099689245224,32,False,UNAVAILABLE,DISABLED,DISABLED,DISABLED,UNAVAILABLE,DISABLED
1064,0.008381461724638939,4.351970346760936e-06,0.08900254964828491,-0.07837343215942383,2.175985173380468e-06,0.044501274824142456,-0.039186716079711914,0.013698197901248932,32,False,UNAVAILABLE,DISABLED,DISABLED,DISABLED,UNAVAILABLE,DISABLED
1065,0.00820590928196907,5.20518278790405e-06,0.08653074502944946,-0.12846171855926514,2.602591393952025e-06,0.04326537251472473,-0.06423085927963257,-0.012756973505020142,32,False,UNAVAILABLE,DISABLED,DISABLED,DISABLED,UNAVAILABLE,DISABLED
1066,0.006002472713589668,3.3792857720982283e-06,0.03801363706588745,-0.07151001691818237,1.6896428860491142e-06,0.019006818532943726,-0.035755008459091187,-0.01074402779340744,32,False,UNAVAILABLE,DISABLED,DISABLED,DISABLED,UNAVAILABLE,DISABLED
1067,0.00867179874330759,2.8964491320948582e-06,0.035460710525512695,-0.042759329080581665,1.4482245660474291e-06,0.017730355262756348,-0.021379664540290833,0.005023937672376633,32,False,UNAVAILABLE,DISABLED,DISABLED,DISABLED,UNAVAILABLE,DISABLED
1068,0.004177809692919254,4.870150405622553e-06,0.050295233726501465,-0.04001936316490173,2.4350752028112765e-06,0.025147616863250732,-0.020009681582450867,0.00931818038225174,32,False,UNAVAILABLE,DISABLED,DISABLED,DISABLED,UNAVAILABLE,DISABLED
1069,0.005119440145790577,3.4191211852885317e-06,0.05463916063308716,-0.09965959191322327,1.7095605926442659e-06,0.02731958031654358,-0.04982979595661163,-0.017389066517353058,32,False,UNAVAILABLE,DISABLED,DISABLED,DISABLED,UNAVAILABLE,DISABLED
1070,0.004512935411185026,3.7097140648256755e-06,0.04368215799331665,-0.07839983701705933,1.8548570324128377e-06,0.021841078996658325,-0.03919991850852966,-0.01284404844045639,32,False,UNAVAILABLE,DISABLED,DISABLED,DISABLED,UNAVAILABLE,DISABLED
1071,0.005741193890571594,5.129091277922271e-06,0.10863995552062988,-0.12457354366779327,2.5645456389611354e-06,0.05431997776031494,-0.06228677183389664,-0.0022230371832847595,32,False,UNAVAILABLE,DISABLED,DISABLED,DISABLED,UNAVAILABLE,DISABLED
1072,0.004594485275447369,4.171298769506393e-06,0.07398688793182373,-0.058646202087402344,2.0856493847531965e-06,0.036993443965911865,-0.029323101043701172,0.012266915291547775,32,False,UNAVAILABLE,DISABLED,DISABLED,DISABLED,UNAVAILABLE,DISABLED
1073,0.003976576495915651,3.5726816349779256e-06,0.05729842185974121,-0.06794029474258423,1.7863408174889628e-06,0.028649210929870605,-0.033970147371292114,-0.001342572271823883,32,False,UNAVAILABLE,DISABLED,DISABLED,DISABLED,UNAVAILABLE,DISABLED
1074,0.005925395991653204,4.129823082621442e-06,0.07166397571563721,-0.05381399393081665,2.064911541310721e-06,0.035831987857818604,-0.026906996965408325,0.014852453023195267,32,False,UNAVAILABLE,DISABLED,DISABLED,DISABLED,UNAVAILABLE,DISABLED
1075,0.004755429457873106,4.00090766561334e-06,0.06210970878601074,-0.09556199610233307,2.00045383280667e-06,0.03105485439300537,-0.047780998051166534,-0.011968713253736496,32,False,UNAVAILABLE,DISABLED,DISABLED,DISABLED,UNAVAILABLE,DISABLED
1076,0.004332502838224173,3.277325276940246e-06,0.04828071594238281,-0.04944834113121033,1.638662638470123e-06,0.024140357971191406,-0.024724170565605164,0.0037503279745578766,32,False,UNAVAILABLE,DISABLED,DISABLED,DISABLED,UNAVAILABLE,DISABLED
1077,0.007279191166162491,5.947896170255262e-06,0.1113748550415039,-0.13626667857170105,2.973948085127631e-06,0.05568742752075195,-0.06813333928585052,-0.00516374409198761,32,False,UNAVAILABLE,DISABLED,DISABLED,DISABLED,UNAVAILABLE,DISABLED
1078,0.0035844959784299135,3.12061388285656e-06,0.04836273193359375,-0.04122921824455261,1.56030694142828e-06,0.024181365966796875,-0.020614609122276306,0.00715281255543232,32,False,UNAVAILABLE,DISABLED,DISABLED,DISABLED,UNAVAILABLE,DISABLED
1079,0.006296754349023104,3.1943714020599145e-06,0.044520020484924316,-0.06394489109516144,1.5971857010299573e-06,0.022260010242462158,-0.03197244554758072,-0.0034140832722187042,32,False,UNAVAILABLE,DISABLED,DISABLED,DISABLED,UNAVAILABLE,DISABLED
1080,0.003113943850621581,4.146338596910937e-06,0.03644067049026489,-0.0404028445482254,2.0731692984554684e-06,0.018220335245132446,-0.0202014222741127,0.0011349301785230637,32,False,UNAVAILABLE,DISABLED,DISABLED,DISABLED,UNAVAILABLE,DISABLED
1081,0.004452432040125132,3.2704458590160357e-06,0.04671281576156616,-0.05833637714385986,1.6352229295080178e-06,0.02335640788078308,-0.02916818857192993,-0.0013577137142419815,32,False,UNAVAILABLE,DISABLED,DISABLED,DISABLED,UNAVAILABLE,DISABLED
1082,0.004668268840759993,3.3431399515393423e-06,0.038834571838378906,-0.08531741797924042,1.6715699757696711e-06,0.019417285919189453,-0.04265870898962021,-0.018571482971310616,32,False,UNAVAILABLE,DISABLED,DISABLED,DISABLED,UNAVAILABLE,DISABLED
1083,0.005536004900932312,5.022538516641362e-06,0.07533770799636841,-0.12183596193790436,2.511269258320681e-06,0.037668853998184204,-0.06091798096895218,-0.0177106112241745,32,False,UNAVAILABLE,DISABLED,DISABLED,DISABLED,UNAVAILABLE,DISABLED
1084,0.011353382840752602,4.062452717334963e-06,0.0683894157409668,-0.11308398097753525,2.0312263586674817e-06,0.0341947078704834,-0.056541990488767624,-0.010991867631673813,32,False,UNAVAILABLE,DISABLED,DISABLED,DISABLED,UNAVAILABLE,DISABLED
1085,0.008798599243164062,4.0878380787034985e-06,0.06374359130859375,-0.10226135700941086,2.0439190393517492e-06,0.031871795654296875,-0.05113067850470543,-0.010458238422870636,32,False,UNAVAILABLE,DISABLED,DISABLED,DISABLED,UNAVAILABLE,DISABLED
1086,0.006939689628779888,5.3454200497071724e-06,0.06444233655929565,-0.08069366216659546,2.6727100248535862e-06,0.03222116827964783,-0.04034683108329773,-0.0011833012104034424,32,False,UNAVAILABLE,DISABLED,DISABLED,DISABLED,UNAVAILABLE,DISABLED
1087,0.0038180456031113863,4.47112961410312e-06,0.07301068305969238,-0.041529811918735504,2.23556480705156e-06,0.03650534152984619,-0.020764905959367752,0.019560717046260834,32,False,UNAVAILABLE,DISABLED,DISABLED,DISABLED,UNAVAILABLE,DISABLED
1088,0.0034232940524816513,2.2693388928018976e-06,0.037735939025878906,-0.05313759669661522,1.1346694464009488e-06,0.018867969512939453,-0.02656879834830761,-0.0042764004319906235,32,False,UNAVAILABLE,DISABLED,DISABLED,DISABLED,UNAVAILABLE,DISABLED
1089,0.0067572686821222305,4.498209818848409e-06,0.06371933221817017,-0.13071966171264648,2.2491049094242044e-06,0.03185966610908508,-0.06535983085632324,-0.026740647852420807,32,False,UNAVAILABLE,DISABLED,DISABLED,DISABLED,UNAVAILABLE,DISABLED
1090,0.005577541422098875,4.392086339066736e-06,0.061879098415374756,-0.05840565636754036,2.196043169533368e-06,0.030939549207687378,-0.02920282818377018,0.007316457107663155,32,False,UNAVAILABLE,DISABLED,DISABLED,DISABLED,UNAVAILABLE,DISABLED
1091,0.004288146272301674,3.561749053915264e-06,0.04362821578979492,-0.06197948753833771,1.780874526957632e-06,0.02181410789489746,-0.030989743769168854,-0.004885708913207054,32,False,UNAVAILABLE,DISABLED,DISABLED,DISABLED,UNAVAILABLE,DISABLED
1092,0.005182921886444092,4.72715782962041e-06,0.06400102376937866,-0.07846890389919281,2.363578914810205e-06,0.03200051188468933,-0.039234451949596405,-0.0020486563444137573,32,False,UNAVAILABLE,DISABLED,DISABLED,DISABLED,UNAVAILABLE,DISABLED
1093,0.009751692414283752,4.2933024815283716e-06,0.06596493721008301,-0.07421328872442245,2.1466512407641858e-06,0.032982468605041504,-0.03710664436221123,0.005629662424325943,32,False,UNAVAILABLE,DISABLED,DISABLED,DISABLED,UNAVAILABLE,DISABLED
1094,0.007718962617218494,7.584227660117904e-06,0.09707522392272949,-0.1279899775981903,3.792113830058952e-06,0.048537611961364746,-0.06399498879909515,-0.007734622806310654,32,False,UNAVAILABLE,DISABLED,DISABLED,DISABLED,UNAVAILABLE,DISABLED
1095,0.0049966564401984215,2.7305734420224326e-06,0.033376336097717285,-0.06895235180854797,1.3652867210112163e-06,0.016688168048858643,-0.03447617590427399,-0.012789987027645111,32,False,UNAVAILABLE,DISABLED,DISABLED,DISABLED,UNAVAILABLE,DISABLED
1096,0.005966997239738703,4.6997342906252015e-06,0.06405633687973022,-0.07768737524747849,2.3498671453126008e-06,0.03202816843986511,-0.03884368762373924,-0.0008461736142635345,32,False,UNAVAILABLE,DISABLED,DISABLED,DISABLED,UNAVAILABLE,DISABLED
1097,0.005012919660657644,6.337277227430604e-06,0.07577139139175415,-0.04742935672402382,3.168638613715302e-06,0.037885695695877075,-0.02371467836201191,0.01918710581958294,32,False,UNAVAILABLE,DISABLED,DISABLED,DISABLED,UNAVAILABLE,DISABLED
1098,0.0029351564589887857,3.39286043526954e-06,0.026793837547302246,-0.017822088673710823,1.69643021763477e-06,0.013396918773651123,-0.008911044336855412,0.007422727532684803,32,False,UNAVAILABLE,DISABLED,DISABLED,DISABLED,UNAVAILABLE,DISABLED
1099,0.006011136807501316,4.2915967242151964e-06,0.05987083911895752,-0.08509612083435059,2.1457983621075982e-06,0.02993541955947876,-0.04254806041717529,-0.006599359214305878,32,False,UNAVAILABLE,DISABLED,DISABLED,DISABLED,UNAVAILABLE,DISABLED
1100,0.003675939980894327,4.632053332898067e-06,0.08959543704986572,-0.08673955500125885,2.3160266664490337e-06,0.04479771852493286,-0.043369777500629425,0.00510619580745697,32,False,UNAVAILABLE,DISABLED,DISABLED,DISABLED,UNAVAILABLE,DISABLED
1101,0.008358625695109367,2.5722686132212402e-06,0.07236117124557495,-0.10217997431755066,1.2861343066106201e-06,0.036180585622787476,-0.05108998715877533,-0.006549488753080368,32,False,UNAVAILABLE,DISABLED,DISABLED,DISABLED,UNAVAILABLE,DISABLED
1102,0.0036811947356909513,3.527934268277022e-06,0.04831588268280029,-0.04631100594997406,1.763967134138511e-06,0.024157941341400146,-0.02315550297498703,0.0046853963285684586,32,False,UNAVAILABLE,DISABLED,DISABLED,DISABLED,UNAVAILABLE,DISABLED
1103,0.0021094062831252813,3.776798621402122e-06,0.041784822940826416,-0.0626552551984787,1.888399310701061e-06,0.020892411470413208,-0.03132762759923935,-0.008323920890688896,32,False,UNAVAILABLE,DISABLED,DISABLED,DISABLED,UNAVAILABLE,DISABLED
1104,0.006333697587251663,6.068302354833577e-06,0.08510661125183105,-0.106731116771698,3.0341511774167884e-06,0.04255330562591553,-0.053365558385849,-0.004475519061088562,32,False,UNAVAILABLE,DISABLED,DISABLED,DISABLED,UNAVAILABLE,DISABLED
1105,0.0041379439644515514,5.058077022113139e-06,0.07886314392089844,-0.07234951108694077,2.5290385110565694e-06,0.03943157196044922,-0.03617475554347038,0.0073972903192043304,32,False,UNAVAILABLE,DISABLED,DISABLED,DISABLED,UNAVAILABLE,DISABLED
1106,0.003533686976879835,3.790791424762574e-06,0.060022711753845215,-0.09441956877708435,1.895395712381287e-06,0.030011355876922607,-0.047209784388542175,-0.013662844896316528,32,False,UNAVAILABLE,DISABLED,DISABLED,DISABLED,UNAVAILABLE,DISABLED
1107,0.005052934400737286,3.456485046626767e-06,0.05827814340591431,-0.10252059996128082,1.7282425233133836e-06,0.029139071702957153,-0.05126029998064041,-0.01706656441092491,32,False,UNAVAILABLE,DISABLED,DISABLED,DISABLED,UNAVAILABLE,DISABLED
1108,0.0034780537243932486,3.905931862391299e-06,0.07259702682495117,-0.07211040705442429,1.9529659311956493e-06,0.036298513412475586,-0.03605520352721214,0.0037233158946037292,32,False,UNAVAILABLE,DISABLED,DISABLED,DISABLED,UNAVAILABLE,DISABLED
1109,0.0032504310365766287,6.543648396473145e-06,0.07678556442260742,-0.03592409938573837,3.2718241982365726e-06,0.03839278221130371,-0.017962049692869186,0.023684434592723846,32,False,UNAVAILABLE,DISABLED,DISABLED,DISABLED,UNAVAILABLE,DISABLED
1110,0.002986304461956024,3.098291699643596e-06,0.04290890693664551,-0.008008323609828949,1.549145849821798e-06,0.021454453468322754,-0.0040041618049144745,0.020438145846128464,32,False,UNAVAILABLE,DISABLED,DISABLED,DISABLED,UNAVAILABLE,DISABLED
1111,0.00422867015004158,4.377592631499283e-06,0.05275541543960571,-0.05362367630004883,2.1887963157496415e-06,0.026377707719802856,-0.026811838150024414,0.003796728327870369,32,False,UNAVAILABLE,DISABLED,DISABLED,DISABLED,UNAVAILABLE,DISABLED
1112,0.004699871875345707,4.463001914700726e-06,0.06481051445007324,-0.092100128531456,2.231500957350363e-06,0.03240525722503662,-0.046050064265728,-0.008942704647779465,32,False,UNAVAILABLE,DISABLED,DISABLED,DISABLED,UNAVAILABLE,DISABLED
1113,0.003161999862641096,4.086846729478566e-06,0.05253899097442627,-0.05162420868873596,2.043423364739283e-06,0.026269495487213135,-0.02581210434436798,0.0036214347928762436,32,False,UNAVAILABLE,DISABLED,DISABLED,DISABLED,UNAVAILABLE,DISABLED
1114,0.003927749581634998,5.34180753675173e-06,0.0772600769996643,-0.08514801412820816,2.670903768375865e-06,0.03863003849983215,-0.04257400706410408,-1.3548880815505981e-05,32,False,UNAVAILABLE,DISABLED,DISABLED,DISABLED,UNAVAILABLE,DISABLED
1115,0.01046790461987257,4.139901648159139e-06,0.12571316957473755,-0.13582584261894226,2.0699508240795694e-06,0.06285658478736877,-0.06791292130947113,0.005413636565208435,32,False,UNAVAILABLE,DISABLED,DISABLED,DISABLED,UNAVAILABLE,DISABLED
1116,0.00362908816896379,3.366475311850081e-06,0.04359930753707886,-0.08935606479644775,1.6832376559250406e-06,0.02179965376853943,-0.04467803239822388,-0.01924760639667511,32,False,UNAVAILABLE,DISABLED,DISABLED,DISABLED,UNAVAILABLE,DISABLED
1117,0.003332993481308222,7.938767339510377e-06,0.10803592205047607,-0.06504935771226883,3.969383669755189e-06,0.05401796102523804,-0.032524678856134415,0.024830244481563568,32,False,UNAVAILABLE,DISABLED,DISABLED,DISABLED,UNAVAILABLE,DISABLED
1118,0.004826428834348917,3.6068427107238676e-06,0.04471790790557861,-0.08062982559204102,1.8034213553619338e-06,0.022358953952789307,-0.04031491279602051,-0.013127725571393967,32,False,UNAVAILABLE,DISABLED,DISABLED,DISABLED,UNAVAILABLE,DISABLED
1119,0.00677885627374053,4.356986210041214e-06,0.052181780338287354,-0.10786472260951996,2.178493105020607e-06,0.026090890169143677,-0.05393236130475998,-0.021060436964035034,32,False,UNAVAILABLE,DISABLED,DISABLED,DISABLED,UNAVAILABLE,DISABLED
1120,0.00977680366486311,4.235891537973657e-06,0.13344186544418335,-0.1367591917514801,2.1179457689868286e-06,0.06672093272209167,-0.06837959587574005,0.008120261132717133,32,False,UNAVAILABLE,DISABLED,DISABLED,DISABLED,UNAVAILABLE,DISABLED
1121,0.006835777312517166,4.016752882307628e-06,0.055987417697906494,-0.08695871382951736,2.008376441153814e-06,0.027993708848953247,-0.04347935691475868,-0.008647862821817398,32,False,UNAVAILABLE,DISABLED,DISABLED,DISABLED,UNAVAILABLE,DISABLED
1122,0.006904039066284895,3.635107077570865e-06,0.05183911323547363,-0.1046764999628067,1.8175535387854325e-06,0.025919556617736816,-0.05233824998140335,-0.019512835890054703,32,False,UNAVAILABLE,DISABLED,DISABLED,DISABLED,UNAVAILABLE,DISABLED
1123,0.0036916369572281837,3.665598796942504e-06,0.07257729768753052,-0.11038258671760559,1.832799398471252e-06,0.03628864884376526,-0.055191293358802795,-0.015209175646305084,32,False,UNAVAILABLE,DISABLED,DISABLED,DISABLED,UNAVAILABLE,DISABLED
1124,0.0041471607983112335,4.004592938144924e-06,0.0600699782371521,-0.10040545463562012,2.002296469072462e-06,0.03003498911857605,-0.05020272731781006,-0.0160185769200325,32,False,UNAVAILABLE,DISABLED,DISABLED,DISABLED,UNAVAILABLE,DISABLED
1125,0.0032411448191851377,4.377161076263292e-06,0.05626744031906128,-0.09398382902145386,2.188580538131646e-06,0.02813372015953064,-0.04699191451072693,-0.015614859759807587,32,False,UNAVAILABLE,DISABLED,DISABLED,DISABLED,UNAVAILABLE,DISABLED
1126,0.0037299140822142363,3.0070459615672007e-06,0.0370904803276062,-0.06711240112781525,1.5035229807836004e-06,0.0185452401638031,-0.03355620056390762,-0.011279541999101639,32,False,UNAVAILABLE,DISABLED,DISABLED,DISABLED,UNAVAILABLE,DISABLED
1127,0.003879261203110218,5.641034022119129e-06,0.07792782783508301,-0.08523324131965637,2.8205170110595645e-06,0.038963913917541504,-0.042616620659828186,0.00022937357425689697,32,False,UNAVAILABLE,DISABLED,DISABLED,DISABLED,UNAVAILABLE,DISABLED
1128,0.0043522659689188,3.7567815525108017e-06,0.049706459045410156,-0.07177647948265076,1.8783907762554009e-06,0.024853229522705078,-0.03588823974132538,-0.006680864840745926,32,False,UNAVAILABLE,DISABLED,DISABLED,DISABLED,UNAVAILABLE,DISABLED
1129,0.0034789452329277992,4.369102043710882e-06,0.05275368690490723,-0.08146724849939346,2.184551021855441e-06,0.026376843452453613,-0.04073362424969673,-0.010875651612877846,32,False,UNAVAILABLE,DISABLED,DISABLED,DISABLED,UNAVAILABLE,DISABLED
1130,0.003703479189425707,4.387700755614787e-06,0.05964463949203491,-0.04000869393348694,2.1938503778073937e-06,0.029822319746017456,-0.02000434696674347,0.0135236456990242,32,False,UNAVAILABLE,DISABLED,DISABLED,DISABLED,UNAVAILABLE,DISABLED
1131,0.0034654797054827213,4.681477093981812e-06,0.06225454807281494,-0.05505076050758362,2.340738546990906e-06,0.03112727403640747,-0.02752538025379181,0.007069714367389679,32,False,UNAVAILABLE,DISABLED,DISABLED,DISABLED,UNAVAILABLE,DISABLED
1132,0.0037157570477575064,4.919954335491639e-06,0.0623355507850647,-0.07334163784980774,2.4599771677458193e-06,0.03116777539253235,-0.03667081892490387,-0.001784827560186386,32,False,UNAVAILABLE,DISABLED,DISABLED,DISABLED,UNAVAILABLE,DISABLED
1133,0.0028910976834595203,4.806571723747766e-06,0.05159461498260498,-0.06300384551286697,2.403285861873883e-06,0.02579730749130249,-0.03150192275643349,-0.0028111152350902557,32,False,UNAVAILABLE,DISABLED,DISABLED,DISABLED,UNAVAILABLE,DISABLED
1134,0.0030884568113833666,4.589573563862359e-06,0.04219770431518555,-0.04022575914859772,2.2947867819311796e-06,0.021098852157592773,-0.02011287957429886,0.004076724871993065,32,False,UNAVAILABLE,DISABLED,DISABLED,DISABLED,UNAVAILABLE,DISABLED
1135,0.008692619390785694,5.719029104511719e-06,0.08758831024169922,-0.11102835088968277,2.8595145522558596e-06,0.04379415512084961,-0.055514175444841385,-0.0030245408415794373,32,False,UNAVAILABLE,DISABLED,DISABLED,DISABLED,UNAVAILABLE,DISABLED
1136,0.005055700428783894,4.381585313240066e-06,0.24661004543304443,-0.15324079990386963,2.190792656620033e-06,0.12330502271652222,-0.07662039995193481,0.05174250900745392,32,False,UNAVAILABLE,DISABLED,DISABLED,DISABLED,UNAVAILABLE,DISABLED
1137,0.003222462022677064,4.225713837513467e-06,0.047982215881347656,-0.09725546091794968,2.1128569187567336e-06,0.023991107940673828,-0.04862773045897484,-0.021412048488855362,32,False,UNAVAILABLE,DISABLED,DISABLED,DISABLED,UNAVAILABLE,DISABLED
1138,0.0031048126984387636,3.6107301184529206e-06,0.0540810227394104,-0.06555314362049103,1.8053650592264603e-06,0.0270405113697052,-0.032776571810245514,-0.0026294421404600143,32,False,UNAVAILABLE,DISABLED,DISABLED,DISABLED,UNAVAILABLE,DISABLED
1139,0.0036856713704764843,5.404386683949269e-06,0.1056559681892395,-0.11745776236057281,2.7021933419746347e-06,0.05282798409461975,-0.05872888118028641,-0.0022125244140625,32,False,UNAVAILABLE,DISABLED,DISABLED,DISABLED,UNAVAILABLE,DISABLED
1140,0.006690664682537317,5.265716026769951e-06,0.07082957029342651,-0.04390040785074234,2.6328580133849755e-06,0.03541478514671326,-0.02195020392537117,0.02015787735581398,32,False,UNAVAILABLE,DISABLED,DISABLED,DISABLED,UNAVAILABLE,DISABLED
1141,0.0038532803300768137,5.348376816982636e-06,0.09666728973388672,-0.07966122031211853,2.674188408491318e-06,0.04833364486694336,-0.039830610156059265,0.01235898956656456,32,False,UNAVAILABLE,DISABLED,DISABLED,DISABLED,UNAVAILABLE,DISABLED
1142,0.005278605502098799,8.088104550552089e-06,0.0936616063117981,-0.0907469391822815,4.044052275276044e-06,0.04683080315589905,-0.04537346959114075,0.006739981472492218,32,False,UNAVAILABLE,DISABLED,DISABLED,DISABLED,UNAVAILABLE,DISABLED
1143,0.002571041462942958,3.744587502296781e-06,0.03421521186828613,-0.045262448489665985,1.8722937511483906e-06,0.017107605934143066,-0.022631224244832993,-0.002950705587863922,32,False,UNAVAILABLE,DISABLED,DISABLED,DISABLED,UNAVAILABLE,DISABLED
1144,0.004043038934469223,5.703958777303342e-06,0.08459615707397461,-0.07832904905080795,2.851979388651671e-06,0.042298078536987305,-0.039164524525403976,0.007179446518421173,32,False,UNAVAILABLE,DISABLED,DISABLED,DISABLED,UNAVAILABLE,DISABLED
1145,0.003819131525233388,4.270273166184779e-06,0.06608229875564575,-0.07595352828502655,2.1351365830923896e-06,0.033041149377822876,-0.037976764142513275,-0.0011143498122692108,32,False,UNAVAILABLE,DISABLED,DISABLED,DISABLED,UNAVAILABLE,DISABLED
1146,0.003559565870091319,6.927487902430585e-06,0.08028161525726318,-0.08708231896162033,3.4637439512152923e-06,0.04014080762863159,-0.043541159480810165,0.00016267970204353333,32,False,UNAVAILABLE,DISABLED,DISABLED,DISABLED,UNAVAILABLE,DISABLED
1147,0.002418934367597103,5.508629328687675e-06,0.08067917823791504,-0.03501635044813156,2.7543146643438376e-06,0.04033958911895752,-0.01750817522406578,0.02525310218334198,32,False,UNAVAILABLE,DISABLED,DISABLED,DISABLED,UNAVAILABLE,DISABLED
1148,0.0031752658542245626,3.6780199934582924e-06,0.0382344126701355,-0.06420009583234787,1.8390099967291462e-06,0.01911720633506775,-0.032100047916173935,-0.009805737063288689,32,False,UNAVAILABLE,DISABLED,DISABLED,DISABLED,UNAVAILABLE,DISABLED
1149,0.0047231619246304035,3.6713220197270857e-06,0.04825770854949951,-0.07352344691753387,1.8356610098635429e-06,0.024128854274749756,-0.03676172345876694,-0.007907871156930923,32,False,UNAVAILABLE,DISABLED,DISABLED,DISABLED,UNAVAILABLE,DISABLED
1150,0.0032558420207351446,3.856969669868704e-06,0.06115102767944336,-0.061030544340610504,1.928484834934352e-06,0.03057551383972168,-0.030515272170305252,0.00331801176071167,32,False,UNAVAILABLE,DISABLED,DISABLED,DISABLED,UNAVAILABLE,DISABLED
1151,0.003326845122501254,4.357819307188038e-06,0.06641525030136108,-0.09186936914920807,2.178909653594019e-06,0.03320762515068054,-0.045934684574604034,-0.009398035705089569,32,False,UNAVAILABLE,DISABLED,DISABLED,DISABLED,UNAVAILABLE,DISABLED
1152,0.004496692679822445,6.090464012231678e-06,0.06825190782546997,-0.03649918735027313,3.045232006115839e-06,0.034125953912734985,-0.018249593675136566,0.020376097410917282,32,False,UNAVAILABLE,DISABLED,DISABLED,DISABLED,UNAVAILABLE,DISABLED
1153,0.0038696392439305782,4.514061402005609e-06,0.05621224641799927,-0.07557116448879242,2.2570307010028046e-06,0.028106123208999634,-0.03778558224439621,-0.005807563662528992,32,False,UNAVAILABLE,DISABLED,DISABLED,DISABLED,UNAVAILABLE,DISABLED
1154,0.00568291824311018,4.2693031900853384e-06,0.06118297576904297,-0.06566684693098068,2.1346515950426692e-06,0.030591487884521484,-0.03283342346549034,0.0034431181848049164,32,False,UNAVAILABLE,DISABLED,DISABLED,DISABLED,UNAVAILABLE,DISABLED
1155,0.0027784062549471855,3.128094931525993e-06,0.051737427711486816,-0.06193438172340393,1.5640474657629966e-06,0.025868713855743408,-0.030967190861701965,-0.0023185070604085922,32,False,UNAVAILABLE,DISABLED,DISABLED,DISABLED,UNAVAILABLE,DISABLED
1156,0.003944088704884052,4.883255314780399e-06,0.07813072204589844,-0.07022779434919357,2.4416276573901996e-06,0.03906536102294922,-0.035113897174596786,0.007897995412349701,32,False,UNAVAILABLE,DISABLED,DISABLED,DISABLED,UNAVAILABLE,DISABLED
1157,0.0028005780186504126,4.634698598238174e-06,0.05824398994445801,-0.07906848192214966,2.317349299119087e-06,0.029121994972229004,-0.03953424096107483,-0.007609352469444275,32,False,UNAVAILABLE,DISABLED,DISABLED,DISABLED,UNAVAILABLE,DISABLED
1158,0.002984733087942004,3.979072971560527e-06,0.043478548526763916,-0.054710399359464645,1.9895364857802633e-06,0.021739274263381958,-0.027355199679732323,-0.0026292037218809128,32,False,UNAVAILABLE,DISABLED,DISABLED,DISABLED,UNAVAILABLE,DISABLED
1159,0.003209305228665471,4.554408860713011e-06,0.06822925806045532,-0.07005615532398224,2.2772044303565053e-06,0.03411462903022766,-0.03502807766199112,0.0022981353104114532,32,False,UNAVAILABLE,DISABLED,DISABLED,DISABLED,UNAVAILABLE,DISABLED
1160,0.0030667674727737904,5.113409770274302e-06,0.05944859981536865,-0.06387200206518173,2.556704885137151e-06,0.029724299907684326,-0.031936001032590866,0.000857621431350708,32,False,UNAVAILABLE,DISABLED,DISABLED,DISABLED,UNAVAILABLE,DISABLED
1161,0.005810351110994816,4.568672920868266e-06,0.083077073097229,-0.09148532897233963,2.284336460434133e-06,0.0415385365486145,-0.045742664486169815,0.0016085095703601837,32,False,UNAVAILABLE,DISABLED,DISABLED,DISABLED,UNAVAILABLE,DISABLED
1162,0.002301163272932172,4.615688794729067e-06,0.09460347890853882,-0.04368782043457031,2.3078443973645335e-06,0.04730173945426941,-0.021843910217285156,0.027761299163103104,32,False,UNAVAILABLE,DISABLED,DISABLED,DISABLED,UNAVAILABLE,DISABLED
1163,0.0035747091751545668,3.5573355035012355e-06,0.04676103591918945,-0.062499649822711945,1.7786677517506178e-06,0.023380517959594727,-0.031249824911355972,-0.004292819648981094,32,False,UNAVAILABLE,DISABLED,DISABLED,DISABLED,UNAVAILABLE,DISABLED
1164,0.0037912335246801376,5.737510946346447e-06,0.11460387706756592,-0.06976676732301712,2.8687554731732234e-06,0.05730193853378296,-0.03488338366150856,0.0262126587331295,32,False,UNAVAILABLE,DISABLED,DISABLED,DISABLED,UNAVAILABLE,DISABLED
1165,0.0027099289000034332,7.2211664701171685e-06,0.08734595775604248,-0.07086989283561707,3.6105832350585843e-06,0.04367297887802124,-0.03543494641780853,0.01095157116651535,32,False,UNAVAILABLE,DISABLED,DISABLED,DISABLED,UNAVAILABLE,DISABLED
1166,0.0020523739513009787,3.200689661753131e-06,0.028510868549346924,-0.027798298746347427,1.6003448308765655e-06,0.014255434274673462,-0.013899149373173714,0.00241025909781456,32,False,UNAVAILABLE,DISABLED,DISABLED,DISABLED,UNAVAILABLE,DISABLED
1167,0.004330112133175135,4.9054715418606065e-06,0.1064329743385315,-0.06366044282913208,2.4527357709303033e-06,0.05321648716926575,-0.03183022141456604,0.02571883052587509,32,False,UNAVAILABLE,DISABLED,DISABLED,DISABLED,UNAVAILABLE,DISABLED
1168,0.004302161745727062,6.654827757301973e-06,0.0892798900604248,-0.06773194670677185,3.3274138786509866e-06,0.0446399450302124,-0.033865973353385925,0.01507946103811264,32,False,UNAVAILABLE,DISABLED,DISABLED,DISABLED,UNAVAILABLE,DISABLED
1169,0.0029641801957041025,3.4013198728644056e-06,0.04529011249542236,-0.05903100594878197,1.7006599364322028e-06,0.02264505624771118,-0.029515502974390984,-0.003904566168785095,32,False,UNAVAILABLE,DISABLED,DISABLED,DISABLED,UNAVAILABLE,DISABLED
1170,0.0026951117906719446,4.98596136822016e-06,0.05702251195907593,-0.0432424396276474,2.49298068411008e-06,0.028511255979537964,-0.0216212198138237,0.009587641805410385,32,False,UNAVAILABLE,DISABLED,DISABLED,DISABLED,UNAVAILABLE,DISABLED
1171,0.0024209264665842056,3.913000455213478e-06,0.05665576457977295,-0.0475098192691803,1.956500227606739e-06,0.028327882289886475,-0.02375490963459015,0.006995854899287224,32,False,UNAVAILABLE,DISABLED,DISABLED,DISABLED,UNAVAILABLE,DISABLED
1172,0.003998106345534325,5.3434077926795e-06,0.05298042297363281,-0.047959208488464355,2.67170389633975e-06,0.026490211486816406,-0.023979604244232178,0.00651138462126255,32,False,UNAVAILABLE,DISABLED,DISABLED,DISABLED,UNAVAILABLE,DISABLED
1173,0.0029184347949922085,3.145208211208228e-06,0.05351954698562622,-0.06515419483184814,1.572604105604114e-06,0.02675977349281311,-0.03257709741592407,-0.002897316589951515,32,False,UNAVAILABLE,DISABLED,DISABLED,DISABLED,UNAVAILABLE,DISABLED
1174,0.0037880446761846542,7.557889148301911e-06,0.10403841733932495,-0.09089076519012451,3.7789445741509553e-06,0.052019208669662476,-0.045445382595062256,0.010365650057792664,32,False,UNAVAILABLE,DISABLED,DISABLED,DISABLED,UNAVAILABLE,DISABLED
1175,0.0024567008949816227,3.25223186337098e-06,0.05299621820449829,-0.05647490173578262,1.62611593168549e-06,0.026498109102249146,-0.02823745086789131,0.0007189847528934479,32,False,UNAVAILABLE,DISABLED,DISABLED,DISABLED,UNAVAILABLE,DISABLED
1176,0.003926088102161884,5.812566996610258e-06,0.08108556270599365,-0.0793277770280838,2.906283498305129e-06,0.040542781352996826,-0.0396638885140419,0.0048078857362270355,32,False,UNAVAILABLE,DISABLED,DISABLED,DISABLED,UNAVAILABLE,DISABLED
1177,0.003498114412650466,4.651074505090946e-06,0.08914840221405029,-0.055965498089790344,2.325537252545473e-06,0.044574201107025146,-0.027982749044895172,0.020091891288757324,32,False,UNAVAILABLE,DISABLED,DISABLED,DISABLED,UNAVAILABLE,DISABLED
1178,0.08013280481100082,4.198499482299667e-06,0.07282000780105591,-0.07853478193283081,2.0992497411498334e-06,0.036410003900527954,-0.039267390966415405,0.0772775188088417,32,False,UNAVAILABLE,DISABLED,DISABLED,DISABLED,UNAVAILABLE,DISABLED
1179,0.003413101891055703,4.651917151932139e-06,0.06420421600341797,-0.06511566042900085,2.3259585759660695e-06,0.032102108001708984,-0.03255783021450043,0.002959705889225006,32,False,UNAVAILABLE,DISABLED,DISABLED,DISABLED,UNAVAILABLE,DISABLED
1180,0.0041308291256427765,4.557665306492709e-06,0.057616233825683594,-0.035766616463661194,2.2788326532463543e-06,0.028808116912841797,-0.017883308231830597,0.015057917684316635,32,False,UNAVAILABLE,DISABLED,DISABLED,DISABLED,UNAVAILABLE,DISABLED
1181,0.002019602805376053,6.651151124970056e-06,0.08002841472625732,-0.006900142878293991,3.325575562485028e-06,0.04001420736312866,-0.0034500714391469955,0.0385870635509491,32,False,UNAVAILABLE,DISABLED,DISABLED,DISABLED,UNAVAILABLE,DISABLED
1182,0.0023815641179680824,6.523755018861266e-06,0.09774863719940186,-0.04485013335943222,3.261877509430633e-06,0.04887431859970093,-0.02242506667971611,0.028834078460931778,32,False,UNAVAILABLE,DISABLED,DISABLED,DISABLED,UNAVAILABLE,DISABLED
1183,0.004861787427216768,4.131669356866041e-06,0.06722784042358398,-0.05300717055797577,2.0658346784330206e-06,0.03361392021179199,-0.026503585278987885,0.011974189430475235,32,False,UNAVAILABLE,DISABLED,DISABLED,DISABLED,UNAVAILABLE,DISABLED
1184,0.0032173064537346363,3.6880187508359086e-06,0.04145705699920654,-0.04277408495545387,1.8440093754179543e-06,0.02072852849960327,-0.021387042477726936,0.002560636028647423,32,False,UNAVAILABLE,DISABLED,DISABLED,DISABLED,UNAVAILABLE,DISABLED
1185,0.0034929050598293543,3.351550276420312e-06,0.050252556800842285,-0.04765821993350983,1.675775138210156e-06,0.025126278400421143,-0.023829109966754913,0.004791749641299248,32,False,UNAVAILABLE,DISABLED,DISABLED,DISABLED,UNAVAILABLE,DISABLED
1186,0.003239769721403718,3.890739662892884e-06,0.05482792854309082,-0.03140880912542343,1.945369831446442e-06,0.02741396427154541,-0.015704404562711716,0.014951273798942566,32,False,UNAVAILABLE,DISABLED,DISABLED,DISABLED,UNAVAILABLE,DISABLED
1187,0.004584258422255516,7.820445716788527e-06,0.12893205881118774,-0.08054886013269424,3.910222858394263e-06,0.06446602940559387,-0.04027443006634712,0.0287797711789608,32,False,UNAVAILABLE,DISABLED,DISABLED,DISABLED,UNAVAILABLE,DISABLED
1188,0.0026889934670180082,3.435075313973357e-06,0.05824851989746094,-0.019757837057113647,1.7175376569866785e-06,0.02912425994873047,-0.009878918528556824,0.021936051547527313,32,False,UNAVAILABLE,DISABLED,DISABLED,DISABLED,UNAVAILABLE,DISABLED
1189,0.00239761034026742,3.113972297796863e-06,0.036267638206481934,-0.01528649777173996,1.5569861488984316e-06,0.018133819103240967,-0.00764324888586998,0.012889737263321877,32,False,UNAVAILABLE,DISABLED,DISABLED,DISABLED,UNAVAILABLE,DISABLED
1190,0.002606300637125969,4.534175332082668e-06,0.06514620780944824,-0.05253451317548752,2.267087666041334e-06,0.03257310390472412,-0.02626725658774376,0.008914414793252945,32,False,UNAVAILABLE,DISABLED,DISABLED,DISABLED,UNAVAILABLE,DISABLED
1191,0.002185144927352667,3.349164444443886e-06,0.050098538398742676,-0.016384832561016083,1.674582222221943e-06,0.025049269199371338,-0.008192416280508041,0.01904367282986641,32,False,UNAVAILABLE,DISABLED,DISABLED,DISABLED,UNAVAILABLE,DISABLED
1192,0.002059561898931861,3.0127671379887033e-06,0.050563693046569824,-0.03745321184396744,1.5063835689943517e-06,0.025281846523284912,-0.01872660592198372,0.008616309612989426,32,False,UNAVAILABLE,DISABLED,DISABLED,DISABLED,UNAVAILABLE,DISABLED
1193,0.003324891673400998,4.08968071496929e-06,0.0536537766456604,-0.00832384079694748,2.044840357484645e-06,0.0268268883228302,-0.00416192039847374,0.025991905480623245,32,False,UNAVAILABLE,DISABLED,DISABLED,DISABLED,UNAVAILABLE,DISABLED
1194,0.0019967621192336082,3.0735534437553724e-06,0.03405451774597168,-0.03532736748456955,1.5367767218776862e-06,0.01702725887298584,-0.017663683742284775,0.0013618730008602142,32,False,UNAVAILABLE,DISABLED,DISABLED,DISABLED,UNAVAILABLE,DISABLED
1195,0.0025064609944820404,4.188745151623152e-06,0.10291808843612671,-0.034147150814533234,2.094372575811576e-06,0.051459044218063354,-0.017073575407266617,0.036894023418426514,32,False,UNAVAILABLE,DISABLED,DISABLED,DISABLED,UNAVAILABLE,DISABLED
1196,0.005804751999676228,5.8510554481472354e-06,0.1377490758895874,-0.049220651388168335,2.9255277240736177e-06,0.0688745379447937,-0.024610325694084167,0.05007188767194748,32,False,UNAVAILABLE,DISABLED,DISABLED,DISABLED,UNAVAILABLE,DISABLED
1197,0.003231822280213237,4.09991980632185e-06,0.08605009317398071,-0.06356188654899597,2.049959903160925e-06,0.043025046586990356,-0.031780943274497986,0.01447797566652298,32,False,UNAVAILABLE,DISABLED,DISABLED,DISABLED,UNAVAILABLE,DISABLED
1198,0.004579842556267977,4.239625923219137e-06,0.06181460618972778,-0.027282238006591797,2.1198129616095684e-06,0.03090730309486389,-0.013641119003295898,0.021848145872354507,32,False,UNAVAILABLE,DISABLED,DISABLED,DISABLED,UNAVAILABLE,DISABLED
1199,0.00364133482798934,4.246465323376469e-06,0.07339107990264893,-0.038126297295093536,2.1232326616882347e-06,0.03669553995132446,-0.019063148647546768,0.021275848150253296,32,False,UNAVAILABLE,DISABLED,DISABLED,DISABLED,UNAVAILABLE,DISABLED
1200,0.007990023121237755,3.7759539281978505e-06,0.06895971298217773,-0.056462571024894714,1.8879769640989252e-06,0.03447985649108887,-0.028231285512447357,0.014240480959415436,32,False,UNAVAILABLE,DISABLED,DISABLED,DISABLED,UNAVAILABLE,DISABLED
1201,0.0029314295388758183,4.679610356106423e-06,0.08567452430725098,-0.002415783703327179,2.3398051780532114e-06,0.04283726215362549,-0.0012078918516635895,0.04456314072012901,32,False,UNAVAILABLE,DISABLED,DISABLED,DISABLED,UNAVAILABLE,DISABLED
1202,0.0032302052713930607,4.438935775397113e-06,0.05567294359207153,-0.023468419909477234,2.2194678876985563e-06,0.027836471796035767,-0.011734209954738617,0.019334686920046806,32,False,UNAVAILABLE,DISABLED,DISABLED,DISABLED,UNAVAILABLE,DISABLED
1203,0.003435892052948475,7.28231043467531e-06,0.0959276556968689,-0.02256491780281067,3.641155217337655e-06,0.04796382784843445,-0.011282458901405334,0.04012090340256691,32,False,UNAVAILABLE,DISABLED,DISABLED,DISABLED,UNAVAILABLE,DISABLED
1204,0.0029048400465399027,4.2830492930079345e-06,0.051981985569000244,-0.03545302152633667,2.1415246465039672e-06,0.025990992784500122,-0.017726510763168335,0.011171463876962662,32,False,UNAVAILABLE,DISABLED,DISABLED,DISABLED,UNAVAILABLE,DISABLED
1205,0.003380364505574107,4.232688297634013e-06,0.06955432891845703,-0.02598901093006134,2.1163441488170065e-06,0.034777164459228516,-0.01299450546503067,0.025165140628814697,32,False,UNAVAILABLE,DISABLED,DISABLED,DISABLED,UNAVAILABLE,DISABLED
1206,0.0029243845492601395,4.145234925090335e-06,0.050076842308044434,-0.015431031584739685,2.0726174625451677e-06,0.025038421154022217,-0.0077155157923698425,0.020249363034963608,32,False,UNAVAILABLE,DISABLED,DISABLED,DISABLED,UNAVAILABLE,DISABLED
1207,0.0035451215226203203,2.7141736609337386e-06,0.06573307514190674,-0.001880154013633728,1.3570868304668693e-06,0.03286653757095337,-0.000940077006816864,0.035472940653562546,32,False,UNAVAILABLE,DISABLED,DISABLED,DISABLED,UNAVAILABLE,DISABLED
1208,0.006631769705563784,6.0821580518677365e-06,0.05738019943237305,-0.010416612029075623,3.0410790259338683e-06,0.028690099716186523,-0.005208306014537811,0.030116602778434753,32,False,UNAVAILABLE,DISABLED,DISABLED,DISABLED,UNAVAILABLE,DISABLED
1209,0.0045842863619327545,3.440097998463898e-06,0.08515477180480957,-0.01614825427532196,1.720048999231949e-06,0.042577385902404785,-0.00807412713766098,0.03908926621079445,32,False,UNAVAILABLE,DISABLED,DISABLED,DISABLED,UNAVAILABLE,DISABLED
1210,0.00409639673307538,2.161057182092918e-06,0.01908242702484131,-0.004588410258293152,1.080528591046459e-06,0.009541213512420654,-0.002294205129146576,0.011344484984874725,32,False,UNAVAILABLE,DISABLED,DISABLED,DISABLED,UNAVAILABLE,DISABLED
1211,0.00499256094917655,7.05134698364418e-06,0.09996986389160156,-0.01979900896549225,3.52567349182209e-06,0.04998493194580078,-0.009899504482746124,0.04508151486515999,32,False,UNAVAILABLE,DISABLED,DISABLED,DISABLED,UNAVAILABLE,DISABLED
1212,0.0018155673751607537,4.290251126803923e-06,0.05637633800506592,-0.00978289544582367,2.1451255634019617e-06,0.02818816900253296,-0.004891447722911835,0.025114433839917183,32,False,UNAVAILABLE,DISABLED,DISABLED,DISABLED,UNAVAILABLE,DISABLED
1213,0.004175388254225254,4.81265806229203e-06,0.08168566226959229,-0.004136711359024048,2.406329031146015e-06,0.04084283113479614,-0.002068355679512024,0.042952269315719604,32,False,UNAVAILABLE,DISABLED,DISABLED,DISABLED,UNAVAILABLE,DISABLED
1214,0.003863970283418894,3.4366519230388803e-06,0.04490476846694946,0.0019644349813461304,1.7183259615194402e-06,0.02245238423347473,0.0009822174906730652,0.027300290763378143,32,False,UNAVAILABLE,DISABLED,DISABLED,DISABLED,UNAVAILABLE,DISABLED
1215,0.003352780593559146,3.928002570319222e-06,0.06225770711898804,-0.019957125186920166,1.964001285159611e-06,0.03112885355949402,-0.009978562593460083,0.02450503408908844,32,False,UNAVAILABLE,DISABLED,DISABLED,DISABLED,UNAVAILABLE,DISABLED
1216,0.003111152909696102,3.419032054807758e-06,0.06022930145263672,-0.016421601176261902,1.709516027403879e-06,0.03011465072631836,-0.008210800588130951,0.02501671388745308,32,False,UNAVAILABLE,DISABLED,DISABLED,DISABLED,UNAVAILABLE,DISABLED
1217,0.003333285916596651,4.754526344186161e-06,0.06503486633300781,-0.0071287602186203,2.3772631720930804e-06,0.032517433166503906,-0.00356438010931015,0.03228871524333954,32,False,UNAVAILABLE,DISABLED,DISABLED,DISABLED,UNAVAILABLE,DISABLED
1218,0.004784700460731983,2.9171740152378334e-06,0.03618419170379639,-0.01673024892807007,1.4585870076189167e-06,0.018092095851898193,-0.008365124464035034,0.014513131231069565,32,False,UNAVAILABLE,DISABLED,DISABLED,DISABLED,UNAVAILABLE,DISABLED
1219,0.004301821812987328,6.305892839009175e-06,0.05193972587585449,-0.012760251760482788,3.1529464195045875e-06,0.025969862937927246,-0.006380125880241394,0.023894712328910828,32,False,UNAVAILABLE,DISABLED,DISABLED,DISABLED,UNAVAILABLE,DISABLED
1220,0.005330863408744335,4.184275439911289e-06,0.053749918937683105,0.002418220043182373,2.0921377199556446e-06,0.026874959468841553,0.0012091100215911865,0.033417023718357086,32,False,UNAVAILABLE,DISABLED,DISABLED,DISABLED,UNAVAILABLE,DISABLED
1221,0.0025171898305416107,1.9276567400083877e-06,0.03273850679397583,-0.00022749602794647217,9.638283700041939e-07,0.016369253396987915,-0.00011374801397323608,0.01877366006374359,32,False,UNAVAILABLE,DISABLED,DISABLED,DISABLED,UNAVAILABLE,DISABLED
1222,0.003325394121930003,7.4857857725874055e-06,0.10307103395462036,0.03694075345993042,3.7428928862937028e-06,0.05153551697731018,0.01847037672996521,0.07333502918481827,32,False,UNAVAILABLE,DISABLED,DISABLED,DISABLED,UNAVAILABLE,DISABLED
1223,0.004573992919176817,4.905621153739048e-06,0.0702868103981018,-0.009872987866401672,2.452810576869524e-06,0.0351434051990509,-0.004936493933200836,0.03478335589170456,32,False,UNAVAILABLE,DISABLED,DISABLED,DISABLED,UNAVAILABLE,DISABLED
1224,0.0030982322059571743,4.891675416729413e-06,0.07279270887374878,-0.03706759214401245,2.4458377083647065e-06,0.03639635443687439,-0.018533796072006226,0.020963236689567566,32,False,UNAVAILABLE,DISABLED,DISABLED,DISABLED,UNAVAILABLE,DISABLED
1225,0.002377667697146535,5.335584319254849e-06,0.10480624437332153,-0.022066593170166016,2.6677921596274246e-06,0.05240312218666077,-0.011033296585083008,0.043750159442424774,32,False,UNAVAILABLE,DISABLED,DISABLED,DISABLED,UNAVAILABLE,DISABLED
1226,0.0037047092337161303,3.3106277896877145e-06,0.035584449768066406,-0.019993513822555542,1.6553138948438573e-06,0.017792224884033203,-0.009996756911277771,0.01150183193385601,32,False,UNAVAILABLE,DISABLED,DISABLED,DISABLED,UNAVAILABLE,DISABLED
1227,0.002330319257453084,3.3442554467910668e-06,0.024419546127319336,0.00715462863445282,1.6721277233955334e-06,0.012209773063659668,0.00357731431722641,0.018119078129529953,32,False,UNAVAILABLE,DISABLED,DISABLED,DISABLED,UNAVAILABLE,DISABLED
1228,0.003792273113504052,3.846624167636037e-06,0.03844332695007324,-0.03489889204502106,1.9233120838180184e-06,0.01922166347503662,-0.01744944602251053,0.005566414445638657,32,False,UNAVAILABLE,DISABLED,DISABLED,DISABLED,UNAVAILABLE,DISABLED
1229,0.1926528960466385,3.706843244799529e-06,0.05681169033050537,-0.0124129056930542,1.8534216223997646e-06,0.028405845165252686,-0.0062064528465271,0.2148541361093521,32,False,UNAVAILABLE,DISABLED,DISABLED,DISABLED,UNAVAILABLE,DISABLED
1230,0.003495781682431698,4.655394150177017e-06,0.05046123266220093,-0.03542083501815796,2.3276970750885084e-06,0.025230616331100464,-0.01771041750907898,0.011018307879567146,32,False,UNAVAILABLE,DISABLED,DISABLED,DISABLED,UNAVAILABLE,DISABLED
1231,0.0046440791338682175,3.887635557475733e-06,0.03824877738952637,-0.04711225628852844,1.9438177787378663e-06,0.019124388694763184,-0.02355612814426422,0.00021428242325782776,32,False,UNAVAILABLE,DISABLED,DISABLED,DISABLED,UNAVAILABLE,DISABLED
1232,0.00504507077857852,6.095380285842111e-06,0.06271028518676758,-0.04151526093482971,3.0476901429210557e-06,0.03135514259338379,-0.020757630467414856,0.015645630657672882,32,False,UNAVAILABLE,DISABLED,DISABLED,DISABLED,UNAVAILABLE,DISABLED
1233,0.0053855967707931995,3.5801979265670525e-06,0.04052990674972534,-0.010786890983581543,1.7900989632835262e-06,0.02026495337486267,-0.0053934454917907715,0.020258894190192223,32,False,UNAVAILABLE,DISABLED,DISABLED,DISABLED,UNAVAILABLE,DISABLED
1234,0.003059242619201541,6.464933449024102e-06,0.07018029689788818,-0.012592911720275879,3.232466724512051e-06,0.03509014844894409,-0.0062964558601379395,0.03185616806149483,32,False,UNAVAILABLE,DISABLED,DISABLED,DISABLED,UNAVAILABLE,DISABLED
1235,0.003497771453112364,2.9916104722360615e-06,0.02552056312561035,0.019718527793884277,1.4958052361180307e-06,0.012760281562805176,0.009859263896942139,0.026118813082575798,32,False,UNAVAILABLE,DISABLED,DISABLED,DISABLED,UNAVAILABLE,DISABLED
1236,0.25544771552085876,3.8341613617376424e-06,0.038564980030059814,-0.014062553644180298,1.9170806808688212e-06,0.019282490015029907,-0.007031276822090149,0.26770085096359253,32,False,UNAVAILABLE,DISABLED,DISABLED,DISABLED,UNAVAILABLE,DISABLED
1237,0.004789664410054684,3.5300311083119595e-06,0.04192239046096802,-0.034299761056900024,1.7650155541559798e-06,0.02096119523048401,-0.017149880528450012,0.008602743968367577,32,False,UNAVAILABLE,DISABLED,DISABLED,DISABLED,UNAVAILABLE,DISABLED
1238,0.003962208982557058,3.047901145691867e-06,0.032707393169403076,-0.027614355087280273,1.5239505728459335e-06,0.016353696584701538,-0.013807177543640137,0.006510252133011818,32,False,UNAVAILABLE,DISABLED,DISABLED,DISABLED,UNAVAILABLE,DISABLED
1239,0.003881648648530245,5.816797056468204e-06,0.06172597408294678,-0.05754953622817993,2.908398528234102e-06,0.03086298704147339,-0.028774768114089966,0.005972776561975479,32,False,UNAVAILABLE,DISABLED,DISABLED,DISABLED,UNAVAILABLE,DISABLED
1240,0.00654620910063386,6.1863725022703875e-06,0.11833947896957397,-0.06354919075965881,3.0931862511351937e-06,0.05916973948478699,-0.03177459537982941,0.03394444286823273,32,False,UNAVAILABLE,DISABLED,DISABLED,DISABLED,UNAVAILABLE,DISABLED
1241,0.005974194034934044,6.419625606213231e-06,0.0625951886177063,-0.017168939113616943,3.2098128031066153e-06,0.03129759430885315,-0.008584469556808472,0.028690528124570847,32,False,UNAVAILABLE,DISABLED,DISABLED,DISABLED,UNAVAILABLE,DISABLED
1242,0.0019543857779353857,7.536379598604981e-06,0.07103860378265381,-0.0029203295707702637,3.7681897993024904e-06,0.035519301891326904,-0.0014601647853851318,0.036017291247844696,32,False,UNAVAILABLE,DISABLED,DISABLED,DISABLED,UNAVAILABLE,DISABLED
1243,0.0028583405073732138,2.8720864975184668e-06,0.03324335813522339,-0.04609709978103638,1.4360432487592334e-06,0.016621679067611694,-0.02304854989051819,-0.0035670939832925797,32,False,UNAVAILABLE,DISABLED,DISABLED,DISABLED,UNAVAILABLE,DISABLED
1244,0.0035123832058161497,3.825811290880665e-06,0.04037749767303467,-0.03632986545562744,1.9129056454403326e-06,0.020188748836517334,-0.01816493272781372,0.005538111552596092,32,False,UNAVAILABLE,DISABLED,DISABLED,DISABLED,UNAVAILABLE,DISABLED
1245,0.0029379718471318483,3.0398150556720793e-06,0.046065449714660645,-0.03811699151992798,1.5199075278360397e-06,0.023032724857330322,-0.01905849575996399,0.006913721561431885,32,False,UNAVAILABLE,DISABLED,DISABLED,DISABLED,UNAVAILABLE,DISABLED
1246,0.0022439996246248484,2.4788973860268015e-06,0.018023252487182617,0.0005879998207092285,1.2394486930134008e-06,0.009011626243591309,0.00029399991035461426,0.01155086513608694,32,False,UNAVAILABLE,DISABLED,DISABLED,DISABLED,UNAVAILABLE,DISABLED
1247,0.0023813743609935045,6.005957402521744e-06,0.06413614749908447,-0.03427731990814209,3.002978701260872e-06,0.032068073749542236,-0.017138659954071045,0.017313789576292038,32,False,UNAVAILABLE,DISABLED,DISABLED,DISABLED,UNAVAILABLE,DISABLED
1248,0.0016527405241504312,3.2354296308767516e-06,0.01800447702407837,-0.017730683088302612,1.6177148154383758e-06,0.009002238512039185,-0.008865341544151306,0.0017912555485963821,32,False,UNAVAILABLE,DISABLED,DISABLED,DISABLED,UNAVAILABLE,DISABLED
1249,0.0039596473798155785,5.1037509365414735e-06,0.056171298027038574,-0.03128430247306824,2.5518754682707367e-06,0.028085649013519287,-0.01564215123653412,0.016405697911977768,32,False,UNAVAILABLE,DISABLED,DISABLED,DISABLED,UNAVAILABLE,DISABLED
1250,0.0027165666688233614,2.711973138502799e-06,0.028828740119934082,-0.0033149123191833496,1.3559865692513995e-06,0.014414370059967041,-0.0016574561595916748,0.015474837273359299,32,False,UNAVAILABLE,DISABLED,DISABLED,DISABLED,UNAVAILABLE,DISABLED
1251,0.0027917379047721624,4.270685167284682e-06,0.06176096200942993,-0.016730546951293945,2.135342583642341e-06,0.030880481004714966,-0.008365273475646973,0.025309082120656967,32,False,UNAVAILABLE,DISABLED,DISABLED,DISABLED,UNAVAILABLE,DISABLED
1252,0.002320560161024332,2.4209459752455587e-06,0.020249485969543457,0.001968681812286377,1.2104729876227793e-06,0.010124742984771729,0.0009843409061431885,0.013430854305624962,32,False,UNAVAILABLE,DISABLED,DISABLED,DISABLED,UNAVAILABLE,DISABLED
1253,0.003527214750647545,5.916274858464021e-06,0.0878874659538269,-0.02706700563430786,2.9581374292320106e-06,0.04394373297691345,-0.01353350281715393,0.033940404653549194,32,False,UNAVAILABLE,DISABLED,DISABLED,DISABLED,UNAVAILABLE,DISABLED
1254,0.0055097369477152824,5.423957190942019e-06,0.09396898746490479,-0.007421374320983887,2.7119785954710096e-06,0.04698449373245239,-0.0037106871604919434,0.04878625646233559,32,False,UNAVAILABLE,DISABLED,DISABLED,DISABLED,UNAVAILABLE,DISABLED
1255,0.0027499187272042036,5.565449100686237e-06,0.08217567205429077,0.0029858946800231934,2.7827245503431186e-06,0.041087836027145386,0.0014929473400115967,0.045333486050367355,32,False,UNAVAILABLE,DISABLED,DISABLED,DISABLED,UNAVAILABLE,DISABLED
1256,0.0031188561115413904,4.705901119450573e-06,0.06006276607513428,-0.016923964023590088,2.3529505597252864e-06,0.03003138303756714,-0.008461982011795044,0.02469060942530632,32,False,UNAVAILABLE,DISABLED,DISABLED,DISABLED,UNAVAILABLE,DISABLED
1257,0.005559131968766451,2.735512680374086e-06,0.03572404384613037,-0.019209325313568115,1.367756340187043e-06,0.017862021923065186,-0.009604662656784058,0.013817857950925827,32,False,UNAVAILABLE,DISABLED,DISABLED,DISABLED,UNAVAILABLE,DISABLED
1258,0.0029884856194257736,5.558696102525573e-06,0.07598042488098145,-0.04452291131019592,2.7793480512627866e-06,0.03799021244049072,-0.02226145565509796,0.018720023334026337,32,False,UNAVAILABLE,DISABLED,DISABLED,DISABLED,UNAVAILABLE,DISABLED
1259,0.002619007136672735,5.34785567651852e-06,0.06713783740997314,-0.03270590305328369,2.67392783825926e-06,0.03356891870498657,-0.016352951526641846,0.019837647676467896,32,False,UNAVAILABLE,DISABLED,DISABLED,DISABLED,UNAVAILABLE,DISABLED
1260,0.0022376326378434896,6.451898116210941e-06,0.06719470024108887,0.011028915643692017,3.2259490581054706e-06,0.033597350120544434,0.005514457821846008,0.04135266691446304,32,False,UNAVAILABLE,DISABLED,DISABLED,DISABLED,UNAVAILABLE,DISABLED
1261,0.004486225079745054,5.057745056546992e-06,0.04567915201187134,-0.014956355094909668,2.528872528273496e-06,0.02283957600593567,-0.007478177547454834,0.019850153475999832,32,False,UNAVAILABLE,DISABLED,DISABLED,DISABLED,UNAVAILABLE,DISABLED
1262,0.004767910111695528,1.650156150390103e-06,0.022510886192321777,-0.022854238748550415,8.250780751950515e-07,0.011255443096160889,-0.011427119374275208,0.004597058519721031,32,False,UNAVAILABLE,DISABLED,DISABLED,DISABLED,UNAVAILABLE,DISABLED
1263,0.11751138418912888,4.236117547407048e-06,0.09584343433380127,-0.02853909134864807,2.118058773703524e-06,0.047921717166900635,-0.014269545674324036,0.1511656790971756,32,False,UNAVAILABLE,DISABLED,DISABLED,DISABLED,UNAVAILABLE,DISABLED
1264,0.001780716935172677,5.911049811402336e-06,0.0758746862411499,0.014921814203262329,2.955524905701168e-06,0.03793734312057495,0.0074609071016311646,0.04718192294239998,32,False,UNAVAILABLE,DISABLED,DISABLED,DISABLED,UNAVAILABLE,DISABLED
1265,0.0032322751358151436,4.751841970573878e-06,0.03898423910140991,-0.006787419319152832,2.375920985286939e-06,0.019492119550704956,-0.003393709659576416,0.019333060830831528,32,False,UNAVAILABLE,DISABLED,DISABLED,DISABLED,UNAVAILABLE,DISABLED
1266,0.005734446924179792,4.63835931441281e-06,0.08316057920455933,-0.01646706461906433,2.319179657206405e-06,0.04158028960227966,-0.008233532309532166,0.03908352181315422,32,False,UNAVAILABLE,DISABLED,DISABLED,DISABLED,UNAVAILABLE,DISABLED
1267,0.0021230450365692377,2.237358330603456e-06,0.025477588176727295,-0.01504400372505188,1.118679165301728e-06,0.012738794088363647,-0.00752200186252594,0.007340956479310989,32,False,UNAVAILABLE,DISABLED,DISABLED,DISABLED,UNAVAILABLE,DISABLED
1268,0.0034901630133390427,3.938824647775618e-06,0.05333590507507324,0.0068430304527282715,1.969412323887809e-06,0.02666795253753662,0.0034215152263641357,0.03358159959316254,32,False,UNAVAILABLE,DISABLED,DISABLED,DISABLED,UNAVAILABLE,DISABLED
1269,0.0025216725189238787,3.944616764783859e-06,0.04128211736679077,-0.01410752534866333,1.9723083823919296e-06,0.020641058683395386,-0.007053762674331665,0.016110941767692566,32,False,UNAVAILABLE,DISABLED,DISABLED,DISABLED,UNAVAILABLE,DISABLED
1270,0.0024185776710510254,3.039788680325728e-06,0.026895999908447266,-0.025711655616760254,1.519894340162864e-06,0.013447999954223633,-0.012855827808380127,0.0030122697353363037,32,False,UNAVAILABLE,DISABLED,DISABLED,DISABLED,UNAVAILABLE,DISABLED
1271,0.0029011773876845837,5.441520443127956e-06,0.05699795484542847,-0.05164819955825806,2.720760221563978e-06,0.028498977422714233,-0.02582409977912903,0.005578774958848953,32,False,UNAVAILABLE,DISABLED,DISABLED,DISABLED,UNAVAILABLE,DISABLED
1272,0.002358008408918977,3.6856783935945714e-06,0.04953312873840332,0.01597428321838379,1.8428391967972857e-06,0.02476656436920166,0.007987141609191895,0.035113558173179626,32,False,UNAVAILABLE,DISABLED,DISABLED,DISABLED,UNAVAILABLE,DISABLED
1273,0.0039873188361525536,5.577580395765835e-06,0.04422652721405029,-0.002897202968597412,2.7887901978829177e-06,0.022113263607025146,-0.001448601484298706,0.024654770269989967,32,False,UNAVAILABLE,DISABLED,DISABLED,DISABLED,UNAVAILABLE,DISABLED
1274,0.0029121313709765673,7.294941042346181e-06,0.09873229265213013,0.018740057945251465,3.6474705211730907e-06,0.049366146326065063,0.009370028972625732,0.06165195256471634,32,False,UNAVAILABLE,DISABLED,DISABLED,DISABLED,UNAVAILABLE,DISABLED
1275,0.0027765422128140926,2.989438144140877e-06,0.023914575576782227,-0.0228118896484375,1.4947190720704384e-06,0.011957287788391113,-0.01140594482421875,0.0033293794840574265,32,False,UNAVAILABLE,DISABLED,DISABLED,DISABLED,UNAVAILABLE,DISABLED
1276,0.002427118830382824,2.2299395823210943e-06,0.02185976505279541,-0.009450078010559082,1.1149697911605472e-06,0.010929882526397705,-0.004725039005279541,0.008633077144622803,32,False,UNAVAILABLE,DISABLED,DISABLED,DISABLED,UNAVAILABLE,DISABLED
1277,0.047859612852334976,3.835910774796503e-06,0.069041907787323,0.0013447999954223633,1.9179553873982513e-06,0.0345209538936615,0.0006723999977111816,0.08305488526821136,32,False,UNAVAILABLE,DISABLED,DISABLED,DISABLED,UNAVAILABLE,DISABLED
1278,0.00246905954554677,3.2523926165595185e-06,0.06353282928466797,-0.03067314624786377,1.6261963082797593e-06,0.031766414642333984,-0.015336573123931885,0.01890052855014801,32,False,UNAVAILABLE,DISABLED,DISABLED,DISABLED,UNAVAILABLE,DISABLED
1279,0.0019198134541511536,4.4657845137408e-06,0.050545573234558105,-0.013559401035308838,2.2328922568704e-06,0.025272786617279053,-0.006779700517654419,0.020415132865309715,32,False,UNAVAILABLE,DISABLED,DISABLED,DISABLED,UNAVAILABLE,DISABLED
1280,0.0027775480411946774,3.7368465655163163e-06,0.055064857006073,-0.034691572189331055,1.8684232827581582e-06,0.0275324285030365,-0.017345786094665527,0.012966059148311615,32,False,UNAVAILABLE,DISABLED,DISABLED,DISABLED,UNAVAILABLE,DISABLED
1281,0.0013927631080150604,2.3145214527175995e-06,0.023149311542510986,0.0024942755699157715,1.1572607263587997e-06,0.011574655771255493,0.0012471377849578857,0.014215714298188686,32,False,UNAVAILABLE,DISABLED,DISABLED,DISABLED,UNAVAILABLE,DISABLED
1282,0.001748783397488296,5.176127615413861e-06,0.035701870918273926,-0.0011461973190307617,2.5880638077069307e-06,0.017850935459136963,-0.0005730986595153809,0.01902920752763748,32,False,UNAVAILABLE,DISABLED,DISABLED,DISABLED,UNAVAILABLE,DISABLED
1283,0.00258164806291461,2.738297325777239e-06,0.05868488550186157,-0.044581830501556396,1.3691486628886196e-06,0.029342442750930786,-0.022290915250778198,0.00963454321026802,32,False,UNAVAILABLE,DISABLED,DISABLED,DISABLED,UNAVAILABLE,DISABLED
1284,0.0025515789166092873,3.778051222980139e-06,0.030212581157684326,-0.036635756492614746,1.8890256114900694e-06,0.015106290578842163,-0.018317878246307373,-0.0006581190973520279,32,False,UNAVAILABLE,DISABLED,DISABLED,DISABLED,UNAVAILABLE,DISABLED
1285,0.0027018163818866014,6.601833320019068e-06,0.09906810522079468,-0.007427632808685303,3.300916660009534e-06,0.04953405261039734,-0.0037138164043426514,0.04852535203099251,32,False,UNAVAILABLE,DISABLED,DISABLED,DISABLED,UNAVAILABLE,DISABLED
1286,0.0017293777782469988,3.2184173051064136e-06,0.0356411337852478,0.017688751220703125,1.6092086525532068e-06,0.0178205668926239,0.008844375610351562,0.02839593030512333,32,False,UNAVAILABLE,DISABLED,DISABLED,DISABLED,UNAVAILABLE,DISABLED
1287,0.002087497850880027,3.4018034966720734e-06,0.03561192750930786,-0.015482902526855469,1.7009017483360367e-06,0.01780596375465393,-0.007741451263427734,0.012153711169958115,32,False,UNAVAILABLE,DISABLED,DISABLED,DISABLED,UNAVAILABLE,DISABLED
1288,0.0013041713973507285,2.9459390589181567e-06,0.03750187158584595,0.015241503715515137,1.4729695294590783e-06,0.018750935792922974,0.007620751857757568,0.027677331119775772,32,False,UNAVAILABLE,DISABLED,DISABLED,DISABLED,UNAVAILABLE,DISABLED
1289,0.0018372314516454935,2.5260176244046306e-06,0.028298139572143555,0.012525796890258789,1.2630088122023153e-06,0.014149069786071777,0.0062628984451293945,0.0222504623234272,32,False,UNAVAILABLE,DISABLED,DISABLED,DISABLED,UNAVAILABLE,DISABLED
1290,0.0024079419672489166,3.7844829421374016e-06,0.050447285175323486,-0.03949064016342163,1.8922414710687008e-06,0.025223642587661743,-0.019745320081710815,0.007888156920671463,32,False,UNAVAILABLE,DISABLED,DISABLED,DISABLED,UNAVAILABLE,DISABLED
1291,0.05496056750416756,3.474008281045826e-06,0.037245094776153564,0.004095554351806641,1.737004140522913e-06,0.018622547388076782,0.0020477771759033203,0.07563263177871704,32,False,UNAVAILABLE,DISABLED,DISABLED,DISABLED,UNAVAILABLE,DISABLED
1292,0.0026955080684274435,2.7673959266394377e-06,0.028393030166625977,-0.011528611183166504,1.3836979633197188e-06,0.014196515083312988,-0.005764305591583252,0.011129101738333702,32,False,UNAVAILABLE,DISABLED,DISABLED,DISABLED,UNAVAILABLE,DISABLED
1293,0.001677986583672464,2.8832855605287477e-06,0.019245505332946777,0.00770193338394165,1.4416427802643739e-06,0.009622752666473389,0.003850966691970825,0.015153147280216217,32,False,UNAVAILABLE,DISABLED,DISABLED,DISABLED,UNAVAILABLE,DISABLED
1294,0.0016044799704104662,4.981128768122289e-06,0.06834965944290161,-0.02240121364593506,2.4905643840611447e-06,0.034174829721450806,-0.01120060682296753,0.024581193923950195,32,False,UNAVAILABLE,DISABLED,DISABLED,DISABLED,UNAVAILABLE,DISABLED
1295,0.0026254714466631413,3.4095389764843276e-06,0.042314231395721436,-0.04114413261413574,1.7047694882421638e-06,0.021157115697860718,-0.02057206630706787,0.003212224692106247,32,False,UNAVAILABLE,DISABLED,DISABLED,DISABLED,UNAVAILABLE,DISABLED
1296,0.001766772591508925,6.000889243296115e-06,0.094562828540802,-0.03545743227005005,3.0004446216480574e-06,0.047281414270401,-0.017728716135025024,0.03132247179746628,32,False,UNAVAILABLE,DISABLED,DISABLED,DISABLED,UNAVAILABLE,DISABLED
1297,0.0012739272788167,2.5607860152376816e-06,0.036770522594451904,-0.018272578716278076,1.2803930076188408e-06,0.018385261297225952,-0.009136289358139038,0.01052417978644371,32,False,UNAVAILABLE,DISABLED,DISABLED,DISABLED,UNAVAILABLE,DISABLED
1298,0.0021268168929964304,4.6560721784771886e-06,0.04067385196685791,-0.007520616054534912,2.3280360892385943e-06,0.020336925983428955,-0.003760308027267456,0.018705762922763824,32,False,UNAVAILABLE,DISABLED,DISABLED,DISABLED,UNAVAILABLE,DISABLED
1299,0.002043161541223526,3.4191548365924973e-06,0.04074525833129883,0.014245808124542236,1.7095774182962487e-06,0.020372629165649414,0.007122904062271118,0.029540404677391052,32,False,UNAVAILABLE,DISABLED,DISABLED,DISABLED,UNAVAILABLE,DISABLED
1300,0.0019039330072700977,2.3038753624859964e-06,0.05368238687515259,-0.0017939209938049316,1.1519376812429982e-06,0.026841193437576294,-0.0008969604969024658,0.027849318459630013,32,False,UNAVAILABLE,DISABLED,DISABLED,DISABLED,UNAVAILABLE,DISABLED
1301,0.0012239625211805105,2.790078042380628e-06,0.02947854995727539,-0.007509708404541016,1.395039021190314e-06,0.014739274978637695,-0.003754854202270508,0.012209778651595116,32,False,UNAVAILABLE,DISABLED,DISABLED,DISABLED,UNAVAILABLE,DISABLED
1302,0.002638675505295396,4.454297140910057e-06,0.05935311317443848,-0.009126901626586914,2.2271485704550287e-06,0.02967655658721924,-0.004563450813293457,0.027754008769989014,32,False,UNAVAILABLE,DISABLED,DISABLED,DISABLED,UNAVAILABLE,DISABLED
1303,0.0020667349454015493,3.2363623176934198e-06,0.02864772081375122,-0.021227657794952393,1.6181811588467099e-06,0.01432386040687561,-0.010613828897476196,0.005778385326266289,32,False,UNAVAILABLE,DISABLED,DISABLED,DISABLED,UNAVAILABLE,DISABLED
1304,0.003939197398722172,4.330864157964243e-06,0.030309200286865234,-0.02697044610977173,2.1654320789821213e-06,0.015154600143432617,-0.013485223054885864,0.005610739812254906,32,False,UNAVAILABLE,DISABLED,DISABLED,DISABLED,UNAVAILABLE,DISABLED
1305,0.0017334461444988847,3.396299007363268e-06,0.04402816295623779,-0.015120387077331543,1.698149503681634e-06,0.022014081478118896,-0.0075601935386657715,0.016189031302928925,32,False,UNAVAILABLE,DISABLED,DISABLED,DISABLED,UNAVAILABLE,DISABLED
1306,0.0017013626638799906,3.153552597723319e-06,0.045709848403930664,-0.017789244651794434,1.5767762988616596e-06,0.022854924201965332,-0.008894622325897217,0.01566324196755886,32,False,UNAVAILABLE,DISABLED,DISABLED,DISABLED,UNAVAILABLE,DISABLED
1307,0.005838597659021616,2.2173430807015393e-06,0.0166013240814209,-0.017694056034088135,1.1086715403507696e-06,0.00830066204071045,-0.008847028017044067,0.0052933404222130775,32,False,UNAVAILABLE,DISABLED,DISABLED,DISABLED,UNAVAILABLE,DISABLED
1308,0.0023381805513054132,5.149402113602264e-06,0.07885676622390747,-0.015662848949432373,2.574701056801132e-06,0.039428383111953735,-0.007831424474716187,0.033937714993953705,32,False,UNAVAILABLE,DISABLED,DISABLED,DISABLED,UNAVAILABLE,DISABLED
1309,0.002167565980926156,6.047997430869145e-06,0.04584020376205444,-0.001224815845489502,3.0239987154345727e-06,0.02292010188102722,-0.000612407922744751,0.024478284642100334,32,False,UNAVAILABLE,DISABLED,DISABLED,DISABLED,UNAVAILABLE,DISABLED
1310,0.0016422716435045004,4.027215254609473e-06,0.056167781352996826,-0.04482865333557129,2.0136076273047365e-06,0.028083890676498413,-0.022414326667785645,0.007313849404454231,32,False,UNAVAILABLE,DISABLED,DISABLED,DISABLED,UNAVAILABLE,DISABLED
1311,0.0012806180166080594,2.5064737201319076e-06,0.04771775007247925,-0.01337498426437378,1.2532368600659538e-06,0.023858875036239624,-0.00668749213218689,0.01845325343310833,32,False,UNAVAILABLE,DISABLED,DISABLED,DISABLED,UNAVAILABLE,DISABLED
1312,0.0021362830884754658,3.130834784315084e-06,0.03061497211456299,-0.008860468864440918,1.565417392157542e-06,0.015307486057281494,-0.004430234432220459,0.013015100732445717,32,False,UNAVAILABLE,DISABLED,DISABLED,DISABLED,UNAVAILABLE,DISABLED
1313,0.0013892115093767643,5.790127488580765e-06,0.057195842266082764,0.013555347919464111,2.8950637442903826e-06,0.028597921133041382,0.006777673959732056,0.03676770254969597,32,False,UNAVAILABLE,DISABLED,DISABLED,DISABLED,UNAVAILABLE,DISABLED
1314,0.0018293343018740416,2.9702230222028447e-06,0.026344001293182373,-0.01967310905456543,1.4851115111014224e-06,0.013172000646591187,-0.009836554527282715,0.005166265182197094,32,False,UNAVAILABLE,DISABLED,DISABLED,DISABLED,UNAVAILABLE,DISABLED
1315,0.0015895040705800056,2.3534096271760063e-06,0.018866002559661865,0.006053149700164795,1.1767048135880032e-06,0.009433001279830933,0.0030265748500823975,0.014050256460905075,32,False,UNAVAILABLE,DISABLED,DISABLED,DISABLED,UNAVAILABLE,DISABLED
1316,0.002240270609036088,9.834726370172575e-06,0.06920003890991211,-0.03339272737503052,4.9173631850862876e-06,0.034600019454956055,-0.01669636368751526,0.02014884352684021,32,False,UNAVAILABLE,DISABLED,DISABLED,DISABLED,UNAVAILABLE,DISABLED
1317,0.0017449912847951055,2.370085667280364e-06,0.029261767864227295,0.00787121057510376,1.185042833640182e-06,0.014630883932113647,0.00393560528755188,0.020312665030360222,32,False,UNAVAILABLE,DISABLED,DISABLED,DISABLED,UNAVAILABLE,DISABLED
1318,0.002535661682486534,1.3441391274682246e-05,0.12276208400726318,-0.028366446495056152,6.720695637341123e-06,0.06138104200363159,-0.014183223247528076,0.049740202724933624,32,False,UNAVAILABLE,DISABLED,DISABLED,DISABLED,UNAVAILABLE,DISABLED
1319,0.0018276781775057316,2.748991619228036e-06,0.039504289627075195,-0.019434452056884766,1.374495809614018e-06,0.019752144813537598,-0.009717226028442383,0.011863971129059792,32,False,UNAVAILABLE,DISABLED,DISABLED,DISABLED,UNAVAILABLE,DISABLED
1320,0.001650057383812964,2.2077913399698446e-06,0.018476784229278564,0.0018551945686340332,1.1038956699849223e-06,0.009238392114639282,0.0009275972843170166,0.011817150749266148,32,False,UNAVAILABLE,DISABLED,DISABLED,DISABLED,UNAVAILABLE,DISABLED
1321,0.0018269746797159314,3.0796954888501205e-06,0.02723938226699829,-0.0064353346824646,1.5398477444250602e-06,0.013619691133499146,-0.0032176673412323,0.012230537831783295,32,False,UNAVAILABLE,DISABLED,DISABLED,DISABLED,UNAVAILABLE,DISABLED
1322,0.0011352354194968939,8.818938113108743e-06,0.09472119808197021,-0.024763107299804688,4.4094690565543715e-06,0.04736059904098511,-0.012381553649902344,0.03611868992447853,32,False,UNAVAILABLE,DISABLED,DISABLED,DISABLED,UNAVAILABLE,DISABLED
1323,0.0033397008664906025,4.396701569930883e-06,0.08688080310821533,-0.07583343982696533,2.1983507849654416e-06,0.043440401554107666,-0.037916719913482666,0.008865579962730408,32,False,UNAVAILABLE,DISABLED,DISABLED,DISABLED,UNAVAILABLE,DISABLED
1324,0.0012312531471252441,2.2591493689105846e-06,0.01744741201400757,-0.013376414775848389,1.1295746844552923e-06,0.008723706007003784,-0.006688207387924194,0.0032678814604878426,32,False,UNAVAILABLE,DISABLED,DISABLED,DISABLED,UNAVAILABLE,DISABLED
1325,0.0018963252659887075,4.668211204261752e-06,0.042550086975097656,-0.04085499048233032,2.334105602130876e-06,0.021275043487548828,-0.02042749524116516,0.0027462076395750046,32,False,UNAVAILABLE,DISABLED,DISABLED,DISABLED,UNAVAILABLE,DISABLED
1326,0.0018045419128611684,2.2937310859560966e-06,0.023075759410858154,-0.03028208017349243,1.1468655429780483e-06,0.011537879705429077,-0.015141040086746216,-0.0017974711954593658,32,False,UNAVAILABLE,DISABLED,DISABLED,DISABLED,UNAVAILABLE,DISABLED
1327,0.002172701060771942,7.804703272995539e-06,0.09705018997192383,-0.05401080846786499,3.9023516364977695e-06,0.048525094985961914,-0.027005404233932495,0.02369629591703415,32,False,UNAVAILABLE,DISABLED,DISABLED,DISABLED,UNAVAILABLE,DISABLED
1328,0.0014164436142891645,4.917828846373595e-06,0.06697183847427368,0.010071337223052979,2.4589144231867976e-06,0.03348591923713684,0.005035668611526489,0.0399404913187027,32,False,UNAVAILABLE,DISABLED,DISABLED,DISABLED,UNAVAILABLE,DISABLED
1329,0.0018621657509356737,2.335835461053648e-06,0.02372974157333374,-0.031375765800476074,1.167917730526824e-06,0.01186487078666687,-0.015687882900238037,-0.001959678716957569,32,False,UNAVAILABLE,DISABLED,DISABLED,DISABLED,UNAVAILABLE,DISABLED
1330,0.0032181604765355587,4.2110336835321505e-06,0.029217004776000977,-0.0071163177490234375,2.1055168417660752e-06,0.014608502388000488,-0.0035581588745117188,0.014270609244704247,32,False,UNAVAILABLE,DISABLED,DISABLED,DISABLED,UNAVAILABLE,DISABLED
1331,0.0014795860042795539,3.2965460832201643e-06,0.02799057960510254,-0.004222393035888672,1.6482730416100821e-06,0.01399528980255127,-0.002111196517944336,0.013365327380597591,32,False,UNAVAILABLE,DISABLED,DISABLED,DISABLED,UNAVAILABLE,DISABLED
1332,0.0015612156130373478,2.2029425963410176e-06,0.057778000831604004,-0.0577813982963562,1.1014712981705088e-06,0.028889000415802002,-0.0288906991481781,0.0015606191009283066,32,False,UNAVAILABLE,DISABLED,DISABLED,DISABLED,UNAVAILABLE,DISABLED
1333,0.001456262543797493,6.07445463174372e-06,0.10874617099761963,0.02173435688018799,3.03722731587186e-06,0.054373085498809814,0.010867178440093994,0.0666995644569397,32,False,UNAVAILABLE,DISABLED,DISABLED,DISABLED,UNAVAILABLE,DISABLED
1334,0.0033613655250519514,8.599306966061704e-06,0.05826890468597412,0.006750941276550293,4.299653483030852e-06,0.02913445234298706,0.0033754706382751465,0.0358755886554718,32,False,UNAVAILABLE,DISABLED,DISABLED,DISABLED,UNAVAILABLE,DISABLED
1335,0.0017231468809768558,3.2861344152479433e-06,0.05193907022476196,-0.04148381948471069,1.6430672076239716e-06,0.02596953511238098,-0.020741909742355347,0.006952416151762009,32,False,UNAVAILABLE,DISABLED,DISABLED,DISABLED,UNAVAILABLE,DISABLED
1336,0.001283577992580831,6.136142474133521e-06,0.06517034769058228,-0.04327821731567383,3.0680712370667607e-06,0.03258517384529114,-0.021639108657836914,0.012232709676027298,32,False,UNAVAILABLE,DISABLED,DISABLED,DISABLED,UNAVAILABLE,DISABLED
1337,0.0018905616598203778,2.334122655156534e-06,0.026404500007629395,-0.05168062448501587,1.167061327578267e-06,0.013202250003814697,-0.025840312242507935,-0.010746333748102188,32,False,UNAVAILABLE,DISABLED,DISABLED,DISABLED,UNAVAILABLE,DISABLED
1338,0.002193361520767212,1.5730815903225448e-06,0.015222370624542236,-0.03335893154144287,7.865407951612724e-07,0.007611185312271118,-0.016679465770721436,-0.00687413290143013,32,False,UNAVAILABLE,DISABLED,DISABLED,DISABLED,UNAVAILABLE,DISABLED
1339,0.001900459174066782,3.5275231766718207e-06,0.047424256801605225,-0.04228198528289795,1.7637615883359103e-06,0.023712128400802612,-0.021140992641448975,0.004473358392715454,32,False,UNAVAILABLE,DISABLED,DISABLED,DISABLED,UNAVAILABLE,DISABLED
1340,0.001195182092487812,4.594953225023346e-06,0.05489736795425415,-0.0331805944442749,2.297476612511673e-06,0.027448683977127075,-0.01659029722213745,0.012055866420269012,32,False,UNAVAILABLE,DISABLED,DISABLED,DISABLED,UNAVAILABLE,DISABLED
1341,0.0016268587205559015,3.8131995552248554e-06,0.030680954456329346,-0.01971215009689331,1.9065997776124277e-06,0.015340477228164673,-0.009856075048446655,0.007113168016076088,32,False,UNAVAILABLE,DISABLED,DISABLED,DISABLED,UNAVAILABLE,DISABLED
1342,0.001256451359950006,3.2698685572540853e-06,0.042861878871917725,-0.011428236961364746,1.6349342786270427e-06,0.021430939435958862,-0.005714118480682373,0.016974907368421555,32,False,UNAVAILABLE,DISABLED,DISABLED,DISABLED,UNAVAILABLE,DISABLED
1343,0.0015250442083925009,2.8905324143124744e-06,0.027261197566986084,-0.03248494863510132,1.4452662071562372e-06,0.013630598783493042,-0.01624247431755066,-0.0010853856801986694,32,False,UNAVAILABLE,DISABLED,DISABLED,DISABLED,UNAVAILABLE,DISABLED
1344,0.0023713649716228247,6.5504837039043196e-06,0.08521497249603271,-0.098457932472229,3.2752418519521598e-06,0.04260748624801636,-0.0492289662361145,-0.004246838390827179,32,False,UNAVAILABLE,DISABLED,DISABLED,DISABLED,UNAVAILABLE,DISABLED
1345,0.002033910946920514,5.377931302064098e-06,0.034355223178863525,-0.016770243644714355,2.688965651032049e-06,0.017177611589431763,-0.008385121822357178,0.01082908920943737,32,False,UNAVAILABLE,DISABLED,DISABLED,DISABLED,UNAVAILABLE,DISABLED
1346,0.0013898550532758236,1.958131633728044e-06,0.022771358489990234,-0.023834407329559326,9.79065816864022e-07,0.011385679244995117,-0.011917203664779663,0.0008593099191784859,32,False,UNAVAILABLE,DISABLED,DISABLED,DISABLED,UNAVAILABLE,DISABLED
1347,0.0015409780899062753,3.859893240587553e-06,0.04516369104385376,0.003352344036102295,1.9299466202937765e-06,0.02258184552192688,0.0016761720180511475,0.025800924748182297,32,False,UNAVAILABLE,DISABLED,DISABLED,DISABLED,UNAVAILABLE,DISABLED
1348,0.001427774433977902,3.995229690190172e-06,0.03615087270736694,-0.04443919658660889,1.997614845095086e-06,0.01807543635368347,-0.022219598293304443,-0.0027143899351358414,32,False,UNAVAILABLE,DISABLED,DISABLED,DISABLED,UNAVAILABLE,DISABLED
1349,0.001977864420041442,2.6766674636746757e-06,0.03536868095397949,-0.058337390422821045,1.3383337318373378e-06,0.017684340476989746,-0.029168695211410522,-0.009505152702331543,32,False,UNAVAILABLE,DISABLED,DISABLED,DISABLED,UNAVAILABLE,DISABLED
1350,0.0027698318008333445,6.177751856739633e-06,0.07338744401931763,-0.06019026041030884,3.0888759283698164e-06,0.036693722009658813,-0.03009513020515442,0.00937151163816452,32,False,UNAVAILABLE,DISABLED,DISABLED,DISABLED,UNAVAILABLE,DISABLED
1351,0.0025138247292488813,4.789750619238475e-06,0.04414302110671997,-0.0646904706954956,2.3948753096192377e-06,0.022071510553359985,-0.0323452353477478,-0.007757505401968956,32,False,UNAVAILABLE,DISABLED,DISABLED,DISABLED,UNAVAILABLE,DISABLED
1352,0.0014081874396651983,7.721524525550194e-06,0.0729401707649231,-0.02744603157043457,3.860762262775097e-06,0.03647008538246155,-0.013723015785217285,0.02415911853313446,32,False,UNAVAILABLE,DISABLED,DISABLED,DISABLED,UNAVAILABLE,DISABLED
1353,0.0019501709612086415,9.487692295806482e-06,0.10549402236938477,-0.06973612308502197,4.743846147903241e-06,0.05274701118469238,-0.034868061542510986,0.019833862781524658,32,False,UNAVAILABLE,DISABLED,DISABLED,DISABLED,UNAVAILABLE,DISABLED
1354,0.0015518945874646306,3.4539427815616364e-06,0.04696989059448242,-0.047921717166900635,1.7269713907808182e-06,0.02348494529724121,-0.023960858583450317,0.0010777078568935394,32,False,UNAVAILABLE,DISABLED,DISABLED,DISABLED,UNAVAILABLE,DISABLED
1355,0.0013392929686233401,2.7358496481610928e-06,0.026983022689819336,-0.034589290618896484,1.3679248240805464e-06,0.013491511344909668,-0.017294645309448242,-0.002462472766637802,32,False,UNAVAILABLE,DISABLED,DISABLED,DISABLED,UNAVAILABLE,DISABLED
1356,0.0029414058662950993,3.6220189940650016e-06,0.0705457329750061,-0.03808826208114624,1.8110094970325008e-06,0.03527286648750305,-0.01904413104057312,0.019171953201293945,32,False,UNAVAILABLE,DISABLED,DISABLED,DISABLED,UNAVAILABLE,DISABLED
1357,0.0021372458431869745,5.877757303096587e-06,0.0607793927192688,-0.004179775714874268,2.9388786515482934e-06,0.0303896963596344,-0.002089887857437134,0.030439991503953934,32,False,UNAVAILABLE,DISABLED,DISABLED,DISABLED,UNAVAILABLE,DISABLED
1358,0.0013080452335998416,4.420645382197108e-06,0.06430023908615112,-0.03973489999771118,2.210322691098554e-06,0.03215011954307556,-0.01986744999885559,0.013592924922704697,32,False,UNAVAILABLE,DISABLED,DISABLED,DISABLED,UNAVAILABLE,DISABLED
1359,0.002384776482358575,5.6754338402242865e-06,0.05662882328033447,-0.02277350425720215,2.8377169201121433e-06,0.028314411640167236,-0.011386752128601074,0.01931527443230152,32,False,UNAVAILABLE,DISABLED,DISABLED,DISABLED,UNAVAILABLE,DISABLED
1360,0.002539658220484853,4.76712511954247e-06,0.06808549165725708,-0.05586773157119751,2.383562559771235e-06,0.03404274582862854,-0.027933865785598755,0.008650921285152435,32,False,UNAVAILABLE,DISABLED,DISABLED,DISABLED,UNAVAILABLE,DISABLED
1361,0.001607897924259305,4.16712646256201e-06,0.049544334411621094,-0.009156405925750732,2.083563231281005e-06,0.024772167205810547,-0.004578202962875366,0.021803945302963257,32,False,UNAVAILABLE,DISABLED,DISABLED,DISABLED,UNAVAILABLE,DISABLED
1362,0.0012453329982236028,3.207846930308733e-06,0.033088505268096924,-0.03430068492889404,1.6039234651543666e-06,0.016544252634048462,-0.01715034246444702,0.0006408467888832092,32,False,UNAVAILABLE,DISABLED,DISABLED,DISABLED,UNAVAILABLE,DISABLED
1363,0.002562463516369462,9.471733392274473e-06,0.10473525524139404,-0.05502527952194214,4.7358666961372364e-06,0.05236762762069702,-0.02751263976097107,0.027422185987234116,32,False,UNAVAILABLE,DISABLED,DISABLED,DISABLED,UNAVAILABLE,DISABLED
1364,0.002612543758004904,3.840246790787205e-06,0.033016860485076904,-0.021197915077209473,1.9201233953936026e-06,0.016508430242538452,-0.010598957538604736,0.008523937314748764,32,False,UNAVAILABLE,DISABLED,DISABLED,DISABLED,UNAVAILABLE,DISABLED
1365,0.0016153749311342835,4.711832843895536e-06,0.04509156942367554,-0.03523033857345581,2.355916421947768e-06,0.02254578471183777,-0.017615169286727905,0.0065483469516038895,32,False,UNAVAILABLE,DISABLED,DISABLED,DISABLED,UNAVAILABLE,DISABLED
1366,0.002582474146038294,3.878124061884591e-06,0.02983611822128296,-0.016189396381378174,1.9390620309422957e-06,0.01491805911064148,-0.008094698190689087,0.009407773613929749,32,False,UNAVAILABLE,DISABLED,DISABLED,DISABLED,UNAVAILABLE,DISABLED
1367,0.001663303468376398,5.9991157286276575e-06,0.0753166675567627,-0.07802259922027588,2.9995578643138288e-06,0.03765833377838135,-0.03901129961013794,0.00031333789229393005,32,False,UNAVAILABLE,DISABLED,DISABLED,DISABLED,UNAVAILABLE,DISABLED
1368,0.0015956101706251502,2.5384119908267166e-06,0.0703967809677124,-0.08093202114105225,1.2692059954133583e-06,0.0351983904838562,-0.04046601057052612,-0.0036707408726215363,32,False,UNAVAILABLE,DISABLED,DISABLED,DISABLED,UNAVAILABLE,DISABLED
1369,0.001919863629154861,5.431761564977933e-06,0.07659363746643066,-0.04860919713973999,2.7158807824889664e-06,0.03829681873321533,-0.024304598569869995,0.01591479778289795,32,False,UNAVAILABLE,DISABLED,DISABLED,DISABLED,UNAVAILABLE,DISABLED
1370,0.0011996249668300152,2.6255565899191424e-06,0.023164033889770508,-0.01448601484298706,1.3127782949595712e-06,0.011582016944885254,-0.00724300742149353,0.005539947189390659,32,False,UNAVAILABLE,DISABLED,DISABLED,DISABLED,UNAVAILABLE,DISABLED
1371,0.001420634682290256,2.73106707027182e-06,0.10202383995056152,-0.07188481092453003,1.36553353513591e-06,0.05101191997528076,-0.035942405462265015,0.016491513699293137,32,False,UNAVAILABLE,DISABLED,DISABLED,DISABLED,UNAVAILABLE,DISABLED
1372,0.002657486591488123,1.0311545338481665e-05,0.13559764623641968,-0.047606825828552246,5.155772669240832e-06,0.06779882311820984,-0.023803412914276123,0.04665805399417877,32,False,UNAVAILABLE,DISABLED,DISABLED,DISABLED,UNAVAILABLE,DISABLED
1373,0.0016737203113734722,2.4416938231297536e-06,0.018743515014648438,-0.04544663429260254,1.2208469115648768e-06,0.009371757507324219,-0.02272331714630127,-0.011676618829369545,32,False,UNAVAILABLE,DISABLED,DISABLED,DISABLED,UNAVAILABLE,DISABLED
1374,0.0021249849814921618,4.998372787667904e-06,0.1089293360710144,-0.08050519227981567,2.499186393833952e-06,0.0544646680355072,-0.04025259613990784,0.016339555382728577,32,False,UNAVAILABLE,DISABLED,DISABLED,DISABLED,UNAVAILABLE,DISABLED
1375,0.003304323647171259,4.773616183229024e-06,0.05727076530456543,-0.07006168365478516,2.386808091614512e-06,0.028635382652282715,-0.03503084182739258,-0.003088749945163727,32,False,UNAVAILABLE,DISABLED,DISABLED,DISABLED,UNAVAILABLE,DISABLED
1376,0.0012903554597869515,5.295163646223955e-06,0.0779162049293518,0.0003132820129394531,2.6475818231119774e-06,0.0389581024646759,0.00015664100646972656,0.04040774703025818,32,False,UNAVAILABLE,DISABLED,DISABLED,DISABLED,UNAVAILABLE,DISABLED
1377,0.0016111591830849648,7.189196367107797e-06,0.08955079317092896,-0.019138693809509277,3.5945981835538987e-06,0.04477539658546448,-0.009569346904754639,0.036820802837610245,32,False,UNAVAILABLE,DISABLED,DISABLED,DISABLED,UNAVAILABLE,DISABLED
1378,0.0020519113168120384,4.408983841130976e-06,0.046646177768707275,-0.07108187675476074,2.204491920565488e-06,0.023323088884353638,-0.03554093837738037,-0.01016373373568058,32,False,UNAVAILABLE,DISABLED,DISABLED,DISABLED,UNAVAILABLE,DISABLED
1379,0.0023010314907878637,3.976281277573435e-06,0.07185178995132446,-0.05664491653442383,1.9881406387867173e-06,0.03592589497566223,-0.028322458267211914,0.009906455874443054,32,False,UNAVAILABLE,DISABLED,DISABLED,DISABLED,UNAVAILABLE,DISABLED
1380,0.0029091399628669024,3.2010811992222443e-06,0.028524339199066162,-0.04625594615936279,1.6005405996111222e-06,0.014262169599533081,-0.023127973079681396,-0.005955062806606293,32,False,UNAVAILABLE,DISABLED,DISABLED,DISABLED,UNAVAILABLE,DISABLED
1381,0.0017731754342094064,6.5376866587030236e-06,0.04547923803329468,-0.02688288688659668,3.2688433293515118e-06,0.02273961901664734,-0.01344144344329834,0.011074619367718697,32,False,UNAVAILABLE,DISABLED,DISABLED,DISABLED,UNAVAILABLE,DISABLED
1382,0.02521633170545101,4.060985702381004e-06,0.046767592430114746,-0.055049896240234375,2.030492851190502e-06,0.023383796215057373,-0.027524948120117188,0.02107720822095871,32,False,UNAVAILABLE,DISABLED,DISABLED,DISABLED,UNAVAILABLE,DISABLED
1383,0.0015175830340012908,5.25491714142845e-06,0.03739571571350098,-0.04147136211395264,2.627458570714225e-06,0.01869785785675049,-0.02073568105697632,-0.0005176123231649399,32,False,UNAVAILABLE,DISABLED,DISABLED,DISABLED,UNAVAILABLE,DISABLED
1384,0.0016211566980928183,4.917050318908878e-06,0.06166142225265503,-0.10925483703613281,2.458525159454439e-06,0.030830711126327515,-0.054627418518066406,-0.022173091769218445,32,False,UNAVAILABLE,DISABLED,DISABLED,DISABLED,UNAVAILABLE,DISABLED
1385,0.0018509423825889826,4.804325726581737e-06,0.04520207643508911,-0.05774354934692383,2.4021628632908687e-06,0.022601038217544556,-0.028871774673461914,-0.0044173914939165115,32,False,UNAVAILABLE,DISABLED,DISABLED,DISABLED,UNAVAILABLE,DISABLED
1386,0.002069273730739951,3.063968051719712e-06,0.030647575855255127,-0.0843656063079834,1.531984025859856e-06,0.015323787927627563,-0.0421828031539917,-0.024788210168480873,32,False,UNAVAILABLE,DISABLED,DISABLED,DISABLED,UNAVAILABLE,DISABLED
1387,0.0015009926864877343,3.7538122796831885e-06,0.05995672941207886,-0.09853315353393555,1.8769061398415943e-06,0.02997836470603943,-0.04926657676696777,-0.017785340547561646,32,False,UNAVAILABLE,DISABLED,DISABLED,DISABLED,UNAVAILABLE,DISABLED
1388,0.001654421561397612,7.154712420742726e-06,0.08099305629730225,-0.09765195846557617,3.577356210371363e-06,0.04049652814865112,-0.048825979232788086,-0.006671451032161713,32,False,UNAVAILABLE,DISABLED,DISABLED,DISABLED,UNAVAILABLE,DISABLED
1389,0.0015144208446145058,6.367682090058224e-06,0.08683651685714722,-0.010825276374816895,3.183841045029112e-06,0.04341825842857361,-0.005412638187408447,0.03952322527766228,32,False,UNAVAILABLE,DISABLED,DISABLED,DISABLED,UNAVAILABLE,DISABLED
1390,0.002109688939526677,4.3349023144401144e-06,0.046930670738220215,-0.07639205455780029,2.1674511572200572e-06,0.023465335369110107,-0.038196027278900146,-0.012618836015462875,32,False,UNAVAILABLE,DISABLED,DISABLED,DISABLED,UNAVAILABLE,DISABLED
1391,0.001532816095277667,2.546219320720411e-06,0.027449727058410645,-0.05139577388763428,1.2731096603602055e-06,0.013724863529205322,-0.02569788694381714,-0.010438933968544006,32,False,UNAVAILABLE,DISABLED,DISABLED,DISABLED,UNAVAILABLE,DISABLED
1392,0.0014811017317697406,5.47457420907449e-06,0.03688991069793701,-0.0571366548538208,2.737287104537245e-06,0.018444955348968506,-0.0285683274269104,-0.008639533072710037,32,False,UNAVAILABLE,DISABLED,DISABLED,DISABLED,UNAVAILABLE,DISABLED
1393,0.0019145318074151874,3.1617000786354765e-06,0.04474806785583496,-0.08907628059387207,1.5808500393177383e-06,0.02237403392791748,-0.044538140296936035,-0.020247993990778923,32,False,UNAVAILABLE,DISABLED,DISABLED,DISABLED,UNAVAILABLE,DISABLED
1394,0.0030176055151969194,7.90176636655815e-06,0.10201609134674072,-0.10141992568969727,3.950883183279075e-06,0.05100804567337036,-0.05070996284484863,0.0033196397125720978,32,False,UNAVAILABLE,DISABLED,DISABLED,DISABLED,UNAVAILABLE,DISABLED
1395,0.0023530249018222094,2.4620060230517993e-06,0.039297401905059814,-0.06439971923828125,1.2310030115258996e-06,0.019648700952529907,-0.032199859619140625,-0.010196901857852936,32,False,UNAVAILABLE,DISABLED,DISABLED,DISABLED,UNAVAILABLE,DISABLED
1396,0.0028083445504307747,4.43647741121822e-06,0.05640155076980591,-0.0899742841720581,2.21823870560911e-06,0.028200775384902954,-0.04498714208602905,-0.013975804671645164,32,False,UNAVAILABLE,DISABLED,DISABLED,DISABLED,UNAVAILABLE,DISABLED
1397,0.001400945708155632,4.953354164172197e-06,0.055797696113586426,-0.023409247398376465,2.4766770820860984e-06,0.027898848056793213,-0.011704623699188232,0.01759764738380909,32,False,UNAVAILABLE,DISABLED,DISABLED,DISABLED,UNAVAILABLE,DISABLED
1398,0.0018770028837025166,5.083435098640621e-06,0.03764939308166504,-0.05090975761413574,2.5417175493203104e-06,0.01882469654083252,-0.02545487880706787,-0.004750637337565422,32,False,UNAVAILABLE,DISABLED,DISABLED,DISABLED,UNAVAILABLE,DISABLED
1399,0.0014761084457859397,4.129401986574521e-06,0.04278022050857544,-0.05730307102203369,2.0647009932872606e-06,0.02139011025428772,-0.028651535511016846,-0.005783252418041229,32,False,UNAVAILABLE,DISABLED,DISABLED,DISABLED,UNAVAILABLE,DISABLED
1400,0.002599286148324609,4.631627689377638e-06,0.07236850261688232,-0.0558009147644043,2.315813844688819e-06,0.03618425130844116,-0.02790045738220215,0.010885395109653473,32,False,UNAVAILABLE,DISABLED,DISABLED,DISABLED,UNAVAILABLE,DISABLED
1401,0.0014553292421624064,5.056843292550184e-06,0.03882789611816406,-0.010611772537231445,2.528421646275092e-06,0.01941394805908203,-0.005305886268615723,0.015565918758511543,32,False,UNAVAILABLE,DISABLED,DISABLED,DISABLED,UNAVAILABLE,DISABLED
1402,0.0015098432777449489,3.6038522921444383e-06,0.03776824474334717,-0.06518125534057617,1.8019261460722191e-06,0.018884122371673584,-0.032590627670288086,-0.012194860726594925,32,False,UNAVAILABLE,DISABLED,DISABLED,DISABLED,UNAVAILABLE,DISABLED
1403,0.25448036193847656,2.9693158012378262e-06,0.030118882656097412,-0.0561140775680542,1.4846579006189131e-06,0.015059441328048706,-0.0280570387840271,0.24148425459861755,32,False,UNAVAILABLE,DISABLED,DISABLED,DISABLED,UNAVAILABLE,DISABLED
1404,0.004255881067365408,4.399190856929636e-06,0.04498732089996338,-0.014087319374084473,2.199595428464818e-06,0.02249366044998169,-0.007043659687042236,0.01970808207988739,32,False,UNAVAILABLE,DISABLED,DISABLED,DISABLED,UNAVAILABLE,DISABLED
1405,0.0016309546772390604,7.275576535903383e-06,0.12942618131637573,-0.043921470642089844,3.6377882679516915e-06,0.06471309065818787,-0.021960735321044922,0.04438694566488266,32,False,UNAVAILABLE,DISABLED,DISABLED,DISABLED,UNAVAILABLE,DISABLED
1406,0.0019419505260884762,4.1980720197898336e-06,0.03682452440261841,-0.04535365104675293,2.0990360098949168e-06,0.018412262201309204,-0.022676825523376465,-0.002320513129234314,32,False,UNAVAILABLE,DISABLED,DISABLED,DISABLED,UNAVAILABLE,DISABLED
1407,0.2583808898925781,5.820560090796789e-06,0.04419368505477905,-0.057064056396484375,2.9102800453983946e-06,0.022096842527389526,-0.028532028198242188,0.25194862484931946,32,False,UNAVAILABLE,DISABLED,DISABLED,DISABLED,UNAVAILABLE,DISABLED
1408,0.0015613845316693187,8.561765753256623e-06,0.08508586883544922,-0.0011671781539916992,4.280882876628311e-06,0.04254293441772461,-0.0005835890769958496,0.04352501034736633,32,False,UNAVAILABLE,DISABLED,DISABLED,DISABLED,UNAVAILABLE,DISABLED
1409,0.0016621565446257591,3.054606395380688e-06,0.0920799970626831,-0.08019518852233887,1.527303197690344e-06,0.04603999853134155,-0.040097594261169434,0.007606089115142822,32,False,UNAVAILABLE,DISABLED,DISABLED,DISABLED,UNAVAILABLE,DISABLED
1410,0.0024059179704636335,4.236912900523748e-06,0.035865187644958496,-0.03277790546417236,2.118456450261874e-06,0.017932593822479248,-0.01638895273208618,0.003951678052544594,32,False,UNAVAILABLE,DISABLED,DISABLED,DISABLED,UNAVAILABLE,DISABLED
1411,0.0016514516901224852,3.118973836535588e-06,0.03268563747406006,-0.041501641273498535,1.559486918267794e-06,0.01634281873703003,-0.020750820636749268,-0.0027549900114536285,32,False,UNAVAILABLE,DISABLED,DISABLED,DISABLED,UNAVAILABLE,DISABLED
1412,0.0013154090847820044,6.306850536930142e-06,0.0665973424911499,-0.00459134578704834,3.153425268465071e-06,0.03329867124557495,-0.00229567289352417,0.03232156112790108,32,False,UNAVAILABLE,DISABLED,DISABLED,DISABLED,UNAVAILABLE,DISABLED
1413,0.001955419545993209,4.475950845517218e-06,0.04441565275192261,-0.023074746131896973,2.237975422758609e-06,0.022207826375961304,-0.011537373065948486,0.012628110125660896,32,False,UNAVAILABLE,DISABLED,DISABLED,DISABLED,UNAVAILABLE,DISABLED
1414,0.0017137955874204636,3.414087359487894e-06,0.03898698091506958,-0.015583634376525879,1.707043679743947e-06,0.01949349045753479,-0.0077918171882629395,0.01341717503964901,32,False,UNAVAILABLE,DISABLED,DISABLED,DISABLED,UNAVAILABLE,DISABLED
1415,0.0014354827580973506,3.6044871194462758e-06,0.028750896453857422,-0.018276691436767578,1.8022435597231379e-06,0.014375448226928711,-0.009138345718383789,0.006674386560916901,32,False,UNAVAILABLE,DISABLED,DISABLED,DISABLED,UNAVAILABLE,DISABLED
1416,0.0021349587477743626,7.669280421396252e-06,0.08693236112594604,-0.03847658634185791,3.834640210698126e-06,0.04346618056297302,-0.019238293170928955,0.02636668086051941,32,False,UNAVAILABLE,DISABLED,DISABLED,DISABLED,UNAVAILABLE,DISABLED
1417,0.0017245454946532845,4.365761014923919e-06,0.04484075307846069,-0.01643848419189453,2.1828805074619595e-06,0.022420376539230347,-0.008219242095947266,0.015927862375974655,32,False,UNAVAILABLE,DISABLED,DISABLED,DISABLED,UNAVAILABLE,DISABLED
1418,0.0013738526031374931,5.104814590595197e-06,0.04048413038253784,-0.005008697509765625,2.5524072952975985e-06,0.02024206519126892,-0.0025043487548828125,0.019114121794700623,32,False,UNAVAILABLE,DISABLED,DISABLED,DISABLED,UNAVAILABLE,DISABLED
1419,0.0041960543021559715,6.998005119385198e-06,0.06765472888946533,-0.0037250518798828125,3.499002559692599e-06,0.033827364444732666,-0.0018625259399414062,0.03616439178586006,32,False,UNAVAILABLE,DISABLED,DISABLED,DISABLED,UNAVAILABLE,DISABLED
1420,0.0015642715152353048,3.781414534387295e-06,0.061979055404663086,-0.05989670753479004,1.8907072671936476e-06,0.030989527702331543,-0.02994835376739502,0.002607334405183792,32,False,UNAVAILABLE,DISABLED,DISABLED,DISABLED,UNAVAILABLE,DISABLED
1421,0.0020094565115869045,9.855406460701488e-06,0.08043360710144043,0.00014019012451171875,4.927703230350744e-06,0.040216803550720215,7.009506225585938e-05,0.04230128228664398,32,False,UNAVAILABLE,DISABLED,DISABLED,DISABLED,UNAVAILABLE,DISABLED
1422,0.0026987700257450342,3.1198467240756145e-06,0.061723947525024414,-0.0333857536315918,1.5599233620378072e-06,0.030861973762512207,-0.0166928768157959,0.016869425773620605,32,False,UNAVAILABLE,DISABLED,DISABLED,DISABLED,UNAVAILABLE,DISABLED
1423,0.18018847703933716,5.188346676732181e-06,0.04462075233459473,0.009811162948608398,2.5941733383660903e-06,0.022310376167297363,0.004905581474304199,0.20740702748298645,32,False,UNAVAILABLE,DISABLED,DISABLED,DISABLED,UNAVAILABLE,DISABLED
1424,0.002315566875040531,2.997080173372524e-06,0.08502620458602905,-0.0410158634185791,1.498540086686262e-06,0.042513102293014526,-0.02050793170928955,0.024322234094142914,32,False,UNAVAILABLE,DISABLED,DISABLED,DISABLED,UNAVAILABLE,DISABLED
1425,0.17976348102092743,5.733267698815325e-06,0.07239454984664917,-0.003323078155517578,2.8666338494076626e-06,0.036197274923324585,-0.001661539077758789,0.21430207788944244,32,False,UNAVAILABLE,DISABLED,DISABLED,DISABLED,UNAVAILABLE,DISABLED
1426,0.001553901587612927,6.946781468286645e-06,0.0633460283279419,-0.05078482627868652,3.4733907341433223e-06,0.03167301416397095,-0.02539241313934326,0.007837977260351181,32,False,UNAVAILABLE,DISABLED,DISABLED,DISABLED,UNAVAILABLE,DISABLED
1427,0.0016700848937034607,4.976177933713188e-06,0.03611350059509277,-0.011697053909301758,2.488088966856594e-06,0.018056750297546387,-0.005848526954650879,0.013880796730518341,32,False,UNAVAILABLE,DISABLED,DISABLED,DISABLED,UNAVAILABLE,DISABLED
1428,0.0018502373713999987,3.660361016954994e-06,0.04274851083755493,-0.07807636260986328,1.830180508477497e-06,0.021374255418777466,-0.03903818130493164,-0.0158118586987257,32,False,UNAVAILABLE,DISABLED,DISABLED,DISABLED,UNAVAILABLE,DISABLED
1429,0.001733515877276659,2.7332202989782672e-06,0.04548364877700806,-0.08757638931274414,1.3666101494891336e-06,0.02274182438850403,-0.04378819465637207,-0.019311487674713135,32,False,UNAVAILABLE,DISABLED,DISABLED,DISABLED,UNAVAILABLE,DISABLED
1430,0.0016922776121646166,5.684036750608357e-06,0.03755688667297363,-0.029747962951660156,2.8420183753041783e-06,0.018778443336486816,-0.014873981475830078,0.005599580705165863,32,False,UNAVAILABLE,DISABLED,DISABLED,DISABLED,UNAVAILABLE,DISABLED
1431,0.002256522886455059,3.1152626434050035e-06,0.04084581136703491,-0.019593238830566406,1.5576313217025017e-06,0.020422905683517456,-0.009796619415283203,0.012884367257356644,32,False,UNAVAILABLE,DISABLED,DISABLED,DISABLED,UNAVAILABLE,DISABLED
1432,0.0016742326552048326,3.44034788213321e-06,0.04601961374282837,-0.035247087478637695,1.720173941066605e-06,0.023009806871414185,-0.017623543739318848,0.007062215358018875,32,False,UNAVAILABLE,DISABLED,DISABLED,DISABLED,UNAVAILABLE,DISABLED
1433,0.0018177260644733906,4.039138730149716e-06,0.05756270885467529,-0.06593728065490723,2.019569365074858e-06,0.028781354427337646,-0.03296864032745361,-0.002367541193962097,32,False,UNAVAILABLE,DISABLED,DISABLED,DISABLED,UNAVAILABLE,DISABLED
1434,0.0022630959283560514,6.827802280895412e-06,0.06518244743347168,-0.02303004264831543,3.413901140447706e-06,0.03259122371673584,-0.011515021324157715,0.023342713713645935,32,False,UNAVAILABLE,DISABLED,DISABLED,DISABLED,UNAVAILABLE,DISABLED
1435,0.003991585690528154,3.868304247589549e-06,0.03486919403076172,-0.06656908988952637,1.9341521237947745e-06,0.01743459701538086,-0.033284544944763184,-0.011856427416205406,32,False,UNAVAILABLE,DISABLED,DISABLED,DISABLED,UNAVAILABLE,DISABLED
1436,0.0026921816170215607,6.438451691792579e-06,0.08011353015899658,-0.01593613624572754,3.2192258458962897e-06,0.04005676507949829,-0.00796806812286377,0.03478409722447395,32,False,UNAVAILABLE,DISABLED,DISABLED,DISABLED,UNAVAILABLE,DISABLED
1437,0.0017520926194265485,5.1795354920614045e-06,0.06518149375915527,-0.07000088691711426,2.5897677460307023e-06,0.03259074687957764,-0.03500044345855713,-0.0006550140678882599,32,False,UNAVAILABLE,DISABLED,DISABLED,DISABLED,UNAVAILABLE,DISABLED
1438,0.002088590757921338,3.6250585253583267e-06,0.0497051477432251,-0.013856172561645508,1.8125292626791634e-06,0.02485257387161255,-0.006928086280822754,0.020014891400933266,32,False,UNAVAILABLE,DISABLED,DISABLED,DISABLED,UNAVAILABLE,DISABLED
1439,0.0016632912447676063,3.137127578156651e-06,0.052755117416381836,-0.05788421630859375,1.5685637890783255e-06,0.026377558708190918,-0.028942108154296875,-0.0008996892720460892,32,False,UNAVAILABLE,DISABLED,DISABLED,DISABLED,UNAVAILABLE,DISABLED
1440,0.0013803429901599884,5.315750968293287e-06,0.06304025650024414,-0.08765387535095215,2.6578754841466434e-06,0.03152012825012207,-0.043826937675476074,-0.010923810303211212,32,False,UNAVAILABLE,DISABLED,DISABLED,DISABLED,UNAVAILABLE,DISABLED
1441,0.0017249237280339003,3.3088660984503804e-06,0.04938209056854248,-0.0511934757232666,1.6544330492251902e-06,0.02469104528427124,-0.0255967378616333,0.0008208863437175751,32,False,UNAVAILABLE,DISABLED,DISABLED,DISABLED,UNAVAILABLE,DISABLED
1442,0.0038396818563342094,3.4260915526829194e-06,0.037961483001708984,-0.06107687950134277,1.7130457763414597e-06,0.018980741500854492,-0.030538439750671387,-0.007716303691267967,32,False,UNAVAILABLE,DISABLED,DISABLED,DISABLED,UNAVAILABLE,DISABLED
1443,0.0021176214795559645,3.6272140278015286e-06,0.09543222188949585,-0.08283185958862305,1.8136070139007643e-06,0.047716110944747925,-0.04141592979431152,0.008419618010520935,32,False,UNAVAILABLE,DISABLED,DISABLED,DISABLED,UNAVAILABLE,DISABLED
1444,0.0017720885807648301,3.42916723639064e-06,0.04011732339859009,-0.05363941192626953,1.71458361819532e-06,0.020058661699295044,-0.026819705963134766,-0.004987241700291634,32,False,UNAVAILABLE,DISABLED,DISABLED,DISABLED,UNAVAILABLE,DISABLED
1445,0.0014584111049771309,5.813406005472643e-06,0.06792688369750977,-0.06665611267089844,2.9067030027363217e-06,0.03396344184875488,-0.03332805633544922,0.002096705138683319,32,False,UNAVAILABLE,DISABLED,DISABLED,DISABLED,UNAVAILABLE,DISABLED
1446,0.00276701501570642,4.869775239058072e-06,0.0646938681602478,-0.05747652053833008,2.434887619529036e-06,0.0323469340801239,-0.02873826026916504,0.00637812539935112,32,False,UNAVAILABLE,DISABLED,DISABLED,DISABLED,UNAVAILABLE,DISABLED
1447,0.004646541550755501,5.715938186767744e-06,0.038317978382110596,-0.061602115631103516,2.857969093383872e-06,0.019158989191055298,-0.030801057815551758,-0.006992669776082039,32,False,UNAVAILABLE,DISABLED,DISABLED,DISABLED,UNAVAILABLE,DISABLED
1448,0.0018892685184255242,6.752994067937834e-06,0.0564579963684082,-0.03691411018371582,3.376497033968917e-06,0.0282289981842041,-0.01845705509185791,0.011664588004350662,32,False,UNAVAILABLE,DISABLED,DISABLED,DISABLED,UNAVAILABLE,DISABLED
1449,0.0019159582443535328,3.7985471408319427e-06,0.03432422876358032,-0.07109498977661133,1.8992735704159713e-06,0.01716211438179016,-0.035547494888305664,-0.016467522829771042,32,False,UNAVAILABLE,DISABLED,DISABLED,DISABLED,UNAVAILABLE,DISABLED
1450,0.0015327810542657971,5.1490228543116245e-06,0.053524672985076904,-0.10405206680297852,2.5745114271558123e-06,0.026762336492538452,-0.05202603340148926,-0.02372834086418152,32,False,UNAVAILABLE,DISABLED,DISABLED,DISABLED,UNAVAILABLE,DISABLED
1451,0.001988742733374238,2.1676232790923677e-06,0.028901278972625732,-0.03506612777709961,1.0838116395461839e-06,0.014450639486312866,-0.017533063888549805,-0.0010925978422164917,32,False,UNAVAILABLE,DISABLED,DISABLED,DISABLED,UNAVAILABLE,DISABLED
1452,0.0016424731584265828,4.801035629498074e-06,0.05536836385726929,-0.06488823890686035,2.400517814749037e-06,0.027684181928634644,-0.032444119453430176,-0.0031150635331869125,32,False,UNAVAILABLE,DISABLED,DISABLED,DISABLED,UNAVAILABLE,DISABLED
1453,0.001749610062688589,7.441267825925024e-06,0.06475305557250977,-0.10339593887329102,3.720633912962512e-06,0.03237652778625488,-0.05169796943664551,-0.017568111419677734,32,False,UNAVAILABLE,DISABLED,DISABLED,DISABLED,UNAVAILABLE,DISABLED
1454,0.0015418485272675753,2.6789671210281085e-06,0.035972416400909424,-0.039940834045410156,1.3394835605140543e-06,0.017986208200454712,-0.019970417022705078,-0.00044102035462856293,32,False,UNAVAILABLE,DISABLED,DISABLED,DISABLED,UNAVAILABLE,DISABLED
1455,0.0014768738765269518,8.332568540936336e-06,0.0731363296508789,-0.05257296562194824,4.166284270468168e-06,0.03656816482543945,-0.02628648281097412,0.011762723326683044,32,False,UNAVAILABLE,DISABLED,DISABLED,DISABLED,UNAVAILABLE,DISABLED
1456,0.0013255045050755143,5.085643351776525e-06,0.11112385988235474,-0.12088966369628906,2.5428216758882627e-06,0.05556192994117737,-0.06044483184814453,-0.003554854542016983,32,False,UNAVAILABLE,DISABLED,DISABLED,DISABLED,UNAVAILABLE,DISABLED
1457,0.0015134485438466072,5.265395429887576e-06,0.05936771631240845,-0.07198715209960938,2.632697714943788e-06,0.029683858156204224,-0.03599357604980469,-0.004793636500835419,32,False,UNAVAILABLE,DISABLED,DISABLED,DISABLED,UNAVAILABLE,DISABLED
1458,0.0015472224913537502,4.595450263877865e-06,0.05024397373199463,-0.13707232475280762,2.2977251319389325e-06,0.025121986865997314,-0.06853616237640381,-0.041864655911922455,32,False,UNAVAILABLE,DISABLED,DISABLED,DISABLED,UNAVAILABLE,DISABLED
1459,0.0018824576400220394,2.5556862510711653e-06,0.02778470516204834,-0.03390979766845703,1.2778431255355827e-06,0.01389235258102417,-0.016954898834228516,-0.0011788103729486465,32,False,UNAVAILABLE,DISABLED,DISABLED,DISABLED,UNAVAILABLE,DISABLED
1460,0.002256543142721057,3.955215106543619e-06,0.06406313180923462,-0.11437106132507324,1.9776075532718096e-06,0.03203156590461731,-0.05718553066253662,-0.022895444184541702,32,False,UNAVAILABLE,DISABLED,DISABLED,DISABLED,UNAVAILABLE,DISABLED
1461,0.0015657725743949413,3.3022558909578947e-06,0.04335254430770874,-0.09308099746704102,1.6511279454789474e-06,0.02167627215385437,-0.04654049873352051,-0.02329680323600769,32,False,UNAVAILABLE,DISABLED,DISABLED,DISABLED,UNAVAILABLE,DISABLED
1462,0.0025459208991378546,3.6454641758609796e-06,0.045155465602874756,-0.08392643928527832,1.8227320879304898e-06,0.022577732801437378,-0.04196321964263916,-0.016837742179632187,32,False,UNAVAILABLE,DISABLED,DISABLED,DISABLED,UNAVAILABLE,DISABLED
1463,0.001754692872054875,3.324756335132406e-06,0.06441003084182739,-0.08638215065002441,1.662378167566203e-06,0.032205015420913696,-0.04319107532501221,-0.009229704737663269,32,False,UNAVAILABLE,DISABLED,DISABLED,DISABLED,UNAVAILABLE,DISABLED
1464,0.0018209554255008698,7.206849204521859e-06,0.061235666275024414,-0.08025550842285156,3.6034246022609295e-06,0.030617833137512207,-0.04012775421142578,-0.007685363292694092,32,False,UNAVAILABLE,DISABLED,DISABLED,DISABLED,UNAVAILABLE,DISABLED
1465,0.0016079050255939364,3.077901737924549e-06,0.031190872192382812,-0.07039117813110352,1.5389508689622744e-06,0.015595436096191406,-0.03519558906555176,-0.017990708351135254,32,False,UNAVAILABLE,DISABLED,DISABLED,DISABLED,UNAVAILABLE,DISABLED
1466,0.0014608120545744896,4.668487690651091e-06,0.03598505258560181,-0.04999136924743652,2.3342438453255454e-06,0.017992526292800903,-0.02499568462371826,-0.005540011450648308,32,False,UNAVAILABLE,DISABLED,DISABLED,DISABLED,UNAVAILABLE,DISABLED
1467,0.0015736620407551527,6.919346105860313e-06,0.055824339389801025,-0.07721900939941406,3.4596730529301567e-06,0.027912169694900513,-0.03860950469970703,-0.009120212867856026,32,False,UNAVAILABLE,DISABLED,DISABLED,DISABLED,UNAVAILABLE,DISABLED
1468,0.0015897273551672697,5.501870873558801e-06,0.07921427488327026,-0.14773130416870117,2.7509354367794003e-06,0.03960713744163513,-0.07386565208435059,-0.03266603499650955,32,False,UNAVAILABLE,DISABLED,DISABLED,DISABLED,UNAVAILABLE,DISABLED
1469,0.001689369441010058,5.576639978244202e-06,0.05327105522155762,-0.09800243377685547,2.788319989122101e-06,0.02663552761077881,-0.049001216888427734,-0.020673532038927078,32,False,UNAVAILABLE,DISABLED,DISABLED,DISABLED,UNAVAILABLE,DISABLED
1470,0.00166569952853024,7.719231689407025e-06,0.11502337455749512,-0.1364908218383789,3.859615844703512e-06,0.05751168727874756,-0.06824541091918945,-0.009064164012670517,32,False,UNAVAILABLE,DISABLED,DISABLED,DISABLED,UNAVAILABLE,DISABLED
1471,0.0018894573440775275,4.646517481887713e-06,0.04342758655548096,-0.10543274879455566,2.3232587409438565e-06,0.02171379327774048,-0.05271637439727783,-0.029110800474882126,32,False,UNAVAILABLE,DISABLED,DISABLED,DISABLED,UNAVAILABLE,DISABLED
1472,0.001562655670568347,3.7804388739459682e-06,0.06035947799682617,-0.11610722541809082,1.8902194369729841e-06,0.030179738998413086,-0.05805361270904541,-0.02630932629108429,32,False,UNAVAILABLE,DISABLED,DISABLED,DISABLED,UNAVAILABLE,DISABLED
1473,0.0013660844415426254,6.0728698372258805e-06,0.06621891260147095,-0.10818171501159668,3.0364349186129402e-06,0.033109456300735474,-0.05409085750579834,-0.019612278789281845,32,False,UNAVAILABLE,DISABLED,DISABLED,DISABLED,UNAVAILABLE,DISABLED
1474,0.0014638821594417095,9.035770744958427e-06,0.08005601167678833,-0.11834716796875,4.517885372479213e-06,0.040028005838394165,-0.059173583984375,-0.017677176743745804,32,False,UNAVAILABLE,DISABLED,DISABLED,DISABLED,UNAVAILABLE,DISABLED
1475,0.002960082609206438,4.074782737006899e-06,0.03909963369369507,-0.12883472442626953,2.0373913685034495e-06,0.019549816846847534,-0.06441736221313477,-0.04190542548894882,32,False,UNAVAILABLE,DISABLED,DISABLED,DISABLED,UNAVAILABLE,DISABLED
1476,0.001761271501891315,4.051737505506026e-06,0.0537109375,-0.10656189918518066,2.025868752753013e-06,0.02685546875,-0.05328094959259033,-0.024662183597683907,32,False,UNAVAILABLE,DISABLED,DISABLED,DISABLED,UNAVAILABLE,DISABLED
1477,0.001666075550019741,4.212758540234063e-06,0.05204278230667114,-0.1255474090576172,2.1063792701170314e-06,0.02602139115333557,-0.0627737045288086,-0.035084132105112076,32,False,UNAVAILABLE,DISABLED,DISABLED,DISABLED,UNAVAILABLE,DISABLED
1478,0.0026353744324296713,5.97096914134454e-06,0.05708897113800049,-0.1215658187866211,2.98548457067227e-06,0.028544485569000244,-0.06078290939331055,-0.02960006333887577,32,False,UNAVAILABLE,DISABLED,DISABLED,DISABLED,UNAVAILABLE,DISABLED
1479,0.0025227260775864124,2.8650845251831925e-06,0.029398679733276367,-0.08207249641418457,1.4325422625915962e-06,0.014699339866638184,-0.041036248207092285,-0.023812750354409218,32,False,UNAVAILABLE,DISABLED,DISABLED,DISABLED,UNAVAILABLE,DISABLED
1480,0.0019430873217061162,4.808047833648743e-06,0.07128947973251343,-0.15755653381347656,2.4040239168243716e-06,0.035644739866256714,-0.07877826690673828,-0.041188035160303116,32,False,UNAVAILABLE,DISABLED,DISABLED,DISABLED,UNAVAILABLE,DISABLED
1481,0.0017767593963071704,4.2139536162721924e-06,0.038754820823669434,-0.1135554313659668,2.1069768081360962e-06,0.019377410411834717,-0.0567777156829834,-0.035621438175439835,32,False,UNAVAILABLE,DISABLED,DISABLED,DISABLED,UNAVAILABLE,DISABLED
1482,0.0015998842427507043,5.61280467081815e-06,0.06762498617172241,-0.12972307205200195,2.806402335409075e-06,0.033812493085861206,-0.06486153602600098,-0.029446352273225784,32,False,UNAVAILABLE,DISABLED,DISABLED,DISABLED,UNAVAILABLE,DISABLED
1483,0.0016060167690739036,6.684997060801834e-06,0.07848328351974487,-0.16612529754638672,3.342498530400917e-06,0.039241641759872437,-0.08306264877319336,-0.04221164807677269,32,False,UNAVAILABLE,DISABLED,DISABLED,DISABLED,UNAVAILABLE,DISABLED
1484,0.0014824226964265108,4.183714281680295e-06,0.04200029373168945,-0.10918068885803223,2.0918571408401476e-06,0.021000146865844727,-0.05459034442901611,-0.03210568428039551,32,False,UNAVAILABLE,DISABLED,DISABLED,DISABLED,UNAVAILABLE,DISABLED
1485,0.001579673495143652,4.374688614916522e-06,0.0655902624130249,-0.1701526641845703,2.187344307458261e-06,0.03279513120651245,-0.08507633209228516,-0.05069933831691742,32,False,UNAVAILABLE,DISABLED,DISABLED,DISABLED,UNAVAILABLE,DISABLED
1486,0.00194762262981385,3.0032301765459124e-06,0.05995488166809082,-0.10362744331359863,1.5016150882729562e-06,0.02997744083404541,-0.051813721656799316,-0.019887156784534454,32,False,UNAVAILABLE,DISABLED,DISABLED,DISABLED,UNAVAILABLE,DISABLED
1487,0.0013572060270234942,4.299658485251712e-06,0.0617329478263855,-0.11312437057495117,2.149829242625856e-06,0.03086647391319275,-0.056562185287475586,-0.024336356669664383,32,False,UNAVAILABLE,DISABLED,DISABLED,DISABLED,UNAVAILABLE,DISABLED
1488,0.0017718279268592596,2.1924961401964538e-06,0.06694048643112183,-0.05513262748718262,1.0962480700982269e-06,0.03347024321556091,-0.02756631374359131,0.007676854729652405,32,False,UNAVAILABLE,DISABLED,DISABLED,DISABLED,UNAVAILABLE,DISABLED
1489,0.0019232694758102298,7.998418368515559e-06,0.0661739706993103,-0.14631390571594238,3.999209184257779e-06,0.03308698534965515,-0.07315695285797119,-0.038142699748277664,32,False,UNAVAILABLE,DISABLED,DISABLED,DISABLED,UNAVAILABLE,DISABLED
1490,0.0016125356778502464,6.850525096524507e-06,0.07518762350082397,-0.14198780059814453,3.4252625482622534e-06,0.03759381175041199,-0.07099390029907227,-0.03178412839770317,32,False,UNAVAILABLE,DISABLED,DISABLED,DISABLED,UNAVAILABLE,DISABLED
1491,0.0017173660453408957,3.1414297154697124e-06,0.048623740673065186,-0.1477372646331787,1.5707148577348562e-06,0.024311870336532593,-0.07386863231658936,-0.04783782362937927,32,False,UNAVAILABLE,DISABLED,DISABLED,DISABLED,UNAVAILABLE,DISABLED
1492,0.002827722579240799,3.726518343682983e-06,0.05198848247528076,-0.1312425136566162,1.8632591718414915e-06,0.02599424123764038,-0.0656212568283081,-0.036797430366277695,32,False,UNAVAILABLE,DISABLED,DISABLED,DISABLED,UNAVAILABLE,DISABLED
1493,0.002456809626892209,4.1074081309488975e-06,0.061027586460113525,-0.18163490295410156,2.0537040654744487e-06,0.030513793230056763,-0.09081745147705078,-0.057844795286655426,32,False,UNAVAILABLE,DISABLED,DISABLED,DISABLED,UNAVAILABLE,DISABLED
1494,0.001620726310648024,2.9504810754588107e-06,0.10154008865356445,-0.15694499015808105,1.4752405377294053e-06,0.05077004432678223,-0.07847249507904053,-0.02608025074005127,32,False,UNAVAILABLE,DISABLED,DISABLED,DISABLED,UNAVAILABLE,DISABLED
1495,0.0015362690901383758,7.879652912379242e-06,0.09904015064239502,-0.14229965209960938,3.939826456189621e-06,0.04952007532119751,-0.07114982604980469,-0.020089540630578995,32,False,UNAVAILABLE,DISABLED,DISABLED,DISABLED,UNAVAILABLE,DISABLED
1496,0.0012450763024389744,7.782028660585638e-06,0.07685768604278564,-0.17414617538452148,3.891014330292819e-06,0.03842884302139282,-0.08707308769226074,-0.04739527776837349,32,False,UNAVAILABLE,DISABLED,DISABLED,DISABLED,UNAVAILABLE,DISABLED
1497,0.0017006327398121357,4.4154248826089315e-06,0.05639314651489258,-0.14915823936462402,2.2077124413044658e-06,0.02819657325744629,-0.07457911968231201,-0.044679705053567886,32,False,UNAVAILABLE,DISABLED,DISABLED,DISABLED,UNAVAILABLE,DISABLED
1498,0.0022991844452917576,4.787926172866719e-06,0.046947360038757324,-0.14555740356445312,2.3939630864333594e-06,0.023473680019378662,-0.07277870178222656,-0.04700344428420067,32,False,UNAVAILABLE,DISABLED,DISABLED,DISABLED,UNAVAILABLE,DISABLED
1499,0.0015262074302881956,2.6874381546804216e-06,0.02823495864868164,-0.07662725448608398,1.3437190773402108e-06,0.01411747932434082,-0.03831362724304199,-0.022668596357107162,32,False,UNAVAILABLE,DISABLED,DISABLED,DISABLED,UNAVAILABLE,DISABLED
1500,0.0013689930783584714,3.6355850170366466e-06,0.04707455635070801,-0.11509370803833008,1.8177925085183233e-06,0.023537278175354004,-0.05754685401916504,-0.03263876587152481,32,False,UNAVAILABLE,DISABLED,DISABLED,DISABLED,UNAVAILABLE,DISABLED
1501,0.0017942911945283413,4.1887801671691705e-06,0.06407588720321655,-0.14223909378051758,2.0943900835845852e-06,0.032037943601608276,-0.07111954689025879,-0.037285216152668,32,False,UNAVAILABLE,DISABLED,DISABLED,DISABLED,UNAVAILABLE,DISABLED
1502,0.002233249368146062,4.4105345295974985e-06,0.04882347583770752,-0.15026473999023438,2.2052672647987492e-06,0.02441173791885376,-0.07513236999511719,-0.048485174775123596,32,False,UNAVAILABLE,DISABLED,DISABLED,DISABLED,UNAVAILABLE,DISABLED
1503,0.0016423906199634075,4.681813607021468e-06,0.044734954833984375,-0.12056469917297363,2.340906803510734e-06,0.022367477416992188,-0.060282349586486816,-0.0362701416015625,32,False,UNAVAILABLE,DISABLED,DISABLED,DISABLED,UNAVAILABLE,DISABLED
1504,0.0017412023153156042,3.829033630609047e-06,0.040609538555145264,-0.16018199920654297,1.9145168153045233e-06,0.020304769277572632,-0.08009099960327148,-0.058043114840984344,32,False,UNAVAILABLE,DISABLED,DISABLED,DISABLED,UNAVAILABLE,DISABLED
1505,0.001345609431155026,7.631766493432224e-06,0.13820159435272217,-0.2109696865081787,3.815883246716112e-06,0.06910079717636108,-0.10548484325408936,-0.03503461927175522,32,False,UNAVAILABLE,DISABLED,DISABLED,DISABLED,UNAVAILABLE,DISABLED
1506,0.0014645092887803912,4.093822553841164e-06,0.06480854749679565,-0.1732332706451416,2.046911276920582e-06,0.03240427374839783,-0.0866166353225708,-0.05274580419063568,32,False,UNAVAILABLE,DISABLED,DISABLED,DISABLED,UNAVAILABLE,DISABLED
1507,0.0016013126587495208,4.259640718373703e-06,0.055848777294158936,-0.1652379035949707,2.1298203591868514e-06,0.027924388647079468,-0.08261895179748535,-0.05309111997485161,32,False,UNAVAILABLE,DISABLED,DISABLED,DISABLED,UNAVAILABLE,DISABLED
1508,0.001280659926123917,3.9085275602701586e-06,0.05548971891403198,-0.11924982070922852,1.9542637801350793e-06,0.02774485945701599,-0.05962491035461426,-0.030597437173128128,32,False,UNAVAILABLE,DISABLED,DISABLED,DISABLED,UNAVAILABLE,DISABLED
1509,0.002281925641000271,6.869564913358772e-06,0.09303230047225952,-0.18733787536621094,3.434782456679386e-06,0.04651615023612976,-0.09366893768310547,-0.04486742615699768,32,False,UNAVAILABLE,DISABLED,DISABLED,DISABLED,UNAVAILABLE,DISABLED
1510,0.0016147170681506395,2.7491576020111097e-06,0.05740398168563843,-0.14867472648620605,1.3745788010055549e-06,0.028701990842819214,-0.07433736324310303,-0.04401928186416626,32,False,UNAVAILABLE,DISABLED,DISABLED,DISABLED,UNAVAILABLE,DISABLED
1511,0.0018088329816237092,3.955426564061781e-06,0.05380457639694214,-0.16878437995910645,1.9777132820308907e-06,0.02690228819847107,-0.08439218997955322,-0.055679090321063995,32,False,UNAVAILABLE,DISABLED,DISABLED,DISABLED,UNAVAILABLE,DISABLED
1512,0.001974723534658551,6.4703617681516334e-06,0.09564369916915894,-0.19976091384887695,3.2351808840758167e-06,0.04782184958457947,-0.09988045692443848,-0.05008064955472946,32,False,UNAVAILABLE,DISABLED,DISABLED,DISABLED,UNAVAILABLE,DISABLED
1513,0.0017359541961923242,6.617703093070304e-06,0.08721894025802612,-0.17375540733337402,3.308851546535152e-06,0.04360947012901306,-0.08687770366668701,-0.04152897000312805,32,False,UNAVAILABLE,DISABLED,DISABLED,DISABLED,UNAVAILABLE,DISABLED
1514,0.00141484709456563,7.076384008541936e-06,0.05723249912261963,-0.14902853965759277,3.538192004270968e-06,0.028616249561309814,-0.07451426982879639,-0.04447963461279869,32,False,UNAVAILABLE,DISABLED,DISABLED,DISABLED,UNAVAILABLE,DISABLED
1515,0.002050131792202592,3.918201855412917e-06,0.09165525436401367,-0.14265012741088867,1.9591009277064586e-06,0.045827627182006836,-0.07132506370544434,-0.02344534546136856,32,False,UNAVAILABLE,DISABLED,DISABLED,DISABLED,UNAVAILABLE,DISABLED
1516,0.0016040917253121734,5.280998720991192e-06,0.06068962812423706,-0.17799687385559082,2.640499360495596e-06,0.03034481406211853,-0.08899843692779541,-0.05704689025878906,32,False,UNAVAILABLE,DISABLED,DISABLED,DISABLED,UNAVAILABLE,DISABLED
1517,0.0016603312687948346,7.254553111124551e-06,0.0868157148361206,-0.2266225814819336,3.6272765555622755e-06,0.0434078574180603,-0.1133112907409668,-0.0682394802570343,32,False,UNAVAILABLE,DISABLED,DISABLED,DISABLED,UNAVAILABLE,DISABLED
1518,0.0027886657044291496,2.3474888166674646e-06,0.03722059726715088,-0.14015603065490723,1.1737444083337323e-06,0.01861029863357544,-0.07007801532745361,-0.048677876591682434,32,False,UNAVAILABLE,DISABLED,DISABLED,DISABLED,UNAVAILABLE,DISABLED
1519,0.002381453989073634,5.014002454117872e-06,0.08125835657119751,-0.2108597755432129,2.507001227058936e-06,0.040629178285598755,-0.10542988777160645,-0.06241674721240997,32,False,UNAVAILABLE,DISABLED,DISABLED,DISABLED,UNAVAILABLE,DISABLED
1520,0.001447383314371109,9.040919394465163e-06,0.13947629928588867,-0.19899630546569824,4.520459697232582e-06,0.06973814964294434,-0.09949815273284912,-0.028308100998401642,32,False,UNAVAILABLE,DISABLED,DISABLED,DISABLED,UNAVAILABLE,DISABLED
1521,0.0015750941820442677,1.169467213912867e-05,0.1254752278327942,-0.229874849319458,5.847336069564335e-06,0.0627376139163971,-0.114937424659729,-0.05061887204647064,32,False,UNAVAILABLE,DISABLED,DISABLED,DISABLED,UNAVAILABLE,DISABLED
1522,0.001246183761395514,8.868318218446802e-06,0.09933531284332275,-0.18709731101989746,4.434159109223401e-06,0.04966765642166138,-0.09354865550994873,-0.042630381882190704,32,False,UNAVAILABLE,DISABLED,DISABLED,DISABLED,UNAVAILABLE,DISABLED
1523,0.001382034970447421,1.3194294297136366e-05,0.1610490083694458,-0.1646716594696045,6.597147148568183e-06,0.0805245041847229,-0.08233582973480225,-0.00042269378900527954,32,False,UNAVAILABLE,DISABLED,DISABLED,DISABLED,UNAVAILABLE,DISABLED
1524,0.0018597146263346076,7.707362783548888e-06,0.10752558708190918,-0.21464157104492188,3.853681391774444e-06,0.05376279354095459,-0.10732078552246094,-0.05169442296028137,32,False,UNAVAILABLE,DISABLED,DISABLED,DISABLED,UNAVAILABLE,DISABLED
1525,0.0015542744658887386,4.824053121410543e-06,0.09051895141601562,-0.23692893981933594,2.4120265607052715e-06,0.04525947570800781,-0.11846446990966797,-0.07164830714464188,32,False,UNAVAILABLE,DISABLED,DISABLED,DISABLED,UNAVAILABLE,DISABLED
1526,0.0013723104493692517,4.683987299358705e-06,0.05789172649383545,-0.16939473152160645,2.3419936496793525e-06,0.028945863246917725,-0.08469736576080322,-0.05437684804201126,32,False,UNAVAILABLE,DISABLED,DISABLED,DISABLED,UNAVAILABLE,DISABLED
1527,0.0015053336974233389,5.791909188701538e-06,0.08526480197906494,-0.1461198329925537,2.895954594350769e-06,0.04263240098953247,-0.07305991649627686,-0.028919287025928497,32,False,UNAVAILABLE,DISABLED,DISABLED,DISABLED,UNAVAILABLE,DISABLED
1528,0.0018399220425635576,4.167216957284836e-06,0.06342059373855591,-0.20306062698364258,2.083608478642418e-06,0.031710296869277954,-0.10153031349182129,-0.06797800958156586,32,False,UNAVAILABLE,DISABLED,DISABLED,DISABLED,UNAVAILABLE,DISABLED
1529,0.0019234969513490796,2.7051169126934838e-06,0.05467236042022705,-0.15485286712646484,1.3525584563467419e-06,0.027336180210113525,-0.07742643356323242,-0.04816540330648422,32,False,UNAVAILABLE,DISABLED,DISABLED,DISABLED,UNAVAILABLE,DISABLED
1530,0.00164220470469445,5.171417342353379e-06,0.08828926086425781,-0.19499945640563965,2.5857086711766897e-06,0.044144630432128906,-0.09749972820281982,-0.051710307598114014,32,False,UNAVAILABLE,DISABLED,DISABLED,DISABLED,UNAVAILABLE,DISABLED
1531,0.0016267846804112196,4.309277301217662e-06,0.05718034505844116,-0.15103459358215332,2.154638650608831e-06,0.02859017252922058,-0.07551729679107666,-0.04529818519949913,32,False,UNAVAILABLE,DISABLED,DISABLED,DISABLED,UNAVAILABLE,DISABLED
1532,0.0014844489051029086,5.8280447774450295e-06,0.10135889053344727,-0.2364199161529541,2.9140223887225147e-06,0.05067944526672363,-0.11820995807647705,-0.06604315340518951,32,False,UNAVAILABLE,DISABLED,DISABLED,DISABLED,UNAVAILABLE,DISABLED
1533,0.0019439683528617024,5.707715899916366e-06,0.07025587558746338,-0.19266271591186523,2.853857949958183e-06,0.03512793779373169,-0.09633135795593262,-0.059256598353385925,32,False,UNAVAILABLE,DISABLED,DISABLED,DISABLED,UNAVAILABLE,DISABLED
1534,0.0016265260055661201,3.454041006989428e-06,0.07222557067871094,-0.17788362503051758,1.727020503494714e-06,0.03611278533935547,-0.08894181251525879,-0.05120077356696129,32,False,UNAVAILABLE,DISABLED,DISABLED,DISABLED,UNAVAILABLE,DISABLED
1535,0.0014224040787667036,6.7992500589753035e-06,0.08209371566772461,-0.2160954475402832,3.3996250294876518e-06,0.041046857833862305,-0.1080477237701416,-0.06557506322860718,32,False,UNAVAILABLE,DISABLED,DISABLED,DISABLED,UNAVAILABLE,DISABLED
1536,0.0025127986446022987,7.847324013710022e-06,0.15345168113708496,-0.17887663841247559,3.923662006855011e-06,0.07672584056854248,-0.08943831920623779,-0.01019575446844101,32,False,UNAVAILABLE,DISABLED,DISABLED,DISABLED,UNAVAILABLE,DISABLED
1537,0.002045994158834219,6.726279934810009e-06,0.09729403257369995,-0.22811508178710938,3.3631399674050044e-06,0.048647016286849976,-0.11405754089355469,-0.06336116790771484,32,False,UNAVAILABLE,DISABLED,DISABLED,DISABLED,UNAVAILABLE,DISABLED
1538,0.0018963431939482689,5.69418034501723e-06,0.11604142189025879,-0.1959226131439209,2.847090172508615e-06,0.058020710945129395,-0.09796130657196045,-0.038041405379772186,32,False,UNAVAILABLE,DISABLED,DISABLED,DISABLED,UNAVAILABLE,DISABLED
1539,0.001366458716802299,7.056042704789434e-06,0.10413461923599243,-0.2352445125579834,3.528021352394717e-06,0.052067309617996216,-0.1176222562789917,-0.06418496370315552,32,False,UNAVAILABLE,DISABLED,DISABLED,DISABLED,UNAVAILABLE,DISABLED
1540,0.0013337493874132633,7.093207386787981e-06,0.08357787132263184,-0.223114013671875,3.5466036933939904e-06,0.04178893566131592,-0.1115570068359375,-0.06843077391386032,32,False,UNAVAILABLE,DISABLED,DISABLED,DISABLED,UNAVAILABLE,DISABLED
1541,0.0015940151643007994,2.554900675022509e-06,0.04494428634643555,-0.14808177947998047,1.2774503375112545e-06,0.022472143173217773,-0.07404088973999023,-0.04997345432639122,32,False,UNAVAILABLE,DISABLED,DISABLED,DISABLED,UNAVAILABLE,DISABLED
1542,0.001615169458091259,5.544369287235895e-06,0.07116854190826416,-0.203688383102417,2.7721846436179476e-06,0.03558427095413208,-0.1018441915512085,-0.06464198231697083,32,False,UNAVAILABLE,DISABLED,DISABLED,DISABLED,UNAVAILABLE,DISABLED
1543,0.0018683294765651226,4.0403187995252665e-06,0.07310706377029419,-0.19362592697143555,2.0201593997626333e-06,0.036553531885147095,-0.09681296348571777,-0.0583890825510025,32,False,UNAVAILABLE,DISABLED,DISABLED,DISABLED,UNAVAILABLE,DISABLED
1544,0.0019029314862564206,7.2880593506852165e-06,0.09138184785842896,-0.1988842487335205,3.6440296753426082e-06,0.04569092392921448,-0.09944212436676025,-0.051844626665115356,32,False,UNAVAILABLE,DISABLED,DISABLED,DISABLED,UNAVAILABLE,DISABLED
1545,0.001533628674224019,8.124196028802544e-06,0.11267733573913574,-0.27292346954345703,4.062098014401272e-06,0.05633866786956787,-0.13646173477172852,-0.07858537137508392,32,False,UNAVAILABLE,DISABLED,DISABLED,DISABLED,UNAVAILABLE,DISABLED
1546,0.0015293644974008203,5.0442436076991726e-06,0.1289348602294922,-0.2676701545715332,2.5221218038495863e-06,0.0644674301147461,-0.1338350772857666,-0.06783576309680939,32,False,UNAVAILABLE,DISABLED,DISABLED,DISABLED,UNAVAILABLE,DISABLED
1547,0.001414536964148283,7.22091090210597e-06,0.08580529689788818,-0.23003506660461426,3.610455451052985e-06,0.04290264844894409,-0.11501753330230713,-0.07069674134254456,32,False,UNAVAILABLE,DISABLED,DISABLED,DISABLED,UNAVAILABLE,DISABLED
1548,0.0021433725487440825,6.098524863773491e-06,0.07996827363967896,-0.22860145568847656,3.0492624318867456e-06,0.03998413681983948,-0.11430072784423828,-0.07217016816139221,32,False,UNAVAILABLE,DISABLED,DISABLED,DISABLED,UNAVAILABLE,DISABLED
1549,0.0019865226931869984,5.494154265761608e-06,0.06742233037948608,-0.1842784881591797,2.747077132880804e-06,0.03371116518974304,-0.09213924407958984,-0.056438807398080826,32,False,UNAVAILABLE,DISABLED,DISABLED,DISABLED,UNAVAILABLE,DISABLED
1550,0.0015985131030902267,8.737467396713328e-06,0.1021605134010315,-0.19636082649230957,4.368733698356664e-06,0.05108025670051575,-0.09818041324615479,-0.04549727588891983,32,False,UNAVAILABLE,DISABLED,DISABLED,DISABLED,UNAVAILABLE,DISABLED
1551,0.002103155944496393,8.357608749065548e-06,0.08136850595474243,-0.15439772605895996,4.178804374532774e-06,0.040684252977371216,-0.07719886302947998,-0.034407276660203934,32,False,UNAVAILABLE,DISABLED,DISABLED,DISABLED,UNAVAILABLE,DISABLED
1552,0.0014230140950530767,7.93947128840955e-06,0.12809395790100098,-0.1682136058807373,3.969735644204775e-06,0.06404697895050049,-0.08410680294036865,-0.018632836639881134,32,False,UNAVAILABLE,DISABLED,DISABLED,DISABLED,UNAVAILABLE,DISABLED
1553,0.0017941169207915664,5.271184363664361e-06,0.08818846940994263,-0.21749258041381836,2.6355921818321804e-06,0.044094234704971313,-0.10874629020690918,-0.0628553032875061,32,False,UNAVAILABLE,DISABLED,DISABLED,DISABLED,UNAVAILABLE,DISABLED
1554,0.0014166879700496793,6.767773811588995e-06,0.13573259115219116,-0.22476720809936523,3.3838869057944976e-06,0.06786629557609558,-0.11238360404968262,-0.04309723526239395,32,False,UNAVAILABLE,DISABLED,DISABLED,DISABLED,UNAVAILABLE,DISABLED
1555,0.00200839526951313,6.3215438785846345e-06,0.07240408658981323,-0.22478461265563965,3.1607719392923173e-06,0.036202043294906616,-0.11239230632781982,-0.07417871057987213,32,False,UNAVAILABLE,DISABLED,DISABLED,DISABLED,UNAVAILABLE,DISABLED
1556,0.0015977488365024328,7.51731113268761e-06,0.10640782117843628,-0.25055670738220215,3.758655566343805e-06,0.05320391058921814,-0.12527835369110107,-0.07047294080257416,32,False,UNAVAILABLE,DISABLED,DISABLED,DISABLED,UNAVAILABLE,DISABLED
1557,0.002006097696721554,4.6230288717197254e-06,0.09260809421539307,-0.2255258560180664,2.3115144358598627e-06,0.04630404710769653,-0.1127629280090332,-0.0644504725933075,32,False,UNAVAILABLE,DISABLED,DISABLED,DISABLED,UNAVAILABLE,DISABLED
1558,0.0015405877493321896,3.333339691380388e-06,0.06635051965713501,-0.20256567001342773,1.666669845690194e-06,0.033175259828567505,-0.10128283500671387,-0.06656531989574432,32,False,UNAVAILABLE,DISABLED,DISABLED,DISABLED,UNAVAILABLE,DISABLED
1559,0.0017473052721470594,4.621259904524777e-06,0.0842028260231018,-0.23008036613464355,2.3106299522623885e-06,0.0421014130115509,-0.11504018306732178,-0.07118915021419525,32,False,UNAVAILABLE,DISABLED,DISABLED,DISABLED,UNAVAILABLE,DISABLED
1560,0.001706321956589818,1.0630654287524521e-05,0.15823590755462646,-0.25005555152893066,5.315327143762261e-06,0.07911795377731323,-0.12502777576446533,-0.044198185205459595,32,False,UNAVAILABLE,DISABLED,DISABLED,DISABLED,UNAVAILABLE,DISABLED
1561,0.0015688701532781124,1.0445596672070678e-05,0.15492522716522217,-0.29047489166259766,5.222798336035339e-06,0.07746261358261108,-0.14523744583129883,-0.06620074063539505,32,False,UNAVAILABLE,DISABLED,DISABLED,DISABLED,UNAVAILABLE,DISABLED
1562,0.0020882270764559507,6.409334218915319e-06,0.07750725746154785,-0.21274733543395996,3.2046671094576595e-06,0.038753628730773926,-0.10637366771697998,-0.06552860885858536,32,False,UNAVAILABLE,DISABLED,DISABLED,DISABLED,UNAVAILABLE,DISABLED
1563,0.0016782215097919106,6.15016688243486e-06,0.05842822790145874,-0.17234516143798828,3.07508344121743e-06,0.02921411395072937,-0.08617258071899414,-0.05527716875076294,32,False,UNAVAILABLE,DISABLED,DISABLED,DISABLED,UNAVAILABLE,DISABLED
1564,0.0014704341301694512,6.9699926825705916e-06,0.0979074239730835,-0.2153165340423584,3.4849963412852958e-06,0.04895371198654175,-0.1076582670211792,-0.0572306364774704,32,False,UNAVAILABLE,DISABLED,DISABLED,DISABLED,UNAVAILABLE,DISABLED
1565,0.0017443683464080095,4.320578682381893e-06,0.05251443386077881,-0.182450532913208,2.1602893411909463e-06,0.026257216930389404,-0.091225266456604,-0.0632215216755867,32,False,UNAVAILABLE,DISABLED,DISABLED,DISABLED,UNAVAILABLE,DISABLED
1566,0.0018287802813574672,4.896657173958374e-06,0.07482355833053589,-0.19529223442077637,2.448328586979187e-06,0.037411779165267944,-0.09764611721038818,-0.05840310826897621,32,False,UNAVAILABLE,DISABLED,DISABLED,DISABLED,UNAVAILABLE,DISABLED
1567,0.002132044406607747,5.580113338510273e-06,0.0986018180847168,-0.2787156105041504,2.7900566692551365e-06,0.0493009090423584,-0.1393578052520752,-0.08792206645011902,32,False,UNAVAILABLE,DISABLED,DISABLED,DISABLED,UNAVAILABLE,DISABLED
1568,0.001556590897962451,4.984075530956034e-06,0.09349489212036133,-0.20083904266357422,2.492037765478017e-06,0.046747446060180664,-0.10041952133178711,-0.052112992852926254,32,False,UNAVAILABLE,DISABLED,DISABLED,DISABLED,UNAVAILABLE,DISABLED
1569,0.0021884909365326166,6.5408994487370364e-06,0.11352264881134033,-0.2600069046020508,3.2704497243685182e-06,0.056761324405670166,-0.1300034523010254,-0.07105036824941635,32,False,UNAVAILABLE,DISABLED,DISABLED,DISABLED,UNAVAILABLE,DISABLED
1570,0.001711896969936788,1.1105961675639264e-05,0.18990617990493774,-0.27678847312927246,5.552980837819632e-06,0.09495308995246887,-0.13839423656463623,-0.04172369837760925,32,False,UNAVAILABLE,DISABLED,DISABLED,DISABLED,UNAVAILABLE,DISABLED
1571,0.0018670678837224841,6.7651649260369595e-06,0.08112800121307373,-0.2256486415863037,3.3825824630184798e-06,0.040564000606536865,-0.11282432079315186,-0.07038986682891846,32,False,UNAVAILABLE,DISABLED,DISABLED,DISABLED,UNAVAILABLE,DISABLED
1572,0.001506958738900721,6.764747922716197e-06,0.10768431425094604,-0.22352981567382812,3.3823739613580983e-06,0.05384215712547302,-0.11176490783691406,-0.056412409991025925,32,False,UNAVAILABLE,DISABLED,DISABLED,DISABLED,UNAVAILABLE,DISABLED
1573,0.001689181081019342,5.481707376020495e-06,0.0874478816986084,-0.24453473091125488,2.7408536880102474e-06,0.0437239408493042,-0.12226736545562744,-0.0768515020608902,32,False,UNAVAILABLE,DISABLED,DISABLED,DISABLED,UNAVAILABLE,DISABLED
1574,0.001426464063115418,7.430903679050971e-06,0.09746056795120239,-0.2448744773864746,3.7154518395254854e-06,0.048730283975601196,-0.1224372386932373,-0.072276771068573,32,False,UNAVAILABLE,DISABLED,DISABLED,DISABLED,UNAVAILABLE,DISABLED
1575,0.0020466267596930265,5.019005584472325e-06,0.06914609670639038,-0.22507309913635254,2.5095027922361623e-06,0.03457304835319519,-0.11253654956817627,-0.07591436803340912,32,False,UNAVAILABLE,DISABLED,DISABLED,DISABLED,UNAVAILABLE,DISABLED
1576,0.0015788578893989325,6.290575583989266e-06,0.09208452701568604,-0.2517201900482178,3.145287791994633e-06,0.04604226350784302,-0.1258600950241089,-0.07823582738637924,32,False,UNAVAILABLE,DISABLED,DISABLED,DISABLED,UNAVAILABLE,DISABLED
1577,0.0017660080920904875,6.338179900922114e-06,0.1150205135345459,-0.2725105285644531,3.169089950461057e-06,0.05751025676727295,-0.13625526428222656,-0.07697582989931107,32,False,UNAVAILABLE,DISABLED,DISABLED,DISABLED,UNAVAILABLE,DISABLED
1578,0.0017955843359231949,3.522386805343558e-06,0.09347069263458252,-0.22621440887451172,1.761193402671779e-06,0.04673534631729126,-0.11310720443725586,-0.06457450985908508,32,False,UNAVAILABLE,DISABLED,DISABLED,DISABLED,UNAVAILABLE,DISABLED
1579,0.0019318702397868037,6.3160046011034865e-06,0.08193939924240112,-0.2386794090270996,3.1580023005517432e-06,0.04096969962120056,-0.1193397045135498,-0.07643497735261917,32,False,UNAVAILABLE,DISABLED,DISABLED,DISABLED,UNAVAILABLE,DISABLED
1580,0.0013342282036319375,6.465828391810646e-06,0.14129096269607544,-0.26325082778930664,3.232914195905323e-06,0.07064548134803772,-0.13162541389465332,-0.05964247137308121,32,False,UNAVAILABLE,DISABLED,DISABLED,DISABLED,UNAVAILABLE,DISABLED
1581,0.0017205261392518878,5.355580469768029e-06,0.09736812114715576,-0.2466578483581543,2.6777902348840144e-06,0.04868406057357788,-0.12332892417907715,-0.07292166352272034,32,False,UNAVAILABLE,DISABLED,DISABLED,DISABLED,UNAVAILABLE,DISABLED
1582,0.002666015410795808,4.377091954665957e-06,0.0841875672340393,-0.21700215339660645,2.1885459773329785e-06,0.04209378361701965,-0.10850107669830322,-0.06373909115791321,32,False,UNAVAILABLE,DISABLED,DISABLED,DISABLED,UNAVAILABLE,DISABLED
1583,0.0017199460417032242,4.377115146780852e-06,0.0751274824142456,-0.24277687072753906,2.188557573390426e-06,0.0375637412071228,-0.12138843536376953,-0.08210255950689316,32,False,UNAVAILABLE,DISABLED,DISABLED,DISABLED,UNAVAILABLE,DISABLED
1584,0.002159923082217574,5.436992978502531e-06,0.059381067752838135,-0.2211601734161377,2.7184964892512653e-06,0.029690533876419067,-0.11058008670806885,-0.07872691005468369,32,False,UNAVAILABLE,DISABLED,DISABLED,DISABLED,UNAVAILABLE,DISABLED
1585,0.0015456932596862316,4.898552560916869e-06,0.0690082311630249,-0.23054146766662598,2.4492762804584345e-06,0.03450411558151245,-0.11527073383331299,-0.07921847701072693,32,False,UNAVAILABLE,DISABLED,DISABLED,DISABLED,UNAVAILABLE,DISABLED
1586,0.001582605647854507,8.175931725418195e-06,0.10962843894958496,-0.24163031578063965,4.0879658627090976e-06,0.05481421947479248,-0.12081515789031982,-0.06441424787044525,32,False,UNAVAILABLE,DISABLED,DISABLED,DISABLED,UNAVAILABLE,DISABLED
1587,0.0013489483390003443,4.1257285374740604e-06,0.08157229423522949,-0.2394576072692871,2.0628642687370302e-06,0.040786147117614746,-0.11972880363464355,-0.07759164273738861,32,False,UNAVAILABLE,DISABLED,DISABLED,DISABLED,UNAVAILABLE,DISABLED
1588,0.001584195182658732,1.05599019661895e-05,0.1365482211112976,-0.2861659526824951,5.27995098309475e-06,0.0682741105556488,-0.14308297634124756,-0.07321938872337341,32,False,UNAVAILABLE,DISABLED,DISABLED,DISABLED,UNAVAILABLE,DISABLED
1589,0.0013786153867840767,6.768019829905825e-06,0.09370172023773193,-0.24218511581420898,3.3840099149529124e-06,0.04685086011886597,-0.12109255790710449,-0.07285969704389572,32,False,UNAVAILABLE,DISABLED,DISABLED,DISABLED,UNAVAILABLE,DISABLED
1590,0.0020299002062529325,5.446808700071415e-06,0.10400277376174927,-0.2744481563568115,2.7234043500357075e-06,0.052001386880874634,-0.13722407817840576,-0.08319006860256195,32,False,UNAVAILABLE,DISABLED,DISABLED,DISABLED,UNAVAILABLE,DISABLED
1591,0.0020869572181254625,3.5867112728737993e-06,0.12101274728775024,-0.24066972732543945,1.7933556364368997e-06,0.06050637364387512,-0.12033486366271973,-0.0577397421002388,32,False,UNAVAILABLE,DISABLED,DISABLED,DISABLED,UNAVAILABLE,DISABLED
1592,0.001419567153789103,6.127221240603831e-06,0.08050823211669922,-0.23805785179138184,3.0636106203019153e-06,0.04025411605834961,-0.11902892589569092,-0.07735218107700348,32,False,UNAVAILABLE,DISABLED,DISABLED,DISABLED,UNAVAILABLE,DISABLED
1593,0.0019456050358712673,8.873603292158805e-06,0.138755202293396,-0.3162345886230469,4.436801646079402e-06,0.069377601146698,-0.15811729431152344,-0.08678965270519257,32,False,UNAVAILABLE,DISABLED,DISABLED,DISABLED,UNAVAILABLE,DISABLED
1594,0.002159813418984413,1.1176231964782346e-05,0.21961593627929688,-0.3185312747955322,5.588115982391173e-06,0.10980796813964844,-0.1592656373977661,-0.04729226976633072,32,False,UNAVAILABLE,DISABLED,DISABLED,DISABLED,UNAVAILABLE,DISABLED
1595,0.002604162320494652,7.77970581111731e-06,0.11219274997711182,-0.24428105354309082,3.889852905558655e-06,0.05609637498855591,-0.12214052677154541,-0.0634360983967781,32,False,UNAVAILABLE,DISABLED,DISABLED,DISABLED,UNAVAILABLE,DISABLED
1596,0.00148590502794832,4.680435267800931e-06,0.10524600744247437,-0.27692294120788574,2.3402176339004654e-06,0.05262300372123718,-0.13846147060394287,-0.08435022085905075,32,False,UNAVAILABLE,DISABLED,DISABLED,DISABLED,UNAVAILABLE,DISABLED
1597,0.0013529658317565918,8.47350474941777e-06,0.12265342473983765,-0.28724026679992676,4.236752374708885e-06,0.06132671236991882,-0.14362013339996338,-0.08093621581792831,32,False,UNAVAILABLE,DISABLED,DISABLED,DISABLED,UNAVAILABLE,DISABLED
1598,0.023243946954607964,6.588478754565585e-06,0.08545607328414917,-0.22417211532592773,3.2942393772827927e-06,0.042728036642074585,-0.11208605766296387,-0.04611077904701233,32,False,UNAVAILABLE,DISABLED,DISABLED,DISABLED,UNAVAILABLE,DISABLED
1599,0.0019667979795485735,4.608569724950939e-06,0.08385533094406128,-0.251542329788208,2.3042848624754697e-06,0.04192766547203064,-0.125771164894104,-0.08187440037727356,32,False,UNAVAILABLE,DISABLED,DISABLED,DISABLED,UNAVAILABLE,DISABLED
1600,0.0016393030527979136,4.559176431939704e-06,0.08592450618743896,-0.2276594638824463,2.279588215969852e-06,0.04296225309371948,-0.11382973194122314,-0.06922589242458344,32,False,UNAVAILABLE,DISABLED,DISABLED,DISABLED,UNAVAILABLE,DISABLED
1601,0.0018701143562793732,5.600889835477574e-06,0.0899081826210022,-0.279280424118042,2.800444917738787e-06,0.0449540913105011,-0.139640212059021,-0.09281320869922638,32,False,UNAVAILABLE,DISABLED,DISABLED,DISABLED,UNAVAILABLE,DISABLED
1602,0.0016151706222444773,8.131657523335889e-06,0.133125901222229,-0.30030059814453125,4.0658287616679445e-06,0.0665629506111145,-0.15015029907226562,-0.08196811378002167,32,False,UNAVAILABLE,DISABLED,DISABLED,DISABLED,UNAVAILABLE,DISABLED
1603,0.001824124250560999,5.3835783546674065e-06,0.10622143745422363,-0.28078389167785645,2.6917891773337033e-06,0.053110718727111816,-0.14039194583892822,-0.08545441180467606,32,False,UNAVAILABLE,DISABLED,DISABLED,DISABLED,UNAVAILABLE,DISABLED
1604,0.0017062295228242874,5.627353402815061e-06,0.19236159324645996,-0.3154940605163574,2.8136767014075303e-06,0.09618079662322998,-0.1577470302581787,-0.059857189655303955,32,False,UNAVAILABLE,DISABLED,DISABLED,DISABLED,UNAVAILABLE,DISABLED
1605,0.0014135410310700536,8.574513230996672e-06,0.10188579559326172,-0.26683735847473145,4.287256615498336e-06,0.05094289779663086,-0.13341867923736572,-0.08105795085430145,32,False,UNAVAILABLE,DISABLED,DISABLED,DISABLED,UNAVAILABLE,DISABLED
1606,0.001750364899635315,7.463418569386704e-06,0.10036754608154297,-0.271547794342041,3.731709284693352e-06,0.050183773040771484,-0.1357738971710205,-0.08383602648973465,32,False,UNAVAILABLE,DISABLED,DISABLED,DISABLED,UNAVAILABLE,DISABLED
1607,0.0018730289302766323,5.9829581005033106e-06,0.08668965101242065,-0.25692152976989746,2.9914790502516553e-06,0.04334482550621033,-0.12846076488494873,-0.08323992043733597,32,False,UNAVAILABLE,DISABLED,DISABLED,DISABLED,UNAVAILABLE,DISABLED
1608,0.007329233456403017,6.259217570914188e-06,0.10891878604888916,-0.26076269149780273,3.129608785457094e-06,0.05445939302444458,-0.13038134574890137,-0.06858959048986435,32,False,UNAVAILABLE,DISABLED,DISABLED,DISABLED,UNAVAILABLE,DISABLED
1609,0.0013433650601655245,7.234971235448029e-06,0.10417485237121582,-0.19795751571655273,3.6174856177240144e-06,0.05208742618560791,-0.09897875785827637,-0.045544348657131195,32,False,UNAVAILABLE,DISABLED,DISABLED,DISABLED,UNAVAILABLE,DISABLED
1610,0.0013429098762571812,5.592160505329957e-06,0.10262250900268555,-0.2871861457824707,2.7960802526649786e-06,0.05131125450134277,-0.14359307289123535,-0.09093610942363739,32,False,UNAVAILABLE,DISABLED,DISABLED,DISABLED,UNAVAILABLE,DISABLED
1611,0.0019931322894990444,4.734053163701901e-06,0.09538930654525757,-0.24330711364746094,2.3670265818509506e-06,0.047694653272628784,-0.12165355682373047,-0.07196339964866638,32,False,UNAVAILABLE,DISABLED,DISABLED,DISABLED,UNAVAILABLE,DISABLED
1612,0.00184185104444623,7.120184818631969e-06,0.11498415470123291,-0.29245805740356445,3.5600924093159847e-06,0.057492077350616455,-0.14622902870178223,-0.0868915393948555,32,False,UNAVAILABLE,DISABLED,DISABLED,DISABLED,UNAVAILABLE,DISABLED
1613,0.0017256891587749124,7.521572115365416e-06,0.12064993381500244,-0.27080821990966797,3.760786057682708e-06,0.06032496690750122,-0.13540410995483398,-0.07334969192743301,32,False,UNAVAILABLE,DISABLED,DISABLED,DISABLED,UNAVAILABLE,DISABLED
1614,0.0018365298165008426,6.141400263004471e-06,0.12365001440048218,-0.33133792877197266,3.0707001315022353e-06,0.06182500720024109,-0.16566896438598633,-0.10200435668230057,32,False,UNAVAILABLE,DISABLED,DISABLED,DISABLED,UNAVAILABLE,DISABLED
1615,0.0015732819447293878,6.255251264519757e-06,0.09397441148757935,-0.2667369842529297,3.1276256322598783e-06,0.04698720574378967,-0.13336849212646484,-0.08480487763881683,32,False,UNAVAILABLE,DISABLED,DISABLED,DISABLED,UNAVAILABLE,DISABLED
1616,0.0022963944356888533,9.634851267037448e-06,0.22606635093688965,-0.2919647693634033,4.817425633518724e-06,0.11303317546844482,-0.14598238468170166,-0.03064800053834915,32,False,UNAVAILABLE,DISABLED,DISABLED,DISABLED,UNAVAILABLE,DISABLED
1617,0.0014290781691670418,6.94115169608267e-06,0.10481733083724976,-0.2315523624420166,3.470575848041335e-06,0.05240866541862488,-0.1157761812210083,-0.06193496659398079,32,False,UNAVAILABLE,DISABLED,DISABLED,DISABLED,UNAVAILABLE,DISABLED
1618,0.0021667510736733675,4.1580428842280526e-06,0.0868220329284668,-0.2330639362335205,2.0790214421140263e-06,0.0434110164642334,-0.11653196811676025,-0.07095211744308472,32,False,UNAVAILABLE,DISABLED,DISABLED,DISABLED,UNAVAILABLE,DISABLED
1619,0.0023302529007196426,9.115534339798614e-06,0.10982155799865723,-0.23191142082214355,4.557767169899307e-06,0.05491077899932861,-0.11595571041107178,-0.05871012061834335,32,False,UNAVAILABLE,DISABLED,DISABLED,DISABLED,UNAVAILABLE,DISABLED
1620,0.0016450736438855529,4.871150395047152e-06,0.09825289249420166,-0.2679154872894287,2.435575197523576e-06,0.04912644624710083,-0.13395774364471436,-0.08318378776311874,32,False,UNAVAILABLE,DISABLED,DISABLED,DISABLED,UNAVAILABLE,DISABLED
1621,0.0013903547078371048,7.319244105019607e-06,0.14010953903198242,-0.19420814514160156,3.6596220525098033e-06,0.07005476951599121,-0.09710407257080078,-0.025655291974544525,32,False,UNAVAILABLE,DISABLED,DISABLED,DISABLED,UNAVAILABLE,DISABLED
1622,0.0015434935921803117,6.61971216686652e-06,0.15468019247055054,-0.3083786964416504,3.30985608343326e-06,0.07734009623527527,-0.1541893482208252,-0.07530245184898376,32,False,UNAVAILABLE,DISABLED,DISABLED,DISABLED,UNAVAILABLE,DISABLED
1623,0.0018590324325487018,6.833389761595754e-06,0.1106519103050232,-0.2700631618499756,3.416694880797877e-06,0.0553259551525116,-0.1350315809249878,-0.07784317433834076,32,False,UNAVAILABLE,DISABLED,DISABLED,DISABLED,UNAVAILABLE,DISABLED
1624,0.0020373438019305468,7.558804554719245e-06,0.12971949577331543,-0.25551915168762207,3.7794022773596225e-06,0.06485974788665771,-0.12775957584381104,-0.06085870414972305,32,False,UNAVAILABLE,DISABLED,DISABLED,DISABLED,UNAVAILABLE,DISABLED
1625,0.2279684841632843,7.248824658745434e-06,0.14736294746398926,-0.269942045211792,3.624412329372717e-06,0.07368147373199463,-0.134971022605896,0.16668254137039185,32,False,UNAVAILABLE,DISABLED,DISABLED,DISABLED,UNAVAILABLE,DISABLED
1626,0.0020824659150093794,1.190138118545292e-05,0.18299883604049683,-0.31052589416503906,5.95069059272646e-06,0.09149941802024841,-0.15526294708251953,-0.06167510896921158,32,False,UNAVAILABLE,DISABLED,DISABLED,DISABLED,UNAVAILABLE,DISABLED
1627,0.004054543096572161,4.883277142653242e-06,0.1104995608329773,-0.26674818992614746,2.441638571326621e-06,0.05524978041648865,-0.13337409496307373,-0.07406733185052872,32,False,UNAVAILABLE,DISABLED,DISABLED,DISABLED,UNAVAILABLE,DISABLED
1628,0.0012893889797851443,5.136320851306664e-06,0.1298466920852661,-0.3282606601715088,2.568160425653332e-06,0.06492334604263306,-0.1641303300857544,-0.09791502356529236,32,False,UNAVAILABLE,DISABLED,DISABLED,DISABLED,UNAVAILABLE,DISABLED
1629,0.0016962873050943017,6.955490789550822e-06,0.12569057941436768,-0.2960653305053711,3.477745394775411e-06,0.06284528970718384,-0.14803266525268555,-0.0834876075387001,32,False,UNAVAILABLE,DISABLED,DISABLED,DISABLED,UNAVAILABLE,DISABLED
1630,0.0018516946583986282,5.865408638783265e-06,0.1124001145362854,-0.2561321258544922,2.9327043193916325e-06,0.0562000572681427,-0.1280660629272461,-0.07001137733459473,32,False,UNAVAILABLE,DISABLED,DISABLED,DISABLED,UNAVAILABLE,DISABLED
1631,0.0017061774851754308,4.112112947041169e-06,0.10210031270980835,-0.27571821212768555,2.0560564735205844e-06,0.051050156354904175,-0.13785910606384277,-0.08510071784257889,32,False,UNAVAILABLE,DISABLED,DISABLED,DISABLED,UNAVAILABLE,DISABLED
1632,0.0016801009187474847,9.428749763173983e-06,0.1444774866104126,-0.3099849224090576,4.714374881586991e-06,0.0722387433052063,-0.1549924612045288,-0.08106890320777893,32,False,UNAVAILABLE,DISABLED,DISABLED,DISABLED,UNAVAILABLE,DISABLED
1633,0.0016633933410048485,6.1442765399988275e-06,0.11036014556884766,-0.23514604568481445,3.0721382699994138e-06,0.05518007278442383,-0.11757302284240723,-0.06072648614645004,32,False,UNAVAILABLE,DISABLED,DISABLED,DISABLED,UNAVAILABLE,DISABLED
1634,0.0029244564939290285,3.1769575343787437e-06,0.080780029296875,-0.2765781879425049,1.5884787671893719e-06,0.0403900146484375,-0.13828909397125244,-0.09497303515672684,32,False,UNAVAILABLE,DISABLED,DISABLED,DISABLED,UNAVAILABLE,DISABLED
1635,0.001792090479284525,5.099967438582098e-06,0.1018671989440918,-0.280285120010376,2.549983719291049e-06,0.0509335994720459,-0.140142560005188,-0.08741432428359985,32,False,UNAVAILABLE,DISABLED,DISABLED,DISABLED,UNAVAILABLE,DISABLED
1636,0.001877897186204791,8.284931027446873e-06,0.11819344758987427,-0.27780866622924805,4.142465513723437e-06,0.059096723794937134,-0.13890433311462402,-0.07792557030916214,32,False,UNAVAILABLE,DISABLED,DISABLED,DISABLED,UNAVAILABLE,DISABLED
1637,0.005695908330380917,7.436277883243747e-06,0.1533355712890625,-0.2824268341064453,3.7181389416218735e-06,0.07666778564453125,-0.14121341705322266,-0.05884600430727005,32,False,UNAVAILABLE,DISABLED,DISABLED,DISABLED,UNAVAILABLE,DISABLED
1638,0.0021115655545145273,6.848885732324561e-06,0.12989068031311035,-0.2951655387878418,3.4244428661622806e-06,0.06494534015655518,-0.1475827693939209,-0.08052244037389755,32,False,UNAVAILABLE,DISABLED,DISABLED,DISABLED,UNAVAILABLE,DISABLED
1639,0.0017081768019124866,1.3861858860764187e-05,0.21597576141357422,-0.255291223526001,6.930929430382093e-06,0.10798788070678711,-0.1276456117630005,-0.017942622303962708,32,False,UNAVAILABLE,DISABLED,DISABLED,DISABLED,UNAVAILABLE,DISABLED
1640,0.0017859775107353926,7.412791546812514e-06,0.12845325469970703,-0.27223825454711914,3.706395773406257e-06,0.06422662734985352,-0.13611912727355957,-0.07010281831026077,32,False,UNAVAILABLE,DISABLED,DISABLED,DISABLED,UNAVAILABLE,DISABLED
1641,0.0017246950883418322,5.858366876054788e-06,0.1214914321899414,-0.3308236598968506,2.929183438027394e-06,0.0607457160949707,-0.1654118299484253,-0.10293848812580109,32,False,UNAVAILABLE,DISABLED,DISABLED,DISABLED,UNAVAILABLE,DISABLED
1642,0.0045475708320736885,5.067178790341131e-06,0.1329241394996643,-0.3304266929626465,2.5335893951705657e-06,0.06646206974983215,-0.16521334648132324,-0.09420116990804672,32,False,UNAVAILABLE,DISABLED,DISABLED,DISABLED,UNAVAILABLE,DISABLED
1643,0.0018103686161339283,6.1537289184343535e-06,0.11149132251739502,-0.284865140914917,3.0768644592171768e-06,0.05574566125869751,-0.1424325704574585,-0.08487346768379211,32,False,UNAVAILABLE,DISABLED,DISABLED,DISABLED,UNAVAILABLE,DISABLED
1644,0.0024065442848950624,5.4780362006567884e-06,0.12494611740112305,-0.3178224563598633,2.7390181003283942e-06,0.06247305870056152,-0.15891122817993164,-0.09402888268232346,32,False,UNAVAILABLE,DISABLED,DISABLED,DISABLED,UNAVAILABLE,DISABLED
1645,0.002152213826775551,5.454541678773239e-06,0.11306750774383545,-0.29979610443115234,2.7272708393866196e-06,0.056533753871917725,-0.14989805221557617,-0.09120935201644897,32,False,UNAVAILABLE,DISABLED,DISABLED,DISABLED,UNAVAILABLE,DISABLED
1646,0.0020741368643939495,1.0590971214696765e-05,0.17153900861740112,-0.273043155670166,5.2954856073483825e-06,0.08576950430870056,-0.136521577835083,-0.0486726388335228,32,False,UNAVAILABLE,DISABLED,DISABLED,DISABLED,UNAVAILABLE,DISABLED
1647,0.0019215168431401253,5.199019597057486e-06,0.15465903282165527,-0.32326245307922363,2.599509798528743e-06,0.07732951641082764,-0.16163122653961182,-0.082377590239048,32,False,UNAVAILABLE,DISABLED,DISABLED,DISABLED,UNAVAILABLE,DISABLED
1648,0.0020936420187354088,6.93114316163701e-06,0.09812921285629272,-0.27466702461242676,3.465571580818505e-06,0.04906460642814636,-0.13733351230621338,-0.08617179840803146,32,False,UNAVAILABLE,DISABLED,DISABLED,DISABLED,UNAVAILABLE,DISABLED
1649,0.0016205551801249385,8.315862032759469e-06,0.10928869247436523,-0.2557539939880371,4.1579310163797345e-06,0.05464434623718262,-0.12787699699401855,-0.07160793244838715,32,False,UNAVAILABLE,DISABLED,DISABLED,DISABLED,UNAVAILABLE,DISABLED
1650,0.0016272561624646187,4.11408836953342e-06,0.07453793287277222,-0.24400091171264648,2.05704418476671e-06,0.03726896643638611,-0.12200045585632324,-0.08310218155384064,32,False,UNAVAILABLE,DISABLED,DISABLED,DISABLED,UNAVAILABLE,DISABLED
1651,0.00248755537904799,1.017626709653996e-05,0.17169594764709473,-0.32572174072265625,5.08813354826998e-06,0.08584797382354736,-0.16286087036132812,-0.07452025264501572,32,False,UNAVAILABLE,DISABLED,DISABLED,DISABLED,UNAVAILABLE,DISABLED
1652,0.001940001966431737,4.468490260478575e-06,0.0931844711303711,-0.25351524353027344,2.2342451302392874e-06,0.04659223556518555,-0.12675762176513672,-0.07822315394878387,32,False,UNAVAILABLE,DISABLED,DISABLED,DISABLED,UNAVAILABLE,DISABLED
1653,0.0026156934909522533,7.047490726108663e-06,0.12822049856185913,-0.30465197563171387,3.5237453630543314e-06,0.06411024928092957,-0.15232598781585693,-0.08559652417898178,32,False,UNAVAILABLE,DISABLED,DISABLED,DISABLED,UNAVAILABLE,DISABLED
1654,0.0017820376669988036,6.6192869780934416e-06,0.12127184867858887,-0.2845957279205322,3.3096434890467208e-06,0.060635924339294434,-0.1422978639602661,-0.07987658679485321,32,False,UNAVAILABLE,DISABLED,DISABLED,DISABLED,UNAVAILABLE,DISABLED
1655,0.0016162556130439043,7.2084535531757865e-06,0.12525486946105957,-0.25458717346191406,3.6042267765878933e-06,0.06262743473052979,-0.12729358673095703,-0.06304629147052765,32,False,UNAVAILABLE,DISABLED,DISABLED,DISABLED,UNAVAILABLE,DISABLED
1656,0.002204544609412551,5.1818183237628546e-06,0.13370001316070557,-0.30609583854675293,2.5909091618814273e-06,0.06685000658035278,-0.15304791927337646,-0.08399077504873276,32,False,UNAVAILABLE,DISABLED,DISABLED,DISABLED,UNAVAILABLE,DISABLED
1657,0.0030955260153859854,9.805882655200548e-06,0.16762065887451172,-0.35117411613464355,4.902941327600274e-06,0.08381032943725586,-0.17558705806732178,-0.08867629617452621,32,False,UNAVAILABLE,DISABLED,DISABLED,DISABLED,UNAVAILABLE,DISABLED
1658,0.0025294111110270023,4.226811597618507e-06,0.061300814151763916,-0.20460724830627441,2.1134057988092536e-06,0.030650407075881958,-0.10230362415313721,-0.06912168860435486,32,False,UNAVAILABLE,DISABLED,DISABLED,DISABLED,UNAVAILABLE,DISABLED
1659,0.0015898044221103191,6.711262358294334e-06,0.12385988235473633,-0.31410980224609375,3.355631179147167e-06,0.061929941177368164,-0.15705490112304688,-0.09353180229663849,32,False,UNAVAILABLE,DISABLED,DISABLED,DISABLED,UNAVAILABLE,DISABLED
1660,0.002368057379499078,7.665229531994555e-06,0.10551339387893677,-0.2743875980377197,3.8326147659972776e-06,0.052756696939468384,-0.13719379901885986,-0.08206520974636078,32,False,UNAVAILABLE,DISABLED,DISABLED,DISABLED,UNAVAILABLE,DISABLED
1661,0.0020426763221621513,6.395110631274292e-06,0.09193289279937744,-0.27248191833496094,3.197555315637146e-06,0.04596644639968872,-0.13624095916748047,-0.08822864294052124,32,False,UNAVAILABLE,DISABLED,DISABLED,DISABLED,UNAVAILABLE,DISABLED
1662,0.00171788374427706,5.497028723766562e-06,0.11261361837387085,-0.3146548271179199,2.748514361883281e-06,0.056306809186935425,-0.15732741355895996,-0.09929996728897095,32,False,UNAVAILABLE,DISABLED,DISABLED,DISABLED,UNAVAILABLE,DISABLED
1663,0.0023364275693893433,7.115162134141428e-06,0.09782260656356812,-0.2677299976348877,3.557581067070714e-06,0.04891130328178406,-0.13386499881744385,-0.08261370658874512,32,False,UNAVAILABLE,DISABLED,DISABLED,DISABLED,UNAVAILABLE,DISABLED
1664,0.0017853258177638054,7.924455530883279e-06,0.13495373725891113,-0.3068070411682129,3.962227765441639e-06,0.06747686862945557,-0.15340352058410645,-0.08413736522197723,32,False,UNAVAILABLE,DISABLED,DISABLED,DISABLED,UNAVAILABLE,DISABLED
1665,0.0016352199018001556,5.1474612519086804e-06,0.11547279357910156,-0.2881333827972412,2.5737306259543402e-06,0.05773639678955078,-0.1440666913986206,-0.08469250053167343,32,False,UNAVAILABLE,DISABLED,DISABLED,DISABLED,UNAVAILABLE,DISABLED
1666,0.0025804610922932625,5.210133622313151e-06,0.10264194011688232,-0.2682919502258301,2.6050668111565756e-06,0.05132097005844116,-0.13414597511291504,-0.08024193346500397,32,False,UNAVAILABLE,DISABLED,DISABLED,DISABLED,UNAVAILABLE,DISABLED
1667,0.0022762359585613012,9.127288649324328e-06,0.16184741258621216,-0.3260469436645508,4.563644324662164e-06,0.08092370629310608,-0.1630234718322754,-0.0798189640045166,32,False,UNAVAILABLE,DISABLED,DISABLED,DISABLED,UNAVAILABLE,DISABLED
1668,0.002461976371705532,6.834568011981901e-06,0.1456693410873413,-0.32958340644836426,3.4172840059909504e-06,0.07283467054367065,-0.16479170322418213,-0.08949163556098938,32,False,UNAVAILABLE,DISABLED,DISABLED,DISABLED,UNAVAILABLE,DISABLED
1669,0.0018964629853144288,8.444943887297995e-06,0.14914309978485107,-0.34826207160949707,4.222471943648998e-06,0.07457154989242554,-0.17413103580474854,-0.09765879809856415,32,False,UNAVAILABLE,DISABLED,DISABLED,DISABLED,UNAVAILABLE,DISABLED
1670,0.0018241328652948141,6.8240392465668265e-06,0.12416410446166992,-0.32721924781799316,3.4120196232834132e-06,0.06208205223083496,-0.16360962390899658,-0.09970002621412277,32,False,UNAVAILABLE,DISABLED,DISABLED,DISABLED,UNAVAILABLE,DISABLED
1671,0.0013325840700417757,5.4073420869826805e-06,0.09338164329528809,-0.26679062843322754,2.7036710434913402e-06,0.04669082164764404,-0.13339531421661377,-0.08536919951438904,32,False,UNAVAILABLE,DISABLED,DISABLED,DISABLED,UNAVAILABLE,DISABLED
1672,0.002708479529246688,7.544421350758057e-06,0.20316874980926514,-0.37808895111083984,3.7722106753790285e-06,0.10158437490463257,-0.18904447555541992,-0.08474785089492798,32,False,UNAVAILABLE,DISABLED,DISABLED,DISABLED,UNAVAILABLE,DISABLED
1673,0.0021768969018012285,8.551543942303397e-06,0.2076365351676941,-0.37511134147644043,4.275771971151698e-06,0.10381826758384705,-0.18755567073822021,-0.08155623078346252,32,False,UNAVAILABLE,DISABLED,DISABLED,DISABLED,UNAVAILABLE,DISABLED
1674,0.00819180067628622,5.608192168438109e-06,0.10771191120147705,-0.28719592094421387,2.8040960842190543e-06,0.053855955600738525,-0.14359796047210693,-0.08154740184545517,32,False,UNAVAILABLE,DISABLED,DISABLED,DISABLED,UNAVAILABLE,DISABLED
1675,0.002696017734706402,4.259078650648007e-06,0.10614603757858276,-0.2806062698364258,2.1295393253240036e-06,0.05307301878929138,-0.1403031349182129,-0.08453197032213211,32,False,UNAVAILABLE,DISABLED,DISABLED,DISABLED,UNAVAILABLE,DISABLED
1676,0.003708069445565343,7.766955604893155e-06,0.14585363864898682,-0.31149744987487793,3.883477802446578e-06,0.07292681932449341,-0.15574872493743896,-0.07910995185375214,32,False,UNAVAILABLE,DISABLED,DISABLED,DISABLED,UNAVAILABLE,DISABLED
1677,0.0023044676054269075,8.103073014353868e-06,0.15673011541366577,-0.32669782638549805,4.051536507176934e-06,0.07836505770683289,-0.16334891319274902,-0.08267533779144287,32,False,UNAVAILABLE,DISABLED,DISABLED,DISABLED,UNAVAILABLE,DISABLED
1678,0.002328150672838092,6.726683295710245e-06,0.1439584493637085,-0.3348402976989746,3.3633416478551226e-06,0.07197922468185425,-0.1674201488494873,-0.09310941398143768,32,False,UNAVAILABLE,DISABLED,DISABLED,DISABLED,UNAVAILABLE,DISABLED
1679,0.001669582212343812,9.331117325928062e-06,0.15383058786392212,-0.27719950675964355,4.665558662964031e-06,0.07691529393196106,-0.13859975337982178,-0.06001020967960358,32,False,UNAVAILABLE,DISABLED,DISABLED,DISABLED,UNAVAILABLE,DISABLED
1680,0.003107642289251089,6.445869530580239e-06,0.13409054279327393,-0.3496074676513672,3.2229347652901197e-06,0.06704527139663696,-0.1748037338256836,-0.10464759916067123,32,False,UNAVAILABLE,DISABLED,DISABLED,DISABLED,UNAVAILABLE,DISABLED
1681,0.0023315269500017166,7.292879672604613e-06,0.1215062141418457,-0.3041651248931885,3.6464398363023065e-06,0.06075310707092285,-0.15208256244659424,-0.08899427950382233,32,False,UNAVAILABLE,DISABLED,DISABLED,DISABLED,UNAVAILABLE,DISABLED
1682,0.0036832375917583704,8.457043804810382e-06,0.15592557191848755,-0.32237744331359863,4.228521902405191e-06,0.07796278595924377,-0.16118872165679932,-0.07953847199678421,32,False,UNAVAILABLE,DISABLED,DISABLED,DISABLED,UNAVAILABLE,DISABLED
1683,0.003710258984938264,6.7448818299453706e-06,0.12598013877868652,-0.27686214447021484,3.3724409149726853e-06,0.06299006938934326,-0.13843107223510742,-0.07172737270593643,32,False,UNAVAILABLE,DISABLED,DISABLED,DISABLED,UNAVAILABLE,DISABLED
1684,0.002701760735362768,7.901699063950218e-06,0.18038856983184814,-0.364147424697876,3.950849531975109e-06,0.09019428491592407,-0.182073712348938,-0.08917371928691864,32,False,UNAVAILABLE,DISABLED,DISABLED,DISABLED,UNAVAILABLE,DISABLED
1685,0.004046259913593531,5.718437932955567e-06,0.1313626766204834,-0.33507513999938965,2.8592189664777834e-06,0.0656813383102417,-0.16753756999969482,-0.09780710935592651,32,False,UNAVAILABLE,DISABLED,DISABLED,DISABLED,UNAVAILABLE,DISABLED
1686,0.002153815235942602,4.357833859103266e-06,0.11807215213775635,-0.33058714866638184,2.178916929551633e-06,0.059036076068878174,-0.16529357433319092,-0.1041015088558197,32,False,UNAVAILABLE,DISABLED,DISABLED,DISABLED,UNAVAILABLE,DISABLED
1687,0.002245348645374179,4.78600804854068e-06,0.08501839637756348,-0.2618827819824219,2.39300402427034e-06,0.04250919818878174,-0.13094139099121094,-0.08618444949388504,32,False,UNAVAILABLE,DISABLED,DISABLED,DISABLED,UNAVAILABLE,DISABLED
1688,0.0028340090066194534,7.858830940676853e-06,0.16295677423477173,-0.3392930030822754,3.9294154703384265e-06,0.08147838711738586,-0.1696465015411377,-0.08533017337322235,32,False,UNAVAILABLE,DISABLED,DISABLED,DISABLED,UNAVAILABLE,DISABLED
1689,0.002185859950259328,5.32682815901353e-06,0.1148485541343689,-0.2850825786590576,2.663414079506765e-06,0.05742427706718445,-0.1425412893295288,-0.08292849361896515,32,False,UNAVAILABLE,DISABLED,DISABLED,DISABLED,UNAVAILABLE,DISABLED
1690,0.002776635577902198,5.605382284556981e-06,0.12887221574783325,-0.3040895462036133,2.8026911422784906e-06,0.06443610787391663,-0.15204477310180664,-0.08482922613620758,32,False,UNAVAILABLE,DISABLED,DISABLED,DISABLED,UNAVAILABLE,DISABLED
1691,0.0040998272597789764,4.561818514048355e-06,0.12233901023864746,-0.3213639259338379,2.2809092570241774e-06,0.06116950511932373,-0.16068196296691895,-0.09541034698486328,32,False,UNAVAILABLE,DISABLED,DISABLED,DISABLED,UNAVAILABLE,DISABLED
1692,0.002788148820400238,4.76965897178161e-06,0.10931909084320068,-0.28981995582580566,2.384829485890805e-06,0.05465954542160034,-0.14490997791290283,-0.08745989948511124,32,False,UNAVAILABLE,DISABLED,DISABLED,DISABLED,UNAVAILABLE,DISABLED
1693,0.0422891303896904,6.275033229030669e-06,0.14142417907714844,-0.3357093334197998,3.1375166145153344e-06,0.07071208953857422,-0.1678546667098999,-0.05485031008720398,32,False,UNAVAILABLE,DISABLED,DISABLED,DISABLED,UNAVAILABLE,DISABLED
1694,0.0019228312885388732,4.324463134253165e-06,0.0919872522354126,-0.2696502208709717,2.1622315671265824e-06,0.0459936261177063,-0.13482511043548584,-0.08690649271011353,32,False,UNAVAILABLE,DISABLED,DISABLED,DISABLED,UNAVAILABLE,DISABLED
1695,0.0019312751246616244,5.679200512531679e-06,0.1373550295829773,-0.3313629627227783,2.8396002562658396e-06,0.06867751479148865,-0.16568148136138916,-0.09506985545158386,32,False,UNAVAILABLE,DISABLED,DISABLED,DISABLED,UNAVAILABLE,DISABLED
1696,0.004347927402704954,5.633377440972254e-06,0.13007915019989014,-0.2694971561431885,2.816688720486127e-06,0.06503957509994507,-0.13474857807159424,-0.06535825878381729,32,False,UNAVAILABLE,DISABLED,DISABLED,DISABLED,UNAVAILABLE,DISABLED
1697,0.0030703675001859665,6.782803666283144e-06,0.15883362293243408,-0.33818602561950684,3.391401833141572e-06,0.07941681146621704,-0.16909301280975342,-0.08660244196653366,32,False,UNAVAILABLE,DISABLED,DISABLED,DISABLED,UNAVAILABLE,DISABLED
1698,0.0034840083681046963,5.290948138281237e-06,0.13394170999526978,-0.3085453510284424,2.6454740691406187e-06,0.06697085499763489,-0.1542726755142212,-0.08381516486406326,32,False,UNAVAILABLE,DISABLED,DISABLED,DISABLED,UNAVAILABLE,DISABLED
1699,0.1590331792831421,4.648087724490324e-06,0.10166972875595093,-0.2958488464355469,2.324043862245162e-06,0.050834864377975464,-0.14792442321777344,0.061945945024490356,32,False,UNAVAILABLE,DISABLED,DISABLED,DISABLED,UNAVAILABLE,DISABLED
1700,0.09863381832838058,6.352294803946279e-06,0.14888739585876465,-0.30739474296569824,3.1761474019731395e-06,0.07444369792938232,-0.15369737148284912,0.01938331127166748,32,False,UNAVAILABLE,DISABLED,DISABLED,DISABLED,UNAVAILABLE,DISABLED
1701,0.008978194557130337,6.3550364757247735e-06,0.10932022333145142,-0.28412294387817383,3.1775182378623867e-06,0.05466011166572571,-0.14206147193908691,-0.078419990837574,32,False,UNAVAILABLE,DISABLED,DISABLED,DISABLED,UNAVAILABLE,DISABLED
1702,0.0026855182368308306,6.185834081406938e-06,0.10879886150360107,-0.2955656051635742,3.092917040703469e-06,0.05439943075180054,-0.1477828025817871,-0.09069475531578064,32,False,UNAVAILABLE,DISABLED,DISABLED,DISABLED,UNAVAILABLE,DISABLED
1703,0.06646610796451569,6.097367077018134e-06,0.15793615579605103,-0.34145188331604004,3.048683538509067e-06,0.07896807789802551,-0.17072594165802002,-0.025288701057434082,32,False,UNAVAILABLE,DISABLED,DISABLED,DISABLED,UNAVAILABLE,DISABLED
1704,0.006904037203639746,5.2300547395134345e-06,0.11386561393737793,-0.29721951484680176,2.6150273697567172e-06,0.056932806968688965,-0.14860975742340088,-0.08477029949426651,32,False,UNAVAILABLE,DISABLED,DISABLED,DISABLED,UNAVAILABLE,DISABLED
1705,0.00279796589165926,4.682362941821339e-06,0.10327738523483276,-0.28878307342529297,2.3411814709106693e-06,0.05163869261741638,-0.14439153671264648,-0.08995253592729568,32,False,UNAVAILABLE,DISABLED,DISABLED,DISABLED,UNAVAILABLE,DISABLED
1706,0.0035737694706767797,5.820651949761668e-06,0.1279544234275818,-0.3160827159881592,2.910325974880834e-06,0.0639772117137909,-0.1580413579940796,-0.09048746526241302,32,False,UNAVAILABLE,DISABLED,DISABLED,DISABLED,UNAVAILABLE,DISABLED
1707,0.0018889099592342973,7.237456429720623e-06,0.1572418212890625,-0.32619667053222656,3.6187282148603117e-06,0.07862091064453125,-0.16309833526611328,-0.08258489519357681,32,False,UNAVAILABLE,DISABLED,DISABLED,DISABLED,UNAVAILABLE,DISABLED
1708,0.005818208213895559,6.409100933524314e-06,0.12839508056640625,-0.29326605796813965,3.204550466762157e-06,0.06419754028320312,-0.14663302898406982,-0.07661407440900803,32,False,UNAVAILABLE,DISABLED,DISABLED,DISABLED,UNAVAILABLE,DISABLED
1709,0.004746668040752411,5.257425073068589e-06,0.14119642972946167,-0.31285715103149414,2.6287125365342945e-06,0.07059821486473083,-0.15642857551574707,-0.08108106255531311,32,False,UNAVAILABLE,DISABLED,DISABLED,DISABLED,UNAVAILABLE,DISABLED
1710,0.002981694648042321,5.623254764941521e-06,0.13578259944915771,-0.298351526260376,2.8116273824707605e-06,0.06789129972457886,-0.149175763130188,-0.07829995453357697,32,False,UNAVAILABLE,DISABLED,DISABLED,DISABLED,UNAVAILABLE,DISABLED
1711,0.003561386838555336,9.625086931919213e-06,0.21325922012329102,-0.2469635009765625,4.812543465959607e-06,0.10662961006164551,-0.12348175048828125,-0.013285942375659943,32,False,UNAVAILABLE,DISABLED,DISABLED,DISABLED,UNAVAILABLE,DISABLED
1712,0.0033764925319701433,6.355430741677992e-06,0.1602352261543274,-0.35163426399230957,3.177715370838996e-06,0.0801176130771637,-0.17581713199615479,-0.09231984615325928,32,False,UNAVAILABLE,DISABLED,DISABLED,DISABLED,UNAVAILABLE,DISABLED
1713,0.0019310539355501533,4.610601081367349e-06,0.08351033926010132,-0.2591538429260254,2.3053005406836746e-06,0.04175516963005066,-0.1295769214630127,-0.08588839322328568,32,False,UNAVAILABLE,DISABLED,DISABLED,DISABLED,UNAVAILABLE,DISABLED
1714,0.0020243069157004356,6.214659606484929e-06,0.13289868831634521,-0.3318324089050293,3.1073298032424645e-06,0.06644934415817261,-0.16591620445251465,-0.09743944555521011,32,False,UNAVAILABLE,DISABLED,DISABLED,DISABLED,UNAVAILABLE,DISABLED
1715,0.004047591704875231,5.772119493485661e-06,0.13768965005874634,-0.34876561164855957,2.8860597467428306e-06,0.06884482502937317,-0.17438280582427979,-0.10148750245571136,32,False,UNAVAILABLE,DISABLED,DISABLED,DISABLED,UNAVAILABLE,DISABLED
1716,0.0037345332093536854,6.462565579568036e-06,0.17448580265045166,-0.3807337284088135,3.231282789784018e-06,0.08724290132522583,-0.19036686420440674,-0.09938620030879974,32,False,UNAVAILABLE,DISABLED,DISABLED,DISABLED,UNAVAILABLE,DISABLED
1717,0.00551154650747776,5.4030365390644874e-06,0.12694519758224487,-0.2591826915740967,2.7015182695322437e-06,0.06347259879112244,-0.12959134578704834,-0.06060449779033661,32,False,UNAVAILABLE,DISABLED,DISABLED,DISABLED,UNAVAILABLE,DISABLED
1718,0.018470998853445053,6.306883278739406e-06,0.14822602272033691,-0.2913322448730469,3.153441639369703e-06,0.07411301136016846,-0.14566612243652344,-0.05307895690202713,32,False,UNAVAILABLE,DISABLED,DISABLED,DISABLED,UNAVAILABLE,DISABLED
1719,0.003916819579899311,6.083123025746318e-06,0.19755685329437256,-0.290020227432251,3.041561512873159e-06,0.09877842664718628,-0.1450101137161255,-0.04231182485818863,32,False,UNAVAILABLE,DISABLED,DISABLED,DISABLED,UNAVAILABLE,DISABLED
1720,0.014793789014220238,4.809414349438157e-06,0.12496757507324219,-0.305539608001709,2.4047071747190785e-06,0.062483787536621094,-0.1527698040008545,-0.0754898190498352,32,False,UNAVAILABLE,DISABLED,DISABLED,DISABLED,UNAVAILABLE,DISABLED
1721,0.005687376484274864,5.92106562180561e-06,0.14150798320770264,-0.3648109436035156,2.960532810902805e-06,0.07075399160385132,-0.1824054718017578,-0.1059611439704895,32,False,UNAVAILABLE,DISABLED,DISABLED,DISABLED,UNAVAILABLE,DISABLED
1722,0.004999004770070314,4.495139819482574e-06,0.11213386058807373,-0.3152005672454834,2.247569909741287e-06,0.056066930294036865,-0.1576002836227417,-0.09653209894895554,32,False,UNAVAILABLE,DISABLED,DISABLED,DISABLED,UNAVAILABLE,DISABLED
1723,0.006315329112112522,6.1867931435699575e-06,0.1453382968902588,-0.3173038959503174,3.0933965717849787e-06,0.0726691484451294,-0.1586519479751587,-0.07966437935829163,32,False,UNAVAILABLE,DISABLED,DISABLED,DISABLED,UNAVAILABLE,DISABLED
1724,0.005340502131730318,6.274809038586682e-06,0.1180843710899353,-0.22653532028198242,3.137404519293341e-06,0.05904218554496765,-0.11326766014099121,-0.048881836235523224,32,False,UNAVAILABLE,DISABLED,DISABLED,DISABLED,UNAVAILABLE,DISABLED
1725,0.016859155148267746,7.516048299294198e-06,0.1560589075088501,-0.3548462390899658,3.758024149647099e-06,0.07802945375442505,-0.1774231195449829,-0.08253075182437897,32,False,UNAVAILABLE,DISABLED,DISABLED,DISABLED,UNAVAILABLE,DISABLED
1726,0.01018544752150774,6.148796273919288e-06,0.15224647521972656,-0.34262609481811523,3.074398136959644e-06,0.07612323760986328,-0.17131304740905762,-0.08500128984451294,32,False,UNAVAILABLE,DISABLED,DISABLED,DISABLED,UNAVAILABLE,DISABLED
1727,0.005003990139812231,5.409474397310987e-06,0.11441856622695923,-0.30921196937561035,2.7047371986554936e-06,0.057209283113479614,-0.15460598468780518,-0.09239000827074051,32,False,UNAVAILABLE,DISABLED,DISABLED,DISABLED,UNAVAILABLE,DISABLED
1728,0.003030999330803752,7.722879672655836e-06,0.15414828062057495,-0.30554699897766113,3.861439836327918e-06,0.07707414031028748,-0.15277349948883057,-0.07266449928283691,32,False,UNAVAILABLE,DISABLED,DISABLED,DISABLED,UNAVAILABLE,DISABLED
1729,0.0039982907474040985,7.752619239909109e-06,0.16744095087051392,-0.3557412624359131,3.876309619954554e-06,0.08372047543525696,-0.17787063121795654,-0.09014798700809479,32,False,UNAVAILABLE,DISABLED,DISABLED,DISABLED,UNAVAILABLE,DISABLED
1730,0.005465409252792597,4.224793883622624e-06,0.1322554349899292,-0.28981518745422363,2.112396941811312e-06,0.0661277174949646,-0.14490759372711182,-0.07331235706806183,32,False,UNAVAILABLE,DISABLED,DISABLED,DISABLED,UNAVAILABLE,DISABLED
1731,0.002686302876099944,5.926213361817645e-06,0.10238856077194214,-0.2826359272003174,2.9631066809088225e-06,0.05119428038597107,-0.1413179636001587,-0.08743441849946976,32,False,UNAVAILABLE,DISABLED,DISABLED,DISABLED,UNAVAILABLE,DISABLED
1732,0.003348025493323803,5.306344974087551e-06,0.09424901008605957,-0.26050519943237305,2.6531724870437756e-06,0.047124505043029785,-0.13025259971618652,-0.07977741956710815,32,False,UNAVAILABLE,DISABLED,DISABLED,DISABLED,UNAVAILABLE,DISABLED
1733,0.0026297271251678467,5.348221748135984e-06,0.11561429500579834,-0.3161592483520508,2.674110874067992e-06,0.05780714750289917,-0.1580796241760254,-0.09764007478952408,32,False,UNAVAILABLE,DISABLED,DISABLED,DISABLED,UNAVAILABLE,DISABLED
1734,0.007255706004798412,6.181511707836762e-06,0.1417839527130127,-0.34850025177001953,3.090755853918381e-06,0.07089197635650635,-0.17425012588500977,-0.096099354326725,32,False,UNAVAILABLE,DISABLED,DISABLED,DISABLED,UNAVAILABLE,DISABLED
1735,0.002687036292627454,4.974958301318111e-06,0.10737574100494385,-0.2712278366088867,2.4874791506590554e-06,0.053687870502471924,-0.13561391830444336,-0.07923652231693268,32,False,UNAVAILABLE,DISABLED,DISABLED,DISABLED,UNAVAILABLE,DISABLED
1736,0.00883875135332346,5.771874384663533e-06,0.13461124897003174,-0.33071041107177734,2.8859371923317667e-06,0.06730562448501587,-0.16535520553588867,-0.08920794725418091,32,False,UNAVAILABLE,DISABLED,DISABLED,DISABLED,UNAVAILABLE,DISABLED
1737,0.003116682404652238,5.033487468608655e-06,0.1332758665084839,-0.34674739837646484,2.5167437343043275e-06,0.06663793325424194,-0.17337369918823242,-0.10361656546592712,32,False,UNAVAILABLE,DISABLED,DISABLED,DISABLED,UNAVAILABLE,DISABLED
1738,0.004413440823554993,5.854358278156724e-06,0.1446366310119629,-0.3515186309814453,2.927179139078362e-06,0.07231831550598145,-0.17575931549072266,-0.09902463108301163,32,False,UNAVAILABLE,DISABLED,DISABLED,DISABLED,UNAVAILABLE,DISABLED
1739,0.0036798729561269283,5.9829626479768194e-06,0.13724565505981445,-0.3315298557281494,2.9914813239884097e-06,0.06862282752990723,-0.1657649278640747,-0.09345923364162445,32,False,UNAVAILABLE,DISABLED,DISABLED,DISABLED,UNAVAILABLE,DISABLED
1740,0.002329822164028883,4.99229690831271e-06,0.13431525230407715,-0.3176741600036621,2.496148454156355e-06,0.06715762615203857,-0.15883708000183105,-0.08934713900089264,32,False,UNAVAILABLE,DISABLED,DISABLED,DISABLED,UNAVAILABLE,DISABLED
1741,0.005377947818487883,5.846682597621111e-06,0.14245295524597168,-0.305234432220459,2.9233412988105556e-06,0.07122647762298584,-0.1526172161102295,-0.07600986957550049,32,False,UNAVAILABLE,DISABLED,DISABLED,DISABLED,UNAVAILABLE,DISABLED
1742,0.003087549237534404,5.500251063494943e-06,0.10390383005142212,-0.2909097671508789,2.7501255317474715e-06,0.05195191502571106,-0.14545488357543945,-0.0904126688838005,32,False,UNAVAILABLE,DISABLED,DISABLED,DISABLED,UNAVAILABLE,DISABLED
1743,0.006917350925505161,4.858387001149822e-06,0.1157342791557312,-0.3203296661376953,2.429193500574911e-06,0.0578671395778656,-0.16016483306884766,-0.09537791460752487,32,False,UNAVAILABLE,DISABLED,DISABLED,DISABLED,UNAVAILABLE,DISABLED
1744,0.005357188638299704,5.752241577283712e-06,0.16498607397079468,-0.3487823009490967,2.876120788641856e-06,0.08249303698539734,-0.17439115047454834,-0.08653804659843445,32,False,UNAVAILABLE,DISABLED,DISABLED,DISABLED,UNAVAILABLE,DISABLED
1745,0.003713152837008238,5.138424512551865e-06,0.12053704261779785,-0.3304269313812256,2.5692122562759323e-06,0.060268521308898926,-0.1652134656906128,-0.1012292206287384,32,False,UNAVAILABLE,DISABLED,DISABLED,DISABLED,UNAVAILABLE,DISABLED
1746,0.00583998765796423,6.068602942832513e-06,0.14198243618011475,-0.3523409366607666,3.0343014714162564e-06,0.07099121809005737,-0.1761704683303833,-0.09933622926473618,32,False,UNAVAILABLE,DISABLED,DISABLED,DISABLED,UNAVAILABLE,DISABLED
1747,0.0029127278830856085,6.227211088116746e-06,0.1567913293838501,-0.36191892623901367,3.113605544058373e-06,0.07839566469192505,-0.18095946311950684,-0.09964795410633087,32,False,UNAVAILABLE,DISABLED,DISABLED,DISABLED,UNAVAILABLE,DISABLED
1748,0.007897894829511642,5.078788035461912e-06,0.11727392673492432,-0.26691699028015137,2.539394017730956e-06,0.05863696336746216,-0.13345849514007568,-0.06692110002040863,32,False,UNAVAILABLE,DISABLED,DISABLED,DISABLED,UNAVAILABLE,DISABLED
1749,0.0027086033951491117,5.411537131294608e-06,0.10691726207733154,-0.317049503326416,2.705768565647304e-06,0.05345863103866577,-0.158524751663208,-0.10235480964183807,32,False,UNAVAILABLE,DISABLED,DISABLED,DISABLED,UNAVAILABLE,DISABLED
1750,0.0028693119529634714,4.220019945933018e-06,0.11088550090789795,-0.31761908531188965,2.110009972966509e-06,0.055442750453948975,-0.15880954265594482,-0.1004953682422638,32,False,UNAVAILABLE,DISABLED,DISABLED,DISABLED,UNAVAILABLE,DISABLED
1751,0.0033083863090723753,4.856990017287899e-06,0.12138080596923828,-0.29878902435302734,2.4284950086439494e-06,0.06069040298461914,-0.14939451217651367,-0.08539329469203949,32,False,UNAVAILABLE,DISABLED,DISABLED,DISABLED,UNAVAILABLE,DISABLED
1752,0.006718033459037542,4.764622190123191e-06,0.11823362112045288,-0.3223145008087158,2.3823110950615956e-06,0.05911681056022644,-0.1611572504043579,-0.09532002359628677,32,False,UNAVAILABLE,DISABLED,DISABLED,DISABLED,UNAVAILABLE,DISABLED
1753,0.0032325307838618755,5.7774973356572445e-06,0.1174156665802002,-0.2989039421081543,2.8887486678286223e-06,0.0587078332901001,-0.14945197105407715,-0.08750872313976288,32,False,UNAVAILABLE,DISABLED,DISABLED,DISABLED,UNAVAILABLE,DISABLED
1754,0.005085906945168972,7.043421646812931e-06,0.14814680814743042,-0.3455653190612793,3.5217108234064654e-06,0.07407340407371521,-0.17278265953063965,-0.09361982345581055,32,False,UNAVAILABLE,DISABLED,DISABLED,DISABLED,UNAVAILABLE,DISABLED
1755,0.003737424733117223,6.544192729052156e-06,0.14654219150543213,-0.34717249870300293,3.272096364526078e-06,0.07327109575271606,-0.17358624935150146,-0.09657445549964905,32,False,UNAVAILABLE,DISABLED,DISABLED,DISABLED,UNAVAILABLE,DISABLED
1756,0.003916352521628141,6.541079073940637e-06,0.1696927547454834,-0.3392622470855713,3.2705395369703183e-06,0.0848463773727417,-0.16963112354278564,-0.08086512237787247,32,False,UNAVAILABLE,DISABLED,DISABLED,DISABLED,UNAVAILABLE,DISABLED
1757,0.0036288490518927574,5.5128543863247614e-06,0.12394464015960693,-0.3303656578063965,2.7564271931623807e-06,0.06197232007980347,-0.16518282890319824,-0.09957890212535858,32,False,UNAVAILABLE,DISABLED,DISABLED,DISABLED,UNAVAILABLE,DISABLED
1758,0.003188589122146368,6.239140475372551e-06,0.129985511302948,-0.3291594982147217,3.1195702376862755e-06,0.064992755651474,-0.16457974910736084,-0.09639528393745422,32,False,UNAVAILABLE,DISABLED,DISABLED,DISABLED,UNAVAILABLE,DISABLED
1759,0.0028536049649119377,5.172908458916936e-06,0.1136312484741211,-0.3081493377685547,2.586454229458468e-06,0.05681562423706055,-0.15407466888427734,-0.09440284967422485,32,False,UNAVAILABLE,DISABLED,DISABLED,DISABLED,UNAVAILABLE,DISABLED
1760,0.0031148726120591164,5.4132701734488364e-06,0.16503173112869263,-0.3664522171020508,2.7066350867244182e-06,0.08251586556434631,-0.1832261085510254,-0.09759266674518585,32,False,UNAVAILABLE,DISABLED,DISABLED,DISABLED,UNAVAILABLE,DISABLED
1761,0.004973165225237608,3.932593699573772e-06,0.12017685174942017,-0.31921982765197754,1.966296849786886e-06,0.06008842587471008,-0.15960991382598877,-0.0945463553071022,32,False,UNAVAILABLE,DISABLED,DISABLED,DISABLED,UNAVAILABLE,DISABLED
1762,0.004358693957328796,8.031111065065488e-06,0.272146999835968,-0.40354084968566895,4.015555532532744e-06,0.136073499917984,-0.20177042484283447,-0.06133422255516052,32,False,UNAVAILABLE,DISABLED,DISABLED,DISABLED,UNAVAILABLE,DISABLED
1763,0.0032375589944422245,4.880000233242754e-06,0.1503891944885254,-0.3640315532684326,2.440000116621377e-06,0.0751945972442627,-0.1820157766342163,-0.10358118265867233,32,False,UNAVAILABLE,DISABLED,DISABLED,DISABLED,UNAVAILABLE,DISABLED
1764,0.0027233543805778027,6.642042990279151e-06,0.16594737768173218,-0.3991541862487793,3.3210214951395756e-06,0.08297368884086609,-0.19957709312438965,-0.11387673020362854,32,False,UNAVAILABLE,DISABLED,DISABLED,DISABLED,UNAVAILABLE,DISABLED
1765,0.00415734201669693,5.523671006812947e-06,0.15043985843658447,-0.34516286849975586,2.7618355034064734e-06,0.07521992921829224,-0.17258143424987793,-0.0932013988494873,32,False,UNAVAILABLE,DISABLED,DISABLED,DISABLED,UNAVAILABLE,DISABLED
1766,0.0060041481629014015,6.597131687158253e-06,0.1747913360595703,-0.38947439193725586,3.2985658435791265e-06,0.08739566802978516,-0.19473719596862793,-0.10133408010005951,32,False,UNAVAILABLE,DISABLED,DISABLED,DISABLED,UNAVAILABLE,DISABLED
1767,0.0038858726620674133,5.091215825814288e-06,0.15956348180770874,-0.330674409866333,2.545607912907144e-06,0.07978174090385437,-0.1653372049331665,-0.08166704326868057,32,False,UNAVAILABLE,DISABLED,DISABLED,DISABLED,UNAVAILABLE,DISABLED
1768,0.003181153442710638,8.252766747318674e-06,0.1920815110206604,-0.36203813552856445,4.126383373659337e-06,0.0960407555103302,-0.18101906776428223,-0.08179303258657455,32,False,UNAVAILABLE,DISABLED,DISABLED,DISABLED,UNAVAILABLE,DISABLED
1769,0.004008743446320295,5.695677373296348e-06,0.12841427326202393,-0.27407121658325195,2.847838686648174e-06,0.06420713663101196,-0.13703560829162598,-0.06881687790155411,32,False,UNAVAILABLE,DISABLED,DISABLED,DISABLED,UNAVAILABLE,DISABLED
1770,0.005452566314488649,5.152731318958104e-06,0.13717186450958252,-0.2839674949645996,2.576365659479052e-06,0.06858593225479126,-0.1419837474822998,-0.06794267147779465,32,False,UNAVAILABLE,DISABLED,DISABLED,DISABLED,UNAVAILABLE,DISABLED
1771,0.008902989327907562,5.388588760979474e-06,0.13639509677886963,-0.3217957019805908,2.694294380489737e-06,0.06819754838943481,-0.1608978509902954,-0.08379461616277695,32,False,UNAVAILABLE,DISABLED,DISABLED,DISABLED,UNAVAILABLE,DISABLED
1772,0.0042612371034920216,5.982827133266255e-06,0.12633419036865234,-0.3121976852416992,2.9914135666331276e-06,0.06316709518432617,-0.1560988426208496,-0.08866751939058304,32,False,UNAVAILABLE,DISABLED,DISABLED,DISABLED,UNAVAILABLE,DISABLED
1773,0.0035128239542245865,8.740034900256433e-06,0.1910530924797058,-0.3473691940307617,4.370017450128216e-06,0.0955265462398529,-0.17368459701538086,-0.07464085519313812,32,False,UNAVAILABLE,DISABLED,DISABLED,DISABLED,UNAVAILABLE,DISABLED
1774,0.0034942803904414177,5.224275810178369e-06,0.12702828645706177,-0.33440375328063965,2.6121379050891846e-06,0.06351414322853088,-0.16720187664031982,-0.10019084066152573,32,False,UNAVAILABLE,DISABLED,DISABLED,DISABLED,UNAVAILABLE,DISABLED
1775,0.0028913861606270075,5.432134003058309e-06,0.12948715686798096,-0.3120877742767334,2.7160670015291544e-06,0.06474357843399048,-0.1560438871383667,-0.08840620517730713,32,False,UNAVAILABLE,DISABLED,DISABLED,DISABLED,UNAVAILABLE,DISABLED
1776,0.005471124313771725,5.713010523322737e-06,0.12373310327529907,-0.27927112579345703,2.8565052616613684e-06,0.061866551637649536,-0.13963556289672852,-0.07229503244161606,32,False,UNAVAILABLE,DISABLED,DISABLED,DISABLED,UNAVAILABLE,DISABLED
1777,0.0058688148856163025,4.16107832279522e-06,0.14604002237319946,-0.31099534034729004,2.08053916139761e-06,0.07302001118659973,-0.15549767017364502,-0.07660676538944244,32,False,UNAVAILABLE,DISABLED,DISABLED,DISABLED,UNAVAILABLE,DISABLED
1778,0.003349656006321311,4.696884843724547e-06,0.1104922890663147,-0.2683248519897461,2.3484424218622735e-06,0.05524614453315735,-0.13416242599487305,-0.07556428015232086,32,False,UNAVAILABLE,DISABLED,DISABLED,DISABLED,UNAVAILABLE,DISABLED
1779,0.0035522044636309147,5.440015229396522e-06,0.16410088539123535,-0.3680000305175781,2.720007614698261e-06,0.08205044269561768,-0.18400001525878906,-0.09839464724063873,32,False,UNAVAILABLE,DISABLED,DISABLED,DISABLED,UNAVAILABLE,DISABLED
1780,0.006946616806089878,5.706012871087296e-06,0.14501070976257324,-0.3628385066986084,2.853006435543648e-06,0.07250535488128662,-0.1814192533493042,-0.10196442902088165,32,False,UNAVAILABLE,DISABLED,DISABLED,DISABLED,UNAVAILABLE,DISABLED
1781,0.0044249845668673515,5.724862603528891e-06,0.1427595615386963,-0.3545708656311035,2.8624313017644454e-06,0.07137978076934814,-0.17728543281555176,-0.10147780179977417,32,False,UNAVAILABLE,DISABLED,DISABLED,DISABLED,UNAVAILABLE,DISABLED
1782,0.0037421032320708036,6.585996743524447e-06,0.1404428482055664,-0.32239794731140137,3.2929983717622235e-06,0.0702214241027832,-0.16119897365570068,-0.08723215013742447,32,False,UNAVAILABLE,DISABLED,DISABLED,DISABLED,UNAVAILABLE,DISABLED
1783,0.003398627508431673,5.534049705602229e-06,0.15071117877960205,-0.3269643783569336,2.7670248528011143e-06,0.07535558938980103,-0.1634821891784668,-0.08472520858049393,32,False,UNAVAILABLE,DISABLED,DISABLED,DISABLED,UNAVAILABLE,DISABLED
1784,0.003294527530670166,6.852420483483002e-06,0.128179132938385,-0.3048100471496582,3.426210241741501e-06,0.0640895664691925,-0.1524050235748291,-0.08501750230789185,32,False,UNAVAILABLE,DISABLED,DISABLED,DISABLED,UNAVAILABLE,DISABLED
1785,0.003433450823649764,5.987738404655829e-06,0.15560179948806763,-0.3562178611755371,2.9938692023279145e-06,0.07780089974403381,-0.17810893058776855,-0.09687158465385437,32,False,UNAVAILABLE,DISABLED,DISABLED,DISABLED,UNAVAILABLE,DISABLED
1786,0.004297161940485239,9.179708285955712e-06,0.22337639331817627,-0.3688619136810303,4.589854142977856e-06,0.11168819665908813,-0.18443095684051514,-0.0684410110116005,32,False,UNAVAILABLE,DISABLED,DISABLED,DISABLED,UNAVAILABLE,DISABLED
1787,0.00299612944945693,6.037699677108321e-06,0.14663493633270264,-0.37799739837646484,3.0188498385541607e-06,0.07331746816635132,-0.18899869918823242,-0.11268208175897598,32,False,UNAVAILABLE,DISABLED,DISABLED,DISABLED,UNAVAILABLE,DISABLED
1788,0.021255675703287125,5.439165761345066e-06,0.13246703147888184,-0.33146214485168457,2.719582880672533e-06,0.06623351573944092,-0.16573107242584229,-0.07823915779590607,32,False,UNAVAILABLE,DISABLED,DISABLED,DISABLED,UNAVAILABLE,DISABLED
1789,0.004915950354188681,4.572300440486288e-06,0.11736613512039185,-0.3295135498046875,2.286150220243144e-06,0.05868306756019592,-0.16475677490234375,-0.10115547478199005,32,False,UNAVAILABLE,DISABLED,DISABLED,DISABLED,UNAVAILABLE,DISABLED
1790,0.004080841317772865,7.1356157604896e-06,0.20057737827301025,-0.40027284622192383,3.5678078802448e-06,0.10028868913650513,-0.20013642311096191,-0.09576332569122314,32,False,UNAVAILABLE,DISABLED,DISABLED,DISABLED,UNAVAILABLE,DISABLED
1791,0.006136281881481409,5.1705278565350454e-06,0.2399623990058899,-0.29783034324645996,2.5852639282675227e-06,0.11998119950294495,-0.14891517162322998,-0.022795110940933228,32,False,UNAVAILABLE,DISABLED,DISABLED,DISABLED,UNAVAILABLE,DISABLED
1792,0.0044756378047168255,6.063970431569032e-06,0.14902347326278687,-0.33413243293762207,3.031985215784516e-06,0.07451173663139343,-0.16706621646881104,-0.08807580918073654,32,False,UNAVAILABLE,DISABLED,DISABLED,DISABLED,UNAVAILABLE,DISABLED
1793,0.0033989257644861937,6.52827657177113e-06,0.13135218620300293,-0.3050978183746338,3.264138285885565e-06,0.06567609310150146,-0.1525489091873169,-0.08347062766551971,32,False,UNAVAILABLE,DISABLED,DISABLED,DISABLED,UNAVAILABLE,DISABLED
1794,0.004120372701436281,5.862561465619365e-06,0.12618815898895264,-0.3339524269104004,2.9312807328096824e-06,0.06309407949447632,-0.1669762134552002,-0.09975883364677429,32,False,UNAVAILABLE,DISABLED,DISABLED,DISABLED,UNAVAILABLE,DISABLED
1795,0.004746902268379927,6.439378466893686e-06,0.13959521055221558,-0.32410383224487305,3.219689233446843e-06,0.06979760527610779,-0.16205191612243652,-0.08750418573617935,32,False,UNAVAILABLE,DISABLED,DISABLED,DISABLED,UNAVAILABLE,DISABLED
1796,0.00426809536293149,5.417241936811479e-06,0.1831086277961731,-0.3287625312805176,2.7086209684057394e-06,0.09155431389808655,-0.1643812656402588,-0.06855614483356476,32,False,UNAVAILABLE,DISABLED,DISABLED,DISABLED,UNAVAILABLE,DISABLED
1797,0.003205358749255538,4.536502729024505e-06,0.13910841941833496,-0.3304417133331299,2.2682513645122526e-06,0.06955420970916748,-0.16522085666656494,-0.09245902299880981,32,False,UNAVAILABLE,DISABLED,DISABLED,DISABLED,UNAVAILABLE,DISABLED
1798,0.008445033803582191,3.7961933685437543e-06,0.1681450605392456,-0.31003808975219727,1.8980966842718772e-06,0.0840725302696228,-0.15501904487609863,-0.06249958276748657,32,False,UNAVAILABLE,DISABLED,DISABLED,DISABLED,UNAVAILABLE,DISABLED
1799,0.0031422812025994062,5.7421989367867354e-06,0.16044604778289795,-0.34654831886291504,2.8710994683933677e-06,0.08022302389144897,-0.17327415943145752,-0.0899059846997261,32,False,UNAVAILABLE,DISABLED,DISABLED,DISABLED,UNAVAILABLE,DISABLED
1800,0.003025488927960396,7.446840299962787e-06,0.13604134321212769,-0.3119699954986572,3.7234201499813935e-06,0.06802067160606384,-0.1559849977493286,-0.08493511378765106,32,False,UNAVAILABLE,DISABLED,DISABLED,DISABLED,UNAVAILABLE,DISABLED
1801,0.004296303726732731,5.978819899610244e-06,0.21231591701507568,-0.3668327331542969,2.989409949805122e-06,0.10615795850753784,-0.18341636657714844,-0.07295911759138107,32,False,UNAVAILABLE,DISABLED,DISABLED,DISABLED,UNAVAILABLE,DISABLED
1802,0.0036166971549391747,5.743516794609604e-06,0.12033557891845703,-0.28386545181274414,2.871758397304802e-06,0.060167789459228516,-0.14193272590637207,-0.07814536988735199,32,False,UNAVAILABLE,DISABLED,DISABLED,DISABLED,UNAVAILABLE,DISABLED
1803,0.005443138536065817,7.341034688579384e-06,0.15732020139694214,-0.3152735233306885,3.670517344289692e-06,0.07866010069847107,-0.15763676166534424,-0.07352985441684723,32,False,UNAVAILABLE,DISABLED,DISABLED,DISABLED,UNAVAILABLE,DISABLED
1804,0.003086468204855919,7.607816314703086e-06,0.16278141736984253,-0.36361265182495117,3.803908157351543e-06,0.08139070868492126,-0.18180632591247559,-0.09732534736394882,32,False,UNAVAILABLE,DISABLED,DISABLED,DISABLED,UNAVAILABLE,DISABLED
1805,0.0031614932231605053,5.209754363022512e-06,0.09673488140106201,-0.2987499237060547,2.604877181511256e-06,0.048367440700531006,-0.14937496185302734,-0.09784342348575592,32,False,UNAVAILABLE,DISABLED,DISABLED,DISABLED,UNAVAILABLE,DISABLED
1806,0.004617637954652309,6.3198299358191434e-06,0.14382773637771606,-0.33936285972595215,3.1599149679095717e-06,0.07191386818885803,-0.16968142986297607,-0.09314676374197006,32,False,UNAVAILABLE,DISABLED,DISABLED,DISABLED,UNAVAILABLE,DISABLED
1807,0.00389477820135653,5.0577377805893775e-06,0.12467890977859497,-0.3279755115509033,2.5288688902946888e-06,0.062339454889297485,-0.16398775577545166,-0.09775099158287048,32,False,UNAVAILABLE,DISABLED,DISABLED,DISABLED,UNAVAILABLE,DISABLED
1808,0.007191943936049938,6.04351134825265e-06,0.19489121437072754,-0.3721952438354492,3.021755674126325e-06,0.09744560718536377,-0.1860976219177246,-0.08145704865455627,32,False,UNAVAILABLE,DISABLED,DISABLED,DISABLED,UNAVAILABLE,DISABLED
1809,0.004846378229558468,5.565774245042121e-06,0.10622739791870117,-0.30612754821777344,2.7828871225210605e-06,0.053113698959350586,-0.15306377410888672,-0.09510090947151184,32,False,UNAVAILABLE,DISABLED,DISABLED,DISABLED,UNAVAILABLE,DISABLED
1810,0.004373353905975819,4.826563326787436e-06,0.139653742313385,-0.31876540184020996,2.413281663393718e-06,0.0698268711566925,-0.15938270092010498,-0.08518005907535553,32,False,UNAVAILABLE,DISABLED,DISABLED,DISABLED,UNAVAILABLE,DISABLED
1811,0.003588141407817602,5.382459221436875e-06,0.1150323748588562,-0.32215380668640137,2.6912296107184375e-06,0.0575161874294281,-0.16107690334320068,-0.09996987879276276,32,False,UNAVAILABLE,DISABLED,DISABLED,DISABLED,UNAVAILABLE,DISABLED
1812,0.003954784478992224,3.6704329886561027e-06,0.13036131858825684,-0.3275570869445801,1.8352164943280513e-06,0.06518065929412842,-0.16377854347229004,-0.09464126825332642,32,False,UNAVAILABLE,DISABLED,DISABLED,DISABLED,UNAVAILABLE,DISABLED
1813,0.005026695318520069,6.789132385165431e-06,0.15507906675338745,-0.28678417205810547,3.3945661925827153e-06,0.07753953337669373,-0.14339208602905273,-0.060822464525699615,32,False,UNAVAILABLE,DISABLED,DISABLED,DISABLED,UNAVAILABLE,DISABLED
1814,0.0044376361183822155,4.557223746814998e-06,0.1144341230392456,-0.2860426902770996,2.278611873407499e-06,0.0572170615196228,-0.1430213451385498,-0.08136437088251114,32,False,UNAVAILABLE,DISABLED,DISABLED,DISABLED,UNAVAILABLE,DISABLED
1815,0.00425815349444747,5.152132871444337e-06,0.12687182426452637,-0.3392188549041748,2.5760664357221685e-06,0.06343591213226318,-0.1696094274520874,-0.10191278904676437,32,False,UNAVAILABLE,DISABLED,DISABLED,DISABLED,UNAVAILABLE,DISABLED
1816,0.004008237738162279,5.622276603389764e-06,0.15463018417358398,-0.2867624759674072,2.811138301694882e-06,0.07731509208679199,-0.1433812379837036,-0.06205509603023529,32,False,UNAVAILABLE,DISABLED,DISABLED,DISABLED,UNAVAILABLE,DISABLED
1817,0.004340179730206728,7.065312729537254e-06,0.15805429220199585,-0.3535490036010742,3.532656364768627e-06,0.07902714610099792,-0.1767745018005371,-0.0934036448597908,32,False,UNAVAILABLE,DISABLED,DISABLED,DISABLED,UNAVAILABLE,DISABLED
1818,0.0061093829572200775,5.701190730178496e-06,0.15366053581237793,-0.36037206649780273,2.850595365089248e-06,0.07683026790618896,-0.18018603324890137,-0.097243532538414,32,False,UNAVAILABLE,DISABLED,DISABLED,DISABLED,UNAVAILABLE,DISABLED
1819,0.004550514742732048,5.47450781596126e-06,0.1028408408164978,-0.27480149269104004,2.73725390798063e-06,0.0514204204082489,-0.13740074634552002,-0.08142707496881485,32,False,UNAVAILABLE,DISABLED,DISABLED,DISABLED,UNAVAILABLE,DISABLED
1820,0.0027606745716184378,5.464877176564187e-06,0.12499880790710449,-0.3241865634918213,2.7324385882820934e-06,0.062499403953552246,-0.16209328174591064,-0.09683047235012054,32,False,UNAVAILABLE,DISABLED,DISABLED,DISABLED,UNAVAILABLE,DISABLED
1821,0.005681016948074102,4.913866177957971e-06,0.12508225440979004,-0.3094747066497803,2.4569330889789853e-06,0.06254112720489502,-0.15473735332489014,-0.08651275187730789,32,False,UNAVAILABLE,DISABLED,DISABLED,DISABLED,UNAVAILABLE,DISABLED
1822,0.004300076048821211,4.57327132608043e-06,0.13261473178863525,-0.324462890625,2.286635663040215e-06,0.06630736589431763,-0.1622314453125,-0.09162171930074692,32,False,UNAVAILABLE,DISABLED,DISABLED,DISABLED,UNAVAILABLE,DISABLED
1823,0.0038703635800629854,7.058376922941534e-06,0.15272504091262817,-0.3367464542388916,3.529188461470767e-06,0.07636252045631409,-0.1683732271194458,-0.08813681453466415,32,False,UNAVAILABLE,DISABLED,DISABLED,DISABLED,UNAVAILABLE,DISABLED
1824,0.004232534673064947,5.887679435545579e-06,0.17492729425430298,-0.3725578784942627,2.9438397177727893e-06,0.08746364712715149,-0.18627893924713135,-0.09457981586456299,32,False,UNAVAILABLE,DISABLED,DISABLED,DISABLED,UNAVAILABLE,DISABLED
1825,0.00455994438380003,7.953482054290362e-06,0.15367084741592407,-0.3138887882232666,3.976741027145181e-06,0.07683542370796204,-0.1569443941116333,-0.0755450502038002,32,False,UNAVAILABLE,DISABLED,DISABLED,DISABLED,UNAVAILABLE,DISABLED
1826,0.005023567471653223,5.7263655435235705e-06,0.12559348344802856,-0.33733296394348145,2.8631827717617853e-06,0.06279674172401428,-0.16866648197174072,-0.10084331035614014,32,False,UNAVAILABLE,DISABLED,DISABLED,DISABLED,UNAVAILABLE,DISABLED
1827,0.006098156329244375,8.247925507021137e-06,0.2388097047805786,-0.2816579341888428,4.123962753510568e-06,0.1194048523902893,-0.1408289670944214,-0.01532183587551117,32,False,UNAVAILABLE,DISABLED,DISABLED,DISABLED,UNAVAILABLE,DISABLED
1828,0.0053428588435053825,6.844848940090742e-06,0.17059111595153809,-0.320328950881958,3.422424470045371e-06,0.08529555797576904,-0.160164475440979,-0.06952263414859772,32,False,UNAVAILABLE,DISABLED,DISABLED,DISABLED,UNAVAILABLE,DISABLED
1829,0.0036193726118654013,4.263119535607984e-06,0.11784034967422485,-0.30408453941345215,2.131559767803992e-06,0.05892017483711243,-0.15204226970672607,-0.08950059115886688,32,False,UNAVAILABLE,DISABLED,DISABLED,DISABLED,UNAVAILABLE,DISABLED
1830,0.002771628787741065,6.614360245293938e-06,0.12745696306228638,-0.32292699813842773,3.307180122646969e-06,0.06372848153114319,-0.16146349906921387,-0.09496007859706879,32,False,UNAVAILABLE,DISABLED,DISABLED,DISABLED,UNAVAILABLE,DISABLED
1831,0.004673311952501535,5.022835921408841e-06,0.10040819644927979,-0.2985854148864746,2.5114179607044207e-06,0.05020409822463989,-0.1492927074432373,-0.09441278874874115,32,False,UNAVAILABLE,DISABLED,DISABLED,DISABLED,UNAVAILABLE,DISABLED
1832,0.00554534699767828,5.883298399567138e-06,0.15320581197738647,-0.28798961639404297,2.941649199783569e-06,0.07660290598869324,-0.14399480819702148,-0.06184361129999161,32,False,UNAVAILABLE,DISABLED,DISABLED,DISABLED,UNAVAILABLE,DISABLED
1833,0.0029872816521674395,5.52054325453355e-06,0.12358731031417847,-0.3060910701751709,2.760271627266775e-06,0.06179365515708923,-0.15304553508758545,-0.08826183527708054,32,False,UNAVAILABLE,DISABLED,DISABLED,DISABLED,UNAVAILABLE,DISABLED
1834,0.00438278540968895,5.018711362936301e-06,0.10921883583068848,-0.3179807662963867,2.5093556814681506e-06,0.05460941791534424,-0.15899038314819336,-0.0999956727027893,32,False,UNAVAILABLE,DISABLED,DISABLED,DISABLED,UNAVAILABLE,DISABLED
1835,0.004575950559228659,6.868058790132636e-06,0.14716994762420654,-0.3387782573699951,3.434029395066318e-06,0.07358497381210327,-0.16938912868499756,-0.09122476726770401,32,False,UNAVAILABLE,DISABLED,DISABLED,DISABLED,UNAVAILABLE,DISABLED
1836,0.005376444663852453,6.857642347313231e-06,0.13343429565429688,-0.31655120849609375,3.4288211736566154e-06,0.06671714782714844,-0.15827560424804688,-0.08617858588695526,32,False,UNAVAILABLE,DISABLED,DISABLED,DISABLED,UNAVAILABLE,DISABLED
1837,0.0050949715077877045,5.093681011203444e-06,0.11929571628570557,-0.322162389755249,2.546840505601722e-06,0.05964785814285278,-0.1610811948776245,-0.09633582085371017,32,False,UNAVAILABLE,DISABLED,DISABLED,DISABLED,UNAVAILABLE,DISABLED
1838,0.004693155642598867,4.740910753753269e-06,0.14102429151535034,-0.3053419589996338,2.3704553768766345e-06,0.07051214575767517,-0.1526709794998169,-0.0774633064866066,32,False,UNAVAILABLE,DISABLED,DISABLED,DISABLED,UNAVAILABLE,DISABLED
1839,0.005704152397811413,6.193515218910761e-06,0.15024125576019287,-0.34205079078674316,3.0967576094553806e-06,0.07512062788009644,-0.17102539539337158,-0.09019751846790314,32,False,UNAVAILABLE,DISABLED,DISABLED,DISABLED,UNAVAILABLE,DISABLED
1840,0.002582830609753728,6.875064173073042e-06,0.19420301914215088,-0.3655848503112793,3.437532086536521e-06,0.09710150957107544,-0.18279242515563965,-0.08310464769601822,32,False,UNAVAILABLE,DISABLED,DISABLED,DISABLED,UNAVAILABLE,DISABLED
1841,0.0034845671616494656,5.145801424077945e-06,0.13439065217971802,-0.33116936683654785,2.5729007120389724e-06,0.06719532608985901,-0.16558468341827393,-0.09490221738815308,32,False,UNAVAILABLE,DISABLED,DISABLED,DISABLED,UNAVAILABLE,DISABLED
1842,0.004353598691523075,7.866810847190209e-06,0.18234610557556152,-0.35947155952453613,3.933405423595104e-06,0.09117305278778076,-0.17973577976226807,-0.08420519530773163,32,False,UNAVAILABLE,DISABLED,DISABLED,DISABLED,UNAVAILABLE,DISABLED
1843,0.012283670715987682,6.388916517607868e-06,0.12796062231063843,-0.3236048221588135,3.194458258803934e-06,0.06398031115531921,-0.16180241107940674,-0.08553523570299149,32,False,UNAVAILABLE,DISABLED,DISABLED,DISABLED,UNAVAILABLE,DISABLED
1844,0.00400122394785285,5.904679710511118e-06,0.15961313247680664,-0.3676934242248535,2.952339855255559e-06,0.07980656623840332,-0.18384671211242676,-0.10003597289323807,32,False,UNAVAILABLE,DISABLED,DISABLED,DISABLED,UNAVAILABLE,DISABLED
1845,0.0033846194855868816,6.965560260141501e-06,0.16622161865234375,-0.2715034484863281,3.4827801300707506e-06,0.08311080932617188,-0.13575172424316406,-0.049252815544605255,32,False,UNAVAILABLE,DISABLED,DISABLED,DISABLED,UNAVAILABLE,DISABLED
1846,0.00539297005161643,7.208530860225437e-06,0.15612763166427612,-0.37256503105163574,3.6042654301127186e-06,0.07806381583213806,-0.18628251552581787,-0.10282212495803833,32,False,UNAVAILABLE,DISABLED,DISABLED,DISABLED,UNAVAILABLE,DISABLED
1847,0.002953511895611882,7.67893379816087e-06,0.17301928997039795,-0.3534717559814453,3.839466899080435e-06,0.08650964498519897,-0.17673587799072266,-0.0872688814997673,32,False,UNAVAILABLE,DISABLED,DISABLED,DISABLED,UNAVAILABLE,DISABLED
1848,0.003682982176542282,4.4001644710078835e-06,0.13941550254821777,-0.3435242176055908,2.2000822355039418e-06,0.06970775127410889,-0.1717621088027954,-0.09836917370557785,32,False,UNAVAILABLE,DISABLED,DISABLED,DISABLED,UNAVAILABLE,DISABLED
1849,0.004251687787473202,6.731481335009448e-06,0.19354593753814697,-0.2880592346191406,3.365740667504724e-06,0.09677296876907349,-0.1440296173095703,-0.04300159215927124,32,False,UNAVAILABLE,DISABLED,DISABLED,DISABLED,UNAVAILABLE,DISABLED
1850,0.0053900377824902534,4.22495077145868e-06,0.12137740850448608,-0.24391984939575195,2.11247538572934e-06,0.06068870425224304,-0.12195992469787598,-0.05587907135486603,32,False,UNAVAILABLE,DISABLED,DISABLED,DISABLED,UNAVAILABLE,DISABLED
1851,0.004462201613932848,6.43576413494884e-06,0.14510750770568848,-0.27770328521728516,3.21788206747442e-06,0.07255375385284424,-0.13885164260864258,-0.06183247268199921,32,False,UNAVAILABLE,DISABLED,DISABLED,DISABLED,UNAVAILABLE,DISABLED
1852,0.004178626928478479,5.911842436034931e-06,0.1256275773048401,-0.33072638511657715,2.9559212180174654e-06,0.06281378865242004,-0.16536319255828857,-0.09836781769990921,32,False,UNAVAILABLE,DISABLED,DISABLED,DISABLED,UNAVAILABLE,DISABLED
1853,0.009445736184716225,5.034476998844184e-06,0.13455724716186523,-0.263683557510376,2.517238499422092e-06,0.06727862358093262,-0.131841778755188,-0.055114902555942535,32,False,UNAVAILABLE,DISABLED,DISABLED,DISABLED,UNAVAILABLE,DISABLED
1854,0.0035285905469208956,5.743979727412807e-06,0.10830646753311157,-0.24078798294067383,2.8719898637064034e-06,0.054153233766555786,-0.12039399147033691,-0.06270929425954819,32,False,UNAVAILABLE,DISABLED,DISABLED,DISABLED,UNAVAILABLE,DISABLED
1855,0.007186777889728546,3.544198534655152e-06,0.08102613687515259,-0.26693272590637207,1.772099267327576e-06,0.040513068437576294,-0.13346636295318604,-0.08576474338769913,32,False,UNAVAILABLE,DISABLED,DISABLED,DISABLED,UNAVAILABLE,DISABLED
1856,0.004678036086261272,6.593669695575954e-06,0.19590473175048828,-0.2987689971923828,3.296834847787977e-06,0.09795236587524414,-0.1493844985961914,-0.04675079882144928,32,False,UNAVAILABLE,DISABLED,DISABLED,DISABLED,UNAVAILABLE,DISABLED
1857,0.004882944282144308,5.298290034261299e-06,0.16554218530654907,-0.3234829902648926,2.6491450171306496e-06,0.08277109265327454,-0.1617414951324463,-0.0740848109126091,32,False,UNAVAILABLE,DISABLED,DISABLED,DISABLED,UNAVAILABLE,DISABLED
1858,0.00432318402454257,5.128228622197639e-06,0.13807034492492676,-0.2644615173339844,2.5641143110988196e-06,0.06903517246246338,-0.1322307586669922,-0.05886983871459961,32,False,UNAVAILABLE,DISABLED,DISABLED,DISABLED,UNAVAILABLE,DISABLED
1859,0.008493120782077312,5.462704393721651e-06,0.13223713636398315,-0.32873106002807617,2.7313521968608256e-06,0.06611856818199158,-0.16436553001403809,-0.08975110948085785,32,False,UNAVAILABLE,DISABLED,DISABLED,DISABLED,UNAVAILABLE,DISABLED
1860,0.007700651418417692,3.5877567370334873e-06,0.10584986209869385,-0.3262295722961426,1.7938783685167436e-06,0.052924931049346924,-0.1631147861480713,-0.10248741507530212,32,False,UNAVAILABLE,DISABLED,DISABLED,DISABLED,UNAVAILABLE,DISABLED
1861,0.003411354497075081,3.8189850783965085e-06,0.1063997745513916,-0.2648963928222656,1.9094925391982542e-06,0.0531998872756958,-0.1324481964111328,-0.07583504915237427,32,False,UNAVAILABLE,DISABLED,DISABLED,DISABLED,UNAVAILABLE,DISABLED
1862,0.0035534007474780083,5.073653483123053e-06,0.11291366815567017,-0.27418041229248047,2.5368267415615264e-06,0.05645683407783508,-0.13709020614624023,-0.07707743346691132,32,False,UNAVAILABLE,DISABLED,DISABLED,DISABLED,UNAVAILABLE,DISABLED
1863,0.002502604154869914,5.9702056205424014e-06,0.12331962585449219,-0.2772557735443115,2.9851028102712007e-06,0.061659812927246094,-0.13862788677215576,-0.07446248829364777,32,False,UNAVAILABLE,DISABLED,DISABLED,DISABLED,UNAVAILABLE,DISABLED
1864,0.004482069984078407,4.582365818350809e-06,0.1389818787574768,-0.3041071891784668,2.2911829091754043e-06,0.0694909393787384,-0.1520535945892334,-0.07807829231023788,32,False,UNAVAILABLE,DISABLED,DISABLED,DISABLED,UNAVAILABLE,DISABLED
1865,0.0033293988090008497,5.3880567065789364e-06,0.12066483497619629,-0.31949472427368164,2.6940283532894682e-06,0.060332417488098145,-0.15974736213684082,-0.09608285129070282,32,False,UNAVAILABLE,DISABLED,DISABLED,DISABLED,UNAVAILABLE,DISABLED
1866,0.0031378704588860273,5.386024895415176e-06,0.129855215549469,-0.294003963470459,2.693012447707588e-06,0.0649276077747345,-0.1470019817352295,-0.07893381267786026,32,False,UNAVAILABLE,DISABLED,DISABLED,DISABLED,UNAVAILABLE,DISABLED
1867,0.004277254920452833,4.895803158433409e-06,0.1314401626586914,-0.3179349899291992,2.4479015792167047e-06,0.0657200813293457,-0.1589674949645996,-0.0889677107334137,32,False,UNAVAILABLE,DISABLED,DISABLED,DISABLED,UNAVAILABLE,DISABLED
1868,0.004723035264760256,7.881909368734341e-06,0.1844307780265808,-0.35268306732177734,3.9409546843671706e-06,0.0922153890132904,-0.17634153366088867,-0.07939916849136353,32,False,UNAVAILABLE,DISABLED,DISABLED,DISABLED,UNAVAILABLE,DISABLED
1869,0.004983359947800636,5.989305464026984e-06,0.21348631381988525,-0.3439962863922119,2.994652732013492e-06,0.10674315690994263,-0.17199814319610596,-0.06026863306760788,32,False,UNAVAILABLE,DISABLED,DISABLED,DISABLED,UNAVAILABLE,DISABLED
1870,0.0023063693661242723,7.910282874945551e-06,0.14508944749832153,-0.29410624504089355,3.955141437472776e-06,0.07254472374916077,-0.14705312252044678,-0.07219807803630829,32,False,UNAVAILABLE,DISABLED,DISABLED,DISABLED,UNAVAILABLE,DISABLED
1871,0.004160172306001186,7.669494152651168e-06,0.1680595874786377,-0.28223252296447754,3.834747076325584e-06,0.08402979373931885,-0.14111626148223877,-0.052922457456588745,32,False,UNAVAILABLE,DISABLED,DISABLED,DISABLED,UNAVAILABLE,DISABLED
1872,0.0031270154286175966,5.423510174296098e-06,0.1204456090927124,-0.3313789367675781,2.711755087148049e-06,0.0602228045463562,-0.16568946838378906,-0.10233693569898605,32,False,UNAVAILABLE,DISABLED,DISABLED,DISABLED,UNAVAILABLE,DISABLED
1873,0.0035426795948296785,5.069996859674575e-06,0.10653102397918701,-0.2901787757873535,2.5349984298372874e-06,0.053265511989593506,-0.14508938789367676,-0.08827866613864899,32,False,UNAVAILABLE,DISABLED,DISABLED,DISABLED,UNAVAILABLE,DISABLED
1874,0.005029048305004835,4.599832664098358e-06,0.09940314292907715,-0.24306416511535645,2.299916332049179e-06,0.049701571464538574,-0.12153208255767822,-0.06679916381835938,32,False,UNAVAILABLE,DISABLED,DISABLED,DISABLED,UNAVAILABLE,DISABLED
1875,0.002418635878711939,6.28709449301823e-06,0.13598710298538208,-0.3124415874481201,3.143547246509115e-06,0.06799355149269104,-0.15622079372406006,-0.08580546081066132,32,False,UNAVAILABLE,DISABLED,DISABLED,DISABLED,UNAVAILABLE,DISABLED
1876,0.003847357351332903,5.834672265336849e-06,0.145491361618042,-0.310009241104126,2.9173361326684244e-06,0.072745680809021,-0.155004620552063,-0.07840866595506668,32,False,UNAVAILABLE,DISABLED,DISABLED,DISABLED,UNAVAILABLE,DISABLED
1877,0.0028795646503567696,5.757674898632104e-06,0.1179647445678711,-0.26975488662719727,2.878837449316052e-06,0.05898237228393555,-0.13487744331359863,-0.07301262766122818,32,False,UNAVAILABLE,DISABLED,DISABLED,DISABLED,UNAVAILABLE,DISABLED
1878,0.003688459051772952,4.660220838559326e-06,0.13594472408294678,-0.31969618797302246,2.330110419279663e-06,0.06797236204147339,-0.15984809398651123,-0.08818494528532028,32,False,UNAVAILABLE,DISABLED,DISABLED,DISABLED,UNAVAILABLE,DISABLED
1879,0.006034900899976492,3.8837547435832676e-06,0.14939165115356445,-0.28088855743408203,1.9418773717916338e-06,0.07469582557678223,-0.14044427871704102,-0.05971161276102066,32,False,UNAVAILABLE,DISABLED,DISABLED,DISABLED,UNAVAILABLE,DISABLED
1880,0.004942028783261776,4.2391197894176e-06,0.12616443634033203,-0.31964588165283203,2.1195598947088e-06,0.06308221817016602,-0.15982294082641602,-0.09179657697677612,32,False,UNAVAILABLE,DISABLED,DISABLED,DISABLED,UNAVAILABLE,DISABLED
1881,0.0032149329781532288,5.592914931185078e-06,0.12562286853790283,-0.29416632652282715,2.796457465592539e-06,0.06281143426895142,-0.14708316326141357,-0.08105400204658508,32,False,UNAVAILABLE,DISABLED,DISABLED,DISABLED,UNAVAILABLE,DISABLED
1882,0.004042322747409344,5.880130629520863e-06,0.13855016231536865,-0.33451175689697266,2.9400653147604316e-06,0.06927508115768433,-0.16725587844848633,-0.0939355343580246,32,False,UNAVAILABLE,DISABLED,DISABLED,DISABLED,UNAVAILABLE,DISABLED
1883,0.001813098439015448,5.992882051941706e-06,0.16292786598205566,-0.32260775566101074,2.996441025970853e-06,0.08146393299102783,-0.16130387783050537,-0.07802385091781616,32,False,UNAVAILABLE,DISABLED,DISABLED,DISABLED,UNAVAILABLE,DISABLED
1884,0.0039507378824055195,4.474526122066891e-06,0.11952072381973267,-0.29510021209716797,2.2372630610334454e-06,0.05976036190986633,-0.14755010604858398,-0.08383677154779434,32,False,UNAVAILABLE,DISABLED,DISABLED,DISABLED,UNAVAILABLE,DISABLED
1885,0.004436121322214603,5.610386779153487e-06,0.1356220841407776,-0.28494882583618164,2.8051933895767434e-06,0.0678110420703888,-0.14247441291809082,-0.07022444158792496,32,False,UNAVAILABLE,DISABLED,DISABLED,DISABLED,UNAVAILABLE,DISABLED
1886,0.0024023421574383974,6.2009039538679644e-06,0.16877496242523193,-0.39283204078674316,3.1004519769339822e-06,0.08438748121261597,-0.19641602039337158,-0.10962309688329697,32,False,UNAVAILABLE,DISABLED,DISABLED,DISABLED,UNAVAILABLE,DISABLED
1887,0.004430812317878008,6.1361379266600125e-06,0.13176310062408447,-0.33205366134643555,3.0680689633300062e-06,0.06588155031204224,-0.16602683067321777,-0.09571140259504318,32,False,UNAVAILABLE,DISABLED,DISABLED,DISABLED,UNAVAILABLE,DISABLED
1888,0.0022308791521936655,6.67107769913855e-06,0.1436099410057068,-0.2883486747741699,3.335538849569275e-06,0.0718049705028534,-0.14417433738708496,-0.07013515383005142,32,False,UNAVAILABLE,DISABLED,DISABLED,DISABLED,UNAVAILABLE,DISABLED
1889,0.0031434406992048025,7.84862641012296e-06,0.18230199813842773,-0.38556790351867676,3.92431320506148e-06,0.09115099906921387,-0.19278395175933838,-0.09848558902740479,32,False,UNAVAILABLE,DISABLED,DISABLED,DISABLED,UNAVAILABLE,DISABLED
1890,0.0033872928470373154,7.6041192187403794e-06,0.13827747106552124,-0.3132016658782959,3.8020596093701897e-06,0.06913873553276062,-0.15660083293914795,-0.08407100290060043,32,False,UNAVAILABLE,DISABLED,DISABLED,DISABLED,UNAVAILABLE,DISABLED
1891,0.005078190937638283,7.268928584380774e-06,0.16361379623413086,-0.3273179531097412,3.634464292190387e-06,0.08180689811706543,-0.1636589765548706,-0.07677025347948074,32,False,UNAVAILABLE,DISABLED,DISABLED,DISABLED,UNAVAILABLE,DISABLED
1892,0.005049271043390036,5.737510946346447e-06,0.146020770072937,-0.30507612228393555,2.8687554731732234e-06,0.0730103850364685,-0.15253806114196777,-0.07447553426027298,32,False,UNAVAILABLE,DISABLED,DISABLED,DISABLED,UNAVAILABLE,DISABLED
1893,0.004045013803988695,5.8994874052586965e-06,0.16905587911605835,-0.353532075881958,2.9497437026293483e-06,0.08452793955802917,-0.176766037940979,-0.08819013833999634,32,False,UNAVAILABLE,DISABLED,DISABLED,DISABLED,UNAVAILABLE,DISABLED
1894,0.004275809973478317,5.9062767832074314e-06,0.13294744491577148,-0.2962000370025635,2.9531383916037157e-06,0.06647372245788574,-0.14810001850128174,-0.077347531914711,32,False,UNAVAILABLE,DISABLED,DISABLED,DISABLED,UNAVAILABLE,DISABLED
1895,0.003202483057975769,6.292055331869051e-06,0.15403813123703003,-0.3544275760650635,3.1460276659345254e-06,0.07701906561851501,-0.17721378803253174,-0.09698909521102905,32,False,UNAVAILABLE,DISABLED,DISABLED,DISABLED,UNAVAILABLE,DISABLED
1896,0.005377951543778181,7.2184748205472715e-06,0.15903282165527344,-0.34827089309692383,3.6092374102736358e-06,0.07951641082763672,-0.17413544654846191,-0.08923747390508652,32,False,UNAVAILABLE,DISABLED,DISABLED,DISABLED,UNAVAILABLE,DISABLED
1897,0.004592820070683956,5.408498964243336e-06,0.13865774869918823,-0.3121204376220703,2.704249482121668e-06,0.06932887434959412,-0.15606021881103516,-0.08213581889867783,32,False,UNAVAILABLE,DISABLED,DISABLED,DISABLED,UNAVAILABLE,DISABLED
1898,0.006560160778462887,5.978122771921335e-06,0.1490616798400879,-0.3314030170440674,2.9890613859606674e-06,0.07453083992004395,-0.1657015085220337,-0.08460751920938492,32,False,UNAVAILABLE,DISABLED,DISABLED,DISABLED,UNAVAILABLE,DISABLED
1899,0.0030980934388935566,6.1488794926845e-06,0.14206618070602417,-0.3223111629486084,3.07443974634225e-06,0.07103309035301208,-0.1611555814743042,-0.08702132105827332,32,False,UNAVAILABLE,DISABLED,DISABLED,DISABLED,UNAVAILABLE,DISABLED
1900,0.0030018414836376905,5.859384600626072e-06,0.14536988735198975,-0.3522169589996338,2.929692300313036e-06,0.07268494367599487,-0.1761084794998169,-0.10041876137256622,32,False,UNAVAILABLE,DISABLED,DISABLED,DISABLED,UNAVAILABLE,DISABLED
1901,0.0043309773318469524,8.532157153240405e-06,0.17731815576553345,-0.31366562843322754,4.2660785766202025e-06,0.08865907788276672,-0.15683281421661377,-0.06383849680423737,32,False,UNAVAILABLE,DISABLED,DISABLED,DISABLED,UNAVAILABLE,DISABLED
1902,0.004753668326884508,5.404367129813181e-06,0.15598750114440918,-0.3387925624847412,2.7021835649065906e-06,0.07799375057220459,-0.1693962812423706,-0.08664616197347641,32,False,UNAVAILABLE,DISABLED,DISABLED,DISABLED,UNAVAILABLE,DISABLED
1903,0.002802993403747678,8.140355021168943e-06,0.15309250354766846,-0.3495616912841797,4.070177510584472e-06,0.07654625177383423,-0.17478084564208984,-0.09542752802371979,32,False,UNAVAILABLE,DISABLED,DISABLED,DISABLED,UNAVAILABLE,DISABLED
1904,0.0031970199197530746,4.459065166884102e-06,0.09210944175720215,-0.2868006229400635,2.229532583442051e-06,0.046054720878601074,-0.14340031147003174,-0.09414634108543396,32,False,UNAVAILABLE,DISABLED,DISABLED,DISABLED,UNAVAILABLE,DISABLED
1905,0.002899749204516411,6.665494765911717e-06,0.1524321436882019,-0.3274083137512207,3.3327473829558585e-06,0.07621607184410095,-0.16370415687561035,-0.08458500355482101,32,False,UNAVAILABLE,DISABLED,DISABLED,DISABLED,UNAVAILABLE,DISABLED
1906,0.004986695013940334,5.125839379616082e-06,0.21374189853668213,-0.36293864250183105,2.562919689808041e-06,0.10687094926834106,-0.18146932125091553,-0.06960911303758621,32,False,UNAVAILABLE,DISABLED,DISABLED,DISABLED,UNAVAILABLE,DISABLED
1907,0.005476720631122589,7.068859758874169e-06,0.14208990335464478,-0.3278689384460449,3.5344298794370843e-06,0.07104495167732239,-0.16393446922302246,-0.08740926533937454,32,False,UNAVAILABLE,DISABLED,DISABLED,DISABLED,UNAVAILABLE,DISABLED
1908,0.005710698198527098,4.553169674181845e-06,0.12969684600830078,-0.31020045280456543,2.2765848370909225e-06,0.06484842300415039,-0.15510022640228271,-0.08453883230686188,32,False,UNAVAILABLE,DISABLED,DISABLED,DISABLED,UNAVAILABLE,DISABLED
1909,0.00392938731238246,6.572149686689954e-06,0.15649783611297607,-0.3030214309692383,3.286074843344977e-06,0.07824891805648804,-0.15151071548461914,-0.06932912766933441,32,False,UNAVAILABLE,DISABLED,DISABLED,DISABLED,UNAVAILABLE,DISABLED
1910,0.003208450274541974,4.566545158013469e-06,0.16229569911956787,-0.34474921226501465,2.2832725790067343e-06,0.08114784955978394,-0.17237460613250732,-0.08801602572202682,32,False,UNAVAILABLE,DISABLED,DISABLED,DISABLED,UNAVAILABLE,DISABLED
1911,0.0032290061935782433,5.7157476476277225e-06,0.14017844200134277,-0.3417961597442627,2.8578738238138612e-06,0.07008922100067139,-0.17089807987213135,-0.09757699817419052,32,False,UNAVAILABLE,DISABLED,DISABLED,DISABLED,UNAVAILABLE,DISABLED
1912,0.003694090060889721,4.667406301450683e-06,0.12778806686401367,-0.3123037815093994,2.3337031507253414e-06,0.06389403343200684,-0.1561518907546997,-0.08856143057346344,32,False,UNAVAILABLE,DISABLED,DISABLED,DISABLED,UNAVAILABLE,DISABLED
1913,0.0037295008078217506,4.397955308377277e-06,0.11946892738342285,-0.3181471824645996,2.1989776541886386e-06,0.059734463691711426,-0.1590735912322998,-0.09560742974281311,32,False,UNAVAILABLE,DISABLED,DISABLED,DISABLED,UNAVAILABLE,DISABLED
1914,0.003293955698609352,4.739953510579653e-06,0.09810799360275269,-0.25968265533447266,2.3699767552898265e-06,0.04905399680137634,-0.12984132766723633,-0.07749100029468536,32,False,UNAVAILABLE,DISABLED,DISABLED,DISABLED,UNAVAILABLE,DISABLED
1915,0.002834632759913802,4.413884653331479e-06,0.13568758964538574,-0.32805824279785156,2.2069423266657395e-06,0.06784379482269287,-0.16402912139892578,-0.09334848821163177,32,False,UNAVAILABLE,DISABLED,DISABLED,DISABLED,UNAVAILABLE,DISABLED
1916,0.0033254448790103197,6.625937658100156e-06,0.15829122066497803,-0.38036322593688965,3.312968829050078e-06,0.07914561033248901,-0.19018161296844482,-0.10770724713802338,32,False,UNAVAILABLE,DISABLED,DISABLED,DISABLED,UNAVAILABLE,DISABLED
1917,0.0035297914873808622,4.407977485243464e-06,0.14781737327575684,-0.3305363655090332,2.203988742621732e-06,0.07390868663787842,-0.1652681827545166,-0.08782750368118286,32,False,UNAVAILABLE,DISABLED,DISABLED,DISABLED,UNAVAILABLE,DISABLED
1918,0.0033655723091214895,5.9699168559745885e-06,0.17695611715316772,-0.3838694095611572,2.9849584279872943e-06,0.08847805857658386,-0.1919347047805786,-0.10008808970451355,32,False,UNAVAILABLE,DISABLED,DISABLED,DISABLED,UNAVAILABLE,DISABLED
1919,0.0041991970501840115,4.798356712854002e-06,0.13067901134490967,-0.3315162658691406,2.399178356427001e-06,0.06533950567245483,-0.1657581329345703,-0.09621702879667282,32,False,UNAVAILABLE,DISABLED,DISABLED,DISABLED,UNAVAILABLE,DISABLED
1920,0.0019709959160536528,7.02309671396506e-06,0.19353902339935303,-0.35318803787231445,3.51154835698253e-06,0.09676951169967651,-0.17659401893615723,-0.07784999907016754,32,False,UNAVAILABLE,DISABLED,DISABLED,DISABLED,UNAVAILABLE,DISABLED
1921,0.0037057059817016125,5.043237251811661e-06,0.21221023797988892,-0.3986055850982666,2.5216186259058304e-06,0.10610511898994446,-0.1993027925491333,-0.08948944509029388,32,False,UNAVAILABLE,DISABLED,DISABLED,DISABLED,UNAVAILABLE,DISABLED
1922,0.0038702869787812233,4.894131961918902e-06,0.17631012201309204,-0.33951616287231445,2.447065980959451e-06,0.08815506100654602,-0.16975808143615723,-0.07773028314113617,32,False,UNAVAILABLE,DISABLED,DISABLED,DISABLED,UNAVAILABLE,DISABLED
1923,0.0041946484707295895,7.622895282111131e-06,0.1857725977897644,-0.3771963119506836,3.8114476410555653e-06,0.0928862988948822,-0.1885981559753418,-0.09151339530944824,32,False,UNAVAILABLE,DISABLED,DISABLED,DISABLED,UNAVAILABLE,DISABLED
1924,0.003464976791292429,9.231194781023078e-06,0.18383848667144775,-0.3776669502258301,4.615597390511539e-06,0.09191924333572388,-0.18883347511291504,-0.09344463795423508,32,False,UNAVAILABLE,DISABLED,DISABLED,DISABLED,UNAVAILABLE,DISABLED
1925,0.004410759080201387,7.195265880000079e-06,0.1729600429534912,-0.3983738422393799,3.5976329400000395e-06,0.0864800214767456,-0.19918692111968994,-0.10829254239797592,32,False,UNAVAILABLE,DISABLED,DISABLED,DISABLED,UNAVAILABLE,DISABLED
1926,0.0031740705017000437,5.225510449236026e-06,0.16991448402404785,-0.3952982425689697,2.612755224618013e-06,0.08495724201202393,-0.19764912128448486,-0.10951519757509232,32,False,UNAVAILABLE,DISABLED,DISABLED,DISABLED,UNAVAILABLE,DISABLED
1927,0.007363688200712204,7.079928309394745e-06,0.15561741590499878,-0.3154439926147461,3.5399641546973726e-06,0.07780870795249939,-0.15772199630737305,-0.07254605740308762,32,False,UNAVAILABLE,DISABLED,DISABLED,DISABLED,UNAVAILABLE,DISABLED
1928,0.003973032813519239,5.776762918685563e-06,0.13725733757019043,-0.35033345222473145,2.8883814593427815e-06,0.06862866878509521,-0.17516672611236572,-0.10256213694810867,32,False,UNAVAILABLE,DISABLED,DISABLED,DISABLED,UNAVAILABLE,DISABLED
1929,0.00462681008502841,6.3894381128193345e-06,0.13700151443481445,-0.3462188243865967,3.1947190564096672e-06,0.06850075721740723,-0.17310941219329834,-0.09997864812612534,32,False,UNAVAILABLE,DISABLED,DISABLED,DISABLED,UNAVAILABLE,DISABLED
1930,0.0033776569180190563,6.3688785303384066e-06,0.15414118766784668,-0.36868762969970703,3.1844392651692033e-06,0.07707059383392334,-0.18434381484985352,-0.10389237850904465,32,False,UNAVAILABLE,DISABLED,DISABLED,DISABLED,UNAVAILABLE,DISABLED
1931,0.002253616927191615,9.22031540540047e-06,0.19172924757003784,-0.3856990337371826,4.610157702700235e-06,0.09586462378501892,-0.1928495168685913,-0.09472666680812836,32,False,UNAVAILABLE,DISABLED,DISABLED,DISABLED,UNAVAILABLE,DISABLED
1932,0.004697567783296108,4.57713895229972e-06,0.18609720468521118,-0.37035608291625977,2.28856947614986e-06,0.09304860234260559,-0.18517804145812988,-0.08742958307266235,32,False,UNAVAILABLE,DISABLED,DISABLED,DISABLED,UNAVAILABLE,DISABLED
1933,0.004538712557405233,5.187315764487721e-06,0.1467747688293457,-0.3549470901489258,2.5936578822438605e-06,0.07338738441467285,-0.1774735450744629,-0.09954485297203064,32,False,UNAVAILABLE,DISABLED,DISABLED,DISABLED,UNAVAILABLE,DISABLED
1934,0.003003837540745735,5.868041171197547e-06,0.15139585733413696,-0.3487067222595215,2.9340205855987733e-06,0.07569792866706848,-0.17435336112976074,-0.09564866125583649,32,False,UNAVAILABLE,DISABLED,DISABLED,DISABLED,UNAVAILABLE,DISABLED
1935,0.003823782317340374,4.967717359249946e-06,0.13654309511184692,-0.3583681583404541,2.483858679624973e-06,0.06827154755592346,-0.17918407917022705,-0.10708626359701157,32,False,UNAVAILABLE,DISABLED,DISABLED,DISABLED,UNAVAILABLE,DISABLED
1936,0.0036136233247816563,6.04364959144732e-06,0.18209326267242432,-0.35576319694519043,3.02182479572366e-06,0.09104663133621216,-0.17788159847259521,-0.08321832120418549,32,False,UNAVAILABLE,DISABLED,DISABLED,DISABLED,UNAVAILABLE,DISABLED
1937,0.002522366587072611,4.31603757533594e-06,0.09211194515228271,-0.26487278938293457,2.15801878766797e-06,0.04605597257614136,-0.13243639469146729,-0.08385589718818665,32,False,UNAVAILABLE,DISABLED,DISABLED,DISABLED,UNAVAILABLE,DISABLED
1938,0.0035583199933171272,5.438924745249096e-06,0.12451261281967163,-0.3335402011871338,2.719462372624548e-06,0.062256306409835815,-0.1667701005935669,-0.10095275193452835,32,False,UNAVAILABLE,DISABLED,DISABLED,DISABLED,UNAVAILABLE,DISABLED
1939,0.003988577984273434,6.068302354833577e-06,0.1406598687171936,-0.3503892421722412,3.0341511774167884e-06,0.0703299343585968,-0.1751946210861206,-0.10087307542562485,32,False,UNAVAILABLE,DISABLED,DISABLED,DISABLED,UNAVAILABLE,DISABLED
1940,0.005391490645706654,7.701293725403957e-06,0.17065280675888062,-0.3466765880584717,3.8506468627019785e-06,0.08532640337944031,-0.17333829402923584,-0.08261655271053314,32,False,UNAVAILABLE,DISABLED,DISABLED,DISABLED,UNAVAILABLE,DISABLED
1941,0.003857624251395464,5.591946774075041e-06,0.14886081218719482,-0.35371947288513184,2.7959733870375203e-06,0.07443040609359741,-0.17685973644256592,-0.09856890887022018,32,False,UNAVAILABLE,DISABLED,DISABLED,DISABLED,UNAVAILABLE,DISABLED
1942,0.002594421384856105,6.693047907901928e-06,0.1510583758354187,-0.3604404926300049,3.346523953950964e-06,0.07552918791770935,-0.18022024631500244,-0.10209329426288605,32,False,UNAVAILABLE,DISABLED,DISABLED,DISABLED,UNAVAILABLE,DISABLED
1943,0.00264204409904778,6.236766694200924e-06,0.13950377702713013,-0.32459330558776855,3.118383347100462e-06,0.06975188851356506,-0.16229665279388428,-0.08989959955215454,32,False,UNAVAILABLE,DISABLED,DISABLED,DISABLED,UNAVAILABLE,DISABLED
1944,0.0029852748848497868,5.589437478192849e-06,0.15475142002105713,-0.3530130386352539,2.7947187390964245e-06,0.07737571001052856,-0.17650651931762695,-0.0961427390575409,32,False,UNAVAILABLE,DISABLED,DISABLED,DISABLED,UNAVAILABLE,DISABLED
1945,0.0041807955130934715,6.689650035696104e-06,0.1349642276763916,-0.33629584312438965,3.344825017848052e-06,0.0674821138381958,-0.16814792156219482,-0.09648166596889496,32,False,UNAVAILABLE,DISABLED,DISABLED,DISABLED,UNAVAILABLE,DISABLED
1946,0.004387729801237583,5.632859028992243e-06,0.16074609756469727,-0.3594024181365967,2.8164295144961216e-06,0.08037304878234863,-0.17970120906829834,-0.09493761509656906,32,False,UNAVAILABLE,DISABLED,DISABLED,DISABLED,UNAVAILABLE,DISABLED
1947,0.005484265275299549,6.260001555347117e-06,0.14377498626708984,-0.37735795974731445,3.1300007776735583e-06,0.07188749313354492,-0.18867897987365723,-0.11130408942699432,32,False,UNAVAILABLE,DISABLED,DISABLED,DISABLED,UNAVAILABLE,DISABLED
1948,0.0017939467215910554,5.09792653247132e-06,0.13520288467407227,-0.3097357749938965,2.54896326623566e-06,0.06760144233703613,-0.15486788749694824,-0.08546994626522064,32,False,UNAVAILABLE,DISABLED,DISABLED,DISABLED,UNAVAILABLE,DISABLED
1949,0.002972605172544718,6.5367175920982845e-06,0.15626776218414307,-0.3762781620025635,3.2683587960491423e-06,0.07813388109207153,-0.18813908100128174,-0.10702932626008987,32,False,UNAVAILABLE,DISABLED,DISABLED,DISABLED,UNAVAILABLE,DISABLED
1950,0.003095026593655348,5.473013970913598e-06,0.17636829614639282,-0.3759889602661133,2.736506985456799e-06,0.08818414807319641,-0.18799448013305664,-0.09671256691217422,32,False,UNAVAILABLE,DISABLED,DISABLED,DISABLED,UNAVAILABLE,DISABLED
1951,0.003203301690518856,7.615041795361321e-06,0.1653466820716858,-0.3734931945800781,3.8075208976806607e-06,0.0826733410358429,-0.18674659729003906,-0.10086614638566971,32,False,UNAVAILABLE,DISABLED,DISABLED,DISABLED,UNAVAILABLE,DISABLED
1952,0.0020648143254220486,8.143680133798625e-06,0.16526907682418823,-0.38208794593811035,4.071840066899313e-06,0.08263453841209412,-0.19104397296905518,-0.10634054988622665,32,False,UNAVAILABLE,DISABLED,DISABLED,DISABLED,UNAVAILABLE,DISABLED
1953,0.005105205345898867,5.752765446231933e-06,0.15707582235336304,-0.3624148368835449,2.8763827231159667e-06,0.07853791117668152,-0.18120741844177246,-0.09756142646074295,32,False,UNAVAILABLE,DISABLED,DISABLED,DISABLED,UNAVAILABLE,DISABLED
1954,0.004099530167877674,5.864366812602384e-06,0.19790369272232056,-0.3961672782897949,2.932183406301192e-06,0.09895184636116028,-0.19808363914489746,-0.0950293317437172,32,False,UNAVAILABLE,DISABLED,DISABLED,DISABLED,UNAVAILABLE,DISABLED
1955,0.003134970786049962,5.309960215527099e-06,0.14262253046035767,-0.36893391609191895,2.6549801077635493e-06,0.07131126523017883,-0.18446695804595947,-0.11001806706190109,32,False,UNAVAILABLE,DISABLED,DISABLED,DISABLED,UNAVAILABLE,DISABLED
1956,0.0035274603869765997,6.399999620043673e-06,0.16235005855560303,-0.3770134449005127,3.1999998100218363e-06,0.08117502927780151,-0.18850672245025635,-0.10380103439092636,32,False,UNAVAILABLE,DISABLED,DISABLED,DISABLED,UNAVAILABLE,DISABLED
1957,0.002696410985663533,4.937920948577812e-06,0.155717134475708,-0.37814760208129883,2.468960474288906e-06,0.077858567237854,-0.18907380104064941,-0.10851635038852692,32,False,UNAVAILABLE,DISABLED,DISABLED,DISABLED,UNAVAILABLE,DISABLED
1958,0.0030362745746970177,7.948572601890191e-06,0.1940920352935791,-0.37264585494995117,3.974286300945096e-06,0.09704601764678955,-0.18632292747497559,-0.08623666316270828,32,False,UNAVAILABLE,DISABLED,DISABLED,DISABLED,UNAVAILABLE,DISABLED
1959,0.0033341790549457073,4.713097496278351e-06,0.1342117190361023,-0.34259796142578125,2.3565487481391756e-06,0.06710585951805115,-0.17129898071289062,-0.10085658729076385,32,False,UNAVAILABLE,DISABLED,DISABLED,DISABLED,UNAVAILABLE,DISABLED
1960,0.002657113131135702,5.722273726860294e-06,0.14540255069732666,-0.336747407913208,2.861136863430147e-06,0.07270127534866333,-0.168373703956604,-0.09301245212554932,32,False,UNAVAILABLE,DISABLED,DISABLED,DISABLED,UNAVAILABLE,DISABLED
1961,0.002792630810290575,6.4121322793653235e-06,0.1464686393737793,-0.3744068145751953,3.2060661396826617e-06,0.07323431968688965,-0.18720340728759766,-0.11117324978113174,32,False,UNAVAILABLE,DISABLED,DISABLED,DISABLED,UNAVAILABLE,DISABLED
1962,0.003514287294819951,4.423166046763072e-06,0.1415594220161438,-0.3593611717224121,2.211583023381536e-06,0.0707797110080719,-0.17968058586120605,-0.10538437962532043,32,False,UNAVAILABLE,DISABLED,DISABLED,DISABLED,UNAVAILABLE,DISABLED
1963,0.0024529818911105394,5.835320280311862e-06,0.14130836725234985,-0.34064793586730957,2.917660140155931e-06,0.07065418362617493,-0.17032396793365479,-0.09721388667821884,32,False,UNAVAILABLE,DISABLED,DISABLED,DISABLED,UNAVAILABLE,DISABLED
1964,0.0021892699878662825,8.96998153621098e-06,0.18579411506652832,-0.3468482494354248,4.48499076810549e-06,0.09289705753326416,-0.1734241247177124,-0.0783333107829094,32,False,UNAVAILABLE,DISABLED,DISABLED,DISABLED,UNAVAILABLE,DISABLED
1965,0.004019855987280607,5.143240286997752e-06,0.14634829759597778,-0.36092138290405273,2.571620143498876e-06,0.07317414879798889,-0.18046069145202637,-0.10326411575078964,32,False,UNAVAILABLE,DISABLED,DISABLED,DISABLED,UNAVAILABLE,DISABLED
1966,0.003648132551461458,5.238739504420664e-06,0.18161773681640625,-0.3821287155151367,2.619369752210332e-06,0.09080886840820312,-0.19106435775756836,-0.09660473465919495,32,False,UNAVAILABLE,DISABLED,DISABLED,DISABLED,UNAVAILABLE,DISABLED
1967,0.002223812509328127,5.520781996892765e-06,0.1631430983543396,-0.3862895965576172,2.7603909984463826e-06,0.0815715491771698,-0.1931447982788086,-0.1093466728925705,32,False,UNAVAILABLE,DISABLED,DISABLED,DISABLED,UNAVAILABLE,DISABLED
1968,0.0035917386412620544,6.130403107817983e-06,0.17893767356872559,-0.3735992908477783,3.0652015539089916e-06,0.08946883678436279,-0.18679964542388916,-0.09373600780963898,32,False,UNAVAILABLE,DISABLED,DISABLED,DISABLED,UNAVAILABLE,DISABLED
1969,0.002222601789981127,5.948174475634005e-06,0.14566278457641602,-0.3521761894226074,2.9740872378170025e-06,0.07283139228820801,-0.1760880947113037,-0.10103112459182739,32,False,UNAVAILABLE,DISABLED,DISABLED,DISABLED,UNAVAILABLE,DISABLED
1970,0.0030597150325775146,5.7521519920555875e-06,0.13685190677642822,-0.34095311164855957,2.8760759960277937e-06,0.06842595338821411,-0.17047655582427979,-0.09898801147937775,32,False,UNAVAILABLE,DISABLED,DISABLED,DISABLED,UNAVAILABLE,DISABLED
1971,0.0026262167375534773,4.9517211664351635e-06,0.13433575630187988,-0.34552478790283203,2.4758605832175817e-06,0.06716787815093994,-0.17276239395141602,-0.1029658243060112,32,False,UNAVAILABLE,DISABLED,DISABLED,DISABLED,UNAVAILABLE,DISABLED
1972,0.0027721342630684376,6.050370302546071e-06,0.14515811204910278,-0.33512377738952637,3.0251851512730354e-06,0.07257905602455139,-0.16756188869476318,-0.09220767021179199,32,False,UNAVAILABLE,DISABLED,DISABLED,DISABLED,UNAVAILABLE,DISABLED
1973,0.0025869111996144056,5.3583567023451906e-06,0.13513225317001343,-0.35094475746154785,2.6791783511725953e-06,0.06756612658500671,-0.17547237873077393,-0.105316661298275,32,False,UNAVAILABLE,DISABLED,DISABLED,DISABLED,UNAVAILABLE,DISABLED
1974,0.0026739409659057856,6.729289907525526e-06,0.13168537616729736,-0.3480384349822998,3.364644953762763e-06,0.06584268808364868,-0.1740192174911499,-0.10549922287464142,32,False,UNAVAILABLE,DISABLED,DISABLED,DISABLED,UNAVAILABLE,DISABLED
1975,0.0027216803282499313,5.617947863356676e-06,0.1712931990623474,-0.3732180595397949,2.808973931678338e-06,0.0856465995311737,-0.18660902976989746,-0.09823793917894363,32,False,UNAVAILABLE,DISABLED,DISABLED,DISABLED,UNAVAILABLE,DISABLED
1976,0.0023354170843958855,6.944982487766538e-06,0.1374431848526001,-0.3388044834136963,3.472491243883269e-06,0.06872159242630005,-0.16940224170684814,-0.09834176301956177,32,False,UNAVAILABLE,DISABLED,DISABLED,DISABLED,UNAVAILABLE,DISABLED
1977,0.0030659190379083157,7.5426332841743715e-06,0.1785893440246582,-0.36058473587036133,3.7713166420871858e-06,0.0892946720123291,-0.18029236793518066,-0.08792800456285477,32,False,UNAVAILABLE,DISABLED,DISABLED,DISABLED,UNAVAILABLE,DISABLED
1978,0.0034582200460135937,4.888728199148318e-06,0.18555063009262085,-0.385800838470459,2.444364099574159e-06,0.09277531504631042,-0.1929004192352295,-0.0966644436120987,32,False,UNAVAILABLE,DISABLED,DISABLED,DISABLED,UNAVAILABLE,DISABLED
1979,0.002492721891030669,6.331831173156388e-06,0.1626737117767334,-0.3742842674255371,3.165915586578194e-06,0.0813368558883667,-0.18714213371276855,-0.10330939292907715,32,False,UNAVAILABLE,DISABLED,DISABLED,DISABLED,UNAVAILABLE,DISABLED
1980,0.0035049968864768744,6.369014499796322e-06,0.17067819833755493,-0.39852309226989746,3.184507249898161e-06,0.08533909916877747,-0.19926154613494873,-0.11041426658630371,32,False,UNAVAILABLE,DISABLED,DISABLED,DISABLED,UNAVAILABLE,DISABLED
1981,0.004495849832892418,7.330819698836422e-06,0.17867445945739746,-0.40088605880737305,3.665409849418211e-06,0.08933722972869873,-0.20044302940368652,-0.10660628229379654,32,False,UNAVAILABLE,DISABLED,DISABLED,DISABLED,UNAVAILABLE,DISABLED
1982,0.0026927758008241653,4.611788881447865e-06,0.1653476357460022,-0.38471198081970215,2.3058944407239323e-06,0.0826738178730011,-0.19235599040985107,-0.10698708891868591,32,False,UNAVAILABLE,DISABLED,DISABLED,DISABLED,UNAVAILABLE,DISABLED
1983,0.0026080100797116756,5.4562788136536255e-06,0.152276873588562,-0.3512437343597412,2.7281394068268128e-06,0.076138436794281,-0.1756218671798706,-0.09687269479036331,32,False,UNAVAILABLE,DISABLED,DISABLED,DISABLED,UNAVAILABLE,DISABLED
1984,0.0023129568435251713,6.182222477946198e-06,0.18415451049804688,-0.36684441566467285,3.091111238973099e-06,0.09207725524902344,-0.18342220783233643,-0.08902890235185623,32,False,UNAVAILABLE,DISABLED,DISABLED,DISABLED,UNAVAILABLE,DISABLED
1985,0.0033417697995901108,5.343069915397791e-06,0.13214868307113647,-0.34775304794311523,2.6715349576988956e-06,0.06607434153556824,-0.17387652397155762,-0.10445774346590042,32,False,UNAVAILABLE,DISABLED,DISABLED,DISABLED,UNAVAILABLE,DISABLED
1986,0.002287214854732156,7.060347797960276e-06,0.22277909517288208,-0.3639254570007324,3.530173898980138e-06,0.11138954758644104,-0.1819627285003662,-0.06828243285417557,32,False,UNAVAILABLE,DISABLED,DISABLED,DISABLED,UNAVAILABLE,DISABLED
1987,0.002261614426970482,6.09876042290125e-06,0.16715741157531738,-0.3657059669494629,3.049380211450625e-06,0.08357870578765869,-0.18285298347473145,-0.09700961410999298,32,False,UNAVAILABLE,DISABLED,DISABLED,DISABLED,UNAVAILABLE,DISABLED
1988,0.003177110105752945,4.315929345466429e-06,0.15617084503173828,-0.3453350067138672,2.1579646727332147e-06,0.07808542251586914,-0.1726675033569336,-0.0914028137922287,32,False,UNAVAILABLE,DISABLED,DISABLED,DISABLED,UNAVAILABLE,DISABLED
1989,0.0023409067653119564,7.798208571330179e-06,0.17502689361572266,-0.3987150192260742,3.899104285665089e-06,0.08751344680786133,-0.1993575096130371,-0.1094992533326149,32,False,UNAVAILABLE,DISABLED,DISABLED,DISABLED,UNAVAILABLE,DISABLED
1990,0.002528280718252063,5.2426753427425865e-06,0.1483992338180542,-0.3531961441040039,2.6213376713712933e-06,0.0741996169090271,-0.17659807205200195,-0.0998675525188446,32,False,UNAVAILABLE,DISABLED,DISABLED,DISABLED,UNAVAILABLE,DISABLED
1991,0.0023687302600592375,7.380671831924701e-06,0.1872478723526001,-0.39678955078125,3.6903359159623506e-06,0.09362393617630005,-0.198394775390625,-0.10239841789007187,32,False,UNAVAILABLE,DISABLED,DISABLED,DISABLED,UNAVAILABLE,DISABLED
1992,0.00260154134593904,4.950712991558248e-06,0.14421427249908447,-0.35239291191101074,2.475356495779124e-06,0.07210713624954224,-0.17619645595550537,-0.10148530453443527,32,False,UNAVAILABLE,DISABLED,DISABLED,DISABLED,UNAVAILABLE,DISABLED
1993,0.0021892813965678215,6.129519988462562e-06,0.169847309589386,-0.3981614112854004,3.064759994231281e-06,0.084923654794693,-0.1990807056427002,-0.11196470260620117,32,False,UNAVAILABLE,DISABLED,DISABLED,DISABLED,UNAVAILABLE,DISABLED
1994,0.0036206033546477556,7.4022750595759135e-06,0.16276705265045166,-0.35100531578063965,3.7011375297879567e-06,0.08138352632522583,-0.17550265789031982,-0.09049482643604279,32,False,UNAVAILABLE,DISABLED,DISABLED,DISABLED,UNAVAILABLE,DISABLED
1995,0.002188736340031028,6.923600722075207e-06,0.16051620244979858,-0.37066030502319336,3.4618003610376036e-06,0.08025810122489929,-0.18533015251159668,-0.1028798520565033,32,False,UNAVAILABLE,DISABLED,DISABLED,DISABLED,UNAVAILABLE,DISABLED
1996,0.0019462921191006899,6.636599209741689e-06,0.1738303303718567,-0.38889169692993164,3.3182996048708446e-06,0.08691516518592834,-0.19444584846496582,-0.10558107495307922,32,False,UNAVAILABLE,DISABLED,DISABLED,DISABLED,UNAVAILABLE,DISABLED
1997,0.0025170359294861555,5.473991222970653e-06,0.13330179452896118,-0.3302757740020752,2.7369956114853267e-06,0.06665089726448059,-0.1651378870010376,-0.09596721827983856,32,False,UNAVAILABLE,DISABLED,DISABLED,DISABLED,UNAVAILABLE,DISABLED
1998,0.003378979628905654,5.874857379239984e-06,0.17145705223083496,-0.3793010711669922,2.937428689619992e-06,0.08572852611541748,-0.1896505355834961,-0.10054009407758713,32,False,UNAVAILABLE,DISABLED,DISABLED,DISABLED,UNAVAILABLE,DISABLED
1999,0.001148422947153449,1.0458353244757745e-05,0.246368408203125,-0.3830833435058594,5.229176622378873e-06,0.1231842041015625,-0.1915416717529297,-0.0672038123011589,32,False,UNAVAILABLE,DISABLED,DISABLED,DISABLED,UNAVAILABLE,DISABLED
2000,0.002290751552209258,6.525329808937386e-06,0.13569414615631104,-0.32726025581359863,3.262664904468693e-06,0.06784707307815552,-0.16363012790679932,-0.09348904341459274,32,False,UNAVAILABLE,DISABLED,DISABLED,DISABLED,UNAVAILABLE,DISABLED
2001,0.0021455322857946157,5.52174378753989e-06,0.15623795986175537,-0.3633427619934082,2.760871893769945e-06,0.07811897993087769,-0.1816713809967041,-0.10140410810709,32,False,UNAVAILABLE,DISABLED,DISABLED,DISABLED,UNAVAILABLE,DISABLED
2002,0.0023912466131150723,5.0605895012267865e-06,0.12877023220062256,-0.3420226573944092,2.5302947506133933e-06,0.06438511610031128,-0.1710113286972046,-0.10423243790864944,32,False,UNAVAILABLE,DISABLED,DISABLED,DISABLED,UNAVAILABLE,DISABLED
2003,0.0020550424233078957,4.6529326027666684e-06,0.16559374332427979,-0.35192203521728516,2.3264663013833342e-06,0.08279687166213989,-0.17596101760864258,-0.09110677987337112,32,False,UNAVAILABLE,DISABLED,DISABLED,DISABLED,UNAVAILABLE,DISABLED
2004,0.0019175151828676462,5.6934859458124265e-06,0.1376572847366333,-0.32924985885620117,2.8467429729062133e-06,0.06882864236831665,-0.16462492942810059,-0.09387592226266861,32,False,UNAVAILABLE,DISABLED,DISABLED,DISABLED,UNAVAILABLE,DISABLED
2005,0.0027335104532539845,5.16641603098833e-06,0.13181090354919434,-0.31720900535583496,2.583208015494165e-06,0.06590545177459717,-0.15860450267791748,-0.08996295928955078,32,False,UNAVAILABLE,DISABLED,DISABLED,DISABLED,UNAVAILABLE,DISABLED
2006,0.002434909576550126,3.853601356240688e-06,0.12399554252624512,-0.33579254150390625,1.926800678120344e-06,0.06199777126312256,-0.16789627075195312,-0.10346166044473648,32,False,UNAVAILABLE,DISABLED,DISABLED,DISABLED,UNAVAILABLE,DISABLED
2007,0.0018943559844046831,7.071693744364893e-06,0.22218096256256104,-0.41357970237731934,3.5358468721824465e-06,0.11109048128128052,-0.20678985118865967,-0.09380147606134415,32,False,UNAVAILABLE,DISABLED,DISABLED,DISABLED,UNAVAILABLE,DISABLED
2008,0.0020408625714480877,6.356505309668137e-06,0.1809602975845337,-0.340557336807251,3.1782526548340684e-06,0.09048014879226685,-0.1702786684036255,-0.07775448262691498,32,False,UNAVAILABLE,DISABLED,DISABLED,DISABLED,UNAVAILABLE,DISABLED
2009,0.0027107205241918564,4.918855211144546e-06,0.16226303577423096,-0.3721282482147217,2.459427605572273e-06,0.08113151788711548,-0.18606412410736084,-0.10221942514181137,32,False,UNAVAILABLE,DISABLED,DISABLED,DISABLED,UNAVAILABLE,DISABLED
2010,0.003214512951672077,4.935743163514417e-06,0.11753994226455688,-0.3182485103607178,2.4678715817572083e-06,0.05876997113227844,-0.1591242551803589,-0.09713730216026306,32,False,UNAVAILABLE,DISABLED,DISABLED,DISABLED,UNAVAILABLE,DISABLED
2011,0.002620029030367732,4.272516434866702e-06,0.17617857456207275,-0.3679993152618408,2.136258217433351e-06,0.08808928728103638,-0.1839996576309204,-0.09328820556402206,32,False,UNAVAILABLE,DISABLED,DISABLED,DISABLED,UNAVAILABLE,DISABLED
2012,0.0021160931792110205,8.621085726190358e-06,0.18625551462173462,-0.3947439193725586,4.310542863095179e-06,0.09312775731086731,-0.1973719596862793,-0.10212379693984985,32,False,UNAVAILABLE,DISABLED,DISABLED,DISABLED,UNAVAILABLE,DISABLED
2013,0.0035691841039806604,4.343343334767269e-06,0.11005735397338867,-0.28925061225891113,2.1716716673836345e-06,0.055028676986694336,-0.14462530612945557,-0.08602527529001236,32,False,UNAVAILABLE,DISABLED,DISABLED,DISABLED,UNAVAILABLE,DISABLED
2014,0.0021339200902730227,8.067258022492751e-06,0.1690279245376587,-0.34335756301879883,4.033629011246376e-06,0.08451396226882935,-0.17167878150939941,-0.08502686768770218,32,False,UNAVAILABLE,DISABLED,DISABLED,DISABLED,UNAVAILABLE,DISABLED
2015,0.0024318837095052004,5.1384172365942504e-06,0.17762887477874756,-0.3747076988220215,2.5692086182971252e-06,0.08881443738937378,-0.18735384941101074,-0.09610495716333389,32,False,UNAVAILABLE,DISABLED,DISABLED,DISABLED,UNAVAILABLE,DISABLED
2016,0.0014585343888029456,8.42500594444573e-06,0.26236140727996826,-0.3815734386444092,4.212502972222865e-06,0.13118070363998413,-0.1907867193222046,-0.05814327299594879,32,False,UNAVAILABLE,DISABLED,DISABLED,DISABLED,UNAVAILABLE,DISABLED
2017,0.002008559415116906,7.93295112089254e-06,0.178266704082489,-0.35404372215270996,3.96647556044627e-06,0.0891333520412445,-0.17702186107635498,-0.0858759805560112,32,False,UNAVAILABLE,DISABLED,DISABLED,DISABLED,UNAVAILABLE,DISABLED
2018,0.0023041176609694958,6.1045798247505445e-06,0.16788804531097412,-0.35208892822265625,3.0522899123752723e-06,0.08394402265548706,-0.17604446411132812,-0.08979327231645584,32,False,UNAVAILABLE,DISABLED,DISABLED,DISABLED,UNAVAILABLE,DISABLED
2019,0.001786557724699378,5.652133495459566e-06,0.1531275510787964,-0.3607289791107178,2.826066747729783e-06,0.0765637755393982,-0.1803644895553589,-0.10201133042573929,32,False,UNAVAILABLE,DISABLED,DISABLED,DISABLED,UNAVAILABLE,DISABLED
2020,0.0024046844337135553,6.027421932230936e-06,0.14732784032821655,-0.3367431163787842,3.013710966115468e-06,0.07366392016410828,-0.1683715581893921,-0.0922999382019043,32,False,UNAVAILABLE,DISABLED,DISABLED,DISABLED,UNAVAILABLE,DISABLED
2021,0.002642390551045537,6.547812063217862e-06,0.2149985432624817,-0.40493273735046387,3.273906031608931e-06,0.10749927163124084,-0.20246636867523193,-0.09232143312692642,32,False,UNAVAILABLE,DISABLED,DISABLED,DISABLED,UNAVAILABLE,DISABLED
2022,0.0017498222878202796,5.570289431489073e-06,0.15649741888046265,-0.37528157234191895,2.7851447157445364e-06,0.07824870944023132,-0.18764078617095947,-0.10763946920633316,32,False,UNAVAILABLE,DISABLED,DISABLED,DISABLED,UNAVAILABLE,DISABLED
2023,0.0025582502130419016,4.7768489821464755e-06,0.12887364625930786,-0.31535983085632324,2.3884244910732377e-06,0.06443682312965393,-0.15767991542816162,-0.09068245440721512,32,False,UNAVAILABLE,DISABLED,DISABLED,DISABLED,UNAVAILABLE,DISABLED
2024,0.003660008544102311,7.265231488418067e-06,0.17529118061065674,-0.36983776092529297,3.6326157442090334e-06,0.08764559030532837,-0.18491888046264648,-0.09360964596271515,32,False,UNAVAILABLE,DISABLED,DISABLED,DISABLED,UNAVAILABLE,DISABLED
2025,0.0016742615262046456,5.999916538712569e-06,0.20671570301055908,-0.3797459602355957,2.9999582693562843e-06,0.10335785150527954,-0.18987298011779785,-0.08483786880970001,32,False,UNAVAILABLE,DISABLED,DISABLED,DISABLED,UNAVAILABLE,DISABLED
2026,0.0022438468877226114,5.629111910820939e-06,0.13212287425994873,-0.34332871437072754,2.8145559554104693e-06,0.06606143712997437,-0.17166435718536377,-0.1033562570810318,32,False,UNAVAILABLE,DISABLED,DISABLED,DISABLED,UNAVAILABLE,DISABLED
2027,0.0013676418457180262,6.747131465090206e-06,0.1531505584716797,-0.3508765697479248,3.373565732545103e-06,0.07657527923583984,-0.1754382848739624,-0.09749198704957962,32,False,UNAVAILABLE,DISABLED,DISABLED,DISABLED,UNAVAILABLE,DISABLED
2028,0.003296895418316126,5.467322353069903e-06,0.16835898160934448,-0.3713264465332031,2.7336611765349517e-06,0.08417949080467224,-0.18566322326660156,-0.09818410128355026,32,False,UNAVAILABLE,DISABLED,DISABLED,DISABLED,UNAVAILABLE,DISABLED
2029,0.002147325314581394,5.529088412004057e-06,0.1403508186340332,-0.3261985778808594,2.7645442060020287e-06,0.0701754093170166,-0.1630992889404297,-0.09077379107475281,32,False,UNAVAILABLE,DISABLED,DISABLED,DISABLED,UNAVAILABLE,DISABLED
2030,0.0018600448966026306,4.8152319322980475e-06,0.1262149214744568,-0.3262166976928711,2.4076159661490237e-06,0.0631074607372284,-0.16310834884643555,-0.09813843667507172,32,False,UNAVAILABLE,DISABLED,DISABLED,DISABLED,UNAVAILABLE,DISABLED
2031,0.0017253061523661017,5.17267972099944e-06,0.15034377574920654,-0.35141611099243164,2.58633986049972e-06,0.07517188787460327,-0.17570805549621582,-0.09880827367305756,32,False,UNAVAILABLE,DISABLED,DISABLED,DISABLED,UNAVAILABLE,DISABLED
2032,0.0025720451958477497,5.74121122554061e-06,0.17182880640029907,-0.3277411460876465,2.870605612770305e-06,0.08591440320014954,-0.16387057304382324,-0.07538125663995743,32,False,UNAVAILABLE,DISABLED,DISABLED,DISABLED,UNAVAILABLE,DISABLED
2033,0.0014493564376607537,1.0513100278330967e-05,0.20461326837539673,-0.4002664089202881,5.256550139165483e-06,0.10230663418769836,-0.20013320446014404,-0.09637195616960526,32,False,UNAVAILABLE,DISABLED,DISABLED,DISABLED,UNAVAILABLE,DISABLED
2034,0.001530128763988614,8.887623152986635e-06,0.17782586812973022,-0.38944220542907715,4.443811576493317e-06,0.08891293406486511,-0.19472110271453857,-0.10427359491586685,32,False,UNAVAILABLE,DISABLED,DISABLED,DISABLED,UNAVAILABLE,DISABLED
2035,0.0018691823352128267,6.351348474709084e-06,0.1718774437904358,-0.31087541580200195,3.175674237354542e-06,0.0859387218952179,-0.15543770790100098,-0.06762662529945374,32,False,UNAVAILABLE,DISABLED,DISABLED,DISABLED,UNAVAILABLE,DISABLED
2036,0.0017128580948337913,7.156837455113418e-06,0.20055800676345825,-0.3589937686920166,3.578418727556709e-06,0.10027900338172913,-0.1794968843460083,-0.07750144600868225,32,False,UNAVAILABLE,DISABLED,DISABLED,DISABLED,UNAVAILABLE,DISABLED
2037,0.002797250635921955,4.8739216254034545e-06,0.1258542537689209,-0.30852580070495605,2.4369608127017273e-06,0.06292712688446045,-0.15426290035247803,-0.0885360836982727,32,False,UNAVAILABLE,DISABLED,DISABLED,DISABLED,UNAVAILABLE,DISABLED
2038,0.0014140105340629816,5.821738341182936e-06,0.1542665958404541,-0.3363077640533447,2.910869170591468e-06,0.07713329792022705,-0.16815388202667236,-0.08960366249084473,32,False,UNAVAILABLE,DISABLED,DISABLED,DISABLED,UNAVAILABLE,DISABLED
2039,0.0022423677146434784,6.553332696057623e-06,0.15481698513031006,-0.3464984893798828,3.2766663480288116e-06,0.07740849256515503,-0.1732492446899414,-0.09359510987997055,32,False,UNAVAILABLE,DISABLED,DISABLED,DISABLED,UNAVAILABLE,DISABLED
2040,0.0016839890740811825,6.369291895680362e-06,0.1494358777999878,-0.36377906799316406,3.184645947840181e-06,0.0747179388999939,-0.18188953399658203,-0.10548441857099533,32,False,UNAVAILABLE,DISABLED,DISABLED,DISABLED,UNAVAILABLE,DISABLED
2041,0.0017930007306858897,6.259342171688331e-06,0.16046231985092163,-0.36376523971557617,3.1296710858441656e-06,0.08023115992546082,-0.18188261985778809,-0.09985532611608505,32,False,UNAVAILABLE,DISABLED,DISABLED,DISABLED,UNAVAILABLE,DISABLED
2042,0.0027288091368973255,8.738823453313671e-06,0.22611629962921143,-0.40959668159484863,4.3694117266568355e-06,0.11305814981460571,-0.20479834079742432,-0.08900701254606247,32,False,UNAVAILABLE,DISABLED,DISABLED,DISABLED,UNAVAILABLE,DISABLED
2043,0.0023347781971096992,5.053505446994677e-06,0.1741049885749817,-0.3434600830078125,2.5267527234973386e-06,0.08705249428749084,-0.17173004150390625,-0.08234024047851562,32,False,UNAVAILABLE,DISABLED,DISABLED,DISABLED,UNAVAILABLE,DISABLED
2044,0.002222728915512562,5.121309186506551e-06,0.1551489233970642,-0.35320281982421875,2.5606545932532754e-06,0.0775744616985321,-0.17660140991210938,-0.09680166095495224,32,False,UNAVAILABLE,DISABLED,DISABLED,DISABLED,UNAVAILABLE,DISABLED
2045,0.0033343019895255566,3.5498705983627588e-06,0.13476288318634033,-0.26349472999572754,1.7749352991813794e-06,0.06738144159317017,-0.13174736499786377,-0.06102984398603439,32,False,UNAVAILABLE,DISABLED,DISABLED,DISABLED,UNAVAILABLE,DISABLED
2046,0.002064147964119911,8.125500244204886e-06,0.2399749755859375,-0.4325268268585205,4.062750122102443e-06,0.11998748779296875,-0.21626341342926025,-0.09420771151781082,32,False,UNAVAILABLE,DISABLED,DISABLED,DISABLED,UNAVAILABLE,DISABLED
2047,0.003653821535408497,5.118976332596503e-06,0.16026341915130615,-0.3499753475189209,2.5594881662982516e-06,0.08013170957565308,-0.17498767375946045,-0.09119958430528641,32,False,UNAVAILABLE,DISABLED,DISABLED,DISABLED,UNAVAILABLE,DISABLED
2048,0.0016068529803305864,7.581259069411317e-06,0.18353164196014404,-0.4119420051574707,3.7906295347056584e-06,0.09176582098007202,-0.20597100257873535,-0.11259453743696213,32,False,UNAVAILABLE,DISABLED,DISABLED,DISABLED,UNAVAILABLE,DISABLED
2049,0.0034470283426344395,5.862326815986307e-06,0.16696381568908691,-0.3655529022216797,2.9311634079931537e-06,0.08348190784454346,-0.18277645111083984,-0.0958445817232132,32,False,UNAVAILABLE,DISABLED,DISABLED,DISABLED,UNAVAILABLE,DISABLED
2050,0.0013809235533699393,9.029840839502867e-06,0.21111369132995605,-0.3981742858886719,4.514920419751434e-06,0.10555684566497803,-0.19908714294433594,-0.09214486181735992,32,False,UNAVAILABLE,DISABLED,DISABLED,DISABLED,UNAVAILABLE,DISABLED
2051,0.00118808273691684,6.496586138382554e-06,0.19069647789001465,-0.39525747299194336,3.248293069191277e-06,0.09534823894500732,-0.19762873649597168,-0.10108916461467743,32,False,UNAVAILABLE,DISABLED,DISABLED,DISABLED,UNAVAILABLE,DISABLED
2052,0.0026071134489029646,5.327361122908769e-06,0.1560419797897339,-0.37345361709594727,2.6636805614543846e-06,0.07802098989486694,-0.18672680854797363,-0.1060960441827774,32,False,UNAVAILABLE,DISABLED,DISABLED,DISABLED,UNAVAILABLE,DISABLED
2053,0.002022102242335677,8.019900633371435e-06,0.16754478216171265,-0.3789801597595215,4.0099503166857176e-06,0.08377239108085632,-0.18949007987976074,-0.10369157791137695,32,False,UNAVAILABLE,DISABLED,DISABLED,DISABLED,UNAVAILABLE,DISABLED
2054,0.0015824070433154702,5.785180292150471e-06,0.15491843223571777,-0.36637425422668457,2.8925901460752357e-06,0.07745921611785889,-0.18318712711334229,-0.10414261370897293,32,False,UNAVAILABLE,DISABLED,DISABLED,DISABLED,UNAVAILABLE,DISABLED
2055,0.002125255763530731,6.287511496338993e-06,0.16703951358795166,-0.3816983699798584,3.1437557481694967e-06,0.08351975679397583,-0.1908491849899292,-0.10520102828741074,32,False,UNAVAILABLE,DISABLED,DISABLED,DISABLED,UNAVAILABLE,DISABLED
2056,0.0015261403750628233,6.3537827372783795e-06,0.1763627529144287,-0.36285400390625,3.1768913686391897e-06,0.08818137645721436,-0.181427001953125,-0.09171631187200546,32,False,UNAVAILABLE,DISABLED,DISABLED,DISABLED,UNAVAILABLE,DISABLED
2057,0.001792681752704084,5.8507871472102124e-06,0.17387592792510986,-0.3693273067474365,2.9253935736051062e-06,0.08693796396255493,-0.18466365337371826,-0.0959300845861435,32,False,UNAVAILABLE,DISABLED,DISABLED,DISABLED,UNAVAILABLE,DISABLED
2058,0.002407487016171217,6.39289328319137e-06,0.1816781759262085,-0.37159180641174316,3.196446641595685e-06,0.09083908796310425,-0.18579590320587158,-0.09254613518714905,32,False,UNAVAILABLE,DISABLED,DISABLED,DISABLED,UNAVAILABLE,DISABLED
2059,0.05598090961575508,5.167522431293037e-06,0.12411093711853027,-0.3354349136352539,2.5837612156465184e-06,0.06205546855926514,-0.16771745681762695,-0.049678489565849304,32,False,UNAVAILABLE,DISABLED,DISABLED,DISABLED,UNAVAILABLE,DISABLED
2060,0.0020473417825996876,8.11922291177325e-06,0.25360745191574097,-0.4380037784576416,4.059611455886625e-06,0.12680372595787048,-0.2190018892288208,-0.09014676511287689,32,False,UNAVAILABLE,DISABLED,DISABLED,DISABLED,UNAVAILABLE,DISABLED
2061,0.001696474733762443,4.299805368646048e-06,0.1294499635696411,-0.33117103576660156,2.149902684323024e-06,0.06472498178482056,-0.16558551788330078,-0.09916190803050995,32,False,UNAVAILABLE,DISABLED,DISABLED,DISABLED,UNAVAILABLE,DISABLED
2062,0.001511008944362402,6.871271125419298e-06,0.16774851083755493,-0.37543368339538574,3.435635562709649e-06,0.08387425541877747,-0.18771684169769287,-0.10232814401388168,32,False,UNAVAILABLE,DISABLED,DISABLED,DISABLED,UNAVAILABLE,DISABLED
2063,0.0020738879684358835,4.852285655942978e-06,0.1465931534767151,-0.36520934104919434,2.426142827971489e-06,0.07329657673835754,-0.18260467052459717,-0.10723178088665009,32,False,UNAVAILABLE,DISABLED,DISABLED,DISABLED,UNAVAILABLE,DISABLED
2064,0.002870549215003848,5.62325931241503e-06,0.19946515560150146,-0.30310845375061035,2.811629656207515e-06,0.09973257780075073,-0.15155422687530518,-0.04894828796386719,32,False,UNAVAILABLE,DISABLED,DISABLED,DISABLED,UNAVAILABLE,DISABLED
2065,0.0026568856555968523,7.466189799743006e-06,0.15298551321029663,-0.36095452308654785,3.733094899871503e-06,0.07649275660514832,-0.18047726154327393,-0.10132388770580292,32,False,UNAVAILABLE,DISABLED,DISABLED,DISABLED,UNAVAILABLE,DISABLED
2066,0.0036473290529102087,7.142227332224138e-06,0.18808609247207642,-0.4161643981933594,3.571113666112069e-06,0.09404304623603821,-0.2080821990966797,-0.11038824915885925,32,False,UNAVAILABLE,DISABLED,DISABLED,DISABLED,UNAVAILABLE,DISABLED
2067,0.0018002890283241868,4.916739271720871e-06,0.1363750696182251,-0.31989121437072754,2.4583696358604357e-06,0.06818753480911255,-0.15994560718536377,-0.08995532244443893,32,False,UNAVAILABLE,DISABLED,DISABLED,DISABLED,UNAVAILABLE,DISABLED
2068,0.0014977784594520926,7.786829883116297e-06,0.17335760593414307,-0.3580021858215332,3.893414941558149e-06,0.08667880296707153,-0.1790010929107666,-0.09082061797380447,32,False,UNAVAILABLE,DISABLED,DISABLED,DISABLED,UNAVAILABLE,DISABLED
2069,0.001999904401600361,5.945271823293297e-06,0.2056717872619629,-0.2996811866760254,2.9726359116466483e-06,0.10283589363098145,-0.1498405933380127,-0.04500181972980499,32,False,UNAVAILABLE,DISABLED,DISABLED,DISABLED,UNAVAILABLE,DISABLED
2070,0.0017657889984548092,7.906674909463618e-06,0.18353641033172607,-0.35443902015686035,3.953337454731809e-06,0.09176820516586304,-0.17721951007843018,-0.08368156105279922,32,False,UNAVAILABLE,DISABLED,DISABLED,DISABLED,UNAVAILABLE,DISABLED
2071,0.0014679367886856198,5.352068001229782e-06,0.1314064860343933,-0.311809778213501,2.676034000614891e-06,0.06570324301719666,-0.1559048891067505,-0.08873103559017181,32,False,UNAVAILABLE,DISABLED,DISABLED,DISABLED,UNAVAILABLE,DISABLED
2072,0.0014553209766745567,7.344055575231323e-06,0.15246665477752686,-0.33326220512390137,3.6720277876156615e-06,0.07623332738876343,-0.16663110256195068,-0.08893878012895584,32,False,UNAVAILABLE,DISABLED,DISABLED,DISABLED,UNAVAILABLE,DISABLED
2073,0.0017606508918106556,5.634892659145407e-06,0.15635693073272705,-0.33095312118530273,2.8174463295727037e-06,0.07817846536636353,-0.16547656059265137,-0.08553462475538254,32,False,UNAVAILABLE,DISABLED,DISABLED,DISABLED,UNAVAILABLE,DISABLED
2074,0.002170073799788952,6.793235115765128e-06,0.18084192276000977,-0.4119887351989746,3.396617557882564e-06,0.09042096138000488,-0.2059943675994873,-0.113399937748909,32,False,UNAVAILABLE,DISABLED,DISABLED,DISABLED,UNAVAILABLE,DISABLED
2075,0.002167151542380452,5.610853349935496e-06,0.14997637271881104,-0.36621975898742676,2.805426674967748e-06,0.07498818635940552,-0.18310987949371338,-0.10595173388719559,32,False,UNAVAILABLE,DISABLED,DISABLED,DISABLED,UNAVAILABLE,DISABLED
2076,0.2165178656578064,5.591364242718555e-06,0.16159623861312866,-0.36976099014282227,2.7956821213592775e-06,0.08079811930656433,-0.18488049507141113,0.11243829131126404,32,False,UNAVAILABLE,DISABLED,DISABLED,DISABLED,UNAVAILABLE,DISABLED
2077,0.0015975661808624864,7.513002856285311e-06,0.2021174430847168,-0.42139506340026855,3.7565014281426556e-06,0.1010587215423584,-0.21069753170013428,-0.10803748667240143,32,False,UNAVAILABLE,DISABLED,DISABLED,DISABLED,UNAVAILABLE,DISABLED
2078,0.0019709549378603697,6.188331553858006e-06,0.15589433908462524,-0.35643744468688965,3.094165776929003e-06,0.07794716954231262,-0.17821872234344482,-0.09829750657081604,32,False,UNAVAILABLE,DISABLED,DISABLED,DISABLED,UNAVAILABLE,DISABLED
2079,0.00243973545730114,5.9331282500352245e-06,0.14501184225082397,-0.3454914093017578,2.9665641250176122e-06,0.07250592112541199,-0.1727457046508789,-0.09779708087444305,32,False,UNAVAILABLE,DISABLED,DISABLED,DISABLED,UNAVAILABLE,DISABLED
2080,0.0016518558841198683,6.6601974140212405e-06,0.16198790073394775,-0.3800027370452881,3.3300987070106203e-06,0.08099395036697388,-0.19000136852264404,-0.10735223442316055,32,False,UNAVAILABLE,DISABLED,DISABLED,DISABLED,UNAVAILABLE,DISABLED
2081,0.0016237421659752727,5.3230060075293295e-06,0.19197601079940796,-0.4103820323944092,2.6615030037646648e-06,0.09598800539970398,-0.2051910161972046,-0.10757660865783691,32,False,UNAVAILABLE,DISABLED,DISABLED,DISABLED,UNAVAILABLE,DISABLED
2082,0.0014465267304331064,7.815126991772559e-06,0.2235463261604309,-0.4261302947998047,3.907563495886279e-06,0.11177316308021545,-0.21306514739990234,-0.09984154999256134,32,False,UNAVAILABLE,DISABLED,DISABLED,DISABLED,UNAVAILABLE,DISABLED
2083,0.0023689696099609137,6.872594440210378e-06,0.1993655562400818,-0.38027191162109375,3.436297220105189e-06,0.0996827781200409,-0.19013595581054688,-0.08808077126741409,32,False,UNAVAILABLE,DISABLED,DISABLED,DISABLED,UNAVAILABLE,DISABLED
2084,0.0020485185086727142,5.6503645282646175e-06,0.13093817234039307,-0.33197593688964844,2.8251822641323088e-06,0.06546908617019653,-0.16598796844482422,-0.09846753627061844,32,False,UNAVAILABLE,DISABLED,DISABLED,DISABLED,UNAVAILABLE,DISABLED
2085,0.001555553637444973,6.062501597625669e-06,0.2151871919631958,-0.40886378288269043,3.0312507988128345e-06,0.1075935959815979,-0.20443189144134521,-0.09527970850467682,32,False,UNAVAILABLE,DISABLED,DISABLED,DISABLED,UNAVAILABLE,DISABLED
2086,0.0016130665317177773,5.430170858744532e-06,0.13956081867218018,-0.3538475036621094,2.715085429372266e-06,0.06978040933609009,-0.1769237518310547,-0.10552755743265152,32,False,UNAVAILABLE,DISABLED,DISABLED,DISABLED,UNAVAILABLE,DISABLED
2087,0.003010327462106943,5.6313074310310185e-06,0.1658029556274414,-0.3531990051269531,2.8156537155155092e-06,0.0829014778137207,-0.17659950256347656,-0.09068488329648972,32,False,UNAVAILABLE,DISABLED,DISABLED,DISABLED,UNAVAILABLE,DISABLED
2088,0.00215246737934649,4.917504611512413e-06,0.11535841226577759,-0.3231978416442871,2.4587523057562066e-06,0.057679206132888794,-0.16159892082214355,-0.10176478326320648,32,False,UNAVAILABLE,DISABLED,DISABLED,DISABLED,UNAVAILABLE,DISABLED
2089,0.0021745534613728523,7.179542080848478e-06,0.18395394086837769,-0.3967103958129883,3.589771040424239e-06,0.09197697043418884,-0.19835519790649414,-0.1042000874876976,32,False,UNAVAILABLE,DISABLED,DISABLED,DISABLED,UNAVAILABLE,DISABLED
2090,0.0026819980703294277,3.2366870073019527e-06,0.1059802770614624,-0.31114768981933594,1.6183435036509763e-06,0.0529901385307312,-0.15557384490966797,-0.09990008920431137,32,False,UNAVAILABLE,DISABLED,DISABLED,DISABLED,UNAVAILABLE,DISABLED
2091,0.002463405719026923,4.6968948481662665e-06,0.15310609340667725,-0.3552865982055664,2.3484474240831332e-06,0.07655304670333862,-0.1776432991027832,-0.09862449765205383,32,False,UNAVAILABLE,DISABLED,DISABLED,DISABLED,UNAVAILABLE,DISABLED
2092,0.01460515707731247,7.206251666502794e-06,0.16428720951080322,-0.3806266784667969,3.603125833251397e-06,0.08214360475540161,-0.19031333923339844,-0.09356097131967545,32,False,UNAVAILABLE,DISABLED,DISABLED,DISABLED,UNAVAILABLE,DISABLED
2093,0.0015264222165569663,5.1596452976809815e-06,0.14667242765426636,-0.38233041763305664,2.5798226488404907e-06,0.07333621382713318,-0.19116520881652832,-0.11629999428987503,32,False,UNAVAILABLE,DISABLED,DISABLED,DISABLED,UNAVAILABLE,DISABLED
2094,0.00166737858671695,9.655096619098913e-06,0.17390751838684082,-0.3650045394897461,4.8275483095494565e-06,0.08695375919342041,-0.18250226974487305,-0.09387630224227905,32,False,UNAVAILABLE,DISABLED,DISABLED,DISABLED,UNAVAILABLE,DISABLED
2095,0.0021084200125187635,6.224965090950718e-06,0.15503919124603271,-0.34513115882873535,3.112482545475359e-06,0.07751959562301636,-0.17256557941436768,-0.09293445199728012,32,False,UNAVAILABLE,DISABLED,DISABLED,DISABLED,UNAVAILABLE,DISABLED
2096,0.0027491669170558453,4.898003226116998e-06,0.20464813709259033,-0.37518930435180664,2.449001613058499e-06,0.10232406854629517,-0.18759465217590332,-0.08251896500587463,32,False,UNAVAILABLE,DISABLED,DISABLED,DISABLED,UNAVAILABLE,DISABLED
2097,0.0013564766850322485,8.960017112258356e-06,0.1942337155342102,-0.36163997650146484,4.480008556129178e-06,0.0971168577671051,-0.18081998825073242,-0.08234217017889023,32,False,UNAVAILABLE,DISABLED,DISABLED,DISABLED,UNAVAILABLE,DISABLED
2098,0.001931984443217516,5.704813702323008e-06,0.16112911701202393,-0.37894392013549805,2.852406851161504e-06,0.08056455850601196,-0.18947196006774902,-0.10697256773710251,32,False,UNAVAILABLE,DISABLED,DISABLED,DISABLED,UNAVAILABLE,DISABLED
2099,0.0026060936506837606,6.403683983080555e-06,0.1366339921951294,-0.3307020664215088,3.2018419915402774e-06,0.0683169960975647,-0.1653510332107544,-0.09442473948001862,32,False,UNAVAILABLE,DISABLED,DISABLED,DISABLED,UNAVAILABLE,DISABLED
2100,0.0020852999296039343,8.496697773807682e-06,0.15863507986068726,-0.3692591190338135,4.248348886903841e-06,0.07931753993034363,-0.18462955951690674,-0.10322247445583344,32,False,UNAVAILABLE,DISABLED,DISABLED,DISABLED,UNAVAILABLE,DISABLED
2101,0.0018582578049972653,8.386288754991256e-06,0.22398865222930908,-0.43805408477783203,4.193144377495628e-06,0.11199432611465454,-0.21902704238891602,-0.10517026484012604,32,False,UNAVAILABLE,DISABLED,DISABLED,DISABLED,UNAVAILABLE,DISABLED
2102,0.002530402736738324,4.230596005072584e-06,0.17605775594711304,-0.32915592193603516,2.115298002536292e-06,0.08802887797355652,-0.16457796096801758,-0.07401656359434128,32,False,UNAVAILABLE,DISABLED,DISABLED,DISABLED,UNAVAILABLE,DISABLED
2103,0.002626165049150586,5.303697889758041e-06,0.14568358659744263,-0.37052106857299805,2.6518489448790206e-06,0.07284179329872131,-0.18526053428649902,-0.10978992283344269,32,False,UNAVAILABLE,DISABLED,DISABLED,DISABLED,UNAVAILABLE,DISABLED
2104,0.0016810598317533731,5.604172201856272e-06,0.15144652128219604,-0.3617689609527588,2.802086100928136e-06,0.07572326064109802,-0.1808844804763794,-0.1034773588180542,32,False,UNAVAILABLE,DISABLED,DISABLED,DISABLED,UNAVAILABLE,DISABLED
2105,0.0016136198537424207,6.049456260370789e-06,0.18894749879837036,-0.422518253326416,3.0247281301853945e-06,0.09447374939918518,-0.211259126663208,-0.1151687353849411,32,False,UNAVAILABLE,DISABLED,DISABLED,DISABLED,UNAVAILABLE,DISABLED
2106,0.0013716438552364707,6.015115559421247e-06,0.1471218466758728,-0.3456296920776367,3.0075577797106234e-06,0.0735609233379364,-0.17281484603881836,-0.09787926822900772,32,False,UNAVAILABLE,DISABLED,DISABLED,DISABLED,UNAVAILABLE,DISABLED
2107,0.0013115477049723268,5.46141609447659e-06,0.1623874306678772,-0.3735370635986328,2.730708047238295e-06,0.0811937153339386,-0.1867685317993164,-0.10426054149866104,32,False,UNAVAILABLE,DISABLED,DISABLED,DISABLED,UNAVAILABLE,DISABLED
2108,0.0015620548510923982,4.6219388423196506e-06,0.13692694902420044,-0.3224670886993408,2.3109694211598253e-06,0.06846347451210022,-0.1612335443496704,-0.09120570123195648,32,False,UNAVAILABLE,DISABLED,DISABLED,DISABLED,UNAVAILABLE,DISABLED
2109,0.0020542487036436796,6.073900294722989e-06,0.1439516544342041,-0.33361196517944336,3.0369501473614946e-06,0.07197582721710205,-0.16680598258972168,-0.09277287125587463,32,False,UNAVAILABLE,DISABLED,DISABLED,DISABLED,UNAVAILABLE,DISABLED
2110,0.0018498407443985343,5.752503966505174e-06,0.14939922094345093,-0.3523738384246826,2.876251983252587e-06,0.07469961047172546,-0.1761869192123413,-0.09963459521532059,32,False,UNAVAILABLE,DISABLED,DISABLED,DISABLED,UNAVAILABLE,DISABLED
2111,0.0013161537935957313,6.296612809819635e-06,0.15021324157714844,-0.37363409996032715,3.1483064049098175e-06,0.07510662078857422,-0.18681704998016357,-0.11039112508296967,32,False,UNAVAILABLE,DISABLED,DISABLED,DISABLED,UNAVAILABLE,DISABLED
2112,0.0013407801743596792,5.936874003964476e-06,0.10750657320022583,-0.32833409309387207,2.968437001982238e-06,0.053753286600112915,-0.16416704654693604,-0.10907001048326492,32,False,UNAVAILABLE,DISABLED,DISABLED,DISABLED,UNAVAILABLE,DISABLED
2113,0.001645279466174543,4.2710489651653916e-06,0.16403788328170776,-0.3878462314605713,2.1355244825826958e-06,0.08201894164085388,-0.19392311573028564,-0.11025676131248474,32,False,UNAVAILABLE,DISABLED,DISABLED,DISABLED,UNAVAILABLE,DISABLED
2114,0.0019117785850539804,7.173313406383386e-06,0.17662984132766724,-0.38114356994628906,3.586656703191693e-06,0.08831492066383362,-0.19057178497314453,-0.10034149885177612,32,False,UNAVAILABLE,DISABLED,DISABLED,DISABLED,UNAVAILABLE,DISABLED
2115,0.0014156857505440712,8.154021998052485e-06,0.1875770092010498,-0.3985319137573242,4.077010999026243e-06,0.0937885046005249,-0.1992659568786621,-0.1040576919913292,32,False,UNAVAILABLE,DISABLED,DISABLED,DISABLED,UNAVAILABLE,DISABLED
2116,0.001654801657423377,5.901393251406262e-06,0.17158818244934082,-0.4007422924041748,2.950696625703131e-06,0.08579409122467041,-0.2003711462020874,-0.11291930079460144,32,False,UNAVAILABLE,DISABLED,DISABLED,DISABLED,UNAVAILABLE,DISABLED
2117,0.0013666728045791388,5.986445103189908e-06,0.16160136461257935,-0.36132097244262695,2.993222551594954e-06,0.08080068230628967,-0.18066048622131348,-0.0984901413321495,32,False,UNAVAILABLE,DISABLED,DISABLED,DISABLED,UNAVAILABLE,DISABLED
2118,0.0013245010050013661,7.190347787400242e-06,0.18607831001281738,-0.41956472396850586,3.595173893700121e-06,0.09303915500640869,-0.20978236198425293,-0.11541511118412018,32,False,UNAVAILABLE,DISABLED,DISABLED,DISABLED,UNAVAILABLE,DISABLED
2119,0.0017578238621354103,6.955218395887641e-06,0.15535873174667358,-0.3441295623779297,3.4776091979438206e-06,0.07767936587333679,-0.17206478118896484,-0.09262411296367645,32,False,UNAVAILABLE,DISABLED,DISABLED,DISABLED,UNAVAILABLE,DISABLED
2120,0.0019552847370505333,5.711403446184704e-06,0.1424705982208252,-0.3549489974975586,2.855701723092352e-06,0.0712352991104126,-0.1774744987487793,-0.10428106039762497,32,False,UNAVAILABLE,DISABLED,DISABLED,DISABLED,UNAVAILABLE,DISABLED
2121,0.0014062384143471718,6.16293527855305e-06,0.1690303087234497,-0.38365626335144043,3.081467639276525e-06,0.08451515436172485,-0.19182813167572021,-0.10590365529060364,32,False,UNAVAILABLE,DISABLED,DISABLED,DISABLED,UNAVAILABLE,DISABLED
2122,0.0022354070097208023,4.018712843389949e-06,0.15274298191070557,-0.3794569969177246,2.0093564216949744e-06,0.07637149095535278,-0.1897284984588623,-0.1111195906996727,32,False,UNAVAILABLE,DISABLED,DISABLED,DISABLED,UNAVAILABLE,DISABLED
2123,0.0017026911955326796,4.521049959294032e-06,0.1249813437461853,-0.32457399368286133,2.260524979647016e-06,0.06249067187309265,-0.16228699684143066,-0.09809137135744095,32,False,UNAVAILABLE,DISABLED,DISABLED,DISABLED,UNAVAILABLE,DISABLED
2124,0.0024040124844759703,5.190400315768784e-06,0.1350124478340149,-0.3451669216156006,2.595200157884392e-06,0.06750622391700745,-0.1725834608078003,-0.10267063230276108,32,False,UNAVAILABLE,DISABLED,DISABLED,DISABLED,UNAVAILABLE,DISABLED
2125,0.0030393674969673157,6.992300313868327e-06,0.15566956996917725,-0.3616447448730469,3.4961501569341635e-06,0.07783478498458862,-0.18082237243652344,-0.09994472563266754,32,False,UNAVAILABLE,DISABLED,DISABLED,DISABLED,UNAVAILABLE,DISABLED
2126,0.00388142978772521,6.882830803078832e-06,0.20073622465133667,-0.39256906509399414,3.441415401539416e-06,0.10036811232566833,-0.19628453254699707,-0.09203154593706131,32,False,UNAVAILABLE,DISABLED,DISABLED,DISABLED,UNAVAILABLE,DISABLED
2127,0.0023638515267521143,5.731210876547266e-06,0.20003753900527954,-0.41490721702575684,2.865605438273633e-06,0.10001876950263977,-0.20745360851287842,-0.10506812483072281,32,False,UNAVAILABLE,DISABLED,DISABLED,DISABLED,UNAVAILABLE,DISABLED
2128,0.0013220085529610515,5.243594387138728e-06,0.14389806985855103,-0.3450467586517334,2.621797193569364e-06,0.07194903492927551,-0.1725233793258667,-0.0992497131228447,32,False,UNAVAILABLE,DISABLED,DISABLED,DISABLED,UNAVAILABLE,DISABLED
2129,0.0015184773365035653,7.099331469362369e-06,0.23349106311798096,-0.3986194133758545,3.5496657346811844e-06,0.11674553155899048,-0.19930970668792725,-0.08104214817285538,32,False,UNAVAILABLE,DISABLED,DISABLED,DISABLED,UNAVAILABLE,DISABLED
2130,0.001833167509175837,6.772585038561374e-06,0.19220197200775146,-0.3907022476196289,3.386292519280687e-06,0.09610098600387573,-0.19535112380981445,-0.09741358458995819,32,False,UNAVAILABLE,DISABLED,DISABLED,DISABLED,UNAVAILABLE,DISABLED
2131,0.0018995587015524507,6.348996066662949e-06,0.16277116537094116,-0.39511752128601074,3.1744980333314743e-06,0.08138558268547058,-0.19755876064300537,-0.11427044123411179,32,False,UNAVAILABLE,DISABLED,DISABLED,DISABLED,UNAVAILABLE,DISABLED
2132,0.0018721941160038114,7.141902642615605e-06,0.18578636646270752,-0.4021487236022949,3.5709513213078026e-06,0.09289318323135376,-0.20107436180114746,-0.10630541294813156,32,False,UNAVAILABLE,DISABLED,DISABLED,DISABLED,UNAVAILABLE,DISABLED
2133,0.0016668231692165136,6.090147962822812e-06,0.16643786430358887,-0.41376686096191406,3.045073981411406e-06,0.08321893215179443,-0.20688343048095703,-0.12199462950229645,32,False,UNAVAILABLE,DISABLED,DISABLED,DISABLED,UNAVAILABLE,DISABLED
2134,0.0015794025966897607,5.671430699294433e-06,0.1886712908744812,-0.43213653564453125,2.8357153496472165e-06,0.0943356454372406,-0.21606826782226562,-0.12015038728713989,32,False,UNAVAILABLE,DISABLED,DISABLED,DISABLED,UNAVAILABLE,DISABLED
2135,0.0026546299923211336,5.556813448492903e-06,0.14599907398223877,-0.3697090148925781,2.7784067242464516e-06,0.07299953699111938,-0.18485450744628906,-0.10919756442308426,32,False,UNAVAILABLE,DISABLED,DISABLED,DISABLED,UNAVAILABLE,DISABLED
2136,0.0022153549361974,5.60604848942603e-06,0.19065463542938232,-0.3467679023742676,2.803024244713015e-06,0.09532731771469116,-0.1733839511871338,-0.07583847641944885,32,False,UNAVAILABLE,DISABLED,DISABLED,DISABLED,UNAVAILABLE,DISABLED
2137,0.0036200752947479486,4.981900019629393e-06,0.15415692329406738,-0.3308093547821045,2.4909500098146964e-06,0.07707846164703369,-0.16540467739105225,-0.08470364660024643,32,False,UNAVAILABLE,DISABLED,DISABLED,DISABLED,UNAVAILABLE,DISABLED
2138,0.00237622344866395,4.964887466485379e-06,0.14089196920394897,-0.34033632278442383,2.4824437332426896e-06,0.07044598460197449,-0.17016816139221191,-0.09734347462654114,32,False,UNAVAILABLE,DISABLED,DISABLED,DISABLED,UNAVAILABLE,DISABLED
2139,0.001286232378333807,9.179155313177034e-06,0.19767767190933228,-0.345034122467041,4.589577656588517e-06,0.09883883595466614,-0.1725170612335205,-0.07238740473985672,32,False,UNAVAILABLE,DISABLED,DISABLED,DISABLED,UNAVAILABLE,DISABLED
2140,0.0012659230269491673,8.158426680893172e-06,0.28270816802978516,-0.49149274826049805,4.079213340446586e-06,0.14135408401489258,-0.24574637413024902,-0.1031222939491272,32,False,UNAVAILABLE,DISABLED,DISABLED,DISABLED,UNAVAILABLE,DISABLED
2141,0.0019530070712789893,5.014513135392917e-06,0.17137622833251953,-0.4158165454864502,2.5072565676964587e-06,0.08568811416625977,-0.2079082727432251,-0.12026464194059372,32,False,UNAVAILABLE,DISABLED,DISABLED,DISABLED,UNAVAILABLE,DISABLED
2142,0.0014467457076534629,4.184217232250376e-06,0.13573455810546875,-0.3459181785583496,2.092108616125188e-06,0.06786727905273438,-0.1729590892791748,-0.10364297032356262,32,False,UNAVAILABLE,DISABLED,DISABLED,DISABLED,UNAVAILABLE,DISABLED
2143,0.001305185491219163,5.052161668572808e-06,0.15261149406433105,-0.3505086898803711,2.526080834286404e-06,0.07630574703216553,-0.17525434494018555,-0.09764088690280914,32,False,UNAVAILABLE,DISABLED,DISABLED,DISABLED,UNAVAILABLE,DISABLED
2144,0.002852458506822586,4.0630357034388e-06,0.169583261013031,-0.3127152919769287,2.0315178517194e-06,0.0847916305065155,-0.15635764598846436,-0.0687115266919136,32,False,UNAVAILABLE,DISABLED,DISABLED,DISABLED,UNAVAILABLE,DISABLED
2145,0.0017165160970762372,5.813952611788409e-06,0.1668682098388672,-0.3981451988220215,2.9069763058942044e-06,0.0834341049194336,-0.19907259941101074,-0.11391907185316086,32,False,UNAVAILABLE,DISABLED,DISABLED,DISABLED,UNAVAILABLE,DISABLED
2146,0.0016902259085327387,6.161757482914254e-06,0.1651294231414795,-0.3259568214416504,3.080878741457127e-06,0.08256471157073975,-0.1629784107208252,-0.07872039079666138,32,False,UNAVAILABLE,DISABLED,DISABLED,DISABLED,UNAVAILABLE,DISABLED
2147,0.001536786206997931,4.908413302473491e-06,0.16503363847732544,-0.38258862495422363,2.4542066512367455e-06,0.08251681923866272,-0.19129431247711182,-0.10723825544118881,32,False,UNAVAILABLE,DISABLED,DISABLED,DISABLED,UNAVAILABLE,DISABLED
2148,0.0020012720488011837,8.567831173422746e-06,0.25200849771499634,-0.448270320892334,4.283915586711373e-06,0.12600424885749817,-0.224135160446167,-0.09612534940242767,32,False,UNAVAILABLE,DISABLED,DISABLED,DISABLED,UNAVAILABLE,DISABLED
2149,0.0015826906310394406,6.08503751209355e-06,0.1759994626045227,-0.41432738304138184,3.042518756046775e-06,0.08799973130226135,-0.20716369152069092,-0.11757822334766388,32,False,UNAVAILABLE,DISABLED,DISABLED,DISABLED,UNAVAILABLE,DISABLED
2150,0.001647789147682488,6.5174317569471896e-06,0.17001628875732422,-0.3883392810821533,3.2587158784735948e-06,0.08500814437866211,-0.19416964054107666,-0.10751044750213623,32,False,UNAVAILABLE,DISABLED,DISABLED,DISABLED,UNAVAILABLE,DISABLED
2151,0.0012826640158891678,7.321132670767838e-06,0.1774490475654602,-0.4046156406402588,3.660566335383919e-06,0.0887245237827301,-0.2023078203201294,-0.11229696869850159,32,False,UNAVAILABLE,DISABLED,DISABLED,DISABLED,UNAVAILABLE,DISABLED
2152,0.0017269279342144728,6.4652067521819845e-06,0.16676628589630127,-0.3819692134857178,3.2326033760909922e-06,0.08338314294815063,-0.1909846067428589,-0.1058713048696518,32,False,UNAVAILABLE,DISABLED,DISABLED,DISABLED,UNAVAILABLE,DISABLED
2153,0.0022703176364302635,4.619475475919899e-06,0.15889477729797363,-0.39216041564941406,2.3097377379599493e-06,0.07944738864898682,-0.19608020782470703,-0.11436019092798233,32,False,UNAVAILABLE,DISABLED,DISABLED,DISABLED,UNAVAILABLE,DISABLED
2154,0.0017330736154690385,5.6774529184622224e-06,0.17536836862564087,-0.4048759937286377,2.8387264592311112e-06,0.08768418431282043,-0.20243799686431885,-0.11301790177822113,32,False,UNAVAILABLE,DISABLED,DISABLED,DISABLED,UNAVAILABLE,DISABLED
2155,0.002117026597261429,4.594076017383486e-06,0.14483314752578735,-0.3401012420654297,2.297038008691743e-06,0.07241657376289368,-0.17005062103271484,-0.09551472216844559,32,False,UNAVAILABLE,DISABLED,DISABLED,DISABLED,UNAVAILABLE,DISABLED
2156,0.0016787470085546374,7.1577023845748045e-06,0.20534437894821167,-0.3524811267852783,3.5788511922874022e-06,0.10267218947410583,-0.17624056339263916,-0.07188604772090912,32,False,UNAVAILABLE,DISABLED,DISABLED,DISABLED,UNAVAILABLE,DISABLED
2157,0.0015244249952957034,5.816492830490461e-06,0.18202680349349976,-0.43372201919555664,2.9082464152452303e-06,0.09101340174674988,-0.21686100959777832,-0.12432027608156204,32,False,UNAVAILABLE,DISABLED,DISABLED,DISABLED,UNAVAILABLE,DISABLED
2158,0.0018911085790023208,6.139429387985729e-06,0.2082216739654541,-0.4539508819580078,3.0697146939928643e-06,0.10411083698272705,-0.2269754409790039,-0.12097042798995972,32,False,UNAVAILABLE,DISABLED,DISABLED,DISABLED,UNAVAILABLE,DISABLED
2159,0.0018973301630467176,8.08430922916159e-06,0.21266013383865356,-0.4217040538787842,4.042154614580795e-06,0.10633006691932678,-0.2108520269393921,-0.10262058675289154,32,False,UNAVAILABLE,DISABLED,DISABLED,DISABLED,UNAVAILABLE,DISABLED
2160,0.0028236035723239183,9.758779924595729e-06,0.21539312601089478,-0.366046667098999,4.879389962297864e-06,0.10769656300544739,-0.1830233335494995,-0.07249828428030014,32,False,UNAVAILABLE,DISABLED,DISABLED,DISABLED,UNAVAILABLE,DISABLED
2161,0.0024267896078526974,1.0128815119969659e-05,0.22309184074401855,-0.4247400760650635,5.064407559984829e-06,0.11154592037200928,-0.21237003803253174,-0.09839226305484772,32,False,UNAVAILABLE,DISABLED,DISABLED,DISABLED,UNAVAILABLE,DISABLED
2162,0.0015822781715542078,5.476175829244312e-06,0.15894222259521484,-0.3706653118133545,2.738087914622156e-06,0.07947111129760742,-0.18533265590667725,-0.10427653044462204,32,False,UNAVAILABLE,DISABLED,DISABLED,DISABLED,UNAVAILABLE,DISABLED
2163,0.0013749506324529648,5.162995876162313e-06,0.16665399074554443,-0.41094541549682617,2.5814979380811565e-06,0.08332699537277222,-0.20547270774841309,-0.12076818197965622,32,False,UNAVAILABLE,DISABLED,DISABLED,DISABLED,UNAVAILABLE,DISABLED
2164,0.001710226177237928,7.96797303337371e-06,0.22432738542556763,-0.46378064155578613,3.983986516686855e-06,0.11216369271278381,-0.23189032077789307,-0.11801242083311081,32,False,UNAVAILABLE,DISABLED,DISABLED,DISABLED,UNAVAILABLE,DISABLED
2165,0.002165151061490178,6.206657872098731e-06,0.20358633995056152,-0.4404335021972656,3.1033289360493654e-06,0.10179316997528076,-0.2202167510986328,-0.11625532805919647,32,False,UNAVAILABLE,DISABLED,DISABLED,DISABLED,UNAVAILABLE,DISABLED
2166,0.0027608757372945547,5.230288934399141e-06,0.14050811529159546,-0.3500063419342041,2.6151444671995705e-06,0.07025405764579773,-0.17500317096710205,-0.1019856259226799,32,False,UNAVAILABLE,DISABLED,DISABLED,DISABLED,UNAVAILABLE,DISABLED
2167,0.0015253572491928935,6.854694220237434e-06,0.21831709146499634,-0.39711594581604004,3.427347110118717e-06,0.10915854573249817,-0.19855797290802002,-0.08787064254283905,32,False,UNAVAILABLE,DISABLED,DISABLED,DISABLED,UNAVAILABLE,DISABLED
2168,0.0015091223176568747,6.3416355260415e-06,0.18398141860961914,-0.4155607223510742,3.17081776302075e-06,0.09199070930480957,-0.2077803611755371,-0.11427735537290573,32,False,UNAVAILABLE,DISABLED,DISABLED,DISABLED,UNAVAILABLE,DISABLED
2169,0.0018854228546842933,4.676480784837622e-06,0.16324150562286377,-0.3994920253753662,2.338240392418811e-06,0.08162075281143188,-0.1997460126876831,-0.11623749881982803,32,False,UNAVAILABLE,DISABLED,DISABLED,DISABLED,UNAVAILABLE,DISABLED
2170,0.0017337683821097016,5.571352176048094e-06,0.14944040775299072,-0.38059544563293457,2.785676088024047e-06,0.07472020387649536,-0.19029772281646729,-0.1138409674167633,32,False,UNAVAILABLE,DISABLED,DISABLED,DISABLED,UNAVAILABLE,DISABLED
2171,0.001757088117301464,5.1998586059198715e-06,0.15029239654541016,-0.37606120109558105,2.5999293029599357e-06,0.07514619827270508,-0.18803060054779053,-0.11112471669912338,32,False,UNAVAILABLE,DISABLED,DISABLED,DISABLED,UNAVAILABLE,DISABLED
2172,0.0018536560237407684,5.04411900692503e-06,0.12567347288131714,-0.3392674922943115,2.522059503462515e-06,0.06283673644065857,-0.16963374614715576,-0.10494083166122437,32,False,UNAVAILABLE,DISABLED,DISABLED,DISABLED,UNAVAILABLE,DISABLED
2173,0.003106145653873682,5.581760433415184e-06,0.19399213790893555,-0.4231255054473877,2.790880216707592e-06,0.09699606895446777,-0.21156275272369385,-0.11145775020122528,32,False,UNAVAILABLE,DISABLED,DISABLED,DISABLED,UNAVAILABLE,DISABLED
2174,0.002481808653101325,6.854567345726537e-06,0.2129124402999878,-0.4243781566619873,3.4272836728632683e-06,0.1064562201499939,-0.21218907833099365,-0.10324762016534805,32,False,UNAVAILABLE,DISABLED,DISABLED,DISABLED,UNAVAILABLE,DISABLED
2175,0.0016282694414258003,5.384861196944257e-06,0.18221354484558105,-0.43286752700805664,2.6924305984721286e-06,0.09110677242279053,-0.21643376350402832,-0.12369602918624878,32,False,UNAVAILABLE,DISABLED,DISABLED,DISABLED,UNAVAILABLE,DISABLED
2176,0.0023754897993057966,5.7123029364447575e-06,0.17937630414962769,-0.40239596366882324,2.8561514682223788e-06,0.08968815207481384,-0.20119798183441162,-0.10913148522377014,32,False,UNAVAILABLE,DISABLED,DISABLED,DISABLED,UNAVAILABLE,DISABLED
2177,0.0016818293370306492,4.9320710786560085e-06,0.14107775688171387,-0.372805118560791,2.4660355393280042e-06,0.07053887844085693,-0.1864025592803955,-0.11417938768863678,32,False,UNAVAILABLE,DISABLED,DISABLED,DISABLED,UNAVAILABLE,DISABLED
2178,0.0015638475306332111,5.211235020396998e-06,0.18691504001617432,-0.35905981063842773,2.605617510198499e-06,0.09345752000808716,-0.17952990531921387,-0.08450593054294586,32,False,UNAVAILABLE,DISABLED,DISABLED,DISABLED,UNAVAILABLE,DISABLED
2179,0.001693674479611218,6.312217010417953e-06,0.16867047548294067,-0.3962209224700928,3.1561085052089766e-06,0.08433523774147034,-0.1981104612350464,-0.11207839101552963,32,False,UNAVAILABLE,DISABLED,DISABLED,DISABLED,UNAVAILABLE,DISABLED
2180,0.0022612037137150764,7.0779524321551435e-06,0.20694875717163086,-0.4068312644958496,3.5389762160775717e-06,0.10347437858581543,-0.2034156322479248,-0.09767650812864304,32,False,UNAVAILABLE,DISABLED,DISABLED,DISABLED,UNAVAILABLE,DISABLED
2181,0.0016974018653854728,5.006726951251039e-06,0.1640545129776001,-0.41878604888916016,2.5033634756255196e-06,0.08202725648880005,-0.20939302444458008,-0.12566587328910828,32,False,UNAVAILABLE,DISABLED,DISABLED,DISABLED,UNAVAILABLE,DISABLED
2182,0.0016308489721268415,7.367488251475152e-06,0.2299724817276001,-0.4688456058502197,3.683744125737576e-06,0.11498624086380005,-0.23442280292510986,-0.11780203133821487,32,False,UNAVAILABLE,DISABLED,DISABLED,DISABLED,UNAVAILABLE,DISABLED
2183,0.0024465974420309067,5.240055088506779e-06,0.17059969902038574,-0.44057130813598633,2.6200275442533894e-06,0.08529984951019287,-0.22028565406799316,-0.13253659009933472,32,False,UNAVAILABLE,DISABLED,DISABLED,DISABLED,UNAVAILABLE,DISABLED
2184,0.0024531858507543802,5.572731424763333e-06,0.16568297147750854,-0.4006068706512451,2.7863657123816665e-06,0.08284148573875427,-0.20030343532562256,-0.1150059774518013,32,False,UNAVAILABLE,DISABLED,DISABLED,DISABLED,UNAVAILABLE,DISABLED
2185,0.002572242170572281,5.63693038202473e-06,0.19517898559570312,-0.4270768165588379,2.818465191012365e-06,0.09758949279785156,-0.21353840827941895,-0.11337385326623917,32,False,UNAVAILABLE,DISABLED,DISABLED,DISABLED,UNAVAILABLE,DISABLED
2186,0.0029858823399990797,5.777236765425187e-06,0.19080489873886108,-0.42562437057495117,2.8886183827125933e-06,0.09540244936943054,-0.21281218528747559,-0.11442096531391144,32,False,UNAVAILABLE,DISABLED,DISABLED,DISABLED,UNAVAILABLE,DISABLED
2187,0.0027346794959157705,5.439431788545335e-06,0.16930490732192993,-0.3988182544708252,2.7197158942726674e-06,0.08465245366096497,-0.1994091272354126,-0.11201927065849304,32,False,UNAVAILABLE,DISABLED,DISABLED,DISABLED,UNAVAILABLE,DISABLED
2188,0.0018453598022460938,3.8353023228410166e-06,0.13454294204711914,-0.35732555389404297,1.9176511614205083e-06,0.06727147102355957,-0.17866277694702148,-0.10954403132200241,32,False,UNAVAILABLE,DISABLED,DISABLED,DISABLED,UNAVAILABLE,DISABLED
2189,0.0023395507596433163,7.036423539830139e-06,0.17001771926879883,-0.363727331161499,3.5182117699150695e-06,0.08500885963439941,-0.1818636655807495,-0.0945117399096489,32,False,UNAVAILABLE,DISABLED,DISABLED,DISABLED,UNAVAILABLE,DISABLED
2190,0.0034930354449898005,6.679369562334614e-06,0.1865544319152832,-0.42424607276916504,3.339684781167307e-06,0.0932772159576416,-0.21212303638458252,-0.11534944176673889,32,False,UNAVAILABLE,DISABLED,DISABLED,DISABLED,UNAVAILABLE,DISABLED
2191,0.0018095780396834016,6.452936759160366e-06,0.21774721145629883,-0.44115543365478516,3.226468379580183e-06,0.10887360572814941,-0.22057771682739258,-0.10989131033420563,32,False,UNAVAILABLE,DISABLED,DISABLED,DISABLED,UNAVAILABLE,DISABLED
2192,0.0029729255475103855,7.287591415661154e-06,0.15648025274276733,-0.4133458137512207,3.643795707830577e-06,0.07824012637138367,-0.20667290687561035,-0.12545621395111084,32,False,UNAVAILABLE,DISABLED,DISABLED,DISABLED,UNAVAILABLE,DISABLED
2193,0.0015190393896773458,4.407107553561218e-06,0.15763944387435913,-0.3484151363372803,2.203553776780609e-06,0.07881972193717957,-0.17420756816864014,-0.09386660158634186,32,False,UNAVAILABLE,DISABLED,DISABLED,DISABLED,UNAVAILABLE,DISABLED
2194,0.0029703539330512285,5.70892871110118e-06,0.21642595529556274,-0.4664266109466553,2.85446435555059e-06,0.10821297764778137,-0.23321330547332764,-0.12202712148427963,32,False,UNAVAILABLE,DISABLED,DISABLED,DISABLED,UNAVAILABLE,DISABLED
2195,0.002133459085598588,6.246445991564542e-06,0.18845784664154053,-0.4200265407562256,3.123222995782271e-06,0.09422892332077026,-0.2100132703781128,-0.11364776641130447,32,False,UNAVAILABLE,DISABLED,DISABLED,DISABLED,UNAVAILABLE,DISABLED
2196,0.0021462489385157824,4.626623194781132e-06,0.16537326574325562,-0.3747670650482178,2.313311597390566e-06,0.08268663287162781,-0.1873835325241089,-0.10254833847284317,32,False,UNAVAILABLE,DISABLED,DISABLED,DISABLED,UNAVAILABLE,DISABLED
2197,0.0028786819893866777,5.934624368819641e-06,0.1896611452102661,-0.4118843078613281,2.9673121844098205e-06,0.09483057260513306,-0.20594215393066406,-0.10822993516921997,32,False,UNAVAILABLE,DISABLED,DISABLED,DISABLED,UNAVAILABLE,DISABLED
2198,0.0029302984476089478,6.371738891175482e-06,0.19057422876358032,-0.40874361991882324,3.185869445587741e-06,0.09528711438179016,-0.20437180995941162,-0.10615120828151703,32,False,UNAVAILABLE,DISABLED,DISABLED,DISABLED,UNAVAILABLE,DISABLED
2199,0.0035028867423534393,3.6260257729736622e-06,0.18508821725845337,-0.41674089431762695,1.8130128864868311e-06,0.09254410862922668,-0.20837044715881348,-0.112321637570858,32,False,UNAVAILABLE,DISABLED,DISABLED,DISABLED,UNAVAILABLE,DISABLED
2200,0.003094768151640892,5.033150046074297e-06,0.17905157804489136,-0.41022491455078125,2.5165750230371486e-06,0.08952578902244568,-0.20511245727539062,-0.11248937994241714,32,False,UNAVAILABLE,DISABLED,DISABLED,DISABLED,UNAVAILABLE,DISABLED
2201,0.0024882731959223747,5.838259767187992e-06,0.19825029373168945,-0.4543585777282715,2.919129883593996e-06,0.09912514686584473,-0.22717928886413574,-0.12556295096874237,32,False,UNAVAILABLE,DISABLED,DISABLED,DISABLED,UNAVAILABLE,DISABLED
2202,0.002457875059917569,5.478294497152092e-06,0.17903393507003784,-0.39513349533081055,2.739147248576046e-06,0.08951696753501892,-0.19756674766540527,-0.10558916628360748,32,False,UNAVAILABLE,DISABLED,DISABLED,DISABLED,UNAVAILABLE,DISABLED
2203,0.0024040795397013426,3.963606559409527e-06,0.13843774795532227,-0.3858776092529297,1.9818032797047636e-06,0.06921887397766113,-0.19293880462646484,-0.12131386995315552,32,False,UNAVAILABLE,DISABLED,DISABLED,DISABLED,UNAVAILABLE,DISABLED
2204,0.002931019989773631,4.0994495975610334e-06,0.14986175298690796,-0.3706858158111572,2.0497247987805167e-06,0.07493087649345398,-0.1853429079055786,-0.10747896134853363,32,False,UNAVAILABLE,DISABLED,DISABLED,DISABLED,UNAVAILABLE,DISABLED
2205,0.0031817657873034477,4.909341896564001e-06,0.16207045316696167,-0.41462278366088867,2.4546709482820006e-06,0.08103522658348083,-0.20731139183044434,-0.12309194356203079,32,False,UNAVAILABLE,DISABLED,DISABLED,DISABLED,UNAVAILABLE,DISABLED
2206,0.0042661153711378574,4.895020992989885e-06,0.1590898036956787,-0.395611047744751,2.4475104964949423e-06,0.07954490184783936,-0.1978055238723755,-0.11399205774068832,32,False,UNAVAILABLE,DISABLED,DISABLED,DISABLED,UNAVAILABLE,DISABLED
2207,0.0022257636301219463,6.0755610320484266e-06,0.203313410282135,-0.44769811630249023,3.0377805160242133e-06,0.1016567051410675,-0.22384905815124512,-0.11996354907751083,32,False,UNAVAILABLE,DISABLED,DISABLED,DISABLED,UNAVAILABLE,DISABLED
2208,0.0026557021774351597,6.12120356890955e-06,0.2048165202140808,-0.4217529296875,3.060601784454775e-06,0.1024082601070404,-0.21087646484375,-0.10580944269895554,32,False,UNAVAILABLE,DISABLED,DISABLED,DISABLED,UNAVAILABLE,DISABLED
2209,0.002811939688399434,4.550242010736838e-06,0.1388891339302063,-0.3836171627044678,2.275121005368419e-06,0.06944456696510315,-0.1918085813522339,-0.11954979598522186,32,False,UNAVAILABLE,DISABLED,DISABLED,DISABLED,UNAVAILABLE,DISABLED
2210,0.0022581445518881083,6.535390184581047e-06,0.19647502899169922,-0.4083559513092041,3.2676950922905235e-06,0.09823751449584961,-0.20417797565460205,-0.10367904603481293,32,False,UNAVAILABLE,DISABLED,DISABLED,DISABLED,UNAVAILABLE,DISABLED
2211,0.002728503430262208,4.290097876946675e-06,0.1631925106048584,-0.3898179531097412,2.1450489384733373e-06,0.0815962553024292,-0.1949089765548706,-0.11058207601308823,32,False,UNAVAILABLE,DISABLED,DISABLED,DISABLED,UNAVAILABLE,DISABLED
2212,0.002754029119387269,6.535196007462218e-06,0.20836353302001953,-0.4585902690887451,3.267598003731109e-06,0.10418176651000977,-0.22929513454437256,-0.12235607206821442,32,False,UNAVAILABLE,DISABLED,DISABLED,DISABLED,UNAVAILABLE,DISABLED
2213,0.0030898915138095617,4.9175914682564326e-06,0.170892596244812,-0.4229087829589844,2.4587957341282163e-06,0.085446298122406,-0.2114543914794922,-0.12291574478149414,32,False,UNAVAILABLE,DISABLED,DISABLED,DISABLED,UNAVAILABLE,DISABLED
2214,0.006140927784144878,6.614659469050821e-06,0.22749382257461548,-0.47326135635375977,3.3073297345254105e-06,0.11374691128730774,-0.23663067817687988,-0.11673953384160995,32,False,UNAVAILABLE,DISABLED,DISABLED,DISABLED,UNAVAILABLE,DISABLED
2215,0.0016475028824061155,5.427219548437279e-06,0.1836625337600708,-0.39638423919677734,2.7136097742186394e-06,0.0918312668800354,-0.19819211959838867,-0.1047106385231018,32,False,UNAVAILABLE,DISABLED,DISABLED,DISABLED,UNAVAILABLE,DISABLED
2216,0.0029740838799625635,5.565935680351686e-06,0.17459166049957275,-0.36942076683044434,2.782967840175843e-06,0.08729583024978638,-0.18471038341522217,-0.09443768858909607,32,False,UNAVAILABLE,DISABLED,DISABLED,DISABLED,UNAVAILABLE,DISABLED
2217,0.0026945837307721376,4.096280463272706e-06,0.1388114094734192,-0.3850700855255127,2.048140231636353e-06,0.0694057047367096,-0.19253504276275635,-0.12043270468711853,32,False,UNAVAILABLE,DISABLED,DISABLED,DISABLED,UNAVAILABLE,DISABLED
2218,0.0024348373990505934,3.293202780696447e-06,0.12957727909088135,-0.36170434951782227,1.6466013903482235e-06,0.06478863954544067,-0.18085217475891113,-0.11362705379724503,32,False,UNAVAILABLE,DISABLED,DISABLED,DISABLED,UNAVAILABLE,DISABLED
2219,0.0020892792381346226,6.111259153840365e-06,0.2224806547164917,-0.45777320861816406,3.0556295769201824e-06,0.11124032735824585,-0.22888660430908203,-0.11555394530296326,32,False,UNAVAILABLE,DISABLED,DISABLED,DISABLED,UNAVAILABLE,DISABLED
2220,0.0028019268065690994,6.953448973945342e-06,0.23178505897521973,-0.4938535690307617,3.476724486972671e-06,0.11589252948760986,-0.24692678451538086,-0.12822884321212769,32,False,UNAVAILABLE,DISABLED,DISABLED,DISABLED,UNAVAILABLE,DISABLED
2221,0.002766746561974287,6.858276265120367e-06,0.2078641653060913,-0.457411527633667,3.4291381325601833e-06,0.10393208265304565,-0.2287057638168335,-0.12200350314378738,32,False,UNAVAILABLE,DISABLED,DISABLED,DISABLED,UNAVAILABLE,DISABLED
2222,0.002813485683873296,6.670839411526686e-06,0.22502797842025757,-0.47937726974487305,3.335419705763343e-06,0.11251398921012878,-0.23968863487243652,-0.12435782700777054,32,False,UNAVAILABLE,DISABLED,DISABLED,DISABLED,UNAVAILABLE,DISABLED
2223,0.0018528809305280447,4.928168891638052e-06,0.20486533641815186,-0.38754868507385254,2.464084445819026e-06,0.10243266820907593,-0.19377434253692627,-0.08948633074760437,32,False,UNAVAILABLE,DISABLED,DISABLED,DISABLED,UNAVAILABLE,DISABLED
2224,0.0023589497432112694,5.813675215904368e-06,0.13465887308120728,-0.38391804695129395,2.906837607952184e-06,0.06732943654060364,-0.19195902347564697,-0.12226773053407669,32,False,UNAVAILABLE,DISABLED,DISABLED,DISABLED,UNAVAILABLE,DISABLED
2225,0.00595014076679945,5.076822617411381e-06,0.19633102416992188,-0.4567701816558838,2.5384113087056903e-06,0.09816551208496094,-0.2283850908279419,-0.12426690012216568,32,False,UNAVAILABLE,DISABLED,DISABLED,DISABLED,UNAVAILABLE,DISABLED
2226,0.002883086446672678,3.7476816032722127e-06,0.16354107856750488,-0.38472986221313477,1.8738408016361063e-06,0.08177053928375244,-0.19236493110656738,-0.10770943015813828,32,False,UNAVAILABLE,DISABLED,DISABLED,DISABLED,UNAVAILABLE,DISABLED
2227,0.0032058239448815584,4.942343821312534e-06,0.17847096920013428,-0.4300518035888672,2.471171910656267e-06,0.08923548460006714,-0.2150259017944336,-0.12258212268352509,32,False,UNAVAILABLE,DISABLED,DISABLED,DISABLED,UNAVAILABLE,DISABLED
2228,0.002380287041887641,3.866303359245649e-06,0.17342209815979004,-0.39618945121765137,1.9331516796228243e-06,0.08671104907989502,-0.19809472560882568,-0.10900145769119263,32,False,UNAVAILABLE,DISABLED,DISABLED,DISABLED,UNAVAILABLE,DISABLED
2229,0.0032934779301285744,4.013552370452089e-06,0.1306440830230713,-0.35175371170043945,2.0067761852260446e-06,0.06532204151153564,-0.17587685585021973,-0.10725933313369751,32,False,UNAVAILABLE,DISABLED,DISABLED,DISABLED,UNAVAILABLE,DISABLED
2230,0.002878887578845024,7.178594842116581e-06,0.21041148900985718,-0.428356409072876,3.5892974210582906e-06,0.10520574450492859,-0.214178204536438,-0.10608997941017151,32,False,UNAVAILABLE,DISABLED,DISABLED,DISABLED,UNAVAILABLE,DISABLED
2231,0.0016130399890244007,4.865536539000459e-06,0.12841570377349854,-0.35526490211486816,2.4327682695002295e-06,0.06420785188674927,-0.17763245105743408,-0.1118091270327568,32,False,UNAVAILABLE,DISABLED,DISABLED,DISABLED,UNAVAILABLE,DISABLED
2232,0.003689538687467575,5.983683877275325e-06,0.20762604475021362,-0.4664151668548584,2.9918419386376627e-06,0.10381302237510681,-0.2332075834274292,-0.12570202350616455,32,False,UNAVAILABLE,DISABLED,DISABLED,DISABLED,UNAVAILABLE,DISABLED
2233,0.007103881798684597,5.379788035497768e-06,0.18784993886947632,-0.4274024963378906,2.689894017748884e-06,0.09392496943473816,-0.2137012481689453,-0.11266970634460449,32,False,UNAVAILABLE,DISABLED,DISABLED,DISABLED,UNAVAILABLE,DISABLED
2234,0.002765140263363719,7.562711289210711e-06,0.21992987394332886,-0.3815150260925293,3.7813556446053553e-06,0.10996493697166443,-0.19075751304626465,-0.07802365720272064,32,False,UNAVAILABLE,DISABLED,DISABLED,DISABLED,UNAVAILABLE,DISABLED
2235,0.0034370077773928642,4.618732873495901e-06,0.16381442546844482,-0.4096794128417969,2.3093664367479505e-06,0.08190721273422241,-0.20483970642089844,-0.11949317902326584,32,False,UNAVAILABLE,DISABLED,DISABLED,DISABLED,UNAVAILABLE,DISABLED
2236,0.004294792655855417,5.0490302783146035e-06,0.15998142957687378,-0.4156310558319092,2.5245151391573017e-06,0.07999071478843689,-0.2078155279159546,-0.12352749705314636,32,False,UNAVAILABLE,DISABLED,DISABLED,DISABLED,UNAVAILABLE,DISABLED
2237,0.0032586557790637016,4.701582838606555e-06,0.16015177965164185,-0.41507911682128906,2.3507914193032775e-06,0.08007588982582092,-0.20753955841064453,-0.124202661216259,32,False,UNAVAILABLE,DISABLED,DISABLED,DISABLED,UNAVAILABLE,DISABLED
2238,0.003487912705168128,5.437996151158586e-06,0.20941489934921265,-0.4577665328979492,2.718998075579293e-06,0.10470744967460632,-0.2288832664489746,-0.12068518251180649,32,False,UNAVAILABLE,DISABLED,DISABLED,DISABLED,UNAVAILABLE,DISABLED
2239,0.24210746586322784,4.947878551320173e-06,0.16350829601287842,-0.40607786178588867,2.4739392756600864e-06,0.08175414800643921,-0.20303893089294434,0.12082517147064209,32,False,UNAVAILABLE,DISABLED,DISABLED,DISABLED,UNAVAILABLE,DISABLED
2240,0.004583755973726511,6.09526159678353e-06,0.33445262908935547,-0.5317800045013428,3.047630798391765e-06,0.16722631454467773,-0.2658900022506714,-0.09407688677310944,32,False,UNAVAILABLE,DISABLED,DISABLED,DISABLED,UNAVAILABLE,DISABLED
2241,0.0024838284589350224,3.987620402767789e-06,0.18284428119659424,-0.4130887985229492,1.9938102013838943e-06,0.09142214059829712,-0.2065443992614746,-0.11263643950223923,32,False,UNAVAILABLE,DISABLED,DISABLED,DISABLED,UNAVAILABLE,DISABLED
2242,0.002750135725364089,6.060066425561672e-06,0.2033413052558899,-0.4505133628845215,3.030033212780836e-06,0.10167065262794495,-0.22525668144226074,-0.12083286046981812,32,False,UNAVAILABLE,DISABLED,DISABLED,DISABLED,UNAVAILABLE,DISABLED
2243,0.005839211400598288,6.296360425039893e-06,0.21668028831481934,-0.4837992191314697,3.1481802125199465e-06,0.10834014415740967,-0.24189960956573486,-0.12771710753440857,32,False,UNAVAILABLE,DISABLED,DISABLED,DISABLED,UNAVAILABLE,DISABLED
2244,0.00316946255043149,4.280208486306947e-06,0.16851812601089478,-0.43351197242736816,2.1401042431534734e-06,0.08425906300544739,-0.21675598621368408,-0.12932533025741577,32,False,UNAVAILABLE,DISABLED,DISABLED,DISABLED,UNAVAILABLE,DISABLED
2245,0.0030954915564507246,5.670144219038775e-06,0.1935586929321289,-0.460827112197876,2.8350721095193876e-06,0.09677934646606445,-0.230413556098938,-0.13053588569164276,32,False,UNAVAILABLE,DISABLED,DISABLED,DISABLED,UNAVAILABLE,DISABLED
2246,0.01103468332439661,4.68196867586812e-06,0.192033588886261,-0.422252893447876,2.34098433793406e-06,0.0960167944431305,-0.211126446723938,-0.10407263040542603,32,False,UNAVAILABLE,DISABLED,DISABLED,DISABLED,UNAVAILABLE,DISABLED
2247,0.003092269878834486,3.583726993383607e-06,0.12622296810150146,-0.37944650650024414,1.7918634966918034e-06,0.06311148405075073,-0.18972325325012207,-0.123517706990242,32,False,UNAVAILABLE,DISABLED,DISABLED,DISABLED,UNAVAILABLE,DISABLED
2248,0.005707014352083206,4.53942902822746e-06,0.17828017473220825,-0.42060041427612305,2.26971451411373e-06,0.08914008736610413,-0.21030020713806152,-0.11545083671808243,32,False,UNAVAILABLE,DISABLED,DISABLED,DISABLED,UNAVAILABLE,DISABLED
2249,0.003710040356963873,4.199082468403503e-06,0.13343554735183716,-0.3640263080596924,2.0995412342017516e-06,0.06671777367591858,-0.1820131540298462,-0.11158324033021927,32,False,UNAVAILABLE,DISABLED,DISABLED,DISABLED,UNAVAILABLE,DISABLED
2250,0.004410133231431246,4.809445727005368e-06,0.19962388277053833,-0.4794785976409912,2.404722863502684e-06,0.09981194138526917,-0.2397392988204956,-0.13551482558250427,32,False,UNAVAILABLE,DISABLED,DISABLED,DISABLED,UNAVAILABLE,DISABLED
2251,0.00399509584531188,5.765725290984847e-06,0.2049877643585205,-0.46982598304748535,2.8828626454924233e-06,0.10249388217926025,-0.23491299152374268,-0.1284211277961731,32,False,UNAVAILABLE,DISABLED,DISABLED,DISABLED,UNAVAILABLE,DISABLED
2252,0.0029139320831745863,4.9317545744997915e-06,0.2034723162651062,-0.4427633285522461,2.4658772872498957e-06,0.1017361581325531,-0.22138166427612305,-0.11672911047935486,32,False,UNAVAILABLE,DISABLED,DISABLED,DISABLED,UNAVAILABLE,DISABLED
2253,0.003179986262694001,5.2119025895080995e-06,0.2223694920539856,-0.4777493476867676,2.6059512947540497e-06,0.1111847460269928,-0.2388746738433838,-0.12450733780860901,32,False,UNAVAILABLE,DISABLED,DISABLED,DISABLED,UNAVAILABLE,DISABLED
2254,0.02277621254324913,4.435809387359768e-06,0.1707974076271057,-0.41275811195373535,2.217904693679884e-06,0.08539870381355286,-0.20637905597686768,-0.0982019230723381,32,False,UNAVAILABLE,DISABLED,DISABLED,DISABLED,UNAVAILABLE,DISABLED
2255,0.0023984445724636316,6.735614988429006e-06,0.2172277569770813,-0.40808773040771484,3.367807494214503e-06,0.10861387848854065,-0.20404386520385742,-0.09302817285060883,32,False,UNAVAILABLE,DISABLED,DISABLED,DISABLED,UNAVAILABLE,DISABLED
2256,0.004576799459755421,6.23399455434992e-06,0.2239675521850586,-0.42633843421936035,3.11699727717496e-06,0.1119837760925293,-0.21316921710968018,-0.09660552442073822,32,False,UNAVAILABLE,DISABLED,DISABLED,DISABLED,UNAVAILABLE,DISABLED
2257,0.002315564313903451,4.63281912743696e-06,0.17424535751342773,-0.4236326217651367,2.31640956371848e-06,0.08712267875671387,-0.21181631088256836,-0.12237574905157089,32,False,UNAVAILABLE,DISABLED,DISABLED,DISABLED,UNAVAILABLE,DISABLED
2258,0.00296199438162148,4.393305516714463e-06,0.16272109746932983,-0.420865535736084,2.1966527583572315e-06,0.08136054873466492,-0.210432767868042,-0.12610802054405212,32,False,UNAVAILABLE,DISABLED,DISABLED,DISABLED,UNAVAILABLE,DISABLED
2259,0.004157861229032278,5.1579349928942975e-06,0.11101424694061279,-0.3432784080505371,2.5789674964471487e-06,0.055507123470306396,-0.17163920402526855,-0.11197163909673691,32,False,UNAVAILABLE,DISABLED,DISABLED,DISABLED,UNAVAILABLE,DISABLED
2260,0.0035496652126312256,2.8457500320655527e-06,0.10670149326324463,-0.3445858955383301,1.4228750160327763e-06,0.053350746631622314,-0.17229294776916504,-0.11539111286401749,32,False,UNAVAILABLE,DISABLED,DISABLED,DISABLED,UNAVAILABLE,DISABLED
2261,0.002722717821598053,4.638592145056464e-06,0.11218029260635376,-0.30037784576416016,2.319296072528232e-06,0.05609014630317688,-0.15018892288208008,-0.0913737416267395,32,False,UNAVAILABLE,DISABLED,DISABLED,DISABLED,UNAVAILABLE,DISABLED
2262,0.002618497936055064,6.7028058765572496e-06,0.18818777799606323,-0.431760311126709,3.3514029382786248e-06,0.09409388899803162,-0.2158801555633545,-0.11916441470384598,32,False,UNAVAILABLE,DISABLED,DISABLED,DISABLED,UNAVAILABLE,DISABLED
2263,0.003830131608992815,7.924157216621097e-06,0.2239711880683899,-0.4538707733154297,3.962078608310549e-06,0.11198559403419495,-0.22693538665771484,-0.1111157014966011,32,False,UNAVAILABLE,DISABLED,DISABLED,DISABLED,UNAVAILABLE,DISABLED
2264,0.005453151650726795,5.65727577850339e-06,0.1755990982055664,-0.4029531478881836,2.828637889251695e-06,0.0877995491027832,-0.2014765739440918,-0.10822104662656784,32,False,UNAVAILABLE,DISABLED,DISABLED,DISABLED,UNAVAILABLE,DISABLED
2265,0.007693455088883638,6.012619451212231e-06,0.16527175903320312,-0.3985097408294678,3.0063097256061155e-06,0.08263587951660156,-0.1992548704147339,-0.10892252624034882,32,False,UNAVAILABLE,DISABLED,DISABLED,DISABLED,UNAVAILABLE,DISABLED
2266,0.011433135718107224,5.9188892009842675e-06,0.22554421424865723,-0.4191453456878662,2.9594446004921338e-06,0.11277210712432861,-0.2095726728439331,-0.08536446839570999,32,False,UNAVAILABLE,DISABLED,DISABLED,DISABLED,UNAVAILABLE,DISABLED
2267,0.0028852338436990976,6.691650469292654e-06,0.15204864740371704,-0.36579465866088867,3.345825234646327e-06,0.07602432370185852,-0.18289732933044434,-0.10398442298173904,32,False,UNAVAILABLE,DISABLED,DISABLED,DISABLED,UNAVAILABLE,DISABLED
2268,0.0037175449542701244,4.203252501611132e-06,0.1657833456993103,-0.4322347640991211,2.101626250805566e-06,0.08289167284965515,-0.21611738204956055,-0.12950606644153595,32,False,UNAVAILABLE,DISABLED,DISABLED,DISABLED,UNAVAILABLE,DISABLED
2269,0.002368345856666565,4.099674697499722e-06,0.2003251314163208,-0.4316833019256592,2.049837348749861e-06,0.1001625657081604,-0.2158416509628296,-0.11330869048833847,32,False,UNAVAILABLE,DISABLED,DISABLED,DISABLED,UNAVAILABLE,DISABLED
2270,0.00356505298987031,4.284737769921776e-06,0.1736012101173401,-0.4416232109069824,2.142368884960888e-06,0.08680060505867004,-0.2208116054534912,-0.13044381141662598,32,False,UNAVAILABLE,DISABLED,DISABLED,DISABLED,UNAVAILABLE,DISABLED
2271,0.0033233105204999447,4.226889359415509e-06,0.1996290683746338,-0.44451904296875,2.1134446797077544e-06,0.0998145341873169,-0.222259521484375,-0.1191195622086525,32,False,UNAVAILABLE,DISABLED,DISABLED,DISABLED,UNAVAILABLE,DISABLED
2272,0.008728030137717724,7.251012448250549e-06,0.2832580804824829,-0.504288911819458,3.6255062241252745e-06,0.14162904024124146,-0.252144455909729,-0.10178375244140625,32,False,UNAVAILABLE,DISABLED,DISABLED,DISABLED,UNAVAILABLE,DISABLED
2273,0.003962868824601173,3.4514328035584185e-06,0.1801968812942505,-0.42995691299438477,1.7257164017792093e-06,0.09009844064712524,-0.21497845649719238,-0.12091542035341263,32,False,UNAVAILABLE,DISABLED,DISABLED,DISABLED,UNAVAILABLE,DISABLED
2274,0.0052561634220182896,5.1650486057042144e-06,0.2075456976890564,-0.4781169891357422,2.5825243028521072e-06,0.1037728488445282,-0.2390584945678711,-0.1300269067287445,32,False,UNAVAILABLE,DISABLED,DISABLED,DISABLED,UNAVAILABLE,DISABLED
2275,0.0031090006232261658,3.6731507861986756e-06,0.15271782875061035,-0.4108850955963135,1.8365753930993378e-06,0.07635891437530518,-0.20544254779815674,-0.12597279250621796,32,False,UNAVAILABLE,DISABLED,DISABLED,DISABLED,UNAVAILABLE,DISABLED
2276,0.004930899944156408,4.6739364734094124e-06,0.1834462285041809,-0.45807862281799316,2.3369682367047062e-06,0.09172311425209045,-0.22903931140899658,-0.13238295912742615,32,False,UNAVAILABLE,DISABLED,DISABLED,DISABLED,UNAVAILABLE,DISABLED
2277,0.0028113785665482283,6.326376478682505e-06,0.20263463258743286,-0.46555542945861816,3.1631882393412525e-06,0.10131731629371643,-0.23277771472930908,-0.1286458671092987,32,False,UNAVAILABLE,DISABLED,DISABLED,DISABLED,UNAVAILABLE,DISABLED
2278,0.0028961130883544683,6.551425485668005e-06,0.19103741645812988,-0.4584498405456543,3.2757127428340027e-06,0.09551870822906494,-0.22922492027282715,-0.1308068335056305,32,False,UNAVAILABLE,DISABLED,DISABLED,DISABLED,UNAVAILABLE,DISABLED
2279,0.0029546250589191914,9.356577720609494e-06,0.2274169921875,-0.4255056381225586,4.678288860304747e-06,0.11370849609375,-0.2127528190612793,-0.09608501940965652,32,False,UNAVAILABLE,DISABLED,DISABLED,DISABLED,UNAVAILABLE,DISABLED
2280,0.004667816683650017,3.957567059842404e-06,0.1550201177597046,-0.40522313117980957,1.978783529921202e-06,0.0775100588798523,-0.20261156558990479,-0.12043171375989914,32,False,UNAVAILABLE,DISABLED,DISABLED,DISABLED,UNAVAILABLE,DISABLED
2281,0.0021601407788693905,6.279646186158061e-06,0.22361040115356445,-0.3992915153503418,3.1398230930790305e-06,0.11180520057678223,-0.1996457576751709,-0.08567727357149124,32,False,UNAVAILABLE,DISABLED,DISABLED,DISABLED,UNAVAILABLE,DISABLED
2282,0.0036857316736131907,3.9431897675967775e-06,0.1854557991027832,-0.45693373680114746,1.9715948837983888e-06,0.0927278995513916,-0.22846686840057373,-0.1320512592792511,32,False,UNAVAILABLE,DISABLED,DISABLED,DISABLED,UNAVAILABLE,DISABLED
2283,0.0039615207351744175,3.72204362975026e-06,0.18738162517547607,-0.4583601951599121,1.86102181487513e-06,0.09369081258773804,-0.22918009757995605,-0.1315259039402008,32,False,UNAVAILABLE,DISABLED,DISABLED,DISABLED,UNAVAILABLE,DISABLED
2284,0.004244116134941578,4.504822300077649e-06,0.21252506971359253,-0.4743533134460449,2.2524111500388244e-06,0.10626253485679626,-0.23717665672302246,-0.12666775286197662,32,False,UNAVAILABLE,DISABLED,DISABLED,DISABLED,UNAVAILABLE,DISABLED
2285,0.0040811812505126,7.016464223852381e-06,0.25811612606048584,-0.533390998840332,3.5082321119261906e-06,0.12905806303024292,-0.266695499420166,-0.13355274498462677,32,False,UNAVAILABLE,DISABLED,DISABLED,DISABLED,UNAVAILABLE,DISABLED
2286,0.003192419186234474,4.5435831452778075e-06,0.16526567935943604,-0.4333465099334717,2.2717915726389037e-06,0.08263283967971802,-0.21667325496673584,-0.13084572553634644,32,False,UNAVAILABLE,DISABLED,DISABLED,DISABLED,UNAVAILABLE,DISABLED
2287,0.004357727710157633,5.713900009141071e-06,0.21736019849777222,-0.47547173500061035,2.8569500045705354e-06,0.10868009924888611,-0.23773586750030518,-0.12469518184661865,32,False,UNAVAILABLE,DISABLED,DISABLED,DISABLED,UNAVAILABLE,DISABLED
2288,0.009761402383446693,5.594488811766496e-06,0.23115962743759155,-0.4991791248321533,2.797244405883248e-06,0.11557981371879578,-0.24958956241607666,-0.1242455542087555,32,False,UNAVAILABLE,DISABLED,DISABLED,DISABLED,UNAVAILABLE,DISABLED
2289,0.003772239899262786,4.3694999476429075e-06,0.21910357475280762,-0.49299049377441406,2.1847499738214538e-06,0.10955178737640381,-0.24649524688720703,-0.133169025182724,32,False,UNAVAILABLE,DISABLED,DISABLED,DISABLED,UNAVAILABLE,DISABLED
2290,0.00440522376447916,4.351277766545536e-06,0.15960770845413208,-0.42607569694519043,2.175638883272768e-06,0.07980385422706604,-0.21303784847259521,-0.1288265883922577,32,False,UNAVAILABLE,DISABLED,DISABLED,DISABLED,UNAVAILABLE,DISABLED
2291,0.0018296509515494108,4.605533831636421e-06,0.19251537322998047,-0.44838380813598633,2.3027669158182107e-06,0.09625768661499023,-0.22419190406799316,-0.1261022686958313,32,False,UNAVAILABLE,DISABLED,DISABLED,DISABLED,UNAVAILABLE,DISABLED
2292,0.003431389108300209,4.203762273391476e-06,0.17798030376434326,-0.43923115730285645,2.101881136695738e-06,0.08899015188217163,-0.21961557865142822,-0.1271919310092926,32,False,UNAVAILABLE,DISABLED,DISABLED,DISABLED,UNAVAILABLE,DISABLED
2293,0.0034534484148025513,5.760740350524429e-06,0.1989343762397766,-0.45824694633483887,2.8803701752622146e-06,0.0994671881198883,-0.22912347316741943,-0.12619996070861816,32,False,UNAVAILABLE,DISABLED,DISABLED,DISABLED,UNAVAILABLE,DISABLED
2294,0.003418509615585208,3.5219197798141977e-06,0.14902067184448242,-0.4109015464782715,1.7609598899070988e-06,0.07451033592224121,-0.20545077323913574,-0.12752017378807068,32,False,UNAVAILABLE,DISABLED,DISABLED,DISABLED,UNAVAILABLE,DISABLED
2295,0.003419623477384448,4.490601440920727e-06,0.1949462890625,-0.4492189884185791,2.2453007204603637e-06,0.09747314453125,-0.22460949420928955,-0.12371448427438736,32,False,UNAVAILABLE,DISABLED,DISABLED,DISABLED,UNAVAILABLE,DISABLED
2296,0.002892324235290289,3.95249662688002e-06,0.1546221375465393,-0.4107673168182373,1.97624831344001e-06,0.07731106877326965,-0.20538365840911865,-0.1251782923936844,32,False,UNAVAILABLE,DISABLED,DISABLED,DISABLED,UNAVAILABLE,DISABLED
2297,0.00406288169324398,4.977439857611898e-06,0.18816077709197998,-0.46715497970581055,2.488719928805949e-06,0.09408038854598999,-0.23357748985290527,-0.13543173670768738,32,False,UNAVAILABLE,DISABLED,DISABLED,DISABLED,UNAVAILABLE,DISABLED
2298,0.0034285844303667545,5.165860329725547e-06,0.1646328568458557,-0.4007716178894043,2.5829301648627734e-06,0.08231642842292786,-0.20038580894470215,-0.11463820934295654,32,False,UNAVAILABLE,DISABLED,DISABLED,DISABLED,UNAVAILABLE,DISABLED
2299,0.003479344304651022,6.644450422754744e-06,0.24722588062286377,-0.49926114082336426,3.322225211377372e-06,0.12361294031143188,-0.24963057041168213,-0.12253496050834656,32,False,UNAVAILABLE,DISABLED,DISABLED,DISABLED,UNAVAILABLE,DISABLED
2300,0.0018116364954039454,7.126709988369839e-06,0.19532978534698486,-0.43103933334350586,3.5633549941849196e-06,0.09766489267349243,-0.21551966667175293,-0.11603957414627075,32,False,UNAVAILABLE,DISABLED,DISABLED,DISABLED,UNAVAILABLE,DISABLED
2301,0.003932373598217964,3.0633827918791212e-06,0.13924193382263184,-0.3971874713897705,1.5316913959395606e-06,0.06962096691131592,-0.19859373569488525,-0.12503886222839355,32,False,UNAVAILABLE,DISABLED,DISABLED,DISABLED,UNAVAILABLE,DISABLED
2302,0.0022210031747817993,7.255857326526893e-06,0.18827015161514282,-0.4261741638183594,3.6279286632634467e-06,0.09413507580757141,-0.2130870819091797,-0.11672737449407578,32,False,UNAVAILABLE,DISABLED,DISABLED,DISABLED,UNAVAILABLE,DISABLED
2303,0.0030249820556491613,4.711452675110195e-06,0.16314303874969482,-0.4377744197845459,2.3557263375550974e-06,0.08157151937484741,-0.21888720989227295,-0.13428835570812225,32,False,UNAVAILABLE,DISABLED,DISABLED,DISABLED,UNAVAILABLE,DISABLED
2304,0.0034324037842452526,5.75618560105795e-06,0.21614527702331543,-0.5126807689666748,2.878092800528975e-06,0.10807263851165771,-0.2563403844833374,-0.14483246207237244,32,False,UNAVAILABLE,DISABLED,DISABLED,DISABLED,UNAVAILABLE,DISABLED
2305,0.00221176422201097,5.890586180612445e-06,0.21248334646224976,-0.43457770347595215,2.9452930903062224e-06,0.10624167323112488,-0.21728885173797607,-0.1088324710726738,32,False,UNAVAILABLE,DISABLED,DISABLED,DISABLED,UNAVAILABLE,DISABLED
2306,0.0038746437057852745,4.839862867811462e-06,0.19791173934936523,-0.4648621082305908,2.419931433905731e-06,0.09895586967468262,-0.2324310541152954,-0.12959811091423035,32,False,UNAVAILABLE,DISABLED,DISABLED,DISABLED,UNAVAILABLE,DISABLED
2307,0.0029723357874900103,7.237402769533219e-06,0.27712559700012207,-0.49742674827575684,3.6187013847666094e-06,0.13856279850006104,-0.24871337413787842,-0.10717462003231049,32,False,UNAVAILABLE,DISABLED,DISABLED,DISABLED,UNAVAILABLE,DISABLED
2308,0.0038537653163075447,5.067900929134339e-06,0.16808581352233887,-0.41204333305358887,2.5339504645671695e-06,0.08404290676116943,-0.20602166652679443,-0.11812245845794678,32,False,UNAVAILABLE,DISABLED,DISABLED,DISABLED,UNAVAILABLE,DISABLED
2309,0.003134351223707199,4.57267105957726e-06,0.19893217086791992,-0.462069034576416,2.28633552978863e-06,0.09946608543395996,-0.231034517288208,-0.1284317970275879,32,False,UNAVAILABLE,DISABLED,DISABLED,DISABLED,UNAVAILABLE,DISABLED
2310,0.003705751383677125,4.636844096239656e-06,0.17754405736923218,-0.4608898162841797,2.318422048119828e-06,0.08877202868461609,-0.23044490814208984,-0.13796481490135193,32,False,UNAVAILABLE,DISABLED,DISABLED,DISABLED,UNAVAILABLE,DISABLED
2311,0.002675960073247552,4.3277404984110035e-06,0.17207908630371094,-0.431368350982666,2.1638702492055018e-06,0.08603954315185547,-0.215684175491333,-0.12696650624275208,32,False,UNAVAILABLE,DISABLED,DISABLED,DISABLED,UNAVAILABLE,DISABLED
2312,0.003965603653341532,3.961861693824176e-06,0.1364925503730774,-0.3944692611694336,1.980930846912088e-06,0.0682462751865387,-0.1972346305847168,-0.12502077221870422,32,False,UNAVAILABLE,DISABLED,DISABLED,DISABLED,UNAVAILABLE,DISABLED
2313,0.005339203868061304,4.211654868413461e-06,0.1777174472808838,-0.4582810401916504,2.1058274342067307e-06,0.0888587236404419,-0.2291405200958252,-0.1349404901266098,32,False,UNAVAILABLE,DISABLED,DISABLED,DISABLED,UNAVAILABLE,DISABLED
2314,0.003553383983671665,4.050886673212517e-06,0.20655453205108643,-0.4638686180114746,2.0254433366062585e-06,0.10327726602554321,-0.2319343090057373,-0.12510162591934204,32,False,UNAVAILABLE,DISABLED,DISABLED,DISABLED,UNAVAILABLE,DISABLED
2315,0.0022406342905014753,6.164289061416639e-06,0.23267614841461182,-0.49407362937927246,3.0821445307083195e-06,0.11633807420730591,-0.24703681468963623,-0.1284550130367279,32,False,UNAVAILABLE,DISABLED,DISABLED,DISABLED,UNAVAILABLE,DISABLED
2316,0.003064874093979597,5.8771456679096445e-06,0.22203212976455688,-0.4650003910064697,2.9385728339548223e-06,0.11101606488227844,-0.23250019550323486,-0.11841631680727005,32,False,UNAVAILABLE,DISABLED,DISABLED,DISABLED,UNAVAILABLE,DISABLED
2317,0.002724649151787162,4.573887963488232e-06,0.15443742275238037,-0.39283180236816406,2.286943981744116e-06,0.07721871137619019,-0.19641590118408203,-0.11647025495767593,32,False,UNAVAILABLE,DISABLED,DISABLED,DISABLED,UNAVAILABLE,DISABLED
2318,0.003501590108498931,4.602721219271189e-06,0.2197226881980896,-0.4967663288116455,2.3013606096355943e-06,0.1098613440990448,-0.24838316440582275,-0.13501793146133423,32,False,UNAVAILABLE,DISABLED,DISABLED,DISABLED,UNAVAILABLE,DISABLED
2319,0.01068529486656189,4.650990376831032e-06,0.19785720109939575,-0.4366121292114258,2.325495188415516e-06,0.09892860054969788,-0.2183060646057129,-0.10868984460830688,32,False,UNAVAILABLE,DISABLED,DISABLED,DISABLED,UNAVAILABLE,DISABLED
2320,0.0021598241291940212,5.356485871743644e-06,0.20869457721710205,-0.4508650302886963,2.678242935871822e-06,0.10434728860855103,-0.22543251514434814,-0.11892272531986237,32,False,UNAVAILABLE,DISABLED,DISABLED,DISABLED,UNAVAILABLE,DISABLED
2321,0.0031788458582013845,5.915147994528525e-06,0.19833028316497803,-0.4216132164001465,2.9575739972642623e-06,0.09916514158248901,-0.21080660820007324,-0.10845966637134552,32,False,UNAVAILABLE,DISABLED,DISABLED,DISABLED,UNAVAILABLE,DISABLED
2322,0.004121352918446064,4.19102661908255e-06,0.16138041019439697,-0.4127492904663086,2.095513309541275e-06,0.08069020509719849,-0.2063746452331543,-0.12156099081039429,32,False,UNAVAILABLE,DISABLED,DISABLED,DISABLED,UNAVAILABLE,DISABLED
2323,0.0034697437658905983,3.758102138817776e-06,0.19156086444854736,-0.47406935691833496,1.879051069408888e-06,0.09578043222427368,-0.23703467845916748,-0.13778263330459595,32,False,UNAVAILABLE,DISABLED,DISABLED,DISABLED,UNAVAILABLE,DISABLED
2324,0.0032501269597560167,4.781052211910719e-06,0.1709626317024231,-0.4335293769836426,2.3905261059553595e-06,0.08548131585121155,-0.2167646884918213,-0.12803085148334503,32,False,UNAVAILABLE,DISABLED,DISABLED,DISABLED,UNAVAILABLE,DISABLED
2325,0.0035486514680087566,5.4952188293100335e-06,0.22530895471572876,-0.4937782287597656,2.7476094146550167e-06,0.11265447735786438,-0.2468891143798828,-0.13068324327468872,32,False,UNAVAILABLE,DISABLED,DISABLED,DISABLED,UNAVAILABLE,DISABLED
2326,0.002985845785588026,4.013689249404706e-06,0.19757521152496338,-0.47256922721862793,2.006844624702353e-06,0.09878760576248169,-0.23628461360931396,-0.1345091462135315,32,False,UNAVAILABLE,DISABLED,DISABLED,DISABLED,UNAVAILABLE,DISABLED
2327,0.0038109628949314356,5.344417786545819e-06,0.2663450241088867,-0.5324680805206299,2.6722088932729093e-06,0.13317251205444336,-0.26623404026031494,-0.12924788892269135,32,False,UNAVAILABLE,DISABLED,DISABLED,DISABLED,UNAVAILABLE,DISABLED
2328,0.0017734733410179615,6.9314337451942265e-06,0.16558611392974854,-0.39858126640319824,3.4657168725971133e-06,0.08279305696487427,-0.19929063320159912,-0.11472063511610031,32,False,UNAVAILABLE,DISABLED,DISABLED,DISABLED,UNAVAILABLE,DISABLED
2329,0.003634002758190036,3.986356205132324e-06,0.1852715015411377,-0.4581780433654785,1.993178102566162e-06,0.09263575077056885,-0.22908902168273926,-0.13281726837158203,32,False,UNAVAILABLE,DISABLED,DISABLED,DISABLED,UNAVAILABLE,DISABLED
2330,0.0026137062814086676,4.63841070086346e-06,0.17876750230789185,-0.4248697757720947,2.31920535043173e-06,0.08938375115394592,-0.21243488788604736,-0.12043511122465134,32,False,UNAVAILABLE,DISABLED,DISABLED,DISABLED,UNAVAILABLE,DISABLED
2331,0.0020949256140738726,4.03672447646386e-06,0.1435229778289795,-0.38685083389282227,2.01836223823193e-06,0.07176148891448975,-0.19342541694641113,-0.11956698447465897,32,False,UNAVAILABLE,DISABLED,DISABLED,DISABLED,UNAVAILABLE,DISABLED
2332,0.002641475759446621,4.618685579771409e-06,0.1935330629348755,-0.45510292053222656,2.3093427898857044e-06,0.09676653146743774,-0.22755146026611328,-0.1281411349773407,32,False,UNAVAILABLE,DISABLED,DISABLED,DISABLED,UNAVAILABLE,DISABLED
2333,0.0037098138127475977,5.5267805691983085e-06,0.22273069620132446,-0.45441317558288574,2.7633902845991543e-06,0.11136534810066223,-0.22720658779144287,-0.11212866008281708,32,False,UNAVAILABLE,DISABLED,DISABLED,DISABLED,UNAVAILABLE,DISABLED
2334,0.004190835170447826,5.742112989537418e-06,0.2095009684562683,-0.4067983627319336,2.871056494768709e-06,0.10475048422813416,-0.2033991813659668,-0.09445498883724213,32,False,UNAVAILABLE,DISABLED,DISABLED,DISABLED,UNAVAILABLE,DISABLED
2335,0.0026910537853837013,4.115963747608475e-06,0.19055259227752686,-0.46567249298095703,2.0579818738042377e-06,0.09527629613876343,-0.23283624649047852,-0.1348668336868286,32,False,UNAVAILABLE,DISABLED,DISABLED,DISABLED,UNAVAILABLE,DISABLED
2336,0.004854188766330481,4.810152404388646e-06,0.21341395378112793,-0.4650430679321289,2.405076202194323e-06,0.10670697689056396,-0.23252153396606445,-0.12095796316862106,32,False,UNAVAILABLE,DISABLED,DISABLED,DISABLED,UNAVAILABLE,DISABLED
2337,0.0019345063483342528,4.791769697476411e-06,0.18156969547271729,-0.4030606746673584,2.3958848487382056e-06,0.09078484773635864,-0.2015303373336792,-0.10880858451128006,32,False,UNAVAILABLE,DISABLED,DISABLED,DISABLED,UNAVAILABLE,DISABLED
2338,0.0041820332407951355,4.575430466502439e-06,0.22658580541610718,-0.5238528251647949,2.2877152332512196e-06,0.11329290270805359,-0.26192641258239746,-0.14444918930530548,32,False,UNAVAILABLE,DISABLED,DISABLED,DISABLED,UNAVAILABLE,DISABLED
2339,0.0033026565797626972,3.1482577469432727e-06,0.1770162582397461,-0.46006274223327637,1.5741288734716363e-06,0.08850812911987305,-0.23003137111663818,-0.13821901381015778,32,False,UNAVAILABLE,DISABLED,DISABLED,DISABLED,UNAVAILABLE,DISABLED
2340,0.0038620957639068365,5.230017450230662e-06,0.21508049964904785,-0.49120187759399414,2.615008725115331e-06,0.10754024982452393,-0.24560093879699707,-0.1341959834098816,32,False,UNAVAILABLE,DISABLED,DISABLED,DISABLED,UNAVAILABLE,DISABLED
2341,0.0029528215527534485,4.5072310967952944e-06,0.19323211908340454,-0.4693484306335449,2.2536155483976472e-06,0.09661605954170227,-0.23467421531677246,-0.13510307669639587,32,False,UNAVAILABLE,DISABLED,DISABLED,DISABLED,UNAVAILABLE,DISABLED
2342,0.005753460805863142,4.799355338036548e-06,0.17977088689804077,-0.44486260414123535,2.399677669018274e-06,0.08988544344902039,-0.22243130207061768,-0.12679000198841095,32,False,UNAVAILABLE,DISABLED,DISABLED,DISABLED,UNAVAILABLE,DISABLED
2343,0.004346794448792934,5.848835371580208e-06,0.23006755113601685,-0.504645824432373,2.924417685790104e-06,0.11503377556800842,-0.2523229122161865,-0.1329394280910492,32,False,UNAVAILABLE,DISABLED,DISABLED,DISABLED,UNAVAILABLE,DISABLED
2344,0.0027465978637337685,5.250697540759575e-06,0.21002638339996338,-0.4564547538757324,2.6253487703797873e-06,0.10501319169998169,-0.2282273769378662,-0.12046496570110321,32,False,UNAVAILABLE,DISABLED,DISABLED,DISABLED,UNAVAILABLE,DISABLED
2345,0.00412918534129858,6.853444574517198e-06,0.22842907905578613,-0.44472670555114746,3.426722287258599e-06,0.11421453952789307,-0.22236335277557373,-0.10401619970798492,32,False,UNAVAILABLE,DISABLED,DISABLED,DISABLED,UNAVAILABLE,DISABLED
2346,0.004131849389523268,6.088385362090776e-06,0.216869056224823,-0.5159087181091309,3.044192681045388e-06,0.1084345281124115,-0.25795435905456543,-0.14538493752479553,32,False,UNAVAILABLE,DISABLED,DISABLED,DISABLED,UNAVAILABLE,DISABLED
2347,0.001969684148207307,3.400037485334906e-06,0.24266958236694336,-0.47622060775756836,1.700018742667453e-06,0.12133479118347168,-0.23811030387878418,-0.11480412632226944,32,False,UNAVAILABLE,DISABLED,DISABLED,DISABLED,UNAVAILABLE,DISABLED
2348,0.002510393736883998,3.912349257007008e-06,0.21891570091247559,-0.47791171073913574,1.956174628503504e-06,0.10945785045623779,-0.23895585536956787,-0.12698565423488617,32,False,UNAVAILABLE,DISABLED,DISABLED,DISABLED,UNAVAILABLE,DISABLED
2349,0.004893151577562094,3.6730541523866123e-06,0.1595739722251892,-0.4313514232635498,1.8365270761933061e-06,0.0797869861125946,-0.2156757116317749,-0.13099373877048492,32,False,UNAVAILABLE,DISABLED,DISABLED,DISABLED,UNAVAILABLE,DISABLED
2350,0.005729932803660631,4.488335889618611e-06,0.2053256630897522,-0.49558544158935547,2.2441679448093055e-06,0.1026628315448761,-0.24779272079467773,-0.13939771056175232,32,False,UNAVAILABLE,DISABLED,DISABLED,DISABLED,UNAVAILABLE,DISABLED
2351,0.0032670898362994194,4.971769158146344e-06,0.20925796031951904,-0.4521644115447998,2.485884579073172e-06,0.10462898015975952,-0.2260822057723999,-0.11818365007638931,32,False,UNAVAILABLE,DISABLED,DISABLED,DISABLED,UNAVAILABLE,DISABLED
2352,0.01836114004254341,6.255488642636919e-06,0.2587679624557495,-0.5250606536865234,3.1277443213184597e-06,0.12938398122787476,-0.2625303268432617,-0.11478208005428314,32,False,UNAVAILABLE,DISABLED,DISABLED,DISABLED,UNAVAILABLE,DISABLED
2353,0.002600732957944274,4.002337391284527e-06,0.2107405662536621,-0.4581582546234131,2.0011686956422636e-06,0.10537028312683105,-0.22907912731170654,-0.1211061105132103,32,False,UNAVAILABLE,DISABLED,DISABLED,DISABLED,UNAVAILABLE,DISABLED
2354,0.0026809850241988897,5.57338125872775e-06,0.21617156267166138,-0.4626190662384033,2.786690629363875e-06,0.10808578133583069,-0.23130953311920166,-0.12053997814655304,32,False,UNAVAILABLE,DISABLED,DISABLED,DISABLED,UNAVAILABLE,DISABLED
2355,0.002730868523940444,4.2519518501649145e-06,0.18855804204940796,-0.4586167335510254,2.1259759250824573e-06,0.09427902102470398,-0.2293083667755127,-0.1322963535785675,32,False,UNAVAILABLE,DISABLED,DISABLED,DISABLED,UNAVAILABLE,DISABLED
2356,0.002739722840487957,7.0314267759385984e-06,0.21637237071990967,-0.4521608352661133,3.5157133879692992e-06,0.10818618535995483,-0.22608041763305664,-0.11515099555253983,32,False,UNAVAILABLE,DISABLED,DISABLED,DISABLED,UNAVAILABLE,DISABLED
2357,0.003079184563830495,5.5505483942397404e-06,0.2007705569267273,-0.4322545528411865,2.7752741971198702e-06,0.10038527846336365,-0.21612727642059326,-0.11266003549098969,32,False,UNAVAILABLE,DISABLED,DISABLED,DISABLED,UNAVAILABLE,DISABLED
2358,0.0038625062443315983,5.268604581942782e-06,0.25390321016311646,-0.5359306335449219,2.634302290971391e-06,0.12695160508155823,-0.26796531677246094,-0.13714857399463654,32,False,UNAVAILABLE,DISABLED,DISABLED,DISABLED,UNAVAILABLE,DISABLED
2359,0.0037590123247355223,4.006968993053306e-06,0.18706750869750977,-0.49861860275268555,2.003484496526653e-06,0.09353375434875488,-0.24930930137634277,-0.15201452374458313,32,False,UNAVAILABLE,DISABLED,DISABLED,DISABLED,UNAVAILABLE,DISABLED
2360,0.0020812933798879385,3.7522204365814105e-06,0.13745230436325073,-0.37644362449645996,1.8761102182907052e-06,0.06872615218162537,-0.18822181224822998,-0.1174124926328659,32,False,UNAVAILABLE,DISABLED,DISABLED,DISABLED,UNAVAILABLE,DISABLED
2361,0.27048617601394653,5.645719738822663e-06,0.18932759761810303,-0.46125268936157227,2.8228598694113316e-06,0.09466379880905151,-0.23062634468078613,0.13452646136283875,32,False,UNAVAILABLE,DISABLED,DISABLED,DISABLED,UNAVAILABLE,DISABLED
2362,0.003291413187980652,4.522737071965821e-06,0.16269761323928833,-0.4355792999267578,2.2613685359829105e-06,0.08134880661964417,-0.2177896499633789,-0.13314716517925262,32,False,UNAVAILABLE,DISABLED,DISABLED,DISABLED,UNAVAILABLE,DISABLED
2363,0.0022931809071451426,3.935957465728279e-06,0.17720180749893188,-0.41802310943603516,1.9679787328641396e-06,0.08860090374946594,-0.20901155471801758,-0.11811549961566925,32,False,UNAVAILABLE,DISABLED,DISABLED,DISABLED,UNAVAILABLE,DISABLED
2364,0.001859721029177308,5.564676939684432e-06,0.17313158512115479,-0.42342662811279297,2.782338469842216e-06,0.08656579256057739,-0.21171331405639648,-0.12328501790761948,32,False,UNAVAILABLE,DISABLED,DISABLED,DISABLED,UNAVAILABLE,DISABLED
2365,0.004613662604242563,6.369667062244844e-06,0.2205287218093872,-0.45462632179260254,3.184833531122422e-06,0.1102643609046936,-0.22731316089630127,-0.11243195086717606,32,False,UNAVAILABLE,DISABLED,DISABLED,DISABLED,UNAVAILABLE,DISABLED
2366,0.0021715471521019936,4.933483978675213e-06,0.19821882247924805,-0.45955634117126465,2.4667419893376064e-06,0.09910941123962402,-0.22977817058563232,-0.1284947395324707,32,False,UNAVAILABLE,DISABLED,DISABLED,DISABLED,UNAVAILABLE,DISABLED
2367,0.0035110318567603827,4.199426712148124e-06,0.2167973518371582,-0.4935171604156494,2.099713356074062e-06,0.1083986759185791,-0.2467585802078247,-0.1348467767238617,32,False,UNAVAILABLE,DISABLED,DISABLED,DISABLED,UNAVAILABLE,DISABLED
2368,0.0026302854530513287,4.235299002175452e-06,0.1624736189842224,-0.4666295051574707,2.117649501087726e-06,0.0812368094921112,-0.23331475257873535,-0.1494455337524414,32,False,UNAVAILABLE,DISABLED,DISABLED,DISABLED,UNAVAILABLE,DISABLED
2369,0.002705940045416355,3.6218461900716648e-06,0.1984473466873169,-0.46903514862060547,1.8109230950358324e-06,0.09922367334365845,-0.23451757431030273,-0.13258615136146545,32,False,UNAVAILABLE,DISABLED,DISABLED,DISABLED,UNAVAILABLE,DISABLED
2370,0.002405142644420266,6.321293312794296e-06,0.23120427131652832,-0.4731121063232422,3.160646656397148e-06,0.11560213565826416,-0.2365560531616211,-0.11854561418294907,32,False,UNAVAILABLE,DISABLED,DISABLED,DISABLED,UNAVAILABLE,DISABLED
2371,0.0027680478524416685,5.729564236389706e-06,0.20262867212295532,-0.4652671813964844,2.864782118194853e-06,0.10131433606147766,-0.2326335906982422,-0.12854833900928497,32,False,UNAVAILABLE,DISABLED,DISABLED,DISABLED,UNAVAILABLE,DISABLED
2372,0.004204919561743736,4.38870756624965e-06,0.18747961521148682,-0.43421411514282227,2.194353783124825e-06,0.09373980760574341,-0.21710705757141113,-0.11916013807058334,32,False,UNAVAILABLE,DISABLED,DISABLED,DISABLED,UNAVAILABLE,DISABLED
2373,0.004051888827234507,4.498313501244411e-06,0.20790278911590576,-0.4962797164916992,2.2491567506222054e-06,0.10395139455795288,-0.2481398582458496,-0.14013433456420898,32,False,UNAVAILABLE,DISABLED,DISABLED,DISABLED,UNAVAILABLE,DISABLED
2374,0.0034350461792200804,5.238377070782008e-06,0.22398126125335693,-0.5050508975982666,2.619188535391004e-06,0.11199063062667847,-0.2525254487991333,-0.13709715008735657,32,False,UNAVAILABLE,DISABLED,DISABLED,DISABLED,UNAVAILABLE,DISABLED
2375,0.007631075102835894,5.5101904763432685e-06,0.16480904817581177,-0.4234001636505127,2.7550952381716343e-06,0.08240452408790588,-0.21170008182525635,-0.1216617301106453,32,False,UNAVAILABLE,DISABLED,DISABLED,DISABLED,UNAVAILABLE,DISABLED
2376,0.2591783106327057,4.795076620212058e-06,0.20809412002563477,-0.46396470069885254,2.397538310106029e-06,0.10404706001281738,-0.23198235034942627,0.13124540448188782,32,False,UNAVAILABLE,DISABLED,DISABLED,DISABLED,UNAVAILABLE,DISABLED
2377,0.002814291510730982,3.424412398089771e-06,0.18690603971481323,-0.47185850143432617,1.7122061990448856e-06,0.09345301985740662,-0.23592925071716309,-0.13966022431850433,32,False,UNAVAILABLE,DISABLED,DISABLED,DISABLED,UNAVAILABLE,DISABLED
2378,0.2382843941450119,3.5224136354372604e-06,0.168185293674469,-0.43770837783813477,1.7612068177186302e-06,0.0840926468372345,-0.21885418891906738,0.10352462530136108,32,False,UNAVAILABLE,DISABLED,DISABLED,DISABLED,UNAVAILABLE,DISABLED
2379,0.0022923217620700598,5.949620117462473e-06,0.20066910982131958,-0.39726877212524414,2.9748100587312365e-06,0.10033455491065979,-0.19863438606262207,-0.09600453078746796,32,False,UNAVAILABLE,DISABLED,DISABLED,DISABLED,UNAVAILABLE,DISABLED
2380,0.0032445229589939117,5.166069058759604e-06,0.2117464542388916,-0.46048736572265625,2.583034529379802e-06,0.1058732271194458,-0.23024368286132812,-0.12112335115671158,32,False,UNAVAILABLE,DISABLED,DISABLED,DISABLED,UNAVAILABLE,DISABLED
2381,0.0020430670119822025,3.97402163798688e-06,0.2225738763809204,-0.4609203338623047,1.98701081899344e-06,0.1112869381904602,-0.23046016693115234,-0.11712817847728729,32,False,UNAVAILABLE,DISABLED,DISABLED,DISABLED,UNAVAILABLE,DISABLED
2382,0.0022711611818522215,5.303829766489798e-06,0.2080894112586975,-0.469728946685791,2.651914883244899e-06,0.10404470562934875,-0.2348644733428955,-0.12854595482349396,32,False,UNAVAILABLE,DISABLED,DISABLED,DISABLED,UNAVAILABLE,DISABLED
2383,0.0026973411440849304,5.968392088107066e-06,0.18753767013549805,-0.43559908866882324,2.984196044053533e-06,0.09376883506774902,-0.21779954433441162,-0.1213303804397583,32,False,UNAVAILABLE,DISABLED,DISABLED,DISABLED,UNAVAILABLE,DISABLED
2384,0.00360669638030231,5.145852355781244e-06,0.21970748901367188,-0.44114160537719727,2.572926177890622e-06,0.10985374450683594,-0.22057080268859863,-0.10710778832435608,32,False,UNAVAILABLE,DISABLED,DISABLED,DISABLED,UNAVAILABLE,DISABLED
2385,0.0033009143080562353,3.85165822081035e-06,0.2022293210029602,-0.4864630699157715,1.925829110405175e-06,0.1011146605014801,-0.24323153495788574,-0.1388140320777893,32,False,UNAVAILABLE,DISABLED,DISABLED,DISABLED,UNAVAILABLE,DISABLED
2386,0.003099429653957486,3.7559873362624785e-06,0.21161890029907227,-0.4741947650909424,1.8779936681312392e-06,0.10580945014953613,-0.2370973825454712,-0.12818662822246552,32,False,UNAVAILABLE,DISABLED,DISABLED,DISABLED,UNAVAILABLE,DISABLED
2387,0.0026727018412202597,3.5178079542674823e-06,0.19152092933654785,-0.4626448154449463,1.7589039771337411e-06,0.09576046466827393,-0.23132240772247314,-0.13288748264312744,32,False,UNAVAILABLE,DISABLED,DISABLED,DISABLED,UNAVAILABLE,DISABLED
2388,0.0020444144029170275,4.490794708544854e-06,0.228593647480011,-0.4819819927215576,2.245397354272427e-06,0.1142968237400055,-0.2409909963607788,-0.12464751303195953,32,False,UNAVAILABLE,DISABLED,DISABLED,DISABLED,UNAVAILABLE,DISABLED
2389,0.002224656753242016,6.678414138150401e-06,0.18498903512954712,-0.4218630790710449,3.3392070690752007e-06,0.09249451756477356,-0.21093153953552246,-0.11620902270078659,32,False,UNAVAILABLE,DISABLED,DISABLED,DISABLED,UNAVAILABLE,DISABLED
2390,0.002886510221287608,5.971324299025582e-06,0.2503659725189209,-0.5023562908172607,2.985662149512791e-06,0.12518298625946045,-0.25117814540863037,-0.12310566008090973,32,False,UNAVAILABLE,DISABLED,DISABLED,DISABLED,UNAVAILABLE,DISABLED
2391,0.009960638359189034,4.656296368921176e-06,0.2341817021369934,-0.4978525638580322,2.328148184460588e-06,0.1170908510684967,-0.2489262819290161,-0.12187246978282928,32,False,UNAVAILABLE,DISABLED,DISABLED,DISABLED,UNAVAILABLE,DISABLED
2392,0.002866238122805953,4.2963065425283276e-06,0.19437682628631592,-0.4603722095489502,2.1481532712641638e-06,0.09718841314315796,-0.2301861047744751,-0.13012930750846863,32,False,UNAVAILABLE,DISABLED,DISABLED,DISABLED,UNAVAILABLE,DISABLED
2393,0.004204925149679184,5.315871021593921e-06,0.147976815700531,-0.3998117446899414,2.6579355107969604e-06,0.0739884078502655,-0.1999058723449707,-0.12170988321304321,32,False,UNAVAILABLE,DISABLED,DISABLED,DISABLED,UNAVAILABLE,DISABLED
2394,0.004036023747175932,3.458974106251844e-06,0.18511581420898438,-0.4652690887451172,1.729487053125922e-06,0.09255790710449219,-0.2326345443725586,-0.1360388845205307,32,False,UNAVAILABLE,DISABLED,DISABLED,DISABLED,UNAVAILABLE,DISABLED
2395,0.0030325688421726227,3.789348284044536e-06,0.23442435264587402,-0.4952852725982666,1.894674142022268e-06,0.11721217632293701,-0.2476426362991333,-0.12739598751068115,32,False,UNAVAILABLE,DISABLED,DISABLED,DISABLED,UNAVAILABLE,DISABLED
2396,0.004904673434793949,5.242161478236085e-06,0.20255732536315918,-0.47006964683532715,2.6210807391180424e-06,0.10127866268157959,-0.23503482341766357,-0.1288488656282425,32,False,UNAVAILABLE,DISABLED,DISABLED,DISABLED,UNAVAILABLE,DISABLED
2397,0.0031913435086607933,7.971583727339748e-06,0.29496514797210693,-0.5426855087280273,3.985791863669874e-06,0.14748257398605347,-0.27134275436401367,-0.12066484987735748,32,False,UNAVAILABLE,DISABLED,DISABLED,DISABLED,UNAVAILABLE,DISABLED
2398,0.0034512639977037907,5.296825747791445e-06,0.23388540744781494,-0.5079615116119385,2.6484128738957224e-06,0.11694270372390747,-0.25398075580596924,-0.1335841417312622,32,False,UNAVAILABLE,DISABLED,DISABLED,DISABLED,UNAVAILABLE,DISABLED
2399,0.004033179488033056,6.153038157208357e-06,0.24425184726715088,-0.5227756500244141,3.0765190786041785e-06,0.12212592363357544,-0.26138782501220703,-0.13522563874721527,32,False,UNAVAILABLE,DISABLED,DISABLED,DISABLED,UNAVAILABLE,DISABLED
2400,0.007663766387850046,5.099847840028815e-06,0.2145729660987854,-0.4853842258453369,2.5499239200144075e-06,0.1072864830493927,-0.24269211292266846,-0.1277393102645874,32,False,UNAVAILABLE,DISABLED,DISABLED,DISABLED,UNAVAILABLE,DISABLED
2401,0.003942650277167559,5.987993517919676e-06,0.1984637975692749,-0.4779524803161621,2.993996758959838e-06,0.09923189878463745,-0.23897624015808105,-0.13579869270324707,32,False,UNAVAILABLE,DISABLED,DISABLED,DISABLED,UNAVAILABLE,DISABLED
2402,0.01642897166311741,3.841139914584346e-06,0.20872282981872559,-0.4787304401397705,1.920569957292173e-06,0.10436141490936279,-0.23936522006988525,-0.1185729131102562,32,False,UNAVAILABLE,DISABLED,DISABLED,DISABLED,UNAVAILABLE,DISABLED
2403,0.0031225704587996006,3.776598987315083e-06,0.2323242425918579,-0.48253417015075684,1.8882994936575415e-06,0.11616212129592896,-0.24126708507537842,-0.12198050320148468,32,False,UNAVAILABLE,DISABLED,DISABLED,DISABLED,UNAVAILABLE,DISABLED
2404,0.00440899608656764,4.32553815699066e-06,0.1869744062423706,-0.46697282791137695,2.16276907849533e-06,0.0934872031211853,-0.23348641395568848,-0.13558804988861084,32,False,UNAVAILABLE,DISABLED,DISABLED,DISABLED,UNAVAILABLE,DISABLED
2405,0.007258621510118246,3.6383007682161406e-06,0.18465793132781982,-0.4739675521850586,1.8191503841080703e-06,0.09232896566390991,-0.2369837760925293,-0.13739436864852905,32,False,UNAVAILABLE,DISABLED,DISABLED,DISABLED,UNAVAILABLE,DISABLED
2406,0.003119551809504628,5.483894710778259e-06,0.2289590835571289,-0.412883996963501,2.7419473553891294e-06,0.11447954177856445,-0.2064419984817505,-0.08884016424417496,32,False,UNAVAILABLE,DISABLED,DISABLED,DISABLED,UNAVAILABLE,DISABLED
2407,0.004402363207191229,4.2902547647827305e-06,0.2141912579536438,-0.5091526508331299,2.1451273823913652e-06,0.1070956289768219,-0.25457632541656494,-0.14307618141174316,32,False,UNAVAILABLE,DISABLED,DISABLED,DISABLED,UNAVAILABLE,DISABLED
2408,0.008470543660223484,3.927365924027981e-06,0.18511420488357544,-0.46074795722961426,1.9636829620139906e-06,0.09255710244178772,-0.23037397861480713,-0.1293443739414215,32,False,UNAVAILABLE,DISABLED,DISABLED,DISABLED,UNAVAILABLE,DISABLED
2409,0.0023212202358990908,4.115448973607272e-06,0.18038445711135864,-0.43923401832580566,2.057724486803636e-06,0.09019222855567932,-0.21961700916290283,-0.12710151076316833,32,False,UNAVAILABLE,DISABLED,DISABLED,DISABLED,UNAVAILABLE,DISABLED
2410,0.0034670832101255655,3.5209511679568095e-06,0.16827118396759033,-0.4478282928466797,1.7604755839784048e-06,0.08413559198379517,-0.22391414642333984,-0.13630971312522888,32,False,UNAVAILABLE,DISABLED,DISABLED,DISABLED,UNAVAILABLE,DISABLED
2411,0.00501862820237875,4.701646503235679e-06,0.19852209091186523,-0.47666144371032715,2.3508232516178396e-06,0.09926104545593262,-0.23833072185516357,-0.1340487003326416,32,False,UNAVAILABLE,DISABLED,DISABLED,DISABLED,UNAVAILABLE,DISABLED
2412,0.0036421779077500105,6.0762899920518976e-06,0.22765684127807617,-0.49843788146972656,3.0381449960259488e-06,0.11382842063903809,-0.24921894073486328,-0.13174530863761902,32,False,UNAVAILABLE,DISABLED,DISABLED,DISABLED,UNAVAILABLE,DISABLED
2413,0.003970968537032604,3.7439265270222677e-06,0.17668235301971436,-0.48230981826782227,1.8719632635111338e-06,0.08834117650985718,-0.24115490913391113,-0.14884088933467865,32,False,UNAVAILABLE,DISABLED,DISABLED,DISABLED,UNAVAILABLE,DISABLED
2414,0.002145739272236824,3.7406452975119464e-06,0.2135707139968872,-0.5217392444610596,1.8703226487559732e-06,0.1067853569984436,-0.2608696222305298,-0.15193665027618408,32,False,UNAVAILABLE,DISABLED,DISABLED,DISABLED,UNAVAILABLE,DISABLED
2415,0.00306025892496109,2.866459681172273e-06,0.13308119773864746,-0.38930177688598633,1.4332298405861366e-06,0.06654059886932373,-0.19465088844299316,-0.12504860758781433,32,False,UNAVAILABLE,DISABLED,DISABLED,DISABLED,UNAVAILABLE,DISABLED
2416,0.2266322672367096,6.077289981476497e-06,0.15037333965301514,-0.41423559188842773,3.0386449907382485e-06,0.07518666982650757,-0.20711779594421387,0.09470418095588684,32,False,UNAVAILABLE,DISABLED,DISABLED,DISABLED,UNAVAILABLE,DISABLED
2417,0.004856750834733248,4.0802119656291325e-06,0.22140955924987793,-0.4967942237854004,2.0401059828145662e-06,0.11070477962493896,-0.2483971118927002,-0.1328335404396057,32,False,UNAVAILABLE,DISABLED,DISABLED,DISABLED,UNAVAILABLE,DISABLED
2418,0.0020589884370565414,4.2434007809788454e-06,0.17513656616210938,-0.4337172508239746,2.1217003904894227e-06,0.08756828308105469,-0.2168586254119873,-0.1272292286157608,32,False,UNAVAILABLE,DISABLED,DISABLED,DISABLED,UNAVAILABLE,DISABLED
2419,0.002018500352278352,3.4443044114595978e-06,0.1943359375,-0.448275089263916,1.7221522057297989e-06,0.09716796875,-0.224137544631958,-0.12494935095310211,32,False,UNAVAILABLE,DISABLED,DISABLED,DISABLED,UNAVAILABLE,DISABLED
2420,0.0030546567868441343,4.717607225757092e-06,0.2209322452545166,-0.4832344055175781,2.358803612878546e-06,0.1104661226272583,-0.24161720275878906,-0.12809406220912933,32,False,UNAVAILABLE,DISABLED,DISABLED,DISABLED,UNAVAILABLE,DISABLED
2421,0.0027631523553282022,4.514169177127769e-06,0.2218596339225769,-0.5140361785888672,2.2570845885638846e-06,0.11092981696128845,-0.2570180892944336,-0.14332285523414612,32,False,UNAVAILABLE,DISABLED,DISABLED,DISABLED,UNAVAILABLE,DISABLED
2422,0.0026209813077002764,3.2664961508999113e-06,0.1403551697731018,-0.39243388175964355,1.6332480754499556e-06,0.0701775848865509,-0.19621694087982178,-0.12341674417257309,32,False,UNAVAILABLE,DISABLED,DISABLED,DISABLED,UNAVAILABLE,DISABLED
2423,0.0039388639852404594,4.336527581472183e-06,0.19197309017181396,-0.4720008373260498,2.1682637907360913e-06,0.09598654508590698,-0.2360004186630249,-0.13607284426689148,32,False,UNAVAILABLE,DISABLED,DISABLED,DISABLED,UNAVAILABLE,DISABLED
2424,0.006863475777208805,3.988317075709347e-06,0.18438714742660522,-0.44849205017089844,1.9941585378546733e-06,0.09219357371330261,-0.22424602508544922,-0.1251869797706604,32,False,UNAVAILABLE,DISABLED,DISABLED,DISABLED,UNAVAILABLE,DISABLED
2425,0.0027496579568833113,5.537960078072501e-06,0.252566933631897,-0.4621744155883789,2.7689800390362507e-06,0.1262834668159485,-0.23108720779418945,-0.10205131769180298,32,False,UNAVAILABLE,DISABLED,DISABLED,DISABLED,UNAVAILABLE,DISABLED
2426,0.003946938086301088,4.253318365954328e-06,0.16213804483413696,-0.4125640392303467,2.126659182977164e-06,0.08106902241706848,-0.20628201961517334,-0.12126393616199493,32,False,UNAVAILABLE,DISABLED,DISABLED,DISABLED,UNAVAILABLE,DISABLED
2427,0.003211659612134099,4.3411823753558565e-06,0.20780271291732788,-0.47455763816833496,2.1705911876779282e-06,0.10390135645866394,-0.23727881908416748,-0.13016363978385925,32,False,UNAVAILABLE,DISABLED,DISABLED,DISABLED,UNAVAILABLE,DISABLED
2428,0.18074443936347961,4.6561685849155765e-06,0.2197943925857544,-0.49700021743774414,2.3280842924577883e-06,0.1098971962928772,-0.24850010871887207,0.04214385151863098,32,False,UNAVAILABLE,DISABLED,DISABLED,DISABLED,UNAVAILABLE,DISABLED
2429,0.004031665623188019,4.5348715502768755e-06,0.1857197880744934,-0.44274258613586426,2.2674357751384377e-06,0.0928598940372467,-0.22137129306793213,-0.12447746843099594,32,False,UNAVAILABLE,DISABLED,DISABLED,DISABLED,UNAVAILABLE,DISABLED
2430,0.002819590037688613,3.257842308812542e-06,0.18574482202529907,-0.48229026794433594,1.628921154406271e-06,0.09287241101264954,-0.24114513397216797,-0.14545150101184845,32,False,UNAVAILABLE,DISABLED,DISABLED,DISABLED,UNAVAILABLE,DISABLED
2431,0.0033659834880381823,4.467564849619521e-06,0.2105480432510376,-0.4730033874511719,2.2337824248097604e-06,0.1052740216255188,-0.23650169372558594,-0.1278594583272934,32,False,UNAVAILABLE,DISABLED,DISABLED,DISABLED,UNAVAILABLE,DISABLED
2432,0.00286665721796453,6.223716354725184e-06,0.2725493907928467,-0.5076088905334473,3.111858177362592e-06,0.13627469539642334,-0.25380444526672363,-0.11465997993946075,32,False,UNAVAILABLE,DISABLED,DISABLED,DISABLED,UNAVAILABLE,DISABLED
2433,0.00726207485422492,4.124365659663454e-06,0.1661253571510315,-0.4282851219177246,2.062182829831727e-06,0.08306267857551575,-0.2141425609588623,-0.12381574511528015,32,False,UNAVAILABLE,DISABLED,DISABLED,DISABLED,UNAVAILABLE,DISABLED
2434,0.0030354189220815897,5.31526029590168e-06,0.22399985790252686,-0.4629802703857422,2.65763014795084e-06,0.11199992895126343,-0.2314901351928711,-0.11645212769508362,32,False,UNAVAILABLE,DISABLED,DISABLED,DISABLED,UNAVAILABLE,DISABLED
2435,0.0024856838863343,3.864862264890689e-06,0.16225796937942505,-0.4137308597564697,1.9324311324453447e-06,0.08112898468971252,-0.20686542987823486,-0.12324883043766022,32,False,UNAVAILABLE,DISABLED,DISABLED,DISABLED,UNAVAILABLE,DISABLED
2436,0.002637887839227915,4.3602917685348075e-06,0.2520020604133606,-0.5178732872009277,2.1801458842674037e-06,0.1260010302066803,-0.25893664360046387,-0.1302955448627472,32,False,UNAVAILABLE,DISABLED,DISABLED,DISABLED,UNAVAILABLE,DISABLED
2437,0.0037827221676707268,6.004191163810901e-06,0.27244341373443604,-0.5204808712005615,3.0020955819054507e-06,0.13622170686721802,-0.26024043560028076,-0.12023299932479858,32,False,UNAVAILABLE,DISABLED,DISABLED,DISABLED,UNAVAILABLE,DISABLED
2438,0.002225000411272049,3.972006652475102e-06,0.21169662475585938,-0.4843559265136719,1.986003326237551e-06,0.10584831237792969,-0.24217796325683594,-0.13410267233848572,32,False,UNAVAILABLE,DISABLED,DISABLED,DISABLED,UNAVAILABLE,DISABLED
2439,0.006568674463778734,3.849003860523226e-06,0.2464492917060852,-0.5453548431396484,1.924501930261613e-06,0.1232246458530426,-0.2726774215698242,-0.14288218319416046,32,False,UNAVAILABLE,DISABLED,DISABLED,DISABLED,UNAVAILABLE,DISABLED
2440,0.005056505557149649,4.087221441295696e-06,0.19382882118225098,-0.4445497989654541,2.043610720647848e-06,0.09691441059112549,-0.22227489948272705,-0.12030193954706192,32,False,UNAVAILABLE,DISABLED,DISABLED,DISABLED,UNAVAILABLE,DISABLED
2441,0.003174649551510811,4.681887276092311e-06,0.21252870559692383,-0.48502516746520996,2.3409436380461557e-06,0.10626435279846191,-0.24251258373260498,-0.13307124376296997,32,False,UNAVAILABLE,DISABLED,DISABLED,DISABLED,UNAVAILABLE,DISABLED
2442,0.005460567306727171,6.1907585404696874e-06,0.25406670570373535,-0.5270473957061768,3.0953792702348437e-06,0.12703335285186768,-0.2635236978530884,-0.13102668523788452,32,False,UNAVAILABLE,DISABLED,DISABLED,DISABLED,UNAVAILABLE,DISABLED
2443,0.0028418870642781258,5.042178145231446e-06,0.2230241298675537,-0.5069897174835205,2.521089072615723e-06,0.11151206493377686,-0.25349485874176025,-0.1391383856534958,32,False,UNAVAILABLE,DISABLED,DISABLED,DISABLED,UNAVAILABLE,DISABLED
2444,0.029143881052732468,3.3194635307154385e-06,0.16690653562545776,-0.4435238838195801,1.6597317653577193e-06,0.08345326781272888,-0.22176194190979004,-0.10916313529014587,32,False,UNAVAILABLE,DISABLED,DISABLED,DISABLED,UNAVAILABLE,DISABLED
2445,0.2183559387922287,4.283644557290245e-06,0.17406922578811646,-0.42060399055480957,2.1418222786451224e-06,0.08703461289405823,-0.21030199527740479,0.09509068727493286,32,False,UNAVAILABLE,DISABLED,DISABLED,DISABLED,UNAVAILABLE,DISABLED
2446,0.0019250118639320135,3.693410917549045e-06,0.19795143604278564,-0.4464261531829834,1.8467054587745224e-06,0.09897571802139282,-0.2232130765914917,-0.12231049686670303,32,False,UNAVAILABLE,DISABLED,DISABLED,DISABLED,UNAVAILABLE,DISABLED
2447,0.0031953828874975443,4.597775387082947e-06,0.17659342288970947,-0.42046141624450684,2.2988876935414737e-06,0.08829671144485474,-0.21023070812225342,-0.11873631179332733,32,False,UNAVAILABLE,DISABLED,DISABLED,DISABLED,UNAVAILABLE,DISABLED
2448,0.00481213815510273,3.466733915047371e-06,0.1977863907814026,-0.4439845085144043,1.7333669575236854e-06,0.0988931953907013,-0.22199225425720215,-0.11828518658876419,32,False,UNAVAILABLE,DISABLED,DISABLED,DISABLED,UNAVAILABLE,DISABLED
2449,0.0032898103818297386,3.8863108784426e-06,0.12568259239196777,-0.3801567554473877,1.9431554392213e-06,0.06284129619598389,-0.19007837772369385,-0.12394532561302185,32,False,UNAVAILABLE,DISABLED,DISABLED,DISABLED,UNAVAILABLE,DISABLED
2450,0.01024624053388834,3.363391215316369e-06,0.2087845802307129,-0.5037915706634521,1.6816956076581846e-06,0.10439229011535645,-0.2518957853317261,-0.13725557923316956,32,False,UNAVAILABLE,DISABLED,DISABLED,DISABLED,UNAVAILABLE,DISABLED
2451,0.004429491236805916,5.204828084970359e-06,0.22496157884597778,-0.4859499931335449,2.6024140424851794e-06,0.11248078942298889,-0.24297499656677246,-0.12606211006641388,32,False,UNAVAILABLE,DISABLED,DISABLED,DISABLED,UNAVAILABLE,DISABLED
2452,0.0036808978766202927,5.371705356083112e-06,0.22928977012634277,-0.5002820491790771,2.685852678041556e-06,0.11464488506317139,-0.2501410245895386,-0.13181255757808685,32,False,UNAVAILABLE,DISABLED,DISABLED,DISABLED,UNAVAILABLE,DISABLED
2453,0.0026684217154979706,7.078939688653918e-06,0.2434704303741455,-0.5026319026947021,3.539469844326959e-06,0.12173521518707275,-0.2513159513473511,-0.1269087791442871,32,False,UNAVAILABLE,DISABLED,DISABLED,DISABLED,UNAVAILABLE,DISABLED
2454,0.00406798766925931,4.295426151657011e-06,0.2022290825843811,-0.4555995464324951,2.1477130758285057e-06,0.10111454129219055,-0.22779977321624756,-0.12261509895324707,32,False,UNAVAILABLE,DISABLED,DISABLED,DISABLED,UNAVAILABLE,DISABLED
2455,0.0029984996654093266,3.8109819797682576e-06,0.18178820610046387,-0.45357561111450195,1.9054909898841288e-06,0.09089410305023193,-0.22678780555725098,-0.13289329409599304,32,False,UNAVAILABLE,DISABLED,DISABLED,DISABLED,UNAVAILABLE,DISABLED
2456,0.003969578072428703,6.014220161887351e-06,0.27109503746032715,-0.5425522327423096,3.0071100809436757e-06,0.13554751873016357,-0.2712761163711548,-0.1317560076713562,32,False,UNAVAILABLE,DISABLED,DISABLED,DISABLED,UNAVAILABLE,DISABLED
2457,0.003213337156921625,3.2701943837309955e-06,0.24311310052871704,-0.5294268131256104,1.6350971918654977e-06,0.12155655026435852,-0.2647134065628052,-0.13994188606739044,32,False,UNAVAILABLE,DISABLED,DISABLED,DISABLED,UNAVAILABLE,DISABLED
2458,0.0039044187869876623,6.037986622686731e-06,0.22708863019943237,-0.49483299255371094,3.0189933113433653e-06,0.11354431509971619,-0.24741649627685547,-0.12996473908424377,32,False,UNAVAILABLE,DISABLED,DISABLED,DISABLED,UNAVAILABLE,DISABLED
2459,0.00421926798298955,8.045743015827611e-06,0.27594929933547974,-0.42579078674316406,4.0228715079138055e-06,0.13797464966773987,-0.21289539337158203,-0.07069745659828186,32,False,UNAVAILABLE,DISABLED,DISABLED,DISABLED,UNAVAILABLE,DISABLED
2460,0.0020072406623512506,2.726542561504175e-06,0.16891378164291382,-0.4144148826599121,1.3632712807520875e-06,0.08445689082145691,-0.20720744132995605,-0.12074194848537445,32,False,UNAVAILABLE,DISABLED,DISABLED,DISABLED,UNAVAILABLE,DISABLED
2461,0.003813015064224601,4.201601768727414e-06,0.19152361154556274,-0.45435643196105957,2.100800884363707e-06,0.09576180577278137,-0.22717821598052979,-0.12760129570960999,32,False,UNAVAILABLE,DISABLED,DISABLED,DISABLED,UNAVAILABLE,DISABLED
2462,0.002250191755592823,6.1916434788145125e-06,0.29730355739593506,-0.5791726112365723,3.0958217394072562e-06,0.14865177869796753,-0.28958630561828613,-0.13868123292922974,32,False,UNAVAILABLE,DISABLED,DISABLED,DISABLED,UNAVAILABLE,DISABLED
2463,0.004269677214324474,5.0593398555065505e-06,0.1906118392944336,-0.44508910179138184,2.5296699277532753e-06,0.0953059196472168,-0.22254455089569092,-0.12296642363071442,32,False,UNAVAILABLE,DISABLED,DISABLED,DISABLED,UNAVAILABLE,DISABLED
2464,0.007469999138265848,3.4865936413552845e-06,0.16899985074996948,-0.42647886276245117,1.7432968206776422e-06,0.08449992537498474,-0.21323943138122559,-0.12126776576042175,32,False,UNAVAILABLE,DISABLED,DISABLED,DISABLED,UNAVAILABLE,DISABLED
2465,0.0018888497725129128,3.956286946049659e-06,0.18250703811645508,-0.45110440254211426,1.9781434730248293e-06,0.09125351905822754,-0.22555220127105713,-0.13240784406661987,32,False,UNAVAILABLE,DISABLED,DISABLED,DISABLED,UNAVAILABLE,DISABLED
2466,0.0027365530841052532,5.029747171647614e-06,0.27207493782043457,-0.5546770095825195,2.514873585823807e-06,0.13603746891021729,-0.27733850479125977,-0.13856196403503418,32,False,UNAVAILABLE,DISABLED,DISABLED,DISABLED,UNAVAILABLE,DISABLED
2467,0.004215841647237539,3.7669462926714914e-06,0.26406532526016235,-0.5226385593414307,1.8834731463357457e-06,0.13203266263008118,-0.26131927967071533,-0.12506888806819916,32,False,UNAVAILABLE,DISABLED,DISABLED,DISABLED,UNAVAILABLE,DISABLED
2468,0.0016040459740906954,4.4267717385082506e-06,0.14842623472213745,-0.4005591869354248,2.2133858692541253e-06,0.07421311736106873,-0.2002795934677124,-0.12446022033691406,32,False,UNAVAILABLE,DISABLED,DISABLED,DISABLED,UNAVAILABLE,DISABLED
2469,0.0026970808394253254,7.495505997212604e-06,0.246163010597229,-0.4711179733276367,3.747752998606302e-06,0.1230815052986145,-0.23555898666381836,-0.10977664589881897,32,False,UNAVAILABLE,DISABLED,DISABLED,DISABLED,UNAVAILABLE,DISABLED
2470,0.002671081805601716,4.894455742032733e-06,0.2088068127632141,-0.49240756034851074,2.4472278710163664e-06,0.10440340638160706,-0.24620378017425537,-0.13912683725357056,32,False,UNAVAILABLE,DISABLED,DISABLED,DISABLED,UNAVAILABLE,DISABLED
2471,0.003456977428868413,3.6821279536525253e-06,0.2045193910598755,-0.4870474338531494,1.8410639768262627e-06,0.10225969552993774,-0.2435237169265747,-0.13780519366264343,32,False,UNAVAILABLE,DISABLED,DISABLED,DISABLED,UNAVAILABLE,DISABLED
2472,0.0031428763177245855,2.851088993338635e-06,0.16097235679626465,-0.4331345558166504,1.4255444966693176e-06,0.08048617839813232,-0.2165672779083252,-0.13293680548667908,32,False,UNAVAILABLE,DISABLED,DISABLED,DISABLED,UNAVAILABLE,DISABLED
2473,0.0020465326961129904,4.800755050382577e-06,0.2433532476425171,-0.5427758693695068,2.4003775251912884e-06,0.12167662382125854,-0.2713879346847534,-0.14766237139701843,32,False,UNAVAILABLE,DISABLED,DISABLED,DISABLED,UNAVAILABLE,DISABLED
2474,0.002593469573184848,3.7801250982738566e-06,0.18351906538009644,-0.4484870433807373,1.8900625491369283e-06,0.09175953269004822,-0.22424352169036865,-0.1298886239528656,32,False,UNAVAILABLE,DISABLED,DISABLED,DISABLED,UNAVAILABLE,DISABLED
2475,0.012045231647789478,8.146816071530338e-06,0.16013360023498535,-0.3509392738342285,4.073408035765169e-06,0.08006680011749268,-0.17546963691711426,-0.08335353434085846,32,False,UNAVAILABLE,DISABLED,DISABLED,DISABLED,UNAVAILABLE,DISABLED
2476,0.003988068085163832,4.0148661355488e-06,0.19148540496826172,-0.42525410652160645,2.0074330677744e-06,0.09574270248413086,-0.21262705326080322,-0.11289427429437637,32,False,UNAVAILABLE,DISABLED,DISABLED,DISABLED,UNAVAILABLE,DISABLED
2477,0.0034072238486260176,4.374228865344776e-06,0.2237151861190796,-0.5104522705078125,2.187114432672388e-06,0.1118575930595398,-0.25522613525390625,-0.13995912671089172,32,False,UNAVAILABLE,DISABLED,DISABLED,DISABLED,UNAVAILABLE,DISABLED
2478,0.002660453086718917,5.442059318738757e-06,0.22878336906433105,-0.4882783889770508,2.7210296593693784e-06,0.11439168453216553,-0.2441391944885254,-0.12708434462547302,32,False,UNAVAILABLE,DISABLED,DISABLED,DISABLED,UNAVAILABLE,DISABLED
2479,0.003664699150249362,4.984366569260601e-06,0.261163592338562,-0.5619544982910156,2.4921832846303005e-06,0.130581796169281,-0.2809772491455078,-0.1467282623052597,32,False,UNAVAILABLE,DISABLED,DISABLED,DISABLED,UNAVAILABLE,DISABLED
2480,0.0030549527145922184,4.1668631638458464e-06,0.22353202104568481,-0.4777500629425049,2.0834315819229232e-06,0.11176601052284241,-0.23887503147125244,-0.12405198812484741,32,False,UNAVAILABLE,DISABLED,DISABLED,DISABLED,UNAVAILABLE,DISABLED
2481,0.003238640259951353,3.7542533846135484e-06,0.18100738525390625,-0.44949936866760254,1.8771266923067742e-06,0.09050369262695312,-0.22474968433380127,-0.13100546598434448,32,False,UNAVAILABLE,DISABLED,DISABLED,DISABLED,UNAVAILABLE,DISABLED
2482,0.002532586455345154,4.422264282766264e-06,0.20904803276062012,-0.4954848289489746,2.211132141383132e-06,0.10452401638031006,-0.2477424144744873,-0.1406835913658142,32,False,UNAVAILABLE,DISABLED,DISABLED,DISABLED,UNAVAILABLE,DISABLED
2483,0.003969001118093729,4.08350933867041e-06,0.20326441526412964,-0.4842071533203125,2.041754669335205e-06,0.10163220763206482,-0.24210357666015625,-0.13650032877922058,32,False,UNAVAILABLE,DISABLED,DISABLED,DISABLED,UNAVAILABLE,DISABLED
2484,0.0041006626561284065,4.202805484965211e-06,0.2575830817222595,-0.5215439796447754,2.1014027424826054e-06,0.12879154086112976,-0.2607719898223877,-0.12787768244743347,32,False,UNAVAILABLE,DISABLED,DISABLED,DISABLED,UNAVAILABLE,DISABLED
2485,0.005569908767938614,3.6432106753636617e-06,0.22858953475952148,-0.4751248359680176,1.8216053376818309e-06,0.11429476737976074,-0.2375624179840088,-0.11769592016935349,32,False,UNAVAILABLE,DISABLED,DISABLED,DISABLED,UNAVAILABLE,DISABLED
2486,0.006503158714622259,4.674527644965565e-06,0.18718552589416504,-0.4301621913909912,2.3372638224827824e-06,0.09359276294708252,-0.2150810956954956,-0.11498283594846725,32,False,UNAVAILABLE,DISABLED,DISABLED,DISABLED,UNAVAILABLE,DISABLED
2487,0.0025911061093211174,4.684950454247883e-06,0.20653373003005981,-0.4774439334869385,2.3424752271239413e-06,0.10326686501502991,-0.23872196674346924,-0.1328616440296173,32,False,UNAVAILABLE,DISABLED,DISABLED,DISABLED,UNAVAILABLE,DISABLED
2488,0.0030872230418026447,4.455680027604103e-06,0.2234085202217102,-0.48352885246276855,2.2278400138020515e-06,0.1117042601108551,-0.24176442623138428,-0.12697070837020874,32,False,UNAVAILABLE,DISABLED,DISABLED,DISABLED,UNAVAILABLE,DISABLED
2489,0.002116053132340312,3.4179417980340077e-06,0.1824057698249817,-0.45647644996643066,1.7089708990170038e-06,0.09120288491249084,-0.22823822498321533,-0.13491758704185486,32,False,UNAVAILABLE,DISABLED,DISABLED,DISABLED,UNAVAILABLE,DISABLED
2490,0.0022937136236578226,4.107655058760429e-06,0.23525738716125488,-0.519702672958374,2.0538275293802144e-06,0.11762869358062744,-0.259851336479187,-0.13992688059806824,32,False,UNAVAILABLE,DISABLED,DISABLED,DISABLED,UNAVAILABLE,DISABLED
2491,0.0030636684969067574,3.8011442029528553e-06,0.19857192039489746,-0.4839291572570801,1.9005721014764276e-06,0.09928596019744873,-0.24196457862854004,-0.1396130472421646,32,False,UNAVAILABLE,DISABLED,DISABLED,DISABLED,UNAVAILABLE,DISABLED
2492,0.0028501860797405243,4.357167199486867e-06,0.21445101499557495,-0.4825565814971924,2.1785835997434333e-06,0.10722550749778748,-0.2412782907485962,-0.1312004178762436,32,False,UNAVAILABLE,DISABLED,DISABLED,DISABLED,UNAVAILABLE,DISABLED
2493,0.0036781327798962593,4.852249730902258e-06,0.2278650403022766,-0.5074069499969482,2.426124865451129e-06,0.1139325201511383,-0.2537034749984741,-0.13609039783477783,32,False,UNAVAILABLE,DISABLED,DISABLED,DISABLED,UNAVAILABLE,DISABLED
2494,0.002651236252859235,3.824453415290918e-06,0.20956909656524658,-0.5139727592468262,1.912226707645459e-06,0.10478454828262329,-0.2569863796234131,-0.14954867959022522,32,False,UNAVAILABLE,DISABLED,DISABLED,DISABLED,UNAVAILABLE,DISABLED
2495,0.0021898343693464994,5.3533340178546496e-06,0.22408950328826904,-0.44269251823425293,2.6766670089273248e-06,0.11204475164413452,-0.22134625911712646,-0.10710899531841278,32,False,UNAVAILABLE,DISABLED,DISABLED,DISABLED,UNAVAILABLE,DISABLED
2496,0.009390478022396564,2.4476280486851465e-06,0.18061530590057373,-0.4330298900604248,1.2238140243425732e-06,0.09030765295028687,-0.2165149450302124,-0.11681558936834335,32,False,UNAVAILABLE,DISABLED,DISABLED,DISABLED,UNAVAILABLE,DISABLED
2497,0.0021346742287278175,4.4087119022151455e-06,0.1773059368133545,-0.4186382293701172,2.2043559511075728e-06,0.08865296840667725,-0.2093191146850586,-0.11852926760911942,32,False,UNAVAILABLE,DISABLED,DISABLED,DISABLED,UNAVAILABLE,DISABLED
2498,0.004606551490724087,4.747175808006432e-06,0.2317402958869934,-0.5191247463226318,2.373587904003216e-06,0.1158701479434967,-0.2595623731613159,-0.13908329606056213,32,False,UNAVAILABLE,DISABLED,DISABLED,DISABLED,UNAVAILABLE,DISABLED
2499,0.005154414102435112,2.9408017780951923e-06,0.23093706369400024,-0.5537710189819336,1.4704008890475961e-06,0.11546853184700012,-0.2768855094909668,-0.15626108646392822,32,False,UNAVAILABLE,DISABLED,DISABLED,DISABLED,UNAVAILABLE,DISABLED
2500,0.0038859136402606964,2.77347339761036e-06,0.19715368747711182,-0.4809093475341797,1.38673669880518e-06,0.09857684373855591,-0.24045467376708984,-0.1379905343055725,32,False,UNAVAILABLE,DISABLED,DISABLED,DISABLED,UNAVAILABLE,DISABLED
