case,split,original_processed_index,class_id,concentration
A_C1234_source_C5_target,calibration,775,0,112.5
A_C1234_source_C5_target,calibration,389,1,250.0
A_C1234_source_C5_target,calibration,105,1,75.0
A_C1234_source_C5_target,calibration,578,0,50.0
A_C1234_source_C5_target,calibration,574,0,50.0
A_C1234_source_C5_target,calibration,699,0,87.5
A_C1234_source_C5_target,calibration,824,0,125.0
A_C1234_source_C5_target,calibration,10,1,25.0
A_C1234_source_C5_target,calibration,1578,3,200.0
A_C1234_source_C5_target,calibration,415,1,250.0
A_C1234_source_C5_target,calibration,1608,3,225.0
A_C1234_source_C5_target,calibration,329,1,200.0
A_C1234_source_C5_target,calibration,1263,3,25.0
A_C1234_source_C5_target,calibration,314,1,200.0
A_C1234_source_C5_target,calibration,529,0,37.5
A_C1234_source_C5_target,calibration,966,2,50.0
A_C1234_source_C5_target,calibration,1198,2,112.5
A_C1234_source_C5_target,calibration,231,1,150.0
A_C1234_source_C5_target,calibration,835,0,125.0
A_C1234_source_C5_target,calibration,726,0,100.0
A_C1234_source_C5_target,calibration,787,0,112.5
A_C1234_source_C5_target,calibration,1159,2,100.0
A_C1234_source_C5_target,calibration,48,1,50.0
A_C1234_source_C5_target,calibration,1566,3,200.0
A_C1234_source_C5_target,calibration,1518,3,175.0
A_C1234_source_C5_target,calibration,528,0,37.5
A_C1234_source_C5_target,calibration,724,0,100.0
A_C1234_source_C5_target,calibration,1232,2,125.0
A_C1234_source_C5_target,calibration,1083,2,75.0
A_C1234_source_C5_target,calibration,277,1,175.0
A_C1234_source_C5_target,calibration,712,0,87.5
A_C1234_source_C5_target,calibration,364,1,225.0
A_C1234_source_C5_target,calibration,1420,3,100.0
A_C1234_source_C5_target,calibration,981,2,50.0
A_C1234_source_C5_target,calibration,766,0,112.5
A_C1234_source_C5_target,calibration,836,0,125.0
A_C1234_source_C5_target,calibration,1385,3,75.0
A_C1234_source_C5_target,calibration,381,1,250.0
A_C1234_source_C5_target,calibration,179,1,125.0
A_C1234_source_C5_target,calibration,75,1,50.0
A_C1234_source_C5_target,calibration,1484,3,150.0
A_C1234_source_C5_target,calibration,538,0,37.5
A_C1234_source_C5_target,calibration,26,1,25.0
A_C1234_source_C5_target,calibration,1123,2,87.5
A_C1234_source_C5_target,calibration,500,0,25.0
A_C1234_source_C5_target,calibration,1247,2,125.0
A_C1234_source_C5_target,calibration,840,2,12.5
A_C1234_source_C5_target,calibration,1569,3,200.0
A_C1234_source_C5_target,calibration,1143,2,100.0
A_C1234_source_C5_target,calibration,1359,3,75.0
A_C1234_source_C5_target,calibration,865,2,12.5
A_C1234_source_C5_target,calibration,615,0,62.5
A_C1234_source_C5_target,calibration,202,1,125.0
A_C1234_source_C5_target,calibration,198,1,125.0
A_C1234_source_C5_target,calibration,857,2,12.5
A_C1234_source_C5_target,calibration,671,0,75.0
A_C1234_source_C5_target,calibration,229,1,150.0
A_C1234_source_C5_target,calibration,1541,3,175.0
A_C1234_source_C5_target,calibration,1448,3,125.0
A_C1234_source_C5_target,calibration,796,0,112.5
A_C1234_source_C5_target,calibration,817,0,125.0
A_C1234_source_C5_target,calibration,830,0,125.0
A_C1234_source_C5_target,calibration,324,1,200.0
A_C1234_source_C5_target,calibration,812,0,125.0
A_C1234_source_C5_target,calibration,1322,3,50.0
A_C1234_source_C5_target,calibration,1380,3,75.0
A_C1234_source_C5_target,calibration,369,1,225.0
A_C1234_source_C5_target,calibration,672,0,87.5
A_C1234_source_C5_target,calibration,436,0,12.5
A_C1234_source_C5_target,calibration,916,2,25.0
A_C1234_source_C5_target,calibration,1356,3,75.0
A_C1234_source_C5_target,calibration,978,2,50.0
A_C1234_source_C5_target,calibration,1296,3,25.0
A_C1234_source_C5_target,calibration,442,0,12.5
A_C1234_source_C5_target,calibration,715,0,100.0
A_C1234_source_C5_target,calibration,267,1,175.0
A_C1234_source_C5_target,calibration,537,0,37.5
A_C1234_source_C5_target,calibration,1430,3,125.0
A_C1234_source_C5_target,calibration,1401,3,100.0
A_C1234_source_C5_target,calibration,1056,2,75.0
A_C1234_source_C5_target,calibration,1596,3,225.0
A_C1234_source_C5_target,calibration,146,1,100.0
A_C1234_source_C5_target,calibration,1511,3,150.0
A_C1234_source_C5_target,calibration,433,0,12.5
A_C1234_source_C5_target,calibration,74,1,50.0
A_C1234_source_C5_target,calibration,1645,3,250.0
A_C1234_source_C5_target,calibration,443,0,12.5
A_C1234_source_C5_target,calibration,13,1,25.0
A_C1234_source_C5_target,calibration,492,0,25.0
A_C1234_source_C5_target,calibration,914,2,25.0
A_C1234_source_C5_target,calibration,688,0,87.5
A_C1234_source_C5_target,calibration,1660,3,250.0
A_C1234_source_C5_target,calibration,1095,2,87.5
A_C1234_source_C5_target,calibration,1676,3,250.0
A_C1234_source_C5_target,calibration,547,0,50.0
A_C1234_source_C5_target,calibration,427,0,12.5
A_C1234_source_C5_target,calibration,301,1,200.0
A_C1234_source_C5_target,calibration,698,0,87.5
A_C1234_source_C5_target,calibration,1394,3,100.0
A_C1234_source_C5_target,calibration,852,2,12.5
A_C1234_source_C5_target,calibration,1204,2,112.5
A_C1234_source_C5_target,calibration,1004,2,50.0
A_C1234_source_C5_target,calibration,1444,3,125.0
A_C1234_source_C5_target,calibration,1057,2,75.0
A_C1234_source_C5_target,calibration,257,1,175.0
A_C1234_source_C5_target,calibration,1510,3,150.0
A_C1234_source_C5_target,calibration,1391,3,100.0
A_C1234_source_C5_target,calibration,1619,3,225.0
A_C1234_source_C5_target,calibration,496,0,25.0
A_C1234_source_C5_target,calibration,1023,2,62.5
A_C1234_source_C5_target,calibration,878,2,12.5
A_C1234_source_C5_target,calibration,1212,2,112.5
A_C1234_source_C5_target,calibration,1080,2,75.0
A_C1234_source_C5_target,calibration,558,0,50.0
A_C1234_source_C5_target,calibration,997,2,50.0
A_C1234_source_C5_target,calibration,58,1,50.0
A_C1234_source_C5_target,calibration,1552,3,175.0
A_C1234_source_C5_target,calibration,592,0,62.5
A_C1234_source_C5_target,calibration,1182,2,112.5
A_C1234_source_C5_target,calibration,1197,2,112.5
A_C1234_source_C5_target,calibration,384,1,250.0
A_C1234_source_C5_target,calibration,599,0,62.5
A_C1234_source_C5_target,calibration,445,0,12.5
A_C1234_source_C5_target,calibration,950,2,37.5
A_C1234_source_C5_target,calibration,626,0,62.5
A_C1234_source_C5_target,calibration,1277,3,25.0
A_C1234_source_C5_target,calibration,87,1,75.0
A_C1234_source_C5_target,calibration,638,0,75.0
A_C1234_source_C5_target,calibration,197,1,125.0
A_C1234_source_C5_target,calibration,1172,2,100.0
A_C1234_source_C5_target,calibration,459,0,12.5
A_C1234_source_C5_target,calibration,232,1,150.0
A_C1234_source_C5_target,calibration,411,1,250.0
A_C1234_source_C5_target,calibration,917,2,25.0
A_C1234_source_C5_target,calibration,486,0,25.0
A_C1234_source_C5_target,calibration,357,1,225.0
A_C1234_source_C5_target,calibration,1259,2,125.0
A_C1234_source_C5_target,calibration,1500,3,150.0
A_C1234_source_C5_target,calibration,112,1,75.0
A_C1234_source_C5_target,calibration,1310,3,50.0
A_C1234_source_C5_target,calibration,366,1,225.0
A_C1234_source_C5_target,calibration,29,1,25.0
A_C1234_source_C5_target,calibration,603,0,62.5
A_C1234_source_C5_target,calibration,237,1,150.0
A_C1234_source_C5_target,calibration,928,2,37.5
A_C1234_source_C5_target,calibration,375,1,225.0
A_C1234_source_C5_target,calibration,1081,2,75.0
A_C1234_source_C5_target,calibration,632,0,75.0
A_C1234_source_C5_target,calibration,705,0,87.5
A_C1234_source_C5_target,calibration,1615,3,225.0
A_C1234_source_C5_target,calibration,1481,3,150.0
A_C1234_source_C5_target,calibration,1220,2,125.0
A_C1234_source_C5_target,calibration,791,0,112.5
A_C1234_source_C5_target,calibration,93,1,75.0
A_C1234_source_C5_target,calibration,711,0,87.5
A_C1234_source_C5_target,calibration,903,2,25.0
A_C1234_source_C5_target,calibration,1529,3,175.0
A_C1234_source_C5_target,calibration,623,0,62.5
A_C1234_source_C5_target,calibration,1319,3,50.0
A_C1234_source_C5_target,calibration,27,1,25.0
A_C1234_source_C5_target,calibration,831,0,125.0
A_C1234_source_C5_target,calibration,145,1,100.0
A_C1234_source_C5_target,calibration,1548,3,175.0
A_C1234_source_C5_target,calibration,657,0,75.0
A_C1234_source_C5_target,calibration,465,0,25.0
A_C1234_source_C5_target,calibration,1571,3,200.0
A_C1234_source_C5_target,calibration,154,1,100.0
A_C1234_source_C5_target,calibration,971,2,50.0
A_C1234_source_C5_target,calibration,1258,2,125.0
A_C1234_source_C5_target,calibration,1171,2,100.0
A_C1234_source_C5_target,calibration,1345,3,75.0
A_C1234_source_C5_target,calibration,1291,3,25.0
A_C1234_source_C5_target,calibration,477,0,25.0
A_C1234_source_C5_target,calibration,1508,3,150.0
A_C1234_source_C5_target,calibration,1515,3,175.0
A_C1234_source_C5_target,calibration,455,0,12.5
A_C1234_source_C5_target,calibration,637,0,75.0
A_C1234_source_C5_target,calibration,1243,2,125.0
A_C1234_source_C5_target,calibration,316,1,200.0
A_C1234_source_C5_target,calibration,1032,2,62.5
A_C1234_source_C5_target,calibration,751,0,100.0
A_C1234_source_C5_target,calibration,667,0,75.0
A_C1234_source_C5_target,calibration,1633,3,225.0
A_C1234_source_C5_target,calibration,589,0,62.5
A_C1234_source_C5_target,calibration,1151,2,100.0
A_C1234_source_C5_target,calibration,253,1,175.0
A_C1234_source_C5_target,calibration,855,2,12.5
A_C1234_source_C5_target,calibration,743,0,100.0
A_C1234_source_C5_target,calibration,885,2,25.0
A_C1234_source_C5_target,calibration,1393,3,100.0
A_C1234_source_C5_target,calibration,377,1,225.0
A_C1234_source_C5_target,calibration,1517,3,175.0
A_C1234_source_C5_target,calibration,1043,2,62.5
A_C1234_source_C5_target,calibration,1042,2,62.5
A_C1234_source_C5_target,calibration,1126,2,87.5
A_C1234_source_C5_target,calibration,1141,2,100.0
A_C1234_source_C5_target,calibration,1390,3,100.0
A_C1234_source_C5_target,calibration,1475,3,150.0
A_C1234_source_C5_target,calibration,962,2,37.5
A_C1234_source_C5_target,calibration,1334,3,50.0
A_C1234_source_C5_target,calibration,1281,3,25.0
A_C1234_source_C5_target,calibration,526,0,37.5
A_C1234_source_C5_target,calibration,870,2,12.5
A_C1234_source_C5_target,calibration,99,1,75.0
A_C1234_source_C5_target,calibration,640,0,75.0
A_C1234_source_C5_target,calibration,1016,2,62.5
A_C1234_source_C5_target,calibration,1154,2,100.0
A_C1234_source_C5_target,calibration,1075,2,75.0
A_C1234_source_C5_target,calibration,1653,3,250.0
A_C1234_source_C5_target,calibration,1070,2,75.0
A_C1234_source_C5_target,calibration,1387,3,100.0
A_C1234_source_C5_target,calibration,321,1,200.0
A_C1234_source_C5_target,calibration,922,2,25.0
A_C1234_source_C5_target,calibration,1418,3,100.0
A_C1234_source_C5_target,calibration,416,1,250.0
A_C1234_source_C5_target,calibration,863,2,12.5
A_C1234_source_C5_target,calibration,1025,2,62.5
A_C1234_source_C5_target,calibration,934,2,37.5
A_C1234_source_C5_target,calibration,1315,3,50.0
A_C1234_source_C5_target,calibration,1616,3,225.0
A_C1234_source_C5_target,calibration,71,1,50.0
A_C1234_source_C5_target,calibration,109,1,75.0
A_C1234_source_C5_target,calibration,559,0,50.0
A_C1234_source_C5_target,calibration,166,1,100.0
A_C1234_source_C5_target,calibration,1358,3,75.0
A_C1234_source_C5_target,calibration,178,1,125.0
A_C1234_source_C5_target,calibration,1573,3,200.0
A_C1234_source_C5_target,calibration,261,1,175.0
A_C1234_source_C5_target,calibration,50,1,50.0
A_C1234_source_C5_target,calibration,1312,3,50.0
A_C1234_source_C5_target,calibration,727,0,100.0
A_C1234_source_C5_target,calibration,1445,3,125.0
A_C1234_source_C5_target,calibration,1215,2,112.5
A_C1234_source_C5_target,calibration,1598,3,225.0
A_C1234_source_C5_target,calibration,319,1,200.0
A_C1234_source_C5_target,calibration,1471,3,150.0
A_C1234_source_C5_target,calibration,587,0,50.0
A_C1234_source_C5_target,calibration,649,0,75.0
A_C1234_source_C5_target,calibration,114,1,75.0
A_C1234_source_C5_target,calibration,236,1,150.0
A_C1234_source_C5_target,calibration,692,0,87.5
A_C1234_source_C5_target,calibration,511,0,37.5
A_C1234_source_C5_target,calibration,569,0,50.0
A_C1234_source_C5_target,calibration,501,0,25.0
A_C1234_source_C5_target,calibration,1217,2,112.5
A_C1234_source_C5_target,calibration,289,1,175.0
A_C1234_source_C5_target,calibration,1,1,25.0
A_C1234_source_C5_target,calibration,254,1,175.0
A_C1234_source_C5_target,calibration,1593,3,200.0
A_C1234_source_C5_target,calibration,142,1,100.0
A_C1234_source_C5_target,calibration,351,1,225.0
A_C1234_source_C5_target,calibration,176,1,125.0
A_C1234_source_C5_target,calibration,960,2,37.5
A_C1234_source_C5_target,calibration,776,0,112.5
A_C1234_source_C5_target,calibration,1272,3,25.0
A_C1234_source_C5_target,calibration,1210,2,112.5
A_C1234_source_C5_target,calibration,1636,3,225.0
A_C1234_source_C5_target,calibration,1582,3,200.0
A_C1234_source_C5_target,calibration,1062,2,75.0
A_C1234_source_C5_target,calibration,104,1,75.0
A_C1234_source_C5_target,calibration,512,0,37.5
A_C1234_source_C5_target,calibration,1374,3,75.0
A_C1234_source_C5_target,calibration,31,1,25.0
A_C1234_source_C5_target,calibration,34,1,25.0
A_C1234_source_C5_target,calibration,561,0,50.0
A_C1234_source_C5_target,calibration,193,1,125.0
A_C1234_source_C5_target,calibration,909,2,25.0
A_C1234_source_C5_target,calibration,1262,3,25.0
A_C1234_source_C5_target,calibration,745,0,100.0
A_C1234_source_C5_target,calibration,77,1,50.0
A_C1234_source_C5_target,calibration,43,1,50.0
A_C1234_source_C5_target,calibration,967,2,50.0
A_C1234_source_C5_target,calibration,1539,3,175.0
A_C1234_source_C5_target,calibration,938,2,37.5
A_C1234_source_C5_target,calibration,794,0,112.5
A_C1234_source_C5_target,calibration,464,0,25.0
A_C1234_source_C5_target,calibration,1117,2,87.5
A_C1234_source_C5_target,calibration,153,1,100.0
A_C1234_source_C5_target,calibration,744,0,100.0
A_C1234_source_C5_target,calibration,1679,3,250.0
A_C1234_source_C5_target,calibration,222,1,150.0
A_C1234_source_C5_target,calibration,613,0,62.5
A_C1234_source_C5_target,calibration,1040,2,62.5
A_C1234_source_C5_target,calibration,1429,3,125.0
A_C1234_source_C5_target,calibration,159,1,100.0
A_C1234_source_C5_target,calibration,534,0,37.5
A_C1234_source_C5_target,calibration,1558,3,200.0
A_C1234_source_C5_target,calibration,906,2,25.0
A_C1234_source_C5_target,calibration,401,1,250.0
A_C1234_source_C5_target,calibration,983,2,50.0
A_C1234_source_C5_target,calibration,1648,3,250.0
A_C1234_source_C5_target,calibration,1226,2,125.0
A_C1234_source_C5_target,calibration,1434,3,125.0
A_C1234_source_C5_target,calibration,1308,3,50.0
A_C1234_source_C5_target,calibration,208,1,125.0
A_C1234_source_C5_target,calibration,1128,2,87.5
A_C1234_source_C5_target,calibration,1640,3,250.0
A_C1234_source_C5_target,calibration,1449,3,125.0
A_C1234_source_C5_target,calibration,1221,2,125.0
A_C1234_source_C5_target,calibration,271,1,175.0
A_C1234_source_C5_target,calibration,1115,2,87.5
A_C1234_source_C5_target,calibration,931,2,37.5
A_C1234_source_C5_target,calibration,1318,3,50.0
A_C1234_source_C5_target,calibration,956,2,37.5
A_C1234_source_C5_target,calibration,773,0,112.5
A_C1234_source_C5_target,calibration,1098,2,87.5
A_C1234_source_C5_target,calibration,149,1,100.0
A_C1234_source_C5_target,calibration,1466,3,125.0
A_C1234_source_C5_target,calibration,408,1,250.0
A_C1234_source_C5_target,calibration,215,1,150.0
A_C1234_source_C5_target,calibration,1361,3,75.0
A_C1234_source_C5_target,calibration,816,0,125.0
A_C1234_source_C5_target,calibration,318,1,200.0
A_C1234_source_C5_target,calibration,1269,3,25.0
A_C1234_source_C5_target,calibration,1668,3,250.0
A_C1234_source_C5_target,calibration,339,1,225.0
A_C1234_source_C5_target,calibration,1029,2,62.5
A_C1234_source_C5_target,calibration,221,1,150.0
A_C1234_source_C5_target,calibration,1114,2,87.5
A_C1234_source_C5_target,calibration,1137,2,100.0
A_C1234_source_C5_target,test,106,1,75.0
A_C1234_source_C5_target,test,1368,3,75.0
A_C1234_source_C5_target,test,1194,2,112.5
A_C1234_source_C5_target,test,731,0,100.0
A_C1234_source_C5_target,test,694,0,87.5
A_C1234_source_C5_target,test,709,0,87.5
A_C1234_source_C5_target,test,334,1,200.0
A_C1234_source_C5_target,test,1669,3,250.0
A_C1234_source_C5_target,test,1388,3,100.0
A_C1234_source_C5_target,test,1189,2,112.5
A_C1234_source_C5_target,test,737,0,100.0
A_C1234_source_C5_target,test,470,0,25.0
A_C1234_source_C5_target,test,714,0,100.0
A_C1234_source_C5_target,test,676,0,87.5
A_C1234_source_C5_target,test,1009,2,62.5
A_C1234_source_C5_target,test,598,0,62.5
A_C1234_source_C5_target,test,1060,2,75.0
A_C1234_source_C5_target,test,674,0,87.5
A_C1234_source_C5_target,test,1260,3,25.0
A_C1234_source_C5_target,test,860,2,12.5
A_C1234_source_C5_target,test,1644,3,250.0
A_C1234_source_C5_target,test,1408,3,100.0
A_C1234_source_C5_target,test,1502,3,150.0
A_C1234_source_C5_target,test,1102,2,87.5
A_C1234_source_C5_target,test,484,0,25.0
A_C1234_source_C5_target,test,644,0,75.0
A_C1234_source_C5_target,test,376,1,225.0
A_C1234_source_C5_target,test,100,1,75.0
A_C1234_source_C5_target,test,182,1,125.0
A_C1234_source_C5_target,test,262,1,175.0
A_C1234_source_C5_target,test,1195,2,112.5
A_C1234_source_C5_target,test,1021,2,62.5
A_C1234_source_C5_target,test,444,0,12.5
A_C1234_source_C5_target,test,1624,3,225.0
A_C1234_source_C5_target,test,1304,3,50.0
A_C1234_source_C5_target,test,892,2,25.0
A_C1234_source_C5_target,test,1456,3,125.0
A_C1234_source_C5_target,test,734,0,100.0
A_C1234_source_C5_target,test,252,1,175.0
A_C1234_source_C5_target,test,1065,2,75.0
A_C1234_source_C5_target,test,386,1,250.0
A_C1234_source_C5_target,test,1264,3,25.0
A_C1234_source_C5_target,test,207,1,125.0
A_C1234_source_C5_target,test,1379,3,75.0
A_C1234_source_C5_target,test,532,0,37.5
A_C1234_source_C5_target,test,1580,3,200.0
A_C1234_source_C5_target,test,307,1,200.0
A_C1234_source_C5_target,test,61,1,50.0
A_C1234_source_C5_target,test,1450,3,125.0
A_C1234_source_C5_target,test,913,2,25.0
A_C1234_source_C5_target,test,716,0,100.0
A_C1234_source_C5_target,test,1076,2,75.0
A_C1234_source_C5_target,test,4,1,25.0
A_C1234_source_C5_target,test,1107,2,87.5
A_C1234_source_C5_target,test,1219,2,125.0
A_C1234_source_C5_target,test,177,1,125.0
A_C1234_source_C5_target,test,541,0,37.5
A_C1234_source_C5_target,test,169,1,125.0
A_C1234_source_C5_target,test,204,1,125.0
A_C1234_source_C5_target,test,7,1,25.0
A_C1234_source_C5_target,test,21,1,25.0
A_C1234_source_C5_target,test,1013,2,62.5
A_C1234_source_C5_target,test,1082,2,75.0
A_C1234_source_C5_target,test,1343,3,50.0
A_C1234_source_C5_target,test,1120,2,87.5
A_C1234_source_C5_target,test,1631,3,225.0
A_C1234_source_C5_target,test,891,2,25.0
A_C1234_source_C5_target,test,487,0,25.0
A_C1234_source_C5_target,test,566,0,50.0
A_C1234_source_C5_target,test,1170,2,100.0
A_C1234_source_C5_target,test,1561,3,200.0
A_C1234_source_C5_target,test,349,1,225.0
A_C1234_source_C5_target,test,1395,3,100.0
A_C1234_source_C5_target,test,899,2,25.0
A_C1234_source_C5_target,test,40,1,25.0
A_C1234_source_C5_target,test,1543,3,175.0
A_C1234_source_C5_target,test,575,0,50.0
A_C1234_source_C5_target,test,120,1,75.0
A_C1234_source_C5_target,test,842,2,12.5
A_C1234_source_C5_target,test,859,2,12.5
A_C1234_source_C5_target,test,889,2,25.0
A_C1234_source_C5_target,test,614,0,62.5
A_C1234_source_C5_target,test,320,1,200.0
A_C1234_source_C5_target,test,1504,3,150.0
A_C1234_source_C5_target,test,1187,2,112.5
A_C1234_source_C5_target,test,1055,2,75.0
A_C1234_source_C5_target,test,1642,3,250.0
A_C1234_source_C5_target,test,382,1,250.0
A_C1234_source_C5_target,test,251,1,150.0
A_C1234_source_C5_target,test,495,0,25.0
A_C1234_source_C5_target,test,1224,2,125.0
A_C1234_source_C5_target,test,82,1,50.0
A_C1234_source_C5_target,test,1233,2,125.0
A_C1234_source_C5_target,test,814,0,125.0
A_C1234_source_C5_target,test,759,0,112.5
A_C1234_source_C5_target,test,799,0,125.0
A_C1234_source_C5_target,test,617,0,62.5
A_C1234_source_C5_target,test,276,1,175.0
A_C1234_source_C5_target,test,23,1,25.0
A_C1234_source_C5_target,test,940,2,37.5
A_C1234_source_C5_target,test,170,1,125.0
A_C1234_source_C5_target,test,136,1,100.0
A_C1234_source_C5_target,test,833,0,125.0
A_C1234_source_C5_target,test,1340,3,50.0
A_C1234_source_C5_target,test,651,0,75.0
A_C1234_source_C5_target,test,1205,2,112.5
A_C1234_source_C5_target,test,1409,3,100.0
A_C1234_source_C5_target,test,805,0,125.0
A_C1234_source_C5_target,test,1650,3,250.0
A_C1234_source_C5_target,test,963,2,37.5
A_C1234_source_C5_target,test,550,0,50.0
A_C1234_source_C5_target,test,704,0,87.5
A_C1234_source_C5_target,test,451,0,12.5
A_C1234_source_C5_target,test,298,1,200.0
A_C1234_source_C5_target,test,1163,2,100.0
A_C1234_source_C5_target,test,832,0,125.0
A_C1234_source_C5_target,test,1452,3,125.0
A_C1234_source_C5_target,test,424,0,12.5
A_C1234_source_C5_target,test,1225,2,125.0
A_C1234_source_C5_target,test,793,0,112.5
A_C1234_source_C5_target,test,265,1,175.0
A_C1234_source_C5_target,test,523,0,37.5
A_C1234_source_C5_target,test,774,0,112.5
A_C1234_source_C5_target,test,1001,2,50.0
A_C1234_source_C5_target,test,1641,3,250.0
A_C1234_source_C5_target,test,701,0,87.5
A_C1234_source_C5_target,test,606,0,62.5
A_C1234_source_C5_target,test,1360,3,75.0
A_C1234_source_C5_target,test,226,1,150.0
A_C1234_source_C5_target,test,1630,3,225.0
A_C1234_source_C5_target,test,1214,2,112.5
A_C1234_source_C5_target,test,450,0,12.5
A_C1234_source_C5_target,test,1392,3,100.0
A_C1234_source_C5_target,test,1069,2,75.0
A_C1234_source_C5_target,test,1094,2,87.5
A_C1234_source_C5_target,test,480,0,25.0
A_C1234_source_C5_target,test,754,0,100.0
A_C1234_source_C5_target,test,286,1,175.0
A_C1234_source_C5_target,test,1287,3,25.0
A_C1234_source_C5_target,test,641,0,75.0
A_C1234_source_C5_target,test,1257,2,125.0
A_C1234_source_C5_target,test,387,1,250.0
A_C1234_source_C5_target,test,195,1,125.0
A_C1234_source_C5_target,test,1534,3,175.0
A_C1234_source_C5_target,test,1274,3,25.0
A_C1234_source_C5_target,test,1298,3,25.0
A_C1234_source_C5_target,test,609,0,62.5
A_C1234_source_C5_target,test,720,0,100.0
A_C1234_source_C5_target,test,851,2,12.5
A_C1234_source_C5_target,test,811,0,125.0
A_C1234_source_C5_target,test,356,1,225.0
A_C1234_source_C5_target,test,782,0,112.5
A_C1234_source_C5_target,test,974,2,50.0
A_C1234_source_C5_target,test,1603,3,225.0
A_C1234_source_C5_target,test,1597,3,225.0
A_C1234_source_C5_target,test,133,1,100.0
A_C1234_source_C5_target,test,1301,3,25.0
A_C1234_source_C5_target,test,1588,3,200.0
A_C1234_source_C5_target,test,1250,2,125.0
A_C1234_source_C5_target,test,1030,2,62.5
A_C1234_source_C5_target,test,1381,3,75.0
A_C1234_source_C5_target,test,1150,2,100.0
A_C1234_source_C5_target,test,462,0,25.0
A_C1234_source_C5_target,test,303,1,200.0
A_C1234_source_C5_target,test,691,0,87.5
A_C1234_source_C5_target,test,1533,3,175.0
A_C1234_source_C5_target,test,38,1,25.0
A_C1234_source_C5_target,test,1078,2,75.0
A_C1234_source_C5_target,test,1176,2,112.5
A_C1234_source_C5_target,test,1323,3,50.0
A_C1234_source_C5_target,test,633,0,75.0
A_C1234_source_C5_target,test,1211,2,112.5
A_C1234_source_C5_target,test,957,2,37.5
A_C1234_source_C5_target,test,274,1,175.0
A_C1234_source_C5_target,test,481,0,25.0
A_C1234_source_C5_target,test,910,2,25.0
A_C1234_source_C5_target,test,944,2,37.5
A_C1234_source_C5_target,test,453,0,12.5
A_C1234_source_C5_target,test,156,1,100.0
A_C1234_source_C5_target,test,856,2,12.5
A_C1234_source_C5_target,test,1432,3,125.0
A_C1234_source_C5_target,test,521,0,37.5
A_C1234_source_C5_target,test,965,2,37.5
A_C1234_source_C5_target,test,862,2,12.5
A_C1234_source_C5_target,test,1476,3,150.0
A_C1234_source_C5_target,test,690,0,87.5
A_C1234_source_C5_target,test,1497,3,150.0
A_C1234_source_C5_target,test,1147,2,100.0
A_C1234_source_C5_target,test,846,2,12.5
A_C1234_source_C5_target,test,1058,2,75.0
A_C1234_source_C5_target,test,1181,2,112.5
A_C1234_source_C5_target,test,1493,3,150.0
A_C1234_source_C5_target,test,1661,3,250.0
A_C1234_source_C5_target,test,1067,2,75.0
A_C1234_source_C5_target,test,660,0,75.0
A_C1234_source_C5_target,test,17,1,25.0
A_C1234_source_C5_target,test,546,0,50.0
A_C1234_source_C5_target,test,1675,3,250.0
A_C1234_source_C5_target,test,788,0,112.5
A_C1234_source_C5_target,test,196,1,125.0
A_C1234_source_C5_target,test,239,1,150.0
A_C1234_source_C5_target,test,969,2,50.0
A_C1234_source_C5_target,test,68,1,50.0
A_C1234_source_C5_target,test,1149,2,100.0
A_C1234_source_C5_target,test,702,0,87.5
A_C1234_source_C5_target,test,1119,2,87.5
A_C1234_source_C5_target,test,1020,2,62.5
A_C1234_source_C5_target,test,220,1,150.0
A_C1234_source_C5_target,test,466,0,25.0
A_C1234_source_C5_target,test,6,1,25.0
A_C1234_source_C5_target,test,941,2,37.5
A_C1234_source_C5_target,test,756,0,112.5
A_C1234_source_C5_target,test,1438,3,125.0
A_C1234_source_C5_target,test,86,1,75.0
A_C1234_source_C5_target,test,1041,2,62.5
A_C1234_source_C5_target,test,867,2,12.5
A_C1234_source_C5_target,test,551,0,50.0
A_C1234_source_C5_target,test,1228,2,125.0
A_C1234_source_C5_target,test,461,0,12.5
A_C1234_source_C5_target,test,1251,2,125.0
A_C1234_source_C5_target,test,1027,2,62.5
A_C1234_source_C5_target,test,666,0,75.0
A_C1234_source_C5_target,test,1336,3,50.0
A_C1234_source_C5_target,test,171,1,125.0
A_C1234_source_C5_target,test,115,1,75.0
A_C1234_source_C5_target,test,847,2,12.5
A_C1234_source_C5_target,test,359,1,225.0
A_C1234_source_C5_target,test,1472,3,150.0
A_C1234_source_C5_target,test,1528,3,175.0
A_C1234_source_C5_target,test,721,0,100.0
A_C1234_source_C5_target,test,935,2,37.5
A_C1234_source_C5_target,test,1052,2,75.0
A_C1234_source_C5_target,test,1178,2,112.5
A_C1234_source_C5_target,test,413,1,250.0
A_C1234_source_C5_target,test,1242,2,125.0
A_C1234_source_C5_target,test,1005,2,50.0
A_C1234_source_C5_target,test,973,2,50.0
A_C1234_source_C5_target,test,1002,2,50.0
A_C1234_source_C5_target,test,458,0,12.5
A_C1234_source_C5_target,test,822,0,125.0
A_C1234_source_C5_target,test,1026,2,62.5
A_C1234_source_C5_target,test,45,1,50.0
A_C1234_source_C5_target,test,1667,3,250.0
A_C1234_source_C5_target,test,1265,3,25.0
A_C1234_source_C5_target,test,1501,3,150.0
A_C1234_source_C5_target,test,1289,3,25.0
A_C1234_source_C5_target,test,929,2,37.5
A_C1234_source_C5_target,test,180,1,125.0
A_C1234_source_C5_target,test,1333,3,50.0
A_C1234_source_C5_target,test,1249,2,125.0
A_C1234_source_C5_target,test,240,1,150.0
A_C1234_source_C5_target,test,1535,3,175.0
A_C1234_source_C5_target,test,1419,3,100.0
A_C1234_source_C5_target,test,747,0,100.0
A_C1234_source_C5_target,test,91,1,75.0
A_C1234_source_C5_target,test,740,0,100.0
A_C1234_source_C5_target,test,1562,3,200.0
A_C1234_source_C5_target,test,1363,3,75.0
A_C1234_source_C5_target,test,540,0,37.5
A_C1234_source_C5_target,test,1460,3,125.0
A_C1234_source_C5_target,test,234,1,150.0
A_C1234_source_C5_target,test,350,1,225.0
A_C1234_source_C5_target,test,658,0,75.0
A_C1234_source_C5_target,test,346,1,225.0
A_C1234_source_C5_target,test,1477,3,150.0
A_C1234_source_C5_target,test,1048,2,62.5
A_C1234_source_C5_target,test,1035,2,62.5
A_C1234_source_C5_target,test,786,0,112.5
A_C1234_source_C5_target,test,1290,3,25.0
A_C1234_source_C5_target,test,1634,3,225.0
A_C1234_source_C5_target,test,1282,3,25.0
A_C1234_source_C5_target,test,1489,3,150.0
A_C1234_source_C5_target,test,1547,3,175.0
A_C1234_source_C5_target,test,1096,2,87.5
A_C1234_source_C5_target,test,1567,3,200.0
A_C1234_source_C5_target,test,491,0,25.0
A_C1234_source_C5_target,test,218,1,150.0
A_C1234_source_C5_target,test,313,1,200.0
A_C1234_source_C5_target,test,1085,2,75.0
A_C1234_source_C5_target,test,1486,3,150.0
A_C1234_source_C5_target,test,678,0,87.5
A_C1234_source_C5_target,test,628,0,62.5
A_C1234_source_C5_target,test,157,1,100.0
A_C1234_source_C5_target,test,1655,3,250.0
A_C1234_source_C5_target,test,1010,2,62.5
A_C1234_source_C5_target,test,1433,3,125.0
A_C1234_source_C5_target,test,46,1,50.0
A_C1234_source_C5_target,test,418,1,250.0
A_C1234_source_C5_target,test,1559,3,200.0
A_C1234_source_C5_target,test,1297,3,25.0
A_C1234_source_C5_target,test,554,0,50.0
A_C1234_source_C5_target,test,1218,2,125.0
A_C1234_source_C5_target,test,719,0,100.0
A_C1234_source_C5_target,test,65,1,50.0
A_C1234_source_C5_target,test,1560,3,200.0
A_C1234_source_C5_target,test,828,0,125.0
A_C1234_source_C5_target,test,602,0,62.5
A_C1234_source_C5_target,test,1349,3,75.0
A_C1234_source_C5_target,test,1646,3,250.0
A_C1234_source_C5_target,test,1524,3,175.0
A_C1234_source_C5_target,test,516,0,37.5
A_C1234_source_C5_target,test,1436,3,125.0
A_C1234_source_C5_target,test,780,0,112.5
A_C1234_source_C5_target,test,1111,2,87.5
A_C1234_source_C5_target,test,1614,3,225.0
A_C1234_source_C5_target,test,837,0,125.0
A_C1234_source_C5_target,test,986,2,50.0
A_C1234_source_C5_target,test,1179,2,112.5
A_C1234_source_C5_target,test,893,2,25.0
A_C1234_source_C5_target,test,78,1,50.0
A_C1234_source_C5_target,test,434,0,12.5
A_C1234_source_C5_target,test,412,1,250.0
A_C1234_source_C5_target,test,693,0,87.5
A_C1234_source_C5_target,test,279,1,175.0
A_C1234_source_C5_target,test,1463,3,125.0
A_C1234_source_C5_target,test,880,2,12.5
A_C1234_source_C5_target,test,784,0,112.5
A_C1234_source_C5_target,test,423,0,12.5
A_C1234_source_C5_target,test,629,0,62.5
A_C1234_source_C5_target,test,421,0,12.5
A_C1234_source_C5_target,test,513,0,37.5
A_C1234_source_C5_target,test,902,2,25.0
A_C1234_source_C5_target,test,1169,2,100.0
A_C1234_source_C5_target,test,391,1,250.0
A_C1234_source_C5_target,test,1337,3,50.0
A_C1234_source_C5_target,test,1087,2,75.0
A_C1234_source_C5_target,test,820,0,125.0
A_C1234_source_C5_target,test,807,0,125.0
A_C1234_source_C5_target,test,138,1,100.0
A_C1234_source_C5_target,test,1575,3,200.0
A_C1234_source_C5_target,test,1034,2,62.5
A_C1234_source_C5_target,test,214,1,150.0
A_C1234_source_C5_target,test,861,2,12.5
A_C1234_source_C5_target,test,1237,2,125.0
A_C1234_source_C5_target,test,51,1,50.0
A_C1234_source_C5_target,test,24,1,25.0
A_C1234_source_C5_target,test,779,0,112.5
A_C1234_source_C5_target,test,1331,3,50.0
A_C1234_source_C5_target,test,1530,3,175.0
A_C1234_source_C5_target,test,60,1,50.0
A_C1234_source_C5_target,test,130,1,100.0
A_C1234_source_C5_target,test,605,0,62.5
A_C1234_source_C5_target,test,1133,2,87.5
A_C1234_source_C5_target,test,679,0,87.5
A_C1234_source_C5_target,test,1313,3,50.0
A_C1234_source_C5_target,test,1346,3,75.0
A_C1234_source_C5_target,test,118,1,75.0
A_C1234_source_C5_target,test,1054,2,75.0
A_C1234_source_C5_target,test,522,0,37.5
A_C1234_source_C5_target,test,158,1,100.0
A_C1234_source_C5_target,test,1670,3,250.0
A_C1234_source_C5_target,test,479,0,25.0
A_C1234_source_C5_target,test,1570,3,200.0
A_C1234_source_C5_target,test,520,0,37.5
A_C1234_source_C5_target,test,1105,2,87.5
A_C1234_source_C5_target,test,490,0,25.0
A_C1234_source_C5_target,test,948,2,37.5
A_C1234_source_C5_target,test,1152,2,100.0
A_C1234_source_C5_target,test,1051,2,75.0
A_C1234_source_C5_target,test,668,0,75.0
A_C1234_source_C5_target,test,1303,3,50.0
A_C1234_source_C5_target,test,1405,3,100.0
A_C1234_source_C5_target,test,140,1,100.0
A_C1234_source_C5_target,test,1564,3,200.0
A_C1234_source_C5_target,test,378,1,250.0
A_C1234_source_C5_target,test,959,2,37.5
A_C1234_source_C5_target,test,452,0,12.5
A_C1234_source_C5_target,test,987,2,50.0
A_C1234_source_C5_target,test,1113,2,87.5
A_C1234_source_C5_target,test,439,0,12.5
A_C1234_source_C5_target,test,302,1,200.0
A_C1234_source_C5_target,test,362,1,225.0
A_C1234_source_C5_target,test,1284,3,25.0
A_C1234_source_C5_target,test,1526,3,175.0
A_C1234_source_C5_target,test,1077,2,75.0
A_C1234_source_C5_target,test,1200,2,112.5
A_C1234_source_C5_target,test,700,0,87.5
A_C1234_source_C5_target,test,0,1,25.0
A_C1234_source_C5_target,test,1028,2,62.5
A_C1234_source_C5_target,test,101,1,75.0
A_C1234_source_C5_target,test,1015,2,62.5
A_C1234_source_C5_target,test,395,1,250.0
A_C1234_source_C5_target,test,399,1,250.0
A_C1234_source_C5_target,test,503,0,25.0
A_C1234_source_C5_target,test,506,0,37.5
A_C1234_source_C5_target,test,230,1,150.0
A_C1234_source_C5_target,test,16,1,25.0
A_C1234_source_C5_target,test,275,1,175.0
A_C1234_source_C5_target,test,1398,3,100.0
A_C1234_source_C5_target,test,954,2,37.5
A_C1234_source_C5_target,test,186,1,125.0
A_C1234_source_C5_target,test,1549,3,175.0
A_C1234_source_C5_target,test,508,0,37.5
A_C1234_source_C5_target,test,1309,3,50.0
A_C1234_source_C5_target,test,1357,3,75.0
A_C1234_source_C5_target,test,1268,3,25.0
A_C1234_source_C5_target,test,1407,3,100.0
A_C1234_source_C5_target,test,285,1,175.0
A_C1234_source_C5_target,test,923,2,25.0
A_C1234_source_C5_target,test,311,1,200.0
A_C1234_source_C5_target,test,1066,2,75.0
A_C1234_source_C5_target,test,11,1,25.0
A_C1234_source_C5_target,test,1369,3,75.0
A_C1234_source_C5_target,test,643,0,75.0
A_C1234_source_C5_target,test,733,0,100.0
A_C1234_source_C5_target,test,374,1,225.0
A_C1234_source_C5_target,test,762,0,112.5
A_C1234_source_C5_target,test,1097,2,87.5
A_C1234_source_C5_target,test,1293,3,25.0
A_C1234_source_C5_target,test,190,1,125.0
A_C1234_source_C5_target,test,1606,3,225.0
A_C1234_source_C5_target,test,596,0,62.5
A_C1234_source_C5_target,test,1557,3,200.0
A_C1234_source_C5_target,test,999,2,50.0
A_C1234_source_C5_target,test,1620,3,225.0
A_C1234_source_C5_target,test,358,1,225.0
A_C1234_source_C5_target,test,32,1,25.0
A_C1234_source_C5_target,test,708,0,87.5
A_C1234_source_C5_target,test,1329,3,50.0
A_C1234_source_C5_target,test,562,0,50.0
A_C1234_source_C5_target,test,49,1,50.0
A_C1234_source_C5_target,test,527,0,37.5
A_C1234_source_C5_target,test,184,1,125.0
A_C1234_source_C5_target,test,76,1,50.0
A_C1234_source_C5_target,test,168,1,125.0
A_C1234_source_C5_target,test,1261,3,25.0
A_C1234_source_C5_target,test,1093,2,87.5
A_C1234_source_C5_target,test,457,0,12.5
A_C1234_source_C5_target,test,1244,2,125.0
A_C1234_source_C5_target,test,1064,2,75.0
A_C1234_source_C5_target,test,1509,3,150.0
A_C1234_source_C5_target,test,683,0,87.5
A_C1234_source_C5_target,test,18,1,25.0
A_C1234_source_C5_target,test,1321,3,50.0
A_C1234_source_C5_target,test,818,0,125.0
A_C1234_source_C5_target,test,514,0,37.5
A_C1234_source_C5_target,test,991,2,50.0
A_C1234_source_C5_target,test,1422,3,100.0
A_C1234_source_C5_target,test,1453,3,125.0
A_C1234_source_C5_target,test,768,0,112.5
A_C1234_source_C5_target,test,447,0,12.5
A_C1234_source_C5_target,test,504,0,37.5
A_C1234_source_C5_target,test,210,1,150.0
A_C1234_source_C5_target,test,343,1,225.0
A_C1234_source_C5_target,test,1108,2,87.5
A_C1234_source_C5_target,test,431,0,12.5
A_C1234_source_C5_target,test,121,1,75.0
A_C1234_source_C5_target,test,1487,3,150.0
A_C1234_source_C5_target,test,1364,3,75.0
A_C1234_source_C5_target,test,989,2,50.0
A_C1234_source_C5_target,test,1627,3,225.0
A_C1234_source_C5_target,test,530,0,37.5
A_C1234_source_C5_target,test,1129,2,87.5
A_C1234_source_C5_target,test,129,1,100.0
A_C1234_source_C5_target,test,497,0,25.0
A_C1234_source_C5_target,test,1440,3,125.0
A_C1234_source_C5_target,test,94,1,75.0
A_C1234_source_C5_target,test,825,0,125.0
A_C1234_source_C5_target,test,1496,3,150.0
A_C1234_source_C5_target,test,515,0,37.5
A_C1234_source_C5_target,test,895,2,25.0
A_C1234_source_C5_target,test,866,2,12.5
A_C1234_source_C5_target,test,619,0,62.5
A_C1234_source_C5_target,test,1579,3,200.0
A_C1234_source_C5_target,test,650,0,75.0
A_C1234_source_C5_target,test,595,0,62.5
A_C1234_source_C5_target,test,1649,3,250.0
A_C1234_source_C5_target,test,1604,3,225.0
A_C1234_source_C5_target,test,1600,3,225.0
A_C1234_source_C5_target,test,723,0,100.0
A_C1234_source_C5_target,test,809,0,125.0
A_C1234_source_C5_target,test,1157,2,100.0
A_C1234_source_C5_target,test,272,1,175.0
A_C1234_source_C5_target,test,695,0,87.5
A_C1234_source_C5_target,test,1664,3,250.0
A_C1234_source_C5_target,test,553,0,50.0
A_C1234_source_C5_target,test,579,0,50.0
A_C1234_source_C5_target,test,1665,3,250.0
A_C1234_source_C5_target,test,739,0,100.0
A_C1234_source_C5_target,test,340,1,225.0
A_C1234_source_C5_target,test,1252,2,125.0
A_C1234_source_C5_target,test,69,1,50.0
A_C1234_source_C5_target,test,245,1,150.0
A_C1234_source_C5_target,test,1371,3,75.0
A_C1234_source_C5_target,test,1222,2,125.0
A_C1234_source_C5_target,test,247,1,150.0
A_C1234_source_C5_target,test,363,1,225.0
A_C1234_source_C5_target,test,622,0,62.5
A_C1234_source_C5_target,test,853,2,12.5
A_C1234_source_C5_target,test,1338,3,50.0
A_C1234_source_C5_target,test,1402,3,100.0
A_C1234_source_C5_target,test,244,1,150.0
A_C1234_source_C5_target,test,268,1,175.0
A_C1234_source_C5_target,test,41,1,25.0
A_C1234_source_C5_target,test,763,0,112.5
A_C1234_source_C5_target,test,563,0,50.0
A_C1234_source_C5_target,test,1254,2,125.0
A_C1234_source_C5_target,test,869,2,12.5
A_C1234_source_C5_target,test,1519,3,175.0
A_C1234_source_C5_target,test,1086,2,75.0
A_C1234_source_C5_target,test,1307,3,50.0
A_C1234_source_C5_target,test,1073,2,75.0
A_C1234_source_C5_target,test,35,1,25.0
A_C1234_source_C5_target,test,1479,3,150.0
A_C1234_source_C5_target,test,292,1,175.0
A_C1234_source_C5_target,test,849,2,12.5
A_C1234_source_C5_target,test,677,0,87.5
A_C1234_source_C5_target,test,312,1,200.0
A_C1234_source_C5_target,test,1492,3,150.0
A_C1234_source_C5_target,test,1473,3,150.0
A_C1234_source_C5_target,test,1168,2,100.0
A_C1234_source_C5_target,test,335,1,200.0
A_C1234_source_C5_target,test,183,1,125.0
A_C1234_source_C5_target,test,1587,3,200.0
A_C1234_source_C5_target,test,939,2,37.5
A_C1234_source_C5_target,test,1565,3,200.0
A_C1234_source_C5_target,test,1160,2,100.0
A_C1234_source_C5_target,test,1341,3,50.0
A_C1234_source_C5_target,test,472,0,25.0
A_C1234_source_C5_target,test,124,1,75.0
A_C1234_source_C5_target,test,741,0,100.0
A_C1234_source_C5_target,test,1482,3,150.0
A_C1234_source_C5_target,test,331,1,200.0
A_C1234_source_C5_target,test,1180,2,112.5
A_C1234_source_C5_target,test,884,2,25.0
A_C1234_source_C5_target,test,556,0,50.0
A_C1234_source_C5_target,test,163,1,100.0
A_C1234_source_C5_target,test,624,0,62.5
A_C1234_source_C5_target,test,1416,3,100.0
A_C1234_source_C5_target,test,1521,3,175.0
A_C1234_source_C5_target,test,1577,3,200.0
A_C1234_source_C5_target,test,829,0,125.0
A_C1234_source_C5_target,test,648,0,75.0
A_C1234_source_C5_target,test,258,1,175.0
A_C1234_source_C5_target,test,1373,3,75.0
A_C1234_source_C5_target,test,440,0,12.5
A_C1234_source_C5_target,test,1139,2,100.0
A_C1234_source_C5_target,test,1103,2,87.5
A_C1234_source_C5_target,test,590,0,62.5
A_C1234_source_C5_target,test,132,1,100.0
A_C1234_source_C5_target,test,921,2,25.0
A_C1234_source_C5_target,test,953,2,37.5
A_C1234_source_C5_target,test,322,1,200.0
A_C1234_source_C5_target,test,1546,3,175.0
A_C1234_source_C5_target,test,958,2,37.5
A_C1234_source_C5_target,test,88,1,75.0
A_C1234_source_C5_target,test,1441,3,125.0
A_C1234_source_C5_target,test,476,0,25.0
A_C1234_source_C5_target,test,834,0,125.0
A_C1234_source_C5_target,test,588,0,62.5
A_C1234_source_C5_target,test,398,1,250.0
A_C1234_source_C5_target,test,725,0,100.0
A_C1234_source_C5_target,test,233,1,150.0
A_C1234_source_C5_target,test,81,1,50.0
A_C1234_source_C5_target,test,845,2,12.5
A_C1234_source_C5_target,test,53,1,50.0
A_C1234_source_C5_target,test,765,0,112.5
A_C1234_source_C5_target,test,1415,3,100.0
A_C1234_source_C5_target,test,664,0,75.0
A_C1234_source_C5_target,test,155,1,100.0
A_C1234_source_C5_target,test,1235,2,125.0
A_C1234_source_C5_target,test,1366,3,75.0
A_C1234_source_C5_target,test,542,0,37.5
A_C1234_source_C5_target,test,879,2,12.5
A_C1234_source_C5_target,test,1191,2,112.5
A_C1234_source_C5_target,test,732,0,100.0
A_C1234_source_C5_target,test,946,2,37.5
A_C1234_source_C5_target,test,608,0,62.5
A_C1234_source_C5_target,test,673,0,87.5
A_C1234_source_C5_target,test,992,2,50.0
A_C1234_source_C5_target,test,223,1,150.0
A_C1234_source_C5_target,test,1148,2,100.0
A_C1234_source_C5_target,test,1162,2,100.0
A_C1234_source_C5_target,test,882,2,25.0
A_C1234_source_C5_target,test,533,0,37.5
A_C1234_source_C5_target,test,586,0,50.0
A_C1234_source_C5_target,test,80,1,50.0
A_C1234_source_C5_target,test,328,1,200.0
A_C1234_source_C5_target,test,310,1,200.0
A_C1234_source_C5_target,test,635,0,75.0
A_C1234_source_C5_target,test,717,0,100.0
A_C1234_source_C5_target,test,255,1,175.0
A_C1234_source_C5_target,test,646,0,75.0
A_C1234_source_C5_target,test,242,1,150.0
A_C1234_source_C5_target,test,621,0,62.5
A_C1234_source_C5_target,test,1229,2,125.0
A_C1234_source_C5_target,test,1454,3,125.0
A_C1234_source_C5_target,test,131,1,100.0
A_C1234_source_C5_target,test,1474,3,150.0
A_C1234_source_C5_target,test,1628,3,225.0
A_C1234_source_C5_target,test,1099,2,87.5
A_C1234_source_C5_target,test,1542,3,175.0
A_C1234_source_C5_target,test,1174,2,100.0
A_C1234_source_C5_target,test,33,1,25.0
A_C1234_source_C5_target,test,283,1,175.0
A_C1234_source_C5_target,test,39,1,25.0
A_C1234_source_C5_target,test,1061,2,75.0
A_C1234_source_C5_target,test,815,0,125.0
A_C1234_source_C5_target,test,593,0,62.5
A_C1234_source_C5_target,test,300,1,200.0
A_C1234_source_C5_target,test,1118,2,87.5
A_C1234_source_C5_target,test,326,1,200.0
A_C1234_source_C5_target,test,1666,3,250.0
A_C1234_source_C5_target,test,139,1,100.0
A_C1234_source_C5_target,test,1378,3,75.0
A_C1234_source_C5_target,test,552,0,50.0
A_C1234_source_C5_target,test,1033,2,62.5
A_C1234_source_C5_target,test,785,0,112.5
A_C1234_source_C5_target,test,284,1,175.0
A_C1234_source_C5_target,test,583,0,50.0
A_C1234_source_C5_target,test,1411,3,100.0
A_C1234_source_C5_target,test,1437,3,125.0
A_C1234_source_C5_target,test,42,1,50.0
A_C1234_source_C5_target,test,770,0,112.5
A_C1234_source_C5_target,test,243,1,150.0
A_C1234_source_C5_target,test,645,0,75.0
A_C1234_source_C5_target,test,1285,3,25.0
A_C1234_source_C5_target,test,1236,2,125.0
A_C1234_source_C5_target,test,435,0,12.5
A_C1234_source_C5_target,test,564,0,50.0
A_C1234_source_C5_target,test,656,0,75.0
A_C1234_source_C5_target,test,1465,3,125.0
A_C1234_source_C5_target,test,52,1,50.0
A_C1234_source_C5_target,test,296,1,200.0
A_C1234_source_C5_target,test,1412,3,100.0
A_C1234_source_C5_target,test,827,0,125.0
A_C1234_source_C5_target,test,901,2,25.0
A_C1234_source_C5_target,test,1389,3,100.0
A_C1234_source_C5_target,test,1536,3,175.0
A_C1234_source_C5_target,test,238,1,150.0
A_C1234_source_C5_target,test,330,1,200.0
A_C1234_source_C5_target,test,1344,3,75.0
A_C1234_source_C5_target,test,228,1,150.0
A_C1234_source_C5_target,test,422,0,12.5
A_C1234_source_C5_target,test,1185,2,112.5
A_C1234_source_C5_target,test,964,2,37.5
A_C1234_source_C5_target,test,804,0,125.0
A_C1234_source_C5_target,test,90,1,75.0
A_C1234_source_C5_target,test,83,1,50.0
A_C1234_source_C5_target,test,1505,3,150.0
A_C1234_source_C5_target,test,122,1,75.0
A_C1234_source_C5_target,test,675,0,87.5
A_C1234_source_C5_target,test,681,0,87.5
A_C1234_source_C5_target,test,995,2,50.0
A_C1234_source_C5_target,test,918,2,25.0
A_C1234_source_C5_target,test,85,1,75.0
A_C1234_source_C5_target,test,1024,2,62.5
A_C1234_source_C5_target,test,1554,3,200.0
A_C1234_source_C5_target,test,905,2,25.0
A_C1234_source_C5_target,test,1553,3,175.0
A_C1234_source_C5_target,test,1186,2,112.5
A_C1234_source_C5_target,test,949,2,37.5
A_C1234_source_C5_target,test,1037,2,62.5
A_C1234_source_C5_target,test,848,2,12.5
A_C1234_source_C5_target,test,270,1,175.0
A_C1234_source_C5_target,test,920,2,25.0
A_C1234_source_C5_target,test,904,2,25.0
A_C1234_source_C5_target,test,361,1,225.0
A_C1234_source_C5_target,test,760,0,112.5
A_C1234_source_C5_target,test,1270,3,25.0
A_C1234_source_C5_target,test,1278,3,25.0
A_C1234_source_C5_target,test,976,2,50.0
A_C1234_source_C5_target,test,1255,2,125.0
A_C1234_source_C5_target,test,205,1,125.0
A_C1234_source_C5_target,test,392,1,250.0
A_C1234_source_C5_target,test,1234,2,125.0
A_C1234_source_C5_target,test,1327,3,50.0
A_C1234_source_C5_target,test,1610,3,225.0
A_C1234_source_C5_target,test,1551,3,175.0
A_C1234_source_C5_target,test,1213,2,112.5
A_C1234_source_C5_target,test,126,1,100.0
A_C1234_source_C5_target,test,482,0,25.0
A_C1234_source_C5_target,test,1283,3,25.0
A_C1234_source_C5_target,test,907,2,25.0
A_C1234_source_C5_target,test,28,1,25.0
A_C1234_source_C5_target,test,792,0,112.5
A_C1234_source_C5_target,test,5,1,25.0
A_C1234_source_C5_target,test,544,0,37.5
A_C1234_source_C5_target,test,850,2,12.5
A_C1234_source_C5_target,test,483,0,25.0
A_C1234_source_C5_target,test,1276,3,25.0
A_C1234_source_C5_target,test,1594,3,200.0
A_C1234_source_C5_target,test,1046,2,62.5
A_C1234_source_C5_target,test,1208,2,112.5
A_C1234_source_C5_target,test,199,1,125.0
A_C1234_source_C5_target,test,323,1,200.0
A_C1234_source_C5_target,test,55,1,50.0
A_C1234_source_C5_target,test,162,1,100.0
A_C1234_source_C5_target,test,1362,3,75.0
A_C1234_source_C5_target,test,1112,2,87.5
A_C1234_source_C5_target,test,1457,3,125.0
A_C1234_source_C5_target,test,73,1,50.0
A_C1234_source_C5_target,test,430,0,12.5
A_C1234_source_C5_target,test,1165,2,100.0
A_C1234_source_C5_target,test,1506,3,150.0
A_C1234_source_C5_target,test,1494,3,150.0
A_C1234_source_C5_target,test,943,2,37.5
A_C1234_source_C5_target,test,1347,3,75.0
A_C1234_source_C5_target,test,372,1,225.0
A_C1234_source_C5_target,test,1231,2,125.0
A_C1234_source_C5_target,test,1158,2,100.0
A_C1234_source_C5_target,test,970,2,50.0
A_C1234_source_C5_target,test,911,2,25.0
A_C1234_source_C5_target,test,620,0,62.5
A_C1234_source_C5_target,test,429,0,12.5
A_C1234_source_C5_target,test,1167,2,100.0
A_C1234_source_C5_target,test,1622,3,225.0
A_C1234_source_C5_target,test,315,1,200.0
A_C1234_source_C5_target,test,1273,3,25.0
A_C1234_source_C5_target,test,808,0,125.0
A_C1234_source_C5_target,test,707,0,87.5
A_C1234_source_C5_target,test,22,1,25.0
A_C1234_source_C5_target,test,757,0,112.5
A_C1234_source_C5_target,test,189,1,125.0
A_C1234_source_C5_target,test,582,0,50.0
A_C1234_source_C5_target,test,1512,3,175.0
A_C1234_source_C5_target,test,790,0,112.5
A_C1234_source_C5_target,test,684,0,87.5
A_C1234_source_C5_target,test,898,2,25.0
A_C1234_source_C5_target,test,282,1,175.0
A_C1234_source_C5_target,test,141,1,100.0
A_C1234_source_C5_target,test,249,1,150.0
A_C1234_source_C5_target,test,798,0,125.0
A_C1234_source_C5_target,test,718,0,100.0
A_C1234_source_C5_target,test,864,2,12.5
A_C1234_source_C5_target,test,736,0,100.0
A_C1234_source_C5_target,test,947,2,37.5
A_C1234_source_C5_target,test,925,2,37.5
A_C1234_source_C5_target,test,25,1,25.0
A_C1234_source_C5_target,test,876,2,12.5
A_C1234_source_C5_target,test,659,0,75.0
A_C1234_source_C5_target,test,601,0,62.5
A_C1234_source_C5_target,test,1503,3,150.0
A_C1234_source_C5_target,test,1612,3,225.0
A_C1234_source_C5_target,test,1166,2,100.0
A_C1234_source_C5_target,test,227,1,150.0
A_C1234_source_C5_target,test,1089,2,75.0
A_C1234_source_C5_target,test,1556,3,200.0
A_C1234_source_C5_target,test,174,1,125.0
A_C1234_source_C5_target,test,1134,2,100.0
A_C1234_source_C5_target,test,248,1,150.0
A_C1234_source_C5_target,test,1132,2,87.5
A_C1234_source_C5_target,test,942,2,37.5
A_C1234_source_C5_target,test,839,0,125.0
A_C1234_source_C5_target,test,713,0,87.5
A_C1234_source_C5_target,test,1342,3,50.0
A_C1234_source_C5_target,test,161,1,100.0
A_C1234_source_C5_target,test,89,1,75.0
A_C1234_source_C5_target,test,1652,3,250.0
A_C1234_source_C5_target,test,62,1,50.0
A_C1234_source_C5_target,test,888,2,25.0
A_C1234_source_C5_target,test,1599,3,225.0
A_C1234_source_C5_target,test,241,1,150.0
A_C1234_source_C5_target,test,1110,2,87.5
A_C1234_source_C5_target,test,591,0,62.5
A_C1234_source_C5_target,test,821,0,125.0
A_C1234_source_C5_target,test,1038,2,62.5
A_C1234_source_C5_target,test,297,1,200.0
A_C1234_source_C5_target,test,1382,3,75.0
A_C1234_source_C5_target,test,469,0,25.0
A_C1234_source_C5_target,test,932,2,37.5
A_C1234_source_C5_target,test,881,2,12.5
A_C1234_source_C5_target,test,1184,2,112.5
A_C1234_source_C5_target,test,908,2,25.0
A_C1234_source_C5_target,test,1423,3,100.0
A_C1234_source_C5_target,test,309,1,200.0
A_C1234_source_C5_target,test,92,1,75.0
A_C1234_source_C5_target,test,474,0,25.0
A_C1234_source_C5_target,test,348,1,225.0
A_C1234_source_C5_target,test,1091,2,75.0
A_C1234_source_C5_target,test,191,1,125.0
A_C1234_source_C5_target,test,1090,2,75.0
A_C1234_source_C5_target,test,689,0,87.5
A_C1234_source_C5_target,test,407,1,250.0
A_C1234_source_C5_target,test,468,0,25.0
A_C1234_source_C5_target,test,573,0,50.0
A_C1234_source_C5_target,test,783,0,112.5
A_C1234_source_C5_target,test,1199,2,112.5
A_C1234_source_C5_target,test,1079,2,75.0
A_C1234_source_C5_target,test,539,0,37.5
A_C1234_source_C5_target,test,1583,3,200.0
A_C1234_source_C5_target,test,1400,3,100.0
A_C1234_source_C5_target,test,44,1,50.0
A_C1234_source_C5_target,test,652,0,75.0
A_C1234_source_C5_target,test,560,0,50.0
A_C1234_source_C5_target,test,414,1,250.0
A_C1234_source_C5_target,test,20,1,25.0
A_C1234_source_C5_target,test,753,0,100.0
A_C1234_source_C5_target,test,1207,2,112.5
A_C1234_source_C5_target,test,1516,3,175.0
A_C1234_source_C5_target,test,767,0,112.5
A_C1234_source_C5_target,test,1245,2,125.0
A_C1234_source_C5_target,test,84,1,75.0
A_C1234_source_C5_target,test,1611,3,225.0
A_C1234_source_C5_target,test,1317,3,50.0
A_C1234_source_C5_target,test,1370,3,75.0
A_C1234_source_C5_target,test,703,0,87.5
A_C1234_source_C5_target,test,502,0,25.0
A_C1234_source_C5_target,test,473,0,25.0
A_C1234_source_C5_target,test,1192,2,112.5
A_C1234_source_C5_target,test,110,1,75.0
A_C1234_source_C5_target,test,748,0,100.0
A_C1234_source_C5_target,test,687,0,87.5
A_C1234_source_C5_target,test,327,1,200.0
A_C1234_source_C5_target,test,354,1,225.0
A_C1234_source_C5_target,test,368,1,225.0
A_C1234_source_C5_target,test,305,1,200.0
A_C1234_source_C5_target,test,1520,3,175.0
A_C1234_source_C5_target,test,548,0,50.0
A_C1234_source_C5_target,test,108,1,75.0
A_C1234_source_C5_target,test,1122,2,87.5
A_C1234_source_C5_target,test,1656,3,250.0
A_C1234_source_C5_target,test,448,0,12.5
A_C1234_source_C5_target,test,1271,3,25.0
A_C1234_source_C5_target,test,95,1,75.0
A_C1234_source_C5_target,test,402,1,250.0
A_C1234_source_C5_target,test,1124,2,87.5
A_C1234_source_C5_target,test,662,0,75.0
A_C1234_source_C5_target,test,682,0,87.5
A_C1234_source_C5_target,test,1000,2,50.0
A_C1234_source_C5_target,test,192,1,125.0
A_C1234_source_C5_target,test,1230,2,125.0
A_C1234_source_C5_target,test,219,1,150.0
A_C1234_source_C5_target,test,661,0,75.0
A_C1234_source_C5_target,test,489,0,25.0
A_C1234_source_C5_target,test,1495,3,150.0
A_C1234_source_C5_target,test,1464,3,125.0
A_C1234_source_C5_target,test,295,1,200.0
A_C1234_source_C5_target,test,653,0,75.0
A_C1234_source_C5_target,test,1545,3,175.0
A_C1234_source_C5_target,test,1417,3,100.0
A_C1234_source_C5_target,test,1216,2,112.5
A_C1234_source_C5_target,test,952,2,37.5
A_C1234_source_C5_target,test,685,0,87.5
A_C1234_source_C5_target,test,670,0,75.0
A_C1234_source_C5_target,test,1662,3,250.0
A_C1234_source_C5_target,test,1275,3,25.0
A_C1234_source_C5_target,test,926,2,37.5
A_C1234_source_C5_target,test,1292,3,25.0
A_C1234_source_C5_target,test,509,0,37.5
A_C1234_source_C5_target,test,1295,3,25.0
A_C1234_source_C5_target,test,336,1,225.0
A_C1234_source_C5_target,test,1532,3,175.0
A_C1234_source_C5_target,test,975,2,50.0
A_C1234_source_C5_target,test,308,1,200.0
A_C1234_source_C5_target,test,883,2,25.0
A_C1234_source_C5_target,test,417,1,250.0
A_C1234_source_C5_target,test,874,2,12.5
A_C1234_source_C5_target,test,639,0,75.0
A_C1234_source_C5_target,test,789,0,112.5
A_C1234_source_C5_target,test,1267,3,25.0
A_C1234_source_C5_target,test,841,2,12.5
A_C1234_source_C5_target,test,1031,2,62.5
A_C1234_source_C5_target,test,134,1,100.0
A_C1234_source_C5_target,test,1384,3,75.0
A_C1234_source_C5_target,test,636,0,75.0
A_C1234_source_C5_target,test,1399,3,100.0
A_C1234_source_C5_target,test,611,0,62.5
A_C1234_source_C5_target,test,1425,3,100.0
A_C1234_source_C5_target,test,933,2,37.5
A_C1234_source_C5_target,test,213,1,150.0
A_C1234_source_C5_target,test,217,1,150.0
A_C1234_source_C5_target,test,281,1,175.0
A_C1234_source_C5_target,test,1049,2,62.5
A_C1234_source_C5_target,test,64,1,50.0
A_C1234_source_C5_target,test,342,1,225.0
A_C1234_source_C5_target,test,488,0,25.0
A_C1234_source_C5_target,test,406,1,250.0
A_C1234_source_C5_target,test,597,0,62.5
A_C1234_source_C5_target,test,1468,3,125.0
A_C1234_source_C5_target,test,1605,3,225.0
A_C1234_source_C5_target,test,201,1,125.0
A_C1234_source_C5_target,test,147,1,100.0
A_C1234_source_C5_target,test,1209,2,112.5
A_C1234_source_C5_target,test,518,0,37.5
A_C1234_source_C5_target,test,1104,2,87.5
A_C1234_source_C5_target,test,1227,2,125.0
A_C1234_source_C5_target,test,1116,2,87.5
A_C1234_source_C5_target,test,299,1,200.0
A_C1234_source_C5_target,test,164,1,100.0
A_C1234_source_C5_target,test,654,0,75.0
A_C1234_source_C5_target,test,1413,3,100.0
A_C1234_source_C5_target,test,998,2,50.0
A_C1234_source_C5_target,test,1491,3,150.0
A_C1234_source_C5_target,test,287,1,175.0
A_C1234_source_C5_target,test,1138,2,100.0
A_C1234_source_C5_target,test,446,0,12.5
A_C1234_source_C5_target,test,341,1,225.0
A_C1234_source_C5_target,test,187,1,125.0
A_C1234_source_C5_target,test,59,1,50.0
A_C1234_source_C5_target,test,1146,2,100.0
A_C1234_source_C5_target,test,209,1,125.0
A_C1234_source_C5_target,test,1355,3,75.0
A_C1234_source_C5_target,test,873,2,12.5
A_C1234_source_C5_target,test,1302,3,50.0
A_C1234_source_C5_target,test,604,0,62.5
A_C1234_source_C5_target,test,1396,3,100.0
A_C1234_source_C5_target,test,823,0,125.0
A_C1234_source_C5_target,test,1446,3,125.0
A_C1234_source_C5_target,test,1156,2,100.0
A_C1234_source_C5_target,test,167,1,100.0
A_C1234_source_C5_target,test,1671,3,250.0
A_C1234_source_C5_target,test,1106,2,87.5
A_C1234_source_C5_target,test,896,2,25.0
A_C1234_source_C5_target,test,235,1,150.0
A_C1234_source_C5_target,test,325,1,200.0
A_C1234_source_C5_target,test,211,1,150.0
A_C1234_source_C5_target,test,877,2,12.5
A_C1234_source_C5_target,test,972,2,50.0
A_C1234_source_C5_target,test,380,1,250.0
A_C1234_source_C5_target,test,1467,3,125.0
A_C1234_source_C5_target,test,1462,3,125.0
A_C1234_source_C5_target,test,185,1,125.0
A_C1234_source_C5_target,test,1540,3,175.0
A_C1234_source_C5_target,test,1410,3,100.0
A_C1234_source_C5_target,test,67,1,50.0
A_C1234_source_C5_target,test,810,0,125.0
A_C1234_source_C5_target,test,1239,2,125.0
A_C1234_source_C5_target,test,1350,3,75.0
A_C1234_source_C5_target,test,1674,3,250.0
A_C1234_source_C5_target,test,37,1,25.0
A_C1234_source_C5_target,test,449,0,12.5
A_C1234_source_C5_target,test,1485,3,150.0
A_C1234_source_C5_target,test,1011,2,62.5
A_C1234_source_C5_target,test,800,0,125.0
A_C1234_source_C5_target,test,738,0,100.0
A_C1234_source_C5_target,test,36,1,25.0
A_C1234_source_C5_target,test,1335,3,50.0
A_C1234_source_C5_target,test,802,0,125.0
A_C1234_source_C5_target,test,545,0,37.5
A_C1234_source_C5_target,test,1602,3,225.0
A_C1234_source_C5_target,test,764,0,112.5
A_C1234_source_C5_target,test,1663,3,250.0
A_C1234_source_C5_target,test,478,0,25.0
A_C1234_source_C5_target,test,160,1,100.0
A_C1234_source_C5_target,test,370,1,225.0
A_C1234_source_C5_target,test,710,0,87.5
A_C1234_source_C5_target,test,1238,2,125.0
A_C1234_source_C5_target,test,1155,2,100.0
A_C1234_source_C5_target,test,572,0,50.0
A_C1234_source_C5_target,test,1177,2,112.5
A_C1234_source_C5_target,test,1488,3,150.0
A_C1234_source_C5_target,test,752,0,100.0
A_C1234_source_C5_target,test,505,0,37.5
A_C1234_source_C5_target,test,1266,3,25.0
A_C1234_source_C5_target,test,1525,3,175.0
A_C1234_source_C5_target,test,225,1,150.0
A_C1234_source_C5_target,test,203,1,125.0
A_C1234_source_C5_target,test,1626,3,225.0
A_C1234_source_C5_target,test,1300,3,25.0
A_C1234_source_C5_target,test,634,0,75.0
A_C1234_source_C5_target,test,1092,2,87.5
A_C1234_source_C5_target,test,499,0,25.0
A_C1234_source_C5_target,test,915,2,25.0
A_C1234_source_C5_target,test,801,0,125.0
A_C1234_source_C5_target,test,1047,2,62.5
A_C1234_source_C5_target,test,1635,3,225.0
A_C1234_source_C5_target,test,993,2,50.0
A_C1234_source_C5_target,test,1576,3,200.0
A_C1234_source_C5_target,test,577,0,50.0
A_C1234_source_C5_target,test,172,1,125.0
A_C1234_source_C5_target,test,1563,3,200.0
A_C1234_source_C5_target,test,1480,3,150.0
A_C1234_source_C5_target,test,338,1,225.0
A_C1234_source_C5_target,test,1607,3,225.0
A_C1234_source_C5_target,test,507,0,37.5
A_C1234_source_C5_target,test,555,0,50.0
A_C1234_source_C5_target,test,1490,3,150.0
A_C1234_source_C5_target,test,778,0,112.5
A_C1234_source_C5_target,test,14,1,25.0
A_C1234_source_C5_target,test,102,1,75.0
A_C1234_source_C5_target,test,1241,2,125.0
A_C1234_source_C5_target,test,259,1,175.0
A_C1234_source_C5_target,test,1621,3,225.0
A_C1234_source_C5_target,test,568,0,50.0
A_C1234_source_C5_target,test,393,1,250.0
A_C1234_source_C5_target,test,1657,3,250.0
A_C1234_source_C5_target,test,373,1,225.0
A_C1234_source_C5_target,test,1348,3,75.0
A_C1234_source_C5_target,test,432,0,12.5
A_C1234_source_C5_target,test,1673,3,250.0
A_C1234_source_C5_target,test,144,1,100.0
A_C1234_source_C5_target,test,663,0,75.0
A_C1234_source_C5_target,test,680,0,87.5
A_C1234_source_C5_target,test,437,0,12.5
A_C1234_source_C5_target,test,175,1,125.0
A_C1234_source_C5_target,test,984,2,50.0
A_C1234_source_C5_target,test,19,1,25.0
A_C1234_source_C5_target,test,47,1,50.0
A_C1234_source_C5_target,test,1100,2,87.5
A_C1234_source_C5_target,test,352,1,225.0
A_C1234_source_C5_target,test,403,1,250.0
A_C1234_source_C5_target,test,1581,3,200.0
A_C1234_source_C5_target,test,1428,3,125.0
A_C1234_source_C5_target,test,1316,3,50.0
A_C1234_source_C5_target,test,1654,3,250.0
A_C1234_source_C5_target,test,460,0,12.5
A_C1234_source_C5_target,test,570,0,50.0
A_C1234_source_C5_target,test,525,0,37.5
A_C1234_source_C5_target,test,54,1,50.0
A_C1234_source_C5_target,test,1253,2,125.0
A_C1234_source_C5_target,test,982,2,50.0
A_C1234_source_C5_target,test,200,1,125.0
A_C1234_source_C5_target,test,165,1,100.0
A_C1234_source_C5_target,test,396,1,250.0
A_C1234_source_C5_target,test,795,0,112.5
A_C1234_source_C5_target,test,8,1,25.0
A_C1234_source_C5_target,test,420,0,12.5
A_C1234_source_C5_target,test,173,1,125.0
A_C1234_source_C5_target,test,642,0,75.0
A_C1234_source_C5_target,test,1173,2,100.0
A_C1234_source_C5_target,test,96,1,75.0
A_C1234_source_C5_target,test,1022,2,62.5
A_C1234_source_C5_target,test,194,1,125.0
A_C1234_source_C5_target,test,1071,2,75.0
A_C1234_source_C5_target,test,57,1,50.0
A_C1234_source_C5_target,test,1246,2,125.0
A_C1234_source_C5_target,test,1294,3,25.0
A_C1234_source_C5_target,test,994,2,50.0
A_C1234_source_C5_target,test,333,1,200.0
A_C1234_source_C5_target,test,260,1,175.0
A_C1234_source_C5_target,test,463,0,25.0
A_C1234_source_C5_target,test,1585,3,200.0
A_C1234_source_C5_target,test,151,1,100.0
A_C1234_source_C5_target,test,224,1,150.0
A_C1234_source_C5_target,test,665,0,75.0
A_C1234_source_C5_target,test,127,1,100.0
A_C1234_source_C5_target,test,1442,3,125.0
A_C1234_source_C5_target,test,1164,2,100.0
A_C1234_source_C5_target,test,924,2,37.5
A_C1234_source_C5_target,test,123,1,75.0
A_C1234_source_C5_target,test,571,0,50.0
A_C1234_source_C5_target,test,1483,3,150.0
A_C1234_source_C5_target,test,826,0,125.0
A_C1234_source_C5_target,test,1352,3,75.0
A_C1234_source_C5_target,test,813,0,125.0
A_C1234_source_C5_target,test,1248,2,125.0
A_C1234_source_C5_target,test,293,1,175.0
A_C1234_source_C5_target,test,250,1,150.0
A_C1234_source_C5_target,test,347,1,225.0
A_C1234_source_C5_target,test,1328,3,50.0
A_C1234_source_C5_target,test,510,0,37.5
A_C1234_source_C5_target,test,567,0,50.0
A_C1234_source_C5_target,test,1306,3,50.0
A_C1234_source_C5_target,test,968,2,50.0
A_C1234_source_C5_target,test,980,2,50.0
A_C1234_source_C5_target,test,728,0,100.0
A_C1234_source_C5_target,test,1672,3,250.0
A_C1234_source_C5_target,test,1514,3,175.0
A_C1234_source_C5_target,test,306,1,200.0
A_C1234_source_C5_target,test,886,2,25.0
A_C1234_source_C5_target,test,977,2,50.0
A_C1234_source_C5_target,test,1601,3,225.0
A_C1234_source_C5_target,test,937,2,37.5
A_C1234_source_C5_target,test,1372,3,75.0
A_C1234_source_C5_target,test,383,1,250.0
A_C1234_source_C5_target,test,1595,3,200.0
A_C1234_source_C5_target,test,113,1,75.0
A_C1234_source_C5_target,test,269,1,175.0
A_C1234_source_C5_target,test,79,1,50.0
A_C1234_source_C5_target,test,761,0,112.5
A_C1234_source_C5_target,test,1121,2,87.5
A_C1234_source_C5_target,test,1012,2,62.5
A_C1234_source_C5_target,test,1003,2,50.0
A_C1234_source_C5_target,test,936,2,37.5
A_C1234_source_C5_target,test,360,1,225.0
A_C1234_source_C5_target,test,441,0,12.5
A_C1234_source_C5_target,test,66,1,50.0
A_C1234_source_C5_target,test,897,2,25.0
A_C1234_source_C5_target,test,1153,2,100.0
A_C1234_source_C5_target,test,1647,3,250.0
A_C1234_source_C5_target,test,1320,3,50.0
A_C1234_source_C5_target,test,98,1,75.0
A_C1234_source_C5_target,test,1014,2,62.5
A_C1234_source_C5_target,test,12,1,25.0
A_C1234_source_C5_target,test,806,0,125.0
A_C1234_source_C5_target,test,1130,2,87.5
A_C1234_source_C5_target,test,1544,3,175.0
A_C1234_source_C5_target,test,1161,2,100.0
A_C1234_source_C5_target,test,425,0,12.5
A_C1234_source_C5_target,test,979,2,50.0
A_C1234_source_C5_target,test,404,1,250.0
A_C1234_source_C5_target,test,871,2,12.5
A_C1234_source_C5_target,test,1206,2,112.5
A_C1234_source_C5_target,test,1629,3,225.0
A_C1234_source_C5_target,test,1203,2,112.5
A_C1234_source_C5_target,test,1039,2,62.5
A_C1234_source_C5_target,test,1050,2,75.0
A_C1234_source_C5_target,test,317,1,200.0
A_C1234_source_C5_target,test,771,0,112.5
A_C1234_source_C5_target,test,1330,3,50.0
A_C1234_source_C5_target,test,900,2,25.0
A_C1234_source_C5_target,test,524,0,37.5
A_C1234_source_C5_target,test,1074,2,75.0
A_C1234_source_C5_target,test,1145,2,100.0
A_C1234_source_C5_target,test,631,0,75.0
A_C1234_source_C5_target,test,1136,2,100.0
A_C1234_source_C5_target,test,365,1,225.0
A_C1234_source_C5_target,test,945,2,37.5
A_C1234_source_C5_target,test,1240,2,125.0
A_C1234_source_C5_target,test,410,1,250.0
A_C1234_source_C5_target,test,1053,2,75.0
A_C1234_source_C5_target,test,1279,3,25.0
A_C1234_source_C5_target,test,1478,3,150.0
A_C1234_source_C5_target,test,655,0,75.0
A_C1234_source_C5_target,test,266,1,175.0
A_C1234_source_C5_target,test,304,1,200.0
A_C1234_source_C5_target,test,894,2,25.0
A_C1234_source_C5_target,test,353,1,225.0
A_C1234_source_C5_target,test,290,1,175.0
A_C1234_source_C5_target,test,397,1,250.0
A_C1234_source_C5_target,test,1311,3,50.0
A_C1234_source_C5_target,test,332,1,200.0
A_C1234_source_C5_target,test,1351,3,75.0
A_C1234_source_C5_target,test,150,1,100.0
A_C1234_source_C5_target,test,1325,3,50.0
A_C1234_source_C5_target,test,1632,3,225.0
A_C1234_source_C5_target,test,612,0,62.5
A_C1234_source_C5_target,test,345,1,225.0
A_C1234_source_C5_target,test,1638,3,250.0
A_C1234_source_C5_target,test,1523,3,175.0
A_C1234_source_C5_target,test,1550,3,175.0
A_C1234_source_C5_target,test,456,0,12.5
A_C1234_source_C5_target,test,388,1,250.0
A_C1234_source_C5_target,test,1461,3,125.0
A_C1234_source_C5_target,test,30,1,25.0
A_C1234_source_C5_target,test,1305,3,50.0
A_C1234_source_C5_target,test,1008,2,62.5
A_C1234_source_C5_target,test,1574,3,200.0
A_C1234_source_C5_target,test,1527,3,175.0
A_C1234_source_C5_target,test,294,1,200.0
A_C1234_source_C5_target,test,1459,3,125.0
A_C1234_source_C5_target,test,1609,3,225.0
A_C1234_source_C5_target,test,580,0,50.0
A_C1234_source_C5_target,test,990,2,50.0
A_C1234_source_C5_target,test,1045,2,62.5
A_C1234_source_C5_target,test,188,1,125.0
A_C1234_source_C5_target,test,1618,3,225.0
A_C1234_source_C5_target,test,858,2,12.5
A_C1234_source_C5_target,test,1586,3,200.0
A_C1234_source_C5_target,test,890,2,25.0
A_C1234_source_C5_target,test,549,0,50.0
A_C1234_source_C5_target,test,1365,3,75.0
A_C1234_source_C5_target,test,797,0,112.5
A_C1234_source_C5_target,test,1513,3,175.0
A_C1234_source_C5_target,test,1188,2,112.5
A_C1234_source_C5_target,test,697,0,87.5
A_C1234_source_C5_target,test,278,1,175.0
A_C1234_source_C5_target,test,1006,2,50.0
A_C1234_source_C5_target,test,519,0,37.5
A_C1234_source_C5_target,test,781,0,112.5
A_C1234_source_C5_target,test,2,1,25.0
A_C1234_source_C5_target,test,1555,3,200.0
A_C1234_source_C5_target,test,1072,2,75.0
A_C1234_source_C5_target,test,868,2,12.5
A_C1234_source_C5_target,test,729,0,100.0
A_C1234_source_C5_target,test,625,0,62.5
A_C1234_source_C5_target,test,535,0,37.5
A_C1234_source_C5_target,test,1324,3,50.0
A_C1234_source_C5_target,test,1339,3,50.0
A_C1234_source_C5_target,test,103,1,75.0
A_C1234_source_C5_target,test,1326,3,50.0
A_C1234_source_C5_target,test,769,0,112.5
A_C1234_source_C5_target,test,1193,2,112.5
A_C1234_source_C5_target,test,1426,3,100.0
A_C1234_source_C5_target,test,216,1,150.0
A_C1234_source_C5_target,test,919,2,25.0
A_C1234_source_C5_target,test,1406,3,100.0
A_C1234_source_C5_target,test,843,2,12.5
A_C1234_source_C5_target,test,1623,3,225.0
A_C1234_source_C5_target,test,1084,2,75.0
A_C1234_source_C5_target,test,581,0,50.0
A_C1234_source_C5_target,test,627,0,62.5
A_C1234_source_C5_target,test,722,0,100.0
A_C1234_source_C5_target,test,1376,3,75.0
A_C1234_source_C5_target,test,1018,2,62.5
A_C1234_source_C5_target,test,838,0,125.0
A_C1234_source_C5_target,test,912,2,25.0
A_C1234_source_C5_target,test,875,2,12.5
A_C1234_source_C5_target,test,1044,2,62.5
A_C1234_source_C5_target,test,616,0,62.5
A_C1234_source_C5_target,test,1183,2,112.5
A_C1234_source_C5_target,test,1677,3,250.0
A_C1234_source_C5_target,test,1175,2,100.0
A_C1234_source_C5_target,test,1299,3,25.0
A_C1234_source_C5_target,test,1190,2,112.5
A_C1234_source_C5_target,test,1377,3,75.0
A_C1234_source_C5_target,test,1498,3,150.0
A_C1234_source_C5_target,test,1202,2,112.5
A_C1234_source_C5_target,test,206,1,125.0
A_C1234_source_C5_target,test,854,2,12.5
A_C1234_source_C5_target,test,1443,3,125.0
A_C1234_source_C5_target,test,371,1,225.0
A_C1234_source_C5_target,test,256,1,175.0
A_C1234_source_C5_target,test,426,0,12.5
A_C1234_source_C5_target,test,1386,3,100.0
A_C1234_source_C5_target,test,117,1,75.0
A_C1234_source_C5_target,test,280,1,175.0
A_C1234_source_C5_target,test,1367,3,75.0
A_C1234_source_C5_target,test,647,0,75.0
A_C1234_source_C5_target,test,887,2,25.0
A_C1234_source_C5_target,test,755,0,100.0
A_C1234_source_C5_target,test,1537,3,175.0
A_C1234_source_C5_target,test,742,0,100.0
A_C1234_source_C5_target,test,291,1,175.0
A_C1234_source_C5_target,test,996,2,50.0
A_C1234_source_C5_target,test,1591,3,200.0
A_C1234_source_C5_target,test,610,0,62.5
A_C1234_source_C5_target,test,1375,3,75.0
A_C1234_source_C5_target,test,1424,3,100.0
A_C1234_source_C5_target,test,1522,3,175.0
A_C1234_source_C5_target,test,930,2,37.5
A_C1234_source_C5_target,test,125,1,75.0
A_C1234_source_C5_target,test,394,1,250.0
A_C1234_source_C5_target,test,137,1,100.0
A_C1234_source_C5_target,test,111,1,75.0
A_C1234_source_C5_target,test,405,1,250.0
A_C1234_source_C5_target,test,1397,3,100.0
A_C1234_source_C5_target,test,985,2,50.0
A_C1234_source_C5_target,test,119,1,75.0
A_C1234_source_C5_target,test,63,1,50.0
A_C1234_source_C5_target,test,409,1,250.0
A_C1234_source_C5_target,test,594,0,62.5
A_C1234_source_C5_target,test,961,2,37.5
A_C1234_source_C5_target,test,576,0,50.0
A_C1234_source_C5_target,test,758,0,112.5
A_C1234_source_C5_target,test,288,1,175.0
A_C1234_source_C5_target,test,1639,3,250.0
A_C1234_source_C5_target,test,1439,3,125.0
A_C1234_source_C5_target,test,1414,3,100.0
A_C1234_source_C5_target,test,148,1,100.0
A_C1234_source_C5_target,test,1059,2,75.0
A_C1234_source_C5_target,test,686,0,87.5
A_C1234_source_C5_target,test,135,1,100.0
A_C1234_source_C5_target,test,1140,2,100.0
A_C1234_source_C5_target,test,618,0,62.5
A_C1234_source_C5_target,test,988,2,50.0
A_C1234_source_C5_target,test,485,0,25.0
A_C1234_source_C5_target,test,557,0,50.0
A_C1234_source_C5_target,test,475,0,25.0
A_C1234_source_C5_target,test,1589,3,200.0
A_C1234_source_C5_target,test,1201,2,112.5
A_C1234_source_C5_target,test,1617,3,225.0
A_C1234_source_C5_target,test,772,0,112.5
A_C1234_source_C5_target,test,951,2,37.5
A_C1234_source_C5_target,test,143,1,100.0
A_C1234_source_C5_target,test,819,0,125.0
A_C1234_source_C5_target,test,181,1,125.0
A_C1234_source_C5_target,test,72,1,50.0
A_C1234_source_C5_target,test,1196,2,112.5
A_C1234_source_C5_target,test,1135,2,100.0
A_C1234_source_C5_target,test,1447,3,125.0
A_C1234_source_C5_target,test,565,0,50.0
A_C1234_source_C5_target,test,803,0,125.0
A_C1234_source_C5_target,test,1127,2,87.5
A_C1234_source_C5_target,test,600,0,62.5
A_C1234_source_C5_target,test,1421,3,100.0
A_C1234_source_C5_target,test,749,0,100.0
A_C1234_source_C5_target,test,1538,3,175.0
A_C1234_source_C5_target,test,1404,3,100.0
A_C1234_source_C5_target,test,1613,3,225.0
A_C1234_source_C5_target,test,1403,3,100.0
A_C1234_source_C5_target,test,1256,2,125.0
A_C1234_source_C5_target,test,1280,3,25.0
A_C1234_source_C5_target,test,730,0,100.0
A_C1234_source_C5_target,test,419,1,250.0
A_C1234_source_C5_target,test,264,1,175.0
A_C1234_source_C5_target,test,517,0,37.5
A_C1234_source_C5_target,test,494,0,25.0
A_C1234_source_C5_target,test,1332,3,50.0
A_C1234_source_C5_target,test,355,1,225.0
A_C1234_source_C5_target,test,337,1,225.0
A_C1234_source_C5_target,test,1455,3,125.0
A_C1234_source_C5_target,test,955,2,37.5
A_C1234_source_C5_target,test,750,0,100.0
A_C1234_source_C5_target,test,212,1,150.0
A_C1234_source_C5_target,test,1101,2,87.5
A_C1234_source_C5_target,test,344,1,225.0
A_C1234_source_C5_target,test,735,0,100.0
A_C1234_source_C5_target,test,97,1,75.0
A_C1234_source_C5_target,test,543,0,37.5
A_C1234_source_C5_target,test,1651,3,250.0
A_C1234_source_C5_target,test,273,1,175.0
A_C1234_source_C5_target,test,1353,3,75.0
A_C1234_source_C5_target,test,1584,3,200.0
A_C1234_source_C5_target,test,872,2,12.5
A_C1234_source_C5_target,test,1017,2,62.5
A_C1234_source_C5_target,test,1659,3,250.0
A_C1234_source_C5_target,test,116,1,75.0
A_C1234_source_C5_target,test,400,1,250.0
A_C1234_source_C5_target,test,1125,2,87.5
A_C1234_source_C5_target,test,1286,3,25.0
A_C1234_source_C5_target,test,1036,2,62.5
A_C1234_source_C5_target,test,1007,2,50.0
A_C1234_source_C5_target,test,246,1,150.0
A_C1234_source_C5_target,test,1427,3,100.0
A_C1234_source_C5_target,test,607,0,62.5
A_C1234_source_C5_target,test,1658,3,250.0
A_C1234_source_C5_target,test,1131,2,87.5
A_C1234_source_C5_target,test,1142,2,100.0
A_C1234_source_C5_target,test,390,1,250.0
A_C1234_source_C5_target,test,9,1,25.0
A_C1234_source_C5_target,test,1531,3,175.0
A_C1234_source_C5_target,test,15,1,25.0
A_C1234_source_C5_target,test,152,1,100.0
A_C1234_source_C5_target,test,428,0,12.5
A_C1234_source_C5_target,test,1063,2,75.0
A_C1234_source_C5_target,test,927,2,37.5
A_C1234_source_C5_target,test,1590,3,200.0
A_C1234_source_C5_target,test,471,0,25.0
A_C1234_source_C5_target,test,777,0,112.5
A_C1234_source_C5_target,test,263,1,175.0
A_C1234_source_C5_target,test,1451,3,125.0
A_C1234_source_C5_target,test,385,1,250.0
A_C1234_source_C5_target,test,1637,3,225.0
A_C1234_source_C5_target,test,1458,3,125.0
A_C1234_source_C5_target,test,536,0,37.5
A_C1234_source_C5_target,test,696,0,87.5
A_C1234_source_C5_target,test,584,0,50.0
A_C1234_source_C5_target,test,128,1,100.0
A_C1234_source_C5_target,test,1068,2,75.0
A_C1234_source_C5_target,test,1088,2,75.0
A_C1234_source_C5_target,test,1144,2,100.0
A_C1234_source_C5_target,test,1469,3,125.0
A_C1234_source_C5_target,test,379,1,250.0
A_C1234_source_C5_target,test,1354,3,75.0
A_C1234_source_C5_target,test,1223,2,125.0
A_C1234_source_C5_target,test,3,1,25.0
A_C1234_source_C5_target,test,1507,3,150.0
A_C1234_source_C5_target,test,498,0,25.0
A_C1234_source_C5_target,test,1643,3,250.0
A_C1234_source_C5_target,test,1431,3,125.0
A_C1234_source_C5_target,test,367,1,225.0
A_C1234_source_C5_target,test,585,0,50.0
A_C1234_source_C5_target,test,630,0,75.0
A_C1234_source_C5_target,test,706,0,87.5
A_C1234_source_C5_target,test,56,1,50.0
A_C1234_source_C5_target,test,746,0,100.0
A_C1234_source_C5_target,test,1435,3,125.0
A_C1234_source_C5_target,test,107,1,75.0
A_C1234_source_C5_target,test,1568,3,200.0
A_C1234_source_C5_target,test,1109,2,87.5
A_C1234_source_C5_target,test,1592,3,200.0
A_C1234_source_C5_target,test,70,1,50.0
A_C1234_source_C5_target,test,1499,3,150.0
A_C1234_source_C5_target,test,1383,3,75.0
A_C1234_source_C5_target,test,1314,3,50.0
A_C1234_source_C5_target,test,467,0,25.0
A_C1234_source_C5_target,test,438,0,12.5
A_C1234_source_C5_target,test,844,2,12.5
A_C1234_source_C5_target,test,1678,3,250.0
A_C1234_source_C5_target,test,454,0,12.5
A_C1234_source_C5_target,test,1019,2,62.5
A_C1234_source_C5_target,test,531,0,37.5
A_C1234_source_C5_target,test,1470,3,150.0
A_C1234_source_C5_target,test,1625,3,225.0
A_C1234_source_C5_target,test,493,0,25.0
A_C1234_source_C5_target,test,669,0,75.0
A_C1234_source_C5_target,test,1288,3,25.0
A_C1234_source_C5_target,test,1572,3,200.0
B_C12_source_C345_target,calibration,1439,3,125.0
B_C12_source_C345_target,calibration,1650,3,250.0
B_C12_source_C345_target,calibration,596,0,62.5
B_C12_source_C345_target,calibration,595,0,62.5
B_C12_source_C345_target,calibration,1666,3,250.0
B_C12_source_C345_target,calibration,1170,2,100.0
B_C12_source_C345_target,calibration,225,1,150.0
B_C12_source_C345_target,calibration,309,1,200.0
B_C12_source_C345_target,calibration,1634,3,225.0
B_C12_source_C345_target,calibration,825,0,125.0
B_C12_source_C345_target,calibration,342,1,225.0
B_C12_source_C345_target,calibration,1536,3,175.0
B_C12_source_C345_target,calibration,1345,3,75.0
B_C12_source_C345_target,calibration,908,2,25.0
B_C12_source_C345_target,calibration,1378,3,75.0
B_C12_source_C345_target,calibration,1626,3,225.0
B_C12_source_C345_target,calibration,1670,3,250.0
B_C12_source_C345_target,calibration,1473,3,150.0
B_C12_source_C345_target,calibration,1230,2,125.0
B_C12_source_C345_target,calibration,650,0,75.0
B_C12_source_C345_target,calibration,1162,2,100.0
B_C12_source_C345_target,calibration,1280,3,25.0
B_C12_source_C345_target,calibration,393,1,250.0
B_C12_source_C345_target,calibration,6,1,25.0
B_C12_source_C345_target,calibration,793,0,112.5
B_C12_source_C345_target,calibration,1402,3,100.0
B_C12_source_C345_target,calibration,1516,3,175.0
B_C12_source_C345_target,calibration,829,0,125.0
B_C12_source_C345_target,calibration,8,1,25.0
B_C12_source_C345_target,calibration,1359,3,75.0
B_C12_source_C345_target,calibration,939,2,37.5
B_C12_source_C345_target,calibration,155,1,100.0
B_C12_source_C345_target,calibration,924,2,37.5
B_C12_source_C345_target,calibration,1540,3,175.0
B_C12_source_C345_target,calibration,709,0,87.5
B_C12_source_C345_target,calibration,1403,3,100.0
B_C12_source_C345_target,calibration,1468,3,125.0
B_C12_source_C345_target,calibration,867,2,12.5
B_C12_source_C345_target,calibration,179,1,125.0
B_C12_source_C345_target,calibration,458,0,12.5
B_C12_source_C345_target,calibration,194,1,125.0
B_C12_source_C345_target,calibration,581,0,50.0
B_C12_source_C345_target,calibration,1273,3,25.0
B_C12_source_C345_target,calibration,324,1,200.0
B_C12_source_C345_target,calibration,62,1,50.0
B_C12_source_C345_target,calibration,369,1,225.0
B_C12_source_C345_target,calibration,335,1,200.0
B_C12_source_C345_target,calibration,808,0,125.0
B_C12_source_C345_target,calibration,669,0,75.0
B_C12_source_C345_target,calibration,519,0,37.5
B_C12_source_C345_target,calibration,920,2,25.0
B_C12_source_C345_target,calibration,107,1,75.0
B_C12_source_C345_target,calibration,374,1,225.0
B_C12_source_C345_target,calibration,160,1,100.0
B_C12_source_C345_target,calibration,749,0,100.0
B_C12_source_C345_target,calibration,1458,3,125.0
B_C12_source_C345_target,calibration,545,0,37.5
B_C12_source_C345_target,calibration,1392,3,100.0
B_C12_source_C345_target,calibration,486,0,25.0
B_C12_source_C345_target,calibration,359,1,225.0
B_C12_source_C345_target,calibration,195,1,125.0
B_C12_source_C345_target,calibration,981,2,50.0
B_C12_source_C345_target,calibration,573,0,50.0
B_C12_source_C345_target,calibration,782,0,112.5
B_C12_source_C345_target,calibration,1591,3,200.0
B_C12_source_C345_target,calibration,1663,3,250.0
B_C12_source_C345_target,calibration,517,0,37.5
B_C12_source_C345_target,calibration,811,0,125.0
B_C12_source_C345_target,calibration,1155,2,100.0
B_C12_source_C345_target,calibration,1277,3,25.0
B_C12_source_C345_target,calibration,1351,3,75.0
B_C12_source_C345_target,calibration,16,1,25.0
B_C12_source_C345_target,calibration,1651,3,250.0
B_C12_source_C345_target,calibration,1276,3,25.0
B_C12_source_C345_target,calibration,279,1,175.0
B_C12_source_C345_target,calibration,1594,3,200.0
B_C12_source_C345_target,calibration,212,1,150.0
B_C12_source_C345_target,calibration,1184,2,112.5
B_C12_source_C345_target,calibration,1112,2,87.5
B_C12_source_C345_target,calibration,1388,3,100.0
B_C12_source_C345_target,calibration,282,1,175.0
B_C12_source_C345_target,calibration,469,0,25.0
B_C12_source_C345_target,calibration,646,0,75.0
B_C12_source_C345_target,calibration,827,0,125.0
B_C12_source_C345_target,calibration,799,0,125.0
B_C12_source_C345_target,calibration,703,0,87.5
B_C12_source_C345_target,calibration,1529,3,175.0
B_C12_source_C345_target,calibration,1020,2,62.5
B_C12_source_C345_target,calibration,864,2,12.5
B_C12_source_C345_target,calibration,547,0,50.0
B_C12_source_C345_target,calibration,277,1,175.0
B_C12_source_C345_target,calibration,1497,3,150.0
B_C12_source_C345_target,calibration,390,1,250.0
B_C12_source_C345_target,calibration,339,1,225.0
B_C12_source_C345_target,calibration,1566,3,200.0
B_C12_source_C345_target,calibration,724,0,100.0
B_C12_source_C345_target,calibration,1221,2,125.0
B_C12_source_C345_target,calibration,789,0,112.5
B_C12_source_C345_target,calibration,1469,3,125.0
B_C12_source_C345_target,calibration,774,0,112.5
B_C12_source_C345_target,calibration,925,2,37.5
B_C12_source_C345_target,calibration,1531,3,175.0
B_C12_source_C345_target,calibration,1001,2,50.0
B_C12_source_C345_target,calibration,673,0,87.5
B_C12_source_C345_target,calibration,51,1,50.0
B_C12_source_C345_target,calibration,435,0,12.5
B_C12_source_C345_target,calibration,322,1,200.0
B_C12_source_C345_target,calibration,1487,3,150.0
B_C12_source_C345_target,calibration,1524,3,175.0
B_C12_source_C345_target,calibration,941,2,37.5
B_C12_source_C345_target,calibration,557,0,50.0
B_C12_source_C345_target,calibration,450,0,12.5
B_C12_source_C345_target,calibration,754,0,100.0
B_C12_source_C345_target,calibration,401,1,250.0
B_C12_source_C345_target,calibration,45,1,50.0
B_C12_source_C345_target,calibration,505,0,37.5
B_C12_source_C345_target,calibration,487,0,25.0
B_C12_source_C345_target,calibration,1168,2,100.0
B_C12_source_C345_target,calibration,657,0,75.0
B_C12_source_C345_target,calibration,625,0,62.5
B_C12_source_C345_target,calibration,1343,3,50.0
B_C12_source_C345_target,calibration,67,1,50.0
B_C12_source_C345_target,calibration,1645,3,250.0
B_C12_source_C345_target,calibration,247,1,150.0
B_C12_source_C345_target,calibration,423,0,12.5
B_C12_source_C345_target,calibration,459,0,12.5
B_C12_source_C345_target,calibration,492,0,25.0
B_C12_source_C345_target,calibration,454,0,12.5
B_C12_source_C345_target,calibration,1,1,25.0
B_C12_source_C345_target,calibration,100,1,75.0
B_C12_source_C345_target,calibration,1618,3,225.0
B_C12_source_C345_target,calibration,684,0,87.5
B_C12_source_C345_target,calibration,215,1,150.0
B_C12_source_C345_target,calibration,1574,3,200.0
B_C12_source_C345_target,calibration,1216,2,112.5
B_C12_source_C345_target,calibration,366,1,225.0
B_C12_source_C345_target,calibration,880,2,12.5
B_C12_source_C345_target,calibration,1332,3,50.0
B_C12_source_C345_target,calibration,685,0,87.5
B_C12_source_C345_target,calibration,297,1,200.0
B_C12_source_C345_target,calibration,1056,2,75.0
B_C12_source_C345_target,calibration,70,1,50.0
B_C12_source_C345_target,calibration,1084,2,75.0
B_C12_source_C345_target,calibration,1314,3,50.0
B_C12_source_C345_target,calibration,872,2,12.5
B_C12_source_C345_target,calibration,378,1,250.0
B_C12_source_C345_target,calibration,1217,2,112.5
B_C12_source_C345_target,calibration,1316,3,50.0
B_C12_source_C345_target,calibration,1556,3,200.0
B_C12_source_C345_target,calibration,1075,2,75.0
B_C12_source_C345_target,calibration,1317,3,50.0
B_C12_source_C345_target,calibration,584,0,50.0
B_C12_source_C345_target,calibration,408,1,250.0
B_C12_source_C345_target,calibration,1235,2,125.0
B_C12_source_C345_target,calibration,590,0,62.5
B_C12_source_C345_target,calibration,752,0,100.0
B_C12_source_C345_target,calibration,1014,2,62.5
B_C12_source_C345_target,calibration,272,1,175.0
B_C12_source_C345_target,calibration,929,2,37.5
B_C12_source_C345_target,calibration,190,1,125.0
B_C12_source_C345_target,calibration,1130,2,87.5
B_C12_source_C345_target,calibration,1249,2,125.0
B_C12_source_C345_target,calibration,112,1,75.0
B_C12_source_C345_target,calibration,422,0,12.5
B_C12_source_C345_target,calibration,219,1,150.0
B_C12_source_C345_target,calibration,1086,2,75.0
B_C12_source_C345_target,calibration,861,2,12.5
B_C12_source_C345_target,calibration,1510,3,150.0
B_C12_source_C345_target,calibration,1598,3,225.0
B_C12_source_C345_target,calibration,416,1,250.0
B_C12_source_C345_target,calibration,484,0,25.0
B_C12_source_C345_target,calibration,983,2,50.0
B_C12_source_C345_target,calibration,1664,3,250.0
B_C12_source_C345_target,calibration,1637,3,225.0
B_C12_source_C345_target,calibration,117,1,75.0
B_C12_source_C345_target,calibration,1499,3,150.0
B_C12_source_C345_target,calibration,1303,3,50.0
B_C12_source_C345_target,calibration,1201,2,112.5
B_C12_source_C345_target,calibration,33,1,25.0
B_C12_source_C345_target,calibration,889,2,25.0
B_C12_source_C345_target,calibration,607,0,62.5
B_C12_source_C345_target,calibration,229,1,150.0
B_C12_source_C345_target,calibration,1220,2,125.0
B_C12_source_C345_target,calibration,1254,2,125.0
B_C12_source_C345_target,calibration,987,2,50.0
B_C12_source_C345_target,calibration,1270,3,25.0
B_C12_source_C345_target,calibration,656,0,75.0
B_C12_source_C345_target,calibration,702,0,87.5
B_C12_source_C345_target,calibration,1072,2,75.0
B_C12_source_C345_target,calibration,1606,3,225.0
B_C12_source_C345_target,calibration,1407,3,100.0
B_C12_source_C345_target,calibration,1156,2,100.0
B_C12_source_C345_target,calibration,770,0,112.5
B_C12_source_C345_target,calibration,914,2,25.0
B_C12_source_C345_target,calibration,124,1,75.0
B_C12_source_C345_target,calibration,682,0,87.5
B_C12_source_C345_target,calibration,1173,2,100.0
B_C12_source_C345_target,calibration,1352,3,75.0
B_C12_source_C345_target,calibration,1338,3,50.0
B_C12_source_C345_target,calibration,327,1,200.0
B_C12_source_C345_target,calibration,598,0,62.5
B_C12_source_C345_target,calibration,1476,3,150.0
B_C12_source_C345_target,calibration,32,1,25.0
B_C12_source_C345_target,calibration,832,0,125.0
B_C12_source_C345_target,calibration,166,1,100.0
B_C12_source_C345_target,calibration,990,2,50.0
B_C12_source_C345_target,calibration,571,0,50.0
B_C12_source_C345_target,calibration,670,0,75.0
B_C12_source_C345_target,calibration,495,0,25.0
B_C12_source_C345_target,calibration,1611,3,225.0
B_C12_source_C345_target,calibration,156,1,100.0
B_C12_source_C345_target,calibration,1424,3,100.0
B_C12_source_C345_target,calibration,103,1,75.0
B_C12_source_C345_target,calibration,395,1,250.0
B_C12_source_C345_target,calibration,1475,3,150.0
B_C12_source_C345_target,calibration,1081,2,75.0
B_C12_source_C345_target,calibration,276,1,175.0
B_C12_source_C345_target,calibration,470,0,25.0
B_C12_source_C345_target,calibration,1349,3,75.0
B_C12_source_C345_target,calibration,1095,2,87.5
B_C12_source_C345_target,calibration,516,0,37.5
B_C12_source_C345_target,calibration,444,0,12.5
B_C12_source_C345_target,calibration,630,0,75.0
B_C12_source_C345_target,calibration,1140,2,100.0
B_C12_source_C345_target,calibration,1000,2,50.0
B_C12_source_C345_target,calibration,1041,2,62.5
B_C12_source_C345_target,calibration,998,2,50.0
B_C12_source_C345_target,calibration,1442,3,125.0
B_C12_source_C345_target,calibration,333,1,200.0
B_C12_source_C345_target,calibration,1319,3,50.0
B_C12_source_C345_target,calibration,734,0,100.0
B_C12_source_C345_target,calibration,663,0,75.0
B_C12_source_C345_target,calibration,824,0,125.0
B_C12_source_C345_target,calibration,1039,2,62.5
B_C12_source_C345_target,calibration,629,0,62.5
B_C12_source_C345_target,calibration,1099,2,87.5
B_C12_source_C345_target,calibration,1433,3,125.0
B_C12_source_C345_target,calibration,259,1,175.0
B_C12_source_C345_target,calibration,843,2,12.5
B_C12_source_C345_target,calibration,731,0,100.0
B_C12_source_C345_target,calibration,918,2,25.0
B_C12_source_C345_target,calibration,1527,3,175.0
B_C12_source_C345_target,calibration,373,1,225.0
B_C12_source_C345_target,calibration,173,1,125.0
B_C12_source_C345_target,calibration,1554,3,200.0
B_C12_source_C345_target,calibration,1292,3,25.0
B_C12_source_C345_target,calibration,1038,2,62.5
B_C12_source_C345_target,calibration,1179,2,112.5
B_C12_source_C345_target,calibration,875,2,12.5
B_C12_source_C345_target,calibration,136,1,100.0
B_C12_source_C345_target,calibration,1573,3,200.0
B_C12_source_C345_target,calibration,1675,3,250.0
B_C12_source_C345_target,calibration,962,2,37.5
B_C12_source_C345_target,calibration,1429,3,125.0
B_C12_source_C345_target,calibration,111,1,75.0
B_C12_source_C345_target,calibration,1190,2,112.5
B_C12_source_C345_target,calibration,532,0,37.5
B_C12_source_C345_target,calibration,874,2,12.5
B_C12_source_C345_target,calibration,1015,2,62.5
B_C12_source_C345_target,calibration,955,2,37.5
B_C12_source_C345_target,calibration,1053,2,75.0
B_C12_source_C345_target,calibration,1577,3,200.0
B_C12_source_C345_target,calibration,896,2,25.0
B_C12_source_C345_target,calibration,1028,2,62.5
B_C12_source_C345_target,calibration,63,1,50.0
B_C12_source_C345_target,calibration,550,0,50.0
B_C12_source_C345_target,calibration,1551,3,175.0
B_C12_source_C345_target,calibration,189,1,125.0
B_C12_source_C345_target,calibration,1239,2,125.0
B_C12_source_C345_target,calibration,274,1,175.0
B_C12_source_C345_target,calibration,1506,3,150.0
B_C12_source_C345_target,calibration,1227,2,125.0
B_C12_source_C345_target,calibration,1101,2,87.5
B_C12_source_C345_target,calibration,315,1,200.0
B_C12_source_C345_target,calibration,235,1,150.0
B_C12_source_C345_target,calibration,701,0,87.5
B_C12_source_C345_target,calibration,1387,3,100.0
B_C12_source_C345_target,calibration,1178,2,112.5
B_C12_source_C345_target,calibration,287,1,175.0
B_C12_source_C345_target,calibration,1406,3,100.0
B_C12_source_C345_target,calibration,151,1,100.0
B_C12_source_C345_target,calibration,347,1,225.0
B_C12_source_C345_target,calibration,187,1,125.0
B_C12_source_C345_target,calibration,788,0,112.5
B_C12_source_C345_target,calibration,1268,3,25.0
B_C12_source_C345_target,calibration,1205,2,112.5
B_C12_source_C345_target,calibration,794,0,112.5
B_C12_source_C345_target,calibration,1129,2,87.5
B_C12_source_C345_target,calibration,1376,3,75.0
B_C12_source_C345_target,calibration,1073,2,75.0
B_C12_source_C345_target,calibration,104,1,75.0
B_C12_source_C345_target,calibration,536,0,37.5
B_C12_source_C345_target,calibration,1348,3,75.0
B_C12_source_C345_target,calibration,29,1,25.0
B_C12_source_C345_target,calibration,35,1,25.0
B_C12_source_C345_target,calibration,561,0,50.0
B_C12_source_C345_target,calibration,180,1,125.0
B_C12_source_C345_target,calibration,886,2,25.0
B_C12_source_C345_target,calibration,1266,3,25.0
B_C12_source_C345_target,calibration,745,0,100.0
B_C12_source_C345_target,calibration,57,1,50.0
B_C12_source_C345_target,calibration,72,1,50.0
B_C12_source_C345_target,calibration,974,2,50.0
B_C12_source_C345_target,calibration,1603,3,225.0
B_C12_source_C345_target,calibration,936,2,37.5
B_C12_source_C345_target,calibration,775,0,112.5
B_C12_source_C345_target,calibration,496,0,25.0
B_C12_source_C345_target,calibration,1109,2,87.5
B_C12_source_C345_target,calibration,137,1,100.0
B_C12_source_C345_target,calibration,733,0,100.0
B_C12_source_C345_target,calibration,1175,2,100.0
B_C12_source_C345_target,calibration,211,1,150.0
B_C12_source_C345_target,calibration,615,0,62.5
B_C12_source_C345_target,calibration,1033,2,62.5
B_C12_source_C345_target,calibration,1466,3,125.0
B_C12_source_C345_target,calibration,134,1,100.0
B_C12_source_C345_target,calibration,527,0,37.5
B_C12_source_C345_target,calibration,1117,2,87.5
B_C12_source_C345_target,calibration,892,2,25.0
B_C12_source_C345_target,calibration,403,1,250.0
B_C12_source_C345_target,test,768,0,112.5
B_C12_source_C345_target,test,84,1,75.0
B_C12_source_C345_target,test,1092,2,87.5
B_C12_source_C345_target,test,1253,2,125.0
B_C12_source_C345_target,test,9,1,25.0
B_C12_source_C345_target,test,964,2,37.5
B_C12_source_C345_target,test,1478,3,150.0
B_C12_source_C345_target,test,302,1,200.0
B_C12_source_C345_target,test,1122,2,87.5
B_C12_source_C345_target,test,464,0,25.0
B_C12_source_C345_target,test,498,0,25.0
B_C12_source_C345_target,test,58,1,50.0
B_C12_source_C345_target,test,728,0,100.0
B_C12_source_C345_target,test,1665,3,250.0
B_C12_source_C345_target,test,1334,3,50.0
B_C12_source_C345_target,test,1050,2,75.0
B_C12_source_C345_target,test,865,2,12.5
B_C12_source_C345_target,test,1057,2,75.0
B_C12_source_C345_target,test,60,1,50.0
B_C12_source_C345_target,test,877,2,12.5
B_C12_source_C345_target,test,425,0,12.5
B_C12_source_C345_target,test,1385,3,75.0
B_C12_source_C345_target,test,544,0,37.5
B_C12_source_C345_target,test,1519,3,175.0
B_C12_source_C345_target,test,1484,3,150.0
B_C12_source_C345_target,test,468,0,25.0
B_C12_source_C345_target,test,693,0,87.5
B_C12_source_C345_target,test,716,0,100.0
B_C12_source_C345_target,test,1412,3,100.0
B_C12_source_C345_target,test,153,1,100.0
B_C12_source_C345_target,test,50,1,50.0
B_C12_source_C345_target,test,1004,2,50.0
B_C12_source_C345_target,test,197,1,125.0
B_C12_source_C345_target,test,840,2,12.5
B_C12_source_C345_target,test,971,2,50.0
B_C12_source_C345_target,test,1658,3,250.0
B_C12_source_C345_target,test,938,2,37.5
B_C12_source_C345_target,test,1443,3,125.0
B_C12_source_C345_target,test,30,1,25.0
B_C12_source_C345_target,test,1589,3,200.0
B_C12_source_C345_target,test,1286,3,25.0
B_C12_source_C345_target,test,1559,3,200.0
B_C12_source_C345_target,test,168,1,125.0
B_C12_source_C345_target,test,726,0,100.0
B_C12_source_C345_target,test,74,1,50.0
B_C12_source_C345_target,test,54,1,50.0
B_C12_source_C345_target,test,429,0,12.5
B_C12_source_C345_target,test,641,0,75.0
B_C12_source_C345_target,test,766,0,112.5
B_C12_source_C345_target,test,1575,3,200.0
B_C12_source_C345_target,test,300,1,200.0
B_C12_source_C345_target,test,1287,3,25.0
B_C12_source_C345_target,test,1312,3,50.0
B_C12_source_C345_target,test,559,0,50.0
B_C12_source_C345_target,test,316,1,200.0
B_C12_source_C345_target,test,1199,2,112.5
B_C12_source_C345_target,test,996,2,50.0
B_C12_source_C345_target,test,1662,3,250.0
B_C12_source_C345_target,test,676,0,87.5
B_C12_source_C345_target,test,1621,3,225.0
B_C12_source_C345_target,test,692,0,87.5
B_C12_source_C345_target,test,1582,3,200.0
B_C12_source_C345_target,test,89,1,75.0
B_C12_source_C345_target,test,1301,3,25.0
B_C12_source_C345_target,test,660,0,75.0
B_C12_source_C345_target,test,805,0,125.0
B_C12_source_C345_target,test,795,0,112.5
B_C12_source_C345_target,test,1646,3,250.0
B_C12_source_C345_target,test,1520,3,175.0
B_C12_source_C345_target,test,1300,3,25.0
B_C12_source_C345_target,test,1477,3,150.0
B_C12_source_C345_target,test,1215,2,112.5
B_C12_source_C345_target,test,28,1,25.0
B_C12_source_C345_target,test,1198,2,112.5
B_C12_source_C345_target,test,1580,3,200.0
B_C12_source_C345_target,test,1225,2,125.0
B_C12_source_C345_target,test,221,1,150.0
B_C12_source_C345_target,test,237,1,150.0
B_C12_source_C345_target,test,1132,2,87.5
B_C12_source_C345_target,test,224,1,150.0
B_C12_source_C345_target,test,252,1,175.0
B_C12_source_C345_target,test,1094,2,87.5
B_C12_source_C345_target,test,1209,2,112.5
B_C12_source_C345_target,test,193,1,125.0
B_C12_source_C345_target,test,462,0,25.0
B_C12_source_C345_target,test,1079,2,75.0
B_C12_source_C345_target,test,1222,2,125.0
B_C12_source_C345_target,test,1091,2,75.0
B_C12_source_C345_target,test,905,2,25.0
B_C12_source_C345_target,test,375,1,225.0
B_C12_source_C345_target,test,1181,2,112.5
B_C12_source_C345_target,test,307,1,200.0
B_C12_source_C345_target,test,1100,2,87.5
B_C12_source_C345_target,test,740,0,100.0
B_C12_source_C345_target,test,567,0,50.0
B_C12_source_C345_target,test,847,2,12.5
B_C12_source_C345_target,test,1496,3,150.0
B_C12_source_C345_target,test,1321,3,50.0
B_C12_source_C345_target,test,729,0,100.0
B_C12_source_C345_target,test,511,0,37.5
B_C12_source_C345_target,test,1596,3,225.0
B_C12_source_C345_target,test,1489,3,150.0
B_C12_source_C345_target,test,245,1,150.0
B_C12_source_C345_target,test,1344,3,75.0
B_C12_source_C345_target,test,588,0,62.5
B_C12_source_C345_target,test,1022,2,62.5
B_C12_source_C345_target,test,199,1,125.0
B_C12_source_C345_target,test,262,1,175.0
B_C12_source_C345_target,test,1652,3,250.0
B_C12_source_C345_target,test,1042,2,62.5
B_C12_source_C345_target,test,312,1,200.0
B_C12_source_C345_target,test,1159,2,100.0
B_C12_source_C345_target,test,928,2,37.5
B_C12_source_C345_target,test,256,1,175.0
B_C12_source_C345_target,test,477,0,25.0
B_C12_source_C345_target,test,906,2,25.0
B_C12_source_C345_target,test,1169,2,100.0
B_C12_source_C345_target,test,835,0,125.0
B_C12_source_C345_target,test,420,0,12.5
B_C12_source_C345_target,test,314,1,200.0
B_C12_source_C345_target,test,418,1,250.0
B_C12_source_C345_target,test,922,2,25.0
B_C12_source_C345_target,test,1602,3,225.0
B_C12_source_C345_target,test,1409,3,100.0
B_C12_source_C345_target,test,90,1,75.0
B_C12_source_C345_target,test,1143,2,100.0
B_C12_source_C345_target,test,566,0,50.0
B_C12_source_C345_target,test,717,0,100.0
B_C12_source_C345_target,test,591,0,62.5
B_C12_source_C345_target,test,776,0,112.5
B_C12_source_C345_target,test,370,1,225.0
B_C12_source_C345_target,test,680,0,87.5
B_C12_source_C345_target,test,1543,3,175.0
B_C12_source_C345_target,test,36,1,25.0
B_C12_source_C345_target,test,576,0,50.0
B_C12_source_C345_target,test,603,0,62.5
B_C12_source_C345_target,test,597,0,62.5
B_C12_source_C345_target,test,1393,3,100.0
B_C12_source_C345_target,test,1032,2,62.5
B_C12_source_C345_target,test,457,0,12.5
B_C12_source_C345_target,test,1247,2,125.0
B_C12_source_C345_target,test,659,0,75.0
B_C12_source_C345_target,test,1146,2,100.0
B_C12_source_C345_target,test,539,0,37.5
B_C12_source_C345_target,test,1302,3,50.0
B_C12_source_C345_target,test,400,1,250.0
B_C12_source_C345_target,test,1623,3,225.0
B_C12_source_C345_target,test,637,0,75.0
B_C12_source_C345_target,test,1503,3,150.0
B_C12_source_C345_target,test,1176,2,112.5
B_C12_source_C345_target,test,1229,2,125.0
B_C12_source_C345_target,test,446,0,12.5
B_C12_source_C345_target,test,332,1,200.0
B_C12_source_C345_target,test,183,1,125.0
B_C12_source_C345_target,test,1174,2,100.0
B_C12_source_C345_target,test,483,0,25.0
B_C12_source_C345_target,test,206,1,125.0
B_C12_source_C345_target,test,873,2,12.5
B_C12_source_C345_target,test,283,1,175.0
B_C12_source_C345_target,test,1308,3,50.0
B_C12_source_C345_target,test,290,1,175.0
B_C12_source_C345_target,test,1425,3,100.0
B_C12_source_C345_target,test,308,1,200.0
B_C12_source_C345_target,test,538,0,37.5
B_C12_source_C345_target,test,730,0,100.0
B_C12_source_C345_target,test,1539,3,175.0
B_C12_source_C345_target,test,1251,2,125.0
B_C12_source_C345_target,test,777,0,112.5
B_C12_source_C345_target,test,1297,3,25.0
B_C12_source_C345_target,test,1413,3,100.0
B_C12_source_C345_target,test,624,0,62.5
B_C12_source_C345_target,test,1558,3,200.0
B_C12_source_C345_target,test,310,1,200.0
B_C12_source_C345_target,test,819,0,125.0
B_C12_source_C345_target,test,1391,3,100.0
B_C12_source_C345_target,test,273,1,175.0
B_C12_source_C345_target,test,150,1,100.0
B_C12_source_C345_target,test,969,2,50.0
B_C12_source_C345_target,test,884,2,25.0
B_C12_source_C345_target,test,1636,3,225.0
B_C12_source_C345_target,test,285,1,175.0
B_C12_source_C345_target,test,68,1,50.0
B_C12_source_C345_target,test,1451,3,125.0
B_C12_source_C345_target,test,696,0,87.5
B_C12_source_C345_target,test,1356,3,75.0
B_C12_source_C345_target,test,1384,3,75.0
B_C12_source_C345_target,test,97,1,75.0
B_C12_source_C345_target,test,27,1,25.0
B_C12_source_C345_target,test,482,0,25.0
B_C12_source_C345_target,test,141,1,100.0
B_C12_source_C345_target,test,1121,2,87.5
B_C12_source_C345_target,test,689,0,87.5
B_C12_source_C345_target,test,1257,2,125.0
B_C12_source_C345_target,test,636,0,75.0
B_C12_source_C345_target,test,24,1,25.0
B_C12_source_C345_target,test,1250,2,125.0
B_C12_source_C345_target,test,1354,3,75.0
B_C12_source_C345_target,test,1036,2,62.5
B_C12_source_C345_target,test,1285,3,25.0
B_C12_source_C345_target,test,1203,2,112.5
B_C12_source_C345_target,test,1064,2,75.0
B_C12_source_C345_target,test,1333,3,50.0
B_C12_source_C345_target,test,465,0,25.0
B_C12_source_C345_target,test,1513,3,175.0
B_C12_source_C345_target,test,1145,2,100.0
B_C12_source_C345_target,test,1361,3,75.0
B_C12_source_C345_target,test,451,0,12.5
B_C12_source_C345_target,test,644,0,75.0
B_C12_source_C345_target,test,1288,3,25.0
B_C12_source_C345_target,test,1152,2,100.0
B_C12_source_C345_target,test,522,0,37.5
B_C12_source_C345_target,test,1532,3,175.0
B_C12_source_C345_target,test,765,0,112.5
B_C12_source_C345_target,test,185,1,125.0
B_C12_source_C345_target,test,1557,3,200.0
B_C12_source_C345_target,test,911,2,25.0
B_C12_source_C345_target,test,1147,2,100.0
B_C12_source_C345_target,test,753,0,100.0
B_C12_source_C345_target,test,1374,3,75.0
B_C12_source_C345_target,test,1026,2,62.5
B_C12_source_C345_target,test,1493,3,150.0
B_C12_source_C345_target,test,131,1,100.0
B_C12_source_C345_target,test,55,1,50.0
B_C12_source_C345_target,test,210,1,150.0
B_C12_source_C345_target,test,1530,3,175.0
B_C12_source_C345_target,test,388,1,250.0
B_C12_source_C345_target,test,1263,3,25.0
B_C12_source_C345_target,test,428,0,12.5
B_C12_source_C345_target,test,852,2,12.5
B_C12_source_C345_target,test,736,0,100.0
B_C12_source_C345_target,test,838,0,125.0
B_C12_source_C345_target,test,415,1,250.0
B_C12_source_C345_target,test,1426,3,100.0
B_C12_source_C345_target,test,681,0,87.5
B_C12_source_C345_target,test,1669,3,250.0
B_C12_source_C345_target,test,585,0,50.0
B_C12_source_C345_target,test,1097,2,87.5
B_C12_source_C345_target,test,1113,2,87.5
B_C12_source_C345_target,test,338,1,225.0
B_C12_source_C345_target,test,687,0,87.5
B_C12_source_C345_target,test,1616,3,225.0
B_C12_source_C345_target,test,1375,3,75.0
B_C12_source_C345_target,test,1320,3,50.0
B_C12_source_C345_target,test,213,1,150.0
B_C12_source_C345_target,test,747,0,100.0
B_C12_source_C345_target,test,1517,3,175.0
B_C12_source_C345_target,test,311,1,200.0
B_C12_source_C345_target,test,242,1,150.0
B_C12_source_C345_target,test,713,0,87.5
B_C12_source_C345_target,test,494,0,25.0
B_C12_source_C345_target,test,1568,3,200.0
B_C12_source_C345_target,test,762,0,112.5
B_C12_source_C345_target,test,707,0,87.5
B_C12_source_C345_target,test,985,2,50.0
B_C12_source_C345_target,test,65,1,50.0
B_C12_source_C345_target,test,1490,3,150.0
B_C12_source_C345_target,test,328,1,200.0
B_C12_source_C345_target,test,255,1,175.0
B_C12_source_C345_target,test,76,1,50.0
B_C12_source_C345_target,test,577,0,50.0
B_C12_source_C345_target,test,171,1,125.0
B_C12_source_C345_target,test,1329,3,50.0
B_C12_source_C345_target,test,1051,2,75.0
B_C12_source_C345_target,test,862,2,12.5
B_C12_source_C345_target,test,3,1,25.0
B_C12_source_C345_target,test,1294,3,25.0
B_C12_source_C345_target,test,1628,3,225.0
B_C12_source_C345_target,test,639,0,75.0
B_C12_source_C345_target,test,721,0,100.0
B_C12_source_C345_target,test,1083,2,75.0
B_C12_source_C345_target,test,436,0,12.5
B_C12_source_C345_target,test,1071,2,75.0
B_C12_source_C345_target,test,633,0,75.0
B_C12_source_C345_target,test,23,1,25.0
B_C12_source_C345_target,test,845,2,12.5
B_C12_source_C345_target,test,355,1,225.0
B_C12_source_C345_target,test,1214,2,112.5
B_C12_source_C345_target,test,916,2,25.0
B_C12_source_C345_target,test,1576,3,200.0
B_C12_source_C345_target,test,412,1,250.0
B_C12_source_C345_target,test,1488,3,150.0
B_C12_source_C345_target,test,241,1,150.0
B_C12_source_C345_target,test,1135,2,100.0
B_C12_source_C345_target,test,530,0,37.5
B_C12_source_C345_target,test,1047,2,62.5
B_C12_source_C345_target,test,346,1,225.0
B_C12_source_C345_target,test,1207,2,112.5
B_C12_source_C345_target,test,662,0,75.0
B_C12_source_C345_target,test,202,1,125.0
B_C12_source_C345_target,test,779,0,112.5
B_C12_source_C345_target,test,1244,2,125.0
B_C12_source_C345_target,test,800,0,125.0
B_C12_source_C345_target,test,364,1,225.0
B_C12_source_C345_target,test,1243,2,125.0
B_C12_source_C345_target,test,1394,3,100.0
B_C12_source_C345_target,test,801,0,125.0
B_C12_source_C345_target,test,816,0,125.0
B_C12_source_C345_target,test,1565,3,200.0
B_C12_source_C345_target,test,313,1,200.0
B_C12_source_C345_target,test,1610,3,225.0
B_C12_source_C345_target,test,489,0,25.0
B_C12_source_C345_target,test,1613,3,225.0
B_C12_source_C345_target,test,1327,3,50.0
B_C12_source_C345_target,test,1240,2,125.0
B_C12_source_C345_target,test,1511,3,150.0
B_C12_source_C345_target,test,677,0,87.5
B_C12_source_C345_target,test,616,0,62.5
B_C12_source_C345_target,test,1111,2,87.5
B_C12_source_C345_target,test,531,0,37.5
B_C12_source_C345_target,test,1085,2,75.0
B_C12_source_C345_target,test,87,1,75.0
B_C12_source_C345_target,test,1383,3,75.0
B_C12_source_C345_target,test,1464,3,125.0
B_C12_source_C345_target,test,1058,2,75.0
B_C12_source_C345_target,test,1318,3,50.0
B_C12_source_C345_target,test,574,0,50.0
B_C12_source_C345_target,test,386,1,250.0
B_C12_source_C345_target,test,744,0,100.0
B_C12_source_C345_target,test,85,1,75.0
B_C12_source_C345_target,test,830,0,125.0
B_C12_source_C345_target,test,1472,3,150.0
B_C12_source_C345_target,test,344,1,225.0
B_C12_source_C345_target,test,600,0,62.5
B_C12_source_C345_target,test,42,1,50.0
B_C12_source_C345_target,test,798,0,125.0
B_C12_source_C345_target,test,1213,2,112.5
B_C12_source_C345_target,test,1678,3,250.0
B_C12_source_C345_target,test,1552,3,175.0
B_C12_source_C345_target,test,534,0,37.5
B_C12_source_C345_target,test,169,1,125.0
B_C12_source_C345_target,test,792,0,112.5
B_C12_source_C345_target,test,399,1,250.0
B_C12_source_C345_target,test,1629,3,225.0
B_C12_source_C345_target,test,1120,2,87.5
B_C12_source_C345_target,test,833,0,125.0
B_C12_source_C345_target,test,1456,3,125.0
B_C12_source_C345_target,test,1399,3,100.0
B_C12_source_C345_target,test,1252,2,125.0
B_C12_source_C345_target,test,1515,3,175.0
B_C12_source_C345_target,test,83,1,50.0
B_C12_source_C345_target,test,460,0,12.5
B_C12_source_C345_target,test,844,2,12.5
B_C12_source_C345_target,test,674,0,87.5
B_C12_source_C345_target,test,301,1,200.0
B_C12_source_C345_target,test,1435,3,125.0
B_C12_source_C345_target,test,1324,3,50.0
B_C12_source_C345_target,test,756,0,112.5
B_C12_source_C345_target,test,449,0,12.5
B_C12_source_C345_target,test,613,0,62.5
B_C12_source_C345_target,test,445,0,12.5
B_C12_source_C345_target,test,529,0,37.5
B_C12_source_C345_target,test,940,2,37.5
B_C12_source_C345_target,test,64,1,50.0
B_C12_source_C345_target,test,871,2,12.5
B_C12_source_C345_target,test,913,2,25.0
B_C12_source_C345_target,test,163,1,100.0
B_C12_source_C345_target,test,822,0,125.0
B_C12_source_C345_target,test,826,0,125.0
B_C12_source_C345_target,test,1480,3,150.0
B_C12_source_C345_target,test,1310,3,50.0
B_C12_source_C345_target,test,1030,2,62.5
B_C12_source_C345_target,test,184,1,125.0
B_C12_source_C345_target,test,902,2,25.0
B_C12_source_C345_target,test,1066,2,75.0
B_C12_source_C345_target,test,1337,3,50.0
B_C12_source_C345_target,test,11,1,25.0
B_C12_source_C345_target,test,772,0,112.5
B_C12_source_C345_target,test,1445,3,125.0
B_C12_source_C345_target,test,1560,3,200.0
B_C12_source_C345_target,test,1115,2,87.5
B_C12_source_C345_target,test,893,2,25.0
B_C12_source_C345_target,test,594,0,62.5
B_C12_source_C345_target,test,205,1,125.0
B_C12_source_C345_target,test,1165,2,100.0
B_C12_source_C345_target,test,699,0,87.5
B_C12_source_C345_target,test,1365,3,75.0
B_C12_source_C345_target,test,216,1,150.0
B_C12_source_C345_target,test,1260,3,25.0
B_C12_source_C345_target,test,1668,3,250.0
B_C12_source_C345_target,test,535,0,37.5
B_C12_source_C345_target,test,207,1,125.0
B_C12_source_C345_target,test,1284,3,25.0
B_C12_source_C345_target,test,499,0,25.0
B_C12_source_C345_target,test,280,1,175.0
B_C12_source_C345_target,test,525,0,37.5
B_C12_source_C345_target,test,960,2,37.5
B_C12_source_C345_target,test,478,0,25.0
B_C12_source_C345_target,test,226,1,150.0
B_C12_source_C345_target,test,264,1,175.0
B_C12_source_C345_target,test,1619,3,225.0
B_C12_source_C345_target,test,635,0,75.0
B_C12_source_C345_target,test,1631,3,225.0
B_C12_source_C345_target,test,143,1,100.0
B_C12_source_C345_target,test,1463,3,125.0
B_C12_source_C345_target,test,1447,3,125.0
B_C12_source_C345_target,test,115,1,75.0
B_C12_source_C345_target,test,954,2,37.5
B_C12_source_C345_target,test,1040,2,62.5
B_C12_source_C345_target,test,452,0,12.5
B_C12_source_C345_target,test,973,2,50.0
B_C12_source_C345_target,test,1119,2,87.5
B_C12_source_C345_target,test,430,0,12.5
B_C12_source_C345_target,test,1379,3,75.0
B_C12_source_C345_target,test,385,1,250.0
B_C12_source_C345_target,test,1346,3,75.0
B_C12_source_C345_target,test,113,1,75.0
B_C12_source_C345_target,test,1160,2,100.0
B_C12_source_C345_target,test,1105,2,87.5
B_C12_source_C345_target,test,706,0,87.5
B_C12_source_C345_target,test,14,1,25.0
B_C12_source_C345_target,test,965,2,37.5
B_C12_source_C345_target,test,1518,3,175.0
B_C12_source_C345_target,test,337,1,225.0
B_C12_source_C345_target,test,1498,3,150.0
B_C12_source_C345_target,test,863,2,12.5
B_C12_source_C345_target,test,501,0,25.0
B_C12_source_C345_target,test,518,0,37.5
B_C12_source_C345_target,test,292,1,175.0
B_C12_source_C345_target,test,37,1,25.0
B_C12_source_C345_target,test,1055,2,75.0
B_C12_source_C345_target,test,1438,3,125.0
B_C12_source_C345_target,test,846,2,12.5
B_C12_source_C345_target,test,230,1,150.0
B_C12_source_C345_target,test,1614,3,225.0
B_C12_source_C345_target,test,1138,2,100.0
B_C12_source_C345_target,test,508,0,37.5
B_C12_source_C345_target,test,1449,3,125.0
B_C12_source_C345_target,test,1522,3,175.0
B_C12_source_C345_target,test,977,2,50.0
B_C12_source_C345_target,test,950,2,37.5
B_C12_source_C345_target,test,1353,3,75.0
B_C12_source_C345_target,test,305,1,200.0
B_C12_source_C345_target,test,944,2,37.5
B_C12_source_C345_target,test,402,1,250.0
B_C12_source_C345_target,test,1009,2,62.5
B_C12_source_C345_target,test,1077,2,75.0
B_C12_source_C345_target,test,38,1,25.0
B_C12_source_C345_target,test,1410,3,100.0
B_C12_source_C345_target,test,106,1,75.0
B_C12_source_C345_target,test,634,0,75.0
B_C12_source_C345_target,test,751,0,100.0
B_C12_source_C345_target,test,368,1,225.0
B_C12_source_C345_target,test,757,0,112.5
B_C12_source_C345_target,test,148,1,100.0
B_C12_source_C345_target,test,1248,2,125.0
B_C12_source_C345_target,test,957,2,37.5
B_C12_source_C345_target,test,1642,3,250.0
B_C12_source_C345_target,test,1065,2,75.0
B_C12_source_C345_target,test,618,0,62.5
B_C12_source_C345_target,test,1441,3,125.0
B_C12_source_C345_target,test,1016,2,62.5
B_C12_source_C345_target,test,1641,3,250.0
B_C12_source_C345_target,test,1106,2,87.5
B_C12_source_C345_target,test,20,1,25.0
B_C12_source_C345_target,test,705,0,87.5
B_C12_source_C345_target,test,186,1,125.0
B_C12_source_C345_target,test,562,0,50.0
B_C12_source_C345_target,test,53,1,50.0
B_C12_source_C345_target,test,506,0,37.5
B_C12_source_C345_target,test,1561,3,200.0
B_C12_source_C345_target,test,903,2,25.0
B_C12_source_C345_target,test,43,1,50.0
B_C12_source_C345_target,test,1512,3,175.0
B_C12_source_C345_target,test,1107,2,87.5
B_C12_source_C345_target,test,1264,3,25.0
B_C12_source_C345_target,test,1567,3,200.0
B_C12_source_C345_target,test,421,0,12.5
B_C12_source_C345_target,test,1060,2,75.0
B_C12_source_C345_target,test,1166,2,100.0
B_C12_source_C345_target,test,870,2,12.5
B_C12_source_C345_target,test,1131,2,87.5
B_C12_source_C345_target,test,1234,2,125.0
B_C12_source_C345_target,test,1269,3,25.0
B_C12_source_C345_target,test,683,0,87.5
B_C12_source_C345_target,test,4,1,25.0
B_C12_source_C345_target,test,1331,3,50.0
B_C12_source_C345_target,test,803,0,125.0
B_C12_source_C345_target,test,1588,3,200.0
B_C12_source_C345_target,test,528,0,37.5
B_C12_source_C345_target,test,1180,2,112.5
B_C12_source_C345_target,test,912,2,25.0
B_C12_source_C345_target,test,140,1,100.0
B_C12_source_C345_target,test,289,1,175.0
B_C12_source_C345_target,test,780,0,112.5
B_C12_source_C345_target,test,434,0,12.5
B_C12_source_C345_target,test,510,0,37.5
B_C12_source_C345_target,test,1521,3,175.0
B_C12_source_C345_target,test,389,1,250.0
B_C12_source_C345_target,test,1096,2,87.5
B_C12_source_C345_target,test,448,0,12.5
B_C12_source_C345_target,test,91,1,75.0
B_C12_source_C345_target,test,1362,3,75.0
B_C12_source_C345_target,test,1414,3,100.0
B_C12_source_C345_target,test,214,1,150.0
B_C12_source_C345_target,test,1223,2,125.0
B_C12_source_C345_target,test,1494,3,150.0
B_C12_source_C345_target,test,521,0,37.5
B_C12_source_C345_target,test,1161,2,100.0
B_C12_source_C345_target,test,165,1,100.0
B_C12_source_C345_target,test,497,0,25.0
B_C12_source_C345_target,test,1440,3,125.0
B_C12_source_C345_target,test,96,1,75.0
B_C12_source_C345_target,test,810,0,125.0
B_C12_source_C345_target,test,1504,3,150.0
B_C12_source_C345_target,test,509,0,37.5
B_C12_source_C345_target,test,942,2,37.5
B_C12_source_C345_target,test,897,2,25.0
B_C12_source_C345_target,test,608,0,62.5
B_C12_source_C345_target,test,1242,2,125.0
B_C12_source_C345_target,test,1027,2,62.5
B_C12_source_C345_target,test,638,0,75.0
B_C12_source_C345_target,test,621,0,62.5
B_C12_source_C345_target,test,476,0,25.0
B_C12_source_C345_target,test,1479,3,150.0
B_C12_source_C345_target,test,1256,2,125.0
B_C12_source_C345_target,test,679,0,87.5
B_C12_source_C345_target,test,690,0,87.5
B_C12_source_C345_target,test,927,2,37.5
B_C12_source_C345_target,test,578,0,50.0
B_C12_source_C345_target,test,746,0,100.0
B_C12_source_C345_target,test,943,2,37.5
B_C12_source_C345_target,test,570,0,50.0
B_C12_source_C345_target,test,1415,3,100.0
B_C12_source_C345_target,test,619,0,62.5
B_C12_source_C345_target,test,1010,2,62.5
B_C12_source_C345_target,test,258,1,175.0
B_C12_source_C345_target,test,31,1,25.0
B_C12_source_C345_target,test,586,0,50.0
B_C12_source_C345_target,test,1360,3,75.0
B_C12_source_C345_target,test,1210,2,112.5
B_C12_source_C345_target,test,992,2,50.0
B_C12_source_C345_target,test,10,1,25.0
B_C12_source_C345_target,test,1547,3,175.0
B_C12_source_C345_target,test,882,2,25.0
B_C12_source_C345_target,test,294,1,200.0
B_C12_source_C345_target,test,1501,3,150.0
B_C12_source_C345_target,test,1298,3,25.0
B_C12_source_C345_target,test,1481,3,150.0
B_C12_source_C345_target,test,209,1,125.0
B_C12_source_C345_target,test,1231,2,125.0
B_C12_source_C345_target,test,357,1,225.0
B_C12_source_C345_target,test,1006,2,50.0
B_C12_source_C345_target,test,1177,2,112.5
B_C12_source_C345_target,test,233,1,150.0
B_C12_source_C345_target,test,1633,3,225.0
B_C12_source_C345_target,test,481,0,25.0
B_C12_source_C345_target,test,120,1,75.0
B_C12_source_C345_target,test,748,0,100.0
B_C12_source_C345_target,test,1483,3,150.0
B_C12_source_C345_target,test,376,1,225.0
B_C12_source_C345_target,test,1283,3,25.0
B_C12_source_C345_target,test,930,2,37.5
B_C12_source_C345_target,test,558,0,50.0
B_C12_source_C345_target,test,128,1,100.0
B_C12_source_C345_target,test,611,0,62.5
B_C12_source_C345_target,test,1462,3,125.0
B_C12_source_C345_target,test,1533,3,175.0
B_C12_source_C345_target,test,406,1,250.0
B_C12_source_C345_target,test,823,0,125.0
B_C12_source_C345_target,test,654,0,75.0
B_C12_source_C345_target,test,1192,2,112.5
B_C12_source_C345_target,test,1366,3,75.0
B_C12_source_C345_target,test,455,0,12.5
B_C12_source_C345_target,test,1206,2,112.5
B_C12_source_C345_target,test,1306,3,50.0
B_C12_source_C345_target,test,610,0,62.5
B_C12_source_C345_target,test,152,1,100.0
B_C12_source_C345_target,test,1350,3,75.0
B_C12_source_C345_target,test,1259,2,125.0
B_C12_source_C345_target,test,345,1,225.0
B_C12_source_C345_target,test,951,2,37.5
B_C12_source_C345_target,test,1608,3,225.0
B_C12_source_C345_target,test,108,1,75.0
B_C12_source_C345_target,test,1430,3,125.0
B_C12_source_C345_target,test,488,0,25.0
B_C12_source_C345_target,test,839,0,125.0
B_C12_source_C345_target,test,894,2,25.0
B_C12_source_C345_target,test,614,0,62.5
B_C12_source_C345_target,test,842,2,12.5
B_C12_source_C345_target,test,732,0,100.0
B_C12_source_C345_target,test,249,1,150.0
B_C12_source_C345_target,test,77,1,50.0
B_C12_source_C345_target,test,888,2,25.0
B_C12_source_C345_target,test,47,1,50.0
B_C12_source_C345_target,test,773,0,112.5
B_C12_source_C345_target,test,1453,3,125.0
B_C12_source_C345_target,test,665,0,75.0
B_C12_source_C345_target,test,161,1,100.0
B_C12_source_C345_target,test,1195,2,112.5
B_C12_source_C345_target,test,1422,3,100.0
B_C12_source_C345_target,test,512,0,37.5
B_C12_source_C345_target,test,855,2,12.5
B_C12_source_C345_target,test,413,1,250.0
B_C12_source_C345_target,test,1154,2,100.0
B_C12_source_C345_target,test,1395,3,100.0
B_C12_source_C345_target,test,722,0,100.0
B_C12_source_C345_target,test,980,2,50.0
B_C12_source_C345_target,test,589,0,62.5
B_C12_source_C345_target,test,678,0,87.5
B_C12_source_C345_target,test,1218,2,125.0
B_C12_source_C345_target,test,251,1,150.0
B_C12_source_C345_target,test,1226,2,125.0
B_C12_source_C345_target,test,1278,3,25.0
B_C12_source_C345_target,test,934,2,37.5
B_C12_source_C345_target,test,514,0,37.5
B_C12_source_C345_target,test,575,0,50.0
B_C12_source_C345_target,test,49,1,50.0
B_C12_source_C345_target,test,1134,2,100.0
B_C12_source_C345_target,test,1326,3,50.0
B_C12_source_C345_target,test,661,0,75.0
B_C12_source_C345_target,test,720,0,100.0
B_C12_source_C345_target,test,293,1,175.0
B_C12_source_C345_target,test,652,0,75.0
B_C12_source_C345_target,test,218,1,150.0
B_C12_source_C345_target,test,622,0,62.5
B_C12_source_C345_target,test,13,1,25.0
B_C12_source_C345_target,test,1604,3,225.0
B_C12_source_C345_target,test,167,1,100.0
B_C12_source_C345_target,test,1546,3,175.0
B_C12_source_C345_target,test,869,2,12.5
B_C12_source_C345_target,test,1341,3,50.0
B_C12_source_C345_target,test,1538,3,175.0
B_C12_source_C345_target,test,1082,2,75.0
B_C12_source_C345_target,test,40,1,25.0
B_C12_source_C345_target,test,263,1,175.0
B_C12_source_C345_target,test,18,1,25.0
B_C12_source_C345_target,test,1116,2,87.5
B_C12_source_C345_target,test,806,0,125.0
B_C12_source_C345_target,test,626,0,62.5
B_C12_source_C345_target,test,331,1,200.0
B_C12_source_C345_target,test,1275,3,25.0
B_C12_source_C345_target,test,318,1,200.0
B_C12_source_C345_target,test,1454,3,125.0
B_C12_source_C345_target,test,133,1,100.0
B_C12_source_C345_target,test,1612,3,225.0
B_C12_source_C345_target,test,546,0,50.0
B_C12_source_C345_target,test,1074,2,75.0
B_C12_source_C345_target,test,759,0,112.5
B_C12_source_C345_target,test,275,1,175.0
B_C12_source_C345_target,test,580,0,50.0
B_C12_source_C345_target,test,1358,3,75.0
B_C12_source_C345_target,test,1126,2,87.5
B_C12_source_C345_target,test,56,1,50.0
B_C12_source_C345_target,test,764,0,112.5
B_C12_source_C345_target,test,239,1,150.0
B_C12_source_C345_target,test,658,0,75.0
B_C12_source_C345_target,test,1339,3,50.0
B_C12_source_C345_target,test,1291,3,25.0
B_C12_source_C345_target,test,441,0,12.5
B_C12_source_C345_target,test,572,0,50.0
B_C12_source_C345_target,test,666,0,75.0
B_C12_source_C345_target,test,850,2,12.5
B_C12_source_C345_target,test,78,1,50.0
B_C12_source_C345_target,test,330,1,200.0
B_C12_source_C345_target,test,1432,3,125.0
B_C12_source_C345_target,test,821,0,125.0
B_C12_source_C345_target,test,1023,2,62.5
B_C12_source_C345_target,test,1446,3,125.0
B_C12_source_C345_target,test,1578,3,200.0
B_C12_source_C345_target,test,244,1,150.0
B_C12_source_C345_target,test,296,1,200.0
B_C12_source_C345_target,test,1372,3,75.0
B_C12_source_C345_target,test,250,1,150.0
B_C12_source_C345_target,test,440,0,12.5
B_C12_source_C345_target,test,1045,2,62.5
B_C12_source_C345_target,test,995,2,50.0
B_C12_source_C345_target,test,814,0,125.0
B_C12_source_C345_target,test,94,1,75.0
B_C12_source_C345_target,test,73,1,50.0
B_C12_source_C345_target,test,1535,3,175.0
B_C12_source_C345_target,test,109,1,75.0
B_C12_source_C345_target,test,711,0,87.5
B_C12_source_C345_target,test,700,0,87.5
B_C12_source_C345_target,test,1281,3,25.0
B_C12_source_C345_target,test,917,2,25.0
B_C12_source_C345_target,test,121,1,75.0
B_C12_source_C345_target,test,1031,2,62.5
B_C12_source_C345_target,test,1063,2,75.0
B_C12_source_C345_target,test,1677,3,250.0
B_C12_source_C345_target,test,1011,2,62.5
B_C12_source_C345_target,test,1245,2,125.0
B_C12_source_C345_target,test,976,2,50.0
B_C12_source_C345_target,test,1110,2,87.5
B_C12_source_C345_target,test,891,2,25.0
B_C12_source_C345_target,test,269,1,175.0
B_C12_source_C345_target,test,932,2,37.5
B_C12_source_C345_target,test,933,2,37.5
B_C12_source_C345_target,test,363,1,225.0
B_C12_source_C345_target,test,761,0,112.5
B_C12_source_C345_target,test,921,2,25.0
B_C12_source_C345_target,test,1182,2,112.5
B_C12_source_C345_target,test,848,2,12.5
B_C12_source_C345_target,test,790,0,112.5
B_C12_source_C345_target,test,172,1,125.0
B_C12_source_C345_target,test,417,1,250.0
B_C12_source_C345_target,test,642,0,75.0
B_C12_source_C345_target,test,1526,3,175.0
B_C12_source_C345_target,test,1102,2,87.5
B_C12_source_C345_target,test,1562,3,200.0
B_C12_source_C345_target,test,1228,2,125.0
B_C12_source_C345_target,test,135,1,100.0
B_C12_source_C345_target,test,475,0,25.0
B_C12_source_C345_target,test,281,1,175.0
B_C12_source_C345_target,test,1347,3,75.0
B_C12_source_C345_target,test,26,1,25.0
B_C12_source_C345_target,test,797,0,112.5
B_C12_source_C345_target,test,12,1,25.0
B_C12_source_C345_target,test,507,0,37.5
B_C12_source_C345_target,test,923,2,25.0
B_C12_source_C345_target,test,466,0,25.0
B_C12_source_C345_target,test,1305,3,50.0
B_C12_source_C345_target,test,1137,2,100.0
B_C12_source_C345_target,test,1061,2,75.0
B_C12_source_C345_target,test,1262,3,25.0
B_C12_source_C345_target,test,188,1,125.0
B_C12_source_C345_target,test,325,1,200.0
B_C12_source_C345_target,test,52,1,50.0
B_C12_source_C345_target,test,145,1,100.0
B_C12_source_C345_target,test,1509,3,150.0
B_C12_source_C345_target,test,1357,3,75.0
B_C12_source_C345_target,test,1405,3,100.0
B_C12_source_C345_target,test,81,1,50.0
B_C12_source_C345_target,test,431,0,12.5
B_C12_source_C345_target,test,1219,2,125.0
B_C12_source_C345_target,test,1070,2,75.0
B_C12_source_C345_target,test,1037,2,62.5
B_C12_source_C345_target,test,1569,3,200.0
B_C12_source_C345_target,test,952,2,37.5
B_C12_source_C345_target,test,1655,3,250.0
B_C12_source_C345_target,test,372,1,225.0
B_C12_source_C345_target,test,1555,3,200.0
B_C12_source_C345_target,test,1044,2,62.5
B_C12_source_C345_target,test,1029,2,62.5
B_C12_source_C345_target,test,1544,3,175.0
B_C12_source_C345_target,test,601,0,62.5
B_C12_source_C345_target,test,866,2,12.5
B_C12_source_C345_target,test,453,0,12.5
B_C12_source_C345_target,test,1587,3,200.0
B_C12_source_C345_target,test,1639,3,250.0
B_C12_source_C345_target,test,320,1,200.0
B_C12_source_C345_target,test,688,0,87.5
B_C12_source_C345_target,test,809,0,125.0
B_C12_source_C345_target,test,675,0,87.5
B_C12_source_C345_target,test,17,1,25.0
B_C12_source_C345_target,test,787,0,112.5
B_C12_source_C345_target,test,883,2,25.0
B_C12_source_C345_target,test,191,1,125.0
B_C12_source_C345_target,test,565,0,50.0
B_C12_source_C345_target,test,1572,3,200.0
B_C12_source_C345_target,test,771,0,112.5
B_C12_source_C345_target,test,710,0,87.5
B_C12_source_C345_target,test,968,2,50.0
B_C12_source_C345_target,test,261,1,175.0
B_C12_source_C345_target,test,146,1,100.0
B_C12_source_C345_target,test,228,1,150.0
B_C12_source_C345_target,test,899,2,25.0
B_C12_source_C345_target,test,828,0,125.0
B_C12_source_C345_target,test,719,0,100.0
B_C12_source_C345_target,test,856,2,12.5
B_C12_source_C345_target,test,727,0,100.0
B_C12_source_C345_target,test,967,2,50.0
B_C12_source_C345_target,test,989,2,50.0
B_C12_source_C345_target,test,34,1,25.0
B_C12_source_C345_target,test,881,2,12.5
B_C12_source_C345_target,test,651,0,75.0
B_C12_source_C345_target,test,620,0,62.5
B_C12_source_C345_target,test,1553,3,175.0
B_C12_source_C345_target,test,949,2,37.5
B_C12_source_C345_target,test,1186,2,112.5
B_C12_source_C345_target,test,1224,2,125.0
B_C12_source_C345_target,test,1194,2,112.5
B_C12_source_C345_target,test,220,1,150.0
B_C12_source_C345_target,test,1104,2,87.5
B_C12_source_C345_target,test,1630,3,225.0
B_C12_source_C345_target,test,177,1,125.0
B_C12_source_C345_target,test,1417,3,100.0
B_C12_source_C345_target,test,240,1,150.0
B_C12_source_C345_target,test,1153,2,100.0
B_C12_source_C345_target,test,947,2,37.5
B_C12_source_C345_target,test,812,0,125.0
B_C12_source_C345_target,test,712,0,87.5
B_C12_source_C345_target,test,1191,2,112.5
B_C12_source_C345_target,test,138,1,100.0
B_C12_source_C345_target,test,114,1,75.0
B_C12_source_C345_target,test,1434,3,125.0
B_C12_source_C345_target,test,48,1,50.0
B_C12_source_C345_target,test,898,2,25.0
B_C12_source_C345_target,test,1667,3,250.0
B_C12_source_C345_target,test,234,1,150.0
B_C12_source_C345_target,test,1342,3,50.0
B_C12_source_C345_target,test,593,0,62.5
B_C12_source_C345_target,test,807,0,125.0
B_C12_source_C345_target,test,1088,2,75.0
B_C12_source_C345_target,test,326,1,200.0
B_C12_source_C345_target,test,1505,3,150.0
B_C12_source_C345_target,test,472,0,25.0
B_C12_source_C345_target,test,975,2,50.0
B_C12_source_C345_target,test,868,2,12.5
B_C12_source_C345_target,test,1274,3,25.0
B_C12_source_C345_target,test,910,2,25.0
B_C12_source_C345_target,test,1416,3,100.0
B_C12_source_C345_target,test,323,1,200.0
B_C12_source_C345_target,test,956,2,37.5
B_C12_source_C345_target,test,101,1,75.0
B_C12_source_C345_target,test,473,0,25.0
B_C12_source_C345_target,test,343,1,225.0
B_C12_source_C345_target,test,1128,2,87.5
B_C12_source_C345_target,test,192,1,125.0
B_C12_source_C345_target,test,1108,2,87.5
B_C12_source_C345_target,test,1261,3,25.0
B_C12_source_C345_target,test,708,0,87.5
B_C12_source_C345_target,test,387,1,250.0
B_C12_source_C345_target,test,503,0,25.0
B_C12_source_C345_target,test,582,0,50.0
B_C12_source_C345_target,test,786,0,112.5
B_C12_source_C345_target,test,1295,3,25.0
B_C12_source_C345_target,test,1093,2,87.5
B_C12_source_C345_target,test,504,0,37.5
B_C12_source_C345_target,test,1635,3,225.0
B_C12_source_C345_target,test,1640,3,250.0
B_C12_source_C345_target,test,69,1,50.0
B_C12_source_C345_target,test,643,0,75.0
B_C12_source_C345_target,test,1293,3,25.0
B_C12_source_C345_target,test,560,0,50.0
B_C12_source_C345_target,test,396,1,250.0
B_C12_source_C345_target,test,22,1,25.0
B_C12_source_C345_target,test,738,0,100.0
B_C12_source_C345_target,test,1265,3,25.0
B_C12_source_C345_target,test,1590,3,200.0
B_C12_source_C345_target,test,784,0,112.5
B_C12_source_C345_target,test,1087,2,75.0
B_C12_source_C345_target,test,119,1,75.0
B_C12_source_C345_target,test,1638,3,250.0
B_C12_source_C345_target,test,1369,3,75.0
B_C12_source_C345_target,test,1090,2,75.0
B_C12_source_C345_target,test,691,0,87.5
B_C12_source_C345_target,test,485,0,25.0
B_C12_source_C345_target,test,474,0,25.0
B_C12_source_C345_target,test,1080,2,75.0
B_C12_source_C345_target,test,95,1,75.0
B_C12_source_C345_target,test,715,0,100.0
B_C12_source_C345_target,test,695,0,87.5
B_C12_source_C345_target,test,321,1,200.0
B_C12_source_C345_target,test,362,1,225.0
B_C12_source_C345_target,test,356,1,225.0
B_C12_source_C345_target,test,317,1,200.0
B_C12_source_C345_target,test,1089,2,75.0
B_C12_source_C345_target,test,568,0,50.0
B_C12_source_C345_target,test,99,1,75.0
B_C12_source_C345_target,test,1157,2,100.0
B_C12_source_C345_target,test,552,0,50.0
B_C12_source_C345_target,test,443,0,12.5
B_C12_source_C345_target,test,1315,3,50.0
B_C12_source_C345_target,test,110,1,75.0
B_C12_source_C345_target,test,381,1,250.0
B_C12_source_C345_target,test,1202,2,112.5
B_C12_source_C345_target,test,671,0,75.0
B_C12_source_C345_target,test,697,0,87.5
B_C12_source_C345_target,test,1002,2,50.0
B_C12_source_C345_target,test,182,1,125.0
B_C12_source_C345_target,test,392,1,250.0
B_C12_source_C345_target,test,248,1,150.0
B_C12_source_C345_target,test,664,0,75.0
B_C12_source_C345_target,test,491,0,25.0
B_C12_source_C345_target,test,1507,3,150.0
B_C12_source_C345_target,test,1491,3,150.0
B_C12_source_C345_target,test,295,1,200.0
B_C12_source_C345_target,test,640,0,75.0
B_C12_source_C345_target,test,1545,3,175.0
B_C12_source_C345_target,test,1418,3,100.0
B_C12_source_C345_target,test,1232,2,125.0
B_C12_source_C345_target,test,946,2,37.5
B_C12_source_C345_target,test,698,0,87.5
B_C12_source_C345_target,test,649,0,75.0
B_C12_source_C345_target,test,1643,3,250.0
B_C12_source_C345_target,test,1465,3,125.0
B_C12_source_C345_target,test,926,2,37.5
B_C12_source_C345_target,test,1336,3,50.0
B_C12_source_C345_target,test,526,0,37.5
B_C12_source_C345_target,test,1307,3,50.0
B_C12_source_C345_target,test,348,1,225.0
B_C12_source_C345_target,test,1583,3,200.0
B_C12_source_C345_target,test,1005,2,50.0
B_C12_source_C345_target,test,319,1,200.0
B_C12_source_C345_target,test,901,2,25.0
B_C12_source_C345_target,test,382,1,250.0
B_C12_source_C345_target,test,853,2,12.5
B_C12_source_C345_target,test,648,0,75.0
B_C12_source_C345_target,test,769,0,112.5
B_C12_source_C345_target,test,1296,3,25.0
B_C12_source_C345_target,test,857,2,12.5
B_C12_source_C345_target,test,1049,2,62.5
B_C12_source_C345_target,test,144,1,100.0
B_C12_source_C345_target,test,1382,3,75.0
B_C12_source_C345_target,test,632,0,75.0
B_C12_source_C345_target,test,1448,3,125.0
B_C12_source_C345_target,test,617,0,62.5
B_C12_source_C345_target,test,1389,3,100.0
B_C12_source_C345_target,test,953,2,37.5
B_C12_source_C345_target,test,232,1,150.0
B_C12_source_C345_target,test,243,1,150.0
B_C12_source_C345_target,test,284,1,175.0
B_C12_source_C345_target,test,1008,2,62.5
B_C12_source_C345_target,test,71,1,50.0
B_C12_source_C345_target,test,358,1,225.0
B_C12_source_C345_target,test,490,0,25.0
B_C12_source_C345_target,test,384,1,250.0
B_C12_source_C345_target,test,623,0,62.5
B_C12_source_C345_target,test,66,1,50.0
B_C12_source_C345_target,test,1676,3,250.0
B_C12_source_C345_target,test,181,1,125.0
B_C12_source_C345_target,test,154,1,100.0
B_C12_source_C345_target,test,1279,3,25.0
B_C12_source_C345_target,test,533,0,37.5
B_C12_source_C345_target,test,1584,3,200.0
B_C12_source_C345_target,test,1452,3,125.0
B_C12_source_C345_target,test,1139,2,100.0
B_C12_source_C345_target,test,329,1,200.0
B_C12_source_C345_target,test,159,1,100.0
B_C12_source_C345_target,test,668,0,75.0
B_C12_source_C345_target,test,1656,3,250.0
B_C12_source_C345_target,test,1003,2,50.0
B_C12_source_C345_target,test,1525,3,175.0
B_C12_source_C345_target,test,254,1,175.0
B_C12_source_C345_target,test,1241,2,125.0
B_C12_source_C345_target,test,427,0,12.5
B_C12_source_C345_target,test,353,1,225.0
B_C12_source_C345_target,test,170,1,125.0
B_C12_source_C345_target,test,59,1,50.0
B_C12_source_C345_target,test,1419,3,100.0
B_C12_source_C345_target,test,196,1,125.0
B_C12_source_C345_target,test,1461,3,125.0
B_C12_source_C345_target,test,849,2,12.5
B_C12_source_C345_target,test,1474,3,150.0
B_C12_source_C345_target,test,609,0,62.5
B_C12_source_C345_target,test,1542,3,175.0
B_C12_source_C345_target,test,802,0,125.0
B_C12_source_C345_target,test,1502,3,150.0
B_C12_source_C345_target,test,1564,3,200.0
B_C12_source_C345_target,test,142,1,100.0
B_C12_source_C345_target,test,1549,3,175.0
B_C12_source_C345_target,test,1204,2,112.5
B_C12_source_C345_target,test,915,2,25.0
B_C12_source_C345_target,test,217,1,150.0
B_C12_source_C345_target,test,306,1,200.0
B_C12_source_C345_target,test,227,1,150.0
B_C12_source_C345_target,test,854,2,12.5
B_C12_source_C345_target,test,997,2,50.0
B_C12_source_C345_target,test,409,1,250.0
B_C12_source_C345_target,test,1233,2,125.0
B_C12_source_C345_target,test,1148,2,100.0
B_C12_source_C345_target,test,1313,3,50.0
B_C12_source_C345_target,test,176,1,125.0
B_C12_source_C345_target,test,1500,3,150.0
B_C12_source_C345_target,test,1401,3,100.0
B_C12_source_C345_target,test,61,1,50.0
B_C12_source_C345_target,test,817,0,125.0
B_C12_source_C345_target,test,365,1,225.0
B_C12_source_C345_target,test,1158,2,100.0
B_C12_source_C345_target,test,1420,3,100.0
B_C12_source_C345_target,test,1019,2,62.5
B_C12_source_C345_target,test,0,1,25.0
B_C12_source_C345_target,test,424,0,12.5
B_C12_source_C345_target,test,1492,3,150.0
B_C12_source_C345_target,test,1013,2,62.5
B_C12_source_C345_target,test,831,0,125.0
B_C12_source_C345_target,test,1508,3,150.0
B_C12_source_C345_target,test,725,0,100.0
B_C12_source_C345_target,test,1193,2,112.5
B_C12_source_C345_target,test,2,1,25.0
B_C12_source_C345_target,test,1367,3,75.0
B_C12_source_C345_target,test,815,0,125.0
B_C12_source_C345_target,test,513,0,37.5
B_C12_source_C345_target,test,1605,3,225.0
B_C12_source_C345_target,test,785,0,112.5
B_C12_source_C345_target,test,851,2,12.5
B_C12_source_C345_target,test,479,0,25.0
B_C12_source_C345_target,test,126,1,100.0
B_C12_source_C345_target,test,360,1,225.0
B_C12_source_C345_target,test,704,0,87.5
B_C12_source_C345_target,test,437,0,12.5
B_C12_source_C345_target,test,1151,2,100.0
B_C12_source_C345_target,test,563,0,50.0
B_C12_source_C345_target,test,1208,2,112.5
B_C12_source_C345_target,test,1212,2,112.5
B_C12_source_C345_target,test,1238,2,125.0
B_C12_source_C345_target,test,1471,3,150.0
B_C12_source_C345_target,test,750,0,100.0
B_C12_source_C345_target,test,542,0,37.5
B_C12_source_C345_target,test,130,1,100.0
B_C12_source_C345_target,test,1649,3,250.0
B_C12_source_C345_target,test,223,1,150.0
B_C12_source_C345_target,test,203,1,125.0
B_C12_source_C345_target,test,1607,3,225.0
B_C12_source_C345_target,test,1328,3,50.0
B_C12_source_C345_target,test,653,0,75.0
B_C12_source_C345_target,test,1125,2,87.5
B_C12_source_C345_target,test,480,0,25.0
B_C12_source_C345_target,test,887,2,25.0
B_C12_source_C345_target,test,836,0,125.0
B_C12_source_C345_target,test,1012,2,62.5
B_C12_source_C345_target,test,1671,3,250.0
B_C12_source_C345_target,test,994,2,50.0
B_C12_source_C345_target,test,1592,3,200.0
B_C12_source_C345_target,test,549,0,50.0
B_C12_source_C345_target,test,201,1,125.0
B_C12_source_C345_target,test,1625,3,225.0
B_C12_source_C345_target,test,1408,3,100.0
B_C12_source_C345_target,test,367,1,225.0
B_C12_source_C345_target,test,1647,3,250.0
B_C12_source_C345_target,test,524,0,37.5
B_C12_source_C345_target,test,587,0,50.0
B_C12_source_C345_target,test,1581,3,200.0
B_C12_source_C345_target,test,778,0,112.5
B_C12_source_C345_target,test,15,1,25.0
B_C12_source_C345_target,test,105,1,75.0
B_C12_source_C345_target,test,1267,3,25.0
B_C12_source_C345_target,test,278,1,175.0
B_C12_source_C345_target,test,1615,3,225.0
B_C12_source_C345_target,test,583,0,50.0
B_C12_source_C345_target,test,391,1,250.0
B_C12_source_C345_target,test,502,0,25.0
B_C12_source_C345_target,test,377,1,225.0
B_C12_source_C345_target,test,1423,3,100.0
B_C12_source_C345_target,test,461,0,12.5
B_C12_source_C345_target,test,118,1,75.0
B_C12_source_C345_target,test,158,1,100.0
B_C12_source_C345_target,test,1289,3,25.0
B_C12_source_C345_target,test,667,0,75.0
B_C12_source_C345_target,test,438,0,12.5
B_C12_source_C345_target,test,178,1,125.0
B_C12_source_C345_target,test,970,2,50.0
B_C12_source_C345_target,test,1118,2,87.5
B_C12_source_C345_target,test,1258,2,125.0
B_C12_source_C345_target,test,433,0,12.5
B_C12_source_C345_target,test,79,1,50.0
B_C12_source_C345_target,test,175,1,125.0
B_C12_source_C345_target,test,147,1,100.0
B_C12_source_C345_target,test,7,1,25.0
B_C12_source_C345_target,test,208,1,125.0
B_C12_source_C345_target,test,1142,2,100.0
B_C12_source_C345_target,test,1021,2,62.5
B_C12_source_C345_target,test,174,1,125.0
B_C12_source_C345_target,test,986,2,50.0
B_C12_source_C345_target,test,222,1,150.0
B_C12_source_C345_target,test,647,0,75.0
B_C12_source_C345_target,test,149,1,100.0
B_C12_source_C345_target,test,1482,3,150.0
B_C12_source_C345_target,test,1144,2,100.0
B_C12_source_C345_target,test,961,2,37.5
B_C12_source_C345_target,test,116,1,75.0
B_C12_source_C345_target,test,569,0,50.0
B_C12_source_C345_target,test,1595,3,200.0
B_C12_source_C345_target,test,820,0,125.0
B_C12_source_C345_target,test,1653,3,250.0
B_C12_source_C345_target,test,813,0,125.0
B_C12_source_C345_target,test,1255,2,125.0
B_C12_source_C345_target,test,257,1,175.0
B_C12_source_C345_target,test,236,1,150.0
B_C12_source_C345_target,test,349,1,225.0
B_C12_source_C345_target,test,1467,3,125.0
B_C12_source_C345_target,test,537,0,37.5
B_C12_source_C345_target,test,556,0,50.0
B_C12_source_C345_target,test,1364,3,75.0
B_C12_source_C345_target,test,978,2,50.0
B_C12_source_C345_target,test,1007,2,50.0
B_C12_source_C345_target,test,714,0,100.0
B_C12_source_C345_target,test,1654,3,250.0
B_C12_source_C345_target,test,1299,3,25.0
B_C12_source_C345_target,test,1455,3,125.0
B_C12_source_C345_target,test,299,1,200.0
B_C12_source_C345_target,test,904,2,25.0
B_C12_source_C345_target,test,993,2,50.0
B_C12_source_C345_target,test,1632,3,225.0
B_C12_source_C345_target,test,935,2,37.5
B_C12_source_C345_target,test,1380,3,75.0
B_C12_source_C345_target,test,398,1,250.0
B_C12_source_C345_target,test,1599,3,225.0
B_C12_source_C345_target,test,123,1,75.0
B_C12_source_C345_target,test,253,1,175.0
B_C12_source_C345_target,test,44,1,50.0
B_C12_source_C345_target,test,763,0,112.5
B_C12_source_C345_target,test,1123,2,87.5
B_C12_source_C345_target,test,1018,2,62.5
B_C12_source_C345_target,test,1325,3,50.0
B_C12_source_C345_target,test,979,2,50.0
B_C12_source_C345_target,test,948,2,37.5
B_C12_source_C345_target,test,371,1,225.0
B_C12_source_C345_target,test,1431,3,125.0
B_C12_source_C345_target,test,432,0,12.5
B_C12_source_C345_target,test,75,1,50.0
B_C12_source_C345_target,test,909,2,25.0
B_C12_source_C345_target,test,1163,2,100.0
B_C12_source_C345_target,test,439,0,12.5
B_C12_source_C345_target,test,1673,3,250.0
B_C12_source_C345_target,test,125,1,75.0
B_C12_source_C345_target,test,1024,2,62.5
B_C12_source_C345_target,test,5,1,25.0
B_C12_source_C345_target,test,837,0,125.0
B_C12_source_C345_target,test,1127,2,87.5
B_C12_source_C345_target,test,1550,3,175.0
B_C12_source_C345_target,test,1171,2,100.0
B_C12_source_C345_target,test,447,0,12.5
B_C12_source_C345_target,test,982,2,50.0
B_C12_source_C345_target,test,397,1,250.0
B_C12_source_C345_target,test,859,2,12.5
B_C12_source_C345_target,test,1196,2,112.5
B_C12_source_C345_target,test,1672,3,250.0
B_C12_source_C345_target,test,1188,2,112.5
B_C12_source_C345_target,test,1035,2,62.5
B_C12_source_C345_target,test,1052,2,75.0
B_C12_source_C345_target,test,303,1,200.0
B_C12_source_C345_target,test,781,0,112.5
B_C12_source_C345_target,test,1322,3,50.0
B_C12_source_C345_target,test,919,2,25.0
B_C12_source_C345_target,test,523,0,37.5
B_C12_source_C345_target,test,1054,2,75.0
B_C12_source_C345_target,test,1149,2,100.0
B_C12_source_C345_target,test,655,0,75.0
B_C12_source_C345_target,test,1167,2,100.0
B_C12_source_C345_target,test,361,1,225.0
B_C12_source_C345_target,test,959,2,37.5
B_C12_source_C345_target,test,1236,2,125.0
B_C12_source_C345_target,test,394,1,250.0
B_C12_source_C345_target,test,1078,2,75.0
B_C12_source_C345_target,test,1282,3,25.0
B_C12_source_C345_target,test,1541,3,175.0
B_C12_source_C345_target,test,645,0,75.0
B_C12_source_C345_target,test,291,1,175.0
B_C12_source_C345_target,test,304,1,200.0
B_C12_source_C345_target,test,885,2,25.0
B_C12_source_C345_target,test,350,1,225.0
B_C12_source_C345_target,test,265,1,175.0
B_C12_source_C345_target,test,407,1,250.0
B_C12_source_C345_target,test,1309,3,50.0
B_C12_source_C345_target,test,298,1,200.0
B_C12_source_C345_target,test,1381,3,75.0
B_C12_source_C345_target,test,162,1,100.0
B_C12_source_C345_target,test,1330,3,50.0
B_C12_source_C345_target,test,1620,3,225.0
B_C12_source_C345_target,test,602,0,62.5
B_C12_source_C345_target,test,354,1,225.0
B_C12_source_C345_target,test,1534,3,175.0
B_C12_source_C345_target,test,1585,3,200.0
B_C12_source_C345_target,test,1586,3,200.0
B_C12_source_C345_target,test,442,0,12.5
B_C12_source_C345_target,test,405,1,250.0
B_C12_source_C345_target,test,1470,3,150.0
B_C12_source_C345_target,test,41,1,25.0
B_C12_source_C345_target,test,1304,3,50.0
B_C12_source_C345_target,test,1034,2,62.5
B_C12_source_C345_target,test,1601,3,225.0
B_C12_source_C345_target,test,1485,3,150.0
B_C12_source_C345_target,test,334,1,200.0
B_C12_source_C345_target,test,1486,3,150.0
B_C12_source_C345_target,test,1570,3,200.0
B_C12_source_C345_target,test,553,0,50.0
B_C12_source_C345_target,test,999,2,50.0
B_C12_source_C345_target,test,1048,2,62.5
B_C12_source_C345_target,test,200,1,125.0
B_C12_source_C345_target,test,1523,3,175.0
B_C12_source_C345_target,test,841,2,12.5
B_C12_source_C345_target,test,1609,3,225.0
B_C12_source_C345_target,test,900,2,25.0
B_C12_source_C345_target,test,555,0,50.0
B_C12_source_C345_target,test,1371,3,75.0
B_C12_source_C345_target,test,796,0,112.5
B_C12_source_C345_target,test,1593,3,200.0
B_C12_source_C345_target,test,1185,2,112.5
B_C12_source_C345_target,test,694,0,87.5
B_C12_source_C345_target,test,260,1,175.0
B_C12_source_C345_target,test,991,2,50.0
B_C12_source_C345_target,test,520,0,37.5
B_C12_source_C345_target,test,767,0,112.5
B_C12_source_C345_target,test,21,1,25.0
B_C12_source_C345_target,test,1571,3,200.0
B_C12_source_C345_target,test,1059,2,75.0
B_C12_source_C345_target,test,878,2,12.5
B_C12_source_C345_target,test,739,0,100.0
B_C12_source_C345_target,test,627,0,62.5
B_C12_source_C345_target,test,541,0,37.5
B_C12_source_C345_target,test,1335,3,50.0
B_C12_source_C345_target,test,1323,3,50.0
B_C12_source_C345_target,test,88,1,75.0
B_C12_source_C345_target,test,1340,3,50.0
B_C12_source_C345_target,test,791,0,112.5
B_C12_source_C345_target,test,1200,2,112.5
B_C12_source_C345_target,test,1386,3,100.0
B_C12_source_C345_target,test,238,1,150.0
B_C12_source_C345_target,test,895,2,25.0
B_C12_source_C345_target,test,1411,3,100.0
B_C12_source_C345_target,test,860,2,12.5
B_C12_source_C345_target,test,1657,3,250.0
B_C12_source_C345_target,test,1076,2,75.0
B_C12_source_C345_target,test,564,0,50.0
B_C12_source_C345_target,test,599,0,62.5
B_C12_source_C345_target,test,742,0,100.0
B_C12_source_C345_target,test,1370,3,75.0
B_C12_source_C345_target,test,1043,2,62.5
B_C12_source_C345_target,test,804,0,125.0
B_C12_source_C345_target,test,890,2,25.0
B_C12_source_C345_target,test,858,2,12.5
B_C12_source_C345_target,test,1046,2,62.5
B_C12_source_C345_target,test,612,0,62.5
B_C12_source_C345_target,test,1189,2,112.5
B_C12_source_C345_target,test,1648,3,250.0
B_C12_source_C345_target,test,1172,2,100.0
B_C12_source_C345_target,test,1271,3,25.0
B_C12_source_C345_target,test,1211,2,112.5
B_C12_source_C345_target,test,1368,3,75.0
B_C12_source_C345_target,test,1624,3,225.0
B_C12_source_C345_target,test,1187,2,112.5
B_C12_source_C345_target,test,204,1,125.0
B_C12_source_C345_target,test,879,2,12.5
B_C12_source_C345_target,test,1437,3,125.0
B_C12_source_C345_target,test,352,1,225.0
B_C12_source_C345_target,test,286,1,175.0
B_C12_source_C345_target,test,456,0,12.5
B_C12_source_C345_target,test,1404,3,100.0
B_C12_source_C345_target,test,122,1,75.0
B_C12_source_C345_target,test,288,1,175.0
B_C12_source_C345_target,test,1355,3,75.0
B_C12_source_C345_target,test,631,0,75.0
B_C12_source_C345_target,test,907,2,25.0
B_C12_source_C345_target,test,743,0,100.0
B_C12_source_C345_target,test,1563,3,200.0
B_C12_source_C345_target,test,741,0,100.0
B_C12_source_C345_target,test,267,1,175.0
B_C12_source_C345_target,test,966,2,50.0
B_C12_source_C345_target,test,1627,3,225.0
B_C12_source_C345_target,test,592,0,62.5
B_C12_source_C345_target,test,1363,3,75.0
B_C12_source_C345_target,test,1514,3,175.0
B_C12_source_C345_target,test,1390,3,100.0
B_C12_source_C345_target,test,1537,3,175.0
B_C12_source_C345_target,test,931,2,37.5
B_C12_source_C345_target,test,98,1,75.0
B_C12_source_C345_target,test,380,1,250.0
B_C12_source_C345_target,test,164,1,100.0
B_C12_source_C345_target,test,93,1,75.0
B_C12_source_C345_target,test,419,1,250.0
B_C12_source_C345_target,test,1427,3,100.0
B_C12_source_C345_target,test,988,2,50.0
B_C12_source_C345_target,test,102,1,75.0
B_C12_source_C345_target,test,82,1,50.0
B_C12_source_C345_target,test,411,1,250.0
B_C12_source_C345_target,test,605,0,62.5
B_C12_source_C345_target,test,958,2,37.5
B_C12_source_C345_target,test,548,0,50.0
B_C12_source_C345_target,test,760,0,112.5
B_C12_source_C345_target,test,266,1,175.0
B_C12_source_C345_target,test,80,1,50.0
B_C12_source_C345_target,test,1459,3,125.0
B_C12_source_C345_target,test,1396,3,100.0
B_C12_source_C345_target,test,139,1,100.0
B_C12_source_C345_target,test,1068,2,75.0
B_C12_source_C345_target,test,672,0,87.5
B_C12_source_C345_target,test,127,1,100.0
B_C12_source_C345_target,test,1164,2,100.0
B_C12_source_C345_target,test,606,0,62.5
B_C12_source_C345_target,test,972,2,50.0
B_C12_source_C345_target,test,500,0,25.0
B_C12_source_C345_target,test,554,0,50.0
B_C12_source_C345_target,test,467,0,25.0
B_C12_source_C345_target,test,1622,3,225.0
B_C12_source_C345_target,test,1197,2,112.5
B_C12_source_C345_target,test,1660,3,250.0
B_C12_source_C345_target,test,783,0,112.5
B_C12_source_C345_target,test,963,2,37.5
B_C12_source_C345_target,test,129,1,100.0
B_C12_source_C345_target,test,818,0,125.0
B_C12_source_C345_target,test,198,1,125.0
B_C12_source_C345_target,test,46,1,50.0
B_C12_source_C345_target,test,1183,2,112.5
B_C12_source_C345_target,test,1141,2,100.0
B_C12_source_C345_target,test,1457,3,125.0
B_C12_source_C345_target,test,579,0,50.0
B_C12_source_C345_target,test,834,0,125.0
B_C12_source_C345_target,test,1133,2,87.5
B_C12_source_C345_target,test,628,0,62.5
B_C12_source_C345_target,test,1398,3,100.0
B_C12_source_C345_target,test,737,0,100.0
B_C12_source_C345_target,test,1548,3,175.0
B_C12_source_C345_target,test,1421,3,100.0
B_C12_source_C345_target,test,1679,3,250.0
B_C12_source_C345_target,test,1400,3,100.0
B_C12_source_C345_target,test,1237,2,125.0
B_C12_source_C345_target,test,1290,3,25.0
B_C12_source_C345_target,test,735,0,100.0
B_C12_source_C345_target,test,414,1,250.0
B_C12_source_C345_target,test,270,1,175.0
B_C12_source_C345_target,test,515,0,37.5
B_C12_source_C345_target,test,493,0,25.0
B_C12_source_C345_target,test,1311,3,50.0
B_C12_source_C345_target,test,341,1,225.0
B_C12_source_C345_target,test,351,1,225.0
B_C12_source_C345_target,test,1460,3,125.0
B_C12_source_C345_target,test,945,2,37.5
B_C12_source_C345_target,test,718,0,100.0
B_C12_source_C345_target,test,231,1,150.0
B_C12_source_C345_target,test,1124,2,87.5
B_C12_source_C345_target,test,336,1,225.0
B_C12_source_C345_target,test,755,0,100.0
B_C12_source_C345_target,test,92,1,75.0
B_C12_source_C345_target,test,540,0,37.5
B_C12_source_C345_target,test,1659,3,250.0
B_C12_source_C345_target,test,268,1,175.0
B_C12_source_C345_target,test,1377,3,75.0
B_C12_source_C345_target,test,1600,3,225.0
B_C12_source_C345_target,test,876,2,12.5
B_C12_source_C345_target,test,1025,2,62.5
B_C12_source_C345_target,test,1098,2,87.5
B_C12_source_C345_target,test,86,1,75.0
B_C12_source_C345_target,test,404,1,250.0
B_C12_source_C345_target,test,1103,2,87.5
B_C12_source_C345_target,test,1272,3,25.0
B_C12_source_C345_target,test,1017,2,62.5
B_C12_source_C345_target,test,984,2,50.0
B_C12_source_C345_target,test,246,1,150.0
B_C12_source_C345_target,test,1397,3,100.0
B_C12_source_C345_target,test,604,0,62.5
B_C12_source_C345_target,test,1644,3,250.0
B_C12_source_C345_target,test,1114,2,87.5
B_C12_source_C345_target,test,1150,2,100.0
B_C12_source_C345_target,test,383,1,250.0
B_C12_source_C345_target,test,19,1,25.0
B_C12_source_C345_target,test,1528,3,175.0
B_C12_source_C345_target,test,25,1,25.0
B_C12_source_C345_target,test,132,1,100.0
B_C12_source_C345_target,test,1617,3,225.0
B_C12_source_C345_target,test,426,0,12.5
B_C12_source_C345_target,test,1067,2,75.0
B_C12_source_C345_target,test,937,2,37.5
B_C12_source_C345_target,test,1579,3,200.0
B_C12_source_C345_target,test,463,0,25.0
B_C12_source_C345_target,test,758,0,112.5
B_C12_source_C345_target,test,271,1,175.0
B_C12_source_C345_target,test,1444,3,125.0
B_C12_source_C345_target,test,379,1,250.0
B_C12_source_C345_target,test,1597,3,225.0
B_C12_source_C345_target,test,1436,3,125.0
B_C12_source_C345_target,test,543,0,37.5
B_C12_source_C345_target,test,686,0,87.5
B_C12_source_C345_target,test,551,0,50.0
B_C12_source_C345_target,test,1674,3,250.0
B_C12_source_C345_target,test,157,1,100.0
B_C12_source_C345_target,test,1062,2,75.0
B_C12_source_C345_target,test,1069,2,75.0
B_C12_source_C345_target,test,1136,2,100.0
B_C12_source_C345_target,test,1428,3,125.0
B_C12_source_C345_target,test,1661,3,250.0
B_C12_source_C345_target,test,410,1,250.0
B_C12_source_C345_target,test,1373,3,75.0
B_C12_source_C345_target,test,1246,2,125.0
B_C12_source_C345_target,test,39,1,25.0
B_C12_source_C345_target,test,1495,3,150.0
B_C12_source_C345_target,test,471,0,25.0
B_C12_source_C345_target,test,723,0,100.0
B_C12_source_C345_target,test,1450,3,125.0
B_C12_source_C345_target,test,340,1,225.0
