experiment,classifier_checkpoint,dataset,sample_index,true_class,pred_class,gas,true_ppm,filename,repeat_id,phase,phase_label_meta,window_start_s,route_correct,pipeline_pred_ppm,oracle_pred_ppm
A_OLD_CKPT_OLD_DATA,OLD,OLD,0,0,0,Ethanol,112.5,B5_GEa_F090_R2.txt,2,2,late,,1,111.57914015840898,111.57914015840898
A_OLD_CKPT_OLD_DATA,OLD,OLD,1,0,0,Ethanol,75.0,B5_GEa_F060_R2.txt,2,2,late,,1,65.52410075772552,65.52410075772552
A_OLD_CKPT_OLD_DATA,OLD,OLD,2,0,0,Ethanol,25.0,B5_GEa_F020_R1.txt,1,2,late,,1,23.415478009738887,23.415478009738887
A_OLD_CKPT_OLD_DATA,OLD,OLD,3,2,2,Ethylene,112.5,B5_GEy_F090_R1.txt,1,2,late,,1,96.68411431781283,96.68411431781283
A_OLD_CKPT_OLD_DATA,OLD,OLD,4,3,3,Methane,75.0,B5_GMe_F030_R2.txt,2,2,late,,1,66.57593145912638,66.57593145912638
A_OLD_CKPT_OLD_DATA,OLD,OLD,5,0,0,Ethanol,25.0,B5_GEa_F020_R1.txt,1,2,late,,1,23.83325872524928,23.83325872524928
A_OLD_CKPT_OLD_DATA,OLD,OLD,6,0,0,Ethanol,87.5,B5_GEa_F070_R1.txt,1,2,late,,1,85.19296826948158,85.19296826948158
A_OLD_CKPT_OLD_DATA,OLD,OLD,7,3,3,Methane,225.0,B5_GMe_F090_R1.txt,1,2,late,,1,220.4880445413407,220.4880445413407
A_OLD_CKPT_OLD_DATA,OLD,OLD,8,1,1,CO,225.0,B5_GCO_F090_R2.txt,2,2,late,,1,208.6363361214525,208.6363361214525
A_OLD_CKPT_OLD_DATA,OLD,OLD,9,0,0,Ethanol,37.5,B5_GEa_F030_R1.txt,1,2,late,,1,39.58642566408465,39.58642566408465
A_OLD_CKPT_OLD_DATA,OLD,OLD,10,1,1,CO,150.0,B5_GCO_F060_R2.txt,2,2,late,,1,161.07119124303108,161.07119124303108
A_OLD_CKPT_OLD_DATA,OLD,OLD,11,1,1,CO,250.0,B5_GCO_F100_R1.txt,1,2,late,,1,241.23139845055556,241.23139845055556
A_OLD_CKPT_OLD_DATA,OLD,OLD,12,0,0,Ethanol,125.0,B5_GEa_F100_R2.txt,2,2,late,,1,125.0,125.0
A_OLD_CKPT_OLD_DATA,OLD,OLD,13,3,3,Methane,50.0,B5_GMe_F020_R1.txt,1,2,late,,1,82.28010540744239,82.28010540744239
A_OLD_CKPT_OLD_DATA,OLD,OLD,14,0,0,Ethanol,87.5,B5_GEa_F070_R2.txt,2,2,late,,1,100.42449786025034,100.42449786025034
A_OLD_CKPT_OLD_DATA,OLD,OLD,15,1,1,CO,50.0,B5_GCO_F020_R2.txt,2,2,late,,1,59.287695323848354,59.287695323848354
A_OLD_CKPT_OLD_DATA,OLD,OLD,16,0,0,Ethanol,62.5,B5_GEa_F050_R2.txt,2,2,late,,1,64.20982212483466,64.20982212483466
A_OLD_CKPT_OLD_DATA,OLD,OLD,17,2,2,Ethylene,37.5,B5_GEy_F030_R2.txt,2,2,late,,1,35.89657618103698,35.89657618103698
A_OLD_CKPT_OLD_DATA,OLD,OLD,18,0,0,Ethanol,75.0,B5_GEa_F060_R1.txt,1,2,late,,1,97.21069339795616,97.21069339795616
A_OLD_CKPT_OLD_DATA,OLD,OLD,19,1,1,CO,250.0,B5_GCO_F100_R2.txt,2,2,late,,1,234.8018144540634,234.8018144540634
A_OLD_CKPT_OLD_DATA,OLD,OLD,20,0,0,Ethanol,37.5,B5_GEa_F030_R1.txt,1,2,late,,1,40.916837776836545,40.916837776836545
A_OLD_CKPT_OLD_DATA,OLD,OLD,21,2,2,Ethylene,25.0,B5_GEy_F020_R1.txt,1,2,late,,1,25.759229284021643,25.759229284021643
A_OLD_CKPT_OLD_DATA,OLD,OLD,22,1,1,CO,25.0,B5_GCO_F010_R2.txt,2,2,late,,1,25.0,25.0
A_OLD_CKPT_OLD_DATA,OLD,OLD,23,2,2,Ethylene,37.5,B5_GEy_F030_R2.txt,2,2,late,,1,25.764871757316975,25.764871757316975
A_OLD_CKPT_OLD_DATA,OLD,OLD,24,0,0,Ethanol,62.5,B5_GEa_F050_R1.txt,1,2,late,,1,64.36984073763418,64.36984073763418
A_OLD_CKPT_OLD_DATA,OLD,OLD,25,0,0,Ethanol,12.5,B5_GEa_F010_R1.txt,1,2,late,,1,12.5,12.5
A_OLD_CKPT_OLD_DATA,OLD,OLD,26,0,2,Ethanol,25.0,B5_GEa_F020_R1.txt,1,2,late,,0,12.5,51.794408207137394
A_OLD_CKPT_OLD_DATA,OLD,OLD,27,3,3,Methane,125.0,B5_GMe_F050_R2.txt,2,2,late,,1,128.25821417385566,128.25821417385566
A_OLD_CKPT_OLD_DATA,OLD,OLD,28,3,3,Methane,100.0,B5_GMe_F040_R2.txt,2,2,late,,1,97.89693620202098,97.89693620202098
A_OLD_CKPT_OLD_DATA,OLD,OLD,29,1,1,CO,25.0,B5_GCO_F010_R1.txt,1,2,late,,1,25.0,25.0
A_OLD_CKPT_OLD_DATA,OLD,OLD,30,2,2,Ethylene,12.5,B5_GEy_F010_R2.txt,2,2,late,,1,12.5,12.5
A_OLD_CKPT_OLD_DATA,OLD,OLD,31,0,0,Ethanol,37.5,B5_GEa_F030_R1.txt,1,2,late,,1,36.869848760062936,36.869848760062936
A_OLD_CKPT_OLD_DATA,OLD,OLD,32,0,0,Ethanol,112.5,B5_GEa_F090_R2.txt,2,2,late,,1,117.38118739371967,117.38118739371967
A_OLD_CKPT_OLD_DATA,OLD,OLD,33,1,1,CO,125.0,B5_GCO_F050_R1.txt,1,2,late,,1,141.08633441226266,141.08633441226266
A_OLD_CKPT_OLD_DATA,OLD,OLD,34,0,0,Ethanol,62.5,B5_GEa_F050_R2.txt,2,2,late,,1,62.75432345191158,62.75432345191158
A_OLD_CKPT_OLD_DATA,OLD,OLD,35,3,3,Methane,25.0,B5_GMe_F010_R1.txt,1,2,late,,1,31.173970667807126,31.173970667807126
A_OLD_CKPT_OLD_DATA,OLD,OLD,36,3,3,Methane,175.0,B5_GMe_F070_R2.txt,2,2,late,,1,178.20825616105157,178.20825616105157
A_OLD_CKPT_OLD_DATA,OLD,OLD,37,3,3,Methane,225.0,B5_GMe_F090_R1.txt,1,2,late,,1,238.1371286860702,238.1371286860702
A_OLD_CKPT_OLD_DATA,OLD,OLD,38,3,3,Methane,100.0,B5_GMe_F040_R1.txt,1,2,late,,1,96.30747586039442,96.30747586039442
A_OLD_CKPT_OLD_DATA,OLD,OLD,39,1,1,CO,50.0,B5_GCO_F020_R2.txt,2,2,late,,1,82.06648046559312,82.06648046559312
A_OLD_CKPT_OLD_DATA,OLD,OLD,40,1,1,CO,100.0,B5_GCO_F040_R2.txt,2,2,late,,1,111.34189205726153,111.34189205726153
A_OLD_CKPT_OLD_DATA,OLD,OLD,41,3,3,Methane,125.0,B5_GMe_F050_R2.txt,2,2,late,,1,130.62684154609477,130.62684154609477
A_OLD_CKPT_OLD_DATA,OLD,OLD,42,3,3,Methane,225.0,B5_GMe_F090_R2.txt,2,2,late,,1,228.405069672176,228.405069672176
A_OLD_CKPT_OLD_DATA,OLD,OLD,43,2,2,Ethylene,25.0,B5_GEy_F020_R1.txt,1,2,late,,1,27.709037947404553,27.709037947404553
A_OLD_CKPT_OLD_DATA,OLD,OLD,44,0,0,Ethanol,75.0,B5_GEa_F060_R1.txt,1,2,late,,1,74.67036492272423,74.67036492272423
A_OLD_CKPT_OLD_DATA,OLD,OLD,45,2,2,Ethylene,37.5,B5_GEy_F030_R2.txt,2,2,late,,1,37.60128137752426,37.60128137752426
A_OLD_CKPT_OLD_DATA,OLD,OLD,46,0,0,Ethanol,75.0,B5_GEa_F060_R2.txt,2,2,late,,1,72.50288487498418,72.50288487498418
A_OLD_CKPT_OLD_DATA,OLD,OLD,47,0,0,Ethanol,25.0,B5_GEa_F020_R1.txt,1,2,late,,1,26.8785667008703,26.8785667008703
A_OLD_CKPT_OLD_DATA,OLD,OLD,48,3,3,Methane,125.0,B5_GMe_F050_R2.txt,2,2,late,,1,130.98618879825779,130.98618879825779
A_OLD_CKPT_OLD_DATA,OLD,OLD,49,2,2,Ethylene,75.0,B5_GEy_F060_R1.txt,1,2,late,,1,77.51378701882018,77.51378701882018
A_OLD_CKPT_OLD_DATA,OLD,OLD,50,3,3,Methane,100.0,B5_GMe_F040_R1.txt,1,2,late,,1,169.99504126051932,169.99504126051932
A_OLD_CKPT_OLD_DATA,OLD,OLD,51,2,2,Ethylene,12.5,B5_GEy_F010_R2.txt,2,2,late,,1,12.5,12.5
A_OLD_CKPT_OLD_DATA,OLD,OLD,52,3,3,Methane,75.0,B5_GMe_F030_R2.txt,2,2,late,,1,85.98378697037377,85.98378697037377
A_OLD_CKPT_OLD_DATA,OLD,OLD,53,2,2,Ethylene,112.5,B5_GEy_F090_R2.txt,2,2,late,,1,109.2546546866607,109.2546546866607
A_OLD_CKPT_OLD_DATA,OLD,OLD,54,1,1,CO,250.0,B5_GCO_F100_R2.txt,2,2,late,,1,226.76563449451245,226.76563449451245
A_OLD_CKPT_OLD_DATA,OLD,OLD,55,3,3,Methane,50.0,B5_GMe_F020_R2.txt,2,2,late,,1,42.44311147004301,42.44311147004301
A_OLD_CKPT_OLD_DATA,OLD,OLD,56,3,3,Methane,125.0,B5_GMe_F050_R2.txt,2,2,late,,1,120.36265445750028,120.36265445750028
A_OLD_CKPT_OLD_DATA,OLD,OLD,57,1,1,CO,250.0,B5_GCO_F100_R1.txt,1,2,late,,1,249.8000282124977,249.8000282124977
A_OLD_CKPT_OLD_DATA,OLD,OLD,58,1,1,CO,250.0,B5_GCO_F100_R1.txt,1,2,late,,1,249.93579448492943,249.93579448492943
A_OLD_CKPT_OLD_DATA,OLD,OLD,59,0,0,Ethanol,100.0,B5_GEa_F080_R1.txt,1,2,late,,1,82.47005729022729,82.47005729022729
A_OLD_CKPT_OLD_DATA,OLD,OLD,60,0,0,Ethanol,25.0,B5_GEa_F020_R1.txt,1,2,late,,1,20.873537565480202,20.873537565480202
A_OLD_CKPT_OLD_DATA,OLD,OLD,61,2,2,Ethylene,75.0,B5_GEy_F060_R1.txt,1,2,late,,1,71.26086338496594,71.26086338496594
A_OLD_CKPT_OLD_DATA,OLD,OLD,62,0,0,Ethanol,25.0,B5_GEa_F020_R1.txt,1,2,late,,1,23.618437009931114,23.618437009931114
A_OLD_CKPT_OLD_DATA,OLD,OLD,63,3,3,Methane,225.0,B5_GMe_F090_R1.txt,1,2,late,,1,215.30431892667156,215.30431892667156
A_OLD_CKPT_OLD_DATA,OLD,OLD,64,1,1,CO,50.0,B5_GCO_F020_R1.txt,1,2,late,,1,36.48991781929011,36.48991781929011
A_OLD_CKPT_OLD_DATA,OLD,OLD,65,3,3,Methane,250.0,B5_GMe_F100_R2.txt,2,2,late,,1,248.46615532728927,248.46615532728927
A_OLD_CKPT_OLD_DATA,OLD,OLD,66,3,3,Methane,200.0,B5_GMe_F080_R2.txt,2,2,late,,1,194.5549414110771,194.5549414110771
A_OLD_CKPT_OLD_DATA,OLD,OLD,67,1,1,CO,25.0,B5_GCO_F010_R2.txt,2,2,late,,1,30.74447956832627,30.74447956832627
A_OLD_CKPT_OLD_DATA,OLD,OLD,68,2,2,Ethylene,112.5,B5_GEy_F090_R2.txt,2,2,late,,1,115.00464106455334,115.00464106455334
A_OLD_CKPT_OLD_DATA,OLD,OLD,69,2,2,Ethylene,25.0,B5_GEy_F020_R2.txt,2,2,late,,1,24.80865176135788,24.80865176135788
A_OLD_CKPT_OLD_DATA,OLD,OLD,70,3,3,Methane,100.0,B5_GMe_F040_R1.txt,1,2,late,,1,132.02723161941117,132.02723161941117
A_OLD_CKPT_OLD_DATA,OLD,OLD,71,3,3,Methane,225.0,B5_GMe_F090_R1.txt,1,2,late,,1,199.34275034449746,199.34275034449746
A_OLD_CKPT_OLD_DATA,OLD,OLD,72,2,2,Ethylene,75.0,B5_GEy_F060_R1.txt,1,2,late,,1,75.24868579209192,75.24868579209192
A_OLD_CKPT_OLD_DATA,OLD,OLD,73,0,0,Ethanol,75.0,B5_GEa_F060_R2.txt,2,2,late,,1,68.60122269941283,68.60122269941283
A_OLD_CKPT_OLD_DATA,OLD,OLD,74,0,0,Ethanol,100.0,B5_GEa_F080_R2.txt,2,2,late,,1,99.07212401210177,99.07212401210177
A_OLD_CKPT_OLD_DATA,OLD,OLD,75,1,1,CO,250.0,B5_GCO_F100_R2.txt,2,2,late,,1,227.8490756211265,227.8490756211265
A_OLD_CKPT_OLD_DATA,OLD,OLD,76,3,3,Methane,200.0,B5_GMe_F080_R1.txt,1,2,late,,1,203.4667285115524,203.4667285115524
A_OLD_CKPT_OLD_DATA,OLD,OLD,77,3,3,Methane,125.0,B5_GMe_F050_R1.txt,1,2,late,,1,130.60687696367978,130.60687696367978
A_OLD_CKPT_OLD_DATA,OLD,OLD,78,3,3,Methane,200.0,B5_GMe_F080_R2.txt,2,2,late,,1,195.31190225004133,195.31190225004133
A_OLD_CKPT_OLD_DATA,OLD,OLD,79,3,3,Methane,150.0,B5_GMe_F060_R1.txt,1,2,late,,1,148.71239301182302,148.71239301182302
A_OLD_CKPT_OLD_DATA,OLD,OLD,80,0,0,Ethanol,62.5,B5_GEa_F050_R2.txt,2,2,late,,1,63.74886093171233,63.74886093171233
A_OLD_CKPT_OLD_DATA,OLD,OLD,81,0,0,Ethanol,100.0,B5_GEa_F080_R1.txt,1,2,late,,1,95.75294837651322,95.75294837651322
A_OLD_CKPT_OLD_DATA,OLD,OLD,82,3,3,Methane,25.0,B5_GMe_F010_R1.txt,1,2,late,,1,25.0,25.0
A_OLD_CKPT_OLD_DATA,OLD,OLD,83,1,1,CO,125.0,B5_GCO_F050_R1.txt,1,2,late,,1,137.87736560576622,137.87736560576622
A_OLD_CKPT_OLD_DATA,OLD,OLD,84,0,0,Ethanol,75.0,B5_GEa_F060_R1.txt,1,2,late,,1,79.97370951180783,79.97370951180783
A_OLD_CKPT_OLD_DATA,OLD,OLD,85,1,1,CO,175.0,B5_GCO_F070_R1.txt,1,2,late,,1,136.5451261597508,136.5451261597508
A_OLD_CKPT_OLD_DATA,OLD,OLD,86,1,1,CO,125.0,B5_GCO_F050_R2.txt,2,2,late,,1,110.55999873090728,110.55999873090728
A_OLD_CKPT_OLD_DATA,OLD,OLD,87,1,1,CO,200.0,B5_GCO_F080_R2.txt,2,2,late,,1,185.17323733550398,185.17323733550398
A_OLD_CKPT_OLD_DATA,OLD,OLD,88,2,2,Ethylene,112.5,B5_GEy_F090_R2.txt,2,2,late,,1,87.63965004798285,87.63965004798285
A_OLD_CKPT_OLD_DATA,OLD,OLD,89,3,3,Methane,150.0,B5_GMe_F060_R1.txt,1,2,late,,1,152.00909066110313,152.00909066110313
A_OLD_CKPT_OLD_DATA,OLD,OLD,90,2,2,Ethylene,100.0,B5_GEy_F080_R1.txt,1,2,late,,1,97.15169372777612,97.15169372777612
A_OLD_CKPT_OLD_DATA,OLD,OLD,91,3,3,Methane,250.0,B5_GMe_F100_R2.txt,2,2,late,,1,250.0,250.0
A_OLD_CKPT_OLD_DATA,OLD,OLD,92,1,1,CO,125.0,B5_GCO_F050_R1.txt,1,2,late,,1,142.94572417424678,142.94572417424678
A_OLD_CKPT_OLD_DATA,OLD,OLD,93,0,0,Ethanol,62.5,B5_GEa_F050_R2.txt,2,2,late,,1,61.363084264478736,61.363084264478736
A_OLD_CKPT_OLD_DATA,OLD,OLD,94,1,1,CO,125.0,B5_GCO_F050_R2.txt,2,2,late,,1,113.35124285168577,113.35124285168577
A_OLD_CKPT_OLD_DATA,OLD,OLD,95,1,1,CO,150.0,B5_GCO_F060_R2.txt,2,2,late,,1,160.760015686166,160.760015686166
A_OLD_CKPT_OLD_DATA,OLD,OLD,96,1,1,CO,250.0,B5_GCO_F100_R1.txt,1,2,late,,1,240.52585708165432,240.52585708165432
A_OLD_CKPT_OLD_DATA,OLD,OLD,97,3,3,Methane,75.0,B5_GMe_F030_R1.txt,1,2,late,,1,84.3496364234999,84.3496364234999
A_OLD_CKPT_OLD_DATA,OLD,OLD,98,1,1,CO,75.0,B5_GCO_F030_R2.txt,2,2,late,,1,115.83209683771278,115.83209683771278
A_OLD_CKPT_OLD_DATA,OLD,OLD,99,1,1,CO,175.0,B5_GCO_F070_R2.txt,2,2,late,,1,176.60255223468843,176.60255223468843
A_OLD_CKPT_OLD_DATA,OLD,OLD,100,3,3,Methane,250.0,B5_GMe_F100_R1.txt,1,2,late,,1,221.8409309362524,221.8409309362524
A_OLD_CKPT_OLD_DATA,OLD,OLD,101,3,3,Methane,250.0,B5_GMe_F100_R2.txt,2,2,late,,1,247.64265576232145,247.64265576232145
A_OLD_CKPT_OLD_DATA,OLD,OLD,102,3,3,Methane,75.0,B5_GMe_F030_R2.txt,2,2,late,,1,80.39601570069779,80.39601570069779
A_OLD_CKPT_OLD_DATA,OLD,OLD,103,1,1,CO,175.0,B5_GCO_F070_R1.txt,1,2,late,,1,163.9598259526851,163.9598259526851
A_OLD_CKPT_OLD_DATA,OLD,OLD,104,2,2,Ethylene,12.5,B5_GEy_F010_R2.txt,2,2,late,,1,12.5,12.5
A_OLD_CKPT_OLD_DATA,OLD,OLD,105,2,2,Ethylene,25.0,B5_GEy_F020_R1.txt,1,2,late,,1,23.756790137079662,23.756790137079662
A_OLD_CKPT_OLD_DATA,OLD,OLD,106,3,3,Methane,50.0,B5_GMe_F020_R1.txt,1,2,late,,1,42.669043018183025,42.669043018183025
A_OLD_CKPT_OLD_DATA,OLD,OLD,107,3,3,Methane,50.0,B5_GMe_F020_R1.txt,1,2,late,,1,33.4655327974008,33.4655327974008
A_OLD_CKPT_OLD_DATA,OLD,OLD,108,3,3,Methane,250.0,B5_GMe_F100_R1.txt,1,2,late,,1,247.49500046604777,247.49500046604777
A_OLD_CKPT_OLD_DATA,OLD,OLD,109,3,3,Methane,175.0,B5_GMe_F070_R1.txt,1,2,late,,1,172.20952696769518,172.20952696769518
A_OLD_CKPT_OLD_DATA,OLD,OLD,110,0,0,Ethanol,25.0,B5_GEa_F020_R1.txt,1,2,late,,1,44.70645241533974,44.70645241533974
A_OLD_CKPT_OLD_DATA,OLD,OLD,111,3,3,Methane,250.0,B5_GMe_F100_R1.txt,1,2,late,,1,242.79278683868742,242.79278683868742
A_OLD_CKPT_OLD_DATA,OLD,OLD,112,0,0,Ethanol,50.0,B5_GEa_F040_R1.txt,1,2,late,,1,46.90831754276161,46.90831754276161
A_OLD_CKPT_OLD_DATA,OLD,OLD,113,3,3,Methane,225.0,B5_GMe_F090_R2.txt,2,2,late,,1,223.01457277888065,223.01457277888065
A_OLD_CKPT_OLD_DATA,OLD,OLD,114,0,0,Ethanol,37.5,B5_GEa_F030_R2.txt,2,2,late,,1,44.812103528851374,44.812103528851374
A_OLD_CKPT_OLD_DATA,OLD,OLD,115,2,2,Ethylene,25.0,B5_GEy_F020_R2.txt,2,2,late,,1,26.205455655283487,26.205455655283487
A_OLD_CKPT_OLD_DATA,OLD,OLD,116,2,2,Ethylene,12.5,B5_GEy_F010_R2.txt,2,2,late,,1,12.512073540915793,12.512073540915793
A_OLD_CKPT_OLD_DATA,OLD,OLD,117,3,3,Methane,200.0,B5_GMe_F080_R1.txt,1,2,late,,1,201.80051913544912,201.80051913544912
A_OLD_CKPT_OLD_DATA,OLD,OLD,118,0,0,Ethanol,87.5,B5_GEa_F070_R2.txt,2,2,late,,1,91.46513232856066,91.46513232856066
A_OLD_CKPT_OLD_DATA,OLD,OLD,119,2,2,Ethylene,25.0,B5_GEy_F020_R2.txt,2,2,late,,1,22.879950370899294,22.879950370899294
A_OLD_CKPT_OLD_DATA,OLD,OLD,120,0,0,Ethanol,37.5,B5_GEa_F030_R2.txt,2,2,late,,1,52.68395235370272,52.68395235370272
A_OLD_CKPT_OLD_DATA,OLD,OLD,121,1,1,CO,150.0,B5_GCO_F060_R1.txt,1,2,late,,1,161.5788031842792,161.5788031842792
A_OLD_CKPT_OLD_DATA,OLD,OLD,122,0,0,Ethanol,12.5,B5_GEa_F010_R2.txt,2,2,late,,1,13.140059875285345,13.140059875285345
A_OLD_CKPT_OLD_DATA,OLD,OLD,123,0,0,Ethanol,100.0,B5_GEa_F080_R1.txt,1,2,late,,1,97.78275894501324,97.78275894501324
A_OLD_CKPT_OLD_DATA,OLD,OLD,124,2,2,Ethylene,62.5,B5_GEy_F050_R1.txt,1,2,late,,1,65.07048133298329,65.07048133298329
A_OLD_CKPT_OLD_DATA,OLD,OLD,125,3,3,Methane,75.0,B5_GMe_F030_R2.txt,2,2,late,,1,75.65610196683792,75.65610196683792
A_OLD_CKPT_OLD_DATA,OLD,OLD,126,0,0,Ethanol,112.5,B5_GEa_F090_R2.txt,2,2,late,,1,106.0154092650002,106.0154092650002
A_OLD_CKPT_OLD_DATA,OLD,OLD,127,2,2,Ethylene,25.0,B5_GEy_F020_R2.txt,2,2,late,,1,24.907288459900542,24.907288459900542
A_OLD_CKPT_OLD_DATA,OLD,OLD,128,2,2,Ethylene,12.5,B5_GEy_F010_R2.txt,2,2,late,,1,15.311345767024022,15.311345767024022
A_OLD_CKPT_OLD_DATA,OLD,OLD,129,2,2,Ethylene,62.5,B5_GEy_F050_R1.txt,1,2,late,,1,72.3022690940052,72.3022690940052
A_OLD_CKPT_OLD_DATA,OLD,OLD,130,1,1,CO,250.0,B5_GCO_F100_R2.txt,2,2,late,,1,220.90469481699495,220.90469481699495
A_OLD_CKPT_OLD_DATA,OLD,OLD,131,3,3,Methane,175.0,B5_GMe_F070_R1.txt,1,2,late,,1,179.8398468717683,179.8398468717683
A_OLD_CKPT_OLD_DATA,OLD,OLD,132,0,0,Ethanol,50.0,B5_GEa_F040_R2.txt,2,2,late,,1,52.955491753747175,52.955491753747175
A_OLD_CKPT_OLD_DATA,OLD,OLD,133,0,0,Ethanol,37.5,B5_GEa_F030_R2.txt,2,2,late,,1,40.79997047726893,40.79997047726893
A_OLD_CKPT_OLD_DATA,OLD,OLD,134,0,0,Ethanol,125.0,B5_GEa_F100_R1.txt,1,2,late,,1,119.06240534240288,119.06240534240288
A_OLD_CKPT_OLD_DATA,OLD,OLD,135,2,2,Ethylene,100.0,B5_GEy_F080_R2.txt,2,2,late,,1,98.25014892476901,98.25014892476901
A_OLD_CKPT_OLD_DATA,OLD,OLD,136,1,1,CO,150.0,B5_GCO_F060_R2.txt,2,2,late,,1,162.030183816455,162.030183816455
A_OLD_CKPT_OLD_DATA,OLD,OLD,137,0,0,Ethanol,125.0,B5_GEa_F100_R1.txt,1,2,late,,1,125.0,125.0
A_OLD_CKPT_OLD_DATA,OLD,OLD,138,2,2,Ethylene,50.0,B5_GEy_F040_R2.txt,2,2,late,,1,45.93949375183186,45.93949375183186
A_OLD_CKPT_OLD_DATA,OLD,OLD,139,2,2,Ethylene,100.0,B5_GEy_F080_R1.txt,1,2,late,,1,106.61276765201018,106.61276765201018
A_OLD_CKPT_OLD_DATA,OLD,OLD,140,0,0,Ethanol,87.5,B5_GEa_F070_R2.txt,2,2,late,,1,92.6575520010895,92.6575520010895
A_OLD_CKPT_OLD_DATA,OLD,OLD,141,1,1,CO,100.0,B5_GCO_F040_R2.txt,2,2,late,,1,87.0738264642165,87.0738264642165
A_OLD_CKPT_OLD_DATA,OLD,OLD,142,3,3,Methane,50.0,B5_GMe_F020_R1.txt,1,2,late,,1,44.16123591523362,44.16123591523362
A_OLD_CKPT_OLD_DATA,OLD,OLD,143,1,1,CO,175.0,B5_GCO_F070_R2.txt,2,2,late,,1,165.79792892545657,165.79792892545657
A_OLD_CKPT_OLD_DATA,OLD,OLD,144,3,3,Methane,150.0,B5_GMe_F060_R1.txt,1,2,late,,1,159.13907625805385,159.13907625805385
A_OLD_CKPT_OLD_DATA,OLD,OLD,145,1,1,CO,175.0,B5_GCO_F070_R1.txt,1,2,late,,1,134.7516600686817,134.7516600686817
A_OLD_CKPT_OLD_DATA,OLD,OLD,146,0,0,Ethanol,75.0,B5_GEa_F060_R1.txt,1,2,late,,1,78.26808262667355,78.26808262667355
A_OLD_CKPT_OLD_DATA,OLD,OLD,147,0,0,Ethanol,125.0,B5_GEa_F100_R1.txt,1,2,late,,1,125.0,125.0
A_OLD_CKPT_OLD_DATA,OLD,OLD,148,3,3,Methane,100.0,B5_GMe_F040_R2.txt,2,2,late,,1,102.07078738618819,102.07078738618819
A_OLD_CKPT_OLD_DATA,OLD,OLD,149,2,2,Ethylene,62.5,B5_GEy_F050_R1.txt,1,2,late,,1,61.16352528089138,61.16352528089138
A_OLD_CKPT_OLD_DATA,OLD,OLD,150,0,0,Ethanol,87.5,B5_GEa_F070_R2.txt,2,2,late,,1,90.56408437882112,90.56408437882112
A_OLD_CKPT_OLD_DATA,OLD,OLD,151,3,3,Methane,200.0,B5_GMe_F080_R2.txt,2,2,late,,1,197.08194805394479,197.08194805394479
A_OLD_CKPT_OLD_DATA,OLD,OLD,152,2,2,Ethylene,37.5,B5_GEy_F030_R2.txt,2,2,late,,1,39.75071263471422,39.75071263471422
A_OLD_CKPT_OLD_DATA,OLD,OLD,153,1,1,CO,50.0,B5_GCO_F020_R1.txt,1,2,late,,1,51.66984679896588,51.66984679896588
A_OLD_CKPT_OLD_DATA,OLD,OLD,154,3,3,Methane,150.0,B5_GMe_F060_R1.txt,1,2,late,,1,151.1972442255282,151.1972442255282
A_OLD_CKPT_OLD_DATA,OLD,OLD,155,3,3,Methane,250.0,B5_GMe_F100_R1.txt,1,2,late,,1,242.86090637907557,242.86090637907557
A_OLD_CKPT_OLD_DATA,OLD,OLD,156,0,0,Ethanol,112.5,B5_GEa_F090_R1.txt,1,2,late,,1,113.45218319622914,113.45218319622914
A_OLD_CKPT_OLD_DATA,OLD,OLD,157,3,3,Methane,75.0,B5_GMe_F030_R1.txt,1,2,late,,1,69.33944951525221,69.33944951525221
A_OLD_CKPT_OLD_DATA,OLD,OLD,158,0,0,Ethanol,37.5,B5_GEa_F030_R1.txt,1,2,late,,1,50.79654927255817,50.79654927255817
A_OLD_CKPT_OLD_DATA,OLD,OLD,159,1,1,CO,125.0,B5_GCO_F050_R1.txt,1,2,late,,1,116.88438961875637,116.88438961875637
A_OLD_CKPT_OLD_DATA,OLD,OLD,160,3,3,Methane,250.0,B5_GMe_F100_R2.txt,2,2,late,,1,243.1613296377089,243.1613296377089
A_OLD_CKPT_OLD_DATA,OLD,OLD,161,2,2,Ethylene,12.5,B5_GEy_F010_R1.txt,1,2,late,,1,12.5,12.5
A_OLD_CKPT_OLD_DATA,OLD,OLD,162,1,1,CO,125.0,B5_GCO_F050_R1.txt,1,2,late,,1,140.55148031590858,140.55148031590858
A_OLD_CKPT_OLD_DATA,OLD,OLD,163,0,0,Ethanol,12.5,B5_GEa_F010_R2.txt,2,2,late,,1,15.839256495688282,15.839256495688282
A_OLD_CKPT_OLD_DATA,OLD,OLD,164,3,3,Methane,100.0,B5_GMe_F040_R1.txt,1,2,late,,1,96.04406000903046,96.04406000903046
A_OLD_CKPT_OLD_DATA,OLD,OLD,165,2,2,Ethylene,50.0,B5_GEy_F040_R1.txt,1,2,late,,1,52.03743091163554,52.03743091163554
A_OLD_CKPT_OLD_DATA,OLD,OLD,166,2,2,Ethylene,125.0,B5_GEy_F100_R1.txt,1,2,late,,1,109.54825739680797,109.54825739680797
A_OLD_CKPT_OLD_DATA,OLD,OLD,167,2,2,Ethylene,125.0,B5_GEy_F100_R2.txt,2,2,late,,1,114.25052976400343,114.25052976400343
A_OLD_CKPT_OLD_DATA,OLD,OLD,168,3,3,Methane,50.0,B5_GMe_F020_R2.txt,2,2,late,,1,50.698066257394196,50.698066257394196
A_OLD_CKPT_OLD_DATA,OLD,OLD,169,0,0,Ethanol,112.5,B5_GEa_F090_R2.txt,2,2,late,,1,110.75860844553598,110.75860844553598
A_OLD_CKPT_OLD_DATA,OLD,OLD,170,0,0,Ethanol,50.0,B5_GEa_F040_R1.txt,1,2,late,,1,45.73694818740995,45.73694818740995
A_OLD_CKPT_OLD_DATA,OLD,OLD,171,2,2,Ethylene,62.5,B5_GEy_F050_R1.txt,1,2,late,,1,64.97894892816828,64.97894892816828
A_OLD_CKPT_OLD_DATA,OLD,OLD,172,3,3,Methane,75.0,B5_GMe_F030_R1.txt,1,2,late,,1,81.28232841236165,81.28232841236165
A_OLD_CKPT_OLD_DATA,OLD,OLD,173,1,1,CO,225.0,B5_GCO_F090_R2.txt,2,2,late,,1,207.0406006566639,207.0406006566639
A_OLD_CKPT_OLD_DATA,OLD,OLD,174,2,2,Ethylene,112.5,B5_GEy_F090_R2.txt,2,2,late,,1,107.53207739884044,107.53207739884044
A_OLD_CKPT_OLD_DATA,OLD,OLD,175,1,1,CO,125.0,B5_GCO_F050_R1.txt,1,2,late,,1,139.3038863534212,139.3038863534212
A_OLD_CKPT_OLD_DATA,OLD,OLD,176,1,1,CO,175.0,B5_GCO_F070_R2.txt,2,2,late,,1,157.20746657375298,157.20746657375298
A_OLD_CKPT_OLD_DATA,OLD,OLD,177,2,2,Ethylene,75.0,B5_GEy_F060_R2.txt,2,2,late,,1,75.65355108124322,75.65355108124322
A_OLD_CKPT_OLD_DATA,OLD,OLD,178,1,1,CO,125.0,B5_GCO_F050_R2.txt,2,2,late,,1,125.63622109434866,125.63622109434866
A_OLD_CKPT_OLD_DATA,OLD,OLD,179,2,2,Ethylene,62.5,B5_GEy_F050_R1.txt,1,2,late,,1,58.9643350379024,58.9643350379024
A_OLD_CKPT_OLD_DATA,OLD,OLD,180,3,3,Methane,200.0,B5_GMe_F080_R2.txt,2,2,late,,1,196.3177936210989,196.3177936210989
A_OLD_CKPT_OLD_DATA,OLD,OLD,181,3,3,Methane,125.0,B5_GMe_F050_R1.txt,1,2,late,,1,116.27153741620344,116.27153741620344
A_OLD_CKPT_OLD_DATA,OLD,OLD,182,2,2,Ethylene,12.5,B5_GEy_F010_R1.txt,1,2,late,,1,12.5,12.5
A_OLD_CKPT_OLD_DATA,OLD,OLD,183,2,2,Ethylene,125.0,B5_GEy_F100_R1.txt,1,2,late,,1,109.544745649947,109.544745649947
A_OLD_CKPT_OLD_DATA,OLD,OLD,184,1,1,CO,100.0,B5_GCO_F040_R2.txt,2,2,late,,1,106.45729166053923,106.45729166053923
A_OLD_CKPT_OLD_DATA,OLD,OLD,185,2,2,Ethylene,50.0,B5_GEy_F040_R1.txt,1,2,late,,1,48.11986878167721,48.11986878167721
A_OLD_CKPT_OLD_DATA,OLD,OLD,186,0,0,Ethanol,12.5,B5_GEa_F010_R2.txt,2,2,late,,1,13.640689162095406,13.640689162095406
A_OLD_CKPT_OLD_DATA,OLD,OLD,187,2,2,Ethylene,87.5,B5_GEy_F070_R2.txt,2,2,late,,1,90.59379508764809,90.59379508764809
A_OLD_CKPT_OLD_DATA,OLD,OLD,188,3,3,Methane,75.0,B5_GMe_F030_R1.txt,1,2,late,,1,73.84683731623082,73.84683731623082
A_OLD_CKPT_OLD_DATA,OLD,OLD,189,3,3,Methane,150.0,B5_GMe_F060_R2.txt,2,2,late,,1,161.73883629909432,161.73883629909432
A_OLD_CKPT_OLD_DATA,OLD,OLD,190,1,1,CO,200.0,B5_GCO_F080_R2.txt,2,2,late,,1,178.54518343278286,178.54518343278286
A_OLD_CKPT_OLD_DATA,OLD,OLD,191,0,0,Ethanol,12.5,B5_GEa_F010_R2.txt,2,2,late,,1,18.110329575685377,18.110329575685377
A_OLD_CKPT_OLD_DATA,OLD,OLD,192,2,2,Ethylene,50.0,B5_GEy_F040_R2.txt,2,2,late,,1,51.12681322090134,51.12681322090134
A_OLD_CKPT_OLD_DATA,OLD,OLD,193,2,2,Ethylene,50.0,B5_GEy_F040_R2.txt,2,2,late,,1,51.833799236681585,51.833799236681585
A_OLD_CKPT_OLD_DATA,OLD,OLD,194,3,3,Methane,200.0,B5_GMe_F080_R1.txt,1,2,late,,1,184.0835687675807,184.0835687675807
A_OLD_CKPT_OLD_DATA,OLD,OLD,195,0,0,Ethanol,25.0,B5_GEa_F020_R2.txt,2,2,late,,1,21.561207262698364,21.561207262698364
A_OLD_CKPT_OLD_DATA,OLD,OLD,196,3,3,Methane,125.0,B5_GMe_F050_R1.txt,1,2,late,,1,126.31041374101036,126.31041374101036
A_OLD_CKPT_OLD_DATA,OLD,OLD,197,2,2,Ethylene,50.0,B5_GEy_F040_R2.txt,2,2,late,,1,39.783899153292225,39.783899153292225
A_OLD_CKPT_OLD_DATA,OLD,OLD,198,0,0,Ethanol,125.0,B5_GEa_F100_R2.txt,2,2,late,,1,124.69641689395834,124.69641689395834
A_OLD_CKPT_OLD_DATA,OLD,OLD,199,3,3,Methane,200.0,B5_GMe_F080_R2.txt,2,2,late,,1,199.17599426320416,199.17599426320416
A_OLD_CKPT_OLD_DATA,OLD,OLD,200,2,2,Ethylene,37.5,B5_GEy_F030_R2.txt,2,2,late,,1,28.204646816150785,28.204646816150785
A_OLD_CKPT_OLD_DATA,OLD,OLD,201,3,3,Methane,25.0,B5_GMe_F010_R2.txt,2,2,late,,1,27.44987327826411,27.44987327826411
A_OLD_CKPT_OLD_DATA,OLD,OLD,202,0,0,Ethanol,125.0,B5_GEa_F100_R1.txt,1,2,late,,1,125.0,125.0
A_OLD_CKPT_OLD_DATA,OLD,OLD,203,0,0,Ethanol,100.0,B5_GEa_F080_R1.txt,1,2,late,,1,94.04632191908624,94.04632191908624
A_OLD_CKPT_OLD_DATA,OLD,OLD,204,3,3,Methane,150.0,B5_GMe_F060_R2.txt,2,2,late,,1,145.1267005281068,145.1267005281068
A_OLD_CKPT_OLD_DATA,OLD,OLD,205,0,0,Ethanol,50.0,B5_GEa_F040_R2.txt,2,2,late,,1,52.229269077720154,52.229269077720154
A_OLD_CKPT_OLD_DATA,OLD,OLD,206,2,2,Ethylene,112.5,B5_GEy_F090_R1.txt,1,2,late,,1,114.0328710193719,114.0328710193719
A_OLD_CKPT_OLD_DATA,OLD,OLD,207,2,2,Ethylene,25.0,B5_GEy_F020_R1.txt,1,2,late,,1,27.453095077204807,27.453095077204807
A_OLD_CKPT_OLD_DATA,OLD,OLD,208,0,0,Ethanol,25.0,B5_GEa_F020_R1.txt,1,2,late,,1,24.275977420691554,24.275977420691554
A_OLD_CKPT_OLD_DATA,OLD,OLD,209,1,1,CO,150.0,B5_GCO_F060_R2.txt,2,2,late,,1,154.9843809333172,154.9843809333172
A_OLD_CKPT_OLD_DATA,OLD,OLD,210,3,3,Methane,175.0,B5_GMe_F070_R1.txt,1,2,late,,1,172.61050770827467,172.61050770827467
A_OLD_CKPT_OLD_DATA,OLD,OLD,211,1,1,CO,225.0,B5_GCO_F090_R2.txt,2,2,late,,1,202.6849173495471,202.6849173495471
A_OLD_CKPT_OLD_DATA,OLD,OLD,212,3,3,Methane,100.0,B5_GMe_F040_R2.txt,2,2,late,,1,100.47053302571285,100.47053302571285
A_OLD_CKPT_OLD_DATA,OLD,OLD,213,0,0,Ethanol,125.0,B5_GEa_F100_R1.txt,1,2,late,,1,125.0,125.0
A_OLD_CKPT_OLD_DATA,OLD,OLD,214,1,1,CO,225.0,B5_GCO_F090_R2.txt,2,2,late,,1,214.6322750325808,214.6322750325808
A_OLD_CKPT_OLD_DATA,OLD,OLD,215,0,0,Ethanol,75.0,B5_GEa_F060_R1.txt,1,2,late,,1,77.87845656664757,77.87845656664757
A_OLD_CKPT_OLD_DATA,OLD,OLD,216,0,0,Ethanol,112.5,B5_GEa_F090_R1.txt,1,2,late,,1,103.00144647260603,103.00144647260603
A_OLD_CKPT_OLD_DATA,OLD,OLD,217,0,0,Ethanol,50.0,B5_GEa_F040_R1.txt,1,2,late,,1,50.89593463391184,50.89593463391184
A_OLD_CKPT_OLD_DATA,OLD,OLD,218,0,0,Ethanol,37.5,B5_GEa_F030_R2.txt,2,2,late,,1,44.63356207541133,44.63356207541133
A_OLD_CKPT_OLD_DATA,OLD,OLD,219,2,2,Ethylene,125.0,B5_GEy_F100_R1.txt,1,2,late,,1,117.85425595158773,117.85425595158773
A_OLD_CKPT_OLD_DATA,OLD,OLD,220,2,2,Ethylene,12.5,B5_GEy_F010_R1.txt,1,2,late,,1,26.69158292790506,26.69158292790506
A_OLD_CKPT_OLD_DATA,OLD,OLD,221,2,2,Ethylene,12.5,B5_GEy_F010_R1.txt,1,2,late,,1,12.5,12.5
A_OLD_CKPT_OLD_DATA,OLD,OLD,222,1,1,CO,150.0,B5_GCO_F060_R1.txt,1,2,late,,1,143.291391477511,143.291391477511
A_OLD_CKPT_OLD_DATA,OLD,OLD,223,2,2,Ethylene,62.5,B5_GEy_F050_R2.txt,2,2,late,,1,55.04993049056739,55.04993049056739
A_OLD_CKPT_OLD_DATA,OLD,OLD,224,2,2,Ethylene,62.5,B5_GEy_F050_R2.txt,2,2,late,,1,61.27747596996487,61.27747596996487
A_OLD_CKPT_OLD_DATA,OLD,OLD,225,1,1,CO,100.0,B5_GCO_F040_R2.txt,2,2,late,,1,110.17346813337326,110.17346813337326
A_OLD_CKPT_OLD_DATA,OLD,OLD,226,3,3,Methane,250.0,B5_GMe_F100_R1.txt,1,2,late,,1,244.50247993545688,244.50247993545688
A_OLD_CKPT_OLD_DATA,OLD,OLD,227,0,0,Ethanol,37.5,B5_GEa_F030_R1.txt,1,2,late,,1,37.20019832386909,37.20019832386909
A_OLD_CKPT_OLD_DATA,OLD,OLD,228,2,2,Ethylene,75.0,B5_GEy_F060_R1.txt,1,2,late,,1,73.241082316395,73.241082316395
A_OLD_CKPT_OLD_DATA,OLD,OLD,229,2,2,Ethylene,25.0,B5_GEy_F020_R1.txt,1,2,late,,1,36.38051735149209,36.38051735149209
A_OLD_CKPT_OLD_DATA,OLD,OLD,230,1,1,CO,50.0,B5_GCO_F020_R1.txt,1,2,late,,1,37.010641453795415,37.010641453795415
A_OLD_CKPT_OLD_DATA,OLD,OLD,231,2,2,Ethylene,100.0,B5_GEy_F080_R1.txt,1,2,late,,1,93.9945222941931,93.9945222941931
A_OLD_CKPT_OLD_DATA,OLD,OLD,232,1,1,CO,100.0,B5_GCO_F040_R1.txt,1,2,late,,1,93.16955801635714,93.16955801635714
A_OLD_CKPT_OLD_DATA,OLD,OLD,233,1,1,CO,250.0,B5_GCO_F100_R2.txt,2,2,late,,1,230.12688175353708,230.12688175353708
A_OLD_CKPT_OLD_DATA,OLD,OLD,234,2,2,Ethylene,12.5,B5_GEy_F010_R2.txt,2,2,late,,1,17.530821554979397,17.530821554979397
A_OLD_CKPT_OLD_DATA,OLD,OLD,235,0,0,Ethanol,125.0,B5_GEa_F100_R1.txt,1,2,late,,1,125.0,125.0
A_OLD_CKPT_OLD_DATA,OLD,OLD,236,2,2,Ethylene,87.5,B5_GEy_F070_R1.txt,1,2,late,,1,87.72919315109374,87.72919315109374
A_OLD_CKPT_OLD_DATA,OLD,OLD,237,1,1,CO,50.0,B5_GCO_F020_R2.txt,2,2,late,,1,32.188932769198374,32.188932769198374
A_OLD_CKPT_OLD_DATA,OLD,OLD,238,0,0,Ethanol,125.0,B5_GEa_F100_R2.txt,2,2,late,,1,125.0,125.0
A_OLD_CKPT_OLD_DATA,OLD,OLD,239,0,0,Ethanol,125.0,B5_GEa_F100_R2.txt,2,2,late,,1,118.33424445166283,118.33424445166283
A_OLD_CKPT_OLD_DATA,OLD,OLD,240,0,0,Ethanol,75.0,B5_GEa_F060_R1.txt,1,2,late,,1,74.83124055155197,74.83124055155197
A_OLD_CKPT_OLD_DATA,OLD,OLD,241,3,3,Methane,250.0,B5_GMe_F100_R1.txt,1,2,late,,1,243.19712868254123,243.19712868254123
A_OLD_CKPT_OLD_DATA,OLD,OLD,242,2,2,Ethylene,50.0,B5_GEy_F040_R1.txt,1,2,late,,1,44.98104388795518,44.98104388795518
A_OLD_CKPT_OLD_DATA,OLD,OLD,243,3,3,Methane,150.0,B5_GMe_F060_R1.txt,1,2,late,,1,148.08769546714365,148.08769546714365
A_OLD_CKPT_OLD_DATA,OLD,OLD,244,3,3,Methane,150.0,B5_GMe_F060_R1.txt,1,2,late,,1,156.70952306687147,156.70952306687147
A_OLD_CKPT_OLD_DATA,OLD,OLD,245,2,2,Ethylene,62.5,B5_GEy_F050_R2.txt,2,2,late,,1,56.5612535929247,56.5612535929247
A_OLD_CKPT_OLD_DATA,OLD,OLD,246,1,1,CO,50.0,B5_GCO_F020_R2.txt,2,2,late,,1,56.30761557806123,56.30761557806123
A_OLD_CKPT_OLD_DATA,OLD,OLD,247,2,2,Ethylene,125.0,B5_GEy_F100_R1.txt,1,2,late,,1,125.0,125.0
A_OLD_CKPT_OLD_DATA,OLD,OLD,248,1,1,CO,25.0,B5_GCO_F010_R2.txt,2,2,late,,1,40.51991977806475,40.51991977806475
A_OLD_CKPT_OLD_DATA,OLD,OLD,249,2,2,Ethylene,37.5,B5_GEy_F030_R1.txt,1,2,late,,1,34.248829125838824,34.248829125838824
A_OLD_CKPT_OLD_DATA,OLD,OLD,250,3,3,Methane,100.0,B5_GMe_F040_R2.txt,2,2,late,,1,98.51905073512937,98.51905073512937
A_OLD_CKPT_OLD_DATA,OLD,OLD,251,2,2,Ethylene,50.0,B5_GEy_F040_R2.txt,2,2,late,,1,51.99135195950461,51.99135195950461
A_OLD_CKPT_OLD_DATA,OLD,OLD,252,1,1,CO,75.0,B5_GCO_F030_R1.txt,1,2,late,,1,71.0107979101014,71.0107979101014
A_OLD_CKPT_OLD_DATA,OLD,OLD,253,0,0,Ethanol,112.5,B5_GEa_F090_R1.txt,1,2,late,,1,108.0842710354143,108.0842710354143
A_OLD_CKPT_OLD_DATA,OLD,OLD,254,1,1,CO,250.0,B5_GCO_F100_R1.txt,1,2,late,,1,250.0,250.0
A_OLD_CKPT_OLD_DATA,OLD,OLD,255,3,3,Methane,225.0,B5_GMe_F090_R2.txt,2,2,late,,1,226.03764423811572,226.03764423811572
A_OLD_CKPT_OLD_DATA,OLD,OLD,256,1,1,CO,250.0,B5_GCO_F100_R1.txt,1,2,late,,1,250.0,250.0
A_OLD_CKPT_OLD_DATA,OLD,OLD,257,0,0,Ethanol,62.5,B5_GEa_F050_R1.txt,1,2,late,,1,71.69656810963347,71.69656810963347
A_OLD_CKPT_OLD_DATA,OLD,OLD,258,2,2,Ethylene,112.5,B5_GEy_F090_R1.txt,1,2,late,,1,115.25470848866935,115.25470848866935
A_OLD_CKPT_OLD_DATA,OLD,OLD,259,1,1,CO,250.0,B5_GCO_F100_R2.txt,2,2,late,,1,224.40665706950705,224.40665706950705
A_OLD_CKPT_OLD_DATA,OLD,OLD,260,3,3,Methane,225.0,B5_GMe_F090_R1.txt,1,2,late,,1,210.0342556839591,210.0342556839591
A_OLD_CKPT_OLD_DATA,OLD,OLD,261,2,2,Ethylene,12.5,B5_GEy_F010_R2.txt,2,2,late,,1,12.5,12.5
A_OLD_CKPT_OLD_DATA,OLD,OLD,262,0,1,Ethanol,12.5,B5_GEa_F010_R2.txt,2,2,late,,0,106.86468708295516,21.196798107932324
A_OLD_CKPT_OLD_DATA,OLD,OLD,263,0,0,Ethanol,50.0,B5_GEa_F040_R2.txt,2,2,late,,1,49.157286361510785,49.157286361510785
A_OLD_CKPT_OLD_DATA,OLD,OLD,264,0,0,Ethanol,62.5,B5_GEa_F050_R2.txt,2,2,late,,1,66.69109192898951,66.69109192898951
A_OLD_CKPT_OLD_DATA,OLD,OLD,265,1,1,CO,150.0,B5_GCO_F060_R2.txt,2,2,late,,1,141.20785726836365,141.20785726836365
A_OLD_CKPT_OLD_DATA,OLD,OLD,266,0,0,Ethanol,12.5,B5_GEa_F010_R1.txt,1,2,late,,1,14.006909962971662,14.006909962971662
A_OLD_CKPT_OLD_DATA,OLD,OLD,267,3,3,Methane,75.0,B5_GMe_F030_R1.txt,1,2,late,,1,80.76645503633227,80.76645503633227
A_OLD_CKPT_OLD_DATA,OLD,OLD,268,1,1,CO,50.0,B5_GCO_F020_R1.txt,1,2,late,,1,41.7581905581531,41.7581905581531
A_OLD_CKPT_OLD_DATA,OLD,OLD,269,2,2,Ethylene,37.5,B5_GEy_F030_R2.txt,2,2,late,,1,44.76500063992927,44.76500063992927
A_OLD_CKPT_OLD_DATA,OLD,OLD,270,3,3,Methane,225.0,B5_GMe_F090_R2.txt,2,2,late,,1,244.72266683729043,244.72266683729043
A_OLD_CKPT_OLD_DATA,OLD,OLD,271,1,1,CO,150.0,B5_GCO_F060_R2.txt,2,2,late,,1,151.67254419460664,151.67254419460664
A_OLD_CKPT_OLD_DATA,OLD,OLD,272,1,1,CO,200.0,B5_GCO_F080_R2.txt,2,2,late,,1,197.2487018649273,197.2487018649273
A_OLD_CKPT_OLD_DATA,OLD,OLD,273,1,1,CO,150.0,B5_GCO_F060_R2.txt,2,2,late,,1,176.96147562542208,176.96147562542208
A_OLD_CKPT_OLD_DATA,OLD,OLD,274,2,2,Ethylene,25.0,B5_GEy_F020_R1.txt,1,2,late,,1,25.228500153160383,25.228500153160383
A_OLD_CKPT_OLD_DATA,OLD,OLD,275,1,1,CO,250.0,B5_GCO_F100_R2.txt,2,2,late,,1,241.04821955063954,241.04821955063954
A_OLD_CKPT_OLD_DATA,OLD,OLD,276,3,3,Methane,25.0,B5_GMe_F010_R1.txt,1,2,late,,1,25.0,25.0
A_OLD_CKPT_OLD_DATA,OLD,OLD,277,0,0,Ethanol,87.5,B5_GEa_F070_R1.txt,1,2,late,,1,82.79235535951454,82.79235535951454
A_OLD_CKPT_OLD_DATA,OLD,OLD,278,0,0,Ethanol,87.5,B5_GEa_F070_R1.txt,1,2,late,,1,86.49012425571676,86.49012425571676
A_OLD_CKPT_OLD_DATA,OLD,OLD,279,0,0,Ethanol,112.5,B5_GEa_F090_R2.txt,2,2,late,,1,112.4329220399099,112.4329220399099
A_OLD_CKPT_OLD_DATA,OLD,OLD,280,3,3,Methane,175.0,B5_GMe_F070_R1.txt,1,2,late,,1,171.3106456117958,171.3106456117958
A_OLD_CKPT_OLD_DATA,OLD,OLD,281,0,0,Ethanol,37.5,B5_GEa_F030_R1.txt,1,2,late,,1,39.3082216389823,39.3082216389823
A_OLD_CKPT_OLD_DATA,OLD,OLD,282,1,1,CO,50.0,B5_GCO_F020_R2.txt,2,2,late,,1,53.39873105093078,53.39873105093078
A_OLD_CKPT_OLD_DATA,OLD,OLD,283,0,0,Ethanol,125.0,B5_GEa_F100_R2.txt,2,2,late,,1,117.87411491740035,117.87411491740035
A_OLD_CKPT_OLD_DATA,OLD,OLD,284,1,1,CO,75.0,B5_GCO_F030_R1.txt,1,2,late,,1,57.21898312328517,57.21898312328517
A_OLD_CKPT_OLD_DATA,OLD,OLD,285,1,1,CO,175.0,B5_GCO_F070_R1.txt,1,2,late,,1,153.0686427511627,153.0686427511627
A_OLD_CKPT_OLD_DATA,OLD,OLD,286,0,0,Ethanol,25.0,B5_GEa_F020_R2.txt,2,2,late,,1,22.521618103011345,22.521618103011345
A_OLD_CKPT_OLD_DATA,OLD,OLD,287,0,2,Ethanol,25.0,B5_GEa_F020_R1.txt,1,2,late,,0,39.832636886090995,44.675342004851686
A_OLD_CKPT_OLD_DATA,OLD,OLD,288,1,1,CO,200.0,B5_GCO_F080_R1.txt,1,2,late,,1,200.10594761883561,200.10594761883561
A_OLD_CKPT_OLD_DATA,OLD,OLD,289,3,3,Methane,200.0,B5_GMe_F080_R2.txt,2,2,late,,1,217.78028113630086,217.78028113630086
A_OLD_CKPT_OLD_DATA,OLD,OLD,290,2,2,Ethylene,100.0,B5_GEy_F080_R1.txt,1,2,late,,1,96.1076278011522,96.1076278011522
A_OLD_CKPT_OLD_DATA,OLD,OLD,291,3,3,Methane,75.0,B5_GMe_F030_R2.txt,2,2,late,,1,68.4554073650582,68.4554073650582
A_OLD_CKPT_OLD_DATA,OLD,OLD,292,0,0,Ethanol,25.0,B5_GEa_F020_R2.txt,2,2,late,,1,35.82858287548309,35.82858287548309
A_OLD_CKPT_OLD_DATA,OLD,OLD,293,3,3,Methane,75.0,B5_GMe_F030_R2.txt,2,2,late,,1,71.48019353565294,71.48019353565294
A_OLD_CKPT_OLD_DATA,OLD,OLD,294,3,3,Methane,250.0,B5_GMe_F100_R2.txt,2,2,late,,1,247.92725822659307,247.92725822659307
A_OLD_CKPT_OLD_DATA,OLD,OLD,295,3,3,Methane,225.0,B5_GMe_F090_R2.txt,2,2,late,,1,222.45151457823013,222.45151457823013
A_OLD_CKPT_OLD_DATA,OLD,OLD,296,0,0,Ethanol,50.0,B5_GEa_F040_R1.txt,1,2,late,,1,45.20869308914791,45.20869308914791
A_OLD_CKPT_OLD_DATA,OLD,OLD,297,2,2,Ethylene,87.5,B5_GEy_F070_R1.txt,1,2,late,,1,88.97619953813273,88.97619953813273
A_OLD_CKPT_OLD_DATA,OLD,OLD,298,3,3,Methane,150.0,B5_GMe_F060_R2.txt,2,2,late,,1,152.22757843682052,152.22757843682052
A_OLD_CKPT_OLD_DATA,OLD,OLD,299,0,1,Ethanol,12.5,B5_GEa_F010_R2.txt,2,2,late,,0,168.67560308295785,14.226973241886583
A_OLD_CKPT_OLD_DATA,OLD,OLD,300,3,3,Methane,75.0,B5_GMe_F030_R2.txt,2,2,late,,1,87.01857463306594,87.01857463306594
A_OLD_CKPT_OLD_DATA,OLD,OLD,301,1,1,CO,200.0,B5_GCO_F080_R1.txt,1,2,late,,1,222.31126003821936,222.31126003821936
A_OLD_CKPT_OLD_DATA,OLD,OLD,302,3,3,Methane,50.0,B5_GMe_F020_R1.txt,1,2,late,,1,51.58891120401333,51.58891120401333
A_OLD_CKPT_OLD_DATA,OLD,OLD,303,1,1,CO,200.0,B5_GCO_F080_R1.txt,1,2,late,,1,209.27338686812624,209.27338686812624
A_OLD_CKPT_OLD_DATA,OLD,OLD,304,1,1,CO,150.0,B5_GCO_F060_R1.txt,1,2,late,,1,131.78231304846045,131.78231304846045
A_OLD_CKPT_OLD_DATA,OLD,OLD,305,1,1,CO,75.0,B5_GCO_F030_R2.txt,2,2,late,,1,99.78596231921188,99.78596231921188
A_OLD_CKPT_OLD_DATA,OLD,OLD,306,3,3,Methane,50.0,B5_GMe_F020_R1.txt,1,2,late,,1,47.65140054134274,47.65140054134274
A_OLD_CKPT_OLD_DATA,OLD,OLD,307,1,1,CO,25.0,B5_GCO_F010_R1.txt,1,2,late,,1,25.0,25.0
A_OLD_CKPT_OLD_DATA,OLD,OLD,308,1,1,CO,75.0,B5_GCO_F030_R1.txt,1,2,late,,1,69.67371988539855,69.67371988539855
A_OLD_CKPT_OLD_DATA,OLD,OLD,309,3,3,Methane,225.0,B5_GMe_F090_R2.txt,2,2,late,,1,221.55605091840482,221.55605091840482
A_OLD_CKPT_OLD_DATA,OLD,OLD,310,0,0,Ethanol,87.5,B5_GEa_F070_R2.txt,2,2,late,,1,91.17034451499703,91.17034451499703
A_OLD_CKPT_OLD_DATA,OLD,OLD,311,0,0,Ethanol,125.0,B5_GEa_F100_R2.txt,2,2,late,,1,124.811731552699,124.811731552699
A_OLD_CKPT_OLD_DATA,OLD,OLD,312,3,3,Methane,50.0,B5_GMe_F020_R1.txt,1,2,late,,1,45.05253950455696,45.05253950455696
A_OLD_CKPT_OLD_DATA,OLD,OLD,313,3,3,Methane,175.0,B5_GMe_F070_R2.txt,2,2,late,,1,176.5164570128897,176.5164570128897
A_OLD_CKPT_OLD_DATA,OLD,OLD,314,3,3,Methane,50.0,B5_GMe_F020_R1.txt,1,2,late,,1,49.544296999897554,49.544296999897554
A_OLD_CKPT_OLD_DATA,OLD,OLD,315,1,1,CO,50.0,B5_GCO_F020_R1.txt,1,2,late,,1,28.085068363524186,28.085068363524186
A_OLD_CKPT_OLD_DATA,OLD,OLD,316,2,2,Ethylene,62.5,B5_GEy_F050_R2.txt,2,2,late,,1,68.80291314567201,68.80291314567201
A_OLD_CKPT_OLD_DATA,OLD,OLD,317,3,3,Methane,100.0,B5_GMe_F040_R2.txt,2,2,late,,1,103.69080007055489,103.69080007055489
A_OLD_CKPT_OLD_DATA,OLD,OLD,318,1,1,CO,225.0,B5_GCO_F090_R2.txt,2,2,late,,1,207.8606013695258,207.8606013695258
A_OLD_CKPT_OLD_DATA,OLD,OLD,319,1,1,CO,50.0,B5_GCO_F020_R2.txt,2,2,late,,1,55.76655467573775,55.76655467573775
A_OLD_CKPT_OLD_DATA,OLD,OLD,320,2,2,Ethylene,112.5,B5_GEy_F090_R2.txt,2,2,late,,1,103.93793131251739,103.93793131251739
A_OLD_CKPT_OLD_DATA,OLD,OLD,321,2,2,Ethylene,112.5,B5_GEy_F090_R2.txt,2,2,late,,1,97.21096684701227,97.21096684701227
A_OLD_CKPT_OLD_DATA,OLD,OLD,322,3,3,Methane,175.0,B5_GMe_F070_R1.txt,1,2,late,,1,177.0279176931886,177.0279176931886
A_OLD_CKPT_OLD_DATA,OLD,OLD,323,2,2,Ethylene,75.0,B5_GEy_F060_R1.txt,1,2,late,,1,71.81178445197656,71.81178445197656
A_OLD_CKPT_OLD_DATA,OLD,OLD,324,3,3,Methane,75.0,B5_GMe_F030_R1.txt,1,2,late,,1,72.99581069926997,72.99581069926997
A_OLD_CKPT_OLD_DATA,OLD,OLD,325,0,0,Ethanol,87.5,B5_GEa_F070_R2.txt,2,2,late,,1,89.72437285763291,89.72437285763291
A_OLD_CKPT_OLD_DATA,OLD,OLD,326,1,1,CO,250.0,B5_GCO_F100_R2.txt,2,2,late,,1,250.0,250.0
A_OLD_CKPT_OLD_DATA,OLD,OLD,327,0,0,Ethanol,75.0,B5_GEa_F060_R1.txt,1,2,late,,1,80.58517241631272,80.58517241631272
A_OLD_CKPT_OLD_DATA,OLD,OLD,328,2,2,Ethylene,62.5,B5_GEy_F050_R1.txt,1,2,late,,1,59.46280525846802,59.46280525846802
A_OLD_CKPT_OLD_DATA,OLD,OLD,329,3,3,Methane,125.0,B5_GMe_F050_R1.txt,1,2,late,,1,130.21443766739407,130.21443766739407
A_OLD_CKPT_OLD_DATA,OLD,OLD,330,1,1,CO,200.0,B5_GCO_F080_R2.txt,2,2,late,,1,183.32918488801255,183.32918488801255
A_OLD_CKPT_OLD_DATA,OLD,OLD,331,3,3,Methane,250.0,B5_GMe_F100_R1.txt,1,2,late,,1,239.6403918319228,239.6403918319228
A_OLD_CKPT_OLD_DATA,OLD,OLD,332,0,0,Ethanol,25.0,B5_GEa_F020_R1.txt,1,2,late,,1,27.133562806277414,27.133562806277414
A_OLD_CKPT_OLD_DATA,OLD,OLD,333,1,1,CO,50.0,B5_GCO_F020_R1.txt,1,2,late,,1,41.767986067249666,41.767986067249666
A_OLD_CKPT_OLD_DATA,OLD,OLD,334,1,1,CO,75.0,B5_GCO_F030_R2.txt,2,2,late,,1,96.20925158990487,96.20925158990487
A_OLD_CKPT_OLD_DATA,OLD,OLD,335,1,1,CO,75.0,B5_GCO_F030_R2.txt,2,2,late,,1,78.33843456603766,78.33843456603766
A_OLD_CKPT_OLD_DATA,OLD,OLD,336,2,2,Ethylene,125.0,B5_GEy_F100_R1.txt,1,2,late,,1,122.31369447820475,122.31369447820475
A_OLD_CKPT_OLD_DATA,OLD,OLD,337,0,0,Ethanol,100.0,B5_GEa_F080_R2.txt,2,2,late,,1,103.61472748987279,103.61472748987279
A_OLD_CKPT_OLD_DATA,OLD,OLD,338,3,3,Methane,125.0,B5_GMe_F050_R2.txt,2,2,late,,1,119.95494820680798,119.95494820680798
A_OLD_CKPT_OLD_DATA,OLD,OLD,339,1,1,CO,75.0,B5_GCO_F030_R2.txt,2,2,late,,1,112.40807109031606,112.40807109031606
A_OLD_CKPT_OLD_DATA,OLD,OLD,340,1,1,CO,75.0,B5_GCO_F030_R1.txt,1,2,late,,1,66.82721802541548,66.82721802541548
A_OLD_CKPT_OLD_DATA,OLD,OLD,341,1,1,CO,150.0,B5_GCO_F060_R1.txt,1,2,late,,1,143.31547880349927,143.31547880349927
A_OLD_CKPT_OLD_DATA,OLD,OLD,342,3,3,Methane,125.0,B5_GMe_F050_R2.txt,2,2,late,,1,125.90621773034567,125.90621773034567
A_OLD_CKPT_OLD_DATA,OLD,OLD,343,2,2,Ethylene,125.0,B5_GEy_F100_R2.txt,2,2,late,,1,125.0,125.0
A_OLD_CKPT_OLD_DATA,OLD,OLD,344,2,2,Ethylene,62.5,B5_GEy_F050_R1.txt,1,2,late,,1,65.40237727948502,65.40237727948502
A_OLD_CKPT_OLD_DATA,OLD,OLD,345,1,1,CO,250.0,B5_GCO_F100_R2.txt,2,2,late,,1,222.76438519643534,222.76438519643534
A_OLD_CKPT_OLD_DATA,OLD,OLD,346,3,3,Methane,225.0,B5_GMe_F090_R1.txt,1,2,late,,1,217.08815608969098,217.08815608969098
A_OLD_CKPT_OLD_DATA,OLD,OLD,347,0,2,Ethanol,37.5,B5_GEa_F030_R1.txt,1,2,late,,0,12.5,67.23751487005745
A_OLD_CKPT_OLD_DATA,OLD,OLD,348,2,2,Ethylene,112.5,B5_GEy_F090_R1.txt,1,2,late,,1,109.7573471386992,109.7573471386992
A_OLD_CKPT_OLD_DATA,OLD,OLD,349,3,3,Methane,50.0,B5_GMe_F020_R2.txt,2,2,late,,1,49.576585220569434,49.576585220569434
A_OLD_CKPT_OLD_DATA,OLD,OLD,350,3,3,Methane,75.0,B5_GMe_F030_R1.txt,1,2,late,,1,73.73766305366713,73.73766305366713
A_OLD_CKPT_OLD_DATA,OLD,OLD,351,3,3,Methane,75.0,B5_GMe_F030_R2.txt,2,2,late,,1,80.24117644449619,80.24117644449619
A_OLD_CKPT_OLD_DATA,OLD,OLD,352,2,2,Ethylene,112.5,B5_GEy_F090_R1.txt,1,2,late,,1,108.67209866746748,108.67209866746748
A_OLD_CKPT_OLD_DATA,OLD,OLD,353,1,1,CO,100.0,B5_GCO_F040_R1.txt,1,2,late,,1,76.5421879180391,76.5421879180391
A_OLD_CKPT_OLD_DATA,OLD,OLD,354,2,2,Ethylene,62.5,B5_GEy_F050_R2.txt,2,2,late,,1,51.98095312697299,51.98095312697299
A_OLD_CKPT_OLD_DATA,OLD,OLD,355,2,2,Ethylene,75.0,B5_GEy_F060_R1.txt,1,2,late,,1,78.8082344275198,78.8082344275198
A_OLD_CKPT_OLD_DATA,OLD,OLD,356,2,2,Ethylene,125.0,B5_GEy_F100_R2.txt,2,2,late,,1,118.69101671487556,118.69101671487556
A_OLD_CKPT_OLD_DATA,OLD,OLD,357,2,2,Ethylene,100.0,B5_GEy_F080_R1.txt,1,2,late,,1,89.96725169273972,89.96725169273972
A_OLD_CKPT_OLD_DATA,OLD,OLD,358,3,3,Methane,50.0,B5_GMe_F020_R2.txt,2,2,late,,1,45.052461239108574,45.052461239108574
A_OLD_CKPT_OLD_DATA,OLD,OLD,359,1,1,CO,25.0,B5_GCO_F010_R2.txt,2,2,late,,1,49.43035981386532,49.43035981386532
A_OLD_CKPT_OLD_DATA,OLD,OLD,360,2,2,Ethylene,112.5,B5_GEy_F090_R2.txt,2,2,late,,1,103.79693514487667,103.79693514487667
A_OLD_CKPT_OLD_DATA,OLD,OLD,361,1,1,CO,200.0,B5_GCO_F080_R1.txt,1,2,late,,1,214.89657205761014,214.89657205761014
A_OLD_CKPT_OLD_DATA,OLD,OLD,362,3,3,Methane,150.0,B5_GMe_F060_R2.txt,2,2,late,,1,141.35628044634,141.35628044634
A_OLD_CKPT_OLD_DATA,OLD,OLD,363,1,1,CO,150.0,B5_GCO_F060_R2.txt,2,2,late,,1,183.71867100522775,183.71867100522775
A_OLD_CKPT_OLD_DATA,OLD,OLD,364,0,0,Ethanol,100.0,B5_GEa_F080_R2.txt,2,2,late,,1,102.72223800934698,102.72223800934698
A_OLD_CKPT_OLD_DATA,OLD,OLD,365,2,2,Ethylene,62.5,B5_GEy_F050_R2.txt,2,2,late,,1,59.02537682919217,59.02537682919217
A_OLD_CKPT_OLD_DATA,OLD,OLD,366,0,0,Ethanol,75.0,B5_GEa_F060_R1.txt,1,2,late,,1,69.3072321464829,69.3072321464829
A_OLD_CKPT_OLD_DATA,OLD,OLD,367,1,1,CO,125.0,B5_GCO_F050_R1.txt,1,2,late,,1,125.12163939194191,125.12163939194191
A_OLD_CKPT_OLD_DATA,OLD,OLD,368,3,3,Methane,50.0,B5_GMe_F020_R2.txt,2,2,late,,1,48.76572944305195,48.76572944305195
A_OLD_CKPT_OLD_DATA,OLD,OLD,369,2,2,Ethylene,87.5,B5_GEy_F070_R1.txt,1,2,late,,1,80.50906836707583,80.50906836707583
A_OLD_CKPT_OLD_DATA,OLD,OLD,370,1,1,CO,150.0,B5_GCO_F060_R1.txt,1,2,late,,1,140.88198897981357,140.88198897981357
A_OLD_CKPT_OLD_DATA,OLD,OLD,371,3,3,Methane,175.0,B5_GMe_F070_R1.txt,1,2,late,,1,169.50734452763146,169.50734452763146
A_OLD_CKPT_OLD_DATA,OLD,OLD,372,1,1,CO,25.0,B5_GCO_F010_R2.txt,2,2,late,,1,36.59431193562867,36.59431193562867
A_OLD_CKPT_OLD_DATA,OLD,OLD,373,2,2,Ethylene,62.5,B5_GEy_F050_R2.txt,2,2,late,,1,36.56396530372916,36.56396530372916
A_OLD_CKPT_OLD_DATA,OLD,OLD,374,1,1,CO,25.0,B5_GCO_F010_R2.txt,2,2,late,,1,34.67725618850638,34.67725618850638
A_OLD_CKPT_OLD_DATA,OLD,OLD,375,1,1,CO,200.0,B5_GCO_F080_R2.txt,2,2,late,,1,183.0188760079157,183.0188760079157
A_OLD_CKPT_OLD_DATA,OLD,OLD,376,1,1,CO,75.0,B5_GCO_F030_R2.txt,2,2,late,,1,96.30914558671711,96.30914558671711
A_OLD_CKPT_OLD_DATA,OLD,OLD,377,0,0,Ethanol,50.0,B5_GEa_F040_R2.txt,2,2,late,,1,53.52726679022204,53.52726679022204
A_OLD_CKPT_OLD_DATA,OLD,OLD,378,2,2,Ethylene,12.5,B5_GEy_F010_R1.txt,1,2,late,,1,17.15920214169185,17.15920214169185
A_OLD_CKPT_OLD_DATA,OLD,OLD,379,0,0,Ethanol,75.0,B5_GEa_F060_R1.txt,1,2,late,,1,74.1777346259997,74.1777346259997
A_OLD_CKPT_OLD_DATA,OLD,OLD,380,2,2,Ethylene,12.5,B5_GEy_F010_R1.txt,1,2,late,,1,15.194461631954496,15.194461631954496
A_OLD_CKPT_OLD_DATA,OLD,OLD,381,3,3,Methane,125.0,B5_GMe_F050_R2.txt,2,2,late,,1,124.40274365710638,124.40274365710638
A_OLD_CKPT_OLD_DATA,OLD,OLD,382,2,2,Ethylene,37.5,B5_GEy_F030_R2.txt,2,2,late,,1,29.59529769490615,29.59529769490615
A_OLD_CKPT_OLD_DATA,OLD,OLD,383,0,0,Ethanol,125.0,B5_GEa_F100_R2.txt,2,2,late,,1,117.80307917763875,117.80307917763875
A_OLD_CKPT_OLD_DATA,OLD,OLD,384,3,3,Methane,75.0,B5_GMe_F030_R2.txt,2,2,late,,1,81.83323974769841,81.83323974769841
A_OLD_CKPT_OLD_DATA,OLD,OLD,385,3,3,Methane,25.0,B5_GMe_F010_R2.txt,2,2,late,,1,36.18169266687479,36.18169266687479
A_OLD_CKPT_OLD_DATA,OLD,OLD,386,2,2,Ethylene,100.0,B5_GEy_F080_R2.txt,2,2,late,,1,102.40949528564778,102.40949528564778
A_OLD_CKPT_OLD_DATA,OLD,OLD,387,2,2,Ethylene,25.0,B5_GEy_F020_R1.txt,1,2,late,,1,24.370205706776375,24.370205706776375
A_OLD_CKPT_OLD_DATA,OLD,OLD,388,3,3,Methane,125.0,B5_GMe_F050_R1.txt,1,2,late,,1,117.57757583894767,117.57757583894767
A_OLD_CKPT_OLD_DATA,OLD,OLD,389,0,0,Ethanol,100.0,B5_GEa_F080_R1.txt,1,2,late,,1,94.8400977260577,94.8400977260577
A_OLD_CKPT_OLD_DATA,OLD,OLD,390,0,0,Ethanol,100.0,B5_GEa_F080_R1.txt,1,2,late,,1,90.56592996650994,90.56592996650994
A_OLD_CKPT_OLD_DATA,OLD,OLD,391,3,3,Methane,50.0,B5_GMe_F020_R2.txt,2,2,late,,1,49.39082727947486,49.39082727947486
A_OLD_CKPT_OLD_DATA,OLD,OLD,392,1,1,CO,225.0,B5_GCO_F090_R2.txt,2,2,late,,1,213.70337513794013,213.70337513794013
A_OLD_CKPT_OLD_DATA,OLD,OLD,393,1,1,CO,25.0,B5_GCO_F010_R2.txt,2,2,late,,1,37.314789258050126,37.314789258050126
A_OLD_CKPT_OLD_DATA,OLD,OLD,394,3,3,Methane,100.0,B5_GMe_F040_R1.txt,1,2,late,,1,99.77637137150916,99.77637137150916
A_OLD_CKPT_OLD_DATA,OLD,OLD,395,1,1,CO,100.0,B5_GCO_F040_R1.txt,1,2,late,,1,98.86750050850219,98.86750050850219
A_OLD_CKPT_OLD_DATA,OLD,OLD,396,0,0,Ethanol,12.5,B5_GEa_F010_R1.txt,1,2,late,,1,12.5,12.5
A_OLD_CKPT_OLD_DATA,OLD,OLD,397,3,3,Methane,200.0,B5_GMe_F080_R2.txt,2,2,late,,1,207.06202232604494,207.06202232604494
A_OLD_CKPT_OLD_DATA,OLD,OLD,398,2,2,Ethylene,37.5,B5_GEy_F030_R2.txt,2,2,late,,1,31.667846578222793,31.667846578222793
A_OLD_CKPT_OLD_DATA,OLD,OLD,399,2,2,Ethylene,62.5,B5_GEy_F050_R1.txt,1,2,late,,1,62.89533462697702,62.89533462697702
A_OLD_CKPT_OLD_DATA,OLD,OLD,400,1,1,CO,150.0,B5_GCO_F060_R2.txt,2,2,late,,1,178.65811156322687,178.65811156322687
A_OLD_CKPT_OLD_DATA,OLD,OLD,401,0,0,Ethanol,75.0,B5_GEa_F060_R1.txt,1,2,late,,1,75.14182401407146,75.14182401407146
A_OLD_CKPT_OLD_DATA,OLD,OLD,402,2,2,Ethylene,100.0,B5_GEy_F080_R2.txt,2,2,late,,1,99.20201398056003,99.20201398056003
A_OLD_CKPT_OLD_DATA,OLD,OLD,403,0,0,Ethanol,37.5,B5_GEa_F030_R2.txt,2,2,late,,1,42.5736579560322,42.5736579560322
A_OLD_CKPT_OLD_DATA,OLD,OLD,404,3,3,Methane,75.0,B5_GMe_F030_R1.txt,1,2,late,,1,63.19888085193622,63.19888085193622
A_OLD_CKPT_OLD_DATA,OLD,OLD,405,3,3,Methane,125.0,B5_GMe_F050_R2.txt,2,2,late,,1,123.61488067588733,123.61488067588733
A_OLD_CKPT_OLD_DATA,OLD,OLD,406,0,0,Ethanol,75.0,B5_GEa_F060_R1.txt,1,2,late,,1,74.44348171141277,74.44348171141277
A_OLD_CKPT_OLD_DATA,OLD,OLD,407,0,0,Ethanol,62.5,B5_GEa_F050_R1.txt,1,2,late,,1,67.52003006953414,67.52003006953414
A_OLD_CKPT_OLD_DATA,OLD,OLD,408,1,1,CO,200.0,B5_GCO_F080_R2.txt,2,2,late,,1,197.09245656820363,197.09245656820363
A_OLD_CKPT_OLD_DATA,OLD,OLD,409,3,3,Methane,100.0,B5_GMe_F040_R1.txt,1,2,late,,1,105.51562033803526,105.51562033803526
A_OLD_CKPT_OLD_DATA,OLD,OLD,410,2,2,Ethylene,100.0,B5_GEy_F080_R2.txt,2,2,late,,1,102.06767333467309,102.06767333467309
A_OLD_CKPT_OLD_DATA,OLD,OLD,411,0,0,Ethanol,112.5,B5_GEa_F090_R1.txt,1,2,late,,1,101.35084522103443,101.35084522103443
A_OLD_CKPT_OLD_DATA,OLD,OLD,412,3,3,Methane,225.0,B5_GMe_F090_R1.txt,1,2,late,,1,210.78403673465297,210.78403673465297
A_OLD_CKPT_OLD_DATA,OLD,OLD,413,2,2,Ethylene,12.5,B5_GEy_F010_R1.txt,1,2,late,,1,12.5,12.5
A_OLD_CKPT_OLD_DATA,OLD,OLD,414,1,1,CO,25.0,B5_GCO_F010_R1.txt,1,2,late,,1,25.0,25.0
A_OLD_CKPT_OLD_DATA,OLD,OLD,415,2,2,Ethylene,12.5,B5_GEy_F010_R2.txt,2,2,late,,1,12.5,12.5
A_OLD_CKPT_OLD_DATA,OLD,OLD,416,1,1,CO,100.0,B5_GCO_F040_R2.txt,2,2,late,,1,124.02415241644555,124.02415241644555
A_OLD_CKPT_OLD_DATA,OLD,OLD,417,3,3,Methane,25.0,B5_GMe_F010_R1.txt,1,2,late,,1,28.428027782946252,28.428027782946252
A_OLD_CKPT_OLD_DATA,OLD,OLD,418,0,0,Ethanol,25.0,B5_GEa_F020_R2.txt,2,2,late,,1,25.221834061666318,25.221834061666318
A_OLD_CKPT_OLD_DATA,OLD,OLD,419,0,0,Ethanol,50.0,B5_GEa_F040_R2.txt,2,2,late,,1,55.393995310244186,55.393995310244186
A_OLD_CKPT_OLD_DATA,OLD,OLD,420,2,2,Ethylene,62.5,B5_GEy_F050_R1.txt,1,2,late,,1,66.37106853416114,66.37106853416114
A_OLD_CKPT_OLD_DATA,OLD,OLD,421,0,0,Ethanol,25.0,B5_GEa_F020_R2.txt,2,2,late,,1,24.977684193310463,24.977684193310463
A_OLD_CKPT_OLD_DATA,OLD,OLD,422,0,0,Ethanol,112.5,B5_GEa_F090_R2.txt,2,2,late,,1,111.79122426635499,111.79122426635499
A_OLD_CKPT_OLD_DATA,OLD,OLD,423,3,3,Methane,100.0,B5_GMe_F040_R2.txt,2,2,late,,1,100.67316987776407,100.67316987776407
A_OLD_CKPT_OLD_DATA,OLD,OLD,424,1,1,CO,225.0,B5_GCO_F090_R2.txt,2,2,late,,1,220.99534370018205,220.99534370018205
A_OLD_CKPT_OLD_DATA,OLD,OLD,425,2,2,Ethylene,112.5,B5_GEy_F090_R1.txt,1,2,late,,1,108.55573006475572,108.55573006475572
A_OLD_CKPT_OLD_DATA,OLD,OLD,426,3,3,Methane,175.0,B5_GMe_F070_R1.txt,1,2,late,,1,172.41632038274037,172.41632038274037
A_OLD_CKPT_OLD_DATA,OLD,OLD,427,1,1,CO,125.0,B5_GCO_F050_R2.txt,2,2,late,,1,128.84131871286615,128.84131871286615
A_OLD_CKPT_OLD_DATA,OLD,OLD,428,3,3,Methane,175.0,B5_GMe_F070_R2.txt,2,2,late,,1,184.85076923886868,184.85076923886868
A_OLD_CKPT_OLD_DATA,OLD,OLD,429,3,3,Methane,25.0,B5_GMe_F010_R2.txt,2,2,late,,1,25.0,25.0
A_OLD_CKPT_OLD_DATA,OLD,OLD,430,0,0,Ethanol,37.5,B5_GEa_F030_R2.txt,2,2,late,,1,38.515081323118594,38.515081323118594
A_OLD_CKPT_OLD_DATA,OLD,OLD,431,1,1,CO,150.0,B5_GCO_F060_R1.txt,1,2,late,,1,155.43321374674127,155.43321374674127
A_OLD_CKPT_OLD_DATA,OLD,OLD,432,2,2,Ethylene,112.5,B5_GEy_F090_R1.txt,1,2,late,,1,120.78517049965163,120.78517049965163
A_OLD_CKPT_OLD_DATA,OLD,OLD,433,0,0,Ethanol,37.5,B5_GEa_F030_R1.txt,1,2,late,,1,39.75888316472376,39.75888316472376
A_OLD_CKPT_OLD_DATA,OLD,OLD,434,1,1,CO,75.0,B5_GCO_F030_R1.txt,1,2,late,,1,70.606665851488,70.606665851488
A_OLD_CKPT_OLD_DATA,OLD,OLD,435,3,3,Methane,250.0,B5_GMe_F100_R2.txt,2,2,late,,1,247.2230069308629,247.2230069308629
A_OLD_CKPT_OLD_DATA,OLD,OLD,436,2,2,Ethylene,12.5,B5_GEy_F010_R1.txt,1,2,late,,1,12.5,12.5
A_OLD_CKPT_OLD_DATA,OLD,OLD,437,2,2,Ethylene,87.5,B5_GEy_F070_R1.txt,1,2,late,,1,85.88154809292834,85.88154809292834
A_OLD_CKPT_OLD_DATA,OLD,OLD,438,3,3,Methane,200.0,B5_GMe_F080_R2.txt,2,2,late,,1,206.30868956976462,206.30868956976462
A_OLD_CKPT_OLD_DATA,OLD,OLD,439,1,1,CO,75.0,B5_GCO_F030_R2.txt,2,2,late,,1,86.557484111655,86.557484111655
A_OLD_CKPT_OLD_DATA,OLD,OLD,440,1,1,CO,200.0,B5_GCO_F080_R1.txt,1,2,late,,1,191.38427474783498,191.38427474783498
A_OLD_CKPT_OLD_DATA,OLD,OLD,441,1,1,CO,50.0,B5_GCO_F020_R2.txt,2,2,late,,1,76.95695640326664,76.95695640326664
A_OLD_CKPT_OLD_DATA,OLD,OLD,442,1,1,CO,200.0,B5_GCO_F080_R2.txt,2,2,late,,1,168.44624072003688,168.44624072003688
A_OLD_CKPT_OLD_DATA,OLD,OLD,443,1,1,CO,250.0,B5_GCO_F100_R1.txt,1,2,late,,1,238.21127421016695,238.21127421016695
A_OLD_CKPT_OLD_DATA,OLD,OLD,444,2,2,Ethylene,62.5,B5_GEy_F050_R2.txt,2,2,late,,1,64.63258134106343,64.63258134106343
A_OLD_CKPT_OLD_DATA,OLD,OLD,445,1,1,CO,150.0,B5_GCO_F060_R1.txt,1,2,late,,1,138.82451087097496,138.82451087097496
A_OLD_CKPT_OLD_DATA,OLD,OLD,446,3,3,Methane,225.0,B5_GMe_F090_R2.txt,2,2,late,,1,244.73960348518006,244.73960348518006
A_OLD_CKPT_OLD_DATA,OLD,OLD,447,2,2,Ethylene,125.0,B5_GEy_F100_R2.txt,2,2,late,,1,114.58375234406628,114.58375234406628
A_OLD_CKPT_OLD_DATA,OLD,OLD,448,2,2,Ethylene,125.0,B5_GEy_F100_R2.txt,2,2,late,,1,125.0,125.0
A_OLD_CKPT_OLD_DATA,OLD,OLD,449,0,0,Ethanol,100.0,B5_GEa_F080_R1.txt,1,2,late,,1,93.15041218099385,93.15041218099385
A_OLD_CKPT_OLD_DATA,OLD,OLD,450,3,3,Methane,50.0,B5_GMe_F020_R2.txt,2,2,late,,1,56.20440870648589,56.20440870648589
A_OLD_CKPT_OLD_DATA,OLD,OLD,451,0,0,Ethanol,75.0,B5_GEa_F060_R2.txt,2,2,late,,1,66.80090044874386,66.80090044874386
A_OLD_CKPT_OLD_DATA,OLD,OLD,452,3,3,Methane,250.0,B5_GMe_F100_R2.txt,2,2,late,,1,250.0,250.0
A_OLD_CKPT_OLD_DATA,OLD,OLD,453,1,1,CO,250.0,B5_GCO_F100_R1.txt,1,2,late,,1,247.99115869684204,247.99115869684204
A_OLD_CKPT_OLD_DATA,OLD,OLD,454,0,0,Ethanol,50.0,B5_GEa_F040_R2.txt,2,2,late,,1,47.97276190148873,47.97276190148873
A_OLD_CKPT_OLD_DATA,OLD,OLD,455,1,1,CO,250.0,B5_GCO_F100_R2.txt,2,2,late,,1,237.94793877753227,237.94793877753227
A_OLD_CKPT_OLD_DATA,OLD,OLD,456,0,0,Ethanol,25.0,B5_GEa_F020_R2.txt,2,2,late,,1,36.877579847976556,36.877579847976556
A_OLD_CKPT_OLD_DATA,OLD,OLD,457,2,2,Ethylene,100.0,B5_GEy_F080_R2.txt,2,2,late,,1,99.57870523424387,99.57870523424387
A_OLD_CKPT_OLD_DATA,OLD,OLD,458,3,3,Methane,100.0,B5_GMe_F040_R2.txt,2,2,late,,1,99.1596581892073,99.1596581892073
A_OLD_CKPT_OLD_DATA,OLD,OLD,459,0,0,Ethanol,125.0,B5_GEa_F100_R1.txt,1,2,late,,1,125.0,125.0
A_OLD_CKPT_OLD_DATA,OLD,OLD,460,3,3,Methane,150.0,B5_GMe_F060_R2.txt,2,2,late,,1,152.87023069151235,152.87023069151235
A_OLD_CKPT_OLD_DATA,OLD,OLD,461,2,2,Ethylene,87.5,B5_GEy_F070_R1.txt,1,2,late,,1,79.72309101981705,79.72309101981705
A_OLD_CKPT_OLD_DATA,OLD,OLD,462,3,3,Methane,75.0,B5_GMe_F030_R2.txt,2,2,late,,1,64.9609455737938,64.9609455737938
A_OLD_CKPT_OLD_DATA,OLD,OLD,463,3,3,Methane,150.0,B5_GMe_F060_R1.txt,1,2,late,,1,154.1826053435634,154.1826053435634
A_OLD_CKPT_OLD_DATA,OLD,OLD,464,0,0,Ethanol,50.0,B5_GEa_F040_R1.txt,1,2,late,,1,58.03729126017232,58.03729126017232
A_OLD_CKPT_OLD_DATA,OLD,OLD,465,2,1,Ethylene,87.5,B5_GEy_F070_R2.txt,2,2,late,,0,250.0,125.0
A_OLD_CKPT_OLD_DATA,OLD,OLD,466,2,2,Ethylene,50.0,B5_GEy_F040_R2.txt,2,2,late,,1,51.162763053308794,51.162763053308794
A_OLD_CKPT_OLD_DATA,OLD,OLD,467,1,1,CO,25.0,B5_GCO_F010_R1.txt,1,2,late,,1,25.0,25.0
A_OLD_CKPT_OLD_DATA,OLD,OLD,468,2,2,Ethylene,100.0,B5_GEy_F080_R2.txt,2,2,late,,1,91.89997989744857,91.89997989744857
A_OLD_CKPT_OLD_DATA,OLD,OLD,469,2,2,Ethylene,25.0,B5_GEy_F020_R2.txt,2,2,late,,1,19.206324411338585,19.206324411338585
A_OLD_CKPT_OLD_DATA,OLD,OLD,470,0,0,Ethanol,112.5,B5_GEa_F090_R2.txt,2,2,late,,1,109.9148251481659,109.9148251481659
A_OLD_CKPT_OLD_DATA,OLD,OLD,471,1,1,CO,75.0,B5_GCO_F030_R1.txt,1,2,late,,1,72.06663117321062,72.06663117321062
A_OLD_CKPT_OLD_DATA,OLD,OLD,472,1,1,CO,50.0,B5_GCO_F020_R2.txt,2,2,late,,1,54.22200454162942,54.22200454162942
A_OLD_CKPT_OLD_DATA,OLD,OLD,473,2,2,Ethylene,87.5,B5_GEy_F070_R1.txt,1,2,late,,1,89.83184094236424,89.83184094236424
A_OLD_CKPT_OLD_DATA,OLD,OLD,474,3,3,Methane,25.0,B5_GMe_F010_R2.txt,2,2,late,,1,25.0,25.0
A_OLD_CKPT_OLD_DATA,OLD,OLD,475,3,3,Methane,175.0,B5_GMe_F070_R2.txt,2,2,late,,1,183.78709373675784,183.78709373675784
A_OLD_CKPT_OLD_DATA,OLD,OLD,476,2,2,Ethylene,87.5,B5_GEy_F070_R1.txt,1,2,late,,1,82.02253196131326,82.02253196131326
A_OLD_CKPT_OLD_DATA,OLD,OLD,477,3,3,Methane,100.0,B5_GMe_F040_R2.txt,2,2,late,,1,104.66382933210215,104.66382933210215
A_OLD_CKPT_OLD_DATA,OLD,OLD,478,1,1,CO,25.0,B5_GCO_F010_R1.txt,1,2,late,,1,27.650133129140897,27.650133129140897
A_OLD_CKPT_OLD_DATA,OLD,OLD,479,2,2,Ethylene,25.0,B5_GEy_F020_R1.txt,1,2,late,,1,25.81500057215584,25.81500057215584
A_OLD_CKPT_OLD_DATA,OLD,OLD,480,3,3,Methane,200.0,B5_GMe_F080_R1.txt,1,2,late,,1,196.27512861382536,196.27512861382536
A_OLD_CKPT_OLD_DATA,OLD,OLD,481,0,0,Ethanol,50.0,B5_GEa_F040_R1.txt,1,2,late,,1,45.41181111271495,45.41181111271495
A_OLD_CKPT_OLD_DATA,OLD,OLD,482,3,3,Methane,125.0,B5_GMe_F050_R2.txt,2,2,late,,1,132.6768813502287,132.6768813502287
A_OLD_CKPT_OLD_DATA,OLD,OLD,483,2,2,Ethylene,100.0,B5_GEy_F080_R2.txt,2,2,late,,1,100.50632093477918,100.50632093477918
A_OLD_CKPT_OLD_DATA,OLD,OLD,484,3,3,Methane,25.0,B5_GMe_F010_R2.txt,2,2,late,,1,27.045155297634196,27.045155297634196
A_OLD_CKPT_OLD_DATA,OLD,OLD,485,3,3,Methane,25.0,B5_GMe_F010_R1.txt,1,2,late,,1,33.99350639102209,33.99350639102209
A_OLD_CKPT_OLD_DATA,OLD,OLD,486,0,0,Ethanol,25.0,B5_GEa_F020_R2.txt,2,2,late,,1,26.87120649843171,26.87120649843171
A_OLD_CKPT_OLD_DATA,OLD,OLD,487,3,3,Methane,250.0,B5_GMe_F100_R1.txt,1,2,late,,1,240.92202738861874,240.92202738861874
A_OLD_CKPT_OLD_DATA,OLD,OLD,488,0,0,Ethanol,37.5,B5_GEa_F030_R1.txt,1,2,late,,1,39.05306087920133,39.05306087920133
A_OLD_CKPT_OLD_DATA,OLD,OLD,489,0,0,Ethanol,87.5,B5_GEa_F070_R1.txt,1,2,late,,1,91.44155018535557,91.44155018535557
A_OLD_CKPT_OLD_DATA,OLD,OLD,490,1,1,CO,50.0,B5_GCO_F020_R1.txt,1,2,late,,1,35.06009523795744,35.06009523795744
A_OLD_CKPT_OLD_DATA,OLD,OLD,491,1,1,CO,225.0,B5_GCO_F090_R2.txt,2,2,late,,1,166.7711361650712,166.7711361650712
A_OLD_CKPT_OLD_DATA,OLD,OLD,492,1,1,CO,150.0,B5_GCO_F060_R2.txt,2,2,late,,1,150.56209778666187,150.56209778666187
A_OLD_CKPT_OLD_DATA,OLD,OLD,493,2,2,Ethylene,12.5,B5_GEy_F010_R1.txt,1,2,late,,1,12.5,12.5
A_OLD_CKPT_OLD_DATA,OLD,OLD,494,0,0,Ethanol,25.0,B5_GEa_F020_R2.txt,2,2,late,,1,23.458667095757523,23.458667095757523
A_OLD_CKPT_OLD_DATA,OLD,OLD,495,3,3,Methane,150.0,B5_GMe_F060_R1.txt,1,2,late,,1,142.90804561603062,142.90804561603062
A_OLD_CKPT_OLD_DATA,OLD,OLD,496,1,1,CO,125.0,B5_GCO_F050_R2.txt,2,2,late,,1,125.80630449979529,125.80630449979529
A_OLD_CKPT_OLD_DATA,OLD,OLD,497,2,2,Ethylene,37.5,B5_GEy_F030_R1.txt,1,2,late,,1,40.65807709818088,40.65807709818088
A_OLD_CKPT_OLD_DATA,OLD,OLD,498,2,2,Ethylene,37.5,B5_GEy_F030_R1.txt,1,2,late,,1,59.8059209935347,59.8059209935347
A_OLD_CKPT_OLD_DATA,OLD,OLD,499,1,1,CO,100.0,B5_GCO_F040_R2.txt,2,2,late,,1,94.1648464715878,94.1648464715878
A_OLD_CKPT_OLD_DATA,OLD,OLD,500,2,2,Ethylene,87.5,B5_GEy_F070_R2.txt,2,2,late,,1,125.0,125.0
A_OLD_CKPT_OLD_DATA,OLD,OLD,501,1,1,CO,225.0,B5_GCO_F090_R2.txt,2,2,late,,1,218.19054109663423,218.19054109663423
A_OLD_CKPT_OLD_DATA,OLD,OLD,502,1,1,CO,25.0,B5_GCO_F010_R2.txt,2,2,late,,1,25.469101466202034,25.469101466202034
A_OLD_CKPT_OLD_DATA,OLD,OLD,503,1,1,CO,250.0,B5_GCO_F100_R1.txt,1,2,late,,1,246.56276505450728,246.56276505450728
A_OLD_CKPT_OLD_DATA,OLD,OLD,504,2,2,Ethylene,12.5,B5_GEy_F010_R2.txt,2,2,late,,1,21.288760713722837,21.288760713722837
A_OLD_CKPT_OLD_DATA,OLD,OLD,505,3,3,Methane,250.0,B5_GMe_F100_R1.txt,1,2,late,,1,243.21775602978505,243.21775602978505
A_OLD_CKPT_OLD_DATA,OLD,OLD,506,3,3,Methane,150.0,B5_GMe_F060_R2.txt,2,2,late,,1,151.1076066527317,151.1076066527317
A_OLD_CKPT_OLD_DATA,OLD,OLD,507,0,0,Ethanol,75.0,B5_GEa_F060_R2.txt,2,2,late,,1,70.8266895034538,70.8266895034538
A_OLD_CKPT_OLD_DATA,OLD,OLD,508,1,1,CO,75.0,B5_GCO_F030_R2.txt,2,2,late,,1,84.0031899816517,84.0031899816517
A_OLD_CKPT_OLD_DATA,OLD,OLD,509,0,0,Ethanol,25.0,B5_GEa_F020_R1.txt,1,2,late,,1,23.929349694535144,23.929349694535144
A_OLD_CKPT_OLD_DATA,OLD,OLD,510,0,0,Ethanol,75.0,B5_GEa_F060_R2.txt,2,2,late,,1,65.17201179173048,65.17201179173048
A_OLD_CKPT_OLD_DATA,OLD,OLD,511,1,1,CO,225.0,B5_GCO_F090_R1.txt,1,2,late,,1,212.75459707334863,212.75459707334863
A_OLD_CKPT_OLD_DATA,OLD,OLD,512,0,0,Ethanol,87.5,B5_GEa_F070_R1.txt,1,2,late,,1,96.75771796202713,96.75771796202713
A_OLD_CKPT_OLD_DATA,OLD,OLD,513,1,1,CO,175.0,B5_GCO_F070_R2.txt,2,2,late,,1,171.1764981753941,171.1764981753941
A_OLD_CKPT_OLD_DATA,OLD,OLD,514,2,2,Ethylene,25.0,B5_GEy_F020_R2.txt,2,2,late,,1,22.470704059785135,22.470704059785135
A_OLD_CKPT_OLD_DATA,OLD,OLD,515,2,2,Ethylene,125.0,B5_GEy_F100_R1.txt,1,2,late,,1,123.22323009644197,123.22323009644197
A_OLD_CKPT_OLD_DATA,OLD,OLD,516,1,1,CO,100.0,B5_GCO_F040_R1.txt,1,2,late,,1,114.62115866974196,114.62115866974196
A_OLD_CKPT_OLD_DATA,OLD,OLD,517,2,2,Ethylene,125.0,B5_GEy_F100_R1.txt,1,2,late,,1,122.49585896999105,122.49585896999105
A_OLD_CKPT_OLD_DATA,OLD,OLD,518,2,2,Ethylene,50.0,B5_GEy_F040_R1.txt,1,2,late,,1,55.23756180409103,55.23756180409103
A_OLD_CKPT_OLD_DATA,OLD,OLD,519,2,2,Ethylene,25.0,B5_GEy_F020_R1.txt,1,2,late,,1,25.722636655264694,25.722636655264694
A_OLD_CKPT_OLD_DATA,OLD,OLD,520,2,2,Ethylene,37.5,B5_GEy_F030_R2.txt,2,2,late,,1,35.26377963824882,35.26377963824882
A_OLD_CKPT_OLD_DATA,OLD,OLD,521,2,2,Ethylene,75.0,B5_GEy_F060_R2.txt,2,2,late,,1,76.91391167148026,76.91391167148026
A_OLD_CKPT_OLD_DATA,OLD,OLD,522,2,2,Ethylene,25.0,B5_GEy_F020_R2.txt,2,2,late,,1,21.968212716978698,21.968212716978698
A_OLD_CKPT_OLD_DATA,OLD,OLD,523,1,1,CO,225.0,B5_GCO_F090_R1.txt,1,2,late,,1,219.99626817173214,219.99626817173214
A_OLD_CKPT_OLD_DATA,OLD,OLD,524,3,3,Methane,175.0,B5_GMe_F070_R1.txt,1,2,late,,1,163.12827111033144,163.12827111033144
A_OLD_CKPT_OLD_DATA,OLD,OLD,525,0,0,Ethanol,112.5,B5_GEa_F090_R2.txt,2,2,late,,1,112.455202717568,112.455202717568
A_OLD_CKPT_OLD_DATA,OLD,OLD,526,0,0,Ethanol,87.5,B5_GEa_F070_R1.txt,1,2,late,,1,86.24738987942578,86.24738987942578
A_OLD_CKPT_OLD_DATA,OLD,OLD,527,3,3,Methane,75.0,B5_GMe_F030_R2.txt,2,2,late,,1,74.86958090420245,74.86958090420245
A_OLD_CKPT_OLD_DATA,OLD,OLD,528,2,2,Ethylene,12.5,B5_GEy_F010_R2.txt,2,2,late,,1,13.13373179917052,13.13373179917052
A_OLD_CKPT_OLD_DATA,OLD,OLD,529,3,3,Methane,75.0,B5_GMe_F030_R2.txt,2,2,late,,1,73.74870689192753,73.74870689192753
A_OLD_CKPT_OLD_DATA,OLD,OLD,530,0,0,Ethanol,100.0,B5_GEa_F080_R1.txt,1,2,late,,1,94.4898653951959,94.4898653951959
A_OLD_CKPT_OLD_DATA,OLD,OLD,531,3,3,Methane,50.0,B5_GMe_F020_R2.txt,2,2,late,,1,37.84195903528821,37.84195903528821
A_OLD_CKPT_OLD_DATA,OLD,OLD,532,0,0,Ethanol,100.0,B5_GEa_F080_R1.txt,1,2,late,,1,91.763464275927,91.763464275927
A_OLD_CKPT_OLD_DATA,OLD,OLD,533,3,3,Methane,125.0,B5_GMe_F050_R2.txt,2,2,late,,1,131.53575686511118,131.53575686511118
A_OLD_CKPT_OLD_DATA,OLD,OLD,534,1,1,CO,25.0,B5_GCO_F010_R1.txt,1,2,late,,1,25.0,25.0
A_OLD_CKPT_OLD_DATA,OLD,OLD,535,2,2,Ethylene,25.0,B5_GEy_F020_R2.txt,2,2,late,,1,13.38591264172311,13.38591264172311
A_OLD_CKPT_OLD_DATA,OLD,OLD,536,3,3,Methane,125.0,B5_GMe_F050_R1.txt,1,2,late,,1,126.2796148796033,126.2796148796033
A_OLD_CKPT_OLD_DATA,OLD,OLD,537,0,0,Ethanol,125.0,B5_GEa_F100_R2.txt,2,2,late,,1,124.30447409042105,124.30447409042105
A_OLD_CKPT_OLD_DATA,OLD,OLD,538,1,1,CO,100.0,B5_GCO_F040_R1.txt,1,2,late,,1,118.0035421533449,118.0035421533449
A_OLD_CKPT_OLD_DATA,OLD,OLD,539,2,2,Ethylene,75.0,B5_GEy_F060_R1.txt,1,2,late,,1,68.98582263027501,68.98582263027501
A_OLD_CKPT_OLD_DATA,OLD,OLD,540,2,2,Ethylene,50.0,B5_GEy_F040_R2.txt,2,2,late,,1,53.17647869917903,53.17647869917903
A_OLD_CKPT_OLD_DATA,OLD,OLD,541,0,0,Ethanol,62.5,B5_GEa_F050_R2.txt,2,2,late,,1,64.97563065327974,64.97563065327974
A_OLD_CKPT_OLD_DATA,OLD,OLD,542,2,2,Ethylene,112.5,B5_GEy_F090_R2.txt,2,2,late,,1,114.45980467807703,114.45980467807703
A_OLD_CKPT_OLD_DATA,OLD,OLD,543,1,1,CO,50.0,B5_GCO_F020_R1.txt,1,2,late,,1,44.59522867253429,44.59522867253429
A_OLD_CKPT_OLD_DATA,OLD,OLD,544,3,3,Methane,25.0,B5_GMe_F010_R2.txt,2,2,late,,1,27.474540469674146,27.474540469674146
A_OLD_CKPT_OLD_DATA,OLD,OLD,545,2,2,Ethylene,37.5,B5_GEy_F030_R1.txt,1,2,late,,1,32.34263540854187,32.34263540854187
A_OLD_CKPT_OLD_DATA,OLD,OLD,546,2,2,Ethylene,100.0,B5_GEy_F080_R1.txt,1,2,late,,1,99.78423176973266,99.78423176973266
A_OLD_CKPT_OLD_DATA,OLD,OLD,547,3,3,Methane,100.0,B5_GMe_F040_R2.txt,2,2,late,,1,101.79442834847697,101.79442834847697
A_OLD_CKPT_OLD_DATA,OLD,OLD,548,3,3,Methane,250.0,B5_GMe_F100_R1.txt,1,2,late,,1,239.8283319646224,239.8283319646224
A_OLD_CKPT_OLD_DATA,OLD,OLD,549,3,3,Methane,175.0,B5_GMe_F070_R1.txt,1,2,late,,1,148.58189790561426,148.58189790561426
A_OLD_CKPT_OLD_DATA,OLD,OLD,550,1,1,CO,225.0,B5_GCO_F090_R2.txt,2,2,late,,1,221.21093883642024,221.21093883642024
A_OLD_CKPT_OLD_DATA,OLD,OLD,551,1,1,CO,100.0,B5_GCO_F040_R1.txt,1,2,late,,1,135.4313602708682,135.4313602708682
A_OLD_CKPT_OLD_DATA,OLD,OLD,552,3,3,Methane,100.0,B5_GMe_F040_R1.txt,1,2,late,,1,90.2947131107602,90.2947131107602
A_OLD_CKPT_OLD_DATA,OLD,OLD,553,3,3,Methane,225.0,B5_GMe_F090_R1.txt,1,2,late,,1,216.2318374580656,216.2318374580656
A_OLD_CKPT_OLD_DATA,OLD,OLD,554,2,2,Ethylene,62.5,B5_GEy_F050_R2.txt,2,2,late,,1,66.43312540303259,66.43312540303259
A_OLD_CKPT_OLD_DATA,OLD,OLD,555,2,2,Ethylene,112.5,B5_GEy_F090_R1.txt,1,2,late,,1,100.77541623231444,100.77541623231444
A_OLD_CKPT_OLD_DATA,OLD,OLD,556,0,0,Ethanol,62.5,B5_GEa_F050_R2.txt,2,2,late,,1,63.47186779597297,63.47186779597297
A_OLD_CKPT_OLD_DATA,OLD,OLD,557,3,3,Methane,75.0,B5_GMe_F030_R2.txt,2,2,late,,1,69.32312293957028,69.32312293957028
A_OLD_CKPT_OLD_DATA,OLD,OLD,558,0,0,Ethanol,125.0,B5_GEa_F100_R1.txt,1,2,late,,1,125.0,125.0
A_OLD_CKPT_OLD_DATA,OLD,OLD,559,2,2,Ethylene,100.0,B5_GEy_F080_R2.txt,2,2,late,,1,101.20560509587034,101.20560509587034
A_OLD_CKPT_OLD_DATA,OLD,OLD,560,2,2,Ethylene,87.5,B5_GEy_F070_R1.txt,1,2,late,,1,79.40902052771835,79.40902052771835
A_OLD_CKPT_OLD_DATA,OLD,OLD,561,1,1,CO,75.0,B5_GCO_F030_R2.txt,2,2,late,,1,117.78379037200075,117.78379037200075
A_OLD_CKPT_OLD_DATA,OLD,OLD,562,1,1,CO,75.0,B5_GCO_F030_R2.txt,2,2,late,,1,100.73969720259264,100.73969720259264
A_OLD_CKPT_OLD_DATA,OLD,OLD,563,3,3,Methane,225.0,B5_GMe_F090_R2.txt,2,2,late,,1,214.22824681063662,214.22824681063662
A_OLD_CKPT_OLD_DATA,OLD,OLD,564,0,0,Ethanol,50.0,B5_GEa_F040_R1.txt,1,2,late,,1,50.52814106553812,50.52814106553812
A_OLD_CKPT_OLD_DATA,OLD,OLD,565,0,0,Ethanol,62.5,B5_GEa_F050_R1.txt,1,2,late,,1,66.2417529994174,66.2417529994174
A_OLD_CKPT_OLD_DATA,OLD,OLD,566,3,3,Methane,25.0,B5_GMe_F010_R1.txt,1,2,late,,1,27.62007193747219,27.62007193747219
A_OLD_CKPT_OLD_DATA,OLD,OLD,567,0,0,Ethanol,50.0,B5_GEa_F040_R1.txt,1,2,late,,1,49.664287081045615,49.664287081045615
A_OLD_CKPT_OLD_DATA,OLD,OLD,568,3,3,Methane,50.0,B5_GMe_F020_R2.txt,2,2,late,,1,43.017504669508,43.017504669508
A_OLD_CKPT_OLD_DATA,OLD,OLD,569,1,1,CO,125.0,B5_GCO_F050_R2.txt,2,2,late,,1,124.09671001399194,124.09671001399194
A_OLD_CKPT_OLD_DATA,OLD,OLD,570,3,3,Methane,75.0,B5_GMe_F030_R1.txt,1,2,late,,1,72.47103587718115,72.47103587718115
A_OLD_CKPT_OLD_DATA,OLD,OLD,571,0,0,Ethanol,112.5,B5_GEa_F090_R1.txt,1,2,late,,1,105.72172574878323,105.72172574878323
A_OLD_CKPT_OLD_DATA,OLD,OLD,572,3,3,Methane,100.0,B5_GMe_F040_R1.txt,1,2,late,,1,98.7316988806666,98.7316988806666
A_OLD_CKPT_OLD_DATA,OLD,OLD,573,2,2,Ethylene,125.0,B5_GEy_F100_R1.txt,1,2,late,,1,119.20343007071494,119.20343007071494
A_OLD_CKPT_OLD_DATA,OLD,OLD,574,3,3,Methane,250.0,B5_GMe_F100_R2.txt,2,2,late,,1,237.87375681051668,237.87375681051668
A_OLD_CKPT_OLD_DATA,OLD,OLD,575,3,3,Methane,100.0,B5_GMe_F040_R2.txt,2,2,late,,1,106.5159508893918,106.5159508893918
A_OLD_CKPT_OLD_DATA,OLD,OLD,576,2,2,Ethylene,87.5,B5_GEy_F070_R2.txt,2,2,late,,1,96.0382604703352,96.0382604703352
A_OLD_CKPT_OLD_DATA,OLD,OLD,577,0,0,Ethanol,75.0,B5_GEa_F060_R2.txt,2,2,late,,1,69.49631139994172,69.49631139994172
A_OLD_CKPT_OLD_DATA,OLD,OLD,578,0,0,Ethanol,25.0,B5_GEa_F020_R2.txt,2,2,late,,1,22.60384079240248,22.60384079240248
A_OLD_CKPT_OLD_DATA,OLD,OLD,579,1,1,CO,125.0,B5_GCO_F050_R1.txt,1,2,late,,1,120.6024441206012,120.6024441206012
A_OLD_CKPT_OLD_DATA,OLD,OLD,580,2,2,Ethylene,125.0,B5_GEy_F100_R1.txt,1,2,late,,1,125.0,125.0
A_OLD_CKPT_OLD_DATA,OLD,OLD,581,0,0,Ethanol,25.0,B5_GEa_F020_R1.txt,1,2,late,,1,24.213390034039854,24.213390034039854
A_OLD_CKPT_OLD_DATA,OLD,OLD,582,2,2,Ethylene,100.0,B5_GEy_F080_R1.txt,1,2,late,,1,97.31255801378143,97.31255801378143
A_OLD_CKPT_OLD_DATA,OLD,OLD,583,0,0,Ethanol,37.5,B5_GEa_F030_R1.txt,1,2,late,,1,38.66099428122507,38.66099428122507
A_OLD_CKPT_OLD_DATA,OLD,OLD,584,3,3,Methane,200.0,B5_GMe_F080_R2.txt,2,2,late,,1,198.97648041821407,198.97648041821407
A_OLD_CKPT_OLD_DATA,OLD,OLD,585,1,1,CO,150.0,B5_GCO_F060_R1.txt,1,2,late,,1,149.38823807239385,149.38823807239385
A_OLD_CKPT_OLD_DATA,OLD,OLD,586,3,3,Methane,175.0,B5_GMe_F070_R2.txt,2,2,late,,1,185.87899258592154,185.87899258592154
A_OLD_CKPT_OLD_DATA,OLD,OLD,587,1,1,CO,25.0,B5_GCO_F010_R1.txt,1,2,late,,1,25.0,25.0
A_OLD_CKPT_OLD_DATA,OLD,OLD,588,3,3,Methane,100.0,B5_GMe_F040_R1.txt,1,2,late,,1,106.67564799682755,106.67564799682755
A_OLD_CKPT_OLD_DATA,OLD,OLD,589,0,0,Ethanol,37.5,B5_GEa_F030_R2.txt,2,2,late,,1,40.75107428221693,40.75107428221693
A_OLD_CKPT_OLD_DATA,OLD,OLD,590,3,3,Methane,150.0,B5_GMe_F060_R1.txt,1,2,late,,1,149.20393857797126,149.20393857797126
A_OLD_CKPT_OLD_DATA,OLD,OLD,591,2,2,Ethylene,75.0,B5_GEy_F060_R2.txt,2,2,late,,1,82.19962644930163,82.19962644930163
A_OLD_CKPT_OLD_DATA,OLD,OLD,592,3,3,Methane,100.0,B5_GMe_F040_R1.txt,1,2,late,,1,104.52382350737625,104.52382350737625
A_OLD_CKPT_OLD_DATA,OLD,OLD,593,1,1,CO,75.0,B5_GCO_F030_R1.txt,1,2,late,,1,82.12835221139615,82.12835221139615
A_OLD_CKPT_OLD_DATA,OLD,OLD,594,3,3,Methane,200.0,B5_GMe_F080_R1.txt,1,2,late,,1,250.0,250.0
A_OLD_CKPT_OLD_DATA,OLD,OLD,595,2,2,Ethylene,50.0,B5_GEy_F040_R2.txt,2,2,late,,1,47.45264600196401,47.45264600196401
A_OLD_CKPT_OLD_DATA,OLD,OLD,596,0,0,Ethanol,87.5,B5_GEa_F070_R1.txt,1,2,late,,1,86.94150659295887,86.94150659295887
A_OLD_CKPT_OLD_DATA,OLD,OLD,597,0,0,Ethanol,12.5,B5_GEa_F010_R2.txt,2,2,late,,1,15.597043560215912,15.597043560215912
A_OLD_CKPT_OLD_DATA,OLD,OLD,598,3,3,Methane,125.0,B5_GMe_F050_R2.txt,2,2,late,,1,132.63608916917053,132.63608916917053
A_OLD_CKPT_OLD_DATA,OLD,OLD,599,2,2,Ethylene,37.5,B5_GEy_F030_R2.txt,2,2,late,,1,38.052416027756465,38.052416027756465
A_OLD_CKPT_OLD_DATA,OLD,OLD,600,1,1,CO,100.0,B5_GCO_F040_R2.txt,2,2,late,,1,101.71912428669995,101.71912428669995
A_OLD_CKPT_OLD_DATA,OLD,OLD,601,3,3,Methane,200.0,B5_GMe_F080_R1.txt,1,2,late,,1,210.6626136975155,210.6626136975155
A_OLD_CKPT_OLD_DATA,OLD,OLD,602,0,0,Ethanol,75.0,B5_GEa_F060_R1.txt,1,2,late,,1,73.11253495107155,73.11253495107155
A_OLD_CKPT_OLD_DATA,OLD,OLD,603,1,1,CO,225.0,B5_GCO_F090_R1.txt,1,2,late,,1,196.2793356138086,196.2793356138086
A_OLD_CKPT_OLD_DATA,OLD,OLD,604,3,3,Methane,50.0,B5_GMe_F020_R1.txt,1,2,late,,1,48.103094526070045,48.103094526070045
A_OLD_CKPT_OLD_DATA,OLD,OLD,605,0,0,Ethanol,12.5,B5_GEa_F010_R1.txt,1,2,late,,1,12.5,12.5
A_OLD_CKPT_OLD_DATA,OLD,OLD,606,1,1,CO,225.0,B5_GCO_F090_R1.txt,1,2,late,,1,245.01996877188122,245.01996877188122
A_OLD_CKPT_OLD_DATA,OLD,OLD,607,3,3,Methane,175.0,B5_GMe_F070_R1.txt,1,2,late,,1,171.26274198762246,171.26274198762246
A_OLD_CKPT_OLD_DATA,OLD,OLD,608,0,0,Ethanol,100.0,B5_GEa_F080_R1.txt,1,2,late,,1,96.984621297129,96.984621297129
A_OLD_CKPT_OLD_DATA,OLD,OLD,609,2,2,Ethylene,112.5,B5_GEy_F090_R1.txt,1,2,late,,1,115.41283402152499,115.41283402152499
A_OLD_CKPT_OLD_DATA,OLD,OLD,610,0,0,Ethanol,112.5,B5_GEa_F090_R2.txt,2,2,late,,1,114.61165879391388,114.61165879391388
A_OLD_CKPT_OLD_DATA,OLD,OLD,611,3,3,Methane,125.0,B5_GMe_F050_R2.txt,2,2,late,,1,126.73433740770844,126.73433740770844
A_OLD_CKPT_OLD_DATA,OLD,OLD,612,1,1,CO,175.0,B5_GCO_F070_R2.txt,2,2,late,,1,172.39916782777865,172.39916782777865
A_OLD_CKPT_OLD_DATA,OLD,OLD,613,2,2,Ethylene,37.5,B5_GEy_F030_R1.txt,1,2,late,,1,31.92142500882443,31.92142500882443
A_OLD_CKPT_OLD_DATA,OLD,OLD,614,3,3,Methane,150.0,B5_GMe_F060_R2.txt,2,2,late,,1,148.75945761885737,148.75945761885737
A_OLD_CKPT_OLD_DATA,OLD,OLD,615,0,0,Ethanol,125.0,B5_GEa_F100_R2.txt,2,2,late,,1,125.0,125.0
A_OLD_CKPT_OLD_DATA,OLD,OLD,616,1,1,CO,100.0,B5_GCO_F040_R2.txt,2,2,late,,1,90.95621969198679,90.95621969198679
A_OLD_CKPT_OLD_DATA,OLD,OLD,617,1,1,CO,150.0,B5_GCO_F060_R1.txt,1,2,late,,1,137.05591821758037,137.05591821758037
A_OLD_CKPT_OLD_DATA,OLD,OLD,618,0,0,Ethanol,25.0,B5_GEa_F020_R1.txt,1,2,late,,1,20.57775985000366,20.57775985000366
A_OLD_CKPT_OLD_DATA,OLD,OLD,619,2,2,Ethylene,37.5,B5_GEy_F030_R1.txt,1,2,late,,1,37.55633742479168,37.55633742479168
A_OLD_CKPT_OLD_DATA,OLD,OLD,620,0,0,Ethanol,50.0,B5_GEa_F040_R1.txt,1,2,late,,1,45.364841515753824,45.364841515753824
A_OLD_CKPT_OLD_DATA,OLD,OLD,621,2,2,Ethylene,125.0,B5_GEy_F100_R2.txt,2,2,late,,1,125.0,125.0
A_OLD_CKPT_OLD_DATA,OLD,OLD,622,3,3,Methane,175.0,B5_GMe_F070_R2.txt,2,2,late,,1,171.02094741109497,171.02094741109497
A_OLD_CKPT_OLD_DATA,OLD,OLD,623,1,1,CO,200.0,B5_GCO_F080_R2.txt,2,2,late,,1,182.17600019417893,182.17600019417893
A_OLD_CKPT_OLD_DATA,OLD,OLD,624,1,1,CO,150.0,B5_GCO_F060_R1.txt,1,2,late,,1,142.37966658773092,142.37966658773092
A_OLD_CKPT_OLD_DATA,OLD,OLD,625,1,1,CO,175.0,B5_GCO_F070_R1.txt,1,2,late,,1,175.31753914790204,175.31753914790204
A_OLD_CKPT_OLD_DATA,OLD,OLD,626,0,0,Ethanol,125.0,B5_GEa_F100_R2.txt,2,2,late,,1,125.0,125.0
A_OLD_CKPT_OLD_DATA,OLD,OLD,627,1,1,CO,125.0,B5_GCO_F050_R1.txt,1,2,late,,1,119.54372768319377,119.54372768319377
A_OLD_CKPT_OLD_DATA,OLD,OLD,628,3,3,Methane,75.0,B5_GMe_F030_R2.txt,2,2,late,,1,74.92559603119535,74.92559603119535
A_OLD_CKPT_OLD_DATA,OLD,OLD,629,2,2,Ethylene,100.0,B5_GEy_F080_R2.txt,2,2,late,,1,85.98484148939042,85.98484148939042
A_OLD_CKPT_OLD_DATA,OLD,OLD,630,0,0,Ethanol,75.0,B5_GEa_F060_R1.txt,1,2,late,,1,70.63742547877243,70.63742547877243
A_OLD_CKPT_OLD_DATA,OLD,OLD,631,2,2,Ethylene,12.5,B5_GEy_F010_R1.txt,1,2,late,,1,13.817872003639934,13.817872003639934
A_OLD_CKPT_OLD_DATA,OLD,OLD,632,2,2,Ethylene,112.5,B5_GEy_F090_R2.txt,2,2,late,,1,111.87549421880834,111.87549421880834
A_OLD_CKPT_OLD_DATA,OLD,OLD,633,1,1,CO,50.0,B5_GCO_F020_R2.txt,2,2,late,,1,25.0,25.0
A_OLD_CKPT_OLD_DATA,OLD,OLD,634,0,0,Ethanol,50.0,B5_GEa_F040_R2.txt,2,2,late,,1,44.88283984415199,44.88283984415199
A_OLD_CKPT_OLD_DATA,OLD,OLD,635,3,3,Methane,125.0,B5_GMe_F050_R2.txt,2,2,late,,1,123.29094988648447,123.29094988648447
A_OLD_CKPT_OLD_DATA,OLD,OLD,636,0,0,Ethanol,75.0,B5_GEa_F060_R1.txt,1,2,late,,1,74.1828779663557,74.1828779663557
A_OLD_CKPT_OLD_DATA,OLD,OLD,637,1,1,CO,175.0,B5_GCO_F070_R1.txt,1,2,late,,1,177.49294832760958,177.49294832760958
A_OLD_CKPT_OLD_DATA,OLD,OLD,638,0,0,Ethanol,62.5,B5_GEa_F050_R2.txt,2,2,late,,1,64.13518620248743,64.13518620248743
A_OLD_CKPT_OLD_DATA,OLD,OLD,639,0,0,Ethanol,12.5,B5_GEa_F010_R2.txt,2,2,late,,1,12.5,12.5
A_OLD_CKPT_OLD_DATA,OLD,OLD,640,3,3,Methane,50.0,B5_GMe_F020_R1.txt,1,2,late,,1,47.87168588903286,47.87168588903286
A_OLD_CKPT_OLD_DATA,OLD,OLD,641,1,1,CO,175.0,B5_GCO_F070_R2.txt,2,2,late,,1,173.89656433298526,173.89656433298526
A_OLD_CKPT_OLD_DATA,OLD,OLD,642,2,2,Ethylene,50.0,B5_GEy_F040_R1.txt,1,2,late,,1,50.16301722640773,50.16301722640773
A_OLD_CKPT_OLD_DATA,OLD,OLD,643,2,2,Ethylene,25.0,B5_GEy_F020_R2.txt,2,2,late,,1,24.00439263698037,24.00439263698037
A_OLD_CKPT_OLD_DATA,OLD,OLD,644,3,3,Methane,225.0,B5_GMe_F090_R2.txt,2,2,late,,1,237.68607190806782,237.68607190806782
A_OLD_CKPT_OLD_DATA,OLD,OLD,645,1,1,CO,125.0,B5_GCO_F050_R2.txt,2,2,late,,1,124.93437441621936,124.93437441621936
A_OLD_CKPT_OLD_DATA,OLD,OLD,646,1,1,CO,25.0,B5_GCO_F010_R1.txt,1,2,late,,1,25.0,25.0
A_OLD_CKPT_OLD_DATA,OLD,OLD,647,0,0,Ethanol,12.5,B5_GEa_F010_R1.txt,1,2,late,,1,12.5,12.5
A_OLD_CKPT_OLD_DATA,OLD,OLD,648,0,0,Ethanol,37.5,B5_GEa_F030_R2.txt,2,2,late,,1,42.7795129915285,42.7795129915285
A_OLD_CKPT_OLD_DATA,OLD,OLD,649,1,1,CO,200.0,B5_GCO_F080_R1.txt,1,2,late,,1,224.58492066732356,224.58492066732356
A_OLD_CKPT_OLD_DATA,OLD,OLD,650,1,1,CO,50.0,B5_GCO_F020_R1.txt,1,2,late,,1,46.24204948986027,46.24204948986027
A_OLD_CKPT_OLD_DATA,OLD,OLD,651,1,1,CO,150.0,B5_GCO_F060_R2.txt,2,2,late,,1,139.51170057850584,139.51170057850584
A_OLD_CKPT_OLD_DATA,OLD,OLD,652,1,1,CO,125.0,B5_GCO_F050_R1.txt,1,2,late,,1,125.20060931568706,125.20060931568706
A_OLD_CKPT_OLD_DATA,OLD,OLD,653,0,0,Ethanol,62.5,B5_GEa_F050_R2.txt,2,2,late,,1,64.55738025595802,64.55738025595802
A_OLD_CKPT_OLD_DATA,OLD,OLD,654,1,1,CO,75.0,B5_GCO_F030_R2.txt,2,2,late,,1,79.4509507437794,79.4509507437794
A_OLD_CKPT_OLD_DATA,OLD,OLD,655,3,3,Methane,250.0,B5_GMe_F100_R1.txt,1,2,late,,1,239.33533346195853,239.33533346195853
A_OLD_CKPT_OLD_DATA,OLD,OLD,656,3,3,Methane,175.0,B5_GMe_F070_R2.txt,2,2,late,,1,174.2079510899024,174.2079510899024
A_OLD_CKPT_OLD_DATA,OLD,OLD,657,1,1,CO,200.0,B5_GCO_F080_R1.txt,1,2,late,,1,222.5181522958073,222.5181522958073
A_OLD_CKPT_OLD_DATA,OLD,OLD,658,0,0,Ethanol,62.5,B5_GEa_F050_R1.txt,1,2,late,,1,65.57926725876334,65.57926725876334
A_OLD_CKPT_OLD_DATA,OLD,OLD,659,2,2,Ethylene,25.0,B5_GEy_F020_R2.txt,2,2,late,,1,25.24535929203668,25.24535929203668
A_OLD_CKPT_OLD_DATA,OLD,OLD,660,3,3,Methane,75.0,B5_GMe_F030_R2.txt,2,2,late,,1,75.64988181166007,75.64988181166007
A_OLD_CKPT_OLD_DATA,OLD,OLD,661,0,0,Ethanol,112.5,B5_GEa_F090_R1.txt,1,2,late,,1,106.48297523853384,106.48297523853384
A_OLD_CKPT_OLD_DATA,OLD,OLD,662,0,0,Ethanol,100.0,B5_GEa_F080_R2.txt,2,2,late,,1,101.58467732207853,101.58467732207853
A_OLD_CKPT_OLD_DATA,OLD,OLD,663,3,3,Methane,25.0,B5_GMe_F010_R2.txt,2,2,late,,1,35.171628017570384,35.171628017570384
A_OLD_CKPT_OLD_DATA,OLD,OLD,664,0,0,Ethanol,87.5,B5_GEa_F070_R2.txt,2,2,late,,1,93.03239251955618,93.03239251955618
A_OLD_CKPT_OLD_DATA,OLD,OLD,665,2,2,Ethylene,12.5,B5_GEy_F010_R2.txt,2,2,late,,1,12.5,12.5
A_OLD_CKPT_OLD_DATA,OLD,OLD,666,3,3,Methane,175.0,B5_GMe_F070_R1.txt,1,2,late,,1,175.21494378560976,175.21494378560976
A_OLD_CKPT_OLD_DATA,OLD,OLD,667,3,3,Methane,25.0,B5_GMe_F010_R2.txt,2,2,late,,1,25.0,25.0
A_OLD_CKPT_OLD_DATA,OLD,OLD,668,2,2,Ethylene,87.5,B5_GEy_F070_R2.txt,2,2,late,,1,83.45311938518236,83.45311938518236
A_OLD_CKPT_OLD_DATA,OLD,OLD,669,0,0,Ethanol,62.5,B5_GEa_F050_R2.txt,2,2,late,,1,62.11381273827163,62.11381273827163
A_OLD_CKPT_OLD_DATA,OLD,OLD,670,2,2,Ethylene,112.5,B5_GEy_F090_R1.txt,1,2,late,,1,113.57522632389569,113.57522632389569
A_OLD_CKPT_OLD_DATA,OLD,OLD,671,2,2,Ethylene,87.5,B5_GEy_F070_R1.txt,1,2,late,,1,83.92235607704268,83.92235607704268
A_OLD_CKPT_OLD_DATA,OLD,OLD,672,0,0,Ethanol,37.5,B5_GEa_F030_R1.txt,1,2,late,,1,41.55560684599149,41.55560684599149
A_OLD_CKPT_OLD_DATA,OLD,OLD,673,1,1,CO,250.0,B5_GCO_F100_R1.txt,1,2,late,,1,221.69413271262562,221.69413271262562
A_OLD_CKPT_OLD_DATA,OLD,OLD,674,2,2,Ethylene,75.0,B5_GEy_F060_R2.txt,2,2,late,,1,67.79451577251947,67.79451577251947
A_OLD_CKPT_OLD_DATA,OLD,OLD,675,2,2,Ethylene,125.0,B5_GEy_F100_R1.txt,1,2,late,,1,123.30333168255265,123.30333168255265
A_OLD_CKPT_OLD_DATA,OLD,OLD,676,3,3,Methane,225.0,B5_GMe_F090_R2.txt,2,2,late,,1,233.67104168235375,233.67104168235375
A_OLD_CKPT_OLD_DATA,OLD,OLD,677,2,2,Ethylene,125.0,B5_GEy_F100_R2.txt,2,2,late,,1,119.41891613597012,119.41891613597012
A_OLD_CKPT_OLD_DATA,OLD,OLD,678,0,0,Ethanol,125.0,B5_GEa_F100_R1.txt,1,2,late,,1,124.35892053459405,124.35892053459405
A_OLD_CKPT_OLD_DATA,OLD,OLD,679,2,2,Ethylene,87.5,B5_GEy_F070_R1.txt,1,2,late,,1,85.86193186409065,85.86193186409065
A_OLD_CKPT_OLD_DATA,OLD,OLD,680,1,1,CO,150.0,B5_GCO_F060_R1.txt,1,2,late,,1,154.91257783600648,154.91257783600648
A_OLD_CKPT_OLD_DATA,OLD,OLD,681,2,2,Ethylene,50.0,B5_GEy_F040_R2.txt,2,2,late,,1,51.94718681327811,51.94718681327811
A_OLD_CKPT_OLD_DATA,OLD,OLD,682,2,2,Ethylene,25.0,B5_GEy_F020_R2.txt,2,2,late,,1,25.908849624124727,25.908849624124727
A_OLD_CKPT_OLD_DATA,OLD,OLD,683,1,1,CO,125.0,B5_GCO_F050_R2.txt,2,2,late,,1,106.7059208970327,106.7059208970327
A_OLD_CKPT_OLD_DATA,OLD,OLD,684,2,1,Ethylene,87.5,B5_GEy_F070_R2.txt,2,2,late,,0,232.32094626752385,125.0
A_OLD_CKPT_OLD_DATA,OLD,OLD,685,2,2,Ethylene,75.0,B5_GEy_F060_R1.txt,1,2,late,,1,72.29368405711807,72.29368405711807
A_OLD_CKPT_OLD_DATA,OLD,OLD,686,0,0,Ethanol,25.0,B5_GEa_F020_R2.txt,2,2,late,,1,27.35379606526728,27.35379606526728
A_OLD_CKPT_OLD_DATA,OLD,OLD,687,3,3,Methane,75.0,B5_GMe_F030_R2.txt,2,2,late,,1,68.90725297522512,68.90725297522512
A_OLD_CKPT_OLD_DATA,OLD,OLD,688,2,2,Ethylene,125.0,B5_GEy_F100_R1.txt,1,2,late,,1,111.55381764621552,111.55381764621552
A_OLD_CKPT_OLD_DATA,OLD,OLD,689,0,0,Ethanol,112.5,B5_GEa_F090_R2.txt,2,2,late,,1,115.06902595739474,115.06902595739474
A_OLD_CKPT_OLD_DATA,OLD,OLD,690,1,1,CO,225.0,B5_GCO_F090_R2.txt,2,2,late,,1,215.79297987493342,215.79297987493342
A_OLD_CKPT_OLD_DATA,OLD,OLD,691,2,2,Ethylene,75.0,B5_GEy_F060_R2.txt,2,2,late,,1,67.62031464865527,67.62031464865527
A_OLD_CKPT_OLD_DATA,OLD,OLD,692,2,2,Ethylene,62.5,B5_GEy_F050_R1.txt,1,2,late,,1,57.1318181861713,57.1318181861713
A_OLD_CKPT_OLD_DATA,OLD,OLD,693,1,1,CO,175.0,B5_GCO_F070_R2.txt,2,2,late,,1,184.04944879312774,184.04944879312774
A_OLD_CKPT_OLD_DATA,OLD,OLD,694,1,1,CO,25.0,B5_GCO_F010_R1.txt,1,2,late,,1,25.0,25.0
A_OLD_CKPT_OLD_DATA,OLD,OLD,695,1,1,CO,200.0,B5_GCO_F080_R2.txt,2,2,late,,1,198.38133060336412,198.38133060336412
A_OLD_CKPT_OLD_DATA,OLD,OLD,696,1,1,CO,100.0,B5_GCO_F040_R1.txt,1,2,late,,1,105.55567656285727,105.55567656285727
A_OLD_CKPT_OLD_DATA,OLD,OLD,697,3,3,Methane,175.0,B5_GMe_F070_R2.txt,2,2,late,,1,171.44692089519657,171.44692089519657
A_OLD_CKPT_OLD_DATA,OLD,OLD,698,1,1,CO,50.0,B5_GCO_F020_R1.txt,1,2,late,,1,47.144453217751604,47.144453217751604
A_OLD_CKPT_OLD_DATA,OLD,OLD,699,2,2,Ethylene,100.0,B5_GEy_F080_R2.txt,2,2,late,,1,99.86662581901047,99.86662581901047
A_OLD_CKPT_OLD_DATA,OLD,OLD,700,1,1,CO,125.0,B5_GCO_F050_R1.txt,1,2,late,,1,123.54412617092972,123.54412617092972
A_OLD_CKPT_OLD_DATA,OLD,OLD,701,2,2,Ethylene,12.5,B5_GEy_F010_R2.txt,2,2,late,,1,20.70461461049348,20.70461461049348
A_OLD_CKPT_OLD_DATA,OLD,OLD,702,1,1,CO,150.0,B5_GCO_F060_R2.txt,2,2,late,,1,163.20175034592887,163.20175034592887
A_OLD_CKPT_OLD_DATA,OLD,OLD,703,2,2,Ethylene,75.0,B5_GEy_F060_R1.txt,1,2,late,,1,74.10630614017097,74.10630614017097
A_OLD_CKPT_OLD_DATA,OLD,OLD,704,2,2,Ethylene,100.0,B5_GEy_F080_R1.txt,1,2,late,,1,94.30614448796126,94.30614448796126
A_OLD_CKPT_OLD_DATA,OLD,OLD,705,2,3,Ethylene,87.5,B5_GEy_F070_R2.txt,2,2,late,,0,250.0,125.0
A_OLD_CKPT_OLD_DATA,OLD,OLD,706,3,3,Methane,25.0,B5_GMe_F010_R2.txt,2,2,late,,1,25.0,25.0
A_OLD_CKPT_OLD_DATA,OLD,OLD,707,1,1,CO,50.0,B5_GCO_F020_R2.txt,2,2,late,,1,56.89594600535234,56.89594600535234
A_OLD_CKPT_OLD_DATA,OLD,OLD,708,1,1,CO,100.0,B5_GCO_F040_R1.txt,1,2,late,,1,101.02324927545249,101.02324927545249
A_OLD_CKPT_OLD_DATA,OLD,OLD,709,2,2,Ethylene,125.0,B5_GEy_F100_R2.txt,2,2,late,,1,125.0,125.0
A_OLD_CKPT_OLD_DATA,OLD,OLD,710,0,0,Ethanol,62.5,B5_GEa_F050_R2.txt,2,2,late,,1,65.6035858890227,65.6035858890227
A_OLD_CKPT_OLD_DATA,OLD,OLD,711,0,0,Ethanol,50.0,B5_GEa_F040_R1.txt,1,2,late,,1,47.5655396351426,47.5655396351426
A_OLD_CKPT_OLD_DATA,OLD,OLD,712,2,2,Ethylene,112.5,B5_GEy_F090_R2.txt,2,2,late,,1,115.24044009129437,115.24044009129437
A_OLD_CKPT_OLD_DATA,OLD,OLD,713,2,2,Ethylene,12.5,B5_GEy_F010_R2.txt,2,2,late,,1,12.5,12.5
A_OLD_CKPT_OLD_DATA,OLD,OLD,714,3,3,Methane,75.0,B5_GMe_F030_R2.txt,2,2,late,,1,70.82670607254455,70.82670607254455
A_OLD_CKPT_OLD_DATA,OLD,OLD,715,0,2,Ethanol,12.5,B5_GEa_F010_R1.txt,1,2,late,,0,12.5,16.69219159015328
A_OLD_CKPT_OLD_DATA,OLD,OLD,716,0,0,Ethanol,112.5,B5_GEa_F090_R2.txt,2,2,late,,1,110.73057212595734,110.73057212595734
A_OLD_CKPT_OLD_DATA,OLD,OLD,717,2,2,Ethylene,87.5,B5_GEy_F070_R2.txt,2,2,late,,1,82.97361984160676,82.97361984160676
A_OLD_CKPT_OLD_DATA,OLD,OLD,718,2,1,Ethylene,87.5,B5_GEy_F070_R2.txt,2,2,late,,0,89.89271885649458,125.0
A_OLD_CKPT_OLD_DATA,OLD,OLD,719,1,1,CO,25.0,B5_GCO_F010_R1.txt,1,2,late,,1,36.18137689138801,36.18137689138801
A_OLD_CKPT_OLD_DATA,OLD,OLD,720,2,2,Ethylene,112.5,B5_GEy_F090_R2.txt,2,2,late,,1,112.7623015430809,112.7623015430809
A_OLD_CKPT_OLD_DATA,OLD,OLD,721,2,2,Ethylene,25.0,B5_GEy_F020_R2.txt,2,2,late,,1,21.086235697355733,21.086235697355733
A_OLD_CKPT_OLD_DATA,OLD,OLD,722,2,2,Ethylene,62.5,B5_GEy_F050_R2.txt,2,2,late,,1,62.75632164845692,62.75632164845692
A_OLD_CKPT_OLD_DATA,OLD,OLD,723,3,3,Methane,50.0,B5_GMe_F020_R1.txt,1,2,late,,1,45.2716080322569,45.2716080322569
A_OLD_CKPT_OLD_DATA,OLD,OLD,724,3,3,Methane,250.0,B5_GMe_F100_R1.txt,1,2,late,,1,250.0,250.0
A_OLD_CKPT_OLD_DATA,OLD,OLD,725,0,0,Ethanol,87.5,B5_GEa_F070_R1.txt,1,2,late,,1,106.12255455205612,106.12255455205612
A_OLD_CKPT_OLD_DATA,OLD,OLD,726,2,2,Ethylene,25.0,B5_GEy_F020_R2.txt,2,2,late,,1,27.1787667326102,27.1787667326102
A_OLD_CKPT_OLD_DATA,OLD,OLD,727,0,0,Ethanol,12.5,B5_GEa_F010_R2.txt,2,2,late,,1,12.842888102899103,12.842888102899103
A_OLD_CKPT_OLD_DATA,OLD,OLD,728,2,2,Ethylene,25.0,B5_GEy_F020_R1.txt,1,2,late,,1,22.257376517165028,22.257376517165028
A_OLD_CKPT_OLD_DATA,OLD,OLD,729,0,0,Ethanol,75.0,B5_GEa_F060_R2.txt,2,2,late,,1,62.94114793775053,62.94114793775053
A_OLD_CKPT_OLD_DATA,OLD,OLD,730,3,3,Methane,125.0,B5_GMe_F050_R1.txt,1,2,late,,1,250.0,250.0
A_OLD_CKPT_OLD_DATA,OLD,OLD,731,0,0,Ethanol,12.5,B5_GEa_F010_R1.txt,1,2,late,,1,12.5,12.5
A_OLD_CKPT_OLD_DATA,OLD,OLD,732,0,0,Ethanol,12.5,B5_GEa_F010_R2.txt,2,2,late,,1,14.606628199217127,14.606628199217127
A_OLD_CKPT_OLD_DATA,OLD,OLD,733,0,0,Ethanol,50.0,B5_GEa_F040_R2.txt,2,2,late,,1,49.69241039562493,49.69241039562493
A_OLD_CKPT_OLD_DATA,OLD,OLD,734,3,3,Methane,175.0,B5_GMe_F070_R2.txt,2,2,late,,1,193.3680109905409,193.3680109905409
A_OLD_CKPT_OLD_DATA,OLD,OLD,735,3,3,Methane,150.0,B5_GMe_F060_R2.txt,2,2,late,,1,154.9157616485666,154.9157616485666
A_OLD_CKPT_OLD_DATA,OLD,OLD,736,3,3,Methane,225.0,B5_GMe_F090_R1.txt,1,2,late,,1,227.75067125986232,227.75067125986232
A_OLD_CKPT_OLD_DATA,OLD,OLD,737,1,1,CO,50.0,B5_GCO_F020_R2.txt,2,2,late,,1,69.47743157910426,69.47743157910426
A_OLD_CKPT_OLD_DATA,OLD,OLD,738,3,3,Methane,125.0,B5_GMe_F050_R2.txt,2,2,late,,1,133.48197338465067,133.48197338465067
A_OLD_CKPT_OLD_DATA,OLD,OLD,739,0,0,Ethanol,87.5,B5_GEa_F070_R1.txt,1,2,late,,1,95.32386431284303,95.32386431284303
A_OLD_CKPT_OLD_DATA,OLD,OLD,740,3,3,Methane,200.0,B5_GMe_F080_R2.txt,2,2,late,,1,202.0339963998452,202.0339963998452
A_OLD_CKPT_OLD_DATA,OLD,OLD,741,0,0,Ethanol,50.0,B5_GEa_F040_R2.txt,2,2,late,,1,53.19542601900025,53.19542601900025
A_OLD_CKPT_OLD_DATA,OLD,OLD,742,3,3,Methane,225.0,B5_GMe_F090_R2.txt,2,2,late,,1,235.05579655276483,235.05579655276483
A_OLD_CKPT_OLD_DATA,OLD,OLD,743,3,3,Methane,50.0,B5_GMe_F020_R1.txt,1,2,late,,1,58.09898324347723,58.09898324347723
A_OLD_CKPT_OLD_DATA,OLD,OLD,744,1,1,CO,150.0,B5_GCO_F060_R2.txt,2,2,late,,1,152.74087796941262,152.74087796941262
A_OLD_CKPT_OLD_DATA,OLD,OLD,745,1,1,CO,225.0,B5_GCO_F090_R2.txt,2,2,late,,1,216.06326108489316,216.06326108489316
A_OLD_CKPT_OLD_DATA,OLD,OLD,746,2,2,Ethylene,12.5,B5_GEy_F010_R1.txt,1,2,late,,1,15.25948148896508,15.25948148896508
A_OLD_CKPT_OLD_DATA,OLD,OLD,747,3,3,Methane,100.0,B5_GMe_F040_R1.txt,1,2,late,,1,104.44084029332974,104.44084029332974
A_OLD_CKPT_OLD_DATA,OLD,OLD,748,0,0,Ethanol,25.0,B5_GEa_F020_R2.txt,2,2,late,,1,27.772471888950477,27.772471888950477
A_OLD_CKPT_OLD_DATA,OLD,OLD,749,2,2,Ethylene,125.0,B5_GEy_F100_R2.txt,2,2,late,,1,119.26819884378827,119.26819884378827
A_OLD_CKPT_OLD_DATA,OLD,OLD,750,3,3,Methane,150.0,B5_GMe_F060_R1.txt,1,2,late,,1,158.8981080588109,158.8981080588109
A_OLD_CKPT_OLD_DATA,OLD,OLD,751,1,1,CO,150.0,B5_GCO_F060_R2.txt,2,2,late,,1,169.36944751532178,169.36944751532178
A_OLD_CKPT_OLD_DATA,OLD,OLD,752,3,3,Methane,50.0,B5_GMe_F020_R2.txt,2,2,late,,1,36.562125564959,36.562125564959
A_OLD_CKPT_OLD_DATA,OLD,OLD,753,0,0,Ethanol,112.5,B5_GEa_F090_R1.txt,1,2,late,,1,105.821555426716,105.821555426716
A_OLD_CKPT_OLD_DATA,OLD,OLD,754,3,3,Methane,125.0,B5_GMe_F050_R1.txt,1,2,late,,1,250.0,250.0
A_OLD_CKPT_OLD_DATA,OLD,OLD,755,1,1,CO,100.0,B5_GCO_F040_R2.txt,2,2,late,,1,110.89062039713983,110.89062039713983
A_OLD_CKPT_OLD_DATA,OLD,OLD,756,1,1,CO,125.0,B5_GCO_F050_R2.txt,2,2,late,,1,133.87729484904673,133.87729484904673
A_OLD_CKPT_OLD_DATA,OLD,OLD,757,1,1,CO,100.0,B5_GCO_F040_R1.txt,1,2,late,,1,109.36144614622042,109.36144614622042
A_OLD_CKPT_OLD_DATA,OLD,OLD,758,2,2,Ethylene,25.0,B5_GEy_F020_R1.txt,1,2,late,,1,21.31994983969099,21.31994983969099
A_OLD_CKPT_OLD_DATA,OLD,OLD,759,2,1,Ethylene,87.5,B5_GEy_F070_R2.txt,2,2,late,,0,211.0998521319327,85.20104890268433
A_OLD_CKPT_OLD_DATA,OLD,OLD,760,1,1,CO,200.0,B5_GCO_F080_R1.txt,1,2,late,,1,182.18007290802703,182.18007290802703
A_OLD_CKPT_OLD_DATA,OLD,OLD,761,3,3,Methane,175.0,B5_GMe_F070_R1.txt,1,2,late,,1,173.6326392231846,173.6326392231846
A_OLD_CKPT_OLD_DATA,OLD,OLD,762,2,2,Ethylene,112.5,B5_GEy_F090_R2.txt,2,2,late,,1,103.85930269880086,103.85930269880086
A_OLD_CKPT_OLD_DATA,OLD,OLD,763,3,3,Methane,250.0,B5_GMe_F100_R1.txt,1,2,late,,1,250.0,250.0
A_OLD_CKPT_OLD_DATA,OLD,OLD,764,1,1,CO,175.0,B5_GCO_F070_R1.txt,1,2,late,,1,180.0500766251959,180.0500766251959
A_OLD_CKPT_OLD_DATA,OLD,OLD,765,3,3,Methane,200.0,B5_GMe_F080_R1.txt,1,2,late,,1,202.14902561772638,202.14902561772638
A_OLD_CKPT_OLD_DATA,OLD,OLD,766,3,3,Methane,75.0,B5_GMe_F030_R1.txt,1,2,late,,1,57.24129839834051,57.24129839834051
A_OLD_CKPT_OLD_DATA,OLD,OLD,767,0,0,Ethanol,125.0,B5_GEa_F100_R2.txt,2,2,late,,1,125.0,125.0
A_OLD_CKPT_OLD_DATA,OLD,OLD,768,2,2,Ethylene,75.0,B5_GEy_F060_R1.txt,1,2,late,,1,87.9400967704255,87.9400967704255
A_OLD_CKPT_OLD_DATA,OLD,OLD,769,1,1,CO,75.0,B5_GCO_F030_R1.txt,1,2,late,,1,51.653757032054145,51.653757032054145
A_OLD_CKPT_OLD_DATA,OLD,OLD,770,1,1,CO,125.0,B5_GCO_F050_R2.txt,2,2,late,,1,141.43527895244824,141.43527895244824
A_OLD_CKPT_OLD_DATA,OLD,OLD,771,2,2,Ethylene,125.0,B5_GEy_F100_R2.txt,2,2,late,,1,107.48644165612583,107.48644165612583
A_OLD_CKPT_OLD_DATA,OLD,OLD,772,0,0,Ethanol,50.0,B5_GEa_F040_R2.txt,2,2,late,,1,46.67342763307976,46.67342763307976
A_OLD_CKPT_OLD_DATA,OLD,OLD,773,2,2,Ethylene,87.5,B5_GEy_F070_R1.txt,1,2,late,,1,81.56665638457355,81.56665638457355
A_OLD_CKPT_OLD_DATA,OLD,OLD,774,3,3,Methane,225.0,B5_GMe_F090_R1.txt,1,2,late,,1,209.37899740180683,209.37899740180683
A_OLD_CKPT_OLD_DATA,OLD,OLD,775,3,3,Methane,250.0,B5_GMe_F100_R2.txt,2,2,late,,1,247.61072919496905,247.61072919496905
A_OLD_CKPT_OLD_DATA,OLD,OLD,776,0,0,Ethanol,87.5,B5_GEa_F070_R2.txt,2,2,late,,1,96.99707352427927,96.99707352427927
A_OLD_CKPT_OLD_DATA,OLD,OLD,777,3,3,Methane,150.0,B5_GMe_F060_R2.txt,2,2,late,,1,155.4314188923082,155.4314188923082
A_OLD_CKPT_OLD_DATA,OLD,OLD,778,1,1,CO,50.0,B5_GCO_F020_R1.txt,1,2,late,,1,55.45080156075182,55.45080156075182
A_OLD_CKPT_OLD_DATA,OLD,OLD,779,1,1,CO,125.0,B5_GCO_F050_R1.txt,1,2,late,,1,126.67583856020393,126.67583856020393
A_OLD_CKPT_OLD_DATA,OLD,OLD,780,1,1,CO,200.0,B5_GCO_F080_R1.txt,1,2,late,,1,215.02960239599363,215.02960239599363
A_OLD_CKPT_OLD_DATA,OLD,OLD,781,1,1,CO,50.0,B5_GCO_F020_R1.txt,1,2,late,,1,28.674474505858825,28.674474505858825
A_OLD_CKPT_OLD_DATA,OLD,OLD,782,2,2,Ethylene,50.0,B5_GEy_F040_R2.txt,2,2,late,,1,52.30314341835856,52.30314341835856
A_OLD_CKPT_OLD_DATA,OLD,OLD,783,3,3,Methane,125.0,B5_GMe_F050_R1.txt,1,2,late,,1,132.68006030724683,132.68006030724683
A_OLD_CKPT_OLD_DATA,OLD,OLD,784,0,0,Ethanol,87.5,B5_GEa_F070_R1.txt,1,2,late,,1,84.32932353111003,84.32932353111003
A_OLD_CKPT_OLD_DATA,OLD,OLD,785,2,2,Ethylene,75.0,B5_GEy_F060_R2.txt,2,2,late,,1,78.59449550080603,78.59449550080603
A_OLD_CKPT_OLD_DATA,OLD,OLD,786,2,2,Ethylene,50.0,B5_GEy_F040_R1.txt,1,2,late,,1,49.001286003273094,49.001286003273094
A_OLD_CKPT_OLD_DATA,OLD,OLD,787,1,1,CO,150.0,B5_GCO_F060_R2.txt,2,2,late,,1,158.18235643044915,158.18235643044915
A_OLD_CKPT_OLD_DATA,OLD,OLD,788,0,0,Ethanol,12.5,B5_GEa_F010_R2.txt,2,2,late,,1,17.054383606823315,17.054383606823315
A_OLD_CKPT_OLD_DATA,OLD,OLD,789,0,0,Ethanol,100.0,B5_GEa_F080_R2.txt,2,2,late,,1,95.01131061509604,95.01131061509604
A_OLD_CKPT_OLD_DATA,OLD,OLD,790,0,0,Ethanol,50.0,B5_GEa_F040_R2.txt,2,2,late,,1,53.42271109341057,53.42271109341057
A_OLD_CKPT_OLD_DATA,OLD,OLD,791,1,1,CO,150.0,B5_GCO_F060_R1.txt,1,2,late,,1,136.19395199606907,136.19395199606907
A_OLD_CKPT_OLD_DATA,OLD,OLD,792,2,2,Ethylene,87.5,B5_GEy_F070_R1.txt,1,2,late,,1,86.99644069192667,86.99644069192667
A_OLD_CKPT_OLD_DATA,OLD,OLD,793,1,1,CO,125.0,B5_GCO_F050_R2.txt,2,2,late,,1,126.96689789258176,126.96689789258176
A_OLD_CKPT_OLD_DATA,OLD,OLD,794,0,0,Ethanol,87.5,B5_GEa_F070_R2.txt,2,2,late,,1,98.17008571379058,98.17008571379058
A_OLD_CKPT_OLD_DATA,OLD,OLD,795,0,2,Ethanol,12.5,B5_GEa_F010_R1.txt,1,2,late,,0,12.5,25.328571254605393
A_OLD_CKPT_OLD_DATA,OLD,OLD,796,2,2,Ethylene,75.0,B5_GEy_F060_R2.txt,2,2,late,,1,81.59136715949012,81.59136715949012
A_OLD_CKPT_OLD_DATA,OLD,OLD,797,0,0,Ethanol,62.5,B5_GEa_F050_R2.txt,2,2,late,,1,70.80956179829369,70.80956179829369
A_OLD_CKPT_OLD_DATA,OLD,OLD,798,2,2,Ethylene,112.5,B5_GEy_F090_R1.txt,1,2,late,,1,117.00594947131125,117.00594947131125
A_OLD_CKPT_OLD_DATA,OLD,OLD,799,2,2,Ethylene,75.0,B5_GEy_F060_R1.txt,1,2,late,,1,79.17073660345096,79.17073660345096
A_OLD_CKPT_OLD_DATA,OLD,OLD,800,0,0,Ethanol,62.5,B5_GEa_F050_R2.txt,2,2,late,,1,62.76840081675307,62.76840081675307
A_OLD_CKPT_OLD_DATA,OLD,OLD,801,1,1,CO,175.0,B5_GCO_F070_R2.txt,2,2,late,,1,167.52365667152435,167.52365667152435
A_OLD_CKPT_OLD_DATA,OLD,OLD,802,0,0,Ethanol,100.0,B5_GEa_F080_R1.txt,1,2,late,,1,89.08486749686764,89.08486749686764
A_OLD_CKPT_OLD_DATA,OLD,OLD,803,3,3,Methane,175.0,B5_GMe_F070_R2.txt,2,2,late,,1,178.63731102621307,178.63731102621307
A_OLD_CKPT_OLD_DATA,OLD,OLD,804,2,2,Ethylene,125.0,B5_GEy_F100_R1.txt,1,2,late,,1,125.0,125.0
A_OLD_CKPT_OLD_DATA,OLD,OLD,805,2,2,Ethylene,50.0,B5_GEy_F040_R2.txt,2,2,late,,1,51.15378582429577,51.15378582429577
A_OLD_CKPT_OLD_DATA,OLD,OLD,806,3,3,Methane,100.0,B5_GMe_F040_R2.txt,2,2,late,,1,110.34605435958996,110.34605435958996
A_OLD_CKPT_OLD_DATA,OLD,OLD,807,2,2,Ethylene,62.5,B5_GEy_F050_R2.txt,2,2,late,,1,56.38394574176107,56.38394574176107
A_OLD_CKPT_OLD_DATA,OLD,OLD,808,3,3,Methane,25.0,B5_GMe_F010_R2.txt,2,2,late,,1,27.989660502974644,27.989660502974644
A_OLD_CKPT_OLD_DATA,OLD,OLD,809,3,3,Methane,150.0,B5_GMe_F060_R2.txt,2,2,late,,1,155.5307189413241,155.5307189413241
A_OLD_CKPT_OLD_DATA,OLD,OLD,810,2,2,Ethylene,25.0,B5_GEy_F020_R2.txt,2,2,late,,1,25.5951771617095,25.5951771617095
A_OLD_CKPT_OLD_DATA,OLD,OLD,811,1,1,CO,175.0,B5_GCO_F070_R1.txt,1,2,late,,1,173.28784001098046,173.28784001098046
A_OLD_CKPT_OLD_DATA,OLD,OLD,812,3,3,Methane,175.0,B5_GMe_F070_R1.txt,1,2,late,,1,176.0125527905462,176.0125527905462
A_OLD_CKPT_OLD_DATA,OLD,OLD,813,0,0,Ethanol,87.5,B5_GEa_F070_R1.txt,1,2,late,,1,118.76500662318193,118.76500662318193
A_OLD_CKPT_OLD_DATA,OLD,OLD,814,0,0,Ethanol,112.5,B5_GEa_F090_R1.txt,1,2,late,,1,110.07869448015819,110.07869448015819
A_OLD_CKPT_OLD_DATA,OLD,OLD,815,0,0,Ethanol,37.5,B5_GEa_F030_R2.txt,2,2,late,,1,52.708479143341286,52.708479143341286
A_OLD_CKPT_OLD_DATA,OLD,OLD,816,2,2,Ethylene,37.5,B5_GEy_F030_R1.txt,1,2,late,,1,37.39299915078499,37.39299915078499
A_OLD_CKPT_OLD_DATA,OLD,OLD,817,3,3,Methane,25.0,B5_GMe_F010_R1.txt,1,2,late,,1,32.40007147160236,32.40007147160236
A_OLD_CKPT_OLD_DATA,OLD,OLD,818,0,0,Ethanol,112.5,B5_GEa_F090_R2.txt,2,2,late,,1,107.21813242392379,107.21813242392379
A_OLD_CKPT_OLD_DATA,OLD,OLD,819,2,2,Ethylene,125.0,B5_GEy_F100_R1.txt,1,2,late,,1,111.23554081721613,111.23554081721613
A_OLD_CKPT_OLD_DATA,OLD,OLD,820,0,0,Ethanol,87.5,B5_GEa_F070_R1.txt,1,2,late,,1,88.8718469459011,88.8718469459011
A_OLD_CKPT_OLD_DATA,OLD,OLD,821,2,2,Ethylene,50.0,B5_GEy_F040_R2.txt,2,2,late,,1,55.01304815541069,55.01304815541069
A_OLD_CKPT_OLD_DATA,OLD,OLD,822,2,2,Ethylene,87.5,B5_GEy_F070_R2.txt,2,2,late,,1,125.0,125.0
A_OLD_CKPT_OLD_DATA,OLD,OLD,823,0,0,Ethanol,100.0,B5_GEa_F080_R1.txt,1,2,late,,1,94.39927874482686,94.39927874482686
A_OLD_CKPT_OLD_DATA,OLD,OLD,824,0,0,Ethanol,12.5,B5_GEa_F010_R2.txt,2,2,late,,1,13.54189126855946,13.54189126855946
A_OLD_CKPT_OLD_DATA,OLD,OLD,825,0,0,Ethanol,37.5,B5_GEa_F030_R2.txt,2,2,late,,1,39.98739119986479,39.98739119986479
A_OLD_CKPT_OLD_DATA,OLD,OLD,826,1,1,CO,250.0,B5_GCO_F100_R1.txt,1,2,late,,1,235.89105958632982,235.89105958632982
A_OLD_CKPT_OLD_DATA,OLD,OLD,827,0,0,Ethanol,112.5,B5_GEa_F090_R1.txt,1,2,late,,1,90.0013233718324,90.0013233718324
A_OLD_CKPT_OLD_DATA,OLD,OLD,828,1,1,CO,175.0,B5_GCO_F070_R2.txt,2,2,late,,1,171.7124372082278,171.7124372082278
A_OLD_CKPT_OLD_DATA,OLD,OLD,829,2,2,Ethylene,75.0,B5_GEy_F060_R1.txt,1,2,late,,1,74.84172030916412,74.84172030916412
A_OLD_CKPT_OLD_DATA,OLD,OLD,830,2,2,Ethylene,25.0,B5_GEy_F020_R2.txt,2,2,late,,1,23.042318098834514,23.042318098834514
A_OLD_CKPT_OLD_DATA,OLD,OLD,831,0,0,Ethanol,125.0,B5_GEa_F100_R1.txt,1,2,late,,1,124.78442334968018,124.78442334968018
A_OLD_CKPT_OLD_DATA,OLD,OLD,832,1,1,CO,175.0,B5_GCO_F070_R2.txt,2,2,late,,1,161.2697167986878,161.2697167986878
A_OLD_CKPT_OLD_DATA,OLD,OLD,833,3,3,Methane,25.0,B5_GMe_F010_R1.txt,1,2,late,,1,25.649440210231788,25.649440210231788
A_OLD_CKPT_OLD_DATA,OLD,OLD,834,2,2,Ethylene,75.0,B5_GEy_F060_R1.txt,1,2,late,,1,76.06919338810258,76.06919338810258
A_OLD_CKPT_OLD_DATA,OLD,OLD,835,0,0,Ethanol,75.0,B5_GEa_F060_R1.txt,1,2,late,,1,87.82992101913052,87.82992101913052
A_OLD_CKPT_OLD_DATA,OLD,OLD,836,3,3,Methane,25.0,B5_GMe_F010_R1.txt,1,2,late,,1,25.0,25.0
A_OLD_CKPT_OLD_DATA,OLD,OLD,837,3,3,Methane,25.0,B5_GMe_F010_R1.txt,1,2,late,,1,37.26332314301724,37.26332314301724
A_OLD_CKPT_OLD_DATA,OLD,OLD,838,1,1,CO,50.0,B5_GCO_F020_R1.txt,1,2,late,,1,36.27429031811724,36.27429031811724
A_OLD_CKPT_OLD_DATA,OLD,OLD,839,2,2,Ethylene,75.0,B5_GEy_F060_R2.txt,2,2,late,,1,73.91627894686053,73.91627894686053
A_OLD_CKPT_OLD_DATA,OLD,OLD,840,3,3,Methane,125.0,B5_GMe_F050_R2.txt,2,2,late,,1,135.52886621198354,135.52886621198354
A_OLD_CKPT_OLD_DATA,OLD,OLD,841,2,2,Ethylene,112.5,B5_GEy_F090_R2.txt,2,2,late,,1,73.00973780581319,73.00973780581319
A_OLD_CKPT_OLD_DATA,OLD,OLD,842,1,1,CO,200.0,B5_GCO_F080_R1.txt,1,2,late,,1,225.56611190794635,225.56611190794635
A_OLD_CKPT_OLD_DATA,OLD,OLD,843,1,1,CO,125.0,B5_GCO_F050_R2.txt,2,2,late,,1,125.87171935290505,125.87171935290505
A_OLD_CKPT_OLD_DATA,OLD,OLD,844,1,1,CO,125.0,B5_GCO_F050_R2.txt,2,2,late,,1,134.21201242795885,134.21201242795885
A_OLD_CKPT_OLD_DATA,OLD,OLD,845,1,1,CO,75.0,B5_GCO_F030_R2.txt,2,2,late,,1,84.4371346641996,84.4371346641996
A_OLD_CKPT_OLD_DATA,OLD,OLD,846,2,2,Ethylene,75.0,B5_GEy_F060_R2.txt,2,2,late,,1,78.42630248416057,78.42630248416057
A_OLD_CKPT_OLD_DATA,OLD,OLD,847,2,2,Ethylene,37.5,B5_GEy_F030_R1.txt,1,2,late,,1,34.69846323046792,34.69846323046792
A_OLD_CKPT_OLD_DATA,OLD,OLD,848,1,1,CO,100.0,B5_GCO_F040_R1.txt,1,2,late,,1,102.51242832250486,102.51242832250486
A_OLD_CKPT_OLD_DATA,OLD,OLD,849,2,2,Ethylene,100.0,B5_GEy_F080_R1.txt,1,2,late,,1,101.96976784626295,101.96976784626295
A_OLD_CKPT_OLD_DATA,OLD,OLD,850,0,0,Ethanol,25.0,B5_GEa_F020_R2.txt,2,2,late,,1,31.915949905711543,31.915949905711543
A_OLD_CKPT_OLD_DATA,OLD,OLD,851,1,1,CO,75.0,B5_GCO_F030_R2.txt,2,2,late,,1,76.97960520528663,76.97960520528663
A_OLD_CKPT_OLD_DATA,OLD,OLD,852,0,0,Ethanol,62.5,B5_GEa_F050_R2.txt,2,2,late,,1,63.05806734414834,63.05806734414834
A_OLD_CKPT_OLD_DATA,OLD,OLD,853,1,1,CO,25.0,B5_GCO_F010_R2.txt,2,2,late,,1,25.0,25.0
A_OLD_CKPT_OLD_DATA,OLD,OLD,854,2,2,Ethylene,125.0,B5_GEy_F100_R2.txt,2,2,late,,1,125.0,125.0
A_OLD_CKPT_OLD_DATA,OLD,OLD,855,0,0,Ethanol,50.0,B5_GEa_F040_R2.txt,2,2,late,,1,50.51457812703609,50.51457812703609
A_OLD_CKPT_OLD_DATA,OLD,OLD,856,2,2,Ethylene,50.0,B5_GEy_F040_R1.txt,1,2,late,,1,54.389179527623384,54.389179527623384
A_OLD_CKPT_OLD_DATA,OLD,OLD,857,0,0,Ethanol,25.0,B5_GEa_F020_R2.txt,2,2,late,,1,23.482491848727005,23.482491848727005
A_OLD_CKPT_OLD_DATA,OLD,OLD,858,1,1,CO,25.0,B5_GCO_F010_R1.txt,1,2,late,,1,25.0,25.0
A_OLD_CKPT_OLD_DATA,OLD,OLD,859,1,1,CO,250.0,B5_GCO_F100_R2.txt,2,2,late,,1,235.86678571897664,235.86678571897664
A_OLD_CKPT_OLD_DATA,OLD,OLD,860,1,1,CO,175.0,B5_GCO_F070_R1.txt,1,2,late,,1,174.8077621237975,174.8077621237975
A_OLD_CKPT_OLD_DATA,OLD,OLD,861,3,3,Methane,250.0,B5_GMe_F100_R2.txt,2,2,late,,1,250.0,250.0
A_OLD_CKPT_OLD_DATA,OLD,OLD,862,3,3,Methane,200.0,B5_GMe_F080_R1.txt,1,2,late,,1,195.7130981708287,195.7130981708287
A_OLD_CKPT_OLD_DATA,OLD,OLD,863,1,1,CO,250.0,B5_GCO_F100_R2.txt,2,2,late,,1,246.2237210949416,246.2237210949416
A_OLD_CKPT_OLD_DATA,OLD,OLD,864,3,3,Methane,100.0,B5_GMe_F040_R2.txt,2,2,late,,1,98.78244989515264,98.78244989515264
A_OLD_CKPT_OLD_DATA,OLD,OLD,865,1,1,CO,75.0,B5_GCO_F030_R1.txt,1,2,late,,1,84.33392982345289,84.33392982345289
A_OLD_CKPT_OLD_DATA,OLD,OLD,866,0,0,Ethanol,112.5,B5_GEa_F090_R1.txt,1,2,late,,1,109.57978741255337,109.57978741255337
A_OLD_CKPT_OLD_DATA,OLD,OLD,867,2,2,Ethylene,25.0,B5_GEy_F020_R1.txt,1,2,late,,1,23.80452710748537,23.80452710748537
A_OLD_CKPT_OLD_DATA,OLD,OLD,868,2,2,Ethylene,62.5,B5_GEy_F050_R2.txt,2,2,late,,1,64.42044544313504,64.42044544313504
A_OLD_CKPT_OLD_DATA,OLD,OLD,869,1,1,CO,200.0,B5_GCO_F080_R1.txt,1,2,late,,1,216.54111308044133,216.54111308044133
A_OLD_CKPT_OLD_DATA,OLD,OLD,870,3,3,Methane,25.0,B5_GMe_F010_R2.txt,2,2,late,,1,33.26761691953943,33.26761691953943
A_OLD_CKPT_OLD_DATA,OLD,OLD,871,1,1,CO,125.0,B5_GCO_F050_R1.txt,1,2,late,,1,140.80164549791465,140.80164549791465
A_OLD_CKPT_OLD_DATA,OLD,OLD,872,0,0,Ethanol,112.5,B5_GEa_F090_R2.txt,2,2,late,,1,114.52955987863439,114.52955987863439
A_OLD_CKPT_OLD_DATA,OLD,OLD,873,1,1,CO,200.0,B5_GCO_F080_R2.txt,2,2,late,,1,169.59112557025048,169.59112557025048
A_OLD_CKPT_OLD_DATA,OLD,OLD,874,2,2,Ethylene,87.5,B5_GEy_F070_R1.txt,1,2,late,,1,86.04142853148198,86.04142853148198
A_OLD_CKPT_OLD_DATA,OLD,OLD,875,0,0,Ethanol,125.0,B5_GEa_F100_R1.txt,1,2,late,,1,123.61877224942606,123.61877224942606
A_OLD_CKPT_OLD_DATA,OLD,OLD,876,3,3,Methane,25.0,B5_GMe_F010_R1.txt,1,2,late,,1,28.70822624938161,28.70822624938161
A_OLD_CKPT_OLD_DATA,OLD,OLD,877,2,2,Ethylene,75.0,B5_GEy_F060_R1.txt,1,2,late,,1,76.61402113214967,76.61402113214967
A_OLD_CKPT_OLD_DATA,OLD,OLD,878,1,1,CO,100.0,B5_GCO_F040_R1.txt,1,2,late,,1,110.28316990957514,110.28316990957514
A_OLD_CKPT_OLD_DATA,OLD,OLD,879,1,1,CO,25.0,B5_GCO_F010_R2.txt,2,2,late,,1,26.08273039698733,26.08273039698733
A_OLD_CKPT_OLD_DATA,OLD,OLD,880,0,2,Ethanol,50.0,B5_GEa_F040_R1.txt,1,2,late,,0,12.5,74.51622266404087
A_OLD_CKPT_OLD_DATA,OLD,OLD,881,1,1,CO,75.0,B5_GCO_F030_R2.txt,2,2,late,,1,93.05671510026579,93.05671510026579
A_OLD_CKPT_OLD_DATA,OLD,OLD,882,0,0,Ethanol,75.0,B5_GEa_F060_R2.txt,2,2,late,,1,65.72727793058766,65.72727793058766
A_OLD_CKPT_OLD_DATA,OLD,OLD,883,2,2,Ethylene,37.5,B5_GEy_F030_R1.txt,1,2,late,,1,37.90075121698814,37.90075121698814
A_OLD_CKPT_OLD_DATA,OLD,OLD,884,1,1,CO,100.0,B5_GCO_F040_R2.txt,2,2,late,,1,101.07955188134615,101.07955188134615
A_OLD_CKPT_OLD_DATA,OLD,OLD,885,0,0,Ethanol,50.0,B5_GEa_F040_R1.txt,1,2,late,,1,47.70027330296532,47.70027330296532
A_OLD_CKPT_OLD_DATA,OLD,OLD,886,3,3,Methane,25.0,B5_GMe_F010_R1.txt,1,2,late,,1,39.681205308380996,39.681205308380996
A_OLD_CKPT_OLD_DATA,OLD,OLD,887,2,2,Ethylene,75.0,B5_GEy_F060_R2.txt,2,2,late,,1,78.704245566548,78.704245566548
A_OLD_CKPT_OLD_DATA,OLD,OLD,888,0,0,Ethanol,125.0,B5_GEa_F100_R1.txt,1,2,late,,1,113.04142250445834,113.04142250445834
A_OLD_CKPT_OLD_DATA,OLD,OLD,889,3,3,Methane,100.0,B5_GMe_F040_R1.txt,1,2,late,,1,97.31383873322184,97.31383873322184
A_OLD_CKPT_OLD_DATA,OLD,OLD,890,3,3,Methane,200.0,B5_GMe_F080_R2.txt,2,2,late,,1,200.50535564071785,200.50535564071785
A_OLD_CKPT_OLD_DATA,OLD,OLD,891,0,0,Ethanol,12.5,B5_GEa_F010_R1.txt,1,2,late,,1,12.5,12.5
A_OLD_CKPT_OLD_DATA,OLD,OLD,892,2,2,Ethylene,37.5,B5_GEy_F030_R2.txt,2,2,late,,1,33.4906473381327,33.4906473381327
A_OLD_CKPT_OLD_DATA,OLD,OLD,893,2,2,Ethylene,37.5,B5_GEy_F030_R1.txt,1,2,late,,1,30.57293415849597,30.57293415849597
A_OLD_CKPT_OLD_DATA,OLD,OLD,894,1,1,CO,100.0,B5_GCO_F040_R1.txt,1,2,late,,1,62.605518255509594,62.605518255509594
A_OLD_CKPT_OLD_DATA,OLD,OLD,895,0,0,Ethanol,100.0,B5_GEa_F080_R1.txt,1,2,late,,1,93.91205971059117,93.91205971059117
A_OLD_CKPT_OLD_DATA,OLD,OLD,896,2,2,Ethylene,62.5,B5_GEy_F050_R2.txt,2,2,late,,1,70.4294753719762,70.4294753719762
A_OLD_CKPT_OLD_DATA,OLD,OLD,897,0,0,Ethanol,25.0,B5_GEa_F020_R2.txt,2,2,late,,1,23.620637166160236,23.620637166160236
A_OLD_CKPT_OLD_DATA,OLD,OLD,898,1,1,CO,175.0,B5_GCO_F070_R1.txt,1,2,late,,1,181.17425585386388,181.17425585386388
A_OLD_CKPT_OLD_DATA,OLD,OLD,899,0,0,Ethanol,87.5,B5_GEa_F070_R2.txt,2,2,late,,1,94.50554629986263,94.50554629986263
A_OLD_CKPT_OLD_DATA,OLD,OLD,900,2,2,Ethylene,12.5,B5_GEy_F010_R1.txt,1,2,late,,1,13.480369473743835,13.480369473743835
A_OLD_CKPT_OLD_DATA,OLD,OLD,901,0,0,Ethanol,75.0,B5_GEa_F060_R1.txt,1,2,late,,1,77.96647512284522,77.96647512284522
A_OLD_CKPT_OLD_DATA,OLD,OLD,902,2,2,Ethylene,100.0,B5_GEy_F080_R2.txt,2,2,late,,1,103.44884681665319,103.44884681665319
A_OLD_CKPT_OLD_DATA,OLD,OLD,903,2,2,Ethylene,100.0,B5_GEy_F080_R1.txt,1,2,late,,1,98.50609151461504,98.50609151461504
A_OLD_CKPT_OLD_DATA,OLD,OLD,904,0,0,Ethanol,125.0,B5_GEa_F100_R1.txt,1,2,late,,1,125.0,125.0
A_OLD_CKPT_OLD_DATA,OLD,OLD,905,3,3,Methane,200.0,B5_GMe_F080_R1.txt,1,2,late,,1,211.39686457891912,211.39686457891912
A_OLD_CKPT_OLD_DATA,OLD,OLD,906,2,2,Ethylene,50.0,B5_GEy_F040_R1.txt,1,2,late,,1,47.86766978892487,47.86766978892487
A_OLD_CKPT_OLD_DATA,OLD,OLD,907,0,0,Ethanol,62.5,B5_GEa_F050_R2.txt,2,2,late,,1,70.81793391564852,70.81793391564852
A_OLD_CKPT_OLD_DATA,OLD,OLD,908,0,0,Ethanol,62.5,B5_GEa_F050_R1.txt,1,2,late,,1,68.7224424760579,68.7224424760579
A_OLD_CKPT_OLD_DATA,OLD,OLD,909,2,2,Ethylene,50.0,B5_GEy_F040_R1.txt,1,2,late,,1,46.76919231136608,46.76919231136608
A_OLD_CKPT_OLD_DATA,OLD,OLD,910,0,0,Ethanol,50.0,B5_GEa_F040_R1.txt,1,2,late,,1,47.01836747457119,47.01836747457119
A_OLD_CKPT_OLD_DATA,OLD,OLD,911,3,3,Methane,75.0,B5_GMe_F030_R1.txt,1,2,late,,1,77.59543926544816,77.59543926544816
A_OLD_CKPT_OLD_DATA,OLD,OLD,912,3,3,Methane,125.0,B5_GMe_F050_R1.txt,1,2,late,,1,131.77667335855156,131.77667335855156
A_OLD_CKPT_OLD_DATA,OLD,OLD,913,0,0,Ethanol,12.5,B5_GEa_F010_R2.txt,2,2,late,,1,16.014176891901165,16.014176891901165
A_OLD_CKPT_OLD_DATA,OLD,OLD,914,1,1,CO,50.0,B5_GCO_F020_R1.txt,1,2,late,,1,25.0,25.0
A_OLD_CKPT_OLD_DATA,OLD,OLD,915,1,1,CO,75.0,B5_GCO_F030_R1.txt,1,2,late,,1,65.63810857352519,65.63810857352519
A_OLD_CKPT_OLD_DATA,OLD,OLD,916,3,3,Methane,100.0,B5_GMe_F040_R1.txt,1,2,late,,1,97.49950764959041,97.49950764959041
A_OLD_CKPT_OLD_DATA,OLD,OLD,917,2,2,Ethylene,12.5,B5_GEy_F010_R1.txt,1,2,late,,1,12.5,12.5
A_OLD_CKPT_OLD_DATA,OLD,OLD,918,1,1,CO,50.0,B5_GCO_F020_R1.txt,1,2,late,,1,45.733831849842645,45.733831849842645
A_OLD_CKPT_OLD_DATA,OLD,OLD,919,2,2,Ethylene,100.0,B5_GEy_F080_R2.txt,2,2,late,,1,88.81777455728707,88.81777455728707
A_OLD_CKPT_OLD_DATA,OLD,OLD,920,2,2,Ethylene,75.0,B5_GEy_F060_R2.txt,2,2,late,,1,74.86659401399783,74.86659401399783
A_OLD_CKPT_OLD_DATA,OLD,OLD,921,1,1,CO,250.0,B5_GCO_F100_R2.txt,2,2,late,,1,249.6097222666067,249.6097222666067
A_OLD_CKPT_OLD_DATA,OLD,OLD,922,3,3,Methane,100.0,B5_GMe_F040_R2.txt,2,2,late,,1,106.95326677012662,106.95326677012662
A_OLD_CKPT_OLD_DATA,OLD,OLD,923,2,2,Ethylene,87.5,B5_GEy_F070_R2.txt,2,2,late,,1,97.86251311261685,97.86251311261685
A_OLD_CKPT_OLD_DATA,OLD,OLD,924,3,3,Methane,100.0,B5_GMe_F040_R1.txt,1,2,late,,1,99.89302676204949,99.89302676204949
A_OLD_CKPT_OLD_DATA,OLD,OLD,925,3,3,Methane,150.0,B5_GMe_F060_R2.txt,2,2,late,,1,159.6542384923144,159.6542384923144
A_OLD_CKPT_OLD_DATA,OLD,OLD,926,3,3,Methane,200.0,B5_GMe_F080_R1.txt,1,2,late,,1,250.0,250.0
A_OLD_CKPT_OLD_DATA,OLD,OLD,927,2,2,Ethylene,112.5,B5_GEy_F090_R1.txt,1,2,late,,1,111.31505297234958,111.31505297234958
A_OLD_CKPT_OLD_DATA,OLD,OLD,928,2,1,Ethylene,87.5,B5_GEy_F070_R2.txt,2,2,late,,0,61.343977753788955,86.5036472027977
A_OLD_CKPT_OLD_DATA,OLD,OLD,929,3,3,Methane,125.0,B5_GMe_F050_R1.txt,1,2,late,,1,127.5288105080727,127.5288105080727
A_OLD_CKPT_OLD_DATA,OLD,OLD,930,0,0,Ethanol,87.5,B5_GEa_F070_R2.txt,2,2,late,,1,93.01651246047334,93.01651246047334
A_OLD_CKPT_OLD_DATA,OLD,OLD,931,3,3,Methane,150.0,B5_GMe_F060_R2.txt,2,2,late,,1,156.14104336991326,156.14104336991326
A_OLD_CKPT_OLD_DATA,OLD,OLD,932,2,2,Ethylene,112.5,B5_GEy_F090_R1.txt,1,2,late,,1,109.53229325279668,109.53229325279668
A_OLD_CKPT_OLD_DATA,OLD,OLD,933,3,3,Methane,250.0,B5_GMe_F100_R2.txt,2,2,late,,1,244.29691095481866,244.29691095481866
A_OLD_CKPT_OLD_DATA,OLD,OLD,934,1,1,CO,100.0,B5_GCO_F040_R2.txt,2,2,late,,1,93.1351875951998,93.1351875951998
A_OLD_CKPT_OLD_DATA,OLD,OLD,935,2,2,Ethylene,50.0,B5_GEy_F040_R1.txt,1,2,late,,1,59.03471175156167,59.03471175156167
A_OLD_CKPT_OLD_DATA,OLD,OLD,936,0,0,Ethanol,75.0,B5_GEa_F060_R2.txt,2,2,late,,1,67.48174068295337,67.48174068295337
A_OLD_CKPT_OLD_DATA,OLD,OLD,937,3,3,Methane,225.0,B5_GMe_F090_R2.txt,2,2,late,,1,223.7868957022148,223.7868957022148
A_OLD_CKPT_OLD_DATA,OLD,OLD,938,2,2,Ethylene,112.5,B5_GEy_F090_R2.txt,2,2,late,,1,98.29867176058474,98.29867176058474
A_OLD_CKPT_OLD_DATA,OLD,OLD,939,0,0,Ethanol,125.0,B5_GEa_F100_R2.txt,2,2,late,,1,124.78410962522018,124.78410962522018
A_OLD_CKPT_OLD_DATA,OLD,OLD,940,2,2,Ethylene,87.5,B5_GEy_F070_R2.txt,2,2,late,,1,75.11842176806772,75.11842176806772
A_OLD_CKPT_OLD_DATA,OLD,OLD,941,1,1,CO,225.0,B5_GCO_F090_R1.txt,1,2,late,,1,190.16493635081952,190.16493635081952
A_OLD_CKPT_OLD_DATA,OLD,OLD,942,1,1,CO,175.0,B5_GCO_F070_R2.txt,2,2,late,,1,134.4405829394666,134.4405829394666
A_OLD_CKPT_OLD_DATA,OLD,OLD,943,1,1,CO,175.0,B5_GCO_F070_R2.txt,2,2,late,,1,174.19103320013272,174.19103320013272
A_OLD_CKPT_OLD_DATA,OLD,OLD,944,0,0,Ethanol,100.0,B5_GEa_F080_R2.txt,2,2,late,,1,101.32711438473041,101.32711438473041
A_OLD_CKPT_OLD_DATA,OLD,OLD,945,1,1,CO,75.0,B5_GCO_F030_R2.txt,2,2,late,,1,86.73539856279035,86.73539856279035
A_OLD_CKPT_OLD_DATA,OLD,OLD,946,2,2,Ethylene,125.0,B5_GEy_F100_R2.txt,2,2,late,,1,119.07901059511701,119.07901059511701
A_OLD_CKPT_OLD_DATA,OLD,OLD,947,3,3,Methane,25.0,B5_GMe_F010_R1.txt,1,2,late,,1,25.0,25.0
A_OLD_CKPT_OLD_DATA,OLD,OLD,948,2,2,Ethylene,75.0,B5_GEy_F060_R1.txt,1,2,late,,1,74.69352258992143,74.69352258992143
A_OLD_CKPT_OLD_DATA,OLD,OLD,949,3,3,Methane,50.0,B5_GMe_F020_R2.txt,2,2,late,,1,49.92124772703215,49.92124772703215
A_OLD_CKPT_OLD_DATA,OLD,OLD,950,2,2,Ethylene,100.0,B5_GEy_F080_R1.txt,1,2,late,,1,102.80992561488895,102.80992561488895
A_OLD_CKPT_OLD_DATA,OLD,OLD,951,2,2,Ethylene,50.0,B5_GEy_F040_R2.txt,2,2,late,,1,51.05696042003926,51.05696042003926
A_OLD_CKPT_OLD_DATA,OLD,OLD,952,1,1,CO,125.0,B5_GCO_F050_R2.txt,2,2,late,,1,169.0745373883106,169.0745373883106
A_OLD_CKPT_OLD_DATA,OLD,OLD,953,1,1,CO,100.0,B5_GCO_F040_R2.txt,2,2,late,,1,118.0605076091731,118.0605076091731
A_OLD_CKPT_OLD_DATA,OLD,OLD,954,3,3,Methane,200.0,B5_GMe_F080_R1.txt,1,2,late,,1,199.12090217097284,199.12090217097284
A_OLD_CKPT_OLD_DATA,OLD,OLD,955,3,3,Methane,75.0,B5_GMe_F030_R1.txt,1,2,late,,1,77.74607991988904,77.74607991988904
A_OLD_CKPT_OLD_DATA,OLD,OLD,956,0,0,Ethanol,75.0,B5_GEa_F060_R2.txt,2,2,late,,1,73.34839460427382,73.34839460427382
A_OLD_CKPT_OLD_DATA,OLD,OLD,957,3,3,Methane,200.0,B5_GMe_F080_R1.txt,1,2,late,,1,200.51316999313437,200.51316999313437
A_OLD_CKPT_OLD_DATA,OLD,OLD,958,3,3,Methane,150.0,B5_GMe_F060_R2.txt,2,2,late,,1,154.53094708202025,154.53094708202025
A_OLD_CKPT_OLD_DATA,OLD,OLD,959,1,1,CO,200.0,B5_GCO_F080_R1.txt,1,2,late,,1,193.91100976832175,193.91100976832175
A_OLD_CKPT_OLD_DATA,OLD,OLD,960,0,0,Ethanol,25.0,B5_GEa_F020_R1.txt,1,2,late,,1,18.910302504695082,18.910302504695082
A_OLD_CKPT_OLD_DATA,OLD,OLD,961,2,2,Ethylene,50.0,B5_GEy_F040_R1.txt,1,2,late,,1,61.25218857512036,61.25218857512036
A_OLD_CKPT_OLD_DATA,OLD,OLD,962,0,0,Ethanol,62.5,B5_GEa_F050_R1.txt,1,2,late,,1,82.85362970500185,82.85362970500185
A_OLD_CKPT_OLD_DATA,OLD,OLD,963,2,2,Ethylene,62.5,B5_GEy_F050_R1.txt,1,2,late,,1,60.89646723777605,60.89646723777605
A_OLD_CKPT_OLD_DATA,OLD,OLD,964,1,1,CO,25.0,B5_GCO_F010_R2.txt,2,2,late,,1,25.0,25.0
A_OLD_CKPT_OLD_DATA,OLD,OLD,965,3,3,Methane,25.0,B5_GMe_F010_R2.txt,2,2,late,,1,25.946982739561722,25.946982739561722
A_OLD_CKPT_OLD_DATA,OLD,OLD,966,1,1,CO,150.0,B5_GCO_F060_R1.txt,1,2,late,,1,165.11728274634328,165.11728274634328
A_OLD_CKPT_OLD_DATA,OLD,OLD,967,1,1,CO,225.0,B5_GCO_F090_R1.txt,1,2,late,,1,181.13831659281996,181.13831659281996
A_OLD_CKPT_OLD_DATA,OLD,OLD,968,1,1,CO,25.0,B5_GCO_F010_R1.txt,1,2,late,,1,25.0,25.0
A_OLD_CKPT_OLD_DATA,OLD,OLD,969,0,0,Ethanol,62.5,B5_GEa_F050_R1.txt,1,2,late,,1,67.26853397312965,67.26853397312965
A_OLD_CKPT_OLD_DATA,OLD,OLD,970,3,3,Methane,50.0,B5_GMe_F020_R2.txt,2,2,late,,1,48.55300165728858,48.55300165728858
A_OLD_CKPT_OLD_DATA,OLD,OLD,971,0,2,Ethanol,37.5,B5_GEa_F030_R1.txt,1,2,late,,0,12.5,57.96698409758106
A_OLD_CKPT_OLD_DATA,OLD,OLD,972,1,1,CO,50.0,B5_GCO_F020_R2.txt,2,2,late,,1,42.87686459435299,42.87686459435299
A_OLD_CKPT_OLD_DATA,OLD,OLD,973,0,0,Ethanol,50.0,B5_GEa_F040_R1.txt,1,2,late,,1,45.658164947937976,45.658164947937976
A_OLD_CKPT_OLD_DATA,OLD,OLD,974,1,1,CO,150.0,B5_GCO_F060_R2.txt,2,2,late,,1,148.74923332099002,148.74923332099002
A_OLD_CKPT_OLD_DATA,OLD,OLD,975,3,3,Methane,100.0,B5_GMe_F040_R1.txt,1,2,late,,1,100.21665511148879,100.21665511148879
A_OLD_CKPT_OLD_DATA,OLD,OLD,976,0,0,Ethanol,112.5,B5_GEa_F090_R1.txt,1,2,late,,1,108.29818565144177,108.29818565144177
A_OLD_CKPT_OLD_DATA,OLD,OLD,977,2,2,Ethylene,100.0,B5_GEy_F080_R2.txt,2,2,late,,1,100.14437917662273,100.14437917662273
A_OLD_CKPT_OLD_DATA,OLD,OLD,978,0,0,Ethanol,12.5,B5_GEa_F010_R1.txt,1,2,late,,1,12.5,12.5
A_OLD_CKPT_OLD_DATA,OLD,OLD,979,3,3,Methane,25.0,B5_GMe_F010_R2.txt,2,2,late,,1,28.676625864109766,28.676625864109766
A_OLD_CKPT_OLD_DATA,OLD,OLD,980,1,1,CO,100.0,B5_GCO_F040_R2.txt,2,2,late,,1,98.70148928439343,98.70148928439343
A_OLD_CKPT_OLD_DATA,OLD,OLD,981,3,3,Methane,50.0,B5_GMe_F020_R2.txt,2,2,late,,1,48.500501875005575,48.500501875005575
A_OLD_CKPT_OLD_DATA,OLD,OLD,982,3,3,Methane,150.0,B5_GMe_F060_R1.txt,1,2,late,,1,151.75640046692808,151.75640046692808
A_OLD_CKPT_OLD_DATA,OLD,OLD,983,3,3,Methane,75.0,B5_GMe_F030_R1.txt,1,2,late,,1,78.89566702387914,78.89566702387914
A_OLD_CKPT_OLD_DATA,OLD,OLD,984,3,3,Methane,200.0,B5_GMe_F080_R1.txt,1,2,late,,1,211.66068897445763,211.66068897445763
A_OLD_CKPT_OLD_DATA,OLD,OLD,985,2,2,Ethylene,37.5,B5_GEy_F030_R2.txt,2,2,late,,1,35.02590893110164,35.02590893110164
A_OLD_CKPT_OLD_DATA,OLD,OLD,986,2,2,Ethylene,37.5,B5_GEy_F030_R1.txt,1,2,late,,1,39.77810935495552,39.77810935495552
A_OLD_CKPT_OLD_DATA,OLD,OLD,987,3,2,Methane,50.0,B5_GMe_F020_R2.txt,2,2,late,,0,12.5,42.98091042554476
A_OLD_CKPT_OLD_DATA,OLD,OLD,988,0,0,Ethanol,125.0,B5_GEa_F100_R1.txt,1,2,late,,1,116.15164760691259,116.15164760691259
A_OLD_CKPT_OLD_DATA,OLD,OLD,989,3,3,Methane,25.0,B5_GMe_F010_R1.txt,1,2,late,,1,27.15094627552872,27.15094627552872
A_OLD_CKPT_OLD_DATA,OLD,OLD,990,3,3,Methane,150.0,B5_GMe_F060_R2.txt,2,2,late,,1,151.86994572286602,151.86994572286602
A_OLD_CKPT_OLD_DATA,OLD,OLD,991,2,2,Ethylene,50.0,B5_GEy_F040_R1.txt,1,2,late,,1,41.49830361982181,41.49830361982181
A_OLD_CKPT_OLD_DATA,OLD,OLD,992,1,1,CO,75.0,B5_GCO_F030_R2.txt,2,2,late,,1,93.43417509576197,93.43417509576197
A_OLD_CKPT_OLD_DATA,OLD,OLD,993,1,1,CO,125.0,B5_GCO_F050_R1.txt,1,2,late,,1,143.3692493316493,143.3692493316493
A_OLD_CKPT_OLD_DATA,OLD,OLD,994,2,2,Ethylene,75.0,B5_GEy_F060_R2.txt,2,2,late,,1,74.77553398612008,74.77553398612008
A_OLD_CKPT_OLD_DATA,OLD,OLD,995,1,1,CO,175.0,B5_GCO_F070_R2.txt,2,2,late,,1,176.44140228110706,176.44140228110706
A_OLD_CKPT_OLD_DATA,OLD,OLD,996,1,1,CO,225.0,B5_GCO_F090_R1.txt,1,2,late,,1,213.28699938973253,213.28699938973253
A_OLD_CKPT_OLD_DATA,OLD,OLD,997,1,1,CO,250.0,B5_GCO_F100_R1.txt,1,2,late,,1,250.0,250.0
A_OLD_CKPT_OLD_DATA,OLD,OLD,998,3,3,Methane,100.0,B5_GMe_F040_R1.txt,1,2,late,,1,102.68130824168651,102.68130824168651
A_OLD_CKPT_OLD_DATA,OLD,OLD,999,3,3,Methane,25.0,B5_GMe_F010_R1.txt,1,2,late,,1,25.0,25.0
A_OLD_CKPT_OLD_DATA,OLD,OLD,1000,2,2,Ethylene,37.5,B5_GEy_F030_R1.txt,1,2,late,,1,32.21558483137122,32.21558483137122
A_OLD_CKPT_OLD_DATA,OLD,OLD,1001,1,1,CO,100.0,B5_GCO_F040_R2.txt,2,2,late,,1,112.88937193492308,112.88937193492308
A_OLD_CKPT_OLD_DATA,OLD,OLD,1002,1,1,CO,75.0,B5_GCO_F030_R2.txt,2,2,late,,1,99.68494402948528,99.68494402948528
A_OLD_CKPT_OLD_DATA,OLD,OLD,1003,2,2,Ethylene,75.0,B5_GEy_F060_R2.txt,2,2,late,,1,65.90986032923016,65.90986032923016
A_OLD_CKPT_OLD_DATA,OLD,OLD,1004,1,1,CO,200.0,B5_GCO_F080_R1.txt,1,2,late,,1,194.4448754833164,194.4448754833164
A_OLD_CKPT_OLD_DATA,OLD,OLD,1005,3,3,Methane,225.0,B5_GMe_F090_R1.txt,1,2,late,,1,223.0540164286042,223.0540164286042
A_OLD_CKPT_OLD_DATA,OLD,OLD,1006,0,0,Ethanol,12.5,B5_GEa_F010_R1.txt,1,2,late,,1,12.5,12.5
A_OLD_CKPT_OLD_DATA,OLD,OLD,1007,1,1,CO,150.0,B5_GCO_F060_R1.txt,1,2,late,,1,141.05903213081936,141.05903213081936
A_OLD_CKPT_OLD_DATA,OLD,OLD,1008,0,0,Ethanol,125.0,B5_GEa_F100_R1.txt,1,2,late,,1,124.77321837953949,124.77321837953949
A_OLD_CKPT_OLD_DATA,OLD,OLD,1009,0,0,Ethanol,87.5,B5_GEa_F070_R2.txt,2,2,late,,1,87.81333211299356,87.81333211299356
A_OLD_CKPT_OLD_DATA,OLD,OLD,1010,2,2,Ethylene,62.5,B5_GEy_F050_R1.txt,1,2,late,,1,62.72771816830459,62.72771816830459
A_OLD_CKPT_OLD_DATA,OLD,OLD,1011,1,1,CO,75.0,B5_GCO_F030_R1.txt,1,2,late,,1,78.45895304452785,78.45895304452785
A_OLD_CKPT_OLD_DATA,OLD,OLD,1012,0,0,Ethanol,50.0,B5_GEa_F040_R2.txt,2,2,late,,1,52.21774817302821,52.21774817302821
A_OLD_CKPT_OLD_DATA,OLD,OLD,1013,0,0,Ethanol,100.0,B5_GEa_F080_R2.txt,2,2,late,,1,102.52404437780322,102.52404437780322
A_OLD_CKPT_OLD_DATA,OLD,OLD,1014,1,1,CO,100.0,B5_GCO_F040_R1.txt,1,2,late,,1,96.85378978178892,96.85378978178892
A_OLD_CKPT_OLD_DATA,OLD,OLD,1015,1,1,CO,175.0,B5_GCO_F070_R2.txt,2,2,late,,1,164.5032598562026,164.5032598562026
A_OLD_CKPT_OLD_DATA,OLD,OLD,1016,1,1,CO,25.0,B5_GCO_F010_R1.txt,1,2,late,,1,25.0,25.0
A_OLD_CKPT_OLD_DATA,OLD,OLD,1017,3,3,Methane,200.0,B5_GMe_F080_R1.txt,1,2,late,,1,208.0775973176067,208.0775973176067
A_OLD_CKPT_OLD_DATA,OLD,OLD,1018,3,3,Methane,175.0,B5_GMe_F070_R1.txt,1,2,late,,1,167.63475599722193,167.63475599722193
A_OLD_CKPT_OLD_DATA,OLD,OLD,1019,1,1,CO,125.0,B5_GCO_F050_R1.txt,1,2,late,,1,119.81324848648879,119.81324848648879
A_OLD_CKPT_OLD_DATA,OLD,OLD,1020,3,3,Methane,225.0,B5_GMe_F090_R2.txt,2,2,late,,1,218.8708511816521,218.8708511816521
A_OLD_CKPT_OLD_DATA,OLD,OLD,1021,0,2,Ethanol,100.0,B5_GEa_F080_R1.txt,1,2,late,,0,12.5,94.63409132549307
A_OLD_CKPT_OLD_DATA,OLD,OLD,1022,0,0,Ethanol,100.0,B5_GEa_F080_R2.txt,2,2,late,,1,98.08180645506204,98.08180645506204
A_OLD_CKPT_OLD_DATA,OLD,OLD,1023,2,2,Ethylene,87.5,B5_GEy_F070_R2.txt,2,2,late,,1,94.79063743650678,94.79063743650678
A_OLD_CKPT_OLD_DATA,OLD,OLD,1024,0,2,Ethanol,12.5,B5_GEa_F010_R1.txt,1,2,late,,0,12.5,21.07443538021556
A_OLD_CKPT_OLD_DATA,OLD,OLD,1025,3,3,Methane,75.0,B5_GMe_F030_R2.txt,2,2,late,,1,72.85797661627007,72.85797661627007
A_OLD_CKPT_OLD_DATA,OLD,OLD,1026,0,0,Ethanol,87.5,B5_GEa_F070_R1.txt,1,2,late,,1,86.450717820325,86.450717820325
A_OLD_CKPT_OLD_DATA,OLD,OLD,1027,1,1,CO,225.0,B5_GCO_F090_R1.txt,1,2,late,,1,192.33060380435134,192.33060380435134
A_OLD_CKPT_OLD_DATA,OLD,OLD,1028,0,0,Ethanol,37.5,B5_GEa_F030_R1.txt,1,2,late,,1,42.99247676983634,42.99247676983634
A_OLD_CKPT_OLD_DATA,OLD,OLD,1029,3,3,Methane,175.0,B5_GMe_F070_R2.txt,2,2,late,,1,173.22715734121078,173.22715734121078
A_OLD_CKPT_OLD_DATA,OLD,OLD,1030,0,0,Ethanol,100.0,B5_GEa_F080_R1.txt,1,2,late,,1,82.26759216216361,82.26759216216361
A_OLD_CKPT_OLD_DATA,OLD,OLD,1031,1,1,CO,175.0,B5_GCO_F070_R2.txt,2,2,late,,1,178.80180924573003,178.80180924573003
A_OLD_CKPT_OLD_DATA,OLD,OLD,1032,0,0,Ethanol,25.0,B5_GEa_F020_R1.txt,1,2,late,,1,22.910035580000912,22.910035580000912
A_OLD_CKPT_OLD_DATA,OLD,OLD,1033,0,0,Ethanol,25.0,B5_GEa_F020_R2.txt,2,2,late,,1,24.085362829963202,24.085362829963202
A_OLD_CKPT_OLD_DATA,OLD,OLD,1034,1,1,CO,225.0,B5_GCO_F090_R1.txt,1,2,late,,1,179.279556742437,179.279556742437
A_OLD_CKPT_OLD_DATA,OLD,OLD,1035,0,0,Ethanol,12.5,B5_GEa_F010_R1.txt,1,2,late,,1,12.5,12.5
A_OLD_CKPT_OLD_DATA,OLD,OLD,1036,1,1,CO,175.0,B5_GCO_F070_R1.txt,1,2,late,,1,147.32182027654855,147.32182027654855
A_OLD_CKPT_OLD_DATA,OLD,OLD,1037,1,1,CO,25.0,B5_GCO_F010_R2.txt,2,2,late,,1,25.0,25.0
A_OLD_CKPT_OLD_DATA,OLD,OLD,1038,0,0,Ethanol,37.5,B5_GEa_F030_R1.txt,1,2,late,,1,35.41447874502045,35.41447874502045
A_OLD_CKPT_OLD_DATA,OLD,OLD,1039,0,0,Ethanol,100.0,B5_GEa_F080_R2.txt,2,2,late,,1,102.15150227801847,102.15150227801847
A_OLD_CKPT_OLD_DATA,OLD,OLD,1040,3,3,Methane,175.0,B5_GMe_F070_R1.txt,1,2,late,,1,175.23848573555503,175.23848573555503
A_OLD_CKPT_OLD_DATA,OLD,OLD,1041,0,0,Ethanol,125.0,B5_GEa_F100_R2.txt,2,2,late,,1,121.89514972402083,121.89514972402083
A_OLD_CKPT_OLD_DATA,OLD,OLD,1042,3,3,Methane,225.0,B5_GMe_F090_R1.txt,1,2,late,,1,213.1421349444253,213.1421349444253
A_OLD_CKPT_OLD_DATA,OLD,OLD,1043,0,0,Ethanol,75.0,B5_GEa_F060_R1.txt,1,2,late,,1,70.30037432706541,70.30037432706541
A_OLD_CKPT_OLD_DATA,OLD,OLD,1044,2,2,Ethylene,125.0,B5_GEy_F100_R2.txt,2,2,late,,1,122.28747089019907,122.28747089019907
A_OLD_CKPT_OLD_DATA,OLD,OLD,1045,1,1,CO,225.0,B5_GCO_F090_R2.txt,2,2,late,,1,210.07412012449677,210.07412012449677
A_OLD_CKPT_OLD_DATA,OLD,OLD,1046,3,3,Methane,75.0,B5_GMe_F030_R1.txt,1,2,late,,1,72.0013354654209,72.0013354654209
A_OLD_CKPT_OLD_DATA,OLD,OLD,1047,1,1,CO,50.0,B5_GCO_F020_R2.txt,2,2,late,,1,45.02597747277465,45.02597747277465
A_OLD_CKPT_OLD_DATA,OLD,OLD,1048,0,0,Ethanol,100.0,B5_GEa_F080_R1.txt,1,2,late,,1,94.95337185498775,94.95337185498775
A_OLD_CKPT_OLD_DATA,OLD,OLD,1049,1,1,CO,225.0,B5_GCO_F090_R1.txt,1,2,late,,1,210.17693078955787,210.17693078955787
A_OLD_CKPT_OLD_DATA,OLD,OLD,1050,0,0,Ethanol,75.0,B5_GEa_F060_R2.txt,2,2,late,,1,66.5904895878556,66.5904895878556
A_OLD_CKPT_OLD_DATA,OLD,OLD,1051,3,3,Methane,225.0,B5_GMe_F090_R2.txt,2,2,late,,1,230.5799308312292,230.5799308312292
A_OLD_CKPT_OLD_DATA,OLD,OLD,1052,1,1,CO,100.0,B5_GCO_F040_R2.txt,2,2,late,,1,111.08556705181059,111.08556705181059
A_OLD_CKPT_OLD_DATA,OLD,OLD,1053,0,0,Ethanol,125.0,B5_GEa_F100_R1.txt,1,2,late,,1,106.22311364069166,106.22311364069166
A_OLD_CKPT_OLD_DATA,OLD,OLD,1054,3,3,Methane,50.0,B5_GMe_F020_R2.txt,2,2,late,,1,42.64697199342357,42.64697199342357
A_OLD_CKPT_OLD_DATA,OLD,OLD,1055,1,1,CO,250.0,B5_GCO_F100_R1.txt,1,2,late,,1,250.0,250.0
A_OLD_CKPT_OLD_DATA,OLD,OLD,1056,2,2,Ethylene,125.0,B5_GEy_F100_R1.txt,1,2,late,,1,120.34700800655705,120.34700800655705
A_OLD_CKPT_OLD_DATA,OLD,OLD,1057,0,0,Ethanol,75.0,B5_GEa_F060_R2.txt,2,2,late,,1,67.42471643393029,67.42471643393029
A_OLD_CKPT_OLD_DATA,OLD,OLD,1058,2,2,Ethylene,12.5,B5_GEy_F010_R2.txt,2,2,late,,1,12.5,12.5
A_OLD_CKPT_OLD_DATA,OLD,OLD,1059,2,2,Ethylene,100.0,B5_GEy_F080_R1.txt,1,2,late,,1,99.76535180401308,99.76535180401308
A_OLD_CKPT_OLD_DATA,OLD,OLD,1060,3,3,Methane,75.0,B5_GMe_F030_R2.txt,2,2,late,,1,79.32056972758588,79.32056972758588
A_OLD_CKPT_OLD_DATA,OLD,OLD,1061,3,3,Methane,175.0,B5_GMe_F070_R2.txt,2,2,late,,1,169.833506136881,169.833506136881
A_OLD_CKPT_OLD_DATA,OLD,OLD,1062,0,0,Ethanol,100.0,B5_GEa_F080_R2.txt,2,2,late,,1,104.20335859038067,104.20335859038067
A_OLD_CKPT_OLD_DATA,OLD,OLD,1063,0,0,Ethanol,37.5,B5_GEa_F030_R2.txt,2,2,late,,1,97.83069901931688,97.83069901931688
A_OLD_CKPT_OLD_DATA,OLD,OLD,1064,2,2,Ethylene,100.0,B5_GEy_F080_R2.txt,2,2,late,,1,102.46439912895057,102.46439912895057
A_OLD_CKPT_OLD_DATA,OLD,OLD,1065,0,0,Ethanol,100.0,B5_GEa_F080_R2.txt,2,2,late,,1,102.2290667466007,102.2290667466007
A_OLD_CKPT_OLD_DATA,OLD,OLD,1066,2,2,Ethylene,112.5,B5_GEy_F090_R1.txt,1,2,late,,1,113.4827166950966,113.4827166950966
A_OLD_CKPT_OLD_DATA,OLD,OLD,1067,3,3,Methane,150.0,B5_GMe_F060_R1.txt,1,2,late,,1,159.0036661119322,159.0036661119322
A_OLD_CKPT_OLD_DATA,OLD,OLD,1068,2,2,Ethylene,12.5,B5_GEy_F010_R1.txt,1,2,late,,1,12.5,12.5
A_OLD_CKPT_OLD_DATA,OLD,OLD,1069,2,2,Ethylene,87.5,B5_GEy_F070_R2.txt,2,2,late,,1,70.39539751661799,70.39539751661799
A_OLD_CKPT_OLD_DATA,OLD,OLD,1070,1,1,CO,25.0,B5_GCO_F010_R1.txt,1,2,late,,1,25.0,25.0
A_OLD_CKPT_OLD_DATA,OLD,OLD,1071,3,3,Methane,175.0,B5_GMe_F070_R2.txt,2,2,late,,1,174.9789736976175,174.9789736976175
A_OLD_CKPT_OLD_DATA,OLD,OLD,1072,3,3,Methane,100.0,B5_GMe_F040_R2.txt,2,2,late,,1,99.70802522423509,99.70802522423509
A_OLD_CKPT_OLD_DATA,OLD,OLD,1073,0,0,Ethanol,112.5,B5_GEa_F090_R2.txt,2,2,late,,1,107.03692103631651,107.03692103631651
A_OLD_CKPT_OLD_DATA,OLD,OLD,1074,0,0,Ethanol,125.0,B5_GEa_F100_R2.txt,2,2,late,,1,125.0,125.0
A_OLD_CKPT_OLD_DATA,OLD,OLD,1075,3,3,Methane,250.0,B5_GMe_F100_R1.txt,1,2,late,,1,244.01614484848585,244.01614484848585
A_OLD_CKPT_OLD_DATA,OLD,OLD,1076,0,0,Ethanol,12.5,B5_GEa_F010_R1.txt,1,2,late,,1,12.5,12.5
A_OLD_CKPT_OLD_DATA,OLD,OLD,1077,1,1,CO,225.0,B5_GCO_F090_R2.txt,2,2,late,,1,215.4554429157649,215.4554429157649
A_OLD_CKPT_OLD_DATA,OLD,OLD,1078,0,0,Ethanol,87.5,B5_GEa_F070_R2.txt,2,2,late,,1,92.5251079704866,92.5251079704866
A_OLD_CKPT_OLD_DATA,OLD,OLD,1079,2,2,Ethylene,25.0,B5_GEy_F020_R1.txt,1,2,late,,1,24.476225059349545,24.476225059349545
A_OLD_CKPT_OLD_DATA,OLD,OLD,1080,1,1,CO,50.0,B5_GCO_F020_R2.txt,2,2,late,,1,63.0871345735137,63.0871345735137
A_OLD_CKPT_OLD_DATA,OLD,OLD,1081,0,0,Ethanol,112.5,B5_GEa_F090_R1.txt,1,2,late,,1,108.33044554337505,108.33044554337505
A_OLD_CKPT_OLD_DATA,OLD,OLD,1082,2,2,Ethylene,25.0,B5_GEy_F020_R1.txt,1,2,late,,1,29.030409212609797,29.030409212609797
A_OLD_CKPT_OLD_DATA,OLD,OLD,1083,1,1,CO,75.0,B5_GCO_F030_R1.txt,1,2,late,,1,88.62502959865566,88.62502959865566
A_OLD_CKPT_OLD_DATA,OLD,OLD,1084,3,3,Methane,200.0,B5_GMe_F080_R1.txt,1,2,late,,1,190.04588029762536,190.04588029762536
A_OLD_CKPT_OLD_DATA,OLD,OLD,1085,3,3,Methane,225.0,B5_GMe_F090_R2.txt,2,2,late,,1,217.33863378197458,217.33863378197458
A_OLD_CKPT_OLD_DATA,OLD,OLD,1086,2,2,Ethylene,87.5,B5_GEy_F070_R1.txt,1,2,late,,1,82.57213223244952,82.57213223244952
A_OLD_CKPT_OLD_DATA,OLD,OLD,1087,1,1,CO,225.0,B5_GCO_F090_R1.txt,1,2,late,,1,177.0124860808868,177.0124860808868
A_OLD_CKPT_OLD_DATA,OLD,OLD,1088,3,3,Methane,50.0,B5_GMe_F020_R1.txt,1,2,late,,1,46.9618510173445,46.9618510173445
A_OLD_CKPT_OLD_DATA,OLD,OLD,1089,3,3,Methane,25.0,B5_GMe_F010_R2.txt,2,2,late,,1,25.656197195060578,25.656197195060578
A_OLD_CKPT_OLD_DATA,OLD,OLD,1090,3,3,Methane,150.0,B5_GMe_F060_R1.txt,1,2,late,,1,152.54232687052578,152.54232687052578
A_OLD_CKPT_OLD_DATA,OLD,OLD,1091,3,3,Methane,200.0,B5_GMe_F080_R2.txt,2,2,late,,1,197.02745588558935,197.02745588558935
A_OLD_CKPT_OLD_DATA,OLD,OLD,1092,3,3,Methane,125.0,B5_GMe_F050_R1.txt,1,2,late,,1,135.52168657752094,135.52168657752094
A_OLD_CKPT_OLD_DATA,OLD,OLD,1093,0,0,Ethanol,50.0,B5_GEa_F040_R1.txt,1,2,late,,1,46.8953768062305,46.8953768062305
A_OLD_CKPT_OLD_DATA,OLD,OLD,1094,3,3,Methane,225.0,B5_GMe_F090_R1.txt,1,2,late,,1,221.9538173393022,221.9538173393022
A_OLD_CKPT_OLD_DATA,OLD,OLD,1095,2,2,Ethylene,112.5,B5_GEy_F090_R1.txt,1,2,late,,1,115.0455321373098,115.0455321373098
A_OLD_CKPT_OLD_DATA,OLD,OLD,1096,3,3,Methane,250.0,B5_GMe_F100_R2.txt,2,2,late,,1,226.71876583435602,226.71876583435602
A_OLD_CKPT_OLD_DATA,OLD,OLD,1097,1,1,CO,25.0,B5_GCO_F010_R2.txt,2,2,late,,1,25.0,25.0
A_OLD_CKPT_OLD_DATA,OLD,OLD,1098,3,3,Methane,125.0,B5_GMe_F050_R1.txt,1,2,late,,1,123.10205926270685,123.10205926270685
A_OLD_CKPT_OLD_DATA,OLD,OLD,1099,1,1,CO,25.0,B5_GCO_F010_R1.txt,1,2,late,,1,25.0,25.0
A_OLD_CKPT_OLD_DATA,OLD,OLD,1100,2,2,Ethylene,62.5,B5_GEy_F050_R1.txt,1,2,late,,1,56.46606924778669,56.46606924778669
A_OLD_CKPT_OLD_DATA,OLD,OLD,1101,0,0,Ethanol,87.5,B5_GEa_F070_R2.txt,2,2,late,,1,92.37710367673765,92.37710367673765
A_OLD_CKPT_OLD_DATA,OLD,OLD,1102,0,0,Ethanol,125.0,B5_GEa_F100_R2.txt,2,2,late,,1,118.89956588932307,118.89956588932307
A_OLD_CKPT_OLD_DATA,OLD,OLD,1103,2,2,Ethylene,37.5,B5_GEy_F030_R2.txt,2,2,late,,1,36.86040317300896,36.86040317300896
A_OLD_CKPT_OLD_DATA,OLD,OLD,1104,0,0,Ethanol,75.0,B5_GEa_F060_R2.txt,2,2,late,,1,60.00942193130231,60.00942193130231
A_OLD_CKPT_OLD_DATA,OLD,OLD,1105,3,3,Methane,25.0,B5_GMe_F010_R2.txt,2,2,late,,1,25.0,25.0
A_OLD_CKPT_OLD_DATA,OLD,OLD,1106,0,0,Ethanol,62.5,B5_GEa_F050_R1.txt,1,2,late,,1,76.76108434447681,76.76108434447681
A_OLD_CKPT_OLD_DATA,OLD,OLD,1107,0,0,Ethanol,87.5,B5_GEa_F070_R2.txt,2,2,late,,1,90.22642415582271,90.22642415582271
A_OLD_CKPT_OLD_DATA,OLD,OLD,1108,1,1,CO,125.0,B5_GCO_F050_R2.txt,2,2,late,,1,113.6843060589198,113.6843060589198
A_OLD_CKPT_OLD_DATA,OLD,OLD,1109,0,0,Ethanol,112.5,B5_GEa_F090_R1.txt,1,2,late,,1,100.17967106892507,100.17967106892507
A_OLD_CKPT_OLD_DATA,OLD,OLD,1110,1,1,CO,225.0,B5_GCO_F090_R1.txt,1,2,late,,1,192.69314800551462,192.69314800551462
A_OLD_CKPT_OLD_DATA,OLD,OLD,1111,3,3,Methane,200.0,B5_GMe_F080_R1.txt,1,2,late,,1,203.4103445694843,203.4103445694843
A_OLD_CKPT_OLD_DATA,OLD,OLD,1112,3,3,Methane,125.0,B5_GMe_F050_R2.txt,2,2,late,,1,127.58849248904842,127.58849248904842
A_OLD_CKPT_OLD_DATA,OLD,OLD,1113,2,2,Ethylene,125.0,B5_GEy_F100_R1.txt,1,2,late,,1,125.0,125.0
A_OLD_CKPT_OLD_DATA,OLD,OLD,1114,2,2,Ethylene,50.0,B5_GEy_F040_R1.txt,1,2,late,,1,51.932425128393504,51.932425128393504
A_OLD_CKPT_OLD_DATA,OLD,OLD,1115,2,2,Ethylene,112.5,B5_GEy_F090_R1.txt,1,2,late,,1,116.59838665662977,116.59838665662977
A_OLD_CKPT_OLD_DATA,OLD,OLD,1116,0,0,Ethanol,112.5,B5_GEa_F090_R1.txt,1,2,late,,1,114.49437885660303,114.49437885660303
A_OLD_CKPT_OLD_DATA,OLD,OLD,1117,0,0,Ethanol,12.5,B5_GEa_F010_R2.txt,2,2,late,,1,12.5,12.5
A_OLD_CKPT_OLD_DATA,OLD,OLD,1118,2,2,Ethylene,37.5,B5_GEy_F030_R2.txt,2,2,late,,1,34.982091393414336,34.982091393414336
A_OLD_CKPT_OLD_DATA,OLD,OLD,1119,0,2,Ethanol,50.0,B5_GEa_F040_R1.txt,1,2,late,,0,12.5,64.13658640445462
A_OLD_CKPT_OLD_DATA,OLD,OLD,1120,0,0,Ethanol,12.5,B5_GEa_F010_R2.txt,2,2,late,,1,14.991455276131703,14.991455276131703
A_OLD_CKPT_OLD_DATA,OLD,OLD,1121,0,0,Ethanol,112.5,B5_GEa_F090_R1.txt,1,2,late,,1,112.38399998640871,112.38399998640871
A_OLD_CKPT_OLD_DATA,OLD,OLD,1122,2,2,Ethylene,100.0,B5_GEy_F080_R1.txt,1,2,late,,1,96.8971633724367,96.8971633724367
A_OLD_CKPT_OLD_DATA,OLD,OLD,1123,2,2,Ethylene,75.0,B5_GEy_F060_R1.txt,1,2,late,,1,80.48827029825492,80.48827029825492
A_OLD_CKPT_OLD_DATA,OLD,OLD,1124,0,0,Ethanol,50.0,B5_GEa_F040_R1.txt,1,2,late,,1,48.685270175799104,48.685270175799104
A_OLD_CKPT_OLD_DATA,OLD,OLD,1125,0,0,Ethanol,112.5,B5_GEa_F090_R2.txt,2,2,late,,1,105.21299546274454,105.21299546274454
A_OLD_CKPT_OLD_DATA,OLD,OLD,1126,0,0,Ethanol,112.5,B5_GEa_F090_R1.txt,1,2,late,,1,111.8270918882625,111.8270918882625
A_OLD_CKPT_OLD_DATA,OLD,OLD,1127,1,1,CO,175.0,B5_GCO_F070_R1.txt,1,2,late,,1,190.03188428409737,190.03188428409737
A_OLD_CKPT_OLD_DATA,OLD,OLD,1128,2,2,Ethylene,50.0,B5_GEy_F040_R1.txt,1,2,late,,1,53.73951243550701,53.73951243550701
A_OLD_CKPT_OLD_DATA,OLD,OLD,1129,2,2,Ethylene,125.0,B5_GEy_F100_R1.txt,1,2,late,,1,121.02568222921806,121.02568222921806
A_OLD_CKPT_OLD_DATA,OLD,OLD,1130,2,2,Ethylene,12.5,B5_GEy_F010_R2.txt,2,2,late,,1,12.5,12.5
A_OLD_CKPT_OLD_DATA,OLD,OLD,1131,2,2,Ethylene,75.0,B5_GEy_F060_R2.txt,2,2,late,,1,60.21003436847282,60.21003436847282
A_OLD_CKPT_OLD_DATA,OLD,OLD,1132,0,0,Ethanol,62.5,B5_GEa_F050_R1.txt,1,2,late,,1,67.56919769966444,67.56919769966444
A_OLD_CKPT_OLD_DATA,OLD,OLD,1133,3,3,Methane,200.0,B5_GMe_F080_R2.txt,2,2,late,,1,201.96984872731113,201.96984872731113
A_OLD_CKPT_OLD_DATA,OLD,OLD,1134,2,2,Ethylene,12.5,B5_GEy_F010_R2.txt,2,2,late,,1,12.5,12.5
A_OLD_CKPT_OLD_DATA,OLD,OLD,1135,2,2,Ethylene,87.5,B5_GEy_F070_R1.txt,1,2,late,,1,85.29373363482327,85.29373363482327
A_OLD_CKPT_OLD_DATA,OLD,OLD,1136,0,0,Ethanol,50.0,B5_GEa_F040_R1.txt,1,2,late,,1,47.105783324609185,47.105783324609185
A_OLD_CKPT_OLD_DATA,OLD,OLD,1137,1,1,CO,175.0,B5_GCO_F070_R1.txt,1,2,late,,1,160.09193705677106,160.09193705677106
A_OLD_CKPT_OLD_DATA,OLD,OLD,1138,0,0,Ethanol,37.5,B5_GEa_F030_R2.txt,2,2,late,,1,35.47044624690445,35.47044624690445
A_OLD_CKPT_OLD_DATA,OLD,OLD,1139,1,1,CO,225.0,B5_GCO_F090_R1.txt,1,2,late,,1,217.94111687350122,217.94111687350122
A_OLD_CKPT_OLD_DATA,OLD,OLD,1140,0,0,Ethanol,87.5,B5_GEa_F070_R2.txt,2,2,late,,1,88.96598805660591,88.96598805660591
A_OLD_CKPT_OLD_DATA,OLD,OLD,1141,0,0,Ethanol,25.0,B5_GEa_F020_R2.txt,2,2,late,,1,25.746222911108624,25.746222911108624
A_OLD_CKPT_OLD_DATA,OLD,OLD,1142,2,2,Ethylene,50.0,B5_GEy_F040_R1.txt,1,2,late,,1,50.24882293309878,50.24882293309878
A_OLD_CKPT_OLD_DATA,OLD,OLD,1143,1,1,CO,100.0,B5_GCO_F040_R1.txt,1,2,late,,1,115.36896692982585,115.36896692982585
A_OLD_CKPT_OLD_DATA,OLD,OLD,1144,1,1,CO,100.0,B5_GCO_F040_R2.txt,2,2,late,,1,104.0509746533976,104.0509746533976
A_OLD_CKPT_OLD_DATA,OLD,OLD,1145,0,0,Ethanol,25.0,B5_GEa_F020_R2.txt,2,2,late,,1,26.58771300656423,26.58771300656423
A_OLD_CKPT_OLD_DATA,OLD,OLD,1146,1,1,CO,125.0,B5_GCO_F050_R1.txt,1,2,late,,1,135.95638139917293,135.95638139917293
A_OLD_CKPT_OLD_DATA,OLD,OLD,1147,1,1,CO,25.0,B5_GCO_F010_R2.txt,2,2,late,,1,25.0,25.0
A_OLD_CKPT_OLD_DATA,OLD,OLD,1148,1,1,CO,100.0,B5_GCO_F040_R2.txt,2,2,late,,1,107.6090520670529,107.6090520670529
A_OLD_CKPT_OLD_DATA,OLD,OLD,1149,1,1,CO,25.0,B5_GCO_F010_R1.txt,1,2,late,,1,25.0,25.0
A_OLD_CKPT_OLD_DATA,OLD,OLD,1150,0,0,Ethanol,100.0,B5_GEa_F080_R1.txt,1,2,late,,1,93.91548868588552,93.91548868588552
A_OLD_CKPT_OLD_DATA,OLD,OLD,1151,2,2,Ethylene,12.5,B5_GEy_F010_R2.txt,2,2,late,,1,12.5,12.5
A_OLD_CKPT_OLD_DATA,OLD,OLD,1152,3,3,Methane,250.0,B5_GMe_F100_R2.txt,2,2,late,,1,245.64508402507656,245.64508402507656
A_OLD_CKPT_OLD_DATA,OLD,OLD,1153,3,3,Methane,125.0,B5_GMe_F050_R1.txt,1,2,late,,1,131.42107827999598,131.42107827999598
A_OLD_CKPT_OLD_DATA,OLD,OLD,1154,2,2,Ethylene,25.0,B5_GEy_F020_R2.txt,2,2,late,,1,26.4757282132243,26.4757282132243
A_OLD_CKPT_OLD_DATA,OLD,OLD,1155,3,3,Methane,200.0,B5_GMe_F080_R1.txt,1,2,late,,1,201.24570701645314,201.24570701645314
A_OLD_CKPT_OLD_DATA,OLD,OLD,1156,3,3,Methane,50.0,B5_GMe_F020_R2.txt,2,2,late,,1,47.742268939218214,47.742268939218214
A_OLD_CKPT_OLD_DATA,OLD,OLD,1157,0,0,Ethanol,12.5,B5_GEa_F010_R1.txt,1,2,late,,1,12.5,12.5
A_OLD_CKPT_OLD_DATA,OLD,OLD,1158,1,1,CO,50.0,B5_GCO_F020_R2.txt,2,2,late,,1,53.90091487521831,53.90091487521831
A_OLD_CKPT_OLD_DATA,OLD,OLD,1159,0,0,Ethanol,50.0,B5_GEa_F040_R1.txt,1,2,late,,1,44.52633082077927,44.52633082077927
A_OLD_CKPT_OLD_DATA,OLD,OLD,1160,0,0,Ethanol,37.5,B5_GEa_F030_R1.txt,1,2,late,,1,36.4890590865518,36.4890590865518
A_OLD_CKPT_OLD_DATA,OLD,OLD,1161,0,0,Ethanol,62.5,B5_GEa_F050_R1.txt,1,2,late,,1,94.32289600731443,94.32289600731443
A_OLD_CKPT_OLD_DATA,OLD,OLD,1162,0,0,Ethanol,87.5,B5_GEa_F070_R1.txt,1,2,late,,1,87.74039565568945,87.74039565568945
A_OLD_CKPT_OLD_DATA,OLD,OLD,1163,0,0,Ethanol,37.5,B5_GEa_F030_R2.txt,2,2,late,,1,125.0,125.0
A_OLD_CKPT_OLD_DATA,OLD,OLD,1164,2,2,Ethylene,37.5,B5_GEy_F030_R2.txt,2,2,late,,1,33.740217685145126,33.740217685145126
A_OLD_CKPT_OLD_DATA,OLD,OLD,1165,1,1,CO,250.0,B5_GCO_F100_R2.txt,2,2,late,,1,250.0,250.0
A_OLD_CKPT_OLD_DATA,OLD,OLD,1166,3,3,Methane,150.0,B5_GMe_F060_R1.txt,1,2,late,,1,150.47763611893456,150.47763611893456
A_OLD_CKPT_OLD_DATA,OLD,OLD,1167,1,1,CO,125.0,B5_GCO_F050_R2.txt,2,2,late,,1,136.03080824410898,136.03080824410898
A_OLD_CKPT_OLD_DATA,OLD,OLD,1168,3,3,Methane,125.0,B5_GMe_F050_R1.txt,1,2,late,,1,131.25762203816677,131.25762203816677
A_OLD_CKPT_OLD_DATA,OLD,OLD,1169,3,3,Methane,150.0,B5_GMe_F060_R2.txt,2,2,late,,1,158.6713912763276,158.6713912763276
A_OLD_CKPT_OLD_DATA,OLD,OLD,1170,2,2,Ethylene,87.5,B5_GEy_F070_R1.txt,1,2,late,,1,77.86164100106342,77.86164100106342
A_OLD_CKPT_OLD_DATA,OLD,OLD,1171,0,0,Ethanol,37.5,B5_GEa_F030_R1.txt,1,2,late,,1,38.68209955649465,38.68209955649465
A_OLD_CKPT_OLD_DATA,OLD,OLD,1172,3,3,Methane,250.0,B5_GMe_F100_R2.txt,2,2,late,,1,239.40758410539993,239.40758410539993
A_OLD_CKPT_OLD_DATA,OLD,OLD,1173,1,1,CO,200.0,B5_GCO_F080_R1.txt,1,2,late,,1,201.83840831166557,201.83840831166557
A_OLD_CKPT_OLD_DATA,OLD,OLD,1174,3,3,Methane,200.0,B5_GMe_F080_R2.txt,2,2,late,,1,187.47958669709487,187.47958669709487
A_OLD_CKPT_OLD_DATA,OLD,OLD,1175,2,2,Ethylene,75.0,B5_GEy_F060_R1.txt,1,2,late,,1,75.79281642120034,75.79281642120034
A_OLD_CKPT_OLD_DATA,OLD,OLD,1176,1,1,CO,225.0,B5_GCO_F090_R2.txt,2,2,late,,1,212.8965997620878,212.8965997620878
A_OLD_CKPT_OLD_DATA,OLD,OLD,1177,1,1,CO,200.0,B5_GCO_F080_R2.txt,2,2,late,,1,165.49970782385518,165.49970782385518
A_OLD_CKPT_OLD_DATA,OLD,OLD,1178,3,3,Methane,225.0,B5_GMe_F090_R1.txt,1,2,late,,1,215.4802111934819,215.4802111934819
A_OLD_CKPT_OLD_DATA,OLD,OLD,1179,3,3,Methane,250.0,B5_GMe_F100_R1.txt,1,2,late,,1,233.7694421453802,233.7694421453802
A_OLD_CKPT_OLD_DATA,OLD,OLD,1180,2,2,Ethylene,37.5,B5_GEy_F030_R1.txt,1,2,late,,1,36.687449116568075,36.687449116568075
A_OLD_CKPT_OLD_DATA,OLD,OLD,1181,1,1,CO,175.0,B5_GCO_F070_R2.txt,2,2,late,,1,171.62631928011191,171.62631928011191
A_OLD_CKPT_OLD_DATA,OLD,OLD,1182,0,0,Ethanol,100.0,B5_GEa_F080_R1.txt,1,2,late,,1,93.711594688874,93.711594688874
A_OLD_CKPT_OLD_DATA,OLD,OLD,1183,0,0,Ethanol,62.5,B5_GEa_F050_R1.txt,1,2,late,,1,67.70278445298322,67.70278445298322
A_OLD_CKPT_OLD_DATA,OLD,OLD,1184,2,2,Ethylene,62.5,B5_GEy_F050_R1.txt,1,2,late,,1,61.52030097651003,61.52030097651003
A_OLD_CKPT_OLD_DATA,OLD,OLD,1185,1,1,CO,75.0,B5_GCO_F030_R2.txt,2,2,late,,1,90.41575630225988,90.41575630225988
A_OLD_CKPT_OLD_DATA,OLD,OLD,1186,1,1,CO,225.0,B5_GCO_F090_R1.txt,1,2,late,,1,216.81600131643935,216.81600131643935
A_OLD_CKPT_OLD_DATA,OLD,OLD,1187,2,2,Ethylene,125.0,B5_GEy_F100_R1.txt,1,2,late,,1,111.8028249344193,111.8028249344193
A_OLD_CKPT_OLD_DATA,OLD,OLD,1188,3,3,Methane,200.0,B5_GMe_F080_R2.txt,2,2,late,,1,203.3239763181958,203.3239763181958
A_OLD_CKPT_OLD_DATA,OLD,OLD,1189,2,2,Ethylene,112.5,B5_GEy_F090_R2.txt,2,2,late,,1,116.26734231080957,116.26734231080957
A_OLD_CKPT_OLD_DATA,OLD,OLD,1190,3,3,Methane,100.0,B5_GMe_F040_R2.txt,2,2,late,,1,99.93785333596836,99.93785333596836
A_OLD_CKPT_OLD_DATA,OLD,OLD,1191,1,1,CO,100.0,B5_GCO_F040_R2.txt,2,2,late,,1,138.41702689217,138.41702689217
A_OLD_CKPT_OLD_DATA,OLD,OLD,1192,1,1,CO,50.0,B5_GCO_F020_R1.txt,1,2,late,,1,40.084559332799074,40.084559332799074
A_OLD_CKPT_OLD_DATA,OLD,OLD,1193,0,0,Ethanol,62.5,B5_GEa_F050_R2.txt,2,2,late,,1,65.86590085085147,65.86590085085147
A_OLD_CKPT_OLD_DATA,OLD,OLD,1194,1,1,CO,225.0,B5_GCO_F090_R1.txt,1,2,late,,1,223.83233059891103,223.83233059891103
A_OLD_CKPT_OLD_DATA,OLD,OLD,1195,3,3,Methane,250.0,B5_GMe_F100_R2.txt,2,2,late,,1,243.7382449288648,243.7382449288648
A_OLD_CKPT_OLD_DATA,OLD,OLD,1196,3,3,Methane,100.0,B5_GMe_F040_R2.txt,2,2,late,,1,92.64621516494046,92.64621516494046
A_OLD_CKPT_OLD_DATA,OLD,OLD,1197,1,1,CO,150.0,B5_GCO_F060_R1.txt,1,2,late,,1,162.67840791601685,162.67840791601685
A_OLD_CKPT_OLD_DATA,OLD,OLD,1198,0,0,Ethanol,12.5,B5_GEa_F010_R1.txt,1,2,late,,1,12.5,12.5
A_OLD_CKPT_OLD_DATA,OLD,OLD,1199,1,1,CO,250.0,B5_GCO_F100_R2.txt,2,2,late,,1,220.2321373861211,220.2321373861211
A_OLD_CKPT_OLD_DATA,OLD,OLD,1200,2,2,Ethylene,37.5,B5_GEy_F030_R1.txt,1,2,late,,1,37.660207851192695,37.660207851192695
A_OLD_CKPT_OLD_DATA,OLD,OLD,1201,0,0,Ethanol,37.5,B5_GEa_F030_R2.txt,2,2,late,,1,38.566298368478755,38.566298368478755
A_OLD_CKPT_OLD_DATA,OLD,OLD,1202,1,1,CO,200.0,B5_GCO_F080_R1.txt,1,2,late,,1,202.52500190601387,202.52500190601387
A_OLD_CKPT_OLD_DATA,OLD,OLD,1203,1,1,CO,175.0,B5_GCO_F070_R1.txt,1,2,late,,1,132.81276494268093,132.81276494268093
A_OLD_CKPT_OLD_DATA,OLD,OLD,1204,2,2,Ethylene,75.0,B5_GEy_F060_R2.txt,2,2,late,,1,76.25614035058587,76.25614035058587
A_OLD_CKPT_OLD_DATA,OLD,OLD,1205,3,3,Methane,250.0,B5_GMe_F100_R1.txt,1,2,late,,1,236.01776651400374,236.01776651400374
A_OLD_CKPT_OLD_DATA,OLD,OLD,1206,2,2,Ethylene,100.0,B5_GEy_F080_R2.txt,2,2,late,,1,96.76492927273185,96.76492927273185
A_OLD_CKPT_OLD_DATA,OLD,OLD,1207,1,1,CO,125.0,B5_GCO_F050_R2.txt,2,2,late,,1,132.23279926272693,132.23279926272693
A_OLD_CKPT_OLD_DATA,OLD,OLD,1208,1,1,CO,250.0,B5_GCO_F100_R2.txt,2,2,late,,1,223.9014291489036,223.9014291489036
A_OLD_CKPT_OLD_DATA,OLD,OLD,1209,3,3,Methane,225.0,B5_GMe_F090_R2.txt,2,2,late,,1,225.97836904159533,225.97836904159533
A_OLD_CKPT_OLD_DATA,OLD,OLD,1210,1,1,CO,250.0,B5_GCO_F100_R2.txt,2,2,late,,1,247.83721977396806,247.83721977396806
A_OLD_CKPT_OLD_DATA,OLD,OLD,1211,2,2,Ethylene,50.0,B5_GEy_F040_R1.txt,1,2,late,,1,50.430091419188045,50.430091419188045
A_OLD_CKPT_OLD_DATA,OLD,OLD,1212,0,0,Ethanol,125.0,B5_GEa_F100_R2.txt,2,2,late,,1,122.88544770385519,122.88544770385519
A_OLD_CKPT_OLD_DATA,OLD,OLD,1213,1,1,CO,25.0,B5_GCO_F010_R1.txt,1,2,late,,1,27.350177729090547,27.350177729090547
A_OLD_CKPT_OLD_DATA,OLD,OLD,1214,3,3,Methane,50.0,B5_GMe_F020_R1.txt,1,2,late,,1,53.57174594538026,53.57174594538026
A_OLD_CKPT_OLD_DATA,OLD,OLD,1215,1,1,CO,25.0,B5_GCO_F010_R2.txt,2,2,late,,1,25.0,25.0
A_OLD_CKPT_OLD_DATA,OLD,OLD,1216,1,1,CO,250.0,B5_GCO_F100_R1.txt,1,2,late,,1,237.09562046193832,237.09562046193832
A_OLD_CKPT_OLD_DATA,OLD,OLD,1217,3,3,Methane,225.0,B5_GMe_F090_R1.txt,1,2,late,,1,222.4316387482897,222.4316387482897
A_OLD_CKPT_OLD_DATA,OLD,OLD,1218,3,3,Methane,25.0,B5_GMe_F010_R2.txt,2,2,late,,1,32.06249224809774,32.06249224809774
A_OLD_CKPT_OLD_DATA,OLD,OLD,1219,2,2,Ethylene,125.0,B5_GEy_F100_R2.txt,2,2,late,,1,117.06457907556583,117.06457907556583
A_OLD_CKPT_OLD_DATA,OLD,OLD,1220,2,2,Ethylene,62.5,B5_GEy_F050_R1.txt,1,2,late,,1,62.36197441639891,62.36197441639891
A_OLD_CKPT_OLD_DATA,OLD,OLD,1221,0,0,Ethanol,37.5,B5_GEa_F030_R2.txt,2,2,late,,1,43.42664053479112,43.42664053479112
A_OLD_CKPT_OLD_DATA,OLD,OLD,1222,1,1,CO,225.0,B5_GCO_F090_R1.txt,1,2,late,,1,212.52990285343768,212.52990285343768
A_OLD_CKPT_OLD_DATA,OLD,OLD,1223,2,2,Ethylene,37.5,B5_GEy_F030_R1.txt,1,2,late,,1,35.40138995972734,35.40138995972734
A_OLD_CKPT_OLD_DATA,OLD,OLD,1224,3,3,Methane,50.0,B5_GMe_F020_R2.txt,2,2,late,,1,58.82893270397652,58.82893270397652
A_OLD_CKPT_OLD_DATA,OLD,OLD,1225,3,3,Methane,175.0,B5_GMe_F070_R1.txt,1,2,late,,1,175.20890767594574,175.20890767594574
A_OLD_CKPT_OLD_DATA,OLD,OLD,1226,0,0,Ethanol,87.5,B5_GEa_F070_R1.txt,1,2,late,,1,85.51339008991975,85.51339008991975
A_OLD_CKPT_OLD_DATA,OLD,OLD,1227,0,0,Ethanol,112.5,B5_GEa_F090_R2.txt,2,2,late,,1,106.9816608905771,106.9816608905771
A_OLD_CKPT_OLD_DATA,OLD,OLD,1228,0,0,Ethanol,50.0,B5_GEa_F040_R2.txt,2,2,late,,1,50.42849721679214,50.42849721679214
A_OLD_CKPT_OLD_DATA,OLD,OLD,1229,1,1,CO,225.0,B5_GCO_F090_R2.txt,2,2,late,,1,207.77101918372364,207.77101918372364
A_OLD_CKPT_OLD_DATA,OLD,OLD,1230,2,2,Ethylene,25.0,B5_GEy_F020_R2.txt,2,2,late,,1,13.672733222463421,13.672733222463421
A_OLD_CKPT_OLD_DATA,OLD,OLD,1231,3,3,Methane,100.0,B5_GMe_F040_R1.txt,1,2,late,,1,105.58406783828163,105.58406783828163
A_OLD_CKPT_OLD_DATA,OLD,OLD,1232,2,2,Ethylene,50.0,B5_GEy_F040_R1.txt,1,2,late,,1,46.43313332741201,46.43313332741201
A_OLD_CKPT_OLD_DATA,OLD,OLD,1233,3,3,Methane,175.0,B5_GMe_F070_R2.txt,2,2,late,,1,174.68235087896016,174.68235087896016
A_OLD_CKPT_OLD_DATA,OLD,OLD,1234,2,2,Ethylene,62.5,B5_GEy_F050_R2.txt,2,2,late,,1,65.89682349034896,65.89682349034896
A_OLD_CKPT_OLD_DATA,OLD,OLD,1235,0,0,Ethanol,25.0,B5_GEa_F020_R2.txt,2,2,late,,1,29.005217241449404,29.005217241449404
A_OLD_CKPT_OLD_DATA,OLD,OLD,1236,2,2,Ethylene,125.0,B5_GEy_F100_R1.txt,1,2,late,,1,125.0,125.0
A_OLD_CKPT_OLD_DATA,OLD,OLD,1237,1,1,CO,175.0,B5_GCO_F070_R2.txt,2,2,late,,1,172.95622379725987,172.95622379725987
A_OLD_CKPT_OLD_DATA,OLD,OLD,1238,3,3,Methane,25.0,B5_GMe_F010_R2.txt,2,2,late,,1,36.36013554090529,36.36013554090529
A_OLD_CKPT_OLD_DATA,OLD,OLD,1239,3,3,Methane,25.0,B5_GMe_F010_R2.txt,2,2,late,,1,36.329226285513414,36.329226285513414
A_OLD_CKPT_OLD_DATA,OLD,OLD,1240,0,0,Ethanol,125.0,B5_GEa_F100_R1.txt,1,2,late,,1,123.6334110753305,123.6334110753305
A_OLD_CKPT_OLD_DATA,OLD,OLD,1241,3,3,Methane,250.0,B5_GMe_F100_R2.txt,2,2,late,,1,242.82241834284488,242.82241834284488
A_OLD_CKPT_OLD_DATA,OLD,OLD,1242,2,2,Ethylene,112.5,B5_GEy_F090_R2.txt,2,2,late,,1,118.66911585284848,118.66911585284848
A_OLD_CKPT_OLD_DATA,OLD,OLD,1243,3,3,Methane,175.0,B5_GMe_F070_R1.txt,1,2,late,,1,176.02059355473924,176.02059355473924
A_OLD_CKPT_OLD_DATA,OLD,OLD,1244,1,1,CO,200.0,B5_GCO_F080_R2.txt,2,2,late,,1,189.46057663958098,189.46057663958098
A_OLD_CKPT_OLD_DATA,OLD,OLD,1245,2,2,Ethylene,62.5,B5_GEy_F050_R2.txt,2,2,late,,1,58.861309385054085,58.861309385054085
A_OLD_CKPT_OLD_DATA,OLD,OLD,1246,2,2,Ethylene,100.0,B5_GEy_F080_R2.txt,2,2,late,,1,99.40572888895653,99.40572888895653
A_OLD_CKPT_OLD_DATA,OLD,OLD,1247,1,1,CO,150.0,B5_GCO_F060_R1.txt,1,2,late,,1,153.6323093846582,153.6323093846582
A_OLD_CKPT_OLD_DATA,OLD,OLD,1248,1,1,CO,75.0,B5_GCO_F030_R2.txt,2,2,late,,1,80.45741186803616,80.45741186803616
A_OLD_CKPT_OLD_DATA,OLD,OLD,1249,1,1,CO,100.0,B5_GCO_F040_R1.txt,1,2,late,,1,100.53159761304636,100.53159761304636
A_OLD_CKPT_OLD_DATA,OLD,OLD,1250,1,1,CO,200.0,B5_GCO_F080_R1.txt,1,2,late,,1,193.33823455806777,193.33823455806777
A_OLD_CKPT_OLD_DATA,OLD,OLD,1251,2,2,Ethylene,125.0,B5_GEy_F100_R1.txt,1,2,late,,1,124.92318878914759,124.92318878914759
A_OLD_CKPT_OLD_DATA,OLD,OLD,1252,1,1,CO,150.0,B5_GCO_F060_R2.txt,2,2,late,,1,167.57532867466227,167.57532867466227
A_OLD_CKPT_OLD_DATA,OLD,OLD,1253,0,0,Ethanol,87.5,B5_GEa_F070_R2.txt,2,2,late,,1,86.49865600620028,86.49865600620028
A_OLD_CKPT_OLD_DATA,OLD,OLD,1254,1,1,CO,50.0,B5_GCO_F020_R2.txt,2,2,late,,1,65.92733285735731,65.92733285735731
A_OLD_CKPT_OLD_DATA,OLD,OLD,1255,0,0,Ethanol,87.5,B5_GEa_F070_R1.txt,1,2,late,,1,87.70962878135569,87.70962878135569
A_OLD_CKPT_OLD_DATA,OLD,OLD,1256,3,3,Methane,50.0,B5_GMe_F020_R1.txt,1,2,late,,1,48.375355261022875,48.375355261022875
A_OLD_CKPT_OLD_DATA,OLD,OLD,1257,3,3,Methane,100.0,B5_GMe_F040_R2.txt,2,2,late,,1,99.80658749361936,99.80658749361936
A_OLD_CKPT_OLD_DATA,OLD,OLD,1258,0,0,Ethanol,50.0,B5_GEa_F040_R2.txt,2,2,late,,1,49.92579790344035,49.92579790344035
A_OLD_CKPT_OLD_DATA,OLD,OLD,1259,0,0,Ethanol,37.5,B5_GEa_F030_R1.txt,1,2,late,,1,39.36669352918882,39.36669352918882
A_OLD_CKPT_OLD_DATA,OLD,OLD,1260,0,0,Ethanol,12.5,B5_GEa_F010_R1.txt,1,2,late,,1,12.5,12.5
A_OLD_CKPT_OLD_DATA,OLD,OLD,1261,3,3,Methane,25.0,B5_GMe_F010_R1.txt,1,2,late,,1,25.0,25.0
A_OLD_CKPT_OLD_DATA,OLD,OLD,1262,3,3,Methane,50.0,B5_GMe_F020_R2.txt,2,2,late,,1,41.90645168775577,41.90645168775577
A_OLD_CKPT_OLD_DATA,OLD,OLD,1263,1,1,CO,200.0,B5_GCO_F080_R2.txt,2,2,late,,1,168.90852626296186,168.90852626296186
A_OLD_CKPT_OLD_DATA,OLD,OLD,1264,2,2,Ethylene,62.5,B5_GEy_F050_R1.txt,1,2,late,,1,57.54537721972861,57.54537721972861
A_OLD_CKPT_OLD_DATA,OLD,OLD,1265,1,1,CO,250.0,B5_GCO_F100_R1.txt,1,2,late,,1,250.0,250.0
A_OLD_CKPT_OLD_DATA,OLD,OLD,1266,0,0,Ethanol,62.5,B5_GEa_F050_R1.txt,1,2,late,,1,64.6646407565716,64.6646407565716
A_OLD_CKPT_OLD_DATA,OLD,OLD,1267,1,1,CO,25.0,B5_GCO_F010_R1.txt,1,2,late,,1,25.0,25.0
A_OLD_CKPT_OLD_DATA,OLD,OLD,1268,1,1,CO,200.0,B5_GCO_F080_R2.txt,2,2,late,,1,186.28689003776987,186.28689003776987
A_OLD_CKPT_OLD_DATA,OLD,OLD,1269,0,0,Ethanol,25.0,B5_GEa_F020_R1.txt,1,2,late,,1,28.118291863922444,28.118291863922444
A_OLD_CKPT_OLD_DATA,OLD,OLD,1270,0,0,Ethanol,62.5,B5_GEa_F050_R1.txt,1,2,late,,1,63.40544238464708,63.40544238464708
A_OLD_CKPT_OLD_DATA,OLD,OLD,1271,1,1,CO,75.0,B5_GCO_F030_R1.txt,1,2,late,,1,63.56199383896167,63.56199383896167
A_OLD_CKPT_OLD_DATA,OLD,OLD,1272,0,0,Ethanol,100.0,B5_GEa_F080_R1.txt,1,2,late,,1,98.44967537060451,98.44967537060451
A_OLD_CKPT_OLD_DATA,OLD,OLD,1273,0,0,Ethanol,125.0,B5_GEa_F100_R2.txt,2,2,late,,1,118.53903097859612,118.53903097859612
A_OLD_CKPT_OLD_DATA,OLD,OLD,1274,1,1,CO,250.0,B5_GCO_F100_R1.txt,1,2,late,,1,232.581130514248,232.581130514248
A_OLD_CKPT_OLD_DATA,OLD,OLD,1275,2,2,Ethylene,100.0,B5_GEy_F080_R1.txt,1,2,late,,1,98.63926533336969,98.63926533336969
A_OLD_CKPT_OLD_DATA,OLD,OLD,1276,2,2,Ethylene,25.0,B5_GEy_F020_R2.txt,2,2,late,,1,25.488588269570215,25.488588269570215
A_OLD_CKPT_OLD_DATA,OLD,OLD,1277,2,2,Ethylene,100.0,B5_GEy_F080_R2.txt,2,2,late,,1,99.03709467799524,99.03709467799524
A_OLD_CKPT_OLD_DATA,OLD,OLD,1278,3,3,Methane,150.0,B5_GMe_F060_R2.txt,2,2,late,,1,159.80344010048515,159.80344010048515
A_OLD_CKPT_OLD_DATA,OLD,OLD,1279,1,1,CO,250.0,B5_GCO_F100_R1.txt,1,2,late,,1,237.18256512601874,237.18256512601874
A_OLD_CKPT_OLD_DATA,OLD,OLD,1280,2,2,Ethylene,112.5,B5_GEy_F090_R1.txt,1,2,late,,1,116.57238638851322,116.57238638851322
A_OLD_CKPT_OLD_DATA,OLD,OLD,1281,1,1,CO,75.0,B5_GCO_F030_R1.txt,1,2,late,,1,62.444682170663135,62.444682170663135
A_OLD_CKPT_OLD_DATA,OLD,OLD,1282,2,2,Ethylene,100.0,B5_GEy_F080_R1.txt,1,2,late,,1,97.0807737703376,97.0807737703376
A_OLD_CKPT_OLD_DATA,OLD,OLD,1283,1,1,CO,175.0,B5_GCO_F070_R2.txt,2,2,late,,1,183.94950856362505,183.94950856362505
A_OLD_CKPT_OLD_DATA,OLD,OLD,1284,1,1,CO,175.0,B5_GCO_F070_R1.txt,1,2,late,,1,168.7403095852706,168.7403095852706
A_OLD_CKPT_OLD_DATA,OLD,OLD,1285,3,3,Methane,150.0,B5_GMe_F060_R2.txt,2,2,late,,1,149.7094664082145,149.7094664082145
A_OLD_CKPT_OLD_DATA,OLD,OLD,1286,3,3,Methane,175.0,B5_GMe_F070_R1.txt,1,2,late,,1,177.2077909038386,177.2077909038386
A_OLD_CKPT_OLD_DATA,OLD,OLD,1287,3,3,Methane,225.0,B5_GMe_F090_R2.txt,2,2,late,,1,221.27252915840586,221.27252915840586
A_OLD_CKPT_OLD_DATA,OLD,OLD,1288,2,2,Ethylene,50.0,B5_GEy_F040_R2.txt,2,2,late,,1,50.22338593562722,50.22338593562722
A_OLD_CKPT_OLD_DATA,OLD,OLD,1289,1,1,CO,50.0,B5_GCO_F020_R2.txt,2,2,late,,1,43.88852707408259,43.88852707408259
A_OLD_CKPT_OLD_DATA,OLD,OLD,1290,0,0,Ethanol,62.5,B5_GEa_F050_R2.txt,2,2,late,,1,65.2801833829141,65.2801833829141
A_OLD_CKPT_OLD_DATA,OLD,OLD,1291,2,2,Ethylene,25.0,B5_GEy_F020_R1.txt,1,2,late,,1,24.54067914521488,24.54067914521488
A_OLD_CKPT_OLD_DATA,OLD,OLD,1292,3,3,Methane,200.0,B5_GMe_F080_R2.txt,2,2,late,,1,192.5137617068271,192.5137617068271
A_OLD_CKPT_OLD_DATA,OLD,OLD,1293,1,1,CO,225.0,B5_GCO_F090_R1.txt,1,2,late,,1,223.80442236785913,223.80442236785913
A_OLD_CKPT_OLD_DATA,OLD,OLD,1294,3,3,Methane,125.0,B5_GMe_F050_R1.txt,1,2,late,,1,131.54658266991828,131.54658266991828
A_OLD_CKPT_OLD_DATA,OLD,OLD,1295,2,2,Ethylene,112.5,B5_GEy_F090_R2.txt,2,2,late,,1,117.29369216566147,117.29369216566147
A_OLD_CKPT_OLD_DATA,OLD,OLD,1296,2,2,Ethylene,62.5,B5_GEy_F050_R2.txt,2,2,late,,1,83.9619651076345,83.9619651076345
A_OLD_CKPT_OLD_DATA,OLD,OLD,1297,0,0,Ethanol,112.5,B5_GEa_F090_R1.txt,1,2,late,,1,105.71142568749934,105.71142568749934
A_OLD_CKPT_OLD_DATA,OLD,OLD,1298,1,1,CO,75.0,B5_GCO_F030_R1.txt,1,2,late,,1,41.98176118863029,41.98176118863029
A_OLD_CKPT_OLD_DATA,OLD,OLD,1299,3,3,Methane,150.0,B5_GMe_F060_R1.txt,1,2,late,,1,148.47990443518484,148.47990443518484
A_OLD_CKPT_OLD_DATA,OLD,OLD,1300,0,0,Ethanol,100.0,B5_GEa_F080_R2.txt,2,2,late,,1,93.52094551601009,93.52094551601009
A_OLD_CKPT_OLD_DATA,OLD,OLD,1301,2,2,Ethylene,87.5,B5_GEy_F070_R2.txt,2,2,late,,1,84.5943399196216,84.5943399196216
A_OLD_CKPT_OLD_DATA,OLD,OLD,1302,3,3,Methane,150.0,B5_GMe_F060_R2.txt,2,2,late,,1,151.12100960074926,151.12100960074926
A_OLD_CKPT_OLD_DATA,OLD,OLD,1303,2,2,Ethylene,37.5,B5_GEy_F030_R2.txt,2,2,late,,1,32.771832505880866,32.771832505880866
A_OLD_CKPT_OLD_DATA,OLD,OLD,1304,2,2,Ethylene,12.5,B5_GEy_F010_R2.txt,2,2,late,,1,17.06290715282576,17.06290715282576
A_OLD_CKPT_OLD_DATA,OLD,OLD,1305,1,1,CO,50.0,B5_GCO_F020_R1.txt,1,2,late,,1,31.90125008437559,31.90125008437559
A_OLD_CKPT_OLD_DATA,OLD,OLD,1306,3,3,Methane,225.0,B5_GMe_F090_R1.txt,1,2,late,,1,214.43494528324712,214.43494528324712
A_OLD_CKPT_OLD_DATA,OLD,OLD,1307,0,0,Ethanol,75.0,B5_GEa_F060_R1.txt,1,2,late,,1,75.21341670863887,75.21341670863887
A_OLD_CKPT_OLD_DATA,OLD,OLD,1308,0,0,Ethanol,62.5,B5_GEa_F050_R1.txt,1,2,late,,1,67.37674912307568,67.37674912307568
A_OLD_CKPT_OLD_DATA,OLD,OLD,1309,2,2,Ethylene,75.0,B5_GEy_F060_R2.txt,2,2,late,,1,75.29496467387796,75.29496467387796
A_OLD_CKPT_OLD_DATA,OLD,OLD,1310,3,3,Methane,75.0,B5_GMe_F030_R2.txt,2,2,late,,1,84.14113907921575,84.14113907921575
A_OLD_CKPT_OLD_DATA,OLD,OLD,1311,0,0,Ethanol,75.0,B5_GEa_F060_R2.txt,2,2,late,,1,67.58695101865683,67.58695101865683
A_OLD_CKPT_OLD_DATA,OLD,OLD,1312,0,0,Ethanol,37.5,B5_GEa_F030_R2.txt,2,2,late,,1,52.59262098621359,52.59262098621359
A_OLD_CKPT_OLD_DATA,OLD,OLD,1313,0,0,Ethanol,100.0,B5_GEa_F080_R2.txt,2,2,late,,1,96.97438600645921,96.97438600645921
A_OLD_CKPT_OLD_DATA,OLD,OLD,1314,2,2,Ethylene,50.0,B5_GEy_F040_R2.txt,2,2,late,,1,47.66109020181858,47.66109020181858
A_OLD_CKPT_OLD_DATA,OLD,OLD,1315,1,1,CO,150.0,B5_GCO_F060_R1.txt,1,2,late,,1,159.53290658537503,159.53290658537503
A_OLD_CKPT_OLD_DATA,OLD,OLD,1316,3,3,Methane,125.0,B5_GMe_F050_R2.txt,2,2,late,,1,129.54853032824457,129.54853032824457
A_OLD_CKPT_OLD_DATA,OLD,OLD,1317,2,2,Ethylene,62.5,B5_GEy_F050_R2.txt,2,2,late,,1,61.2430920238922,61.2430920238922
A_OLD_CKPT_OLD_DATA,OLD,OLD,1318,3,3,Methane,250.0,B5_GMe_F100_R1.txt,1,2,late,,1,250.0,250.0
A_OLD_CKPT_OLD_DATA,OLD,OLD,1319,0,0,Ethanol,112.5,B5_GEa_F090_R1.txt,1,2,late,,1,108.23827224504655,108.23827224504655
A_OLD_CKPT_OLD_DATA,OLD,OLD,1320,2,2,Ethylene,50.0,B5_GEy_F040_R2.txt,2,2,late,,1,49.368262187108456,49.368262187108456
A_OLD_CKPT_OLD_DATA,OLD,OLD,1321,2,2,Ethylene,100.0,B5_GEy_F080_R2.txt,2,2,late,,1,103.1896048369802,103.1896048369802
A_OLD_CKPT_OLD_DATA,OLD,OLD,1322,1,1,CO,125.0,B5_GCO_F050_R1.txt,1,2,late,,1,115.99702194374538,115.99702194374538
A_OLD_CKPT_OLD_DATA,OLD,OLD,1323,1,1,CO,200.0,B5_GCO_F080_R2.txt,2,2,late,,1,176.93417871735537,176.93417871735537
A_OLD_CKPT_OLD_DATA,OLD,OLD,1324,1,1,CO,225.0,B5_GCO_F090_R2.txt,2,2,late,,1,220.00575947376967,220.00575947376967
A_OLD_CKPT_OLD_DATA,OLD,OLD,1325,2,2,Ethylene,12.5,B5_GEy_F010_R1.txt,1,2,late,,1,14.129175849706542,14.129175849706542
A_OLD_CKPT_OLD_DATA,OLD,OLD,1326,0,0,Ethanol,87.5,B5_GEa_F070_R1.txt,1,2,late,,1,91.75448629381359,91.75448629381359
A_OLD_CKPT_OLD_DATA,OLD,OLD,1327,1,1,CO,175.0,B5_GCO_F070_R1.txt,1,2,late,,1,153.67211349769764,153.67211349769764
A_OLD_CKPT_OLD_DATA,OLD,OLD,1328,0,0,Ethanol,62.5,B5_GEa_F050_R1.txt,1,2,late,,1,75.59101350201891,75.59101350201891
A_OLD_CKPT_OLD_DATA,OLD,OLD,1329,0,0,Ethanol,62.5,B5_GEa_F050_R2.txt,2,2,late,,1,65.4288250506394,65.4288250506394
A_OLD_CKPT_OLD_DATA,OLD,OLD,1330,1,1,CO,100.0,B5_GCO_F040_R1.txt,1,2,late,,1,109.78026719771896,109.78026719771896
A_OLD_CKPT_OLD_DATA,OLD,OLD,1331,0,0,Ethanol,100.0,B5_GEa_F080_R1.txt,1,2,late,,1,95.3133338504268,95.3133338504268
A_OLD_CKPT_OLD_DATA,OLD,OLD,1332,2,2,Ethylene,125.0,B5_GEy_F100_R2.txt,2,2,late,,1,125.0,125.0
A_OLD_CKPT_OLD_DATA,OLD,OLD,1333,0,1,Ethanol,12.5,B5_GEa_F010_R2.txt,2,2,late,,0,181.92500339653367,20.282807016388652
A_OLD_CKPT_OLD_DATA,OLD,OLD,1334,0,2,Ethanol,37.5,B5_GEa_F030_R2.txt,2,2,late,,0,12.5,12.5
A_OLD_CKPT_OLD_DATA,OLD,OLD,1335,2,2,Ethylene,62.5,B5_GEy_F050_R1.txt,1,2,late,,1,66.28736837550093,66.28736837550093
A_OLD_CKPT_OLD_DATA,OLD,OLD,1336,2,2,Ethylene,37.5,B5_GEy_F030_R2.txt,2,2,late,,1,37.89008857400151,37.89008857400151
A_OLD_CKPT_OLD_DATA,OLD,OLD,1337,3,3,Methane,250.0,B5_GMe_F100_R1.txt,1,2,late,,1,239.52141296908445,239.52141296908445
A_OLD_CKPT_OLD_DATA,OLD,OLD,1338,3,3,Methane,225.0,B5_GMe_F090_R1.txt,1,2,late,,1,222.1987547257112,222.1987547257112
A_OLD_CKPT_OLD_DATA,OLD,OLD,1339,3,3,Methane,150.0,B5_GMe_F060_R1.txt,1,2,late,,1,153.68761859688536,153.68761859688536
A_OLD_CKPT_OLD_DATA,OLD,OLD,1340,3,3,Methane,175.0,B5_GMe_F070_R2.txt,2,2,late,,1,182.09892451756068,182.09892451756068
A_OLD_CKPT_OLD_DATA,OLD,OLD,1341,1,1,CO,200.0,B5_GCO_F080_R2.txt,2,2,late,,1,167.1783540487756,167.1783540487756
A_OLD_CKPT_OLD_DATA,OLD,OLD,1342,2,2,Ethylene,12.5,B5_GEy_F010_R1.txt,1,2,late,,1,12.5,12.5
A_OLD_CKPT_OLD_DATA,OLD,OLD,1343,3,3,Methane,200.0,B5_GMe_F080_R1.txt,1,2,late,,1,212.97529866475656,212.97529866475656
A_OLD_CKPT_OLD_DATA,OLD,OLD,1344,3,3,Methane,175.0,B5_GMe_F070_R1.txt,1,2,late,,1,173.61169508310817,173.61169508310817
A_OLD_CKPT_OLD_DATA,OLD,OLD,1345,2,2,Ethylene,100.0,B5_GEy_F080_R1.txt,1,2,late,,1,97.74855815322982,97.74855815322982
A_OLD_CKPT_OLD_DATA,OLD,OLD,1346,0,0,Ethanol,100.0,B5_GEa_F080_R2.txt,2,2,late,,1,100.5356653201754,100.5356653201754
A_OLD_CKPT_OLD_DATA,OLD,OLD,1347,0,0,Ethanol,12.5,B5_GEa_F010_R2.txt,2,2,late,,1,12.5,12.5
A_OLD_CKPT_OLD_DATA,OLD,OLD,1348,2,2,Ethylene,87.5,B5_GEy_F070_R1.txt,1,2,late,,1,76.9539275280504,76.9539275280504
A_OLD_CKPT_OLD_DATA,OLD,OLD,1349,2,2,Ethylene,25.0,B5_GEy_F020_R2.txt,2,2,late,,1,12.5,12.5
A_OLD_CKPT_OLD_DATA,OLD,OLD,1350,2,2,Ethylene,37.5,B5_GEy_F030_R1.txt,1,2,late,,1,32.95725217393823,32.95725217393823
A_OLD_CKPT_OLD_DATA,OLD,OLD,1351,0,0,Ethanol,75.0,B5_GEa_F060_R2.txt,2,2,late,,1,63.57655404478715,63.57655404478715
A_OLD_CKPT_OLD_DATA,OLD,OLD,1352,2,2,Ethylene,37.5,B5_GEy_F030_R1.txt,1,2,late,,1,33.882532177302494,33.882532177302494
A_OLD_CKPT_OLD_DATA,OLD,OLD,1353,1,1,CO,200.0,B5_GCO_F080_R1.txt,1,2,late,,1,221.89548498368814,221.89548498368814
A_OLD_CKPT_OLD_DATA,OLD,OLD,1354,3,3,Methane,50.0,B5_GMe_F020_R1.txt,1,2,late,,1,46.854404776393444,46.854404776393444
A_OLD_CKPT_OLD_DATA,OLD,OLD,1355,1,1,CO,200.0,B5_GCO_F080_R1.txt,1,2,late,,1,194.60645494007122,194.60645494007122
A_OLD_CKPT_OLD_DATA,OLD,OLD,1356,2,2,Ethylene,75.0,B5_GEy_F060_R2.txt,2,2,late,,1,75.61367504939173,75.61367504939173
A_OLD_CKPT_OLD_DATA,OLD,OLD,1357,1,1,CO,25.0,B5_GCO_F010_R1.txt,1,2,late,,1,25.0,25.0
A_OLD_CKPT_OLD_DATA,OLD,OLD,1358,2,2,Ethylene,50.0,B5_GEy_F040_R1.txt,1,2,late,,1,52.40926735575525,52.40926735575525
A_OLD_CKPT_OLD_DATA,OLD,OLD,1359,3,3,Methane,125.0,B5_GMe_F050_R1.txt,1,2,late,,1,130.64394267102512,130.64394267102512
B_OLD_CKPT_NEW_DATA,OLD,NEW,0,0,0,Ethanol,112.5,B5_GEa_F090_R1.txt,1,2,late,120.0,1,105.50845225554525,105.50845225554525
B_OLD_CKPT_NEW_DATA,OLD,NEW,1,1,1,CO,75.0,B5_GCO_F030_R1.txt,1,2,late,60.0,1,64.92373428299064,64.92373428299064
B_OLD_CKPT_NEW_DATA,OLD,NEW,2,2,2,Ethylene,87.5,B5_GEy_F070_R1.txt,1,2,late,60.0,1,91.86496548546361,91.86496548546361
B_OLD_CKPT_NEW_DATA,OLD,NEW,3,2,2,Ethylene,125.0,B5_GEy_F100_R2.txt,2,2,late,130.0,1,125.0,125.0
B_OLD_CKPT_NEW_DATA,OLD,NEW,4,1,1,CO,25.0,B5_GCO_F010_R1.txt,1,2,late,105.0,1,25.0,25.0
B_OLD_CKPT_NEW_DATA,OLD,NEW,5,2,2,Ethylene,37.5,B5_GEy_F030_R2.txt,2,2,late,155.0,1,45.18785520319753,45.18785520319753
B_OLD_CKPT_NEW_DATA,OLD,NEW,6,3,3,Methane,150.0,B5_GMe_F060_R1.txt,1,2,late,100.0,1,166.77546438802545,166.77546438802545
B_OLD_CKPT_NEW_DATA,OLD,NEW,7,1,1,CO,200.0,B5_GCO_F080_R1.txt,1,2,late,100.0,1,214.75792217646247,214.75792217646247
B_OLD_CKPT_NEW_DATA,OLD,NEW,8,2,2,Ethylene,87.5,B5_GEy_F070_R2.txt,2,2,late,105.0,1,82.22881463240499,82.22881463240499
B_OLD_CKPT_NEW_DATA,OLD,NEW,9,0,0,Ethanol,25.0,B5_GEa_F020_R1.txt,1,2,late,70.0,1,33.39195154127489,33.39195154127489
B_OLD_CKPT_NEW_DATA,OLD,NEW,10,0,0,Ethanol,25.0,B5_GEa_F020_R2.txt,2,2,late,135.0,1,29.915326741832512,29.915326741832512
B_OLD_CKPT_NEW_DATA,OLD,NEW,11,1,1,CO,50.0,B5_GCO_F020_R1.txt,1,2,late,140.0,1,66.11222562951014,66.11222562951014
B_OLD_CKPT_NEW_DATA,OLD,NEW,12,0,0,Ethanol,100.0,B5_GEa_F080_R1.txt,1,2,late,130.0,1,93.15551154726066,93.15551154726066
B_OLD_CKPT_NEW_DATA,OLD,NEW,13,3,3,Methane,250.0,B5_GMe_F100_R2.txt,2,2,late,90.0,1,238.8498549016398,238.8498549016398
B_OLD_CKPT_NEW_DATA,OLD,NEW,14,3,3,Methane,50.0,B5_GMe_F020_R2.txt,2,2,late,115.0,1,73.41413872805161,73.41413872805161
B_OLD_CKPT_NEW_DATA,OLD,NEW,15,2,2,Ethylene,75.0,B5_GEy_F060_R1.txt,1,2,late,60.0,1,79.80189733956745,79.80189733956745
B_OLD_CKPT_NEW_DATA,OLD,NEW,16,2,2,Ethylene,12.5,B5_GEy_F010_R2.txt,2,2,late,80.0,1,12.5,12.5
B_OLD_CKPT_NEW_DATA,OLD,NEW,17,2,2,Ethylene,75.0,B5_GEy_F060_R1.txt,1,2,late,95.0,1,76.12707497235536,76.12707497235536
B_OLD_CKPT_NEW_DATA,OLD,NEW,18,1,1,CO,50.0,B5_GCO_F020_R1.txt,1,2,late,150.0,1,45.67455126556587,45.67455126556587
B_OLD_CKPT_NEW_DATA,OLD,NEW,19,2,2,Ethylene,12.5,B5_GEy_F010_R2.txt,2,2,late,140.0,1,12.5,12.5
B_OLD_CKPT_NEW_DATA,OLD,NEW,20,0,0,Ethanol,12.5,B5_GEa_F010_R1.txt,1,2,late,85.0,1,12.5,12.5
B_OLD_CKPT_NEW_DATA,OLD,NEW,21,3,3,Methane,75.0,B5_GMe_F030_R2.txt,2,2,late,160.0,1,63.9118456740999,63.9118456740999
B_OLD_CKPT_NEW_DATA,OLD,NEW,22,0,0,Ethanol,37.5,B5_GEa_F030_R2.txt,2,2,late,155.0,1,58.34616808998044,58.34616808998044
B_OLD_CKPT_NEW_DATA,OLD,NEW,23,3,3,Methane,175.0,B5_GMe_F070_R1.txt,1,2,late,95.0,1,186.35620981225753,186.35620981225753
B_OLD_CKPT_NEW_DATA,OLD,NEW,24,3,3,Methane,150.0,B5_GMe_F060_R1.txt,1,2,late,130.0,1,154.10099333596898,154.10099333596898
B_OLD_CKPT_NEW_DATA,OLD,NEW,25,0,0,Ethanol,25.0,B5_GEa_F020_R1.txt,1,2,late,90.0,1,30.206566839938993,30.206566839938993
B_OLD_CKPT_NEW_DATA,OLD,NEW,26,0,0,Ethanol,87.5,B5_GEa_F070_R2.txt,2,2,late,60.0,1,70.881273764435,70.881273764435
B_OLD_CKPT_NEW_DATA,OLD,NEW,27,0,0,Ethanol,100.0,B5_GEa_F080_R1.txt,1,2,late,70.0,1,89.99551316037031,89.99551316037031
B_OLD_CKPT_NEW_DATA,OLD,NEW,28,3,3,Methane,100.0,B5_GMe_F040_R2.txt,2,2,late,85.0,1,110.96231951862616,110.96231951862616
B_OLD_CKPT_NEW_DATA,OLD,NEW,29,1,1,CO,100.0,B5_GCO_F040_R2.txt,2,2,late,90.0,1,90.35965415424982,90.35965415424982
B_OLD_CKPT_NEW_DATA,OLD,NEW,30,1,1,CO,50.0,B5_GCO_F020_R1.txt,1,2,late,100.0,1,53.52640324659373,53.52640324659373
B_OLD_CKPT_NEW_DATA,OLD,NEW,31,2,2,Ethylene,50.0,B5_GEy_F040_R2.txt,2,2,late,145.0,1,55.62051595538674,55.62051595538674
B_OLD_CKPT_NEW_DATA,OLD,NEW,32,1,1,CO,125.0,B5_GCO_F050_R2.txt,2,2,late,100.0,1,126.1326262558643,126.1326262558643
B_OLD_CKPT_NEW_DATA,OLD,NEW,33,2,2,Ethylene,12.5,B5_GEy_F010_R1.txt,1,2,late,60.0,1,12.5,12.5
B_OLD_CKPT_NEW_DATA,OLD,NEW,34,2,2,Ethylene,50.0,B5_GEy_F040_R1.txt,1,2,late,85.0,1,50.358923154139326,50.358923154139326
B_OLD_CKPT_NEW_DATA,OLD,NEW,35,3,3,Methane,250.0,B5_GMe_F100_R1.txt,1,2,late,160.0,1,245.6660353769738,245.6660353769738
B_OLD_CKPT_NEW_DATA,OLD,NEW,36,2,2,Ethylene,37.5,B5_GEy_F030_R1.txt,1,2,late,130.0,1,40.73587444551443,40.73587444551443
B_OLD_CKPT_NEW_DATA,OLD,NEW,37,3,3,Methane,125.0,B5_GMe_F050_R1.txt,1,2,late,135.0,1,141.81621878062305,141.81621878062305
B_OLD_CKPT_NEW_DATA,OLD,NEW,38,1,1,CO,25.0,B5_GCO_F010_R2.txt,2,2,late,105.0,1,25.0,25.0
B_OLD_CKPT_NEW_DATA,OLD,NEW,39,3,3,Methane,200.0,B5_GMe_F080_R2.txt,2,2,late,130.0,1,175.41702434946086,175.41702434946086
B_OLD_CKPT_NEW_DATA,OLD,NEW,40,3,3,Methane,25.0,B5_GMe_F010_R2.txt,2,2,late,85.0,1,52.89465979991338,52.89465979991338
B_OLD_CKPT_NEW_DATA,OLD,NEW,41,3,3,Methane,200.0,B5_GMe_F080_R1.txt,1,2,late,85.0,1,198.86129905188994,198.86129905188994
B_OLD_CKPT_NEW_DATA,OLD,NEW,42,1,1,CO,125.0,B5_GCO_F050_R1.txt,1,2,late,60.0,1,112.20424876397752,112.20424876397752
B_OLD_CKPT_NEW_DATA,OLD,NEW,43,0,0,Ethanol,100.0,B5_GEa_F080_R1.txt,1,2,late,120.0,1,95.96301242197143,95.96301242197143
B_OLD_CKPT_NEW_DATA,OLD,NEW,44,1,1,CO,50.0,B5_GCO_F020_R2.txt,2,2,late,115.0,1,54.16673542554986,54.16673542554986
B_OLD_CKPT_NEW_DATA,OLD,NEW,45,1,1,CO,50.0,B5_GCO_F020_R1.txt,1,2,late,120.0,1,53.64381629604742,53.64381629604742
B_OLD_CKPT_NEW_DATA,OLD,NEW,46,0,0,Ethanol,12.5,B5_GEa_F010_R1.txt,1,2,late,105.0,1,12.973196970719435,12.973196970719435
B_OLD_CKPT_NEW_DATA,OLD,NEW,47,0,0,Ethanol,75.0,B5_GEa_F060_R1.txt,1,2,late,115.0,1,79.57860625694187,79.57860625694187
B_OLD_CKPT_NEW_DATA,OLD,NEW,48,0,0,Ethanol,112.5,B5_GEa_F090_R1.txt,1,2,late,110.0,1,109.04799604198158,109.04799604198158
B_OLD_CKPT_NEW_DATA,OLD,NEW,49,3,3,Methane,200.0,B5_GMe_F080_R2.txt,2,2,late,60.0,1,203.01458580863982,203.01458580863982
B_OLD_CKPT_NEW_DATA,OLD,NEW,50,1,1,CO,200.0,B5_GCO_F080_R1.txt,1,2,late,90.0,1,238.1039746776932,238.1039746776932
B_OLD_CKPT_NEW_DATA,OLD,NEW,51,3,3,Methane,25.0,B5_GMe_F010_R2.txt,2,2,late,90.0,1,78.65426045488319,78.65426045488319
B_OLD_CKPT_NEW_DATA,OLD,NEW,52,3,3,Methane,50.0,B5_GMe_F020_R1.txt,1,2,late,110.0,1,72.22489113755042,72.22489113755042
B_OLD_CKPT_NEW_DATA,OLD,NEW,53,0,0,Ethanol,50.0,B5_GEa_F040_R1.txt,1,2,late,125.0,1,56.43542014714496,56.43542014714496
B_OLD_CKPT_NEW_DATA,OLD,NEW,54,1,1,CO,200.0,B5_GCO_F080_R2.txt,2,2,late,65.0,1,188.42318855594803,188.42318855594803
B_OLD_CKPT_NEW_DATA,OLD,NEW,55,2,2,Ethylene,112.5,B5_GEy_F090_R2.txt,2,2,late,70.0,1,106.78731803177763,106.78731803177763
B_OLD_CKPT_NEW_DATA,OLD,NEW,56,2,2,Ethylene,50.0,B5_GEy_F040_R2.txt,2,2,late,105.0,1,48.83308258073923,48.83308258073923
B_OLD_CKPT_NEW_DATA,OLD,NEW,57,3,3,Methane,250.0,B5_GMe_F100_R2.txt,2,2,late,75.0,1,227.09225751935884,227.09225751935884
B_OLD_CKPT_NEW_DATA,OLD,NEW,58,0,0,Ethanol,87.5,B5_GEa_F070_R1.txt,1,2,late,80.0,1,87.84510562477357,87.84510562477357
B_OLD_CKPT_NEW_DATA,OLD,NEW,59,3,3,Methane,225.0,B5_GMe_F090_R2.txt,2,2,late,80.0,1,217.4684558132517,217.4684558132517
B_OLD_CKPT_NEW_DATA,OLD,NEW,60,0,0,Ethanol,87.5,B5_GEa_F070_R1.txt,1,2,late,160.0,1,84.1636250876913,84.1636250876913
B_OLD_CKPT_NEW_DATA,OLD,NEW,61,3,3,Methane,200.0,B5_GMe_F080_R2.txt,2,2,late,95.0,1,174.00377521594513,174.00377521594513
B_OLD_CKPT_NEW_DATA,OLD,NEW,62,1,1,CO,75.0,B5_GCO_F030_R1.txt,1,2,late,85.0,1,57.601763464539836,57.601763464539836
B_OLD_CKPT_NEW_DATA,OLD,NEW,63,3,3,Methane,25.0,B5_GMe_F010_R2.txt,2,2,late,160.0,1,60.33914243222702,60.33914243222702
B_OLD_CKPT_NEW_DATA,OLD,NEW,64,0,0,Ethanol,75.0,B5_GEa_F060_R2.txt,2,2,late,105.0,1,66.21543186501778,66.21543186501778
B_OLD_CKPT_NEW_DATA,OLD,NEW,65,0,0,Ethanol,125.0,B5_GEa_F100_R1.txt,1,2,late,95.0,1,114.23629178395251,114.23629178395251
B_OLD_CKPT_NEW_DATA,OLD,NEW,66,0,0,Ethanol,112.5,B5_GEa_F090_R2.txt,2,2,late,150.0,1,114.29839055984564,114.29839055984564
B_OLD_CKPT_NEW_DATA,OLD,NEW,67,3,3,Methane,250.0,B5_GMe_F100_R1.txt,1,2,late,100.0,1,246.82863384190696,246.82863384190696
B_OLD_CKPT_NEW_DATA,OLD,NEW,68,3,3,Methane,175.0,B5_GMe_F070_R1.txt,1,2,late,100.0,1,165.9767070478444,165.9767070478444
B_OLD_CKPT_NEW_DATA,OLD,NEW,69,3,3,Methane,25.0,B5_GMe_F010_R2.txt,2,2,late,155.0,1,51.29692492187321,51.29692492187321
B_OLD_CKPT_NEW_DATA,OLD,NEW,70,3,3,Methane,150.0,B5_GMe_F060_R1.txt,1,2,late,95.0,1,158.89943415016148,158.89943415016148
B_OLD_CKPT_NEW_DATA,OLD,NEW,71,2,2,Ethylene,112.5,B5_GEy_F090_R2.txt,2,2,late,150.0,1,108.2993956923629,108.2993956923629
B_OLD_CKPT_NEW_DATA,OLD,NEW,72,1,1,CO,25.0,B5_GCO_F010_R2.txt,2,2,late,95.0,1,25.0,25.0
B_OLD_CKPT_NEW_DATA,OLD,NEW,73,2,2,Ethylene,112.5,B5_GEy_F090_R2.txt,2,2,late,65.0,1,107.61394924405245,107.61394924405245
B_OLD_CKPT_NEW_DATA,OLD,NEW,74,3,3,Methane,200.0,B5_GMe_F080_R2.txt,2,2,late,85.0,1,183.06612475902133,183.06612475902133
B_OLD_CKPT_NEW_DATA,OLD,NEW,75,2,2,Ethylene,125.0,B5_GEy_F100_R1.txt,1,2,late,95.0,1,125.0,125.0
B_OLD_CKPT_NEW_DATA,OLD,NEW,76,1,1,CO,150.0,B5_GCO_F060_R1.txt,1,2,late,115.0,1,150.0384707423649,150.0384707423649
B_OLD_CKPT_NEW_DATA,OLD,NEW,77,1,1,CO,150.0,B5_GCO_F060_R2.txt,2,2,late,90.0,1,175.39360077097396,175.39360077097396
B_OLD_CKPT_NEW_DATA,OLD,NEW,78,2,2,Ethylene,87.5,B5_GEy_F070_R2.txt,2,2,late,155.0,1,84.22476324406261,84.22476324406261
B_OLD_CKPT_NEW_DATA,OLD,NEW,79,1,1,CO,150.0,B5_GCO_F060_R1.txt,1,2,late,130.0,1,133.94216377070688,133.94216377070688
B_OLD_CKPT_NEW_DATA,OLD,NEW,80,1,1,CO,175.0,B5_GCO_F070_R1.txt,1,2,late,60.0,1,234.19507421165588,234.19507421165588
B_OLD_CKPT_NEW_DATA,OLD,NEW,81,2,2,Ethylene,87.5,B5_GEy_F070_R1.txt,1,2,late,70.0,1,85.22302828047883,85.22302828047883
B_OLD_CKPT_NEW_DATA,OLD,NEW,82,2,2,Ethylene,112.5,B5_GEy_F090_R2.txt,2,2,late,120.0,1,113.19832963690165,113.19832963690165
B_OLD_CKPT_NEW_DATA,OLD,NEW,83,1,1,CO,125.0,B5_GCO_F050_R2.txt,2,2,late,80.0,1,121.53069285163241,121.53069285163241
B_OLD_CKPT_NEW_DATA,OLD,NEW,84,0,0,Ethanol,25.0,B5_GEa_F020_R1.txt,1,2,late,60.0,1,34.26991969119941,34.26991969119941
B_OLD_CKPT_NEW_DATA,OLD,NEW,85,2,2,Ethylene,75.0,B5_GEy_F060_R2.txt,2,2,late,100.0,1,78.35139185811265,78.35139185811265
B_OLD_CKPT_NEW_DATA,OLD,NEW,86,2,2,Ethylene,125.0,B5_GEy_F100_R1.txt,1,2,late,80.0,1,124.23381982975422,124.23381982975422
B_OLD_CKPT_NEW_DATA,OLD,NEW,87,2,2,Ethylene,75.0,B5_GEy_F060_R2.txt,2,2,late,160.0,1,83.24796427058007,83.24796427058007
B_OLD_CKPT_NEW_DATA,OLD,NEW,88,2,2,Ethylene,25.0,B5_GEy_F020_R2.txt,2,2,late,70.0,1,28.703703098931232,28.703703098931232
B_OLD_CKPT_NEW_DATA,OLD,NEW,89,1,1,CO,225.0,B5_GCO_F090_R2.txt,2,2,late,150.0,1,230.27517351160634,230.27517351160634
B_OLD_CKPT_NEW_DATA,OLD,NEW,90,2,2,Ethylene,112.5,B5_GEy_F090_R1.txt,1,2,late,85.0,1,110.89896649137788,110.89896649137788
B_OLD_CKPT_NEW_DATA,OLD,NEW,91,1,1,CO,200.0,B5_GCO_F080_R1.txt,1,2,late,125.0,1,176.89547133806883,176.89547133806883
B_OLD_CKPT_NEW_DATA,OLD,NEW,92,2,2,Ethylene,87.5,B5_GEy_F070_R1.txt,1,2,late,100.0,1,88.98937890761319,88.98937890761319
B_OLD_CKPT_NEW_DATA,OLD,NEW,93,0,0,Ethanol,100.0,B5_GEa_F080_R2.txt,2,2,late,85.0,1,97.01828283159875,97.01828283159875
B_OLD_CKPT_NEW_DATA,OLD,NEW,94,0,0,Ethanol,50.0,B5_GEa_F040_R2.txt,2,2,late,60.0,1,42.75980197665689,42.75980197665689
B_OLD_CKPT_NEW_DATA,OLD,NEW,95,2,2,Ethylene,12.5,B5_GEy_F010_R1.txt,1,2,late,95.0,1,12.5,12.5
B_OLD_CKPT_NEW_DATA,OLD,NEW,96,3,3,Methane,150.0,B5_GMe_F060_R2.txt,2,2,late,85.0,1,162.7811828149044,162.7811828149044
B_OLD_CKPT_NEW_DATA,OLD,NEW,97,3,3,Methane,50.0,B5_GMe_F020_R1.txt,1,2,late,155.0,1,57.09627143439212,57.09627143439212
B_OLD_CKPT_NEW_DATA,OLD,NEW,98,0,0,Ethanol,100.0,B5_GEa_F080_R1.txt,1,2,late,135.0,1,93.49858097611238,93.49858097611238
B_OLD_CKPT_NEW_DATA,OLD,NEW,99,0,0,Ethanol,37.5,B5_GEa_F030_R1.txt,1,2,late,95.0,1,44.470821934684096,44.470821934684096
B_OLD_CKPT_NEW_DATA,OLD,NEW,100,3,0,Methane,225.0,B5_GMe_F090_R1.txt,1,2,late,60.0,0,12.5,66.0070982039883
B_OLD_CKPT_NEW_DATA,OLD,NEW,101,3,3,Methane,150.0,B5_GMe_F060_R1.txt,1,2,late,155.0,1,170.67280267668374,170.67280267668374
B_OLD_CKPT_NEW_DATA,OLD,NEW,102,1,1,CO,150.0,B5_GCO_F060_R2.txt,2,2,late,130.0,1,173.526352454964,173.526352454964
B_OLD_CKPT_NEW_DATA,OLD,NEW,103,3,3,Methane,75.0,B5_GMe_F030_R1.txt,1,2,late,60.0,1,97.59583877533028,97.59583877533028
B_OLD_CKPT_NEW_DATA,OLD,NEW,104,0,0,Ethanol,62.5,B5_GEa_F050_R1.txt,1,2,late,60.0,1,73.1964786857596,73.1964786857596
B_OLD_CKPT_NEW_DATA,OLD,NEW,105,2,2,Ethylene,62.5,B5_GEy_F050_R1.txt,1,2,late,130.0,1,64.3445167411977,64.3445167411977
B_OLD_CKPT_NEW_DATA,OLD,NEW,106,1,1,CO,125.0,B5_GCO_F050_R2.txt,2,2,late,110.0,1,128.8525942809444,128.8525942809444
B_OLD_CKPT_NEW_DATA,OLD,NEW,107,1,1,CO,175.0,B5_GCO_F070_R1.txt,1,2,late,110.0,1,171.02788953872778,171.02788953872778
B_OLD_CKPT_NEW_DATA,OLD,NEW,108,3,3,Methane,250.0,B5_GMe_F100_R1.txt,1,2,late,130.0,1,210.96097697014727,210.96097697014727
B_OLD_CKPT_NEW_DATA,OLD,NEW,109,2,2,Ethylene,62.5,B5_GEy_F050_R2.txt,2,2,late,125.0,1,63.41904245961123,63.41904245961123
B_OLD_CKPT_NEW_DATA,OLD,NEW,110,1,1,CO,200.0,B5_GCO_F080_R1.txt,1,2,late,150.0,1,217.45981315574969,217.45981315574969
B_OLD_CKPT_NEW_DATA,OLD,NEW,111,2,2,Ethylene,100.0,B5_GEy_F080_R2.txt,2,2,late,80.0,1,102.75788614571958,102.75788614571958
B_OLD_CKPT_NEW_DATA,OLD,NEW,112,2,2,Ethylene,37.5,B5_GEy_F030_R1.txt,1,2,late,80.0,1,37.741597300538785,37.741597300538785
B_OLD_CKPT_NEW_DATA,OLD,NEW,113,1,1,CO,175.0,B5_GCO_F070_R1.txt,1,2,late,80.0,1,164.82152338416657,164.82152338416657
B_OLD_CKPT_NEW_DATA,OLD,NEW,114,0,0,Ethanol,25.0,B5_GEa_F020_R1.txt,1,2,late,135.0,1,34.02314032008418,34.02314032008418
B_OLD_CKPT_NEW_DATA,OLD,NEW,115,2,2,Ethylene,25.0,B5_GEy_F020_R2.txt,2,2,late,75.0,1,27.206200657578492,27.206200657578492
B_OLD_CKPT_NEW_DATA,OLD,NEW,116,2,2,Ethylene,100.0,B5_GEy_F080_R2.txt,2,2,late,130.0,1,100.22046289097203,100.22046289097203
B_OLD_CKPT_NEW_DATA,OLD,NEW,117,0,0,Ethanol,125.0,B5_GEa_F100_R2.txt,2,2,late,140.0,1,114.24475134219044,114.24475134219044
B_OLD_CKPT_NEW_DATA,OLD,NEW,118,0,1,Ethanol,12.5,B5_GEa_F010_R1.txt,1,2,late,60.0,0,25.0,16.575679793783507
B_OLD_CKPT_NEW_DATA,OLD,NEW,119,1,1,CO,200.0,B5_GCO_F080_R1.txt,1,2,late,160.0,1,179.41859787121595,179.41859787121595
B_OLD_CKPT_NEW_DATA,OLD,NEW,120,1,1,CO,250.0,B5_GCO_F100_R2.txt,2,2,late,155.0,1,216.65061154740263,216.65061154740263
B_OLD_CKPT_NEW_DATA,OLD,NEW,121,2,2,Ethylene,25.0,B5_GEy_F020_R2.txt,2,2,late,155.0,1,28.78943794113538,28.78943794113538
B_OLD_CKPT_NEW_DATA,OLD,NEW,122,3,0,Methane,225.0,B5_GMe_F090_R1.txt,1,2,late,90.0,0,12.5,62.92808646101337
B_OLD_CKPT_NEW_DATA,OLD,NEW,123,3,3,Methane,100.0,B5_GMe_F040_R2.txt,2,2,late,70.0,1,110.6628610239174,110.6628610239174
B_OLD_CKPT_NEW_DATA,OLD,NEW,124,1,1,CO,75.0,B5_GCO_F030_R1.txt,1,2,late,90.0,1,67.07972621693358,67.07972621693358
B_OLD_CKPT_NEW_DATA,OLD,NEW,125,2,2,Ethylene,100.0,B5_GEy_F080_R1.txt,1,2,late,105.0,1,102.55713990515665,102.55713990515665
B_OLD_CKPT_NEW_DATA,OLD,NEW,126,0,0,Ethanol,50.0,B5_GEa_F040_R1.txt,1,2,late,160.0,1,53.05104536503271,53.05104536503271
B_OLD_CKPT_NEW_DATA,OLD,NEW,127,0,0,Ethanol,100.0,B5_GEa_F080_R1.txt,1,2,late,75.0,1,91.49197113657397,91.49197113657397
B_OLD_CKPT_NEW_DATA,OLD,NEW,128,0,0,Ethanol,62.5,B5_GEa_F050_R1.txt,1,2,late,75.0,1,71.36165467426463,71.36165467426463
B_OLD_CKPT_NEW_DATA,OLD,NEW,129,0,0,Ethanol,112.5,B5_GEa_F090_R1.txt,1,2,late,160.0,1,97.62676230978283,97.62676230978283
B_OLD_CKPT_NEW_DATA,OLD,NEW,130,1,1,CO,225.0,B5_GCO_F090_R2.txt,2,2,late,125.0,1,221.65997260677995,221.65997260677995
B_OLD_CKPT_NEW_DATA,OLD,NEW,131,0,0,Ethanol,87.5,B5_GEa_F070_R1.txt,1,2,late,100.0,1,89.29492266293104,89.29492266293104
B_OLD_CKPT_NEW_DATA,OLD,NEW,132,3,3,Methane,175.0,B5_GMe_F070_R2.txt,2,2,late,110.0,1,200.036525090318,200.036525090318
B_OLD_CKPT_NEW_DATA,OLD,NEW,133,1,1,CO,25.0,B5_GCO_F010_R2.txt,2,2,late,135.0,1,25.0,25.0
B_OLD_CKPT_NEW_DATA,OLD,NEW,134,0,0,Ethanol,50.0,B5_GEa_F040_R2.txt,2,2,late,105.0,1,51.37896588081441,51.37896588081441
B_OLD_CKPT_NEW_DATA,OLD,NEW,135,0,0,Ethanol,62.5,B5_GEa_F050_R1.txt,1,2,late,135.0,1,77.00962609733683,77.00962609733683
B_OLD_CKPT_NEW_DATA,OLD,NEW,136,0,0,Ethanol,62.5,B5_GEa_F050_R1.txt,1,2,late,105.0,1,74.68443378732333,74.68443378732333
B_OLD_CKPT_NEW_DATA,OLD,NEW,137,3,3,Methane,100.0,B5_GMe_F040_R1.txt,1,2,late,95.0,1,124.58171286770164,124.58171286770164
B_OLD_CKPT_NEW_DATA,OLD,NEW,138,2,2,Ethylene,62.5,B5_GEy_F050_R2.txt,2,2,late,75.0,1,62.751642003366904,62.751642003366904
B_OLD_CKPT_NEW_DATA,OLD,NEW,139,0,0,Ethanol,12.5,B5_GEa_F010_R2.txt,2,2,late,140.0,1,13.15267778600382,13.15267778600382
B_OLD_CKPT_NEW_DATA,OLD,NEW,140,2,2,Ethylene,125.0,B5_GEy_F100_R2.txt,2,2,late,100.0,1,124.02399875268857,124.02399875268857
B_OLD_CKPT_NEW_DATA,OLD,NEW,141,0,0,Ethanol,75.0,B5_GEa_F060_R2.txt,2,2,late,100.0,1,65.65817525345052,65.65817525345052
B_OLD_CKPT_NEW_DATA,OLD,NEW,142,2,2,Ethylene,100.0,B5_GEy_F080_R1.txt,1,2,late,120.0,1,102.51273513466623,102.51273513466623
B_OLD_CKPT_NEW_DATA,OLD,NEW,143,0,0,Ethanol,37.5,B5_GEa_F030_R2.txt,2,2,late,130.0,1,46.8594837433698,46.8594837433698
B_OLD_CKPT_NEW_DATA,OLD,NEW,144,3,3,Methane,50.0,B5_GMe_F020_R1.txt,1,2,late,60.0,1,110.46628914580904,110.46628914580904
B_OLD_CKPT_NEW_DATA,OLD,NEW,145,1,1,CO,250.0,B5_GCO_F100_R2.txt,2,2,late,65.0,1,250.0,250.0
B_OLD_CKPT_NEW_DATA,OLD,NEW,146,3,3,Methane,225.0,B5_GMe_F090_R2.txt,2,2,late,90.0,1,201.87487011612046,201.87487011612046
B_OLD_CKPT_NEW_DATA,OLD,NEW,147,0,0,Ethanol,75.0,B5_GEa_F060_R1.txt,1,2,late,95.0,1,79.03568081547797,79.03568081547797
B_OLD_CKPT_NEW_DATA,OLD,NEW,148,3,3,Methane,150.0,B5_GMe_F060_R2.txt,2,2,late,120.0,1,150.68930464721294,150.68930464721294
B_OLD_CKPT_NEW_DATA,OLD,NEW,149,2,2,Ethylene,112.5,B5_GEy_F090_R1.txt,1,2,late,60.0,1,113.9593222791629,113.9593222791629
B_OLD_CKPT_NEW_DATA,OLD,NEW,150,2,2,Ethylene,125.0,B5_GEy_F100_R1.txt,1,2,late,115.0,1,125.0,125.0
B_OLD_CKPT_NEW_DATA,OLD,NEW,151,0,0,Ethanol,12.5,B5_GEa_F010_R2.txt,2,2,late,85.0,1,12.5,12.5
B_OLD_CKPT_NEW_DATA,OLD,NEW,152,1,1,CO,200.0,B5_GCO_F080_R2.txt,2,2,late,145.0,1,219.2512648936397,219.2512648936397
B_OLD_CKPT_NEW_DATA,OLD,NEW,153,1,1,CO,125.0,B5_GCO_F050_R1.txt,1,2,late,135.0,1,102.35116296983128,102.35116296983128
B_OLD_CKPT_NEW_DATA,OLD,NEW,154,2,2,Ethylene,100.0,B5_GEy_F080_R2.txt,2,2,late,155.0,1,116.35649998169974,116.35649998169974
B_OLD_CKPT_NEW_DATA,OLD,NEW,155,0,0,Ethanol,25.0,B5_GEa_F020_R2.txt,2,2,late,60.0,1,29.648962881369116,29.648962881369116
B_OLD_CKPT_NEW_DATA,OLD,NEW,156,1,1,CO,125.0,B5_GCO_F050_R2.txt,2,2,late,145.0,1,142.66989548635917,142.66989548635917
B_OLD_CKPT_NEW_DATA,OLD,NEW,157,2,2,Ethylene,12.5,B5_GEy_F010_R2.txt,2,2,late,120.0,1,12.5,12.5
B_OLD_CKPT_NEW_DATA,OLD,NEW,158,1,1,CO,175.0,B5_GCO_F070_R2.txt,2,2,late,110.0,1,183.3691856454673,183.3691856454673
B_OLD_CKPT_NEW_DATA,OLD,NEW,159,3,3,Methane,50.0,B5_GMe_F020_R1.txt,1,2,late,90.0,1,89.42995620148233,89.42995620148233
B_OLD_CKPT_NEW_DATA,OLD,NEW,160,1,1,CO,175.0,B5_GCO_F070_R2.txt,2,2,late,145.0,1,176.50915180726463,176.50915180726463
B_OLD_CKPT_NEW_DATA,OLD,NEW,161,3,3,Methane,100.0,B5_GMe_F040_R2.txt,2,2,late,150.0,1,126.86066032917626,126.86066032917626
B_OLD_CKPT_NEW_DATA,OLD,NEW,162,1,1,CO,200.0,B5_GCO_F080_R1.txt,1,2,late,130.0,1,219.80826732795285,219.80826732795285
B_OLD_CKPT_NEW_DATA,OLD,NEW,163,0,0,Ethanol,37.5,B5_GEa_F030_R2.txt,2,2,late,125.0,1,47.30098795556883,47.30098795556883
B_OLD_CKPT_NEW_DATA,OLD,NEW,164,0,0,Ethanol,100.0,B5_GEa_F080_R1.txt,1,2,late,140.0,1,93.82792951018024,93.82792951018024
B_OLD_CKPT_NEW_DATA,OLD,NEW,165,3,3,Methane,175.0,B5_GMe_F070_R2.txt,2,2,late,90.0,1,174.61775787860145,174.61775787860145
B_OLD_CKPT_NEW_DATA,OLD,NEW,166,2,2,Ethylene,125.0,B5_GEy_F100_R2.txt,2,2,late,120.0,1,125.0,125.0
B_OLD_CKPT_NEW_DATA,OLD,NEW,167,0,0,Ethanol,112.5,B5_GEa_F090_R2.txt,2,2,late,60.0,1,98.3113378258201,98.3113378258201
B_OLD_CKPT_NEW_DATA,OLD,NEW,168,3,3,Methane,25.0,B5_GMe_F010_R2.txt,2,2,late,140.0,1,53.77599881416362,53.77599881416362
B_OLD_CKPT_NEW_DATA,OLD,NEW,169,3,3,Methane,100.0,B5_GMe_F040_R2.txt,2,2,late,90.0,1,113.7970421778536,113.7970421778536
B_OLD_CKPT_NEW_DATA,OLD,NEW,170,0,0,Ethanol,62.5,B5_GEa_F050_R2.txt,2,2,late,135.0,1,63.69323078045251,63.69323078045251
B_OLD_CKPT_NEW_DATA,OLD,NEW,171,3,3,Methane,200.0,B5_GMe_F080_R1.txt,1,2,late,80.0,1,174.9696661815866,174.9696661815866
B_OLD_CKPT_NEW_DATA,OLD,NEW,172,1,1,CO,200.0,B5_GCO_F080_R1.txt,1,2,late,140.0,1,224.29451375780945,224.29451375780945
B_OLD_CKPT_NEW_DATA,OLD,NEW,173,0,0,Ethanol,125.0,B5_GEa_F100_R2.txt,2,2,late,60.0,1,100.21164818572913,100.21164818572913
B_OLD_CKPT_NEW_DATA,OLD,NEW,174,3,3,Methane,100.0,B5_GMe_F040_R1.txt,1,2,late,85.0,1,117.23583738317971,117.23583738317971
B_OLD_CKPT_NEW_DATA,OLD,NEW,175,1,1,CO,175.0,B5_GCO_F070_R2.txt,2,2,late,60.0,1,186.03081949103134,186.03081949103134
B_OLD_CKPT_NEW_DATA,OLD,NEW,176,1,1,CO,100.0,B5_GCO_F040_R2.txt,2,2,late,75.0,1,86.9966845689413,86.9966845689413
B_OLD_CKPT_NEW_DATA,OLD,NEW,177,2,2,Ethylene,50.0,B5_GEy_F040_R1.txt,1,2,late,75.0,1,49.88214414381812,49.88214414381812
B_OLD_CKPT_NEW_DATA,OLD,NEW,178,2,2,Ethylene,25.0,B5_GEy_F020_R1.txt,1,2,late,70.0,1,22.84922268541099,22.84922268541099
B_OLD_CKPT_NEW_DATA,OLD,NEW,179,3,3,Methane,225.0,B5_GMe_F090_R2.txt,2,2,late,155.0,1,197.75970195051295,197.75970195051295
B_OLD_CKPT_NEW_DATA,OLD,NEW,180,1,1,CO,175.0,B5_GCO_F070_R2.txt,2,2,late,120.0,1,181.6377761539858,181.6377761539858
B_OLD_CKPT_NEW_DATA,OLD,NEW,181,1,1,CO,50.0,B5_GCO_F020_R2.txt,2,2,late,85.0,1,51.61916207109624,51.61916207109624
B_OLD_CKPT_NEW_DATA,OLD,NEW,182,3,3,Methane,125.0,B5_GMe_F050_R2.txt,2,2,late,70.0,1,143.30403429471494,143.30403429471494
B_OLD_CKPT_NEW_DATA,OLD,NEW,183,0,0,Ethanol,87.5,B5_GEa_F070_R2.txt,2,2,late,75.0,1,83.75356143503653,83.75356143503653
B_OLD_CKPT_NEW_DATA,OLD,NEW,184,3,3,Methane,75.0,B5_GMe_F030_R1.txt,1,2,late,120.0,1,108.04740308138383,108.04740308138383
B_OLD_CKPT_NEW_DATA,OLD,NEW,185,3,3,Methane,75.0,B5_GMe_F030_R2.txt,2,2,late,155.0,1,77.63937921521563,77.63937921521563
B_OLD_CKPT_NEW_DATA,OLD,NEW,186,1,1,CO,75.0,B5_GCO_F030_R1.txt,1,2,late,125.0,1,75.18662493893719,75.18662493893719
B_OLD_CKPT_NEW_DATA,OLD,NEW,187,1,1,CO,25.0,B5_GCO_F010_R2.txt,2,2,late,90.0,1,25.0,25.0
B_OLD_CKPT_NEW_DATA,OLD,NEW,188,0,2,Ethanol,25.0,B5_GEa_F020_R1.txt,1,2,late,160.0,0,125.0,35.7521522081577
B_OLD_CKPT_NEW_DATA,OLD,NEW,189,1,1,CO,100.0,B5_GCO_F040_R1.txt,1,2,late,135.0,1,97.89506955201463,97.89506955201463
B_OLD_CKPT_NEW_DATA,OLD,NEW,190,2,2,Ethylene,87.5,B5_GEy_F070_R2.txt,2,2,late,100.0,1,84.49640677564237,84.49640677564237
B_OLD_CKPT_NEW_DATA,OLD,NEW,191,0,0,Ethanol,87.5,B5_GEa_F070_R1.txt,1,2,late,145.0,1,97.6414846311449,97.6414846311449
B_OLD_CKPT_NEW_DATA,OLD,NEW,192,2,2,Ethylene,125.0,B5_GEy_F100_R2.txt,2,2,late,150.0,1,125.0,125.0
B_OLD_CKPT_NEW_DATA,OLD,NEW,193,0,0,Ethanol,75.0,B5_GEa_F060_R1.txt,1,2,late,90.0,1,78.50228845934365,78.50228845934365
B_OLD_CKPT_NEW_DATA,OLD,NEW,194,1,1,CO,25.0,B5_GCO_F010_R2.txt,2,2,late,75.0,1,25.0,25.0
B_OLD_CKPT_NEW_DATA,OLD,NEW,195,2,2,Ethylene,125.0,B5_GEy_F100_R2.txt,2,2,late,115.0,1,122.66126849304032,122.66126849304032
B_OLD_CKPT_NEW_DATA,OLD,NEW,196,3,3,Methane,75.0,B5_GMe_F030_R1.txt,1,2,late,110.0,1,90.88557649281378,90.88557649281378
B_OLD_CKPT_NEW_DATA,OLD,NEW,197,2,2,Ethylene,62.5,B5_GEy_F050_R2.txt,2,2,late,95.0,1,87.10868151102846,87.10868151102846
B_OLD_CKPT_NEW_DATA,OLD,NEW,198,3,3,Methane,25.0,B5_GMe_F010_R2.txt,2,2,late,80.0,1,86.18370063415045,86.18370063415045
B_OLD_CKPT_NEW_DATA,OLD,NEW,199,2,2,Ethylene,112.5,B5_GEy_F090_R2.txt,2,2,late,90.0,1,107.37076960077653,107.37076960077653
B_OLD_CKPT_NEW_DATA,OLD,NEW,200,2,2,Ethylene,75.0,B5_GEy_F060_R1.txt,1,2,late,130.0,1,79.76232039537474,79.76232039537474
B_OLD_CKPT_NEW_DATA,OLD,NEW,201,3,3,Methane,50.0,B5_GMe_F020_R2.txt,2,2,late,110.0,1,43.19985408720693,43.19985408720693
B_OLD_CKPT_NEW_DATA,OLD,NEW,202,0,0,Ethanol,25.0,B5_GEa_F020_R1.txt,1,2,late,75.0,1,29.8008227285901,29.8008227285901
B_OLD_CKPT_NEW_DATA,OLD,NEW,203,3,3,Methane,175.0,B5_GMe_F070_R1.txt,1,2,late,65.0,1,187.62265276718688,187.62265276718688
B_OLD_CKPT_NEW_DATA,OLD,NEW,204,2,2,Ethylene,100.0,B5_GEy_F080_R1.txt,1,2,late,115.0,1,102.12697262051937,102.12697262051937
B_OLD_CKPT_NEW_DATA,OLD,NEW,205,3,3,Methane,75.0,B5_GMe_F030_R1.txt,1,2,late,145.0,1,81.9437229852052,81.9437229852052
B_OLD_CKPT_NEW_DATA,OLD,NEW,206,0,0,Ethanol,12.5,B5_GEa_F010_R2.txt,2,2,late,110.0,1,13.099608110473898,13.099608110473898
B_OLD_CKPT_NEW_DATA,OLD,NEW,207,0,0,Ethanol,75.0,B5_GEa_F060_R1.txt,1,2,late,130.0,1,81.97407847743068,81.97407847743068
B_OLD_CKPT_NEW_DATA,OLD,NEW,208,3,3,Methane,25.0,B5_GMe_F010_R2.txt,2,2,late,95.0,1,50.11947668375375,50.11947668375375
B_OLD_CKPT_NEW_DATA,OLD,NEW,209,2,2,Ethylene,100.0,B5_GEy_F080_R1.txt,1,2,late,150.0,1,103.91531302963412,103.91531302963412
B_OLD_CKPT_NEW_DATA,OLD,NEW,210,0,0,Ethanol,37.5,B5_GEa_F030_R1.txt,1,2,late,150.0,1,47.457797991511725,47.457797991511725
B_OLD_CKPT_NEW_DATA,OLD,NEW,211,3,3,Methane,175.0,B5_GMe_F070_R1.txt,1,2,late,160.0,1,159.09601194023563,159.09601194023563
B_OLD_CKPT_NEW_DATA,OLD,NEW,212,0,0,Ethanol,112.5,B5_GEa_F090_R1.txt,1,2,late,105.0,1,110.82877778323578,110.82877778323578
B_OLD_CKPT_NEW_DATA,OLD,NEW,213,1,1,CO,125.0,B5_GCO_F050_R1.txt,1,2,late,145.0,1,130.93351374336612,130.93351374336612
B_OLD_CKPT_NEW_DATA,OLD,NEW,214,3,3,Methane,200.0,B5_GMe_F080_R1.txt,1,2,late,75.0,1,168.68586736883069,168.68586736883069
B_OLD_CKPT_NEW_DATA,OLD,NEW,215,2,2,Ethylene,25.0,B5_GEy_F020_R2.txt,2,2,late,100.0,1,27.21594812436988,27.21594812436988
B_OLD_CKPT_NEW_DATA,OLD,NEW,216,2,2,Ethylene,100.0,B5_GEy_F080_R1.txt,1,2,late,125.0,1,102.8738562763386,102.8738562763386
B_OLD_CKPT_NEW_DATA,OLD,NEW,217,0,0,Ethanol,100.0,B5_GEa_F080_R2.txt,2,2,late,150.0,1,100.32838328135875,100.32838328135875
B_OLD_CKPT_NEW_DATA,OLD,NEW,218,3,3,Methane,75.0,B5_GMe_F030_R2.txt,2,2,late,105.0,1,81.32542156936465,81.32542156936465
B_OLD_CKPT_NEW_DATA,OLD,NEW,219,2,2,Ethylene,62.5,B5_GEy_F050_R1.txt,1,2,late,150.0,1,61.991950991564224,61.991950991564224
B_OLD_CKPT_NEW_DATA,OLD,NEW,220,3,3,Methane,150.0,B5_GMe_F060_R2.txt,2,2,late,70.0,1,166.8384961455016,166.8384961455016
B_OLD_CKPT_NEW_DATA,OLD,NEW,221,1,1,CO,100.0,B5_GCO_F040_R1.txt,1,2,late,85.0,1,103.284633045148,103.284633045148
B_OLD_CKPT_NEW_DATA,OLD,NEW,222,1,1,CO,50.0,B5_GCO_F020_R1.txt,1,2,late,125.0,1,38.972354059142674,38.972354059142674
B_OLD_CKPT_NEW_DATA,OLD,NEW,223,1,1,CO,150.0,B5_GCO_F060_R1.txt,1,2,late,60.0,1,172.40628092595927,172.40628092595927
B_OLD_CKPT_NEW_DATA,OLD,NEW,224,3,3,Methane,175.0,B5_GMe_F070_R1.txt,1,2,late,150.0,1,167.37801126842834,167.37801126842834
B_OLD_CKPT_NEW_DATA,OLD,NEW,225,1,1,CO,250.0,B5_GCO_F100_R1.txt,1,2,late,110.0,1,239.48511277101852,239.48511277101852
B_OLD_CKPT_NEW_DATA,OLD,NEW,226,3,3,Methane,25.0,B5_GMe_F010_R1.txt,1,2,late,75.0,1,68.10024334309044,68.10024334309044
B_OLD_CKPT_NEW_DATA,OLD,NEW,227,0,0,Ethanol,12.5,B5_GEa_F010_R1.txt,1,2,late,100.0,1,16.15924663387107,16.15924663387107
B_OLD_CKPT_NEW_DATA,OLD,NEW,228,2,2,Ethylene,12.5,B5_GEy_F010_R1.txt,1,2,late,120.0,1,12.5,12.5
B_OLD_CKPT_NEW_DATA,OLD,NEW,229,0,0,Ethanol,100.0,B5_GEa_F080_R2.txt,2,2,late,65.0,1,84.45344999644783,84.45344999644783
B_OLD_CKPT_NEW_DATA,OLD,NEW,230,0,0,Ethanol,125.0,B5_GEa_F100_R2.txt,2,2,late,155.0,1,112.8624243020625,112.8624243020625
B_OLD_CKPT_NEW_DATA,OLD,NEW,231,1,1,CO,250.0,B5_GCO_F100_R2.txt,2,2,late,140.0,1,246.45114547628665,246.45114547628665
B_OLD_CKPT_NEW_DATA,OLD,NEW,232,3,3,Methane,100.0,B5_GMe_F040_R2.txt,2,2,late,155.0,1,136.82612526632306,136.82612526632306
B_OLD_CKPT_NEW_DATA,OLD,NEW,233,0,0,Ethanol,87.5,B5_GEa_F070_R1.txt,1,2,late,105.0,1,91.24776231949602,91.24776231949602
B_OLD_CKPT_NEW_DATA,OLD,NEW,234,3,3,Methane,250.0,B5_GMe_F100_R2.txt,2,2,late,110.0,1,218.62775206871225,218.62775206871225
B_OLD_CKPT_NEW_DATA,OLD,NEW,235,0,0,Ethanol,50.0,B5_GEa_F040_R2.txt,2,2,late,150.0,1,53.912940787382226,53.912940787382226
B_OLD_CKPT_NEW_DATA,OLD,NEW,236,2,2,Ethylene,87.5,B5_GEy_F070_R1.txt,1,2,late,85.0,1,86.09035095360602,86.09035095360602
B_OLD_CKPT_NEW_DATA,OLD,NEW,237,2,2,Ethylene,87.5,B5_GEy_F070_R2.txt,2,2,late,60.0,1,82.10402140187884,82.10402140187884
B_OLD_CKPT_NEW_DATA,OLD,NEW,238,1,1,CO,225.0,B5_GCO_F090_R1.txt,1,2,late,70.0,1,182.97139613398465,182.97139613398465
B_OLD_CKPT_NEW_DATA,OLD,NEW,239,0,0,Ethanol,87.5,B5_GEa_F070_R1.txt,1,2,late,135.0,1,97.38803676928671,97.38803676928671
B_OLD_CKPT_NEW_DATA,OLD,NEW,240,3,3,Methane,225.0,B5_GMe_F090_R1.txt,1,2,late,160.0,1,232.07040963470365,232.07040963470365
B_OLD_CKPT_NEW_DATA,OLD,NEW,241,3,3,Methane,75.0,B5_GMe_F030_R2.txt,2,2,late,110.0,1,76.83304826509368,76.83304826509368
B_OLD_CKPT_NEW_DATA,OLD,NEW,242,3,3,Methane,50.0,B5_GMe_F020_R1.txt,1,2,late,150.0,1,48.5068029663719,48.5068029663719
B_OLD_CKPT_NEW_DATA,OLD,NEW,243,1,1,CO,150.0,B5_GCO_F060_R1.txt,1,2,late,75.0,1,151.60946502318416,151.60946502318416
B_OLD_CKPT_NEW_DATA,OLD,NEW,244,0,0,Ethanol,100.0,B5_GEa_F080_R2.txt,2,2,late,120.0,1,96.5919805371752,96.5919805371752
B_OLD_CKPT_NEW_DATA,OLD,NEW,245,3,3,Methane,175.0,B5_GMe_F070_R1.txt,1,2,late,85.0,1,166.94959054585053,166.94959054585053
B_OLD_CKPT_NEW_DATA,OLD,NEW,246,1,1,CO,200.0,B5_GCO_F080_R1.txt,1,2,late,145.0,1,224.82755320453379,224.82755320453379
B_OLD_CKPT_NEW_DATA,OLD,NEW,247,1,1,CO,150.0,B5_GCO_F060_R2.txt,2,2,late,115.0,1,189.67668332773172,189.67668332773172
B_OLD_CKPT_NEW_DATA,OLD,NEW,248,0,0,Ethanol,87.5,B5_GEa_F070_R2.txt,2,2,late,160.0,1,89.12736705169624,89.12736705169624
B_OLD_CKPT_NEW_DATA,OLD,NEW,249,0,0,Ethanol,25.0,B5_GEa_F020_R2.txt,2,2,late,115.0,1,26.281310049368656,26.281310049368656
B_OLD_CKPT_NEW_DATA,OLD,NEW,250,3,3,Methane,200.0,B5_GMe_F080_R1.txt,1,2,late,130.0,1,250.0,250.0
B_OLD_CKPT_NEW_DATA,OLD,NEW,251,0,0,Ethanol,112.5,B5_GEa_F090_R1.txt,1,2,late,90.0,1,105.45038095766358,105.45038095766358
B_OLD_CKPT_NEW_DATA,OLD,NEW,252,0,0,Ethanol,87.5,B5_GEa_F070_R2.txt,2,2,late,130.0,1,88.65781588967276,88.65781588967276
B_OLD_CKPT_NEW_DATA,OLD,NEW,253,2,2,Ethylene,50.0,B5_GEy_F040_R1.txt,1,2,late,155.0,1,60.62582480882341,60.62582480882341
B_OLD_CKPT_NEW_DATA,OLD,NEW,254,1,1,CO,50.0,B5_GCO_F020_R2.txt,2,2,late,70.0,1,57.414425770819776,57.414425770819776
B_OLD_CKPT_NEW_DATA,OLD,NEW,255,3,3,Methane,150.0,B5_GMe_F060_R1.txt,1,2,late,160.0,1,144.58126188814367,144.58126188814367
B_OLD_CKPT_NEW_DATA,OLD,NEW,256,1,1,CO,200.0,B5_GCO_F080_R2.txt,2,2,late,125.0,1,225.04923000606988,225.04923000606988
B_OLD_CKPT_NEW_DATA,OLD,NEW,257,1,1,CO,175.0,B5_GCO_F070_R1.txt,1,2,late,75.0,1,158.81207433120022,158.81207433120022
B_OLD_CKPT_NEW_DATA,OLD,NEW,258,1,1,CO,50.0,B5_GCO_F020_R2.txt,2,2,late,125.0,1,36.604433677874596,36.604433677874596
B_OLD_CKPT_NEW_DATA,OLD,NEW,259,0,0,Ethanol,50.0,B5_GEa_F040_R2.txt,2,2,late,110.0,1,51.86244779624184,51.86244779624184
B_OLD_CKPT_NEW_DATA,OLD,NEW,260,1,1,CO,125.0,B5_GCO_F050_R1.txt,1,2,late,75.0,1,129.04423786886372,129.04423786886372
B_OLD_CKPT_NEW_DATA,OLD,NEW,261,3,3,Methane,50.0,B5_GMe_F020_R2.txt,2,2,late,90.0,1,62.326199739915616,62.326199739915616
B_OLD_CKPT_NEW_DATA,OLD,NEW,262,2,2,Ethylene,75.0,B5_GEy_F060_R1.txt,1,2,late,65.0,1,80.734595818299,80.734595818299
B_OLD_CKPT_NEW_DATA,OLD,NEW,263,2,2,Ethylene,12.5,B5_GEy_F010_R2.txt,2,2,late,65.0,1,15.940164417324599,15.940164417324599
B_OLD_CKPT_NEW_DATA,OLD,NEW,264,1,1,CO,25.0,B5_GCO_F010_R1.txt,1,2,late,75.0,1,35.32992120903177,35.32992120903177
B_OLD_CKPT_NEW_DATA,OLD,NEW,265,3,3,Methane,25.0,B5_GMe_F010_R2.txt,2,2,late,125.0,1,82.73633119767031,82.73633119767031
B_OLD_CKPT_NEW_DATA,OLD,NEW,266,3,3,Methane,225.0,B5_GMe_F090_R2.txt,2,2,late,115.0,1,192.1207323945954,192.1207323945954
B_OLD_CKPT_NEW_DATA,OLD,NEW,267,0,0,Ethanol,75.0,B5_GEa_F060_R1.txt,1,2,late,105.0,1,80.66969480988398,80.66969480988398
B_OLD_CKPT_NEW_DATA,OLD,NEW,268,0,0,Ethanol,100.0,B5_GEa_F080_R1.txt,1,2,late,95.0,1,90.6058317481361,90.6058317481361
B_OLD_CKPT_NEW_DATA,OLD,NEW,269,2,2,Ethylene,75.0,B5_GEy_F060_R2.txt,2,2,late,120.0,1,74.11043745339443,74.11043745339443
B_OLD_CKPT_NEW_DATA,OLD,NEW,270,0,0,Ethanol,12.5,B5_GEa_F010_R1.txt,1,2,late,140.0,1,15.844112727693531,15.844112727693531
B_OLD_CKPT_NEW_DATA,OLD,NEW,271,2,2,Ethylene,75.0,B5_GEy_F060_R2.txt,2,2,late,60.0,1,72.863159944291,72.863159944291
B_OLD_CKPT_NEW_DATA,OLD,NEW,272,0,0,Ethanol,75.0,B5_GEa_F060_R1.txt,1,2,late,75.0,1,77.618194022666,77.618194022666
B_OLD_CKPT_NEW_DATA,OLD,NEW,273,1,1,CO,25.0,B5_GCO_F010_R2.txt,2,2,late,70.0,1,25.0,25.0
B_OLD_CKPT_NEW_DATA,OLD,NEW,274,2,2,Ethylene,12.5,B5_GEy_F010_R1.txt,1,2,late,85.0,1,12.5,12.5
B_OLD_CKPT_NEW_DATA,OLD,NEW,275,1,1,CO,225.0,B5_GCO_F090_R1.txt,1,2,late,155.0,1,231.76111889409893,231.76111889409893
B_OLD_CKPT_NEW_DATA,OLD,NEW,276,2,2,Ethylene,112.5,B5_GEy_F090_R2.txt,2,2,late,145.0,1,108.0178230153411,108.0178230153411
B_OLD_CKPT_NEW_DATA,OLD,NEW,277,2,2,Ethylene,25.0,B5_GEy_F020_R2.txt,2,2,late,125.0,1,23.578687818022434,23.578687818022434
B_OLD_CKPT_NEW_DATA,OLD,NEW,278,3,3,Methane,200.0,B5_GMe_F080_R2.txt,2,2,late,65.0,1,179.02503503913775,179.02503503913775
B_OLD_CKPT_NEW_DATA,OLD,NEW,279,1,1,CO,250.0,B5_GCO_F100_R2.txt,2,2,late,125.0,1,250.0,250.0
B_OLD_CKPT_NEW_DATA,OLD,NEW,280,3,3,Methane,150.0,B5_GMe_F060_R1.txt,1,2,late,150.0,1,152.11556198390693,152.11556198390693
B_OLD_CKPT_NEW_DATA,OLD,NEW,281,1,1,CO,150.0,B5_GCO_F060_R2.txt,2,2,late,110.0,1,172.0140415336203,172.0140415336203
B_OLD_CKPT_NEW_DATA,OLD,NEW,282,2,2,Ethylene,100.0,B5_GEy_F080_R1.txt,1,2,late,65.0,1,104.80583611994291,104.80583611994291
B_OLD_CKPT_NEW_DATA,OLD,NEW,283,0,0,Ethanol,37.5,B5_GEa_F030_R2.txt,2,2,late,85.0,1,38.67080207068227,38.67080207068227
B_OLD_CKPT_NEW_DATA,OLD,NEW,284,2,2,Ethylene,62.5,B5_GEy_F050_R2.txt,2,2,late,150.0,1,62.3958499769431,62.3958499769431
B_OLD_CKPT_NEW_DATA,OLD,NEW,285,1,1,CO,225.0,B5_GCO_F090_R1.txt,1,2,late,110.0,1,218.49723761882052,218.49723761882052
B_OLD_CKPT_NEW_DATA,OLD,NEW,286,2,2,Ethylene,112.5,B5_GEy_F090_R2.txt,2,2,late,110.0,1,109.39661157664808,109.39661157664808
B_OLD_CKPT_NEW_DATA,OLD,NEW,287,0,0,Ethanol,75.0,B5_GEa_F060_R2.txt,2,2,late,115.0,1,67.34866149415218,67.34866149415218
B_OLD_CKPT_NEW_DATA,OLD,NEW,288,1,1,CO,125.0,B5_GCO_F050_R2.txt,2,2,late,125.0,1,109.03299434764102,109.03299434764102
B_OLD_CKPT_NEW_DATA,OLD,NEW,289,0,0,Ethanol,112.5,B5_GEa_F090_R2.txt,2,2,late,70.0,1,103.6802444550351,103.6802444550351
B_OLD_CKPT_NEW_DATA,OLD,NEW,290,2,2,Ethylene,125.0,B5_GEy_F100_R2.txt,2,2,late,85.0,1,122.73226383346022,122.73226383346022
B_OLD_CKPT_NEW_DATA,OLD,NEW,291,0,0,Ethanol,125.0,B5_GEa_F100_R1.txt,1,2,late,70.0,1,113.49570902246035,113.49570902246035
B_OLD_CKPT_NEW_DATA,OLD,NEW,292,1,1,CO,225.0,B5_GCO_F090_R2.txt,2,2,late,95.0,1,200.3135607207511,200.3135607207511
B_OLD_CKPT_NEW_DATA,OLD,NEW,293,2,2,Ethylene,125.0,B5_GEy_F100_R2.txt,2,2,late,80.0,1,121.74199547438191,121.74199547438191
B_OLD_CKPT_NEW_DATA,OLD,NEW,294,3,3,Methane,100.0,B5_GMe_F040_R1.txt,1,2,late,100.0,1,121.7140613836983,121.7140613836983
B_OLD_CKPT_NEW_DATA,OLD,NEW,295,0,0,Ethanol,125.0,B5_GEa_F100_R1.txt,1,2,late,75.0,1,112.83283461089837,112.83283461089837
B_OLD_CKPT_NEW_DATA,OLD,NEW,296,0,0,Ethanol,125.0,B5_GEa_F100_R1.txt,1,2,late,150.0,1,125.0,125.0
B_OLD_CKPT_NEW_DATA,OLD,NEW,297,3,3,Methane,200.0,B5_GMe_F080_R1.txt,1,2,late,115.0,1,192.58996244858793,192.58996244858793
B_OLD_CKPT_NEW_DATA,OLD,NEW,298,1,1,CO,200.0,B5_GCO_F080_R1.txt,1,2,late,155.0,1,208.97988809516704,208.97988809516704
B_OLD_CKPT_NEW_DATA,OLD,NEW,299,3,1,Methane,225.0,B5_GMe_F090_R1.txt,1,2,late,130.0,0,25.0,99.51458470030076
B_OLD_CKPT_NEW_DATA,OLD,NEW,300,0,0,Ethanol,25.0,B5_GEa_F020_R2.txt,2,2,late,90.0,1,25.70569354958439,25.70569354958439
B_OLD_CKPT_NEW_DATA,OLD,NEW,301,3,3,Methane,225.0,B5_GMe_F090_R1.txt,1,2,late,145.0,1,134.94507260714147,134.94507260714147
B_OLD_CKPT_NEW_DATA,OLD,NEW,302,3,3,Methane,50.0,B5_GMe_F020_R2.txt,2,2,late,80.0,1,42.43850027515601,42.43850027515601
B_OLD_CKPT_NEW_DATA,OLD,NEW,303,2,2,Ethylene,125.0,B5_GEy_F100_R2.txt,2,2,late,65.0,1,125.0,125.0
B_OLD_CKPT_NEW_DATA,OLD,NEW,304,3,3,Methane,150.0,B5_GMe_F060_R2.txt,2,2,late,160.0,1,146.4961454808149,146.4961454808149
B_OLD_CKPT_NEW_DATA,OLD,NEW,305,0,0,Ethanol,87.5,B5_GEa_F070_R1.txt,1,2,late,85.0,1,87.99756139188082,87.99756139188082
B_OLD_CKPT_NEW_DATA,OLD,NEW,306,0,0,Ethanol,62.5,B5_GEa_F050_R2.txt,2,2,late,95.0,1,61.22184904423207,61.22184904423207
B_OLD_CKPT_NEW_DATA,OLD,NEW,307,2,2,Ethylene,87.5,B5_GEy_F070_R1.txt,1,2,late,155.0,1,98.6724919703129,98.6724919703129
B_OLD_CKPT_NEW_DATA,OLD,NEW,308,0,0,Ethanol,37.5,B5_GEa_F030_R2.txt,2,2,late,90.0,1,41.354992775596884,41.354992775596884
B_OLD_CKPT_NEW_DATA,OLD,NEW,309,2,2,Ethylene,75.0,B5_GEy_F060_R2.txt,2,2,late,130.0,1,76.65052558595357,76.65052558595357
B_OLD_CKPT_NEW_DATA,OLD,NEW,310,1,1,CO,75.0,B5_GCO_F030_R1.txt,1,2,late,75.0,1,57.868029673916,57.868029673916
B_OLD_CKPT_NEW_DATA,OLD,NEW,311,3,3,Methane,75.0,B5_GMe_F030_R2.txt,2,2,late,150.0,1,74.03519267211408,74.03519267211408
B_OLD_CKPT_NEW_DATA,OLD,NEW,312,3,3,Methane,125.0,B5_GMe_F050_R2.txt,2,2,late,135.0,1,142.02894614078681,142.02894614078681
B_OLD_CKPT_NEW_DATA,OLD,NEW,313,2,2,Ethylene,75.0,B5_GEy_F060_R1.txt,1,2,late,100.0,1,79.84162978023564,79.84162978023564
B_OLD_CKPT_NEW_DATA,OLD,NEW,314,3,3,Methane,50.0,B5_GMe_F020_R1.txt,1,2,late,140.0,1,72.61165412536728,72.61165412536728
B_OLD_CKPT_NEW_DATA,OLD,NEW,315,0,0,Ethanol,50.0,B5_GEa_F040_R2.txt,2,2,late,95.0,1,48.52568301266488,48.52568301266488
B_OLD_CKPT_NEW_DATA,OLD,NEW,316,1,1,CO,250.0,B5_GCO_F100_R1.txt,1,2,late,100.0,1,243.4647156792142,243.4647156792142
B_OLD_CKPT_NEW_DATA,OLD,NEW,317,0,0,Ethanol,100.0,B5_GEa_F080_R2.txt,2,2,late,105.0,1,94.9735389495491,94.9735389495491
B_OLD_CKPT_NEW_DATA,OLD,NEW,318,1,1,CO,75.0,B5_GCO_F030_R1.txt,1,2,late,65.0,1,54.522067081401644,54.522067081401644
B_OLD_CKPT_NEW_DATA,OLD,NEW,319,0,0,Ethanol,125.0,B5_GEa_F100_R2.txt,2,2,late,115.0,1,112.51176279704899,112.51176279704899
B_OLD_CKPT_NEW_DATA,OLD,NEW,320,3,3,Methane,150.0,B5_GMe_F060_R1.txt,1,2,late,70.0,1,168.6930329684925,168.6930329684925
B_OLD_CKPT_NEW_DATA,OLD,NEW,321,1,1,CO,225.0,B5_GCO_F090_R1.txt,1,2,late,100.0,1,232.1863230365479,232.1863230365479
B_OLD_CKPT_NEW_DATA,OLD,NEW,322,0,0,Ethanol,62.5,B5_GEa_F050_R1.txt,1,2,late,120.0,1,74.59382198446899,74.59382198446899
B_OLD_CKPT_NEW_DATA,OLD,NEW,323,1,1,CO,50.0,B5_GCO_F020_R1.txt,1,2,late,60.0,1,25.06646951702234,25.06646951702234
B_OLD_CKPT_NEW_DATA,OLD,NEW,324,0,0,Ethanol,125.0,B5_GEa_F100_R1.txt,1,2,late,60.0,1,114.00641495883212,114.00641495883212
B_OLD_CKPT_NEW_DATA,OLD,NEW,325,2,2,Ethylene,112.5,B5_GEy_F090_R2.txt,2,2,late,140.0,1,106.54048729668179,106.54048729668179
B_OLD_CKPT_NEW_DATA,OLD,NEW,326,3,3,Methane,250.0,B5_GMe_F100_R2.txt,2,2,late,155.0,1,201.37326233534102,201.37326233534102
B_OLD_CKPT_NEW_DATA,OLD,NEW,327,3,3,Methane,175.0,B5_GMe_F070_R2.txt,2,2,late,155.0,1,211.5321348618855,211.5321348618855
B_OLD_CKPT_NEW_DATA,OLD,NEW,328,0,0,Ethanol,37.5,B5_GEa_F030_R2.txt,2,2,late,105.0,1,48.99845985030409,48.99845985030409
B_OLD_CKPT_NEW_DATA,OLD,NEW,329,1,1,CO,125.0,B5_GCO_F050_R1.txt,1,2,late,65.0,1,144.90383594110392,144.90383594110392
B_OLD_CKPT_NEW_DATA,OLD,NEW,330,0,0,Ethanol,112.5,B5_GEa_F090_R2.txt,2,2,late,135.0,1,109.61756671465369,109.61756671465369
B_OLD_CKPT_NEW_DATA,OLD,NEW,331,1,1,CO,250.0,B5_GCO_F100_R2.txt,2,2,late,60.0,1,250.0,250.0
B_OLD_CKPT_NEW_DATA,OLD,NEW,332,3,3,Methane,225.0,B5_GMe_F090_R2.txt,2,2,late,120.0,1,207.68946016588745,207.68946016588745
B_OLD_CKPT_NEW_DATA,OLD,NEW,333,2,2,Ethylene,87.5,B5_GEy_F070_R2.txt,2,2,late,95.0,1,88.24159925461035,88.24159925461035
B_OLD_CKPT_NEW_DATA,OLD,NEW,334,0,0,Ethanol,125.0,B5_GEa_F100_R2.txt,2,2,late,130.0,1,115.15392106808272,115.15392106808272
B_OLD_CKPT_NEW_DATA,OLD,NEW,335,3,3,Methane,125.0,B5_GMe_F050_R2.txt,2,2,late,95.0,1,129.10799072527558,129.10799072527558
B_OLD_CKPT_NEW_DATA,OLD,NEW,336,3,3,Methane,100.0,B5_GMe_F040_R1.txt,1,2,late,125.0,1,128.37806175227325,128.37806175227325
B_OLD_CKPT_NEW_DATA,OLD,NEW,337,2,2,Ethylene,125.0,B5_GEy_F100_R2.txt,2,2,late,125.0,1,125.0,125.0
B_OLD_CKPT_NEW_DATA,OLD,NEW,338,3,3,Methane,175.0,B5_GMe_F070_R1.txt,1,2,late,75.0,1,167.5042595242328,167.5042595242328
B_OLD_CKPT_NEW_DATA,OLD,NEW,339,1,1,CO,50.0,B5_GCO_F020_R2.txt,2,2,late,160.0,1,29.4772763031238,29.4772763031238
B_OLD_CKPT_NEW_DATA,OLD,NEW,340,0,1,Ethanol,12.5,B5_GEa_F010_R2.txt,2,2,late,155.0,0,250.0,16.015533260119305
B_OLD_CKPT_NEW_DATA,OLD,NEW,341,2,2,Ethylene,12.5,B5_GEy_F010_R1.txt,1,2,late,80.0,1,12.5,12.5
B_OLD_CKPT_NEW_DATA,OLD,NEW,342,0,0,Ethanol,87.5,B5_GEa_F070_R1.txt,1,2,late,70.0,1,89.79264989878902,89.79264989878902
B_OLD_CKPT_NEW_DATA,OLD,NEW,343,1,1,CO,200.0,B5_GCO_F080_R1.txt,1,2,late,95.0,1,228.9755458124572,228.9755458124572
B_OLD_CKPT_NEW_DATA,OLD,NEW,344,3,3,Methane,125.0,B5_GMe_F050_R1.txt,1,2,late,95.0,1,176.75127526970167,176.75127526970167
B_OLD_CKPT_NEW_DATA,OLD,NEW,345,3,3,Methane,50.0,B5_GMe_F020_R2.txt,2,2,late,65.0,1,92.90877757259841,92.90877757259841
B_OLD_CKPT_NEW_DATA,OLD,NEW,346,0,0,Ethanol,112.5,B5_GEa_F090_R1.txt,1,2,late,60.0,1,102.38856042645253,102.38856042645253
B_OLD_CKPT_NEW_DATA,OLD,NEW,347,0,0,Ethanol,12.5,B5_GEa_F010_R2.txt,2,2,late,100.0,1,12.5,12.5
B_OLD_CKPT_NEW_DATA,OLD,NEW,348,0,0,Ethanol,62.5,B5_GEa_F050_R2.txt,2,2,late,80.0,1,61.42522001192431,61.42522001192431
B_OLD_CKPT_NEW_DATA,OLD,NEW,349,0,0,Ethanol,12.5,B5_GEa_F010_R2.txt,2,2,late,80.0,1,12.596112166560886,12.596112166560886
B_OLD_CKPT_NEW_DATA,OLD,NEW,350,0,0,Ethanol,37.5,B5_GEa_F030_R2.txt,2,2,late,80.0,1,37.874790170875855,37.874790170875855
B_OLD_CKPT_NEW_DATA,OLD,NEW,351,2,2,Ethylene,37.5,B5_GEy_F030_R1.txt,1,2,late,140.0,1,39.82452392201083,39.82452392201083
B_OLD_CKPT_NEW_DATA,OLD,NEW,352,1,1,CO,50.0,B5_GCO_F020_R2.txt,2,2,late,65.0,1,57.09305580696187,57.09305580696187
B_OLD_CKPT_NEW_DATA,OLD,NEW,353,2,2,Ethylene,12.5,B5_GEy_F010_R2.txt,2,2,late,110.0,1,12.5,12.5
B_OLD_CKPT_NEW_DATA,OLD,NEW,354,2,2,Ethylene,25.0,B5_GEy_F020_R2.txt,2,2,late,110.0,1,26.60053231623901,26.60053231623901
B_OLD_CKPT_NEW_DATA,OLD,NEW,355,1,1,CO,100.0,B5_GCO_F040_R2.txt,2,2,late,140.0,1,93.76522981866518,93.76522981866518
B_OLD_CKPT_NEW_DATA,OLD,NEW,356,0,0,Ethanol,125.0,B5_GEa_F100_R2.txt,2,2,late,75.0,1,104.38142210263138,104.38142210263138
B_OLD_CKPT_NEW_DATA,OLD,NEW,357,0,0,Ethanol,125.0,B5_GEa_F100_R2.txt,2,2,late,95.0,1,106.01629878173377,106.01629878173377
B_OLD_CKPT_NEW_DATA,OLD,NEW,358,3,3,Methane,150.0,B5_GMe_F060_R1.txt,1,2,late,110.0,1,151.02126278212282,151.02126278212282
B_OLD_CKPT_NEW_DATA,OLD,NEW,359,3,3,Methane,50.0,B5_GMe_F020_R1.txt,1,2,late,100.0,1,78.23580373998733,78.23580373998733
B_OLD_CKPT_NEW_DATA,OLD,NEW,360,2,2,Ethylene,62.5,B5_GEy_F050_R2.txt,2,2,late,65.0,1,60.53715459953265,60.53715459953265
B_OLD_CKPT_NEW_DATA,OLD,NEW,361,1,1,CO,125.0,B5_GCO_F050_R1.txt,1,2,late,140.0,1,110.89615230991402,110.89615230991402
B_OLD_CKPT_NEW_DATA,OLD,NEW,362,2,2,Ethylene,25.0,B5_GEy_F020_R1.txt,1,2,late,160.0,1,26.31639120646151,26.31639120646151
B_OLD_CKPT_NEW_DATA,OLD,NEW,363,2,2,Ethylene,75.0,B5_GEy_F060_R1.txt,1,2,late,140.0,1,77.14905434182312,77.14905434182312
B_OLD_CKPT_NEW_DATA,OLD,NEW,364,3,3,Methane,50.0,B5_GMe_F020_R2.txt,2,2,late,130.0,1,63.580807123128054,63.580807123128054
B_OLD_CKPT_NEW_DATA,OLD,NEW,365,1,1,CO,25.0,B5_GCO_F010_R1.txt,1,2,late,115.0,1,25.0,25.0
B_OLD_CKPT_NEW_DATA,OLD,NEW,366,0,0,Ethanol,112.5,B5_GEa_F090_R1.txt,1,2,late,140.0,1,111.2200668510998,111.2200668510998
B_OLD_CKPT_NEW_DATA,OLD,NEW,367,3,3,Methane,125.0,B5_GMe_F050_R1.txt,1,2,late,145.0,1,115.36598176635559,115.36598176635559
B_OLD_CKPT_NEW_DATA,OLD,NEW,368,3,3,Methane,200.0,B5_GMe_F080_R1.txt,1,2,late,90.0,1,211.55771587490312,211.55771587490312
B_OLD_CKPT_NEW_DATA,OLD,NEW,369,2,2,Ethylene,87.5,B5_GEy_F070_R2.txt,2,2,late,70.0,1,86.97830014183586,86.97830014183586
B_OLD_CKPT_NEW_DATA,OLD,NEW,370,2,2,Ethylene,25.0,B5_GEy_F020_R1.txt,1,2,late,115.0,1,26.83052163315904,26.83052163315904
B_OLD_CKPT_NEW_DATA,OLD,NEW,371,0,0,Ethanol,62.5,B5_GEa_F050_R1.txt,1,2,late,90.0,1,71.1497772836111,71.1497772836111
B_OLD_CKPT_NEW_DATA,OLD,NEW,372,1,1,CO,125.0,B5_GCO_F050_R2.txt,2,2,late,140.0,1,141.10628670112885,141.10628670112885
B_OLD_CKPT_NEW_DATA,OLD,NEW,373,2,2,Ethylene,100.0,B5_GEy_F080_R2.txt,2,2,late,110.0,1,101.66396391133853,101.66396391133853
B_OLD_CKPT_NEW_DATA,OLD,NEW,374,0,0,Ethanol,87.5,B5_GEa_F070_R2.txt,2,2,late,90.0,1,86.10814532920818,86.10814532920818
B_OLD_CKPT_NEW_DATA,OLD,NEW,375,3,3,Methane,75.0,B5_GMe_F030_R2.txt,2,2,late,60.0,1,105.62945539723462,105.62945539723462
B_OLD_CKPT_NEW_DATA,OLD,NEW,376,1,1,CO,150.0,B5_GCO_F060_R1.txt,1,2,late,90.0,1,147.70052370389706,147.70052370389706
B_OLD_CKPT_NEW_DATA,OLD,NEW,377,3,3,Methane,25.0,B5_GMe_F010_R1.txt,1,2,late,60.0,1,60.329907203410045,60.329907203410045
B_OLD_CKPT_NEW_DATA,OLD,NEW,378,3,3,Methane,250.0,B5_GMe_F100_R2.txt,2,2,late,105.0,1,198.25107333321583,198.25107333321583
B_OLD_CKPT_NEW_DATA,OLD,NEW,379,0,0,Ethanol,37.5,B5_GEa_F030_R2.txt,2,2,late,110.0,1,48.76151164862905,48.76151164862905
B_OLD_CKPT_NEW_DATA,OLD,NEW,380,1,1,CO,125.0,B5_GCO_F050_R2.txt,2,2,late,150.0,1,156.05246651739486,156.05246651739486
B_OLD_CKPT_NEW_DATA,OLD,NEW,381,3,3,Methane,25.0,B5_GMe_F010_R2.txt,2,2,late,75.0,1,60.29906140506493,60.29906140506493
B_OLD_CKPT_NEW_DATA,OLD,NEW,382,0,0,Ethanol,25.0,B5_GEa_F020_R2.txt,2,2,late,140.0,1,29.785063445163846,29.785063445163846
B_OLD_CKPT_NEW_DATA,OLD,NEW,383,1,1,CO,175.0,B5_GCO_F070_R2.txt,2,2,late,95.0,1,188.214639497696,188.214639497696
B_OLD_CKPT_NEW_DATA,OLD,NEW,384,0,0,Ethanol,37.5,B5_GEa_F030_R2.txt,2,2,late,60.0,1,36.24654694990292,36.24654694990292
B_OLD_CKPT_NEW_DATA,OLD,NEW,385,2,2,Ethylene,37.5,B5_GEy_F030_R2.txt,2,2,late,135.0,1,36.21037584671134,36.21037584671134
B_OLD_CKPT_NEW_DATA,OLD,NEW,386,0,0,Ethanol,25.0,B5_GEa_F020_R1.txt,1,2,late,140.0,1,35.34647437321363,35.34647437321363
B_OLD_CKPT_NEW_DATA,OLD,NEW,387,1,1,CO,150.0,B5_GCO_F060_R1.txt,1,2,late,140.0,1,133.14464279260937,133.14464279260937
B_OLD_CKPT_NEW_DATA,OLD,NEW,388,1,1,CO,175.0,B5_GCO_F070_R1.txt,1,2,late,120.0,1,180.55876822097002,180.55876822097002
B_OLD_CKPT_NEW_DATA,OLD,NEW,389,3,3,Methane,225.0,B5_GMe_F090_R2.txt,2,2,late,70.0,1,197.0832905012093,197.0832905012093
B_OLD_CKPT_NEW_DATA,OLD,NEW,390,0,0,Ethanol,75.0,B5_GEa_F060_R1.txt,1,2,late,85.0,1,78.93053162201838,78.93053162201838
B_OLD_CKPT_NEW_DATA,OLD,NEW,391,3,3,Methane,225.0,B5_GMe_F090_R2.txt,2,2,late,130.0,1,230.94813809080284,230.94813809080284
B_OLD_CKPT_NEW_DATA,OLD,NEW,392,1,1,CO,100.0,B5_GCO_F040_R1.txt,1,2,late,145.0,1,119.04943794182219,119.04943794182219
B_OLD_CKPT_NEW_DATA,OLD,NEW,393,3,3,Methane,125.0,B5_GMe_F050_R2.txt,2,2,late,130.0,1,124.82488629611612,124.82488629611612
B_OLD_CKPT_NEW_DATA,OLD,NEW,394,3,3,Methane,125.0,B5_GMe_F050_R1.txt,1,2,late,155.0,1,102.75118114306363,102.75118114306363
B_OLD_CKPT_NEW_DATA,OLD,NEW,395,1,1,CO,75.0,B5_GCO_F030_R2.txt,2,2,late,110.0,1,93.60212385922254,93.60212385922254
B_OLD_CKPT_NEW_DATA,OLD,NEW,396,2,2,Ethylene,37.5,B5_GEy_F030_R2.txt,2,2,late,105.0,1,37.18072926339413,37.18072926339413
B_OLD_CKPT_NEW_DATA,OLD,NEW,397,2,2,Ethylene,62.5,B5_GEy_F050_R2.txt,2,2,late,115.0,1,62.96717828212828,62.96717828212828
B_OLD_CKPT_NEW_DATA,OLD,NEW,398,0,0,Ethanol,12.5,B5_GEa_F010_R2.txt,2,2,late,115.0,1,12.5,12.5
B_OLD_CKPT_NEW_DATA,OLD,NEW,399,2,2,Ethylene,50.0,B5_GEy_F040_R1.txt,1,2,late,95.0,1,53.47695044157551,53.47695044157551
B_OLD_CKPT_NEW_DATA,OLD,NEW,400,2,2,Ethylene,87.5,B5_GEy_F070_R2.txt,2,2,late,90.0,1,86.70282354589258,86.70282354589258
B_OLD_CKPT_NEW_DATA,OLD,NEW,401,0,0,Ethanol,12.5,B5_GEa_F010_R1.txt,1,2,late,110.0,1,14.034093162515614,14.034093162515614
B_OLD_CKPT_NEW_DATA,OLD,NEW,402,3,3,Methane,75.0,B5_GMe_F030_R2.txt,2,2,late,130.0,1,100.3027661106837,100.3027661106837
B_OLD_CKPT_NEW_DATA,OLD,NEW,403,1,1,CO,250.0,B5_GCO_F100_R1.txt,1,2,late,95.0,1,240.0091031831233,240.0091031831233
B_OLD_CKPT_NEW_DATA,OLD,NEW,404,3,3,Methane,75.0,B5_GMe_F030_R1.txt,1,2,late,70.0,1,112.70736192516752,112.70736192516752
B_OLD_CKPT_NEW_DATA,OLD,NEW,405,1,1,CO,75.0,B5_GCO_F030_R2.txt,2,2,late,100.0,1,73.69801463168199,73.69801463168199
B_OLD_CKPT_NEW_DATA,OLD,NEW,406,2,2,Ethylene,100.0,B5_GEy_F080_R2.txt,2,2,late,85.0,1,103.22105743646316,103.22105743646316
B_OLD_CKPT_NEW_DATA,OLD,NEW,407,2,2,Ethylene,87.5,B5_GEy_F070_R1.txt,1,2,late,125.0,1,86.59453404139839,86.59453404139839
B_OLD_CKPT_NEW_DATA,OLD,NEW,408,0,0,Ethanol,87.5,B5_GEa_F070_R2.txt,2,2,late,125.0,1,92.1189864126064,92.1189864126064
B_OLD_CKPT_NEW_DATA,OLD,NEW,409,1,1,CO,25.0,B5_GCO_F010_R1.txt,1,2,late,130.0,1,25.0,25.0
B_OLD_CKPT_NEW_DATA,OLD,NEW,410,2,2,Ethylene,37.5,B5_GEy_F030_R2.txt,2,2,late,160.0,1,40.312626512956285,40.312626512956285
B_OLD_CKPT_NEW_DATA,OLD,NEW,411,3,3,Methane,175.0,B5_GMe_F070_R1.txt,1,2,late,90.0,1,172.73970940124093,172.73970940124093
B_OLD_CKPT_NEW_DATA,OLD,NEW,412,1,1,CO,225.0,B5_GCO_F090_R1.txt,1,2,late,65.0,1,220.4588722578248,220.4588722578248
B_OLD_CKPT_NEW_DATA,OLD,NEW,413,3,3,Methane,150.0,B5_GMe_F060_R2.txt,2,2,late,95.0,1,154.8606855442193,154.8606855442193
B_OLD_CKPT_NEW_DATA,OLD,NEW,414,2,2,Ethylene,12.5,B5_GEy_F010_R2.txt,2,2,late,70.0,1,14.137753961531978,14.137753961531978
B_OLD_CKPT_NEW_DATA,OLD,NEW,415,0,0,Ethanol,25.0,B5_GEa_F020_R2.txt,2,2,late,150.0,1,29.070661567690014,29.070661567690014
B_OLD_CKPT_NEW_DATA,OLD,NEW,416,0,0,Ethanol,37.5,B5_GEa_F030_R1.txt,1,2,late,130.0,1,47.30735119361407,47.30735119361407
B_OLD_CKPT_NEW_DATA,OLD,NEW,417,1,1,CO,175.0,B5_GCO_F070_R2.txt,2,2,late,155.0,1,165.99078845694447,165.99078845694447
B_OLD_CKPT_NEW_DATA,OLD,NEW,418,1,1,CO,25.0,B5_GCO_F010_R2.txt,2,2,late,140.0,1,25.0,25.0
B_OLD_CKPT_NEW_DATA,OLD,NEW,419,2,2,Ethylene,75.0,B5_GEy_F060_R1.txt,1,2,late,85.0,1,78.7448581158356,78.7448581158356
B_OLD_CKPT_NEW_DATA,OLD,NEW,420,3,3,Methane,125.0,B5_GMe_F050_R1.txt,1,2,late,110.0,1,170.9277507703835,170.9277507703835
B_OLD_CKPT_NEW_DATA,OLD,NEW,421,2,2,Ethylene,12.5,B5_GEy_F010_R1.txt,1,2,late,90.0,1,12.5,12.5
B_OLD_CKPT_NEW_DATA,OLD,NEW,422,1,1,CO,150.0,B5_GCO_F060_R1.txt,1,2,late,160.0,1,112.91916439842117,112.91916439842117
B_OLD_CKPT_NEW_DATA,OLD,NEW,423,3,3,Methane,225.0,B5_GMe_F090_R1.txt,1,2,late,150.0,1,227.09510532346457,227.09510532346457
B_OLD_CKPT_NEW_DATA,OLD,NEW,424,2,2,Ethylene,100.0,B5_GEy_F080_R1.txt,1,2,late,80.0,1,103.67635815468398,103.67635815468398
B_OLD_CKPT_NEW_DATA,OLD,NEW,425,0,0,Ethanol,37.5,B5_GEa_F030_R1.txt,1,2,late,80.0,1,42.82093507397332,42.82093507397332
B_OLD_CKPT_NEW_DATA,OLD,NEW,426,3,3,Methane,125.0,B5_GMe_F050_R2.txt,2,2,late,60.0,1,148.67801618458745,148.67801618458745
B_OLD_CKPT_NEW_DATA,OLD,NEW,427,3,3,Methane,175.0,B5_GMe_F070_R1.txt,1,2,late,110.0,1,197.00811176280314,197.00811176280314
B_OLD_CKPT_NEW_DATA,OLD,NEW,428,2,2,Ethylene,50.0,B5_GEy_F040_R1.txt,1,2,late,115.0,1,56.111231973250376,56.111231973250376
B_OLD_CKPT_NEW_DATA,OLD,NEW,429,2,2,Ethylene,37.5,B5_GEy_F030_R2.txt,2,2,late,85.0,1,39.47611616967136,39.47611616967136
B_OLD_CKPT_NEW_DATA,OLD,NEW,430,3,3,Methane,75.0,B5_GMe_F030_R1.txt,1,2,late,105.0,1,96.13360779299089,96.13360779299089
B_OLD_CKPT_NEW_DATA,OLD,NEW,431,1,1,CO,200.0,B5_GCO_F080_R1.txt,1,2,late,115.0,1,221.06662929324511,221.06662929324511
B_OLD_CKPT_NEW_DATA,OLD,NEW,432,2,2,Ethylene,37.5,B5_GEy_F030_R1.txt,1,2,late,160.0,1,42.58997563382081,42.58997563382081
B_OLD_CKPT_NEW_DATA,OLD,NEW,433,1,1,CO,250.0,B5_GCO_F100_R2.txt,2,2,late,75.0,1,250.0,250.0
B_OLD_CKPT_NEW_DATA,OLD,NEW,434,2,2,Ethylene,62.5,B5_GEy_F050_R1.txt,1,2,late,65.0,1,64.47431155227298,64.47431155227298
B_OLD_CKPT_NEW_DATA,OLD,NEW,435,2,2,Ethylene,75.0,B5_GEy_F060_R2.txt,2,2,late,90.0,1,78.93603391044499,78.93603391044499
B_OLD_CKPT_NEW_DATA,OLD,NEW,436,1,1,CO,25.0,B5_GCO_F010_R2.txt,2,2,late,145.0,1,25.0,25.0
B_OLD_CKPT_NEW_DATA,OLD,NEW,437,3,3,Methane,100.0,B5_GMe_F040_R2.txt,2,2,late,75.0,1,102.23821618829646,102.23821618829646
B_OLD_CKPT_NEW_DATA,OLD,NEW,438,1,1,CO,75.0,B5_GCO_F030_R2.txt,2,2,late,65.0,1,85.44814358900544,85.44814358900544
B_OLD_CKPT_NEW_DATA,OLD,NEW,439,0,0,Ethanol,75.0,B5_GEa_F060_R1.txt,1,2,late,80.0,1,77.83325944458568,77.83325944458568
B_OLD_CKPT_NEW_DATA,OLD,NEW,440,0,0,Ethanol,100.0,B5_GEa_F080_R2.txt,2,2,late,140.0,1,97.01798284498511,97.01798284498511
B_OLD_CKPT_NEW_DATA,OLD,NEW,441,1,1,CO,225.0,B5_GCO_F090_R2.txt,2,2,late,115.0,1,213.48446812174979,213.48446812174979
B_OLD_CKPT_NEW_DATA,OLD,NEW,442,0,0,Ethanol,112.5,B5_GEa_F090_R1.txt,1,2,late,65.0,1,107.80930755726314,107.80930755726314
B_OLD_CKPT_NEW_DATA,OLD,NEW,443,1,1,CO,100.0,B5_GCO_F040_R2.txt,2,2,late,65.0,1,104.94316933503802,104.94316933503802
B_OLD_CKPT_NEW_DATA,OLD,NEW,444,2,2,Ethylene,125.0,B5_GEy_F100_R2.txt,2,2,late,105.0,1,123.56983918808264,123.56983918808264
B_OLD_CKPT_NEW_DATA,OLD,NEW,445,2,2,Ethylene,37.5,B5_GEy_F030_R2.txt,2,2,late,120.0,1,38.22424749538421,38.22424749538421
B_OLD_CKPT_NEW_DATA,OLD,NEW,446,3,3,Methane,250.0,B5_GMe_F100_R1.txt,1,2,late,80.0,1,191.52660638418735,191.52660638418735
B_OLD_CKPT_NEW_DATA,OLD,NEW,447,2,2,Ethylene,75.0,B5_GEy_F060_R1.txt,1,2,late,135.0,1,78.99224800337126,78.99224800337126
B_OLD_CKPT_NEW_DATA,OLD,NEW,448,0,0,Ethanol,62.5,B5_GEa_F050_R2.txt,2,2,late,105.0,1,63.90658738057523,63.90658738057523
B_OLD_CKPT_NEW_DATA,OLD,NEW,449,3,3,Methane,125.0,B5_GMe_F050_R1.txt,1,2,late,125.0,1,178.2596879289783,178.2596879289783
B_OLD_CKPT_NEW_DATA,OLD,NEW,450,2,2,Ethylene,62.5,B5_GEy_F050_R1.txt,1,2,late,100.0,1,61.63104486582779,61.63104486582779
B_OLD_CKPT_NEW_DATA,OLD,NEW,451,3,3,Methane,250.0,B5_GMe_F100_R1.txt,1,2,late,75.0,1,186.00748342456836,186.00748342456836
B_OLD_CKPT_NEW_DATA,OLD,NEW,452,2,2,Ethylene,87.5,B5_GEy_F070_R1.txt,1,2,late,130.0,1,88.74575446240237,88.74575446240237
B_OLD_CKPT_NEW_DATA,OLD,NEW,453,1,1,CO,25.0,B5_GCO_F010_R1.txt,1,2,late,160.0,1,25.0,25.0
B_OLD_CKPT_NEW_DATA,OLD,NEW,454,0,0,Ethanol,87.5,B5_GEa_F070_R2.txt,2,2,late,120.0,1,91.82979073631607,91.82979073631607
B_OLD_CKPT_NEW_DATA,OLD,NEW,455,1,1,CO,125.0,B5_GCO_F050_R1.txt,1,2,late,150.0,1,119.06836479704813,119.06836479704813
B_OLD_CKPT_NEW_DATA,OLD,NEW,456,0,0,Ethanol,50.0,B5_GEa_F040_R1.txt,1,2,late,140.0,1,55.492657972500275,55.492657972500275
B_OLD_CKPT_NEW_DATA,OLD,NEW,457,1,1,CO,50.0,B5_GCO_F020_R1.txt,1,2,late,115.0,1,58.22796673187,58.22796673187
B_OLD_CKPT_NEW_DATA,OLD,NEW,458,0,0,Ethanol,37.5,B5_GEa_F030_R1.txt,1,2,late,70.0,1,42.91497709699679,42.91497709699679
B_OLD_CKPT_NEW_DATA,OLD,NEW,459,3,3,Methane,200.0,B5_GMe_F080_R1.txt,1,2,late,95.0,1,211.8124778179241,211.8124778179241
B_OLD_CKPT_NEW_DATA,OLD,NEW,460,2,2,Ethylene,25.0,B5_GEy_F020_R2.txt,2,2,late,60.0,1,28.98860535327451,28.98860535327451
B_OLD_CKPT_NEW_DATA,OLD,NEW,461,1,1,CO,50.0,B5_GCO_F020_R1.txt,1,2,late,65.0,1,59.44189814316445,59.44189814316445
B_OLD_CKPT_NEW_DATA,OLD,NEW,462,3,3,Methane,175.0,B5_GMe_F070_R1.txt,1,2,late,60.0,1,176.53537984401504,176.53537984401504
B_OLD_CKPT_NEW_DATA,OLD,NEW,463,2,2,Ethylene,87.5,B5_GEy_F070_R1.txt,1,2,late,135.0,1,83.48281779072704,83.48281779072704
B_OLD_CKPT_NEW_DATA,OLD,NEW,464,3,3,Methane,25.0,B5_GMe_F010_R1.txt,1,2,late,80.0,1,47.757877467845084,47.757877467845084
B_OLD_CKPT_NEW_DATA,OLD,NEW,465,3,3,Methane,200.0,B5_GMe_F080_R1.txt,1,2,late,125.0,1,204.4748102837411,204.4748102837411
B_OLD_CKPT_NEW_DATA,OLD,NEW,466,0,0,Ethanol,12.5,B5_GEa_F010_R1.txt,1,2,late,65.0,1,15.150253617346422,15.150253617346422
B_OLD_CKPT_NEW_DATA,OLD,NEW,467,2,2,Ethylene,75.0,B5_GEy_F060_R1.txt,1,2,late,110.0,1,82.6299727460009,82.6299727460009
B_OLD_CKPT_NEW_DATA,OLD,NEW,468,2,2,Ethylene,100.0,B5_GEy_F080_R2.txt,2,2,late,115.0,1,98.55242703829701,98.55242703829701
B_OLD_CKPT_NEW_DATA,OLD,NEW,469,2,2,Ethylene,12.5,B5_GEy_F010_R2.txt,2,2,late,105.0,1,12.5,12.5
B_OLD_CKPT_NEW_DATA,OLD,NEW,470,2,2,Ethylene,87.5,B5_GEy_F070_R2.txt,2,2,late,150.0,1,84.70972516284857,84.70972516284857
B_OLD_CKPT_NEW_DATA,OLD,NEW,471,2,2,Ethylene,125.0,B5_GEy_F100_R1.txt,1,2,late,140.0,1,125.0,125.0
B_OLD_CKPT_NEW_DATA,OLD,NEW,472,3,3,Methane,25.0,B5_GMe_F010_R1.txt,1,2,late,105.0,1,67.60450262579472,67.60450262579472
B_OLD_CKPT_NEW_DATA,OLD,NEW,473,0,0,Ethanol,87.5,B5_GEa_F070_R1.txt,1,2,late,115.0,1,92.82907216837042,92.82907216837042
B_OLD_CKPT_NEW_DATA,OLD,NEW,474,1,1,CO,25.0,B5_GCO_F010_R1.txt,1,2,late,80.0,1,29.701813520022284,29.701813520022284
B_OLD_CKPT_NEW_DATA,OLD,NEW,475,3,3,Methane,50.0,B5_GMe_F020_R2.txt,2,2,late,100.0,1,45.70536368133698,45.70536368133698
B_OLD_CKPT_NEW_DATA,OLD,NEW,476,0,0,Ethanol,125.0,B5_GEa_F100_R1.txt,1,2,late,85.0,1,110.78459338180394,110.78459338180394
B_OLD_CKPT_NEW_DATA,OLD,NEW,477,3,3,Methane,200.0,B5_GMe_F080_R2.txt,2,2,late,125.0,1,245.50474980502207,245.50474980502207
B_OLD_CKPT_NEW_DATA,OLD,NEW,478,0,0,Ethanol,37.5,B5_GEa_F030_R2.txt,2,2,late,75.0,1,37.65010667185647,37.65010667185647
B_OLD_CKPT_NEW_DATA,OLD,NEW,479,2,2,Ethylene,112.5,B5_GEy_F090_R1.txt,1,2,late,80.0,1,111.47755873961705,111.47755873961705
B_OLD_CKPT_NEW_DATA,OLD,NEW,480,2,2,Ethylene,25.0,B5_GEy_F020_R2.txt,2,2,late,105.0,1,25.933929186059096,25.933929186059096
B_OLD_CKPT_NEW_DATA,OLD,NEW,481,1,1,CO,100.0,B5_GCO_F040_R1.txt,1,2,late,130.0,1,86.07730476767087,86.07730476767087
B_OLD_CKPT_NEW_DATA,OLD,NEW,482,1,1,CO,175.0,B5_GCO_F070_R2.txt,2,2,late,140.0,1,198.91517215970543,198.91517215970543
B_OLD_CKPT_NEW_DATA,OLD,NEW,483,0,0,Ethanol,112.5,B5_GEa_F090_R2.txt,2,2,late,75.0,1,106.16375224397017,106.16375224397017
B_OLD_CKPT_NEW_DATA,OLD,NEW,484,0,0,Ethanol,12.5,B5_GEa_F010_R1.txt,1,2,late,130.0,1,12.600875247968297,12.600875247968297
B_OLD_CKPT_NEW_DATA,OLD,NEW,485,0,0,Ethanol,37.5,B5_GEa_F030_R1.txt,1,2,late,90.0,1,43.59224975069979,43.59224975069979
B_OLD_CKPT_NEW_DATA,OLD,NEW,486,3,3,Methane,175.0,B5_GMe_F070_R1.txt,1,2,late,105.0,1,177.65059420559473,177.65059420559473
B_OLD_CKPT_NEW_DATA,OLD,NEW,487,1,1,CO,250.0,B5_GCO_F100_R1.txt,1,2,late,115.0,1,238.4936116206105,238.4936116206105
B_OLD_CKPT_NEW_DATA,OLD,NEW,488,2,2,Ethylene,87.5,B5_GEy_F070_R1.txt,1,2,late,80.0,1,87.71115936523672,87.71115936523672
B_OLD_CKPT_NEW_DATA,OLD,NEW,489,0,0,Ethanol,12.5,B5_GEa_F010_R2.txt,2,2,late,95.0,1,12.5,12.5
B_OLD_CKPT_NEW_DATA,OLD,NEW,490,1,1,CO,75.0,B5_GCO_F030_R1.txt,1,2,late,95.0,1,52.76503474433256,52.76503474433256
B_OLD_CKPT_NEW_DATA,OLD,NEW,491,3,3,Methane,75.0,B5_GMe_F030_R1.txt,1,2,late,150.0,1,51.972886920376396,51.972886920376396
B_OLD_CKPT_NEW_DATA,OLD,NEW,492,3,3,Methane,100.0,B5_GMe_F040_R2.txt,2,2,late,95.0,1,108.5771788713555,108.5771788713555
B_OLD_CKPT_NEW_DATA,OLD,NEW,493,1,1,CO,150.0,B5_GCO_F060_R1.txt,1,2,late,80.0,1,159.0557798827386,159.0557798827386
B_OLD_CKPT_NEW_DATA,OLD,NEW,494,2,2,Ethylene,125.0,B5_GEy_F100_R1.txt,1,2,late,85.0,1,123.60028355704995,123.60028355704995
B_OLD_CKPT_NEW_DATA,OLD,NEW,495,3,3,Methane,150.0,B5_GMe_F060_R2.txt,2,2,late,75.0,1,152.60241927982955,152.60241927982955
B_OLD_CKPT_NEW_DATA,OLD,NEW,496,0,0,Ethanol,37.5,B5_GEa_F030_R1.txt,1,2,late,145.0,1,47.46578607715034,47.46578607715034
B_OLD_CKPT_NEW_DATA,OLD,NEW,497,2,2,Ethylene,100.0,B5_GEy_F080_R2.txt,2,2,late,90.0,1,103.45920379177578,103.45920379177578
B_OLD_CKPT_NEW_DATA,OLD,NEW,498,1,1,CO,100.0,B5_GCO_F040_R2.txt,2,2,late,150.0,1,92.98898336250957,92.98898336250957
B_OLD_CKPT_NEW_DATA,OLD,NEW,499,0,0,Ethanol,25.0,B5_GEa_F020_R2.txt,2,2,late,130.0,1,29.771542573465318,29.771542573465318
B_OLD_CKPT_NEW_DATA,OLD,NEW,500,3,3,Methane,125.0,B5_GMe_F050_R1.txt,1,2,late,120.0,1,174.29748439800426,174.29748439800426
B_OLD_CKPT_NEW_DATA,OLD,NEW,501,1,1,CO,75.0,B5_GCO_F030_R1.txt,1,2,late,120.0,1,75.26223400038866,75.26223400038866
B_OLD_CKPT_NEW_DATA,OLD,NEW,502,0,0,Ethanol,125.0,B5_GEa_F100_R1.txt,1,2,late,120.0,1,116.4051457193933,116.4051457193933
B_OLD_CKPT_NEW_DATA,OLD,NEW,503,3,3,Methane,150.0,B5_GMe_F060_R2.txt,2,2,late,125.0,1,164.25119682441448,164.25119682441448
B_OLD_CKPT_NEW_DATA,OLD,NEW,504,0,0,Ethanol,37.5,B5_GEa_F030_R1.txt,1,2,late,85.0,1,43.12666381519851,43.12666381519851
B_OLD_CKPT_NEW_DATA,OLD,NEW,505,2,2,Ethylene,37.5,B5_GEy_F030_R1.txt,1,2,late,150.0,1,38.66170947766725,38.66170947766725
B_OLD_CKPT_NEW_DATA,OLD,NEW,506,2,2,Ethylene,25.0,B5_GEy_F020_R1.txt,1,2,late,135.0,1,23.012007657406905,23.012007657406905
B_OLD_CKPT_NEW_DATA,OLD,NEW,507,0,0,Ethanol,62.5,B5_GEa_F050_R1.txt,1,2,late,160.0,1,71.11192063500013,71.11192063500013
B_OLD_CKPT_NEW_DATA,OLD,NEW,508,2,2,Ethylene,125.0,B5_GEy_F100_R2.txt,2,2,late,75.0,1,123.44003569314899,123.44003569314899
B_OLD_CKPT_NEW_DATA,OLD,NEW,509,2,2,Ethylene,62.5,B5_GEy_F050_R1.txt,1,2,late,155.0,1,71.56174967787379,71.56174967787379
B_OLD_CKPT_NEW_DATA,OLD,NEW,510,0,0,Ethanol,75.0,B5_GEa_F060_R1.txt,1,2,late,100.0,1,80.18502810825994,80.18502810825994
B_OLD_CKPT_NEW_DATA,OLD,NEW,511,0,0,Ethanol,62.5,B5_GEa_F050_R2.txt,2,2,late,120.0,1,64.57340043900538,64.57340043900538
B_OLD_CKPT_NEW_DATA,OLD,NEW,512,0,0,Ethanol,25.0,B5_GEa_F020_R1.txt,1,2,late,130.0,1,36.6882089650488,36.6882089650488
B_OLD_CKPT_NEW_DATA,OLD,NEW,513,3,3,Methane,150.0,B5_GMe_F060_R1.txt,1,2,late,105.0,1,163.6118895627847,163.6118895627847
B_OLD_CKPT_NEW_DATA,OLD,NEW,514,2,2,Ethylene,125.0,B5_GEy_F100_R2.txt,2,2,late,145.0,1,120.6087221966008,120.6087221966008
B_OLD_CKPT_NEW_DATA,OLD,NEW,515,0,0,Ethanol,87.5,B5_GEa_F070_R1.txt,1,2,late,95.0,1,88.42723147515069,88.42723147515069
B_OLD_CKPT_NEW_DATA,OLD,NEW,516,0,0,Ethanol,87.5,B5_GEa_F070_R1.txt,1,2,late,150.0,1,99.6082313226429,99.6082313226429
B_OLD_CKPT_NEW_DATA,OLD,NEW,517,2,2,Ethylene,37.5,B5_GEy_F030_R1.txt,1,2,late,75.0,1,40.03402150954938,40.03402150954938
B_OLD_CKPT_NEW_DATA,OLD,NEW,518,0,0,Ethanol,50.0,B5_GEa_F040_R2.txt,2,2,late,115.0,1,51.69584146283378,51.69584146283378
B_OLD_CKPT_NEW_DATA,OLD,NEW,519,0,0,Ethanol,100.0,B5_GEa_F080_R2.txt,2,2,late,115.0,1,97.45980577443616,97.45980577443616
B_OLD_CKPT_NEW_DATA,OLD,NEW,520,2,2,Ethylene,37.5,B5_GEy_F030_R1.txt,1,2,late,155.0,1,48.22930461077781,48.22930461077781
B_OLD_CKPT_NEW_DATA,OLD,NEW,521,0,0,Ethanol,50.0,B5_GEa_F040_R2.txt,2,2,late,75.0,1,46.03004788329633,46.03004788329633
B_OLD_CKPT_NEW_DATA,OLD,NEW,522,3,3,Methane,100.0,B5_GMe_F040_R2.txt,2,2,late,100.0,1,114.03831300296338,114.03831300296338
B_OLD_CKPT_NEW_DATA,OLD,NEW,523,0,0,Ethanol,62.5,B5_GEa_F050_R2.txt,2,2,late,110.0,1,63.93057001220737,63.93057001220737
B_OLD_CKPT_NEW_DATA,OLD,NEW,524,2,2,Ethylene,62.5,B5_GEy_F050_R1.txt,1,2,late,70.0,1,63.70266361620124,63.70266361620124
B_OLD_CKPT_NEW_DATA,OLD,NEW,525,1,1,CO,175.0,B5_GCO_F070_R1.txt,1,2,late,90.0,1,175.82113626401733,175.82113626401733
B_OLD_CKPT_NEW_DATA,OLD,NEW,526,1,1,CO,25.0,B5_GCO_F010_R2.txt,2,2,late,110.0,1,25.0,25.0
B_OLD_CKPT_NEW_DATA,OLD,NEW,527,0,0,Ethanol,50.0,B5_GEa_F040_R2.txt,2,2,late,155.0,1,46.34265015910286,46.34265015910286
B_OLD_CKPT_NEW_DATA,OLD,NEW,528,3,3,Methane,75.0,B5_GMe_F030_R1.txt,1,2,late,140.0,1,101.42422731404655,101.42422731404655
B_OLD_CKPT_NEW_DATA,OLD,NEW,529,2,2,Ethylene,112.5,B5_GEy_F090_R2.txt,2,2,late,125.0,1,108.92972222396484,108.92972222396484
B_OLD_CKPT_NEW_DATA,OLD,NEW,530,2,2,Ethylene,50.0,B5_GEy_F040_R2.txt,2,2,late,85.0,1,54.29705962172051,54.29705962172051
B_OLD_CKPT_NEW_DATA,OLD,NEW,531,1,1,CO,25.0,B5_GCO_F010_R1.txt,1,2,late,110.0,1,25.0,25.0
B_OLD_CKPT_NEW_DATA,OLD,NEW,532,3,3,Methane,175.0,B5_GMe_F070_R2.txt,2,2,late,130.0,1,190.24713514376884,190.24713514376884
B_OLD_CKPT_NEW_DATA,OLD,NEW,533,2,2,Ethylene,25.0,B5_GEy_F020_R1.txt,1,2,late,60.0,1,25.629513805107308,25.629513805107308
B_OLD_CKPT_NEW_DATA,OLD,NEW,534,1,1,CO,200.0,B5_GCO_F080_R1.txt,1,2,late,60.0,1,178.59402578468342,178.59402578468342
B_OLD_CKPT_NEW_DATA,OLD,NEW,535,3,3,Methane,150.0,B5_GMe_F060_R2.txt,2,2,late,110.0,1,166.97349851245383,166.97349851245383
B_OLD_CKPT_NEW_DATA,OLD,NEW,536,3,3,Methane,25.0,B5_GMe_F010_R2.txt,2,2,late,145.0,1,25.0,25.0
B_OLD_CKPT_NEW_DATA,OLD,NEW,537,3,3,Methane,150.0,B5_GMe_F060_R1.txt,1,2,late,115.0,1,151.70646332205087,151.70646332205087
B_OLD_CKPT_NEW_DATA,OLD,NEW,538,1,1,CO,125.0,B5_GCO_F050_R2.txt,2,2,late,160.0,1,133.04459684407,133.04459684407
B_OLD_CKPT_NEW_DATA,OLD,NEW,539,2,2,Ethylene,125.0,B5_GEy_F100_R1.txt,1,2,late,125.0,1,124.08800718821502,124.08800718821502
B_OLD_CKPT_NEW_DATA,OLD,NEW,540,1,1,CO,225.0,B5_GCO_F090_R2.txt,2,2,late,60.0,1,236.5286515884732,236.5286515884732
B_OLD_CKPT_NEW_DATA,OLD,NEW,541,2,2,Ethylene,50.0,B5_GEy_F040_R2.txt,2,2,late,155.0,1,58.2162724278754,58.2162724278754
B_OLD_CKPT_NEW_DATA,OLD,NEW,542,2,2,Ethylene,112.5,B5_GEy_F090_R1.txt,1,2,late,65.0,1,112.6578648506051,112.6578648506051
B_OLD_CKPT_NEW_DATA,OLD,NEW,543,1,1,CO,150.0,B5_GCO_F060_R2.txt,2,2,late,70.0,1,148.81332573345532,148.81332573345532
B_OLD_CKPT_NEW_DATA,OLD,NEW,544,3,3,Methane,225.0,B5_GMe_F090_R2.txt,2,2,late,140.0,1,224.82627589717274,224.82627589717274
B_OLD_CKPT_NEW_DATA,OLD,NEW,545,0,0,Ethanol,25.0,B5_GEa_F020_R1.txt,1,2,late,155.0,1,40.62119016088734,40.62119016088734
B_OLD_CKPT_NEW_DATA,OLD,NEW,546,1,1,CO,75.0,B5_GCO_F030_R2.txt,2,2,late,135.0,1,74.7678022800915,74.7678022800915
B_OLD_CKPT_NEW_DATA,OLD,NEW,547,0,0,Ethanol,100.0,B5_GEa_F080_R2.txt,2,2,late,125.0,1,94.3937798193467,94.3937798193467
B_OLD_CKPT_NEW_DATA,OLD,NEW,548,3,3,Methane,150.0,B5_GMe_F060_R1.txt,1,2,late,125.0,1,144.7140657359622,144.7140657359622
B_OLD_CKPT_NEW_DATA,OLD,NEW,549,1,1,CO,225.0,B5_GCO_F090_R2.txt,2,2,late,155.0,1,230.75476248715955,230.75476248715955
B_OLD_CKPT_NEW_DATA,OLD,NEW,550,3,3,Methane,25.0,B5_GMe_F010_R2.txt,2,2,late,70.0,1,50.816367041027476,50.816367041027476
B_OLD_CKPT_NEW_DATA,OLD,NEW,551,2,2,Ethylene,37.5,B5_GEy_F030_R1.txt,1,2,late,90.0,1,41.530108363290516,41.530108363290516
B_OLD_CKPT_NEW_DATA,OLD,NEW,552,0,0,Ethanol,50.0,B5_GEa_F040_R1.txt,1,2,late,120.0,1,55.51489405778813,55.51489405778813
B_OLD_CKPT_NEW_DATA,OLD,NEW,553,1,1,CO,100.0,B5_GCO_F040_R1.txt,1,2,late,70.0,1,96.55051460716508,96.55051460716508
B_OLD_CKPT_NEW_DATA,OLD,NEW,554,0,0,Ethanol,62.5,B5_GEa_F050_R2.txt,2,2,late,70.0,1,59.80330396056328,59.80330396056328
B_OLD_CKPT_NEW_DATA,OLD,NEW,555,3,3,Methane,125.0,B5_GMe_F050_R2.txt,2,2,late,125.0,1,141.75315938937436,141.75315938937436
B_OLD_CKPT_NEW_DATA,OLD,NEW,556,3,3,Methane,175.0,B5_GMe_F070_R2.txt,2,2,late,60.0,1,197.76622805892933,197.76622805892933
B_OLD_CKPT_NEW_DATA,OLD,NEW,557,1,1,CO,250.0,B5_GCO_F100_R2.txt,2,2,late,95.0,1,250.0,250.0
B_OLD_CKPT_NEW_DATA,OLD,NEW,558,0,0,Ethanol,125.0,B5_GEa_F100_R2.txt,2,2,late,80.0,1,105.10161141070756,105.10161141070756
B_OLD_CKPT_NEW_DATA,OLD,NEW,559,0,0,Ethanol,75.0,B5_GEa_F060_R2.txt,2,2,late,75.0,1,60.94656879478998,60.94656879478998
B_OLD_CKPT_NEW_DATA,OLD,NEW,560,2,2,Ethylene,112.5,B5_GEy_F090_R1.txt,1,2,late,140.0,1,106.21567238971399,106.21567238971399
B_OLD_CKPT_NEW_DATA,OLD,NEW,561,3,3,Methane,75.0,B5_GMe_F030_R2.txt,2,2,late,65.0,1,94.83759635558681,94.83759635558681
B_OLD_CKPT_NEW_DATA,OLD,NEW,562,0,0,Ethanol,12.5,B5_GEa_F010_R2.txt,2,2,late,130.0,1,13.936121579258785,13.936121579258785
B_OLD_CKPT_NEW_DATA,OLD,NEW,563,2,2,Ethylene,112.5,B5_GEy_F090_R2.txt,2,2,late,105.0,1,109.93676154677934,109.93676154677934
B_OLD_CKPT_NEW_DATA,OLD,NEW,564,3,3,Methane,50.0,B5_GMe_F020_R1.txt,1,2,late,80.0,1,79.88716396974166,79.88716396974166
B_OLD_CKPT_NEW_DATA,OLD,NEW,565,0,0,Ethanol,62.5,B5_GEa_F050_R2.txt,2,2,late,65.0,1,57.755258697847275,57.755258697847275
B_OLD_CKPT_NEW_DATA,OLD,NEW,566,1,1,CO,100.0,B5_GCO_F040_R2.txt,2,2,late,85.0,1,95.93384023599569,95.93384023599569
B_OLD_CKPT_NEW_DATA,OLD,NEW,567,3,3,Methane,75.0,B5_GMe_F030_R1.txt,1,2,late,90.0,1,97.45543848474972,97.45543848474972
B_OLD_CKPT_NEW_DATA,OLD,NEW,568,2,2,Ethylene,125.0,B5_GEy_F100_R2.txt,2,2,late,160.0,1,125.0,125.0
B_OLD_CKPT_NEW_DATA,OLD,NEW,569,1,1,CO,225.0,B5_GCO_F090_R1.txt,1,2,late,105.0,1,250.0,250.0
B_OLD_CKPT_NEW_DATA,OLD,NEW,570,2,2,Ethylene,37.5,B5_GEy_F030_R2.txt,2,2,late,90.0,1,37.05506565331122,37.05506565331122
B_OLD_CKPT_NEW_DATA,OLD,NEW,571,3,1,Methane,225.0,B5_GMe_F090_R1.txt,1,2,late,120.0,0,25.0,66.11774928140665
B_OLD_CKPT_NEW_DATA,OLD,NEW,572,1,1,CO,75.0,B5_GCO_F030_R2.txt,2,2,late,75.0,1,72.66610611235336,72.66610611235336
B_OLD_CKPT_NEW_DATA,OLD,NEW,573,3,3,Methane,125.0,B5_GMe_F050_R1.txt,1,2,late,70.0,1,135.78363867181233,135.78363867181233
B_OLD_CKPT_NEW_DATA,OLD,NEW,574,0,0,Ethanol,25.0,B5_GEa_F020_R2.txt,2,2,late,85.0,1,28.507590000490595,28.507590000490595
B_OLD_CKPT_NEW_DATA,OLD,NEW,575,0,0,Ethanol,125.0,B5_GEa_F100_R2.txt,2,2,late,160.0,1,90.66925768778398,90.66925768778398
B_OLD_CKPT_NEW_DATA,OLD,NEW,576,2,2,Ethylene,25.0,B5_GEy_F020_R1.txt,1,2,late,120.0,1,25.132063645982548,25.132063645982548
B_OLD_CKPT_NEW_DATA,OLD,NEW,577,0,0,Ethanol,62.5,B5_GEa_F050_R2.txt,2,2,late,85.0,1,59.33862546446378,59.33862546446378
B_OLD_CKPT_NEW_DATA,OLD,NEW,578,2,2,Ethylene,12.5,B5_GEy_F010_R1.txt,1,2,late,70.0,1,12.5,12.5
B_OLD_CKPT_NEW_DATA,OLD,NEW,579,0,0,Ethanol,100.0,B5_GEa_F080_R1.txt,1,2,late,150.0,1,100.33500286591133,100.33500286591133
B_OLD_CKPT_NEW_DATA,OLD,NEW,580,1,1,CO,150.0,B5_GCO_F060_R2.txt,2,2,late,150.0,1,205.70643447448833,205.70643447448833
B_OLD_CKPT_NEW_DATA,OLD,NEW,581,1,1,CO,50.0,B5_GCO_F020_R2.txt,2,2,late,130.0,1,44.87022430063587,44.87022430063587
B_OLD_CKPT_NEW_DATA,OLD,NEW,582,2,2,Ethylene,25.0,B5_GEy_F020_R1.txt,1,2,late,90.0,1,27.773193723870428,27.773193723870428
B_OLD_CKPT_NEW_DATA,OLD,NEW,583,1,1,CO,50.0,B5_GCO_F020_R1.txt,1,2,late,85.0,1,48.17813864047963,48.17813864047963
B_OLD_CKPT_NEW_DATA,OLD,NEW,584,0,0,Ethanol,112.5,B5_GEa_F090_R1.txt,1,2,late,145.0,1,113.87223050268885,113.87223050268885
B_OLD_CKPT_NEW_DATA,OLD,NEW,585,3,3,Methane,125.0,B5_GMe_F050_R2.txt,2,2,late,80.0,1,143.18950699261208,143.18950699261208
B_OLD_CKPT_NEW_DATA,OLD,NEW,586,0,0,Ethanol,75.0,B5_GEa_F060_R2.txt,2,2,late,130.0,1,70.62687853035428,70.62687853035428
B_OLD_CKPT_NEW_DATA,OLD,NEW,587,1,1,CO,100.0,B5_GCO_F040_R2.txt,2,2,late,130.0,1,110.2454774002044,110.2454774002044
B_OLD_CKPT_NEW_DATA,OLD,NEW,588,2,2,Ethylene,112.5,B5_GEy_F090_R1.txt,1,2,late,155.0,1,116.2973368890614,116.2973368890614
B_OLD_CKPT_NEW_DATA,OLD,NEW,589,3,3,Methane,100.0,B5_GMe_F040_R2.txt,2,2,late,135.0,1,114.88878118004068,114.88878118004068
B_OLD_CKPT_NEW_DATA,OLD,NEW,590,0,0,Ethanol,37.5,B5_GEa_F030_R1.txt,1,2,late,100.0,1,44.9032308942353,44.9032308942353
B_OLD_CKPT_NEW_DATA,OLD,NEW,591,2,2,Ethylene,12.5,B5_GEy_F010_R1.txt,1,2,late,135.0,1,12.5,12.5
B_OLD_CKPT_NEW_DATA,OLD,NEW,592,1,1,CO,250.0,B5_GCO_F100_R2.txt,2,2,late,130.0,1,250.0,250.0
B_OLD_CKPT_NEW_DATA,OLD,NEW,593,2,2,Ethylene,100.0,B5_GEy_F080_R1.txt,1,2,late,160.0,1,99.73968864783635,99.73968864783635
B_OLD_CKPT_NEW_DATA,OLD,NEW,594,3,3,Methane,100.0,B5_GMe_F040_R1.txt,1,2,late,105.0,1,119.19405056439956,119.19405056439956
B_OLD_CKPT_NEW_DATA,OLD,NEW,595,0,0,Ethanol,100.0,B5_GEa_F080_R1.txt,1,2,late,100.0,1,90.82034143601604,90.82034143601604
B_OLD_CKPT_NEW_DATA,OLD,NEW,596,2,2,Ethylene,50.0,B5_GEy_F040_R1.txt,1,2,late,130.0,1,53.405177114215455,53.405177114215455
B_OLD_CKPT_NEW_DATA,OLD,NEW,597,0,0,Ethanol,62.5,B5_GEa_F050_R1.txt,1,2,late,65.0,1,69.64591497275703,69.64591497275703
B_OLD_CKPT_NEW_DATA,OLD,NEW,598,0,0,Ethanol,87.5,B5_GEa_F070_R1.txt,1,2,late,90.0,1,87.73108186833946,87.73108186833946
B_OLD_CKPT_NEW_DATA,OLD,NEW,599,2,2,Ethylene,125.0,B5_GEy_F100_R1.txt,1,2,late,60.0,1,125.0,125.0
B_OLD_CKPT_NEW_DATA,OLD,NEW,600,1,1,CO,150.0,B5_GCO_F060_R2.txt,2,2,late,160.0,1,165.44593846362113,165.44593846362113
B_OLD_CKPT_NEW_DATA,OLD,NEW,601,2,2,Ethylene,125.0,B5_GEy_F100_R1.txt,1,2,late,100.0,1,124.86831428772736,124.86831428772736
B_OLD_CKPT_NEW_DATA,OLD,NEW,602,3,3,Methane,25.0,B5_GMe_F010_R1.txt,1,2,late,150.0,1,41.697594458009505,41.697594458009505
B_OLD_CKPT_NEW_DATA,OLD,NEW,603,2,2,Ethylene,37.5,B5_GEy_F030_R1.txt,1,2,late,110.0,1,38.974877241461584,38.974877241461584
B_OLD_CKPT_NEW_DATA,OLD,NEW,604,0,0,Ethanol,37.5,B5_GEa_F030_R1.txt,1,2,late,110.0,1,46.09520006697706,46.09520006697706
B_OLD_CKPT_NEW_DATA,OLD,NEW,605,0,0,Ethanol,50.0,B5_GEa_F040_R2.txt,2,2,late,100.0,1,49.5316159107502,49.5316159107502
B_OLD_CKPT_NEW_DATA,OLD,NEW,606,1,1,CO,50.0,B5_GCO_F020_R1.txt,1,2,late,95.0,1,44.790621786544364,44.790621786544364
B_OLD_CKPT_NEW_DATA,OLD,NEW,607,2,2,Ethylene,100.0,B5_GEy_F080_R1.txt,1,2,late,60.0,1,102.228816517569,102.228816517569
B_OLD_CKPT_NEW_DATA,OLD,NEW,608,3,3,Methane,50.0,B5_GMe_F020_R2.txt,2,2,late,75.0,1,73.80545293196448,73.80545293196448
B_OLD_CKPT_NEW_DATA,OLD,NEW,609,0,0,Ethanol,75.0,B5_GEa_F060_R2.txt,2,2,late,110.0,1,65.98466197663737,65.98466197663737
B_OLD_CKPT_NEW_DATA,OLD,NEW,610,0,0,Ethanol,100.0,B5_GEa_F080_R1.txt,1,2,late,90.0,1,88.58664374466123,88.58664374466123
B_OLD_CKPT_NEW_DATA,OLD,NEW,611,1,1,CO,175.0,B5_GCO_F070_R2.txt,2,2,late,160.0,1,149.30543231649384,149.30543231649384
B_OLD_CKPT_NEW_DATA,OLD,NEW,612,0,0,Ethanol,75.0,B5_GEa_F060_R2.txt,2,2,late,65.0,1,58.360402106720194,58.360402106720194
B_OLD_CKPT_NEW_DATA,OLD,NEW,613,1,1,CO,150.0,B5_GCO_F060_R1.txt,1,2,late,100.0,1,153.90156165229183,153.90156165229183
B_OLD_CKPT_NEW_DATA,OLD,NEW,614,0,0,Ethanol,62.5,B5_GEa_F050_R2.txt,2,2,late,125.0,1,69.08897509564133,69.08897509564133
B_OLD_CKPT_NEW_DATA,OLD,NEW,615,1,1,CO,25.0,B5_GCO_F010_R1.txt,1,2,late,125.0,1,25.0,25.0
B_OLD_CKPT_NEW_DATA,OLD,NEW,616,3,1,Methane,225.0,B5_GMe_F090_R1.txt,1,2,late,100.0,0,25.0,76.5859971914603
B_OLD_CKPT_NEW_DATA,OLD,NEW,617,1,1,CO,100.0,B5_GCO_F040_R2.txt,2,2,late,160.0,1,70.06594002577938,70.06594002577938
B_OLD_CKPT_NEW_DATA,OLD,NEW,618,3,3,Methane,175.0,B5_GMe_F070_R2.txt,2,2,late,125.0,1,177.86821518101576,177.86821518101576
B_OLD_CKPT_NEW_DATA,OLD,NEW,619,2,2,Ethylene,12.5,B5_GEy_F010_R2.txt,2,2,late,100.0,1,12.5,12.5
B_OLD_CKPT_NEW_DATA,OLD,NEW,620,3,3,Methane,50.0,B5_GMe_F020_R2.txt,2,2,late,150.0,1,76.80524408612573,76.80524408612573
B_OLD_CKPT_NEW_DATA,OLD,NEW,621,3,3,Methane,175.0,B5_GMe_F070_R2.txt,2,2,late,85.0,1,153.8444482520062,153.8444482520062
B_OLD_CKPT_NEW_DATA,OLD,NEW,622,2,2,Ethylene,75.0,B5_GEy_F060_R2.txt,2,2,late,115.0,1,77.59148131621336,77.59148131621336
B_OLD_CKPT_NEW_DATA,OLD,NEW,623,1,1,CO,25.0,B5_GCO_F010_R2.txt,2,2,late,155.0,1,25.0,25.0
B_OLD_CKPT_NEW_DATA,OLD,NEW,624,1,1,CO,175.0,B5_GCO_F070_R1.txt,1,2,late,115.0,1,160.45515962037285,160.45515962037285
B_OLD_CKPT_NEW_DATA,OLD,NEW,625,1,1,CO,25.0,B5_GCO_F010_R1.txt,1,2,late,150.0,1,28.5526159246252,28.5526159246252
B_OLD_CKPT_NEW_DATA,OLD,NEW,626,2,2,Ethylene,87.5,B5_GEy_F070_R2.txt,2,2,late,75.0,1,86.82261266073188,86.82261266073188
B_OLD_CKPT_NEW_DATA,OLD,NEW,627,0,0,Ethanol,125.0,B5_GEa_F100_R1.txt,1,2,late,100.0,1,116.57903753026036,116.57903753026036
B_OLD_CKPT_NEW_DATA,OLD,NEW,628,0,0,Ethanol,62.5,B5_GEa_F050_R2.txt,2,2,late,145.0,1,66.65411693261828,66.65411693261828
B_OLD_CKPT_NEW_DATA,OLD,NEW,629,1,1,CO,200.0,B5_GCO_F080_R2.txt,2,2,late,140.0,1,231.40102486580068,231.40102486580068
B_OLD_CKPT_NEW_DATA,OLD,NEW,630,3,3,Methane,25.0,B5_GMe_F010_R1.txt,1,2,late,135.0,1,34.9010890474749,34.9010890474749
B_OLD_CKPT_NEW_DATA,OLD,NEW,631,1,1,CO,200.0,B5_GCO_F080_R2.txt,2,2,late,75.0,1,167.18836163056,167.18836163056
B_OLD_CKPT_NEW_DATA,OLD,NEW,632,3,3,Methane,125.0,B5_GMe_F050_R2.txt,2,2,late,85.0,1,131.56915254696924,131.56915254696924
B_OLD_CKPT_NEW_DATA,OLD,NEW,633,1,1,CO,100.0,B5_GCO_F040_R1.txt,1,2,late,95.0,1,88.24376481272762,88.24376481272762
B_OLD_CKPT_NEW_DATA,OLD,NEW,634,3,3,Methane,225.0,B5_GMe_F090_R1.txt,1,2,late,140.0,1,184.04102621289448,184.04102621289448
B_OLD_CKPT_NEW_DATA,OLD,NEW,635,0,0,Ethanol,50.0,B5_GEa_F040_R1.txt,1,2,late,60.0,1,52.11013982986366,52.11013982986366
B_OLD_CKPT_NEW_DATA,OLD,NEW,636,2,2,Ethylene,75.0,B5_GEy_F060_R2.txt,2,2,late,75.0,1,72.4489027567601,72.4489027567601
B_OLD_CKPT_NEW_DATA,OLD,NEW,637,0,0,Ethanol,112.5,B5_GEa_F090_R1.txt,1,2,late,75.0,1,103.7587505696573,103.7587505696573
B_OLD_CKPT_NEW_DATA,OLD,NEW,638,1,1,CO,175.0,B5_GCO_F070_R2.txt,2,2,late,70.0,1,185.066711500105,185.066711500105
B_OLD_CKPT_NEW_DATA,OLD,NEW,639,0,0,Ethanol,50.0,B5_GEa_F040_R2.txt,2,2,late,125.0,1,50.48913923373343,50.48913923373343
B_OLD_CKPT_NEW_DATA,OLD,NEW,640,3,3,Methane,75.0,B5_GMe_F030_R1.txt,1,2,late,130.0,1,89.9972773690633,89.9972773690633
B_OLD_CKPT_NEW_DATA,OLD,NEW,641,2,2,Ethylene,87.5,B5_GEy_F070_R2.txt,2,2,late,125.0,1,85.55139714575722,85.55139714575722
B_OLD_CKPT_NEW_DATA,OLD,NEW,642,1,1,CO,50.0,B5_GCO_F020_R1.txt,1,2,late,130.0,1,25.0,25.0
B_OLD_CKPT_NEW_DATA,OLD,NEW,643,0,0,Ethanol,112.5,B5_GEa_F090_R1.txt,1,2,late,100.0,1,108.71941761669648,108.71941761669648
B_OLD_CKPT_NEW_DATA,OLD,NEW,644,1,1,CO,150.0,B5_GCO_F060_R2.txt,2,2,late,100.0,1,173.98522777279317,173.98522777279317
B_OLD_CKPT_NEW_DATA,OLD,NEW,645,0,0,Ethanol,75.0,B5_GEa_F060_R2.txt,2,2,late,95.0,1,63.44194324178361,63.44194324178361
B_OLD_CKPT_NEW_DATA,OLD,NEW,646,3,3,Methane,50.0,B5_GMe_F020_R2.txt,2,2,late,140.0,1,86.39016603361382,86.39016603361382
B_OLD_CKPT_NEW_DATA,OLD,NEW,647,3,3,Methane,25.0,B5_GMe_F010_R2.txt,2,2,late,110.0,1,25.0,25.0
B_OLD_CKPT_NEW_DATA,OLD,NEW,648,0,0,Ethanol,12.5,B5_GEa_F010_R2.txt,2,2,late,60.0,1,14.888463769614926,14.888463769614926
B_OLD_CKPT_NEW_DATA,OLD,NEW,649,0,0,Ethanol,50.0,B5_GEa_F040_R2.txt,2,2,late,85.0,1,53.825552270408025,53.825552270408025
B_OLD_CKPT_NEW_DATA,OLD,NEW,650,0,0,Ethanol,75.0,B5_GEa_F060_R2.txt,2,2,late,135.0,1,71.00572644717505,71.00572644717505
B_OLD_CKPT_NEW_DATA,OLD,NEW,651,2,2,Ethylene,12.5,B5_GEy_F010_R1.txt,1,2,late,110.0,1,12.5,12.5
B_OLD_CKPT_NEW_DATA,OLD,NEW,652,1,1,CO,50.0,B5_GCO_F020_R2.txt,2,2,late,135.0,1,71.4468985550603,71.4468985550603
B_OLD_CKPT_NEW_DATA,OLD,NEW,653,1,1,CO,200.0,B5_GCO_F080_R2.txt,2,2,late,135.0,1,216.7690942713575,216.7690942713575
B_OLD_CKPT_NEW_DATA,OLD,NEW,654,3,3,Methane,125.0,B5_GMe_F050_R1.txt,1,2,late,80.0,1,144.65800082888717,144.65800082888717
B_OLD_CKPT_NEW_DATA,OLD,NEW,655,0,0,Ethanol,125.0,B5_GEa_F100_R2.txt,2,2,late,70.0,1,102.8717445002737,102.8717445002737
B_OLD_CKPT_NEW_DATA,OLD,NEW,656,2,2,Ethylene,62.5,B5_GEy_F050_R1.txt,1,2,late,135.0,1,64.72536177470873,64.72536177470873
B_OLD_CKPT_NEW_DATA,OLD,NEW,657,3,3,Methane,125.0,B5_GMe_F050_R1.txt,1,2,late,150.0,1,101.88281372298583,101.88281372298583
B_OLD_CKPT_NEW_DATA,OLD,NEW,658,3,3,Methane,200.0,B5_GMe_F080_R2.txt,2,2,late,75.0,1,182.03708829445685,182.03708829445685
B_OLD_CKPT_NEW_DATA,OLD,NEW,659,1,1,CO,150.0,B5_GCO_F060_R2.txt,2,2,late,125.0,1,174.80465762045046,174.80465762045046
B_OLD_CKPT_NEW_DATA,OLD,NEW,660,1,1,CO,200.0,B5_GCO_F080_R1.txt,1,2,late,70.0,1,213.1404276371454,213.1404276371454
B_OLD_CKPT_NEW_DATA,OLD,NEW,661,3,3,Methane,75.0,B5_GMe_F030_R2.txt,2,2,late,95.0,1,87.92416189543806,87.92416189543806
B_OLD_CKPT_NEW_DATA,OLD,NEW,662,1,1,CO,150.0,B5_GCO_F060_R2.txt,2,2,late,155.0,1,185.22492877922528,185.22492877922528
B_OLD_CKPT_NEW_DATA,OLD,NEW,663,0,2,Ethanol,12.5,B5_GEa_F010_R1.txt,1,2,late,160.0,0,125.0,15.71883118974386
B_OLD_CKPT_NEW_DATA,OLD,NEW,664,2,2,Ethylene,62.5,B5_GEy_F050_R2.txt,2,2,late,140.0,1,62.98870104961755,62.98870104961755
B_OLD_CKPT_NEW_DATA,OLD,NEW,665,2,2,Ethylene,50.0,B5_GEy_F040_R2.txt,2,2,late,100.0,1,52.525276107399634,52.525276107399634
B_OLD_CKPT_NEW_DATA,OLD,NEW,666,0,0,Ethanol,125.0,B5_GEa_F100_R1.txt,1,2,late,140.0,1,121.1612090470497,121.1612090470497
B_OLD_CKPT_NEW_DATA,OLD,NEW,667,1,1,CO,75.0,B5_GCO_F030_R1.txt,1,2,late,110.0,1,55.169729344816815,55.169729344816815
B_OLD_CKPT_NEW_DATA,OLD,NEW,668,1,1,CO,50.0,B5_GCO_F020_R2.txt,2,2,late,110.0,1,47.82825662093609,47.82825662093609
B_OLD_CKPT_NEW_DATA,OLD,NEW,669,3,3,Methane,175.0,B5_GMe_F070_R2.txt,2,2,late,70.0,1,184.45795948157746,184.45795948157746
B_OLD_CKPT_NEW_DATA,OLD,NEW,670,1,1,CO,75.0,B5_GCO_F030_R2.txt,2,2,late,80.0,1,81.4313647417127,81.4313647417127
B_OLD_CKPT_NEW_DATA,OLD,NEW,671,0,0,Ethanol,87.5,B5_GEa_F070_R2.txt,2,2,late,150.0,1,94.62733465618993,94.62733465618993
B_OLD_CKPT_NEW_DATA,OLD,NEW,672,0,0,Ethanol,87.5,B5_GEa_F070_R2.txt,2,2,late,95.0,1,86.18334456392512,86.18334456392512
B_OLD_CKPT_NEW_DATA,OLD,NEW,673,3,3,Methane,25.0,B5_GMe_F010_R2.txt,2,2,late,60.0,1,38.67215502196969,38.67215502196969
B_OLD_CKPT_NEW_DATA,OLD,NEW,674,2,2,Ethylene,25.0,B5_GEy_F020_R2.txt,2,2,late,130.0,1,23.459619098455892,23.459619098455892
B_OLD_CKPT_NEW_DATA,OLD,NEW,675,1,1,CO,75.0,B5_GCO_F030_R2.txt,2,2,late,140.0,1,68.68924813204521,68.68924813204521
B_OLD_CKPT_NEW_DATA,OLD,NEW,676,2,2,Ethylene,62.5,B5_GEy_F050_R2.txt,2,2,late,70.0,1,62.840047931499996,62.840047931499996
B_OLD_CKPT_NEW_DATA,OLD,NEW,677,2,2,Ethylene,75.0,B5_GEy_F060_R1.txt,1,2,late,125.0,1,77.20533280530722,77.20533280530722
B_OLD_CKPT_NEW_DATA,OLD,NEW,678,3,3,Methane,250.0,B5_GMe_F100_R2.txt,2,2,late,150.0,1,216.92150471486326,216.92150471486326
B_OLD_CKPT_NEW_DATA,OLD,NEW,679,2,2,Ethylene,62.5,B5_GEy_F050_R1.txt,1,2,late,75.0,1,61.769097757702454,61.769097757702454
B_OLD_CKPT_NEW_DATA,OLD,NEW,680,2,2,Ethylene,125.0,B5_GEy_F100_R2.txt,2,2,late,90.0,1,125.0,125.0
B_OLD_CKPT_NEW_DATA,OLD,NEW,681,2,2,Ethylene,50.0,B5_GEy_F040_R1.txt,1,2,late,110.0,1,53.46507874112076,53.46507874112076
B_OLD_CKPT_NEW_DATA,OLD,NEW,682,2,2,Ethylene,87.5,B5_GEy_F070_R1.txt,1,2,late,150.0,1,86.25288371782312,86.25288371782312
B_OLD_CKPT_NEW_DATA,OLD,NEW,683,2,2,Ethylene,25.0,B5_GEy_F020_R1.txt,1,2,late,105.0,1,25.40810170660605,25.40810170660605
B_OLD_CKPT_NEW_DATA,OLD,NEW,684,1,1,CO,175.0,B5_GCO_F070_R1.txt,1,2,late,145.0,1,152.21831360772853,152.21831360772853
B_OLD_CKPT_NEW_DATA,OLD,NEW,685,2,2,Ethylene,37.5,B5_GEy_F030_R1.txt,1,2,late,100.0,1,38.19353510275316,38.19353510275316
B_OLD_CKPT_NEW_DATA,OLD,NEW,686,2,2,Ethylene,37.5,B5_GEy_F030_R1.txt,1,2,late,105.0,1,36.6795146925447,36.6795146925447
B_OLD_CKPT_NEW_DATA,OLD,NEW,687,1,1,CO,225.0,B5_GCO_F090_R2.txt,2,2,late,90.0,1,193.08226905392297,193.08226905392297
B_OLD_CKPT_NEW_DATA,OLD,NEW,688,0,0,Ethanol,112.5,B5_GEa_F090_R1.txt,1,2,late,85.0,1,107.24941307566046,107.24941307566046
B_OLD_CKPT_NEW_DATA,OLD,NEW,689,2,2,Ethylene,25.0,B5_GEy_F020_R2.txt,2,2,late,150.0,1,22.690807718941862,22.690807718941862
B_OLD_CKPT_NEW_DATA,OLD,NEW,690,2,2,Ethylene,112.5,B5_GEy_F090_R1.txt,1,2,late,90.0,1,115.01855611221963,115.01855611221963
B_OLD_CKPT_NEW_DATA,OLD,NEW,691,2,2,Ethylene,12.5,B5_GEy_F010_R1.txt,1,2,late,100.0,1,12.5,12.5
B_OLD_CKPT_NEW_DATA,OLD,NEW,692,0,0,Ethanol,112.5,B5_GEa_F090_R2.txt,2,2,late,125.0,1,108.172485419011,108.172485419011
B_OLD_CKPT_NEW_DATA,OLD,NEW,693,1,1,CO,125.0,B5_GCO_F050_R1.txt,1,2,late,80.0,1,106.89681959734173,106.89681959734173
B_OLD_CKPT_NEW_DATA,OLD,NEW,694,1,1,CO,250.0,B5_GCO_F100_R2.txt,2,2,late,150.0,1,250.0,250.0
B_OLD_CKPT_NEW_DATA,OLD,NEW,695,0,0,Ethanol,75.0,B5_GEa_F060_R1.txt,1,2,late,120.0,1,80.52162371453001,80.52162371453001
B_OLD_CKPT_NEW_DATA,OLD,NEW,696,3,3,Methane,175.0,B5_GMe_F070_R1.txt,1,2,late,130.0,1,177.92907165328228,177.92907165328228
B_OLD_CKPT_NEW_DATA,OLD,NEW,697,2,2,Ethylene,87.5,B5_GEy_F070_R1.txt,1,2,late,110.0,1,89.51677762032318,89.51677762032318
B_OLD_CKPT_NEW_DATA,OLD,NEW,698,3,3,Methane,200.0,B5_GMe_F080_R1.txt,1,2,late,100.0,1,233.0255406840074,233.0255406840074
B_OLD_CKPT_NEW_DATA,OLD,NEW,699,2,2,Ethylene,125.0,B5_GEy_F100_R1.txt,1,2,late,110.0,1,125.0,125.0
B_OLD_CKPT_NEW_DATA,OLD,NEW,700,1,1,CO,100.0,B5_GCO_F040_R1.txt,1,2,late,105.0,1,100.67009567771535,100.67009567771535
B_OLD_CKPT_NEW_DATA,OLD,NEW,701,0,0,Ethanol,25.0,B5_GEa_F020_R1.txt,1,2,late,125.0,1,36.75662434701179,36.75662434701179
B_OLD_CKPT_NEW_DATA,OLD,NEW,702,1,1,CO,175.0,B5_GCO_F070_R2.txt,2,2,late,100.0,1,170.2946014778784,170.2946014778784
B_OLD_CKPT_NEW_DATA,OLD,NEW,703,3,3,Methane,75.0,B5_GMe_F030_R1.txt,1,2,late,75.0,1,107.95216715360888,107.95216715360888
B_OLD_CKPT_NEW_DATA,OLD,NEW,704,1,2,CO,25.0,B5_GCO_F010_R2.txt,2,2,late,85.0,0,12.5,25.0
B_OLD_CKPT_NEW_DATA,OLD,NEW,705,0,0,Ethanol,112.5,B5_GEa_F090_R2.txt,2,2,late,160.0,1,80.36010732587653,80.36010732587653
B_OLD_CKPT_NEW_DATA,OLD,NEW,706,1,1,CO,25.0,B5_GCO_F010_R1.txt,1,2,late,120.0,1,25.0,25.0
B_OLD_CKPT_NEW_DATA,OLD,NEW,707,0,0,Ethanol,37.5,B5_GEa_F030_R1.txt,1,2,late,75.0,1,43.033732650635315,43.033732650635315
B_OLD_CKPT_NEW_DATA,OLD,NEW,708,2,2,Ethylene,25.0,B5_GEy_F020_R2.txt,2,2,late,160.0,1,34.64202135510061,34.64202135510061
B_OLD_CKPT_NEW_DATA,OLD,NEW,709,0,0,Ethanol,25.0,B5_GEa_F020_R1.txt,1,2,late,80.0,1,31.426131742718116,31.426131742718116
B_OLD_CKPT_NEW_DATA,OLD,NEW,710,3,3,Methane,50.0,B5_GMe_F020_R1.txt,1,2,late,75.0,1,72.77587541142798,72.77587541142798
B_OLD_CKPT_NEW_DATA,OLD,NEW,711,2,2,Ethylene,100.0,B5_GEy_F080_R1.txt,1,2,late,75.0,1,105.19258522201947,105.19258522201947
B_OLD_CKPT_NEW_DATA,OLD,NEW,712,2,2,Ethylene,75.0,B5_GEy_F060_R1.txt,1,2,late,115.0,1,82.21068235531705,82.21068235531705
B_OLD_CKPT_NEW_DATA,OLD,NEW,713,3,3,Methane,25.0,B5_GMe_F010_R1.txt,1,2,late,70.0,1,64.26872028101673,64.26872028101673
B_OLD_CKPT_NEW_DATA,OLD,NEW,714,1,1,CO,125.0,B5_GCO_F050_R1.txt,1,2,late,160.0,1,98.36033800583328,98.36033800583328
B_OLD_CKPT_NEW_DATA,OLD,NEW,715,1,1,CO,200.0,B5_GCO_F080_R2.txt,2,2,late,110.0,1,213.76905642273053,213.76905642273053
B_OLD_CKPT_NEW_DATA,OLD,NEW,716,1,1,CO,50.0,B5_GCO_F020_R1.txt,1,2,late,110.0,1,46.01258491291745,46.01258491291745
B_OLD_CKPT_NEW_DATA,OLD,NEW,717,1,1,CO,100.0,B5_GCO_F040_R1.txt,1,2,late,155.0,1,117.65593640892844,117.65593640892844
B_OLD_CKPT_NEW_DATA,OLD,NEW,718,3,3,Methane,150.0,B5_GMe_F060_R2.txt,2,2,late,150.0,1,145.28997321883844,145.28997321883844
B_OLD_CKPT_NEW_DATA,OLD,NEW,719,3,3,Methane,75.0,B5_GMe_F030_R1.txt,1,2,late,125.0,1,103.24943185759744,103.24943185759744
B_OLD_CKPT_NEW_DATA,OLD,NEW,720,3,3,Methane,100.0,B5_GMe_F040_R1.txt,1,2,late,155.0,1,101.22071330061229,101.22071330061229
B_OLD_CKPT_NEW_DATA,OLD,NEW,721,1,1,CO,50.0,B5_GCO_F020_R2.txt,2,2,late,150.0,1,78.20417661338246,78.20417661338246
B_OLD_CKPT_NEW_DATA,OLD,NEW,722,0,0,Ethanol,12.5,B5_GEa_F010_R1.txt,1,2,late,115.0,1,13.274874114941063,13.274874114941063
B_OLD_CKPT_NEW_DATA,OLD,NEW,723,2,2,Ethylene,125.0,B5_GEy_F100_R1.txt,1,2,late,65.0,1,125.0,125.0
B_OLD_CKPT_NEW_DATA,OLD,NEW,724,2,2,Ethylene,75.0,B5_GEy_F060_R1.txt,1,2,late,160.0,1,80.55379025269389,80.55379025269389
B_OLD_CKPT_NEW_DATA,OLD,NEW,725,2,2,Ethylene,62.5,B5_GEy_F050_R2.txt,2,2,late,100.0,1,99.70003064027425,99.70003064027425
B_OLD_CKPT_NEW_DATA,OLD,NEW,726,3,3,Methane,200.0,B5_GMe_F080_R1.txt,1,2,late,135.0,1,177.2951594331863,177.2951594331863
B_OLD_CKPT_NEW_DATA,OLD,NEW,727,2,2,Ethylene,37.5,B5_GEy_F030_R2.txt,2,2,late,95.0,1,34.15594801164607,34.15594801164607
B_OLD_CKPT_NEW_DATA,OLD,NEW,728,3,3,Methane,250.0,B5_GMe_F100_R1.txt,1,2,late,145.0,1,195.78832965938233,195.78832965938233
B_OLD_CKPT_NEW_DATA,OLD,NEW,729,1,1,CO,225.0,B5_GCO_F090_R2.txt,2,2,late,135.0,1,237.12164434609676,237.12164434609676
B_OLD_CKPT_NEW_DATA,OLD,NEW,730,3,3,Methane,200.0,B5_GMe_F080_R1.txt,1,2,late,65.0,1,183.19674166271733,183.19674166271733
B_OLD_CKPT_NEW_DATA,OLD,NEW,731,2,2,Ethylene,62.5,B5_GEy_F050_R2.txt,2,2,late,135.0,1,63.53052578016785,63.53052578016785
B_OLD_CKPT_NEW_DATA,OLD,NEW,732,2,2,Ethylene,62.5,B5_GEy_F050_R2.txt,2,2,late,60.0,1,62.86575131155716,62.86575131155716
B_OLD_CKPT_NEW_DATA,OLD,NEW,733,3,3,Methane,175.0,B5_GMe_F070_R2.txt,2,2,late,115.0,1,188.83465564481654,188.83465564481654
B_OLD_CKPT_NEW_DATA,OLD,NEW,734,0,0,Ethanol,62.5,B5_GEa_F050_R1.txt,1,2,late,125.0,1,73.97129311321355,73.97129311321355
B_OLD_CKPT_NEW_DATA,OLD,NEW,735,2,2,Ethylene,12.5,B5_GEy_F010_R2.txt,2,2,late,85.0,1,12.5,12.5
B_OLD_CKPT_NEW_DATA,OLD,NEW,736,0,0,Ethanol,12.5,B5_GEa_F010_R2.txt,2,2,late,120.0,1,12.5,12.5
B_OLD_CKPT_NEW_DATA,OLD,NEW,737,3,3,Methane,200.0,B5_GMe_F080_R2.txt,2,2,late,120.0,1,190.92508391887367,190.92508391887367
B_OLD_CKPT_NEW_DATA,OLD,NEW,738,3,3,Methane,250.0,B5_GMe_F100_R1.txt,1,2,late,65.0,1,227.55597135473732,227.55597135473732
B_OLD_CKPT_NEW_DATA,OLD,NEW,739,1,1,CO,200.0,B5_GCO_F080_R2.txt,2,2,late,85.0,1,196.10111908927962,196.10111908927962
B_OLD_CKPT_NEW_DATA,OLD,NEW,740,0,0,Ethanol,87.5,B5_GEa_F070_R1.txt,1,2,late,140.0,1,96.28282644133738,96.28282644133738
B_OLD_CKPT_NEW_DATA,OLD,NEW,741,0,0,Ethanol,125.0,B5_GEa_F100_R1.txt,1,2,late,115.0,1,117.41716295855718,117.41716295855718
B_OLD_CKPT_NEW_DATA,OLD,NEW,742,0,0,Ethanol,87.5,B5_GEa_F070_R1.txt,1,2,late,75.0,1,88.62338931664651,88.62338931664651
B_OLD_CKPT_NEW_DATA,OLD,NEW,743,1,1,CO,25.0,B5_GCO_F010_R1.txt,1,2,late,145.0,1,25.0,25.0
B_OLD_CKPT_NEW_DATA,OLD,NEW,744,0,0,Ethanol,112.5,B5_GEa_F090_R2.txt,2,2,late,110.0,1,108.45060546645148,108.45060546645148
B_OLD_CKPT_NEW_DATA,OLD,NEW,745,2,2,Ethylene,25.0,B5_GEy_F020_R1.txt,1,2,late,65.0,1,23.41195608715814,23.41195608715814
B_OLD_CKPT_NEW_DATA,OLD,NEW,746,1,1,CO,125.0,B5_GCO_F050_R2.txt,2,2,late,70.0,1,123.54586800938907,123.54586800938907
B_OLD_CKPT_NEW_DATA,OLD,NEW,747,0,0,Ethanol,50.0,B5_GEa_F040_R1.txt,1,2,late,155.0,1,65.4483161762943,65.4483161762943
B_OLD_CKPT_NEW_DATA,OLD,NEW,748,3,3,Methane,200.0,B5_GMe_F080_R1.txt,1,2,late,150.0,1,154.70039597997356,154.70039597997356
B_OLD_CKPT_NEW_DATA,OLD,NEW,749,0,0,Ethanol,112.5,B5_GEa_F090_R1.txt,1,2,late,135.0,1,109.45576198324349,109.45576198324349
B_OLD_CKPT_NEW_DATA,OLD,NEW,750,0,0,Ethanol,87.5,B5_GEa_F070_R2.txt,2,2,late,145.0,1,95.14317229297467,95.14317229297467
B_OLD_CKPT_NEW_DATA,OLD,NEW,751,2,2,Ethylene,50.0,B5_GEy_F040_R1.txt,1,2,late,70.0,1,49.10988094661101,49.10988094661101
B_OLD_CKPT_NEW_DATA,OLD,NEW,752,1,1,CO,175.0,B5_GCO_F070_R1.txt,1,2,late,105.0,1,179.849255121007,179.849255121007
B_OLD_CKPT_NEW_DATA,OLD,NEW,753,1,1,CO,100.0,B5_GCO_F040_R1.txt,1,2,late,160.0,1,155.21586217875085,155.21586217875085
B_OLD_CKPT_NEW_DATA,OLD,NEW,754,1,1,CO,150.0,B5_GCO_F060_R1.txt,1,2,late,150.0,1,136.9896328471813,136.9896328471813
B_OLD_CKPT_NEW_DATA,OLD,NEW,755,2,2,Ethylene,25.0,B5_GEy_F020_R1.txt,1,2,late,145.0,1,25.860295707463706,25.860295707463706
B_OLD_CKPT_NEW_DATA,OLD,NEW,756,0,0,Ethanol,125.0,B5_GEa_F100_R2.txt,2,2,late,105.0,1,108.80228875904639,108.80228875904639
B_OLD_CKPT_NEW_DATA,OLD,NEW,757,0,0,Ethanol,100.0,B5_GEa_F080_R1.txt,1,2,late,85.0,1,88.7513111711533,88.7513111711533
B_OLD_CKPT_NEW_DATA,OLD,NEW,758,2,2,Ethylene,12.5,B5_GEy_F010_R1.txt,1,2,late,140.0,1,12.5,12.5
B_OLD_CKPT_NEW_DATA,OLD,NEW,759,0,0,Ethanol,100.0,B5_GEa_F080_R1.txt,1,2,late,125.0,1,96.22290903457628,96.22290903457628
B_OLD_CKPT_NEW_DATA,OLD,NEW,760,2,2,Ethylene,50.0,B5_GEy_F040_R1.txt,1,2,late,65.0,1,50.50052650912272,50.50052650912272
B_OLD_CKPT_NEW_DATA,OLD,NEW,761,2,2,Ethylene,50.0,B5_GEy_F040_R2.txt,2,2,late,70.0,1,53.92518956135945,53.92518956135945
B_OLD_CKPT_NEW_DATA,OLD,NEW,762,1,1,CO,25.0,B5_GCO_F010_R2.txt,2,2,late,125.0,1,25.0,25.0
B_OLD_CKPT_NEW_DATA,OLD,NEW,763,2,2,Ethylene,12.5,B5_GEy_F010_R2.txt,2,2,late,160.0,1,12.5,12.5
B_OLD_CKPT_NEW_DATA,OLD,NEW,764,0,0,Ethanol,75.0,B5_GEa_F060_R2.txt,2,2,late,60.0,1,57.95742047127555,57.95742047127555
B_OLD_CKPT_NEW_DATA,OLD,NEW,765,0,0,Ethanol,62.5,B5_GEa_F050_R2.txt,2,2,late,115.0,1,65.24942137049105,65.24942137049105
B_OLD_CKPT_NEW_DATA,OLD,NEW,766,3,3,Methane,175.0,B5_GMe_F070_R2.txt,2,2,late,160.0,1,189.36526940424412,189.36526940424412
B_OLD_CKPT_NEW_DATA,OLD,NEW,767,2,2,Ethylene,37.5,B5_GEy_F030_R2.txt,2,2,late,80.0,1,39.621431975022674,39.621431975022674
B_OLD_CKPT_NEW_DATA,OLD,NEW,768,2,2,Ethylene,112.5,B5_GEy_F090_R1.txt,1,2,late,110.0,1,110.19331858751183,110.19331858751183
B_OLD_CKPT_NEW_DATA,OLD,NEW,769,2,2,Ethylene,125.0,B5_GEy_F100_R1.txt,1,2,late,90.0,1,125.0,125.0
B_OLD_CKPT_NEW_DATA,OLD,NEW,770,2,2,Ethylene,112.5,B5_GEy_F090_R1.txt,1,2,late,150.0,1,110.58904909979233,110.58904909979233
B_OLD_CKPT_NEW_DATA,OLD,NEW,771,1,1,CO,150.0,B5_GCO_F060_R1.txt,1,2,late,110.0,1,141.83842836951126,141.83842836951126
B_OLD_CKPT_NEW_DATA,OLD,NEW,772,2,2,Ethylene,87.5,B5_GEy_F070_R1.txt,1,2,late,120.0,1,86.69856815942727,86.69856815942727
B_OLD_CKPT_NEW_DATA,OLD,NEW,773,3,3,Methane,225.0,B5_GMe_F090_R2.txt,2,2,late,125.0,1,206.249149387081,206.249149387081
B_OLD_CKPT_NEW_DATA,OLD,NEW,774,1,1,CO,125.0,B5_GCO_F050_R1.txt,1,2,late,105.0,1,136.58736783973734,136.58736783973734
B_OLD_CKPT_NEW_DATA,OLD,NEW,775,3,3,Methane,100.0,B5_GMe_F040_R2.txt,2,2,late,110.0,1,97.73188998448758,97.73188998448758
B_OLD_CKPT_NEW_DATA,OLD,NEW,776,1,1,CO,150.0,B5_GCO_F060_R2.txt,2,2,late,105.0,1,182.34970033569573,182.34970033569573
B_OLD_CKPT_NEW_DATA,OLD,NEW,777,2,2,Ethylene,100.0,B5_GEy_F080_R1.txt,1,2,late,155.0,1,116.36605289157384,116.36605289157384
B_OLD_CKPT_NEW_DATA,OLD,NEW,778,2,2,Ethylene,37.5,B5_GEy_F030_R2.txt,2,2,late,70.0,1,37.525226388556185,37.525226388556185
B_OLD_CKPT_NEW_DATA,OLD,NEW,779,0,0,Ethanol,125.0,B5_GEa_F100_R1.txt,1,2,late,130.0,1,119.70510614159778,119.70510614159778
B_OLD_CKPT_NEW_DATA,OLD,NEW,780,0,0,Ethanol,87.5,B5_GEa_F070_R2.txt,2,2,late,155.0,1,100.39707888283108,100.39707888283108
B_OLD_CKPT_NEW_DATA,OLD,NEW,781,2,2,Ethylene,112.5,B5_GEy_F090_R1.txt,1,2,late,135.0,1,108.89494963810026,108.89494963810026
B_OLD_CKPT_NEW_DATA,OLD,NEW,782,1,1,CO,100.0,B5_GCO_F040_R1.txt,1,2,late,120.0,1,99.56898351485859,99.56898351485859
B_OLD_CKPT_NEW_DATA,OLD,NEW,783,1,1,CO,75.0,B5_GCO_F030_R2.txt,2,2,late,105.0,1,62.40696444427124,62.40696444427124
B_OLD_CKPT_NEW_DATA,OLD,NEW,784,3,3,Methane,125.0,B5_GMe_F050_R1.txt,1,2,late,90.0,1,139.7558609794661,139.7558609794661
B_OLD_CKPT_NEW_DATA,OLD,NEW,785,1,1,CO,50.0,B5_GCO_F020_R1.txt,1,2,late,90.0,1,47.55635251198734,47.55635251198734
B_OLD_CKPT_NEW_DATA,OLD,NEW,786,2,2,Ethylene,25.0,B5_GEy_F020_R1.txt,1,2,late,140.0,1,26.87826923804147,26.87826923804147
B_OLD_CKPT_NEW_DATA,OLD,NEW,787,3,3,Methane,250.0,B5_GMe_F100_R2.txt,2,2,late,100.0,1,210.55541087507368,210.55541087507368
B_OLD_CKPT_NEW_DATA,OLD,NEW,788,1,1,CO,150.0,B5_GCO_F060_R2.txt,2,2,late,75.0,1,158.56376796516122,158.56376796516122
B_OLD_CKPT_NEW_DATA,OLD,NEW,789,3,3,Methane,50.0,B5_GMe_F020_R2.txt,2,2,late,155.0,1,72.56563373894875,72.56563373894875
B_OLD_CKPT_NEW_DATA,OLD,NEW,790,0,0,Ethanol,62.5,B5_GEa_F050_R1.txt,1,2,late,85.0,1,74.4796076111873,74.4796076111873
B_OLD_CKPT_NEW_DATA,OLD,NEW,791,0,0,Ethanol,125.0,B5_GEa_F100_R1.txt,1,2,late,105.0,1,118.33116713774903,118.33116713774903
B_OLD_CKPT_NEW_DATA,OLD,NEW,792,2,2,Ethylene,75.0,B5_GEy_F060_R2.txt,2,2,late,145.0,1,75.48544324488964,75.48544324488964
B_OLD_CKPT_NEW_DATA,OLD,NEW,793,1,1,CO,200.0,B5_GCO_F080_R2.txt,2,2,late,115.0,1,203.63071125297245,203.63071125297245
B_OLD_CKPT_NEW_DATA,OLD,NEW,794,3,3,Methane,150.0,B5_GMe_F060_R2.txt,2,2,late,130.0,1,166.44234742311446,166.44234742311446
B_OLD_CKPT_NEW_DATA,OLD,NEW,795,0,0,Ethanol,25.0,B5_GEa_F020_R1.txt,1,2,late,110.0,1,35.434094008579486,35.434094008579486
B_OLD_CKPT_NEW_DATA,OLD,NEW,796,2,2,Ethylene,50.0,B5_GEy_F040_R1.txt,1,2,late,105.0,1,50.7969149320281,50.7969149320281
B_OLD_CKPT_NEW_DATA,OLD,NEW,797,2,2,Ethylene,12.5,B5_GEy_F010_R2.txt,2,2,late,95.0,1,12.5,12.5
B_OLD_CKPT_NEW_DATA,OLD,NEW,798,3,3,Methane,25.0,B5_GMe_F010_R1.txt,1,2,late,130.0,1,49.34964281757533,49.34964281757533
B_OLD_CKPT_NEW_DATA,OLD,NEW,799,2,2,Ethylene,25.0,B5_GEy_F020_R2.txt,2,2,late,95.0,1,27.226235735504346,27.226235735504346
B_OLD_CKPT_NEW_DATA,OLD,NEW,800,3,3,Methane,100.0,B5_GMe_F040_R2.txt,2,2,late,105.0,1,105.66908288590405,105.66908288590405
B_OLD_CKPT_NEW_DATA,OLD,NEW,801,1,1,CO,200.0,B5_GCO_F080_R2.txt,2,2,late,100.0,1,184.5447754417204,184.5447754417204
B_OLD_CKPT_NEW_DATA,OLD,NEW,802,2,2,Ethylene,37.5,B5_GEy_F030_R2.txt,2,2,late,115.0,1,35.716051251298296,35.716051251298296
B_OLD_CKPT_NEW_DATA,OLD,NEW,803,1,1,CO,75.0,B5_GCO_F030_R1.txt,1,2,late,145.0,1,72.98947219057297,72.98947219057297
B_OLD_CKPT_NEW_DATA,OLD,NEW,804,0,0,Ethanol,25.0,B5_GEa_F020_R1.txt,1,2,late,115.0,1,37.41913663476194,37.41913663476194
B_OLD_CKPT_NEW_DATA,OLD,NEW,805,1,1,CO,225.0,B5_GCO_F090_R1.txt,1,2,late,95.0,1,243.12495823745303,243.12495823745303
B_OLD_CKPT_NEW_DATA,OLD,NEW,806,2,2,Ethylene,87.5,B5_GEy_F070_R2.txt,2,2,late,135.0,1,87.63566579475395,87.63566579475395
B_OLD_CKPT_NEW_DATA,OLD,NEW,807,1,1,CO,125.0,B5_GCO_F050_R2.txt,2,2,late,75.0,1,116.76625073361689,116.76625073361689
B_OLD_CKPT_NEW_DATA,OLD,NEW,808,2,2,Ethylene,87.5,B5_GEy_F070_R1.txt,1,2,late,140.0,1,83.52041906771368,83.52041906771368
B_OLD_CKPT_NEW_DATA,OLD,NEW,809,3,3,Methane,25.0,B5_GMe_F010_R1.txt,1,2,late,65.0,1,66.79225789934809,66.79225789934809
B_OLD_CKPT_NEW_DATA,OLD,NEW,810,0,0,Ethanol,87.5,B5_GEa_F070_R2.txt,2,2,late,135.0,1,89.32062140768473,89.32062140768473
B_OLD_CKPT_NEW_DATA,OLD,NEW,811,1,1,CO,250.0,B5_GCO_F100_R1.txt,1,2,late,105.0,1,243.26362674927253,243.26362674927253
B_OLD_CKPT_NEW_DATA,OLD,NEW,812,0,0,Ethanol,25.0,B5_GEa_F020_R2.txt,2,2,late,160.0,1,29.06187012534138,29.06187012534138
B_OLD_CKPT_NEW_DATA,OLD,NEW,813,0,0,Ethanol,50.0,B5_GEa_F040_R2.txt,2,2,late,135.0,1,49.325075560409104,49.325075560409104
B_OLD_CKPT_NEW_DATA,OLD,NEW,814,0,0,Ethanol,112.5,B5_GEa_F090_R2.txt,2,2,late,105.0,1,106.51110215865955,106.51110215865955
B_OLD_CKPT_NEW_DATA,OLD,NEW,815,3,3,Methane,25.0,B5_GMe_F010_R2.txt,2,2,late,130.0,1,45.293682236549614,45.293682236549614
B_OLD_CKPT_NEW_DATA,OLD,NEW,816,2,2,Ethylene,87.5,B5_GEy_F070_R1.txt,1,2,late,65.0,1,86.96856045696538,86.96856045696538
B_OLD_CKPT_NEW_DATA,OLD,NEW,817,0,0,Ethanol,37.5,B5_GEa_F030_R1.txt,1,2,late,60.0,1,47.849395665515715,47.849395665515715
B_OLD_CKPT_NEW_DATA,OLD,NEW,818,3,3,Methane,225.0,B5_GMe_F090_R2.txt,2,2,late,150.0,1,179.20085274812016,179.20085274812016
B_OLD_CKPT_NEW_DATA,OLD,NEW,819,3,3,Methane,250.0,B5_GMe_F100_R1.txt,1,2,late,70.0,1,201.46929036857787,201.46929036857787
B_OLD_CKPT_NEW_DATA,OLD,NEW,820,1,1,CO,50.0,B5_GCO_F020_R2.txt,2,2,late,90.0,1,45.24322928341124,45.24322928341124
B_OLD_CKPT_NEW_DATA,OLD,NEW,821,0,0,Ethanol,75.0,B5_GEa_F060_R1.txt,1,2,late,125.0,1,82.49244627019296,82.49244627019296
B_OLD_CKPT_NEW_DATA,OLD,NEW,822,3,3,Methane,25.0,B5_GMe_F010_R2.txt,2,2,late,120.0,1,47.77577581326359,47.77577581326359
B_OLD_CKPT_NEW_DATA,OLD,NEW,823,0,0,Ethanol,50.0,B5_GEa_F040_R1.txt,1,2,late,130.0,1,57.55520501549928,57.55520501549928
B_OLD_CKPT_NEW_DATA,OLD,NEW,824,1,1,CO,250.0,B5_GCO_F100_R1.txt,1,2,late,150.0,1,248.7050224138078,248.7050224138078
B_OLD_CKPT_NEW_DATA,OLD,NEW,825,1,0,CO,25.0,B5_GCO_F010_R2.txt,2,2,late,65.0,0,12.5,25.0
B_OLD_CKPT_NEW_DATA,OLD,NEW,826,0,0,Ethanol,100.0,B5_GEa_F080_R2.txt,2,2,late,75.0,1,91.17991380058416,91.17991380058416
B_OLD_CKPT_NEW_DATA,OLD,NEW,827,3,3,Methane,25.0,B5_GMe_F010_R1.txt,1,2,late,85.0,1,51.90823038824388,51.90823038824388
B_OLD_CKPT_NEW_DATA,OLD,NEW,828,3,3,Methane,200.0,B5_GMe_F080_R2.txt,2,2,late,135.0,1,203.83298205802376,203.83298205802376
B_OLD_CKPT_NEW_DATA,OLD,NEW,829,0,0,Ethanol,112.5,B5_GEa_F090_R2.txt,2,2,late,95.0,1,104.83720592359167,104.83720592359167
B_OLD_CKPT_NEW_DATA,OLD,NEW,830,2,2,Ethylene,75.0,B5_GEy_F060_R2.txt,2,2,late,140.0,1,75.43818598401005,75.43818598401005
B_OLD_CKPT_NEW_DATA,OLD,NEW,831,1,1,CO,75.0,B5_GCO_F030_R2.txt,2,2,late,130.0,1,91.94086330671126,91.94086330671126
B_OLD_CKPT_NEW_DATA,OLD,NEW,832,3,3,Methane,250.0,B5_GMe_F100_R1.txt,1,2,late,60.0,1,250.0,250.0
B_OLD_CKPT_NEW_DATA,OLD,NEW,833,3,3,Methane,75.0,B5_GMe_F030_R2.txt,2,2,late,80.0,1,101.84297876942888,101.84297876942888
B_OLD_CKPT_NEW_DATA,OLD,NEW,834,2,2,Ethylene,75.0,B5_GEy_F060_R2.txt,2,2,late,155.0,1,88.42832630667839,88.42832630667839
B_OLD_CKPT_NEW_DATA,OLD,NEW,835,0,0,Ethanol,87.5,B5_GEa_F070_R1.txt,1,2,late,155.0,1,98.67716297679425,98.67716297679425
B_OLD_CKPT_NEW_DATA,OLD,NEW,836,0,0,Ethanol,25.0,B5_GEa_F020_R2.txt,2,2,late,70.0,1,21.02548454080832,21.02548454080832
B_OLD_CKPT_NEW_DATA,OLD,NEW,837,0,0,Ethanol,25.0,B5_GEa_F020_R1.txt,1,2,late,120.0,1,36.64871817334506,36.64871817334506
B_OLD_CKPT_NEW_DATA,OLD,NEW,838,2,2,Ethylene,75.0,B5_GEy_F060_R2.txt,2,2,late,105.0,1,73.13219555286591,73.13219555286591
B_OLD_CKPT_NEW_DATA,OLD,NEW,839,1,1,CO,75.0,B5_GCO_F030_R1.txt,1,2,late,115.0,1,43.841670512275755,43.841670512275755
B_OLD_CKPT_NEW_DATA,OLD,NEW,840,0,0,Ethanol,100.0,B5_GEa_F080_R1.txt,1,2,late,65.0,1,90.23578428871213,90.23578428871213
B_OLD_CKPT_NEW_DATA,OLD,NEW,841,0,0,Ethanol,87.5,B5_GEa_F070_R2.txt,2,2,late,70.0,1,82.09195673321108,82.09195673321108
B_OLD_CKPT_NEW_DATA,OLD,NEW,842,1,1,CO,200.0,B5_GCO_F080_R2.txt,2,2,late,90.0,1,209.76150646650564,209.76150646650564
B_OLD_CKPT_NEW_DATA,OLD,NEW,843,1,1,CO,225.0,B5_GCO_F090_R2.txt,2,2,late,85.0,1,224.88874403041342,224.88874403041342
B_OLD_CKPT_NEW_DATA,OLD,NEW,844,1,1,CO,225.0,B5_GCO_F090_R1.txt,1,2,late,160.0,1,223.60524677844876,223.60524677844876
B_OLD_CKPT_NEW_DATA,OLD,NEW,845,1,1,CO,200.0,B5_GCO_F080_R2.txt,2,2,late,70.0,1,185.82544031699047,185.82544031699047
B_OLD_CKPT_NEW_DATA,OLD,NEW,846,2,2,Ethylene,75.0,B5_GEy_F060_R2.txt,2,2,late,150.0,1,74.38873922733639,74.38873922733639
B_OLD_CKPT_NEW_DATA,OLD,NEW,847,0,0,Ethanol,50.0,B5_GEa_F040_R2.txt,2,2,late,65.0,1,44.20651909884893,44.20651909884893
B_OLD_CKPT_NEW_DATA,OLD,NEW,848,1,1,CO,75.0,B5_GCO_F030_R1.txt,1,2,late,135.0,1,86.68106614917122,86.68106614917122
B_OLD_CKPT_NEW_DATA,OLD,NEW,849,2,2,Ethylene,100.0,B5_GEy_F080_R2.txt,2,2,late,70.0,1,103.42493209853097,103.42493209853097
B_OLD_CKPT_NEW_DATA,OLD,NEW,850,0,0,Ethanol,50.0,B5_GEa_F040_R1.txt,1,2,late,90.0,1,51.14666768913027,51.14666768913027
B_OLD_CKPT_NEW_DATA,OLD,NEW,851,0,0,Ethanol,12.5,B5_GEa_F010_R2.txt,2,2,late,70.0,1,12.696881668246032,12.696881668246032
B_OLD_CKPT_NEW_DATA,OLD,NEW,852,3,3,Methane,50.0,B5_GMe_F020_R1.txt,1,2,late,125.0,1,63.327685796416795,63.327685796416795
B_OLD_CKPT_NEW_DATA,OLD,NEW,853,1,1,CO,75.0,B5_GCO_F030_R2.txt,2,2,late,85.0,1,79.79212560391828,79.79212560391828
B_OLD_CKPT_NEW_DATA,OLD,NEW,854,1,1,CO,250.0,B5_GCO_F100_R1.txt,1,2,late,75.0,1,250.0,250.0
B_OLD_CKPT_NEW_DATA,OLD,NEW,855,2,2,Ethylene,112.5,B5_GEy_F090_R2.txt,2,2,late,85.0,1,110.63319562996479,110.63319562996479
B_OLD_CKPT_NEW_DATA,OLD,NEW,856,0,0,Ethanol,75.0,B5_GEa_F060_R2.txt,2,2,late,160.0,1,52.6937956645981,52.6937956645981
B_OLD_CKPT_NEW_DATA,OLD,NEW,857,0,0,Ethanol,87.5,B5_GEa_F070_R2.txt,2,2,late,80.0,1,84.72212863494056,84.72212863494056
B_OLD_CKPT_NEW_DATA,OLD,NEW,858,2,2,Ethylene,50.0,B5_GEy_F040_R2.txt,2,2,late,135.0,1,53.484441041499686,53.484441041499686
B_OLD_CKPT_NEW_DATA,OLD,NEW,859,1,1,CO,125.0,B5_GCO_F050_R1.txt,1,2,late,130.0,1,119.62189269266146,119.62189269266146
B_OLD_CKPT_NEW_DATA,OLD,NEW,860,1,1,CO,250.0,B5_GCO_F100_R1.txt,1,2,late,130.0,1,240.86830292755207,240.86830292755207
B_OLD_CKPT_NEW_DATA,OLD,NEW,861,1,1,CO,150.0,B5_GCO_F060_R2.txt,2,2,late,145.0,1,160.126677731503,160.126677731503
B_OLD_CKPT_NEW_DATA,OLD,NEW,862,0,0,Ethanol,75.0,B5_GEa_F060_R2.txt,2,2,late,125.0,1,69.42870568201324,69.42870568201324
B_OLD_CKPT_NEW_DATA,OLD,NEW,863,0,0,Ethanol,25.0,B5_GEa_F020_R2.txt,2,2,late,100.0,1,28.83269944952977,28.83269944952977
B_OLD_CKPT_NEW_DATA,OLD,NEW,864,3,3,Methane,150.0,B5_GMe_F060_R2.txt,2,2,late,140.0,1,152.3097519200513,152.3097519200513
B_OLD_CKPT_NEW_DATA,OLD,NEW,865,3,3,Methane,150.0,B5_GMe_F060_R2.txt,2,2,late,60.0,1,176.92173602362658,176.92173602362658
B_OLD_CKPT_NEW_DATA,OLD,NEW,866,1,1,CO,200.0,B5_GCO_F080_R1.txt,1,2,late,65.0,1,197.3086431701571,197.3086431701571
B_OLD_CKPT_NEW_DATA,OLD,NEW,867,0,0,Ethanol,75.0,B5_GEa_F060_R1.txt,1,2,late,110.0,1,79.63762498362036,79.63762498362036
B_OLD_CKPT_NEW_DATA,OLD,NEW,868,3,3,Methane,175.0,B5_GMe_F070_R2.txt,2,2,late,120.0,1,186.64231644051895,186.64231644051895
B_OLD_CKPT_NEW_DATA,OLD,NEW,869,3,3,Methane,100.0,B5_GMe_F040_R2.txt,2,2,late,115.0,1,116.375422742708,116.375422742708
B_OLD_CKPT_NEW_DATA,OLD,NEW,870,2,2,Ethylene,125.0,B5_GEy_F100_R1.txt,1,2,late,130.0,1,123.50566326241645,123.50566326241645
B_OLD_CKPT_NEW_DATA,OLD,NEW,871,2,2,Ethylene,37.5,B5_GEy_F030_R2.txt,2,2,late,65.0,1,39.040279264656675,39.040279264656675
B_OLD_CKPT_NEW_DATA,OLD,NEW,872,0,0,Ethanol,87.5,B5_GEa_F070_R2.txt,2,2,late,85.0,1,85.92617302308102,85.92617302308102
B_OLD_CKPT_NEW_DATA,OLD,NEW,873,0,0,Ethanol,75.0,B5_GEa_F060_R1.txt,1,2,late,155.0,1,93.47604254849864,93.47604254849864
B_OLD_CKPT_NEW_DATA,OLD,NEW,874,3,3,Methane,250.0,B5_GMe_F100_R1.txt,1,2,late,85.0,1,195.20143196786034,195.20143196786034
B_OLD_CKPT_NEW_DATA,OLD,NEW,875,3,3,Methane,125.0,B5_GMe_F050_R2.txt,2,2,late,140.0,1,141.0056337107797,141.0056337107797
B_OLD_CKPT_NEW_DATA,OLD,NEW,876,2,2,Ethylene,37.5,B5_GEy_F030_R1.txt,1,2,late,70.0,1,37.66631474787026,37.66631474787026
B_OLD_CKPT_NEW_DATA,OLD,NEW,877,3,3,Methane,50.0,B5_GMe_F020_R2.txt,2,2,late,125.0,1,101.5914366659732,101.5914366659732
B_OLD_CKPT_NEW_DATA,OLD,NEW,878,0,0,Ethanol,37.5,B5_GEa_F030_R2.txt,2,2,late,65.0,1,36.78502066758893,36.78502066758893
B_OLD_CKPT_NEW_DATA,OLD,NEW,879,3,3,Methane,50.0,B5_GMe_F020_R1.txt,1,2,late,85.0,1,68.69297858879317,68.69297858879317
B_OLD_CKPT_NEW_DATA,OLD,NEW,880,1,1,CO,225.0,B5_GCO_F090_R1.txt,1,2,late,120.0,1,223.71553661073642,223.71553661073642
B_OLD_CKPT_NEW_DATA,OLD,NEW,881,3,3,Methane,200.0,B5_GMe_F080_R2.txt,2,2,late,100.0,1,191.0914930075308,191.0914930075308
B_OLD_CKPT_NEW_DATA,OLD,NEW,882,2,2,Ethylene,50.0,B5_GEy_F040_R2.txt,2,2,late,150.0,1,53.715785653592775,53.715785653592775
B_OLD_CKPT_NEW_DATA,OLD,NEW,883,1,1,CO,200.0,B5_GCO_F080_R2.txt,2,2,late,80.0,1,192.40821301453178,192.40821301453178
B_OLD_CKPT_NEW_DATA,OLD,NEW,884,2,2,Ethylene,25.0,B5_GEy_F020_R1.txt,1,2,late,155.0,1,33.55286579196985,33.55286579196985
B_OLD_CKPT_NEW_DATA,OLD,NEW,885,1,1,CO,250.0,B5_GCO_F100_R1.txt,1,2,late,80.0,1,250.0,250.0
B_OLD_CKPT_NEW_DATA,OLD,NEW,886,2,2,Ethylene,12.5,B5_GEy_F010_R1.txt,1,2,late,125.0,1,12.5,12.5
B_OLD_CKPT_NEW_DATA,OLD,NEW,887,0,0,Ethanol,75.0,B5_GEa_F060_R1.txt,1,2,late,150.0,1,85.06274624783214,85.06274624783214
B_OLD_CKPT_NEW_DATA,OLD,NEW,888,0,0,Ethanol,112.5,B5_GEa_F090_R1.txt,1,2,late,125.0,1,109.29934089924106,109.29934089924106
B_OLD_CKPT_NEW_DATA,OLD,NEW,889,3,3,Methane,25.0,B5_GMe_F010_R2.txt,2,2,late,135.0,1,49.180639643381994,49.180639643381994
B_OLD_CKPT_NEW_DATA,OLD,NEW,890,2,2,Ethylene,12.5,B5_GEy_F010_R1.txt,1,2,late,145.0,1,12.5,12.5
B_OLD_CKPT_NEW_DATA,OLD,NEW,891,2,2,Ethylene,62.5,B5_GEy_F050_R2.txt,2,2,late,160.0,1,36.865409118900146,36.865409118900146
B_OLD_CKPT_NEW_DATA,OLD,NEW,892,1,1,CO,100.0,B5_GCO_F040_R1.txt,1,2,late,150.0,1,87.11327071622298,87.11327071622298
B_OLD_CKPT_NEW_DATA,OLD,NEW,893,3,3,Methane,75.0,B5_GMe_F030_R2.txt,2,2,late,145.0,1,75.86347930007767,75.86347930007767
B_OLD_CKPT_NEW_DATA,OLD,NEW,894,0,0,Ethanol,75.0,B5_GEa_F060_R1.txt,1,2,late,70.0,1,81.07851327718626,81.07851327718626
B_OLD_CKPT_NEW_DATA,OLD,NEW,895,3,3,Methane,125.0,B5_GMe_F050_R1.txt,1,2,late,160.0,1,109.12875249032807,109.12875249032807
B_OLD_CKPT_NEW_DATA,OLD,NEW,896,0,0,Ethanol,62.5,B5_GEa_F050_R2.txt,2,2,late,100.0,1,63.7471541338485,63.7471541338485
B_OLD_CKPT_NEW_DATA,OLD,NEW,897,3,3,Methane,100.0,B5_GMe_F040_R1.txt,1,2,late,75.0,1,110.36533498679124,110.36533498679124
B_OLD_CKPT_NEW_DATA,OLD,NEW,898,2,2,Ethylene,37.5,B5_GEy_F030_R2.txt,2,2,late,100.0,1,37.09508390917047,37.09508390917047
B_OLD_CKPT_NEW_DATA,OLD,NEW,899,1,1,CO,150.0,B5_GCO_F060_R2.txt,2,2,late,65.0,1,151.21769830060612,151.21769830060612
B_OLD_CKPT_NEW_DATA,OLD,NEW,900,1,1,CO,150.0,B5_GCO_F060_R2.txt,2,2,late,120.0,1,189.78225619706274,189.78225619706274
B_OLD_CKPT_NEW_DATA,OLD,NEW,901,1,1,CO,175.0,B5_GCO_F070_R2.txt,2,2,late,115.0,1,175.26266582617498,175.26266582617498
B_OLD_CKPT_NEW_DATA,OLD,NEW,902,2,2,Ethylene,62.5,B5_GEy_F050_R1.txt,1,2,late,60.0,1,67.10606854022994,67.10606854022994
B_OLD_CKPT_NEW_DATA,OLD,NEW,903,1,1,CO,50.0,B5_GCO_F020_R2.txt,2,2,late,100.0,1,52.16309642605816,52.16309642605816
B_OLD_CKPT_NEW_DATA,OLD,NEW,904,1,1,CO,225.0,B5_GCO_F090_R2.txt,2,2,late,65.0,1,231.2422318838855,231.2422318838855
B_OLD_CKPT_NEW_DATA,OLD,NEW,905,0,0,Ethanol,25.0,B5_GEa_F020_R2.txt,2,2,late,95.0,1,27.385638653045863,27.385638653045863
B_OLD_CKPT_NEW_DATA,OLD,NEW,906,1,1,CO,250.0,B5_GCO_F100_R1.txt,1,2,late,90.0,1,250.0,250.0
B_OLD_CKPT_NEW_DATA,OLD,NEW,907,0,0,Ethanol,62.5,B5_GEa_F050_R2.txt,2,2,late,130.0,1,68.39387108893092,68.39387108893092
B_OLD_CKPT_NEW_DATA,OLD,NEW,908,1,1,CO,50.0,B5_GCO_F020_R2.txt,2,2,late,75.0,1,49.06744281505314,49.06744281505314
B_OLD_CKPT_NEW_DATA,OLD,NEW,909,3,3,Methane,250.0,B5_GMe_F100_R2.txt,2,2,late,145.0,1,245.36258029535242,245.36258029535242
B_OLD_CKPT_NEW_DATA,OLD,NEW,910,1,1,CO,125.0,B5_GCO_F050_R1.txt,1,2,late,125.0,1,125.48243759465795,125.48243759465795
B_OLD_CKPT_NEW_DATA,OLD,NEW,911,1,1,CO,100.0,B5_GCO_F040_R2.txt,2,2,late,95.0,1,87.86211505891144,87.86211505891144
B_OLD_CKPT_NEW_DATA,OLD,NEW,912,3,3,Methane,25.0,B5_GMe_F010_R1.txt,1,2,late,155.0,1,40.82399263106776,40.82399263106776
B_OLD_CKPT_NEW_DATA,OLD,NEW,913,0,0,Ethanol,37.5,B5_GEa_F030_R2.txt,2,2,late,100.0,1,42.78461867528969,42.78461867528969
B_OLD_CKPT_NEW_DATA,OLD,NEW,914,3,3,Methane,200.0,B5_GMe_F080_R2.txt,2,2,late,105.0,1,179.10388344388733,179.10388344388733
B_OLD_CKPT_NEW_DATA,OLD,NEW,915,3,3,Methane,125.0,B5_GMe_F050_R2.txt,2,2,late,75.0,1,154.9602352255846,154.9602352255846
B_OLD_CKPT_NEW_DATA,OLD,NEW,916,2,2,Ethylene,100.0,B5_GEy_F080_R1.txt,1,2,late,85.0,1,102.91376063748078,102.91376063748078
B_OLD_CKPT_NEW_DATA,OLD,NEW,917,1,1,CO,200.0,B5_GCO_F080_R2.txt,2,2,late,130.0,1,218.89867195731628,218.89867195731628
B_OLD_CKPT_NEW_DATA,OLD,NEW,918,1,1,CO,100.0,B5_GCO_F040_R2.txt,2,2,late,120.0,1,100.63349388275702,100.63349388275702
B_OLD_CKPT_NEW_DATA,OLD,NEW,919,0,0,Ethanol,75.0,B5_GEa_F060_R2.txt,2,2,late,145.0,1,69.84802788659823,69.84802788659823
B_OLD_CKPT_NEW_DATA,OLD,NEW,920,3,3,Methane,250.0,B5_GMe_F100_R1.txt,1,2,late,150.0,1,185.35727029731555,185.35727029731555
B_OLD_CKPT_NEW_DATA,OLD,NEW,921,2,2,Ethylene,50.0,B5_GEy_F040_R2.txt,2,2,late,140.0,1,57.24801570575975,57.24801570575975
B_OLD_CKPT_NEW_DATA,OLD,NEW,922,3,3,Methane,175.0,B5_GMe_F070_R1.txt,1,2,late,125.0,1,162.4938006930934,162.4938006930934
B_OLD_CKPT_NEW_DATA,OLD,NEW,923,1,1,CO,175.0,B5_GCO_F070_R1.txt,1,2,late,70.0,1,169.5244892038754,169.5244892038754
B_OLD_CKPT_NEW_DATA,OLD,NEW,924,2,2,Ethylene,125.0,B5_GEy_F100_R2.txt,2,2,late,70.0,1,122.30071349415665,122.30071349415665
B_OLD_CKPT_NEW_DATA,OLD,NEW,925,0,0,Ethanol,12.5,B5_GEa_F010_R1.txt,1,2,late,95.0,1,15.052231929199554,15.052231929199554
B_OLD_CKPT_NEW_DATA,OLD,NEW,926,1,1,CO,225.0,B5_GCO_F090_R1.txt,1,2,late,145.0,1,233.43070486165644,233.43070486165644
B_OLD_CKPT_NEW_DATA,OLD,NEW,927,1,1,CO,125.0,B5_GCO_F050_R1.txt,1,2,late,70.0,1,136.99313478864838,136.99313478864838
B_OLD_CKPT_NEW_DATA,OLD,NEW,928,1,1,CO,50.0,B5_GCO_F020_R1.txt,1,2,late,145.0,1,33.33812286925544,33.33812286925544
B_OLD_CKPT_NEW_DATA,OLD,NEW,929,3,3,Methane,100.0,B5_GMe_F040_R2.txt,2,2,late,120.0,1,126.90447947398056,126.90447947398056
B_OLD_CKPT_NEW_DATA,OLD,NEW,930,1,1,CO,125.0,B5_GCO_F050_R2.txt,2,2,late,95.0,1,124.20635007235772,124.20635007235772
B_OLD_CKPT_NEW_DATA,OLD,NEW,931,3,3,Methane,125.0,B5_GMe_F050_R2.txt,2,2,late,120.0,1,137.4195005034765,137.4195005034765
B_OLD_CKPT_NEW_DATA,OLD,NEW,932,2,2,Ethylene,12.5,B5_GEy_F010_R1.txt,1,2,late,105.0,1,12.5,12.5
B_OLD_CKPT_NEW_DATA,OLD,NEW,933,3,3,Methane,150.0,B5_GMe_F060_R1.txt,1,2,late,80.0,1,150.95472272551874,150.95472272551874
B_OLD_CKPT_NEW_DATA,OLD,NEW,934,0,0,Ethanol,62.5,B5_GEa_F050_R2.txt,2,2,late,60.0,1,58.519171681083336,58.519171681083336
B_OLD_CKPT_NEW_DATA,OLD,NEW,935,3,3,Methane,175.0,B5_GMe_F070_R2.txt,2,2,late,105.0,1,182.44557270837146,182.44557270837146
B_OLD_CKPT_NEW_DATA,OLD,NEW,936,0,0,Ethanol,125.0,B5_GEa_F100_R1.txt,1,2,late,80.0,1,109.7299090242082,109.7299090242082
B_OLD_CKPT_NEW_DATA,OLD,NEW,937,3,3,Methane,150.0,B5_GMe_F060_R2.txt,2,2,late,115.0,1,139.52963802518394,139.52963802518394
B_OLD_CKPT_NEW_DATA,OLD,NEW,938,3,3,Methane,200.0,B5_GMe_F080_R1.txt,1,2,late,110.0,1,250.0,250.0
B_OLD_CKPT_NEW_DATA,OLD,NEW,939,1,1,CO,100.0,B5_GCO_F040_R1.txt,1,2,late,140.0,1,112.70847740647378,112.70847740647378
B_OLD_CKPT_NEW_DATA,OLD,NEW,940,3,3,Methane,175.0,B5_GMe_F070_R2.txt,2,2,late,140.0,1,172.35404358735954,172.35404358735954
B_OLD_CKPT_NEW_DATA,OLD,NEW,941,2,2,Ethylene,112.5,B5_GEy_F090_R2.txt,2,2,late,95.0,1,109.63293498097656,109.63293498097656
B_OLD_CKPT_NEW_DATA,OLD,NEW,942,2,2,Ethylene,25.0,B5_GEy_F020_R2.txt,2,2,late,120.0,1,23.749564962426987,23.749564962426987
B_OLD_CKPT_NEW_DATA,OLD,NEW,943,1,1,CO,150.0,B5_GCO_F060_R1.txt,1,2,late,95.0,1,161.6667297854341,161.6667297854341
B_OLD_CKPT_NEW_DATA,OLD,NEW,944,1,1,CO,200.0,B5_GCO_F080_R1.txt,1,2,late,120.0,1,194.77406030704418,194.77406030704418
B_OLD_CKPT_NEW_DATA,OLD,NEW,945,1,1,CO,150.0,B5_GCO_F060_R1.txt,1,2,late,145.0,1,130.53510413476954,130.53510413476954
B_OLD_CKPT_NEW_DATA,OLD,NEW,946,2,2,Ethylene,12.5,B5_GEy_F010_R1.txt,1,2,late,130.0,1,12.96651734918175,12.96651734918175
B_OLD_CKPT_NEW_DATA,OLD,NEW,947,2,2,Ethylene,50.0,B5_GEy_F040_R2.txt,2,2,late,110.0,1,50.48715780803471,50.48715780803471
B_OLD_CKPT_NEW_DATA,OLD,NEW,948,1,1,CO,250.0,B5_GCO_F100_R2.txt,2,2,late,110.0,1,241.4013041064309,241.4013041064309
B_OLD_CKPT_NEW_DATA,OLD,NEW,949,2,2,Ethylene,125.0,B5_GEy_F100_R1.txt,1,2,late,135.0,1,124.67070642067102,124.67070642067102
B_OLD_CKPT_NEW_DATA,OLD,NEW,950,2,2,Ethylene,100.0,B5_GEy_F080_R1.txt,1,2,late,130.0,1,103.31225981188433,103.31225981188433
B_OLD_CKPT_NEW_DATA,OLD,NEW,951,3,3,Methane,50.0,B5_GMe_F020_R1.txt,1,2,late,115.0,1,87.14124985327709,87.14124985327709
B_OLD_CKPT_NEW_DATA,OLD,NEW,952,1,1,CO,125.0,B5_GCO_F050_R1.txt,1,2,late,100.0,1,135.06773386191622,135.06773386191622
B_OLD_CKPT_NEW_DATA,OLD,NEW,953,3,3,Methane,150.0,B5_GMe_F060_R2.txt,2,2,late,105.0,1,159.14373866406976,159.14373866406976
B_OLD_CKPT_NEW_DATA,OLD,NEW,954,3,3,Methane,100.0,B5_GMe_F040_R1.txt,1,2,late,135.0,1,119.57142637038596,119.57142637038596
B_OLD_CKPT_NEW_DATA,OLD,NEW,955,1,1,CO,50.0,B5_GCO_F020_R1.txt,1,2,late,155.0,1,79.56567685235277,79.56567685235277
B_OLD_CKPT_NEW_DATA,OLD,NEW,956,0,0,Ethanol,125.0,B5_GEa_F100_R1.txt,1,2,late,155.0,1,123.91006312835691,123.91006312835691
B_OLD_CKPT_NEW_DATA,OLD,NEW,957,1,1,CO,225.0,B5_GCO_F090_R2.txt,2,2,late,100.0,1,221.7455663133915,221.7455663133915
B_OLD_CKPT_NEW_DATA,OLD,NEW,958,2,2,Ethylene,100.0,B5_GEy_F080_R2.txt,2,2,late,75.0,1,99.85945383610341,99.85945383610341
B_OLD_CKPT_NEW_DATA,OLD,NEW,959,3,3,Methane,100.0,B5_GMe_F040_R2.txt,2,2,late,125.0,1,102.04343857614028,102.04343857614028
B_OLD_CKPT_NEW_DATA,OLD,NEW,960,2,2,Ethylene,62.5,B5_GEy_F050_R1.txt,1,2,late,115.0,1,61.35477450063285,61.35477450063285
B_OLD_CKPT_NEW_DATA,OLD,NEW,961,1,1,CO,25.0,B5_GCO_F010_R1.txt,1,2,late,60.0,1,25.0,25.0
B_OLD_CKPT_NEW_DATA,OLD,NEW,962,0,0,Ethanol,12.5,B5_GEa_F010_R1.txt,1,2,late,80.0,1,12.5,12.5
B_OLD_CKPT_NEW_DATA,OLD,NEW,963,3,3,Methane,150.0,B5_GMe_F060_R2.txt,2,2,late,65.0,1,150.16340304591526,150.16340304591526
B_OLD_CKPT_NEW_DATA,OLD,NEW,964,2,2,Ethylene,62.5,B5_GEy_F050_R1.txt,1,2,late,85.0,1,61.90150029907479,61.90150029907479
B_OLD_CKPT_NEW_DATA,OLD,NEW,965,0,0,Ethanol,125.0,B5_GEa_F100_R2.txt,2,2,late,120.0,1,113.39156477659364,113.39156477659364
B_OLD_CKPT_NEW_DATA,OLD,NEW,966,3,3,Methane,150.0,B5_GMe_F060_R2.txt,2,2,late,145.0,1,183.17828709197966,183.17828709197966
B_OLD_CKPT_NEW_DATA,OLD,NEW,967,0,0,Ethanol,100.0,B5_GEa_F080_R1.txt,1,2,late,115.0,1,92.5939836075445,92.5939836075445
B_OLD_CKPT_NEW_DATA,OLD,NEW,968,2,2,Ethylene,112.5,B5_GEy_F090_R1.txt,1,2,late,145.0,1,106.69829215451426,106.69829215451426
B_OLD_CKPT_NEW_DATA,OLD,NEW,969,1,1,CO,25.0,B5_GCO_F010_R1.txt,1,2,late,70.0,1,40.772925372428915,40.772925372428915
B_OLD_CKPT_NEW_DATA,OLD,NEW,970,3,3,Methane,75.0,B5_GMe_F030_R2.txt,2,2,late,70.0,1,96.99113037212483,96.99113037212483
B_OLD_CKPT_NEW_DATA,OLD,NEW,971,0,0,Ethanol,125.0,B5_GEa_F100_R1.txt,1,2,late,145.0,1,122.38433929577155,122.38433929577155
B_OLD_CKPT_NEW_DATA,OLD,NEW,972,0,0,Ethanol,37.5,B5_GEa_F030_R1.txt,1,2,late,105.0,1,46.15014334335066,46.15014334335066
B_OLD_CKPT_NEW_DATA,OLD,NEW,973,3,1,Methane,225.0,B5_GMe_F090_R1.txt,1,2,late,105.0,0,25.0,94.74818932918797
B_OLD_CKPT_NEW_DATA,OLD,NEW,974,0,0,Ethanol,112.5,B5_GEa_F090_R2.txt,2,2,late,100.0,1,102.73102633996811,102.73102633996811
B_OLD_CKPT_NEW_DATA,OLD,NEW,975,2,2,Ethylene,12.5,B5_GEy_F010_R1.txt,1,2,late,115.0,1,12.5,12.5
B_OLD_CKPT_NEW_DATA,OLD,NEW,976,0,0,Ethanol,25.0,B5_GEa_F020_R1.txt,1,2,late,145.0,1,36.36122645011941,36.36122645011941
B_OLD_CKPT_NEW_DATA,OLD,NEW,977,1,1,CO,100.0,B5_GCO_F040_R1.txt,1,2,late,60.0,1,76.16458252032493,76.16458252032493
B_OLD_CKPT_NEW_DATA,OLD,NEW,978,1,1,CO,225.0,B5_GCO_F090_R2.txt,2,2,late,75.0,1,212.05487936969328,212.05487936969328
B_OLD_CKPT_NEW_DATA,OLD,NEW,979,0,0,Ethanol,87.5,B5_GEa_F070_R2.txt,2,2,late,115.0,1,89.30344897031448,89.30344897031448
B_OLD_CKPT_NEW_DATA,OLD,NEW,980,0,0,Ethanol,12.5,B5_GEa_F010_R1.txt,1,2,late,145.0,1,16.37118818994621,16.37118818994621
B_OLD_CKPT_NEW_DATA,OLD,NEW,981,2,2,Ethylene,100.0,B5_GEy_F080_R1.txt,1,2,late,145.0,1,101.9255428320962,101.9255428320962
B_OLD_CKPT_NEW_DATA,OLD,NEW,982,0,0,Ethanol,50.0,B5_GEa_F040_R1.txt,1,2,late,145.0,1,57.18498989293751,57.18498989293751
B_OLD_CKPT_NEW_DATA,OLD,NEW,983,2,2,Ethylene,112.5,B5_GEy_F090_R2.txt,2,2,late,115.0,1,111.08874192767567,111.08874192767567
B_OLD_CKPT_NEW_DATA,OLD,NEW,984,2,2,Ethylene,112.5,B5_GEy_F090_R2.txt,2,2,late,135.0,1,103.25421688536036,103.25421688536036
B_OLD_CKPT_NEW_DATA,OLD,NEW,985,2,2,Ethylene,125.0,B5_GEy_F100_R1.txt,1,2,late,160.0,1,117.82970682416291,117.82970682416291
B_OLD_CKPT_NEW_DATA,OLD,NEW,986,3,3,Methane,150.0,B5_GMe_F060_R1.txt,1,2,late,65.0,1,172.32749954703786,172.32749954703786
B_OLD_CKPT_NEW_DATA,OLD,NEW,987,0,0,Ethanol,100.0,B5_GEa_F080_R2.txt,2,2,late,135.0,1,95.98393408576013,95.98393408576013
B_OLD_CKPT_NEW_DATA,OLD,NEW,988,0,0,Ethanol,37.5,B5_GEa_F030_R2.txt,2,2,late,145.0,1,45.32049533650763,45.32049533650763
B_OLD_CKPT_NEW_DATA,OLD,NEW,989,1,1,CO,100.0,B5_GCO_F040_R1.txt,1,2,late,80.0,1,103.75179657122806,103.75179657122806
B_OLD_CKPT_NEW_DATA,OLD,NEW,990,3,3,Methane,250.0,B5_GMe_F100_R1.txt,1,2,late,115.0,1,221.21370862972805,221.21370862972805
B_OLD_CKPT_NEW_DATA,OLD,NEW,991,1,1,CO,150.0,B5_GCO_F060_R1.txt,1,2,late,125.0,1,122.70990273917907,122.70990273917907
B_OLD_CKPT_NEW_DATA,OLD,NEW,992,1,1,CO,125.0,B5_GCO_F050_R2.txt,2,2,late,130.0,1,125.56139314239455,125.56139314239455
B_OLD_CKPT_NEW_DATA,OLD,NEW,993,3,0,Methane,225.0,B5_GMe_F090_R1.txt,1,2,late,115.0,0,12.5,75.21560661536034
B_OLD_CKPT_NEW_DATA,OLD,NEW,994,3,3,Methane,50.0,B5_GMe_F020_R2.txt,2,2,late,85.0,1,44.478637012191825,44.478637012191825
B_OLD_CKPT_NEW_DATA,OLD,NEW,995,0,0,Ethanol,75.0,B5_GEa_F060_R2.txt,2,2,late,70.0,1,59.88277474247108,59.88277474247108
B_OLD_CKPT_NEW_DATA,OLD,NEW,996,2,2,Ethylene,87.5,B5_GEy_F070_R2.txt,2,2,late,120.0,1,83.0096090318932,83.0096090318932
B_OLD_CKPT_NEW_DATA,OLD,NEW,997,0,0,Ethanol,25.0,B5_GEa_F020_R1.txt,1,2,late,150.0,1,36.762088135332995,36.762088135332995
B_OLD_CKPT_NEW_DATA,OLD,NEW,998,2,2,Ethylene,25.0,B5_GEy_F020_R1.txt,1,2,late,85.0,1,26.9362364180704,26.9362364180704
B_OLD_CKPT_NEW_DATA,OLD,NEW,999,0,0,Ethanol,125.0,B5_GEa_F100_R2.txt,2,2,late,145.0,1,116.25014140586333,116.25014140586333
B_OLD_CKPT_NEW_DATA,OLD,NEW,1000,2,2,Ethylene,62.5,B5_GEy_F050_R1.txt,1,2,late,80.0,1,60.125649436377714,60.125649436377714
B_OLD_CKPT_NEW_DATA,OLD,NEW,1001,3,3,Methane,250.0,B5_GMe_F100_R2.txt,2,2,late,120.0,1,222.4041257974786,222.4041257974786
B_OLD_CKPT_NEW_DATA,OLD,NEW,1002,2,2,Ethylene,50.0,B5_GEy_F040_R2.txt,2,2,late,95.0,1,51.43038277180425,51.43038277180425
B_OLD_CKPT_NEW_DATA,OLD,NEW,1003,3,3,Methane,200.0,B5_GMe_F080_R2.txt,2,2,late,145.0,1,244.4539494314305,244.4539494314305
B_OLD_CKPT_NEW_DATA,OLD,NEW,1004,0,0,Ethanol,50.0,B5_GEa_F040_R1.txt,1,2,late,75.0,1,51.875173373640784,51.875173373640784
B_OLD_CKPT_NEW_DATA,OLD,NEW,1005,1,1,CO,125.0,B5_GCO_F050_R2.txt,2,2,late,120.0,1,107.78671323162615,107.78671323162615
B_OLD_CKPT_NEW_DATA,OLD,NEW,1006,3,3,Methane,225.0,B5_GMe_F090_R2.txt,2,2,late,100.0,1,230.06649529787234,230.06649529787234
B_OLD_CKPT_NEW_DATA,OLD,NEW,1007,3,3,Methane,100.0,B5_GMe_F040_R2.txt,2,2,late,65.0,1,115.13370265211788,115.13370265211788
B_OLD_CKPT_NEW_DATA,OLD,NEW,1008,1,1,CO,225.0,B5_GCO_F090_R2.txt,2,2,late,110.0,1,218.91332301964212,218.91332301964212
B_OLD_CKPT_NEW_DATA,OLD,NEW,1009,3,3,Methane,250.0,B5_GMe_F100_R1.txt,1,2,late,105.0,1,223.57926599032714,223.57926599032714
B_OLD_CKPT_NEW_DATA,OLD,NEW,1010,0,2,Ethanol,37.5,B5_GEa_F030_R1.txt,1,2,late,160.0,0,125.0,44.950686072618694
B_OLD_CKPT_NEW_DATA,OLD,NEW,1011,0,0,Ethanol,50.0,B5_GEa_F040_R2.txt,2,2,late,160.0,1,35.71312493140402,35.71312493140402
B_OLD_CKPT_NEW_DATA,OLD,NEW,1012,3,3,Methane,200.0,B5_GMe_F080_R2.txt,2,2,late,90.0,1,177.39818461260938,177.39818461260938
B_OLD_CKPT_NEW_DATA,OLD,NEW,1013,0,0,Ethanol,112.5,B5_GEa_F090_R2.txt,2,2,late,65.0,1,99.84085613887822,99.84085613887822
B_OLD_CKPT_NEW_DATA,OLD,NEW,1014,1,1,CO,25.0,B5_GCO_F010_R1.txt,1,2,late,135.0,1,25.0,25.0
B_OLD_CKPT_NEW_DATA,OLD,NEW,1015,1,1,CO,75.0,B5_GCO_F030_R2.txt,2,2,late,60.0,1,82.77885137047592,82.77885137047592
B_OLD_CKPT_NEW_DATA,OLD,NEW,1016,3,3,Methane,25.0,B5_GMe_F010_R1.txt,1,2,late,95.0,1,63.274910854426764,63.274910854426764
B_OLD_CKPT_NEW_DATA,OLD,NEW,1017,1,1,CO,175.0,B5_GCO_F070_R2.txt,2,2,late,85.0,1,194.86160724857683,194.86160724857683
B_OLD_CKPT_NEW_DATA,OLD,NEW,1018,3,3,Methane,225.0,B5_GMe_F090_R1.txt,1,2,late,155.0,1,207.78827812313097,207.78827812313097
B_OLD_CKPT_NEW_DATA,OLD,NEW,1019,0,0,Ethanol,50.0,B5_GEa_F040_R2.txt,2,2,late,140.0,1,49.47001218695697,49.47001218695697
B_OLD_CKPT_NEW_DATA,OLD,NEW,1020,1,1,CO,250.0,B5_GCO_F100_R1.txt,1,2,late,125.0,1,250.0,250.0
B_OLD_CKPT_NEW_DATA,OLD,NEW,1021,0,0,Ethanol,25.0,B5_GEa_F020_R2.txt,2,2,late,155.0,1,31.761031715984004,31.761031715984004
B_OLD_CKPT_NEW_DATA,OLD,NEW,1022,1,1,CO,225.0,B5_GCO_F090_R2.txt,2,2,late,160.0,1,188.45943757257936,188.45943757257936
B_OLD_CKPT_NEW_DATA,OLD,NEW,1023,3,3,Methane,100.0,B5_GMe_F040_R2.txt,2,2,late,140.0,1,112.43376650559769,112.43376650559769
B_OLD_CKPT_NEW_DATA,OLD,NEW,1024,0,1,Ethanol,12.5,B5_GEa_F010_R2.txt,2,2,late,160.0,0,250.0,12.5
B_OLD_CKPT_NEW_DATA,OLD,NEW,1025,1,1,CO,75.0,B5_GCO_F030_R2.txt,2,2,late,125.0,1,81.76142184136728,81.76142184136728
B_OLD_CKPT_NEW_DATA,OLD,NEW,1026,1,1,CO,100.0,B5_GCO_F040_R2.txt,2,2,late,115.0,1,104.48568335153375,104.48568335153375
B_OLD_CKPT_NEW_DATA,OLD,NEW,1027,3,3,Methane,25.0,B5_GMe_F010_R2.txt,2,2,late,100.0,1,30.590059686959407,30.590059686959407
B_OLD_CKPT_NEW_DATA,OLD,NEW,1028,0,0,Ethanol,75.0,B5_GEa_F060_R2.txt,2,2,late,140.0,1,70.76866735133953,70.76866735133953
B_OLD_CKPT_NEW_DATA,OLD,NEW,1029,0,0,Ethanol,12.5,B5_GEa_F010_R1.txt,1,2,late,150.0,1,15.067171396468918,15.067171396468918
B_OLD_CKPT_NEW_DATA,OLD,NEW,1030,1,1,CO,125.0,B5_GCO_F050_R1.txt,1,2,late,110.0,1,123.77101396420284,123.77101396420284
B_OLD_CKPT_NEW_DATA,OLD,NEW,1031,2,2,Ethylene,50.0,B5_GEy_F040_R1.txt,1,2,late,80.0,1,51.03401408402681,51.03401408402681
B_OLD_CKPT_NEW_DATA,OLD,NEW,1032,2,2,Ethylene,87.5,B5_GEy_F070_R2.txt,2,2,late,85.0,1,86.0858226015921,86.0858226015921
B_OLD_CKPT_NEW_DATA,OLD,NEW,1033,2,2,Ethylene,125.0,B5_GEy_F100_R2.txt,2,2,late,155.0,1,125.0,125.0
B_OLD_CKPT_NEW_DATA,OLD,NEW,1034,0,0,Ethanol,12.5,B5_GEa_F010_R1.txt,1,2,late,125.0,1,14.023489173480677,14.023489173480677
B_OLD_CKPT_NEW_DATA,OLD,NEW,1035,1,1,CO,50.0,B5_GCO_F020_R2.txt,2,2,late,140.0,1,68.09464401423219,68.09464401423219
B_OLD_CKPT_NEW_DATA,OLD,NEW,1036,1,1,CO,125.0,B5_GCO_F050_R1.txt,1,2,late,95.0,1,126.7365140663087,126.7365140663087
B_OLD_CKPT_NEW_DATA,OLD,NEW,1037,1,1,CO,100.0,B5_GCO_F040_R2.txt,2,2,late,60.0,1,71.80375293799,71.80375293799
B_OLD_CKPT_NEW_DATA,OLD,NEW,1038,1,2,CO,25.0,B5_GCO_F010_R1.txt,1,2,late,95.0,0,12.5,25.0
B_OLD_CKPT_NEW_DATA,OLD,NEW,1039,1,1,CO,125.0,B5_GCO_F050_R2.txt,2,2,late,155.0,1,171.24768994039601,171.24768994039601
B_OLD_CKPT_NEW_DATA,OLD,NEW,1040,2,2,Ethylene,100.0,B5_GEy_F080_R1.txt,1,2,late,100.0,1,104.60220003726602,104.60220003726602
B_OLD_CKPT_NEW_DATA,OLD,NEW,1041,2,2,Ethylene,62.5,B5_GEy_F050_R1.txt,1,2,late,125.0,1,64.22751629914721,64.22751629914721
B_OLD_CKPT_NEW_DATA,OLD,NEW,1042,1,1,CO,125.0,B5_GCO_F050_R1.txt,1,2,late,90.0,1,137.71002987121096,137.71002987121096
B_OLD_CKPT_NEW_DATA,OLD,NEW,1043,2,2,Ethylene,50.0,B5_GEy_F040_R1.txt,1,2,late,160.0,1,45.144966423899945,45.144966423899945
B_OLD_CKPT_NEW_DATA,OLD,NEW,1044,1,1,CO,150.0,B5_GCO_F060_R1.txt,1,2,late,120.0,1,143.73844487839096,143.73844487839096
B_OLD_CKPT_NEW_DATA,OLD,NEW,1045,0,0,Ethanol,75.0,B5_GEa_F060_R1.txt,1,2,late,145.0,1,83.389035922706,83.389035922706
B_OLD_CKPT_NEW_DATA,OLD,NEW,1046,1,1,CO,100.0,B5_GCO_F040_R2.txt,2,2,late,70.0,1,86.81992199040084,86.81992199040084
B_OLD_CKPT_NEW_DATA,OLD,NEW,1047,3,3,Methane,150.0,B5_GMe_F060_R1.txt,1,2,late,120.0,1,147.38755315096506,147.38755315096506
B_OLD_CKPT_NEW_DATA,OLD,NEW,1048,2,2,Ethylene,100.0,B5_GEy_F080_R1.txt,1,2,late,110.0,1,102.44458182197552,102.44458182197552
B_OLD_CKPT_NEW_DATA,OLD,NEW,1049,2,2,Ethylene,37.5,B5_GEy_F030_R2.txt,2,2,late,140.0,1,37.10791641036133,37.10791641036133
B_OLD_CKPT_NEW_DATA,OLD,NEW,1050,1,1,CO,75.0,B5_GCO_F030_R2.txt,2,2,late,115.0,1,64.33407010968503,64.33407010968503
B_OLD_CKPT_NEW_DATA,OLD,NEW,1051,0,0,Ethanol,50.0,B5_GEa_F040_R2.txt,2,2,late,70.0,1,46.15487058132468,46.15487058132468
B_OLD_CKPT_NEW_DATA,OLD,NEW,1052,3,3,Methane,200.0,B5_GMe_F080_R2.txt,2,2,late,160.0,1,190.27518146311206,190.27518146311206
B_OLD_CKPT_NEW_DATA,OLD,NEW,1053,0,0,Ethanol,125.0,B5_GEa_F100_R2.txt,2,2,late,65.0,1,100.20290240962498,100.20290240962498
B_OLD_CKPT_NEW_DATA,OLD,NEW,1054,3,3,Methane,250.0,B5_GMe_F100_R1.txt,1,2,late,135.0,1,221.24438717285793,221.24438717285793
B_OLD_CKPT_NEW_DATA,OLD,NEW,1055,0,0,Ethanol,125.0,B5_GEa_F100_R1.txt,1,2,late,135.0,1,121.2817696711828,121.2817696711828
B_OLD_CKPT_NEW_DATA,OLD,NEW,1056,2,2,Ethylene,125.0,B5_GEy_F100_R2.txt,2,2,late,140.0,1,119.77215619281876,119.77215619281876
B_OLD_CKPT_NEW_DATA,OLD,NEW,1057,1,1,CO,175.0,B5_GCO_F070_R1.txt,1,2,late,85.0,1,179.68325358987434,179.68325358987434
B_OLD_CKPT_NEW_DATA,OLD,NEW,1058,1,1,CO,150.0,B5_GCO_F060_R2.txt,2,2,late,85.0,1,164.58665927513104,164.58665927513104
B_OLD_CKPT_NEW_DATA,OLD,NEW,1059,1,1,CO,225.0,B5_GCO_F090_R1.txt,1,2,late,125.0,1,233.5221263012482,233.5221263012482
B_OLD_CKPT_NEW_DATA,OLD,NEW,1060,3,3,Methane,125.0,B5_GMe_F050_R2.txt,2,2,late,150.0,1,128.77417702022325,128.77417702022325
B_OLD_CKPT_NEW_DATA,OLD,NEW,1061,0,0,Ethanol,37.5,B5_GEa_F030_R2.txt,2,2,late,120.0,1,43.38958798323768,43.38958798323768
B_OLD_CKPT_NEW_DATA,OLD,NEW,1062,0,0,Ethanol,50.0,B5_GEa_F040_R1.txt,1,2,late,110.0,1,54.81137743679348,54.81137743679348
B_OLD_CKPT_NEW_DATA,OLD,NEW,1063,3,3,Methane,75.0,B5_GMe_F030_R1.txt,1,2,late,160.0,1,92.45033690647207,92.45033690647207
B_OLD_CKPT_NEW_DATA,OLD,NEW,1064,2,2,Ethylene,50.0,B5_GEy_F040_R1.txt,1,2,late,120.0,1,56.4562641171717,56.4562641171717
B_OLD_CKPT_NEW_DATA,OLD,NEW,1065,2,2,Ethylene,50.0,B5_GEy_F040_R2.txt,2,2,late,160.0,1,52.9097477086175,52.9097477086175
B_OLD_CKPT_NEW_DATA,OLD,NEW,1066,0,0,Ethanol,100.0,B5_GEa_F080_R1.txt,1,2,late,60.0,1,87.43671694190347,87.43671694190347
B_OLD_CKPT_NEW_DATA,OLD,NEW,1067,3,3,Methane,250.0,B5_GMe_F100_R1.txt,1,2,late,140.0,1,222.81304305575605,222.81304305575605
B_OLD_CKPT_NEW_DATA,OLD,NEW,1068,3,3,Methane,25.0,B5_GMe_F010_R2.txt,2,2,late,150.0,1,25.0,25.0
B_OLD_CKPT_NEW_DATA,OLD,NEW,1069,3,3,Methane,125.0,B5_GMe_F050_R2.txt,2,2,late,90.0,1,123.84021739781222,123.84021739781222
B_OLD_CKPT_NEW_DATA,OLD,NEW,1070,1,1,CO,200.0,B5_GCO_F080_R1.txt,1,2,late,85.0,1,230.99382073707017,230.99382073707017
B_OLD_CKPT_NEW_DATA,OLD,NEW,1071,2,2,Ethylene,25.0,B5_GEy_F020_R2.txt,2,2,late,65.0,1,26.764894182024307,26.764894182024307
B_OLD_CKPT_NEW_DATA,OLD,NEW,1072,2,2,Ethylene,50.0,B5_GEy_F040_R2.txt,2,2,late,90.0,1,53.454914638440044,53.454914638440044
B_OLD_CKPT_NEW_DATA,OLD,NEW,1073,3,3,Methane,225.0,B5_GMe_F090_R2.txt,2,2,late,135.0,1,225.66091017355294,225.66091017355294
B_OLD_CKPT_NEW_DATA,OLD,NEW,1074,2,2,Ethylene,37.5,B5_GEy_F030_R1.txt,1,2,late,115.0,1,37.34986211155033,37.34986211155033
B_OLD_CKPT_NEW_DATA,OLD,NEW,1075,3,3,Methane,75.0,B5_GMe_F030_R2.txt,2,2,late,135.0,1,124.48040754919086,124.48040754919086
B_OLD_CKPT_NEW_DATA,OLD,NEW,1076,1,1,CO,250.0,B5_GCO_F100_R1.txt,1,2,late,160.0,1,246.30077882648627,246.30077882648627
B_OLD_CKPT_NEW_DATA,OLD,NEW,1077,3,0,Methane,225.0,B5_GMe_F090_R1.txt,1,2,late,75.0,0,12.5,107.38912327318405
B_OLD_CKPT_NEW_DATA,OLD,NEW,1078,1,1,CO,75.0,B5_GCO_F030_R2.txt,2,2,late,150.0,1,94.7756550389071,94.7756550389071
B_OLD_CKPT_NEW_DATA,OLD,NEW,1079,1,1,CO,175.0,B5_GCO_F070_R1.txt,1,2,late,65.0,1,203.14733288091492,203.14733288091492
B_OLD_CKPT_NEW_DATA,OLD,NEW,1080,1,1,CO,50.0,B5_GCO_F020_R1.txt,1,2,late,70.0,1,61.93019998578231,61.93019998578231
B_OLD_CKPT_NEW_DATA,OLD,NEW,1081,0,0,Ethanol,112.5,B5_GEa_F090_R1.txt,1,2,late,95.0,1,106.40328748526672,106.40328748526672
B_OLD_CKPT_NEW_DATA,OLD,NEW,1082,2,2,Ethylene,87.5,B5_GEy_F070_R2.txt,2,2,late,110.0,1,83.47441432760785,83.47441432760785
B_OLD_CKPT_NEW_DATA,OLD,NEW,1083,2,2,Ethylene,62.5,B5_GEy_F050_R1.txt,1,2,late,110.0,1,61.14414621293994,61.14414621293994
B_OLD_CKPT_NEW_DATA,OLD,NEW,1084,3,3,Methane,50.0,B5_GMe_F020_R2.txt,2,2,late,70.0,1,85.38961123542164,85.38961123542164
B_OLD_CKPT_NEW_DATA,OLD,NEW,1085,2,2,Ethylene,50.0,B5_GEy_F040_R1.txt,1,2,late,125.0,1,55.15881003027098,55.15881003027098
B_OLD_CKPT_NEW_DATA,OLD,NEW,1086,2,2,Ethylene,37.5,B5_GEy_F030_R2.txt,2,2,late,75.0,1,38.24521633503663,38.24521633503663
B_OLD_CKPT_NEW_DATA,OLD,NEW,1087,1,1,CO,225.0,B5_GCO_F090_R2.txt,2,2,late,130.0,1,245.48759521933385,245.48759521933385
B_OLD_CKPT_NEW_DATA,OLD,NEW,1088,3,3,Methane,125.0,B5_GMe_F050_R1.txt,1,2,late,75.0,1,138.38111673013304,138.38111673013304
B_OLD_CKPT_NEW_DATA,OLD,NEW,1089,0,0,Ethanol,12.5,B5_GEa_F010_R1.txt,1,2,late,120.0,1,14.053259062455407,14.053259062455407
B_OLD_CKPT_NEW_DATA,OLD,NEW,1090,1,1,CO,50.0,B5_GCO_F020_R2.txt,2,2,late,120.0,1,45.325334791143206,45.325334791143206
B_OLD_CKPT_NEW_DATA,OLD,NEW,1091,2,2,Ethylene,25.0,B5_GEy_F020_R2.txt,2,2,late,90.0,1,27.005923107200978,27.005923107200978
B_OLD_CKPT_NEW_DATA,OLD,NEW,1092,2,2,Ethylene,100.0,B5_GEy_F080_R2.txt,2,2,late,100.0,1,101.9797314000688,101.9797314000688
B_OLD_CKPT_NEW_DATA,OLD,NEW,1093,0,2,Ethanol,12.5,B5_GEa_F010_R1.txt,1,2,late,155.0,0,107.14342212583253,18.002169069931316
B_OLD_CKPT_NEW_DATA,OLD,NEW,1094,3,3,Methane,250.0,B5_GMe_F100_R2.txt,2,2,late,130.0,1,233.9873314178193,233.9873314178193
B_OLD_CKPT_NEW_DATA,OLD,NEW,1095,1,1,CO,75.0,B5_GCO_F030_R2.txt,2,2,late,160.0,1,59.886676187504605,59.886676187504605
B_OLD_CKPT_NEW_DATA,OLD,NEW,1096,2,2,Ethylene,62.5,B5_GEy_F050_R1.txt,1,2,late,140.0,1,66.58106005587658,66.58106005587658
B_OLD_CKPT_NEW_DATA,OLD,NEW,1097,1,1,CO,25.0,B5_GCO_F010_R1.txt,1,2,late,85.0,1,25.0,25.0
B_OLD_CKPT_NEW_DATA,OLD,NEW,1098,0,0,Ethanol,125.0,B5_GEa_F100_R2.txt,2,2,late,150.0,1,120.72925927676262,120.72925927676262
B_OLD_CKPT_NEW_DATA,OLD,NEW,1099,2,2,Ethylene,87.5,B5_GEy_F070_R2.txt,2,2,late,130.0,1,87.4656073008524,87.4656073008524
B_OLD_CKPT_NEW_DATA,OLD,NEW,1100,3,3,Methane,175.0,B5_GMe_F070_R2.txt,2,2,late,145.0,1,163.28324380904934,163.28324380904934
B_OLD_CKPT_NEW_DATA,OLD,NEW,1101,2,2,Ethylene,100.0,B5_GEy_F080_R2.txt,2,2,late,140.0,1,101.30441660001479,101.30441660001479
B_OLD_CKPT_NEW_DATA,OLD,NEW,1102,0,0,Ethanol,12.5,B5_GEa_F010_R2.txt,2,2,late,90.0,1,12.5,12.5
B_OLD_CKPT_NEW_DATA,OLD,NEW,1103,2,2,Ethylene,50.0,B5_GEy_F040_R1.txt,1,2,late,140.0,1,50.06142341753174,50.06142341753174
B_OLD_CKPT_NEW_DATA,OLD,NEW,1104,1,1,CO,250.0,B5_GCO_F100_R1.txt,1,2,late,155.0,1,250.0,250.0
B_OLD_CKPT_NEW_DATA,OLD,NEW,1105,2,2,Ethylene,12.5,B5_GEy_F010_R1.txt,1,2,late,155.0,1,13.84985369148204,13.84985369148204
B_OLD_CKPT_NEW_DATA,OLD,NEW,1106,2,2,Ethylene,112.5,B5_GEy_F090_R1.txt,1,2,late,160.0,1,95.50357726060405,95.50357726060405
B_OLD_CKPT_NEW_DATA,OLD,NEW,1107,3,3,Methane,250.0,B5_GMe_F100_R2.txt,2,2,late,125.0,1,230.59360206672397,230.59360206672397
B_OLD_CKPT_NEW_DATA,OLD,NEW,1108,2,2,Ethylene,112.5,B5_GEy_F090_R1.txt,1,2,late,120.0,1,110.72510294260708,110.72510294260708
B_OLD_CKPT_NEW_DATA,OLD,NEW,1109,2,2,Ethylene,62.5,B5_GEy_F050_R2.txt,2,2,late,90.0,1,60.76358412491298,60.76358412491298
B_OLD_CKPT_NEW_DATA,OLD,NEW,1110,2,2,Ethylene,75.0,B5_GEy_F060_R1.txt,1,2,late,70.0,1,78.16551205416906,78.16551205416906
B_OLD_CKPT_NEW_DATA,OLD,NEW,1111,1,1,CO,200.0,B5_GCO_F080_R1.txt,1,2,late,105.0,1,176.92461692951704,176.92461692951704
B_OLD_CKPT_NEW_DATA,OLD,NEW,1112,0,0,Ethanol,112.5,B5_GEa_F090_R2.txt,2,2,late,80.0,1,108.84014396285265,108.84014396285265
B_OLD_CKPT_NEW_DATA,OLD,NEW,1113,3,3,Methane,50.0,B5_GMe_F020_R1.txt,1,2,late,160.0,1,64.13073108233955,64.13073108233955
B_OLD_CKPT_NEW_DATA,OLD,NEW,1114,2,2,Ethylene,25.0,B5_GEy_F020_R2.txt,2,2,late,140.0,1,24.41183082335023,24.41183082335023
B_OLD_CKPT_NEW_DATA,OLD,NEW,1115,0,0,Ethanol,37.5,B5_GEa_F030_R1.txt,1,2,late,155.0,1,51.10867880273079,51.10867880273079
B_OLD_CKPT_NEW_DATA,OLD,NEW,1116,2,2,Ethylene,75.0,B5_GEy_F060_R1.txt,1,2,late,80.0,1,78.83467464990885,78.83467464990885
B_OLD_CKPT_NEW_DATA,OLD,NEW,1117,2,2,Ethylene,100.0,B5_GEy_F080_R1.txt,1,2,late,135.0,1,103.20434528733706,103.20434528733706
B_OLD_CKPT_NEW_DATA,OLD,NEW,1118,0,0,Ethanol,75.0,B5_GEa_F060_R2.txt,2,2,late,80.0,1,61.68445369458832,61.68445369458832
B_OLD_CKPT_NEW_DATA,OLD,NEW,1119,2,2,Ethylene,100.0,B5_GEy_F080_R2.txt,2,2,late,120.0,1,99.40245967603994,99.40245967603994
B_OLD_CKPT_NEW_DATA,OLD,NEW,1120,1,1,CO,225.0,B5_GCO_F090_R2.txt,2,2,late,80.0,1,220.66024472683316,220.66024472683316
B_OLD_CKPT_NEW_DATA,OLD,NEW,1121,2,2,Ethylene,37.5,B5_GEy_F030_R2.txt,2,2,late,130.0,1,38.958655976830606,38.958655976830606
B_OLD_CKPT_NEW_DATA,OLD,NEW,1122,2,2,Ethylene,125.0,B5_GEy_F100_R1.txt,1,2,late,150.0,1,121.21756315929349,121.21756315929349
B_OLD_CKPT_NEW_DATA,OLD,NEW,1123,1,1,CO,250.0,B5_GCO_F100_R1.txt,1,2,late,140.0,1,243.9538105601422,243.9538105601422
B_OLD_CKPT_NEW_DATA,OLD,NEW,1124,2,2,Ethylene,75.0,B5_GEy_F060_R2.txt,2,2,late,95.0,1,80.29219551277623,80.29219551277623
B_OLD_CKPT_NEW_DATA,OLD,NEW,1125,3,3,Methane,25.0,B5_GMe_F010_R2.txt,2,2,late,65.0,1,79.26496775498843,79.26496775498843
B_OLD_CKPT_NEW_DATA,OLD,NEW,1126,3,3,Methane,175.0,B5_GMe_F070_R2.txt,2,2,late,100.0,1,179.27399249858743,179.27399249858743
B_OLD_CKPT_NEW_DATA,OLD,NEW,1127,0,0,Ethanol,75.0,B5_GEa_F060_R1.txt,1,2,late,135.0,1,81.29779579650221,81.29779579650221
B_OLD_CKPT_NEW_DATA,OLD,NEW,1128,1,1,CO,175.0,B5_GCO_F070_R2.txt,2,2,late,150.0,1,179.31439004062187,179.31439004062187
B_OLD_CKPT_NEW_DATA,OLD,NEW,1129,1,1,CO,200.0,B5_GCO_F080_R1.txt,1,2,late,110.0,1,217.07103186089248,217.07103186089248
B_OLD_CKPT_NEW_DATA,OLD,NEW,1130,2,2,Ethylene,25.0,B5_GEy_F020_R1.txt,1,2,late,75.0,1,23.90295079076993,23.90295079076993
B_OLD_CKPT_NEW_DATA,OLD,NEW,1131,1,1,CO,225.0,B5_GCO_F090_R1.txt,1,2,late,130.0,1,238.0359352896209,238.0359352896209
B_OLD_CKPT_NEW_DATA,OLD,NEW,1132,1,1,CO,175.0,B5_GCO_F070_R1.txt,1,2,late,125.0,1,182.81629994807494,182.81629994807494
B_OLD_CKPT_NEW_DATA,OLD,NEW,1133,1,1,CO,250.0,B5_GCO_F100_R2.txt,2,2,late,100.0,1,245.52912366481533,245.52912366481533
B_OLD_CKPT_NEW_DATA,OLD,NEW,1134,3,3,Methane,50.0,B5_GMe_F020_R1.txt,1,2,late,95.0,1,77.95376886366698,77.95376886366698
B_OLD_CKPT_NEW_DATA,OLD,NEW,1135,1,1,CO,200.0,B5_GCO_F080_R1.txt,1,2,late,80.0,1,218.1968511026147,218.1968511026147
B_OLD_CKPT_NEW_DATA,OLD,NEW,1136,3,3,Methane,75.0,B5_GMe_F030_R2.txt,2,2,late,140.0,1,79.13585364873329,79.13585364873329
B_OLD_CKPT_NEW_DATA,OLD,NEW,1137,1,1,CO,100.0,B5_GCO_F040_R2.txt,2,2,late,135.0,1,106.59972035432497,106.59972035432497
B_OLD_CKPT_NEW_DATA,OLD,NEW,1138,3,3,Methane,50.0,B5_GMe_F020_R2.txt,2,2,late,95.0,1,38.56060966255272,38.56060966255272
B_OLD_CKPT_NEW_DATA,OLD,NEW,1139,3,3,Methane,225.0,B5_GMe_F090_R2.txt,2,2,late,75.0,1,214.19750010343563,214.19750010343563
B_OLD_CKPT_NEW_DATA,OLD,NEW,1140,0,0,Ethanol,62.5,B5_GEa_F050_R1.txt,1,2,late,130.0,1,75.21926732363347,75.21926732363347
B_OLD_CKPT_NEW_DATA,OLD,NEW,1141,1,1,CO,225.0,B5_GCO_F090_R1.txt,1,2,late,150.0,1,227.3245639358219,227.3245639358219
B_OLD_CKPT_NEW_DATA,OLD,NEW,1142,3,3,Methane,175.0,B5_GMe_F070_R2.txt,2,2,late,65.0,1,187.65931729306217,187.65931729306217
B_OLD_CKPT_NEW_DATA,OLD,NEW,1143,3,3,Methane,200.0,B5_GMe_F080_R2.txt,2,2,late,110.0,1,190.0044753829705,190.0044753829705
B_OLD_CKPT_NEW_DATA,OLD,NEW,1144,3,3,Methane,200.0,B5_GMe_F080_R2.txt,2,2,late,115.0,1,191.01776148656845,191.01776148656845
B_OLD_CKPT_NEW_DATA,OLD,NEW,1145,0,0,Ethanol,12.5,B5_GEa_F010_R2.txt,2,2,late,65.0,1,12.689753279504217,12.689753279504217
B_OLD_CKPT_NEW_DATA,OLD,NEW,1146,1,1,CO,250.0,B5_GCO_F100_R2.txt,2,2,late,90.0,1,248.73396673351004,248.73396673351004
B_OLD_CKPT_NEW_DATA,OLD,NEW,1147,3,3,Methane,150.0,B5_GMe_F060_R1.txt,1,2,late,60.0,1,172.14922044203666,172.14922044203666
B_OLD_CKPT_NEW_DATA,OLD,NEW,1148,1,1,CO,25.0,B5_GCO_F010_R2.txt,2,2,late,160.0,1,25.0,25.0
B_OLD_CKPT_NEW_DATA,OLD,NEW,1149,3,3,Methane,50.0,B5_GMe_F020_R1.txt,1,2,late,70.0,1,73.71250899785439,73.71250899785439
B_OLD_CKPT_NEW_DATA,OLD,NEW,1150,2,2,Ethylene,62.5,B5_GEy_F050_R2.txt,2,2,late,85.0,1,62.35224133814333,62.35224133814333
B_OLD_CKPT_NEW_DATA,OLD,NEW,1151,3,1,Methane,225.0,B5_GMe_F090_R1.txt,1,2,late,85.0,0,25.0,58.7554182113305
B_OLD_CKPT_NEW_DATA,OLD,NEW,1152,3,3,Methane,150.0,B5_GMe_F060_R1.txt,1,2,late,135.0,1,173.95092237267903,173.95092237267903
B_OLD_CKPT_NEW_DATA,OLD,NEW,1153,1,1,CO,200.0,B5_GCO_F080_R2.txt,2,2,late,155.0,1,222.70267379723134,222.70267379723134
B_OLD_CKPT_NEW_DATA,OLD,NEW,1154,3,3,Methane,150.0,B5_GMe_F060_R1.txt,1,2,late,140.0,1,156.5377407256734,156.5377407256734
B_OLD_CKPT_NEW_DATA,OLD,NEW,1155,3,3,Methane,200.0,B5_GMe_F080_R1.txt,1,2,late,140.0,1,167.9404546068015,167.9404546068015
B_OLD_CKPT_NEW_DATA,OLD,NEW,1156,0,0,Ethanol,50.0,B5_GEa_F040_R1.txt,1,2,late,95.0,1,55.40817028368071,55.40817028368071
B_OLD_CKPT_NEW_DATA,OLD,NEW,1157,2,2,Ethylene,50.0,B5_GEy_F040_R2.txt,2,2,late,120.0,1,52.292822047361426,52.292822047361426
B_OLD_CKPT_NEW_DATA,OLD,NEW,1158,2,2,Ethylene,62.5,B5_GEy_F050_R2.txt,2,2,late,155.0,1,67.34925554285256,67.34925554285256
B_OLD_CKPT_NEW_DATA,OLD,NEW,1159,1,1,CO,125.0,B5_GCO_F050_R2.txt,2,2,late,115.0,1,133.26051058201702,133.26051058201702
B_OLD_CKPT_NEW_DATA,OLD,NEW,1160,3,3,Methane,175.0,B5_GMe_F070_R1.txt,1,2,late,115.0,1,173.5575840757674,173.5575840757674
B_OLD_CKPT_NEW_DATA,OLD,NEW,1161,2,2,Ethylene,12.5,B5_GEy_F010_R1.txt,1,2,late,65.0,1,12.5,12.5
B_OLD_CKPT_NEW_DATA,OLD,NEW,1162,3,1,Methane,225.0,B5_GMe_F090_R1.txt,1,2,late,125.0,0,25.0,78.39730513314991
B_OLD_CKPT_NEW_DATA,OLD,NEW,1163,2,2,Ethylene,25.0,B5_GEy_F020_R1.txt,1,2,late,150.0,1,29.55801654214551,29.55801654214551
B_OLD_CKPT_NEW_DATA,OLD,NEW,1164,0,0,Ethanol,50.0,B5_GEa_F040_R1.txt,1,2,late,105.0,1,54.8280536347631,54.8280536347631
B_OLD_CKPT_NEW_DATA,OLD,NEW,1165,3,3,Methane,75.0,B5_GMe_F030_R2.txt,2,2,late,90.0,1,98.27411181880184,98.27411181880184
B_OLD_CKPT_NEW_DATA,OLD,NEW,1166,0,0,Ethanol,112.5,B5_GEa_F090_R2.txt,2,2,late,155.0,1,103.86703107037467,103.86703107037467
B_OLD_CKPT_NEW_DATA,OLD,NEW,1167,3,3,Methane,200.0,B5_GMe_F080_R2.txt,2,2,late,150.0,1,194.8541997487666,194.8541997487666
B_OLD_CKPT_NEW_DATA,OLD,NEW,1168,2,2,Ethylene,112.5,B5_GEy_F090_R1.txt,1,2,late,105.0,1,109.77297342050704,109.77297342050704
B_OLD_CKPT_NEW_DATA,OLD,NEW,1169,0,0,Ethanol,87.5,B5_GEa_F070_R2.txt,2,2,late,65.0,1,78.63256089479763,78.63256089479763
B_OLD_CKPT_NEW_DATA,OLD,NEW,1170,1,1,CO,175.0,B5_GCO_F070_R1.txt,1,2,late,100.0,1,176.24149311681518,176.24149311681518
B_OLD_CKPT_NEW_DATA,OLD,NEW,1171,2,2,Ethylene,50.0,B5_GEy_F040_R2.txt,2,2,late,80.0,1,53.75540960362181,53.75540960362181
B_OLD_CKPT_NEW_DATA,OLD,NEW,1172,0,0,Ethanol,37.5,B5_GEa_F030_R1.txt,1,2,late,140.0,1,46.7656261963227,46.7656261963227
B_OLD_CKPT_NEW_DATA,OLD,NEW,1173,0,0,Ethanol,112.5,B5_GEa_F090_R1.txt,1,2,late,115.0,1,105.94833507101868,105.94833507101868
B_OLD_CKPT_NEW_DATA,OLD,NEW,1174,1,1,CO,25.0,B5_GCO_F010_R2.txt,2,2,late,60.0,1,25.0,25.0
B_OLD_CKPT_NEW_DATA,OLD,NEW,1175,3,3,Methane,200.0,B5_GMe_F080_R1.txt,1,2,late,145.0,1,149.57559110734724,149.57559110734724
B_OLD_CKPT_NEW_DATA,OLD,NEW,1176,2,2,Ethylene,75.0,B5_GEy_F060_R1.txt,1,2,late,105.0,1,78.87845790494382,78.87845790494382
B_OLD_CKPT_NEW_DATA,OLD,NEW,1177,2,2,Ethylene,12.5,B5_GEy_F010_R2.txt,2,2,late,145.0,1,12.5,12.5
B_OLD_CKPT_NEW_DATA,OLD,NEW,1178,0,0,Ethanol,100.0,B5_GEa_F080_R2.txt,2,2,late,80.0,1,90.56556675395854,90.56556675395854
B_OLD_CKPT_NEW_DATA,OLD,NEW,1179,0,0,Ethanol,62.5,B5_GEa_F050_R2.txt,2,2,late,150.0,1,70.64341455449456,70.64341455449456
B_OLD_CKPT_NEW_DATA,OLD,NEW,1180,0,0,Ethanol,37.5,B5_GEa_F030_R2.txt,2,2,late,140.0,1,44.79981889885833,44.79981889885833
B_OLD_CKPT_NEW_DATA,OLD,NEW,1181,3,3,Methane,50.0,B5_GMe_F020_R2.txt,2,2,late,120.0,1,86.97231359593732,86.97231359593732
B_OLD_CKPT_NEW_DATA,OLD,NEW,1182,3,2,Methane,50.0,B5_GMe_F020_R2.txt,2,2,late,60.0,0,125.0,72.51766525658402
B_OLD_CKPT_NEW_DATA,OLD,NEW,1183,1,1,CO,75.0,B5_GCO_F030_R1.txt,1,2,late,80.0,1,46.38602978471434,46.38602978471434
B_OLD_CKPT_NEW_DATA,OLD,NEW,1184,3,3,Methane,50.0,B5_GMe_F020_R2.txt,2,2,late,145.0,1,76.6242778189246,76.6242778189246
B_OLD_CKPT_NEW_DATA,OLD,NEW,1185,0,0,Ethanol,112.5,B5_GEa_F090_R2.txt,2,2,late,130.0,1,107.6128033909846,107.6128033909846
B_OLD_CKPT_NEW_DATA,OLD,NEW,1186,2,2,Ethylene,112.5,B5_GEy_F090_R2.txt,2,2,late,75.0,1,108.40130881656778,108.40130881656778
B_OLD_CKPT_NEW_DATA,OLD,NEW,1187,3,3,Methane,100.0,B5_GMe_F040_R1.txt,1,2,late,60.0,1,122.00886721747621,122.00886721747621
B_OLD_CKPT_NEW_DATA,OLD,NEW,1188,1,1,CO,150.0,B5_GCO_F060_R2.txt,2,2,late,95.0,1,174.15789087577232,174.15789087577232
B_OLD_CKPT_NEW_DATA,OLD,NEW,1189,2,2,Ethylene,25.0,B5_GEy_F020_R1.txt,1,2,late,125.0,1,24.855116451228852,24.855116451228852
B_OLD_CKPT_NEW_DATA,OLD,NEW,1190,3,3,Methane,100.0,B5_GMe_F040_R2.txt,2,2,late,80.0,1,111.24789171180336,111.24789171180336
B_OLD_CKPT_NEW_DATA,OLD,NEW,1191,2,2,Ethylene,12.5,B5_GEy_F010_R1.txt,1,2,late,160.0,1,12.5,12.5
B_OLD_CKPT_NEW_DATA,OLD,NEW,1192,3,3,Methane,250.0,B5_GMe_F100_R1.txt,1,2,late,155.0,1,178.69106629517347,178.69106629517347
B_OLD_CKPT_NEW_DATA,OLD,NEW,1193,2,2,Ethylene,75.0,B5_GEy_F060_R2.txt,2,2,late,85.0,1,75.58451504057828,75.58451504057828
B_OLD_CKPT_NEW_DATA,OLD,NEW,1194,0,0,Ethanol,50.0,B5_GEa_F040_R1.txt,1,2,late,150.0,1,61.98983464286624,61.98983464286624
B_OLD_CKPT_NEW_DATA,OLD,NEW,1195,0,0,Ethanol,62.5,B5_GEa_F050_R1.txt,1,2,late,115.0,1,76.75402551081373,76.75402551081373
B_OLD_CKPT_NEW_DATA,OLD,NEW,1196,0,0,Ethanol,100.0,B5_GEa_F080_R2.txt,2,2,late,95.0,1,92.19284907649327,92.19284907649327
B_OLD_CKPT_NEW_DATA,OLD,NEW,1197,3,3,Methane,75.0,B5_GMe_F030_R2.txt,2,2,late,85.0,1,100.85787807038815,100.85787807038815
B_OLD_CKPT_NEW_DATA,OLD,NEW,1198,2,2,Ethylene,62.5,B5_GEy_F050_R2.txt,2,2,late,130.0,1,64.99959879848153,64.99959879848153
B_OLD_CKPT_NEW_DATA,OLD,NEW,1199,0,0,Ethanol,125.0,B5_GEa_F100_R1.txt,1,2,late,90.0,1,112.19854383853101,112.19854383853101
B_OLD_CKPT_NEW_DATA,OLD,NEW,1200,2,2,Ethylene,25.0,B5_GEy_F020_R1.txt,1,2,late,100.0,1,27.541744035342653,27.541744035342653
B_OLD_CKPT_NEW_DATA,OLD,NEW,1201,2,2,Ethylene,12.5,B5_GEy_F010_R1.txt,1,2,late,150.0,1,12.5,12.5
B_OLD_CKPT_NEW_DATA,OLD,NEW,1202,2,2,Ethylene,62.5,B5_GEy_F050_R2.txt,2,2,late,145.0,1,61.593019652456476,61.593019652456476
B_OLD_CKPT_NEW_DATA,OLD,NEW,1203,0,0,Ethanol,62.5,B5_GEa_F050_R2.txt,2,2,late,75.0,1,61.89457809920955,61.89457809920955
B_OLD_CKPT_NEW_DATA,OLD,NEW,1204,2,2,Ethylene,112.5,B5_GEy_F090_R1.txt,1,2,late,125.0,1,110.070456625865,110.070456625865
B_OLD_CKPT_NEW_DATA,OLD,NEW,1205,3,3,Methane,250.0,B5_GMe_F100_R1.txt,1,2,late,110.0,1,203.31939456373885,203.31939456373885
B_OLD_CKPT_NEW_DATA,OLD,NEW,1206,2,2,Ethylene,100.0,B5_GEy_F080_R2.txt,2,2,late,145.0,1,98.4402748103052,98.4402748103052
B_OLD_CKPT_NEW_DATA,OLD,NEW,1207,3,3,Methane,25.0,B5_GMe_F010_R1.txt,1,2,late,115.0,1,37.419838878815725,37.419838878815725
B_OLD_CKPT_NEW_DATA,OLD,NEW,1208,2,2,Ethylene,112.5,B5_GEy_F090_R2.txt,2,2,late,130.0,1,105.39071096806202,105.39071096806202
B_OLD_CKPT_NEW_DATA,OLD,NEW,1209,3,3,Methane,75.0,B5_GMe_F030_R2.txt,2,2,late,75.0,1,99.00409492400068,99.00409492400068
B_OLD_CKPT_NEW_DATA,OLD,NEW,1210,3,3,Methane,225.0,B5_GMe_F090_R2.txt,2,2,late,95.0,1,212.31632096039954,212.31632096039954
B_OLD_CKPT_NEW_DATA,OLD,NEW,1211,2,2,Ethylene,112.5,B5_GEy_F090_R1.txt,1,2,late,115.0,1,109.90725166950257,109.90725166950257
B_OLD_CKPT_NEW_DATA,OLD,NEW,1212,1,1,CO,125.0,B5_GCO_F050_R2.txt,2,2,late,135.0,1,147.61175799528573,147.61175799528573
B_OLD_CKPT_NEW_DATA,OLD,NEW,1213,2,2,Ethylene,12.5,B5_GEy_F010_R2.txt,2,2,late,150.0,1,12.5,12.5
B_OLD_CKPT_NEW_DATA,OLD,NEW,1214,3,3,Methane,125.0,B5_GMe_F050_R1.txt,1,2,late,105.0,1,150.12194687314943,150.12194687314943
B_OLD_CKPT_NEW_DATA,OLD,NEW,1215,1,1,CO,225.0,B5_GCO_F090_R1.txt,1,2,late,140.0,1,235.8676309243638,235.8676309243638
B_OLD_CKPT_NEW_DATA,OLD,NEW,1216,1,1,CO,175.0,B5_GCO_F070_R2.txt,2,2,late,125.0,1,179.89504261351547,179.89504261351547
B_OLD_CKPT_NEW_DATA,OLD,NEW,1217,0,0,Ethanol,12.5,B5_GEa_F010_R2.txt,2,2,late,135.0,1,14.165021281893821,14.165021281893821
B_OLD_CKPT_NEW_DATA,OLD,NEW,1218,3,3,Methane,100.0,B5_GMe_F040_R1.txt,1,2,late,150.0,1,84.30143256159741,84.30143256159741
B_OLD_CKPT_NEW_DATA,OLD,NEW,1219,1,1,CO,75.0,B5_GCO_F030_R2.txt,2,2,late,145.0,1,62.69473296970395,62.69473296970395
B_OLD_CKPT_NEW_DATA,OLD,NEW,1220,1,1,CO,175.0,B5_GCO_F070_R2.txt,2,2,late,135.0,1,192.41877282626604,192.41877282626604
B_OLD_CKPT_NEW_DATA,OLD,NEW,1221,3,3,Methane,75.0,B5_GMe_F030_R1.txt,1,2,late,115.0,1,110.38149725638934,110.38149725638934
B_OLD_CKPT_NEW_DATA,OLD,NEW,1222,0,0,Ethanol,75.0,B5_GEa_F060_R1.txt,1,2,late,65.0,1,82.75636986405232,82.75636986405232
B_OLD_CKPT_NEW_DATA,OLD,NEW,1223,2,2,Ethylene,25.0,B5_GEy_F020_R2.txt,2,2,late,80.0,1,26.147157080356706,26.147157080356706
B_OLD_CKPT_NEW_DATA,OLD,NEW,1224,0,0,Ethanol,100.0,B5_GEa_F080_R2.txt,2,2,late,100.0,1,93.70072382398851,93.70072382398851
B_OLD_CKPT_NEW_DATA,OLD,NEW,1225,3,3,Methane,200.0,B5_GMe_F080_R1.txt,1,2,late,105.0,1,202.10546543207354,202.10546543207354
B_OLD_CKPT_NEW_DATA,OLD,NEW,1226,0,0,Ethanol,100.0,B5_GEa_F080_R2.txt,2,2,late,90.0,1,96.0435833978101,96.0435833978101
B_OLD_CKPT_NEW_DATA,OLD,NEW,1227,1,1,CO,175.0,B5_GCO_F070_R1.txt,1,2,late,135.0,1,171.9100823544997,171.9100823544997
B_OLD_CKPT_NEW_DATA,OLD,NEW,1228,2,2,Ethylene,50.0,B5_GEy_F040_R1.txt,1,2,late,60.0,1,45.17959771856593,45.17959771856593
B_OLD_CKPT_NEW_DATA,OLD,NEW,1229,3,3,Methane,225.0,B5_GMe_F090_R2.txt,2,2,late,110.0,1,189.47847439682187,189.47847439682187
B_OLD_CKPT_NEW_DATA,OLD,NEW,1230,0,0,Ethanol,62.5,B5_GEa_F050_R1.txt,1,2,late,80.0,1,75.7330853251703,75.7330853251703
B_OLD_CKPT_NEW_DATA,OLD,NEW,1231,3,3,Methane,75.0,B5_GMe_F030_R1.txt,1,2,late,155.0,1,65.89501717177966,65.89501717177966
B_OLD_CKPT_NEW_DATA,OLD,NEW,1232,3,3,Methane,175.0,B5_GMe_F070_R1.txt,1,2,late,70.0,1,180.5341118720997,180.5341118720997
B_OLD_CKPT_NEW_DATA,OLD,NEW,1233,3,3,Methane,100.0,B5_GMe_F040_R1.txt,1,2,late,80.0,1,115.48268871421287,115.48268871421287
B_OLD_CKPT_NEW_DATA,OLD,NEW,1234,3,3,Methane,175.0,B5_GMe_F070_R2.txt,2,2,late,80.0,1,166.0594170579598,166.0594170579598
B_OLD_CKPT_NEW_DATA,OLD,NEW,1235,2,2,Ethylene,37.5,B5_GEy_F030_R1.txt,1,2,late,95.0,1,40.05094711536519,40.05094711536519
B_OLD_CKPT_NEW_DATA,OLD,NEW,1236,1,1,CO,75.0,B5_GCO_F030_R1.txt,1,2,late,130.0,1,86.54230401526712,86.54230401526712
B_OLD_CKPT_NEW_DATA,OLD,NEW,1237,1,1,CO,250.0,B5_GCO_F100_R1.txt,1,2,late,70.0,1,232.8459437210297,232.8459437210297
B_OLD_CKPT_NEW_DATA,OLD,NEW,1238,1,1,CO,100.0,B5_GCO_F040_R2.txt,2,2,late,145.0,1,101.79914428661765,101.79914428661765
B_OLD_CKPT_NEW_DATA,OLD,NEW,1239,1,1,CO,75.0,B5_GCO_F030_R1.txt,1,2,late,105.0,1,48.20085873328374,48.20085873328374
B_OLD_CKPT_NEW_DATA,OLD,NEW,1240,1,1,CO,250.0,B5_GCO_F100_R2.txt,2,2,late,160.0,1,184.2946858497342,184.2946858497342
B_OLD_CKPT_NEW_DATA,OLD,NEW,1241,3,3,Methane,100.0,B5_GMe_F040_R2.txt,2,2,late,160.0,1,123.94917122131264,123.94917122131264
B_OLD_CKPT_NEW_DATA,OLD,NEW,1242,2,2,Ethylene,50.0,B5_GEy_F040_R2.txt,2,2,late,65.0,1,51.99546755271807,51.99546755271807
B_OLD_CKPT_NEW_DATA,OLD,NEW,1243,1,1,CO,75.0,B5_GCO_F030_R1.txt,1,2,late,150.0,1,60.69519202486646,60.69519202486646
B_OLD_CKPT_NEW_DATA,OLD,NEW,1244,1,1,CO,50.0,B5_GCO_F020_R2.txt,2,2,late,155.0,1,75.87812880106574,75.87812880106574
B_OLD_CKPT_NEW_DATA,OLD,NEW,1245,1,1,CO,250.0,B5_GCO_F100_R2.txt,2,2,late,120.0,1,235.96230087441467,235.96230087441467
B_OLD_CKPT_NEW_DATA,OLD,NEW,1246,0,0,Ethanol,62.5,B5_GEa_F050_R1.txt,1,2,late,145.0,1,81.42805112131195,81.42805112131195
B_OLD_CKPT_NEW_DATA,OLD,NEW,1247,2,2,Ethylene,37.5,B5_GEy_F030_R2.txt,2,2,late,125.0,1,39.53689192122455,39.53689192122455
B_OLD_CKPT_NEW_DATA,OLD,NEW,1248,0,0,Ethanol,50.0,B5_GEa_F040_R1.txt,1,2,late,70.0,1,51.154106618065214,51.154106618065214
B_OLD_CKPT_NEW_DATA,OLD,NEW,1249,0,0,Ethanol,112.5,B5_GEa_F090_R1.txt,1,2,late,80.0,1,105.59152879618671,105.59152879618671
B_OLD_CKPT_NEW_DATA,OLD,NEW,1250,1,1,CO,175.0,B5_GCO_F070_R1.txt,1,2,late,130.0,1,180.51884747457484,180.51884747457484
B_OLD_CKPT_NEW_DATA,OLD,NEW,1251,1,1,CO,50.0,B5_GCO_F020_R2.txt,2,2,late,145.0,1,68.65478844393792,68.65478844393792
B_OLD_CKPT_NEW_DATA,OLD,NEW,1252,3,3,Methane,125.0,B5_GMe_F050_R2.txt,2,2,late,110.0,1,112.88189823626003,112.88189823626003
B_OLD_CKPT_NEW_DATA,OLD,NEW,1253,3,3,Methane,100.0,B5_GMe_F040_R1.txt,1,2,late,110.0,1,100.95968328276234,100.95968328276234
B_OLD_CKPT_NEW_DATA,OLD,NEW,1254,1,1,CO,100.0,B5_GCO_F040_R1.txt,1,2,late,125.0,1,88.95601493129732,88.95601493129732
B_OLD_CKPT_NEW_DATA,OLD,NEW,1255,2,2,Ethylene,75.0,B5_GEy_F060_R1.txt,1,2,late,150.0,1,79.91510085936817,79.91510085936817
B_OLD_CKPT_NEW_DATA,OLD,NEW,1256,0,0,Ethanol,87.5,B5_GEa_F070_R1.txt,1,2,late,60.0,1,85.94766376600587,85.94766376600587
B_OLD_CKPT_NEW_DATA,OLD,NEW,1257,1,1,CO,100.0,B5_GCO_F040_R1.txt,1,2,late,65.0,1,90.7788910823166,90.7788910823166
B_OLD_CKPT_NEW_DATA,OLD,NEW,1258,2,2,Ethylene,100.0,B5_GEy_F080_R2.txt,2,2,late,105.0,1,103.95327370442341,103.95327370442341
B_OLD_CKPT_NEW_DATA,OLD,NEW,1259,0,0,Ethanol,62.5,B5_GEa_F050_R1.txt,1,2,late,150.0,1,83.32228037133582,83.32228037133582
B_OLD_CKPT_NEW_DATA,OLD,NEW,1260,2,2,Ethylene,50.0,B5_GEy_F040_R1.txt,1,2,late,90.0,1,52.637327073548306,52.637327073548306
B_OLD_CKPT_NEW_DATA,OLD,NEW,1261,0,0,Ethanol,25.0,B5_GEa_F020_R2.txt,2,2,late,145.0,1,28.732977229004568,28.732977229004568
B_OLD_CKPT_NEW_DATA,OLD,NEW,1262,0,0,Ethanol,50.0,B5_GEa_F040_R1.txt,1,2,late,100.0,1,56.82400234970688,56.82400234970688
B_OLD_CKPT_NEW_DATA,OLD,NEW,1263,0,0,Ethanol,25.0,B5_GEa_F020_R1.txt,1,2,late,85.0,1,31.281131373460816,31.281131373460816
B_OLD_CKPT_NEW_DATA,OLD,NEW,1264,3,3,Methane,225.0,B5_GMe_F090_R2.txt,2,2,late,85.0,1,204.23044795635585,204.23044795635585
B_OLD_CKPT_NEW_DATA,OLD,NEW,1265,2,2,Ethylene,112.5,B5_GEy_F090_R2.txt,2,2,late,60.0,1,104.00937125147415,104.00937125147415
B_OLD_CKPT_NEW_DATA,OLD,NEW,1266,3,3,Methane,250.0,B5_GMe_F100_R2.txt,2,2,late,65.0,1,223.59567264948058,223.59567264948058
B_OLD_CKPT_NEW_DATA,OLD,NEW,1267,0,0,Ethanol,112.5,B5_GEa_F090_R2.txt,2,2,late,90.0,1,107.37037653114102,107.37037653114102
B_OLD_CKPT_NEW_DATA,OLD,NEW,1268,2,2,Ethylene,37.5,B5_GEy_F030_R2.txt,2,2,late,150.0,1,36.68185846255724,36.68185846255724
B_OLD_CKPT_NEW_DATA,OLD,NEW,1269,1,1,CO,100.0,B5_GCO_F040_R1.txt,1,2,late,75.0,1,96.13329806525219,96.13329806525219
B_OLD_CKPT_NEW_DATA,OLD,NEW,1270,0,0,Ethanol,125.0,B5_GEa_F100_R1.txt,1,2,late,160.0,1,105.39868956469888,105.39868956469888
B_OLD_CKPT_NEW_DATA,OLD,NEW,1271,1,1,CO,125.0,B5_GCO_F050_R2.txt,2,2,late,105.0,1,122.07332145153944,122.07332145153944
B_OLD_CKPT_NEW_DATA,OLD,NEW,1272,1,1,CO,50.0,B5_GCO_F020_R1.txt,1,2,late,80.0,1,45.239301029745235,45.239301029745235
B_OLD_CKPT_NEW_DATA,OLD,NEW,1273,2,2,Ethylene,112.5,B5_GEy_F090_R1.txt,1,2,late,95.0,1,113.41061289595201,113.41061289595201
B_OLD_CKPT_NEW_DATA,OLD,NEW,1274,2,2,Ethylene,100.0,B5_GEy_F080_R1.txt,1,2,late,95.0,1,101.63743311871191,101.63743311871191
B_OLD_CKPT_NEW_DATA,OLD,NEW,1275,3,3,Methane,125.0,B5_GMe_F050_R2.txt,2,2,late,100.0,1,163.7830396040196,163.7830396040196
B_OLD_CKPT_NEW_DATA,OLD,NEW,1276,0,0,Ethanol,50.0,B5_GEa_F040_R2.txt,2,2,late,120.0,1,50.1428140185318,50.1428140185318
B_OLD_CKPT_NEW_DATA,OLD,NEW,1277,0,0,Ethanol,125.0,B5_GEa_F100_R2.txt,2,2,late,135.0,1,115.02415152879504,115.02415152879504
B_OLD_CKPT_NEW_DATA,OLD,NEW,1278,2,2,Ethylene,87.5,B5_GEy_F070_R2.txt,2,2,late,160.0,1,96.4725323935285,96.4725323935285
B_OLD_CKPT_NEW_DATA,OLD,NEW,1279,0,0,Ethanol,62.5,B5_GEa_F050_R2.txt,2,2,late,155.0,1,66.69841148401066,66.69841148401066
B_OLD_CKPT_NEW_DATA,OLD,NEW,1280,3,3,Methane,100.0,B5_GMe_F040_R1.txt,1,2,late,120.0,1,114.55027287415572,114.55027287415572
B_OLD_CKPT_NEW_DATA,OLD,NEW,1281,0,0,Ethanol,100.0,B5_GEa_F080_R2.txt,2,2,late,70.0,1,88.72244105930177,88.72244105930177
B_OLD_CKPT_NEW_DATA,OLD,NEW,1282,3,3,Methane,175.0,B5_GMe_F070_R2.txt,2,2,late,135.0,1,175.1304697694572,175.1304697694572
B_OLD_CKPT_NEW_DATA,OLD,NEW,1283,3,3,Methane,100.0,B5_GMe_F040_R2.txt,2,2,late,130.0,1,91.75176192185246,91.75176192185246
B_OLD_CKPT_NEW_DATA,OLD,NEW,1284,3,3,Methane,250.0,B5_GMe_F100_R2.txt,2,2,late,160.0,1,206.8975392000827,206.8975392000827
B_OLD_CKPT_NEW_DATA,OLD,NEW,1285,3,3,Methane,100.0,B5_GMe_F040_R1.txt,1,2,late,130.0,1,119.70510030511362,119.70510030511362
B_OLD_CKPT_NEW_DATA,OLD,NEW,1286,2,2,Ethylene,125.0,B5_GEy_F100_R1.txt,1,2,late,155.0,1,125.0,125.0
B_OLD_CKPT_NEW_DATA,OLD,NEW,1287,3,3,Methane,25.0,B5_GMe_F010_R2.txt,2,2,late,105.0,1,31.22921993820232,31.22921993820232
B_OLD_CKPT_NEW_DATA,OLD,NEW,1288,0,0,Ethanol,100.0,B5_GEa_F080_R2.txt,2,2,late,60.0,1,74.75297284258549,74.75297284258549
B_OLD_CKPT_NEW_DATA,OLD,NEW,1289,1,1,CO,250.0,B5_GCO_F100_R2.txt,2,2,late,135.0,1,250.0,250.0
B_OLD_CKPT_NEW_DATA,OLD,NEW,1290,1,1,CO,175.0,B5_GCO_F070_R1.txt,1,2,late,150.0,1,141.05907905763218,141.05907905763218
B_OLD_CKPT_NEW_DATA,OLD,NEW,1291,0,0,Ethanol,37.5,B5_GEa_F030_R1.txt,1,2,late,115.0,1,47.44037930991135,47.44037930991135
B_OLD_CKPT_NEW_DATA,OLD,NEW,1292,0,0,Ethanol,25.0,B5_GEa_F020_R2.txt,2,2,late,110.0,1,28.44433714416217,28.44433714416217
B_OLD_CKPT_NEW_DATA,OLD,NEW,1293,3,3,Methane,50.0,B5_GMe_F020_R1.txt,1,2,late,105.0,1,75.99651481379401,75.99651481379401
B_OLD_CKPT_NEW_DATA,OLD,NEW,1294,1,1,CO,225.0,B5_GCO_F090_R1.txt,1,2,late,85.0,1,229.55010144720694,229.55010144720694
B_OLD_CKPT_NEW_DATA,OLD,NEW,1295,1,1,CO,225.0,B5_GCO_F090_R1.txt,1,2,late,135.0,1,244.05290796808242,244.05290796808242
B_OLD_CKPT_NEW_DATA,OLD,NEW,1296,3,3,Methane,125.0,B5_GMe_F050_R2.txt,2,2,late,115.0,1,158.943174340816,158.943174340816
B_OLD_CKPT_NEW_DATA,OLD,NEW,1297,2,2,Ethylene,37.5,B5_GEy_F030_R2.txt,2,2,late,60.0,1,41.01016267625789,41.01016267625789
B_OLD_CKPT_NEW_DATA,OLD,NEW,1298,0,0,Ethanol,100.0,B5_GEa_F080_R1.txt,1,2,late,80.0,1,90.22504014899067,90.22504014899067
B_OLD_CKPT_NEW_DATA,OLD,NEW,1299,1,1,CO,150.0,B5_GCO_F060_R2.txt,2,2,late,60.0,1,180.23917053826395,180.23917053826395
B_OLD_CKPT_NEW_DATA,OLD,NEW,1300,2,2,Ethylene,87.5,B5_GEy_F070_R2.txt,2,2,late,115.0,1,82.1671684455833,82.1671684455833
B_OLD_CKPT_NEW_DATA,OLD,NEW,1301,1,1,CO,225.0,B5_GCO_F090_R1.txt,1,2,late,60.0,1,235.75384827133766,235.75384827133766
B_OLD_CKPT_NEW_DATA,OLD,NEW,1302,0,0,Ethanol,100.0,B5_GEa_F080_R2.txt,2,2,late,160.0,1,93.06021096354682,93.06021096354682
B_OLD_CKPT_NEW_DATA,OLD,NEW,1303,1,1,CO,75.0,B5_GCO_F030_R1.txt,1,2,late,100.0,1,56.73185483733971,56.73185483733971
B_OLD_CKPT_NEW_DATA,OLD,NEW,1304,0,0,Ethanol,37.5,B5_GEa_F030_R2.txt,2,2,late,135.0,1,43.88556556720971,43.88556556720971
B_OLD_CKPT_NEW_DATA,OLD,NEW,1305,3,3,Methane,250.0,B5_GMe_F100_R2.txt,2,2,late,60.0,1,236.350310492404,236.350310492404
B_OLD_CKPT_NEW_DATA,OLD,NEW,1306,1,1,CO,175.0,B5_GCO_F070_R1.txt,1,2,late,140.0,1,168.10065644908923,168.10065644908923
B_OLD_CKPT_NEW_DATA,OLD,NEW,1307,3,3,Methane,75.0,B5_GMe_F030_R2.txt,2,2,late,120.0,1,84.68368140271639,84.68368140271639
B_OLD_CKPT_NEW_DATA,OLD,NEW,1308,3,0,Methane,225.0,B5_GMe_F090_R1.txt,1,2,late,80.0,0,12.5,49.53761237058325
B_OLD_CKPT_NEW_DATA,OLD,NEW,1309,2,2,Ethylene,12.5,B5_GEy_F010_R2.txt,2,2,late,135.0,1,12.5,12.5
B_OLD_CKPT_NEW_DATA,OLD,NEW,1310,2,2,Ethylene,62.5,B5_GEy_F050_R1.txt,1,2,late,145.0,1,66.45014927173885,66.45014927173885
B_OLD_CKPT_NEW_DATA,OLD,NEW,1311,2,2,Ethylene,87.5,B5_GEy_F070_R1.txt,1,2,late,90.0,1,85.41764282056612,85.41764282056612
B_OLD_CKPT_NEW_DATA,OLD,NEW,1312,1,1,CO,75.0,B5_GCO_F030_R1.txt,1,2,late,70.0,1,69.61440640556044,69.61440640556044
B_OLD_CKPT_NEW_DATA,OLD,NEW,1313,1,1,CO,250.0,B5_GCO_F100_R2.txt,2,2,late,85.0,1,238.29978691170874,238.29978691170874
B_OLD_CKPT_NEW_DATA,OLD,NEW,1314,2,2,Ethylene,87.5,B5_GEy_F070_R1.txt,1,2,late,115.0,1,90.2108838431885,90.2108838431885
B_OLD_CKPT_NEW_DATA,OLD,NEW,1315,3,3,Methane,25.0,B5_GMe_F010_R1.txt,1,2,late,120.0,1,55.82514750184359,55.82514750184359
B_OLD_CKPT_NEW_DATA,OLD,NEW,1316,2,2,Ethylene,62.5,B5_GEy_F050_R1.txt,1,2,late,105.0,1,63.89075572560488,63.89075572560488
B_OLD_CKPT_NEW_DATA,OLD,NEW,1317,2,2,Ethylene,50.0,B5_GEy_F040_R1.txt,1,2,late,150.0,1,56.793556926596224,56.793556926596224
B_OLD_CKPT_NEW_DATA,OLD,NEW,1318,1,1,CO,150.0,B5_GCO_F060_R2.txt,2,2,late,135.0,1,178.38823634857607,178.38823634857607
B_OLD_CKPT_NEW_DATA,OLD,NEW,1319,3,3,Methane,100.0,B5_GMe_F040_R1.txt,1,2,late,115.0,1,98.24309142562295,98.24309142562295
B_OLD_CKPT_NEW_DATA,OLD,NEW,1320,0,0,Ethanol,62.5,B5_GEa_F050_R1.txt,1,2,late,140.0,1,77.61304065659141,77.61304065659141
B_OLD_CKPT_NEW_DATA,OLD,NEW,1321,3,3,Methane,250.0,B5_GMe_F100_R1.txt,1,2,late,90.0,1,208.52442774919368,208.52442774919368
B_OLD_CKPT_NEW_DATA,OLD,NEW,1322,2,2,Ethylene,87.5,B5_GEy_F070_R2.txt,2,2,late,65.0,1,84.93993042500269,84.93993042500269
B_OLD_CKPT_NEW_DATA,OLD,NEW,1323,2,2,Ethylene,100.0,B5_GEy_F080_R1.txt,1,2,late,140.0,1,100.78326221462044,100.78326221462044
B_OLD_CKPT_NEW_DATA,OLD,NEW,1324,1,1,CO,250.0,B5_GCO_F100_R1.txt,1,2,late,85.0,1,250.0,250.0
B_OLD_CKPT_NEW_DATA,OLD,NEW,1325,1,1,CO,25.0,B5_GCO_F010_R1.txt,1,2,late,155.0,1,28.917204918544257,28.917204918544257
B_OLD_CKPT_NEW_DATA,OLD,NEW,1326,3,3,Methane,175.0,B5_GMe_F070_R1.txt,1,2,late,140.0,1,183.36339529247718,183.36339529247718
B_OLD_CKPT_NEW_DATA,OLD,NEW,1327,1,1,CO,25.0,B5_GCO_F010_R2.txt,2,2,late,80.0,1,25.0,25.0
B_OLD_CKPT_NEW_DATA,OLD,NEW,1328,1,1,CO,100.0,B5_GCO_F040_R1.txt,1,2,late,90.0,1,107.73466369897473,107.73466369897473
B_OLD_CKPT_NEW_DATA,OLD,NEW,1329,3,3,Methane,225.0,B5_GMe_F090_R2.txt,2,2,late,60.0,1,230.64730453119907,230.64730453119907
B_OLD_CKPT_NEW_DATA,OLD,NEW,1330,0,0,Ethanol,12.5,B5_GEa_F010_R1.txt,1,2,late,90.0,1,12.5,12.5
B_OLD_CKPT_NEW_DATA,OLD,NEW,1331,2,2,Ethylene,75.0,B5_GEy_F060_R1.txt,1,2,late,145.0,1,80.78997717676735,80.78997717676735
B_OLD_CKPT_NEW_DATA,OLD,NEW,1332,2,2,Ethylene,37.5,B5_GEy_F030_R1.txt,1,2,late,125.0,1,37.28405088400689,37.28405088400689
B_OLD_CKPT_NEW_DATA,OLD,NEW,1333,3,3,Methane,200.0,B5_GMe_F080_R2.txt,2,2,late,80.0,1,188.48176065117886,188.48176065117886
B_OLD_CKPT_NEW_DATA,OLD,NEW,1334,0,0,Ethanol,25.0,B5_GEa_F020_R1.txt,1,2,late,65.0,1,33.217361580476215,33.217361580476215
B_OLD_CKPT_NEW_DATA,OLD,NEW,1335,0,0,Ethanol,112.5,B5_GEa_F090_R1.txt,1,2,late,70.0,1,105.02881151510007,105.02881151510007
B_OLD_CKPT_NEW_DATA,OLD,NEW,1336,1,1,CO,175.0,B5_GCO_F070_R1.txt,1,2,late,155.0,1,185.7142173329359,185.7142173329359
B_OLD_CKPT_NEW_DATA,OLD,NEW,1337,3,3,Methane,125.0,B5_GMe_F050_R1.txt,1,2,late,140.0,1,143.0495478157153,143.0495478157153
B_OLD_CKPT_NEW_DATA,OLD,NEW,1338,1,1,CO,250.0,B5_GCO_F100_R1.txt,1,2,late,65.0,1,233.9604010701508,233.9604010701508
B_OLD_CKPT_NEW_DATA,OLD,NEW,1339,3,0,Methane,225.0,B5_GMe_F090_R1.txt,1,2,late,65.0,0,12.5,79.44588271589546
B_OLD_CKPT_NEW_DATA,OLD,NEW,1340,3,3,Methane,125.0,B5_GMe_F050_R1.txt,1,2,late,100.0,1,137.61084621363628,137.61084621363628
B_OLD_CKPT_NEW_DATA,OLD,NEW,1341,0,0,Ethanol,37.5,B5_GEa_F030_R2.txt,2,2,late,150.0,1,59.2026292531417,59.2026292531417
B_OLD_CKPT_NEW_DATA,OLD,NEW,1342,0,0,Ethanol,87.5,B5_GEa_F070_R1.txt,1,2,late,130.0,1,96.21895367426092,96.21895367426092
B_OLD_CKPT_NEW_DATA,OLD,NEW,1343,0,0,Ethanol,50.0,B5_GEa_F040_R1.txt,1,2,late,85.0,1,52.7189197250315,52.7189197250315
B_OLD_CKPT_NEW_DATA,OLD,NEW,1344,3,3,Methane,250.0,B5_GMe_F100_R2.txt,2,2,late,135.0,1,243.55507107406936,243.55507107406936
B_OLD_CKPT_NEW_DATA,OLD,NEW,1345,1,1,CO,100.0,B5_GCO_F040_R2.txt,2,2,late,110.0,1,103.63168769542676,103.63168769542676
B_OLD_CKPT_NEW_DATA,OLD,NEW,1346,2,2,Ethylene,75.0,B5_GEy_F060_R1.txt,1,2,late,120.0,1,79.87874422957829,79.87874422957829
B_OLD_CKPT_NEW_DATA,OLD,NEW,1347,2,2,Ethylene,75.0,B5_GEy_F060_R1.txt,1,2,late,155.0,1,93.39469952560432,93.39469952560432
B_OLD_CKPT_NEW_DATA,OLD,NEW,1348,2,2,Ethylene,100.0,B5_GEy_F080_R1.txt,1,2,late,70.0,1,105.98511483135735,105.98511483135735
B_OLD_CKPT_NEW_DATA,OLD,NEW,1349,3,3,Methane,125.0,B5_GMe_F050_R1.txt,1,2,late,60.0,1,135.057005490425,135.057005490425
B_OLD_CKPT_NEW_DATA,OLD,NEW,1350,3,3,Methane,250.0,B5_GMe_F100_R2.txt,2,2,late,70.0,1,224.5582649280806,224.5582649280806
B_OLD_CKPT_NEW_DATA,OLD,NEW,1351,1,1,CO,250.0,B5_GCO_F100_R2.txt,2,2,late,115.0,1,248.83900989881124,248.83900989881124
B_OLD_CKPT_NEW_DATA,OLD,NEW,1352,3,3,Methane,75.0,B5_GMe_F030_R2.txt,2,2,late,100.0,1,100.08139826477549,100.08139826477549
B_OLD_CKPT_NEW_DATA,OLD,NEW,1353,2,2,Ethylene,125.0,B5_GEy_F100_R2.txt,2,2,late,95.0,1,125.0,125.0
B_OLD_CKPT_NEW_DATA,OLD,NEW,1354,1,1,CO,25.0,B5_GCO_F010_R2.txt,2,2,late,150.0,1,25.0,25.0
B_OLD_CKPT_NEW_DATA,OLD,NEW,1355,3,3,Methane,150.0,B5_GMe_F060_R2.txt,2,2,late,80.0,1,154.49959810389356,154.49959810389356
B_OLD_CKPT_NEW_DATA,OLD,NEW,1356,0,0,Ethanol,25.0,B5_GEa_F020_R1.txt,1,2,late,105.0,1,35.16628241458568,35.16628241458568
B_OLD_CKPT_NEW_DATA,OLD,NEW,1357,0,0,Ethanol,100.0,B5_GEa_F080_R1.txt,1,2,late,105.0,1,91.87545423535305,91.87545423535305
B_OLD_CKPT_NEW_DATA,OLD,NEW,1358,3,3,Methane,125.0,B5_GMe_F050_R2.txt,2,2,late,65.0,1,136.53096011246942,136.53096011246942
B_OLD_CKPT_NEW_DATA,OLD,NEW,1359,1,1,CO,225.0,B5_GCO_F090_R1.txt,1,2,late,80.0,1,232.9176797066727,232.9176797066727
C_NEW_CKPT_OLD_DATA,NEW,OLD,0,0,0,Ethanol,112.5,B5_GEa_F090_R2.txt,2,2,late,,1,111.57914015840898,111.57914015840898
C_NEW_CKPT_OLD_DATA,NEW,OLD,1,0,0,Ethanol,75.0,B5_GEa_F060_R2.txt,2,2,late,,1,65.52410075772552,65.52410075772552
C_NEW_CKPT_OLD_DATA,NEW,OLD,2,0,0,Ethanol,25.0,B5_GEa_F020_R1.txt,1,2,late,,1,23.415478009738887,23.415478009738887
C_NEW_CKPT_OLD_DATA,NEW,OLD,3,2,2,Ethylene,112.5,B5_GEy_F090_R1.txt,1,2,late,,1,96.68411431781283,96.68411431781283
C_NEW_CKPT_OLD_DATA,NEW,OLD,4,3,3,Methane,75.0,B5_GMe_F030_R2.txt,2,2,late,,1,66.57593145912638,66.57593145912638
C_NEW_CKPT_OLD_DATA,NEW,OLD,5,0,0,Ethanol,25.0,B5_GEa_F020_R1.txt,1,2,late,,1,23.83325872524928,23.83325872524928
C_NEW_CKPT_OLD_DATA,NEW,OLD,6,0,0,Ethanol,87.5,B5_GEa_F070_R1.txt,1,2,late,,1,85.19296826948158,85.19296826948158
C_NEW_CKPT_OLD_DATA,NEW,OLD,7,3,1,Methane,225.0,B5_GMe_F090_R1.txt,1,2,late,,0,25.0,220.4880445413407
C_NEW_CKPT_OLD_DATA,NEW,OLD,8,1,1,CO,225.0,B5_GCO_F090_R2.txt,2,2,late,,1,208.6363361214525,208.6363361214525
C_NEW_CKPT_OLD_DATA,NEW,OLD,9,0,0,Ethanol,37.5,B5_GEa_F030_R1.txt,1,2,late,,1,39.58642566408465,39.58642566408465
C_NEW_CKPT_OLD_DATA,NEW,OLD,10,1,1,CO,150.0,B5_GCO_F060_R2.txt,2,2,late,,1,161.07119124303108,161.07119124303108
C_NEW_CKPT_OLD_DATA,NEW,OLD,11,1,1,CO,250.0,B5_GCO_F100_R1.txt,1,2,late,,1,241.23139845055556,241.23139845055556
C_NEW_CKPT_OLD_DATA,NEW,OLD,12,0,0,Ethanol,125.0,B5_GEa_F100_R2.txt,2,2,late,,1,125.0,125.0
C_NEW_CKPT_OLD_DATA,NEW,OLD,13,3,3,Methane,50.0,B5_GMe_F020_R1.txt,1,2,late,,1,82.28010540744239,82.28010540744239
C_NEW_CKPT_OLD_DATA,NEW,OLD,14,0,0,Ethanol,87.5,B5_GEa_F070_R2.txt,2,2,late,,1,100.42449786025034,100.42449786025034
C_NEW_CKPT_OLD_DATA,NEW,OLD,15,1,1,CO,50.0,B5_GCO_F020_R2.txt,2,2,late,,1,59.287695323848354,59.287695323848354
C_NEW_CKPT_OLD_DATA,NEW,OLD,16,0,0,Ethanol,62.5,B5_GEa_F050_R2.txt,2,2,late,,1,64.20982212483466,64.20982212483466
C_NEW_CKPT_OLD_DATA,NEW,OLD,17,2,2,Ethylene,37.5,B5_GEy_F030_R2.txt,2,2,late,,1,35.89657618103698,35.89657618103698
C_NEW_CKPT_OLD_DATA,NEW,OLD,18,0,0,Ethanol,75.0,B5_GEa_F060_R1.txt,1,2,late,,1,97.21069339795616,97.21069339795616
C_NEW_CKPT_OLD_DATA,NEW,OLD,19,1,1,CO,250.0,B5_GCO_F100_R2.txt,2,2,late,,1,234.8018144540634,234.8018144540634
C_NEW_CKPT_OLD_DATA,NEW,OLD,20,0,0,Ethanol,37.5,B5_GEa_F030_R1.txt,1,2,late,,1,40.916837776836545,40.916837776836545
C_NEW_CKPT_OLD_DATA,NEW,OLD,21,2,2,Ethylene,25.0,B5_GEy_F020_R1.txt,1,2,late,,1,25.759229284021643,25.759229284021643
C_NEW_CKPT_OLD_DATA,NEW,OLD,22,1,1,CO,25.0,B5_GCO_F010_R2.txt,2,2,late,,1,25.0,25.0
C_NEW_CKPT_OLD_DATA,NEW,OLD,23,2,2,Ethylene,37.5,B5_GEy_F030_R2.txt,2,2,late,,1,25.764871757316975,25.764871757316975
C_NEW_CKPT_OLD_DATA,NEW,OLD,24,0,0,Ethanol,62.5,B5_GEa_F050_R1.txt,1,2,late,,1,64.36984073763418,64.36984073763418
C_NEW_CKPT_OLD_DATA,NEW,OLD,25,0,0,Ethanol,12.5,B5_GEa_F010_R1.txt,1,2,late,,1,12.5,12.5
C_NEW_CKPT_OLD_DATA,NEW,OLD,26,0,0,Ethanol,25.0,B5_GEa_F020_R1.txt,1,2,late,,1,51.794408207137394,51.794408207137394
C_NEW_CKPT_OLD_DATA,NEW,OLD,27,3,3,Methane,125.0,B5_GMe_F050_R2.txt,2,2,late,,1,128.25821417385566,128.25821417385566
C_NEW_CKPT_OLD_DATA,NEW,OLD,28,3,3,Methane,100.0,B5_GMe_F040_R2.txt,2,2,late,,1,97.89693620202098,97.89693620202098
C_NEW_CKPT_OLD_DATA,NEW,OLD,29,1,1,CO,25.0,B5_GCO_F010_R1.txt,1,2,late,,1,25.0,25.0
C_NEW_CKPT_OLD_DATA,NEW,OLD,30,2,2,Ethylene,12.5,B5_GEy_F010_R2.txt,2,2,late,,1,12.5,12.5
C_NEW_CKPT_OLD_DATA,NEW,OLD,31,0,0,Ethanol,37.5,B5_GEa_F030_R1.txt,1,2,late,,1,36.869848760062936,36.869848760062936
C_NEW_CKPT_OLD_DATA,NEW,OLD,32,0,0,Ethanol,112.5,B5_GEa_F090_R2.txt,2,2,late,,1,117.38118739371967,117.38118739371967
C_NEW_CKPT_OLD_DATA,NEW,OLD,33,1,1,CO,125.0,B5_GCO_F050_R1.txt,1,2,late,,1,141.08633441226266,141.08633441226266
C_NEW_CKPT_OLD_DATA,NEW,OLD,34,0,0,Ethanol,62.5,B5_GEa_F050_R2.txt,2,2,late,,1,62.75432345191158,62.75432345191158
C_NEW_CKPT_OLD_DATA,NEW,OLD,35,3,3,Methane,25.0,B5_GMe_F010_R1.txt,1,2,late,,1,31.173970667807126,31.173970667807126
C_NEW_CKPT_OLD_DATA,NEW,OLD,36,3,3,Methane,175.0,B5_GMe_F070_R2.txt,2,2,late,,1,178.20825616105157,178.20825616105157
C_NEW_CKPT_OLD_DATA,NEW,OLD,37,3,1,Methane,225.0,B5_GMe_F090_R1.txt,1,2,late,,0,25.0,238.1371286860702
C_NEW_CKPT_OLD_DATA,NEW,OLD,38,3,3,Methane,100.0,B5_GMe_F040_R1.txt,1,2,late,,1,96.30747586039442,96.30747586039442
C_NEW_CKPT_OLD_DATA,NEW,OLD,39,1,1,CO,50.0,B5_GCO_F020_R2.txt,2,2,late,,1,82.06648046559312,82.06648046559312
C_NEW_CKPT_OLD_DATA,NEW,OLD,40,1,1,CO,100.0,B5_GCO_F040_R2.txt,2,2,late,,1,111.34189205726153,111.34189205726153
C_NEW_CKPT_OLD_DATA,NEW,OLD,41,3,3,Methane,125.0,B5_GMe_F050_R2.txt,2,2,late,,1,130.62684154609477,130.62684154609477
C_NEW_CKPT_OLD_DATA,NEW,OLD,42,3,3,Methane,225.0,B5_GMe_F090_R2.txt,2,2,late,,1,228.405069672176,228.405069672176
C_NEW_CKPT_OLD_DATA,NEW,OLD,43,2,2,Ethylene,25.0,B5_GEy_F020_R1.txt,1,2,late,,1,27.709037947404553,27.709037947404553
C_NEW_CKPT_OLD_DATA,NEW,OLD,44,0,0,Ethanol,75.0,B5_GEa_F060_R1.txt,1,2,late,,1,74.67036492272423,74.67036492272423
C_NEW_CKPT_OLD_DATA,NEW,OLD,45,2,2,Ethylene,37.5,B5_GEy_F030_R2.txt,2,2,late,,1,37.60128137752426,37.60128137752426
C_NEW_CKPT_OLD_DATA,NEW,OLD,46,0,0,Ethanol,75.0,B5_GEa_F060_R2.txt,2,2,late,,1,72.50288487498418,72.50288487498418
C_NEW_CKPT_OLD_DATA,NEW,OLD,47,0,0,Ethanol,25.0,B5_GEa_F020_R1.txt,1,2,late,,1,26.8785667008703,26.8785667008703
C_NEW_CKPT_OLD_DATA,NEW,OLD,48,3,3,Methane,125.0,B5_GMe_F050_R2.txt,2,2,late,,1,130.98618879825779,130.98618879825779
C_NEW_CKPT_OLD_DATA,NEW,OLD,49,2,2,Ethylene,75.0,B5_GEy_F060_R1.txt,1,2,late,,1,77.51378701882018,77.51378701882018
C_NEW_CKPT_OLD_DATA,NEW,OLD,50,3,3,Methane,100.0,B5_GMe_F040_R1.txt,1,2,late,,1,169.99504126051932,169.99504126051932
C_NEW_CKPT_OLD_DATA,NEW,OLD,51,2,2,Ethylene,12.5,B5_GEy_F010_R2.txt,2,2,late,,1,12.5,12.5
C_NEW_CKPT_OLD_DATA,NEW,OLD,52,3,3,Methane,75.0,B5_GMe_F030_R2.txt,2,2,late,,1,85.98378697037377,85.98378697037377
C_NEW_CKPT_OLD_DATA,NEW,OLD,53,2,2,Ethylene,112.5,B5_GEy_F090_R2.txt,2,2,late,,1,109.2546546866607,109.2546546866607
C_NEW_CKPT_OLD_DATA,NEW,OLD,54,1,1,CO,250.0,B5_GCO_F100_R2.txt,2,2,late,,1,226.76563449451245,226.76563449451245
C_NEW_CKPT_OLD_DATA,NEW,OLD,55,3,3,Methane,50.0,B5_GMe_F020_R2.txt,2,2,late,,1,42.44311147004301,42.44311147004301
C_NEW_CKPT_OLD_DATA,NEW,OLD,56,3,3,Methane,125.0,B5_GMe_F050_R2.txt,2,2,late,,1,120.36265445750028,120.36265445750028
C_NEW_CKPT_OLD_DATA,NEW,OLD,57,1,1,CO,250.0,B5_GCO_F100_R1.txt,1,2,late,,1,249.8000282124977,249.8000282124977
C_NEW_CKPT_OLD_DATA,NEW,OLD,58,1,1,CO,250.0,B5_GCO_F100_R1.txt,1,2,late,,1,249.93579448492943,249.93579448492943
C_NEW_CKPT_OLD_DATA,NEW,OLD,59,0,0,Ethanol,100.0,B5_GEa_F080_R1.txt,1,2,late,,1,82.47005729022729,82.47005729022729
C_NEW_CKPT_OLD_DATA,NEW,OLD,60,0,0,Ethanol,25.0,B5_GEa_F020_R1.txt,1,2,late,,1,20.873537565480202,20.873537565480202
C_NEW_CKPT_OLD_DATA,NEW,OLD,61,2,2,Ethylene,75.0,B5_GEy_F060_R1.txt,1,2,late,,1,71.26086338496594,71.26086338496594
C_NEW_CKPT_OLD_DATA,NEW,OLD,62,0,0,Ethanol,25.0,B5_GEa_F020_R1.txt,1,2,late,,1,23.618437009931114,23.618437009931114
C_NEW_CKPT_OLD_DATA,NEW,OLD,63,3,1,Methane,225.0,B5_GMe_F090_R1.txt,1,2,late,,0,25.0,215.30431892667156
C_NEW_CKPT_OLD_DATA,NEW,OLD,64,1,1,CO,50.0,B5_GCO_F020_R1.txt,1,2,late,,1,36.48991781929011,36.48991781929011
C_NEW_CKPT_OLD_DATA,NEW,OLD,65,3,3,Methane,250.0,B5_GMe_F100_R2.txt,2,2,late,,1,248.46615532728927,248.46615532728927
C_NEW_CKPT_OLD_DATA,NEW,OLD,66,3,3,Methane,200.0,B5_GMe_F080_R2.txt,2,2,late,,1,194.5549414110771,194.5549414110771
C_NEW_CKPT_OLD_DATA,NEW,OLD,67,1,1,CO,25.0,B5_GCO_F010_R2.txt,2,2,late,,1,30.74447956832627,30.74447956832627
C_NEW_CKPT_OLD_DATA,NEW,OLD,68,2,2,Ethylene,112.5,B5_GEy_F090_R2.txt,2,2,late,,1,115.00464106455334,115.00464106455334
C_NEW_CKPT_OLD_DATA,NEW,OLD,69,2,2,Ethylene,25.0,B5_GEy_F020_R2.txt,2,2,late,,1,24.80865176135788,24.80865176135788
C_NEW_CKPT_OLD_DATA,NEW,OLD,70,3,3,Methane,100.0,B5_GMe_F040_R1.txt,1,2,late,,1,132.02723161941117,132.02723161941117
C_NEW_CKPT_OLD_DATA,NEW,OLD,71,3,1,Methane,225.0,B5_GMe_F090_R1.txt,1,2,late,,0,25.0,199.34275034449746
C_NEW_CKPT_OLD_DATA,NEW,OLD,72,2,2,Ethylene,75.0,B5_GEy_F060_R1.txt,1,2,late,,1,75.24868579209192,75.24868579209192
C_NEW_CKPT_OLD_DATA,NEW,OLD,73,0,0,Ethanol,75.0,B5_GEa_F060_R2.txt,2,2,late,,1,68.60122269941283,68.60122269941283
C_NEW_CKPT_OLD_DATA,NEW,OLD,74,0,0,Ethanol,100.0,B5_GEa_F080_R2.txt,2,2,late,,1,99.07212401210177,99.07212401210177
C_NEW_CKPT_OLD_DATA,NEW,OLD,75,1,1,CO,250.0,B5_GCO_F100_R2.txt,2,2,late,,1,227.8490756211265,227.8490756211265
C_NEW_CKPT_OLD_DATA,NEW,OLD,76,3,3,Methane,200.0,B5_GMe_F080_R1.txt,1,2,late,,1,203.4667285115524,203.4667285115524
C_NEW_CKPT_OLD_DATA,NEW,OLD,77,3,3,Methane,125.0,B5_GMe_F050_R1.txt,1,2,late,,1,130.60687696367978,130.60687696367978
C_NEW_CKPT_OLD_DATA,NEW,OLD,78,3,3,Methane,200.0,B5_GMe_F080_R2.txt,2,2,late,,1,195.31190225004133,195.31190225004133
C_NEW_CKPT_OLD_DATA,NEW,OLD,79,3,3,Methane,150.0,B5_GMe_F060_R1.txt,1,2,late,,1,148.71239301182302,148.71239301182302
C_NEW_CKPT_OLD_DATA,NEW,OLD,80,0,0,Ethanol,62.5,B5_GEa_F050_R2.txt,2,2,late,,1,63.74886093171233,63.74886093171233
C_NEW_CKPT_OLD_DATA,NEW,OLD,81,0,0,Ethanol,100.0,B5_GEa_F080_R1.txt,1,2,late,,1,95.75294837651322,95.75294837651322
C_NEW_CKPT_OLD_DATA,NEW,OLD,82,3,3,Methane,25.0,B5_GMe_F010_R1.txt,1,2,late,,1,25.0,25.0
C_NEW_CKPT_OLD_DATA,NEW,OLD,83,1,1,CO,125.0,B5_GCO_F050_R1.txt,1,2,late,,1,137.87736560576622,137.87736560576622
C_NEW_CKPT_OLD_DATA,NEW,OLD,84,0,0,Ethanol,75.0,B5_GEa_F060_R1.txt,1,2,late,,1,79.97370951180783,79.97370951180783
C_NEW_CKPT_OLD_DATA,NEW,OLD,85,1,1,CO,175.0,B5_GCO_F070_R1.txt,1,2,late,,1,136.5451261597508,136.5451261597508
C_NEW_CKPT_OLD_DATA,NEW,OLD,86,1,1,CO,125.0,B5_GCO_F050_R2.txt,2,2,late,,1,110.55999873090728,110.55999873090728
C_NEW_CKPT_OLD_DATA,NEW,OLD,87,1,1,CO,200.0,B5_GCO_F080_R2.txt,2,2,late,,1,185.17323733550398,185.17323733550398
C_NEW_CKPT_OLD_DATA,NEW,OLD,88,2,2,Ethylene,112.5,B5_GEy_F090_R2.txt,2,2,late,,1,87.63965004798285,87.63965004798285
C_NEW_CKPT_OLD_DATA,NEW,OLD,89,3,3,Methane,150.0,B5_GMe_F060_R1.txt,1,2,late,,1,152.00909066110313,152.00909066110313
C_NEW_CKPT_OLD_DATA,NEW,OLD,90,2,2,Ethylene,100.0,B5_GEy_F080_R1.txt,1,2,late,,1,97.15169372777612,97.15169372777612
C_NEW_CKPT_OLD_DATA,NEW,OLD,91,3,3,Methane,250.0,B5_GMe_F100_R2.txt,2,2,late,,1,250.0,250.0
C_NEW_CKPT_OLD_DATA,NEW,OLD,92,1,1,CO,125.0,B5_GCO_F050_R1.txt,1,2,late,,1,142.94572417424678,142.94572417424678
C_NEW_CKPT_OLD_DATA,NEW,OLD,93,0,0,Ethanol,62.5,B5_GEa_F050_R2.txt,2,2,late,,1,61.363084264478736,61.363084264478736
C_NEW_CKPT_OLD_DATA,NEW,OLD,94,1,1,CO,125.0,B5_GCO_F050_R2.txt,2,2,late,,1,113.35124285168577,113.35124285168577
C_NEW_CKPT_OLD_DATA,NEW,OLD,95,1,1,CO,150.0,B5_GCO_F060_R2.txt,2,2,late,,1,160.760015686166,160.760015686166
C_NEW_CKPT_OLD_DATA,NEW,OLD,96,1,1,CO,250.0,B5_GCO_F100_R1.txt,1,2,late,,1,240.52585708165432,240.52585708165432
C_NEW_CKPT_OLD_DATA,NEW,OLD,97,3,3,Methane,75.0,B5_GMe_F030_R1.txt,1,2,late,,1,84.3496364234999,84.3496364234999
C_NEW_CKPT_OLD_DATA,NEW,OLD,98,1,1,CO,75.0,B5_GCO_F030_R2.txt,2,2,late,,1,115.83209683771278,115.83209683771278
C_NEW_CKPT_OLD_DATA,NEW,OLD,99,1,1,CO,175.0,B5_GCO_F070_R2.txt,2,2,late,,1,176.60255223468843,176.60255223468843
C_NEW_CKPT_OLD_DATA,NEW,OLD,100,3,3,Methane,250.0,B5_GMe_F100_R1.txt,1,2,late,,1,221.8409309362524,221.8409309362524
C_NEW_CKPT_OLD_DATA,NEW,OLD,101,3,3,Methane,250.0,B5_GMe_F100_R2.txt,2,2,late,,1,247.64265576232145,247.64265576232145
C_NEW_CKPT_OLD_DATA,NEW,OLD,102,3,3,Methane,75.0,B5_GMe_F030_R2.txt,2,2,late,,1,80.39601570069779,80.39601570069779
C_NEW_CKPT_OLD_DATA,NEW,OLD,103,1,1,CO,175.0,B5_GCO_F070_R1.txt,1,2,late,,1,163.9598259526851,163.9598259526851
C_NEW_CKPT_OLD_DATA,NEW,OLD,104,2,2,Ethylene,12.5,B5_GEy_F010_R2.txt,2,2,late,,1,12.5,12.5
C_NEW_CKPT_OLD_DATA,NEW,OLD,105,2,2,Ethylene,25.0,B5_GEy_F020_R1.txt,1,2,late,,1,23.756790137079662,23.756790137079662
C_NEW_CKPT_OLD_DATA,NEW,OLD,106,3,3,Methane,50.0,B5_GMe_F020_R1.txt,1,2,late,,1,42.669043018183025,42.669043018183025
C_NEW_CKPT_OLD_DATA,NEW,OLD,107,3,3,Methane,50.0,B5_GMe_F020_R1.txt,1,2,late,,1,33.4655327974008,33.4655327974008
C_NEW_CKPT_OLD_DATA,NEW,OLD,108,3,3,Methane,250.0,B5_GMe_F100_R1.txt,1,2,late,,1,247.49500046604777,247.49500046604777
C_NEW_CKPT_OLD_DATA,NEW,OLD,109,3,3,Methane,175.0,B5_GMe_F070_R1.txt,1,2,late,,1,172.20952696769518,172.20952696769518
C_NEW_CKPT_OLD_DATA,NEW,OLD,110,0,0,Ethanol,25.0,B5_GEa_F020_R1.txt,1,2,late,,1,44.70645241533974,44.70645241533974
C_NEW_CKPT_OLD_DATA,NEW,OLD,111,3,3,Methane,250.0,B5_GMe_F100_R1.txt,1,2,late,,1,242.79278683868742,242.79278683868742
C_NEW_CKPT_OLD_DATA,NEW,OLD,112,0,0,Ethanol,50.0,B5_GEa_F040_R1.txt,1,2,late,,1,46.90831754276161,46.90831754276161
C_NEW_CKPT_OLD_DATA,NEW,OLD,113,3,3,Methane,225.0,B5_GMe_F090_R2.txt,2,2,late,,1,223.01457277888065,223.01457277888065
C_NEW_CKPT_OLD_DATA,NEW,OLD,114,0,0,Ethanol,37.5,B5_GEa_F030_R2.txt,2,2,late,,1,44.812103528851374,44.812103528851374
C_NEW_CKPT_OLD_DATA,NEW,OLD,115,2,2,Ethylene,25.0,B5_GEy_F020_R2.txt,2,2,late,,1,26.205455655283487,26.205455655283487
C_NEW_CKPT_OLD_DATA,NEW,OLD,116,2,2,Ethylene,12.5,B5_GEy_F010_R2.txt,2,2,late,,1,12.512073540915793,12.512073540915793
C_NEW_CKPT_OLD_DATA,NEW,OLD,117,3,3,Methane,200.0,B5_GMe_F080_R1.txt,1,2,late,,1,201.80051913544912,201.80051913544912
C_NEW_CKPT_OLD_DATA,NEW,OLD,118,0,0,Ethanol,87.5,B5_GEa_F070_R2.txt,2,2,late,,1,91.46513232856066,91.46513232856066
C_NEW_CKPT_OLD_DATA,NEW,OLD,119,2,2,Ethylene,25.0,B5_GEy_F020_R2.txt,2,2,late,,1,22.879950370899294,22.879950370899294
C_NEW_CKPT_OLD_DATA,NEW,OLD,120,0,0,Ethanol,37.5,B5_GEa_F030_R2.txt,2,2,late,,1,52.68395235370272,52.68395235370272
C_NEW_CKPT_OLD_DATA,NEW,OLD,121,1,1,CO,150.0,B5_GCO_F060_R1.txt,1,2,late,,1,161.5788031842792,161.5788031842792
C_NEW_CKPT_OLD_DATA,NEW,OLD,122,0,0,Ethanol,12.5,B5_GEa_F010_R2.txt,2,2,late,,1,13.140059875285345,13.140059875285345
C_NEW_CKPT_OLD_DATA,NEW,OLD,123,0,0,Ethanol,100.0,B5_GEa_F080_R1.txt,1,2,late,,1,97.78275894501324,97.78275894501324
C_NEW_CKPT_OLD_DATA,NEW,OLD,124,2,2,Ethylene,62.5,B5_GEy_F050_R1.txt,1,2,late,,1,65.07048133298329,65.07048133298329
C_NEW_CKPT_OLD_DATA,NEW,OLD,125,3,3,Methane,75.0,B5_GMe_F030_R2.txt,2,2,late,,1,75.65610196683792,75.65610196683792
C_NEW_CKPT_OLD_DATA,NEW,OLD,126,0,0,Ethanol,112.5,B5_GEa_F090_R2.txt,2,2,late,,1,106.0154092650002,106.0154092650002
C_NEW_CKPT_OLD_DATA,NEW,OLD,127,2,2,Ethylene,25.0,B5_GEy_F020_R2.txt,2,2,late,,1,24.907288459900542,24.907288459900542
C_NEW_CKPT_OLD_DATA,NEW,OLD,128,2,2,Ethylene,12.5,B5_GEy_F010_R2.txt,2,2,late,,1,15.311345767024022,15.311345767024022
C_NEW_CKPT_OLD_DATA,NEW,OLD,129,2,2,Ethylene,62.5,B5_GEy_F050_R1.txt,1,2,late,,1,72.3022690940052,72.3022690940052
C_NEW_CKPT_OLD_DATA,NEW,OLD,130,1,1,CO,250.0,B5_GCO_F100_R2.txt,2,2,late,,1,220.90469481699495,220.90469481699495
C_NEW_CKPT_OLD_DATA,NEW,OLD,131,3,3,Methane,175.0,B5_GMe_F070_R1.txt,1,2,late,,1,179.8398468717683,179.8398468717683
C_NEW_CKPT_OLD_DATA,NEW,OLD,132,0,0,Ethanol,50.0,B5_GEa_F040_R2.txt,2,2,late,,1,52.955491753747175,52.955491753747175
C_NEW_CKPT_OLD_DATA,NEW,OLD,133,0,0,Ethanol,37.5,B5_GEa_F030_R2.txt,2,2,late,,1,40.79997047726893,40.79997047726893
C_NEW_CKPT_OLD_DATA,NEW,OLD,134,0,0,Ethanol,125.0,B5_GEa_F100_R1.txt,1,2,late,,1,119.06240534240288,119.06240534240288
C_NEW_CKPT_OLD_DATA,NEW,OLD,135,2,2,Ethylene,100.0,B5_GEy_F080_R2.txt,2,2,late,,1,98.25014892476901,98.25014892476901
C_NEW_CKPT_OLD_DATA,NEW,OLD,136,1,1,CO,150.0,B5_GCO_F060_R2.txt,2,2,late,,1,162.030183816455,162.030183816455
C_NEW_CKPT_OLD_DATA,NEW,OLD,137,0,0,Ethanol,125.0,B5_GEa_F100_R1.txt,1,2,late,,1,125.0,125.0
C_NEW_CKPT_OLD_DATA,NEW,OLD,138,2,2,Ethylene,50.0,B5_GEy_F040_R2.txt,2,2,late,,1,45.93949375183186,45.93949375183186
C_NEW_CKPT_OLD_DATA,NEW,OLD,139,2,2,Ethylene,100.0,B5_GEy_F080_R1.txt,1,2,late,,1,106.61276765201018,106.61276765201018
C_NEW_CKPT_OLD_DATA,NEW,OLD,140,0,0,Ethanol,87.5,B5_GEa_F070_R2.txt,2,2,late,,1,92.6575520010895,92.6575520010895
C_NEW_CKPT_OLD_DATA,NEW,OLD,141,1,1,CO,100.0,B5_GCO_F040_R2.txt,2,2,late,,1,87.0738264642165,87.0738264642165
C_NEW_CKPT_OLD_DATA,NEW,OLD,142,3,3,Methane,50.0,B5_GMe_F020_R1.txt,1,2,late,,1,44.16123591523362,44.16123591523362
C_NEW_CKPT_OLD_DATA,NEW,OLD,143,1,1,CO,175.0,B5_GCO_F070_R2.txt,2,2,late,,1,165.79792892545657,165.79792892545657
C_NEW_CKPT_OLD_DATA,NEW,OLD,144,3,3,Methane,150.0,B5_GMe_F060_R1.txt,1,2,late,,1,159.13907625805385,159.13907625805385
C_NEW_CKPT_OLD_DATA,NEW,OLD,145,1,1,CO,175.0,B5_GCO_F070_R1.txt,1,2,late,,1,134.7516600686817,134.7516600686817
C_NEW_CKPT_OLD_DATA,NEW,OLD,146,0,0,Ethanol,75.0,B5_GEa_F060_R1.txt,1,2,late,,1,78.26808262667355,78.26808262667355
C_NEW_CKPT_OLD_DATA,NEW,OLD,147,0,0,Ethanol,125.0,B5_GEa_F100_R1.txt,1,2,late,,1,125.0,125.0
C_NEW_CKPT_OLD_DATA,NEW,OLD,148,3,3,Methane,100.0,B5_GMe_F040_R2.txt,2,2,late,,1,102.07078738618819,102.07078738618819
C_NEW_CKPT_OLD_DATA,NEW,OLD,149,2,2,Ethylene,62.5,B5_GEy_F050_R1.txt,1,2,late,,1,61.16352528089138,61.16352528089138
C_NEW_CKPT_OLD_DATA,NEW,OLD,150,0,0,Ethanol,87.5,B5_GEa_F070_R2.txt,2,2,late,,1,90.56408437882112,90.56408437882112
C_NEW_CKPT_OLD_DATA,NEW,OLD,151,3,3,Methane,200.0,B5_GMe_F080_R2.txt,2,2,late,,1,197.08194805394479,197.08194805394479
C_NEW_CKPT_OLD_DATA,NEW,OLD,152,2,2,Ethylene,37.5,B5_GEy_F030_R2.txt,2,2,late,,1,39.75071263471422,39.75071263471422
C_NEW_CKPT_OLD_DATA,NEW,OLD,153,1,1,CO,50.0,B5_GCO_F020_R1.txt,1,2,late,,1,51.66984679896588,51.66984679896588
C_NEW_CKPT_OLD_DATA,NEW,OLD,154,3,3,Methane,150.0,B5_GMe_F060_R1.txt,1,2,late,,1,151.1972442255282,151.1972442255282
C_NEW_CKPT_OLD_DATA,NEW,OLD,155,3,3,Methane,250.0,B5_GMe_F100_R1.txt,1,2,late,,1,242.86090637907557,242.86090637907557
C_NEW_CKPT_OLD_DATA,NEW,OLD,156,0,0,Ethanol,112.5,B5_GEa_F090_R1.txt,1,2,late,,1,113.45218319622914,113.45218319622914
C_NEW_CKPT_OLD_DATA,NEW,OLD,157,3,3,Methane,75.0,B5_GMe_F030_R1.txt,1,2,late,,1,69.33944951525221,69.33944951525221
C_NEW_CKPT_OLD_DATA,NEW,OLD,158,0,0,Ethanol,37.5,B5_GEa_F030_R1.txt,1,2,late,,1,50.79654927255817,50.79654927255817
C_NEW_CKPT_OLD_DATA,NEW,OLD,159,1,1,CO,125.0,B5_GCO_F050_R1.txt,1,2,late,,1,116.88438961875637,116.88438961875637
C_NEW_CKPT_OLD_DATA,NEW,OLD,160,3,3,Methane,250.0,B5_GMe_F100_R2.txt,2,2,late,,1,243.1613296377089,243.1613296377089
C_NEW_CKPT_OLD_DATA,NEW,OLD,161,2,2,Ethylene,12.5,B5_GEy_F010_R1.txt,1,2,late,,1,12.5,12.5
C_NEW_CKPT_OLD_DATA,NEW,OLD,162,1,1,CO,125.0,B5_GCO_F050_R1.txt,1,2,late,,1,140.55148031590858,140.55148031590858
C_NEW_CKPT_OLD_DATA,NEW,OLD,163,0,0,Ethanol,12.5,B5_GEa_F010_R2.txt,2,2,late,,1,15.839256495688282,15.839256495688282
C_NEW_CKPT_OLD_DATA,NEW,OLD,164,3,3,Methane,100.0,B5_GMe_F040_R1.txt,1,2,late,,1,96.04406000903046,96.04406000903046
C_NEW_CKPT_OLD_DATA,NEW,OLD,165,2,2,Ethylene,50.0,B5_GEy_F040_R1.txt,1,2,late,,1,52.03743091163554,52.03743091163554
C_NEW_CKPT_OLD_DATA,NEW,OLD,166,2,2,Ethylene,125.0,B5_GEy_F100_R1.txt,1,2,late,,1,109.54825739680797,109.54825739680797
C_NEW_CKPT_OLD_DATA,NEW,OLD,167,2,2,Ethylene,125.0,B5_GEy_F100_R2.txt,2,2,late,,1,114.25052976400343,114.25052976400343
C_NEW_CKPT_OLD_DATA,NEW,OLD,168,3,3,Methane,50.0,B5_GMe_F020_R2.txt,2,2,late,,1,50.698066257394196,50.698066257394196
C_NEW_CKPT_OLD_DATA,NEW,OLD,169,0,0,Ethanol,112.5,B5_GEa_F090_R2.txt,2,2,late,,1,110.75860844553598,110.75860844553598
C_NEW_CKPT_OLD_DATA,NEW,OLD,170,0,0,Ethanol,50.0,B5_GEa_F040_R1.txt,1,2,late,,1,45.73694818740995,45.73694818740995
C_NEW_CKPT_OLD_DATA,NEW,OLD,171,2,2,Ethylene,62.5,B5_GEy_F050_R1.txt,1,2,late,,1,64.97894892816828,64.97894892816828
C_NEW_CKPT_OLD_DATA,NEW,OLD,172,3,3,Methane,75.0,B5_GMe_F030_R1.txt,1,2,late,,1,81.28232841236165,81.28232841236165
C_NEW_CKPT_OLD_DATA,NEW,OLD,173,1,1,CO,225.0,B5_GCO_F090_R2.txt,2,2,late,,1,207.0406006566639,207.0406006566639
C_NEW_CKPT_OLD_DATA,NEW,OLD,174,2,2,Ethylene,112.5,B5_GEy_F090_R2.txt,2,2,late,,1,107.53207739884044,107.53207739884044
C_NEW_CKPT_OLD_DATA,NEW,OLD,175,1,1,CO,125.0,B5_GCO_F050_R1.txt,1,2,late,,1,139.3038863534212,139.3038863534212
C_NEW_CKPT_OLD_DATA,NEW,OLD,176,1,1,CO,175.0,B5_GCO_F070_R2.txt,2,2,late,,1,157.20746657375298,157.20746657375298
C_NEW_CKPT_OLD_DATA,NEW,OLD,177,2,2,Ethylene,75.0,B5_GEy_F060_R2.txt,2,2,late,,1,75.65355108124322,75.65355108124322
C_NEW_CKPT_OLD_DATA,NEW,OLD,178,1,1,CO,125.0,B5_GCO_F050_R2.txt,2,2,late,,1,125.63622109434866,125.63622109434866
C_NEW_CKPT_OLD_DATA,NEW,OLD,179,2,2,Ethylene,62.5,B5_GEy_F050_R1.txt,1,2,late,,1,58.9643350379024,58.9643350379024
C_NEW_CKPT_OLD_DATA,NEW,OLD,180,3,3,Methane,200.0,B5_GMe_F080_R2.txt,2,2,late,,1,196.3177936210989,196.3177936210989
C_NEW_CKPT_OLD_DATA,NEW,OLD,181,3,3,Methane,125.0,B5_GMe_F050_R1.txt,1,2,late,,1,116.27153741620344,116.27153741620344
C_NEW_CKPT_OLD_DATA,NEW,OLD,182,2,2,Ethylene,12.5,B5_GEy_F010_R1.txt,1,2,late,,1,12.5,12.5
C_NEW_CKPT_OLD_DATA,NEW,OLD,183,2,2,Ethylene,125.0,B5_GEy_F100_R1.txt,1,2,late,,1,109.544745649947,109.544745649947
C_NEW_CKPT_OLD_DATA,NEW,OLD,184,1,1,CO,100.0,B5_GCO_F040_R2.txt,2,2,late,,1,106.45729166053923,106.45729166053923
C_NEW_CKPT_OLD_DATA,NEW,OLD,185,2,2,Ethylene,50.0,B5_GEy_F040_R1.txt,1,2,late,,1,48.11986878167721,48.11986878167721
C_NEW_CKPT_OLD_DATA,NEW,OLD,186,0,0,Ethanol,12.5,B5_GEa_F010_R2.txt,2,2,late,,1,13.640689162095406,13.640689162095406
C_NEW_CKPT_OLD_DATA,NEW,OLD,187,2,2,Ethylene,87.5,B5_GEy_F070_R2.txt,2,2,late,,1,90.59379508764809,90.59379508764809
C_NEW_CKPT_OLD_DATA,NEW,OLD,188,3,3,Methane,75.0,B5_GMe_F030_R1.txt,1,2,late,,1,73.84683731623082,73.84683731623082
C_NEW_CKPT_OLD_DATA,NEW,OLD,189,3,3,Methane,150.0,B5_GMe_F060_R2.txt,2,2,late,,1,161.73883629909432,161.73883629909432
C_NEW_CKPT_OLD_DATA,NEW,OLD,190,1,1,CO,200.0,B5_GCO_F080_R2.txt,2,2,late,,1,178.54518343278286,178.54518343278286
C_NEW_CKPT_OLD_DATA,NEW,OLD,191,0,1,Ethanol,12.5,B5_GEa_F010_R2.txt,2,2,late,,0,250.0,18.110329575685377
C_NEW_CKPT_OLD_DATA,NEW,OLD,192,2,2,Ethylene,50.0,B5_GEy_F040_R2.txt,2,2,late,,1,51.12681322090134,51.12681322090134
C_NEW_CKPT_OLD_DATA,NEW,OLD,193,2,2,Ethylene,50.0,B5_GEy_F040_R2.txt,2,2,late,,1,51.833799236681585,51.833799236681585
C_NEW_CKPT_OLD_DATA,NEW,OLD,194,3,3,Methane,200.0,B5_GMe_F080_R1.txt,1,2,late,,1,184.0835687675807,184.0835687675807
C_NEW_CKPT_OLD_DATA,NEW,OLD,195,0,0,Ethanol,25.0,B5_GEa_F020_R2.txt,2,2,late,,1,21.561207262698364,21.561207262698364
C_NEW_CKPT_OLD_DATA,NEW,OLD,196,3,3,Methane,125.0,B5_GMe_F050_R1.txt,1,2,late,,1,126.31041374101036,126.31041374101036
C_NEW_CKPT_OLD_DATA,NEW,OLD,197,2,2,Ethylene,50.0,B5_GEy_F040_R2.txt,2,2,late,,1,39.783899153292225,39.783899153292225
C_NEW_CKPT_OLD_DATA,NEW,OLD,198,0,0,Ethanol,125.0,B5_GEa_F100_R2.txt,2,2,late,,1,124.69641689395834,124.69641689395834
C_NEW_CKPT_OLD_DATA,NEW,OLD,199,3,3,Methane,200.0,B5_GMe_F080_R2.txt,2,2,late,,1,199.17599426320416,199.17599426320416
C_NEW_CKPT_OLD_DATA,NEW,OLD,200,2,2,Ethylene,37.5,B5_GEy_F030_R2.txt,2,2,late,,1,28.204646816150785,28.204646816150785
C_NEW_CKPT_OLD_DATA,NEW,OLD,201,3,3,Methane,25.0,B5_GMe_F010_R2.txt,2,2,late,,1,27.44987327826411,27.44987327826411
C_NEW_CKPT_OLD_DATA,NEW,OLD,202,0,0,Ethanol,125.0,B5_GEa_F100_R1.txt,1,2,late,,1,125.0,125.0
C_NEW_CKPT_OLD_DATA,NEW,OLD,203,0,0,Ethanol,100.0,B5_GEa_F080_R1.txt,1,2,late,,1,94.04632191908624,94.04632191908624
C_NEW_CKPT_OLD_DATA,NEW,OLD,204,3,3,Methane,150.0,B5_GMe_F060_R2.txt,2,2,late,,1,145.1267005281068,145.1267005281068
C_NEW_CKPT_OLD_DATA,NEW,OLD,205,0,0,Ethanol,50.0,B5_GEa_F040_R2.txt,2,2,late,,1,52.229269077720154,52.229269077720154
C_NEW_CKPT_OLD_DATA,NEW,OLD,206,2,2,Ethylene,112.5,B5_GEy_F090_R1.txt,1,2,late,,1,114.0328710193719,114.0328710193719
C_NEW_CKPT_OLD_DATA,NEW,OLD,207,2,2,Ethylene,25.0,B5_GEy_F020_R1.txt,1,2,late,,1,27.453095077204807,27.453095077204807
C_NEW_CKPT_OLD_DATA,NEW,OLD,208,0,0,Ethanol,25.0,B5_GEa_F020_R1.txt,1,2,late,,1,24.275977420691554,24.275977420691554
C_NEW_CKPT_OLD_DATA,NEW,OLD,209,1,1,CO,150.0,B5_GCO_F060_R2.txt,2,2,late,,1,154.9843809333172,154.9843809333172
C_NEW_CKPT_OLD_DATA,NEW,OLD,210,3,3,Methane,175.0,B5_GMe_F070_R1.txt,1,2,late,,1,172.61050770827467,172.61050770827467
C_NEW_CKPT_OLD_DATA,NEW,OLD,211,1,1,CO,225.0,B5_GCO_F090_R2.txt,2,2,late,,1,202.6849173495471,202.6849173495471
C_NEW_CKPT_OLD_DATA,NEW,OLD,212,3,3,Methane,100.0,B5_GMe_F040_R2.txt,2,2,late,,1,100.47053302571285,100.47053302571285
C_NEW_CKPT_OLD_DATA,NEW,OLD,213,0,0,Ethanol,125.0,B5_GEa_F100_R1.txt,1,2,late,,1,125.0,125.0
C_NEW_CKPT_OLD_DATA,NEW,OLD,214,1,1,CO,225.0,B5_GCO_F090_R2.txt,2,2,late,,1,214.6322750325808,214.6322750325808
C_NEW_CKPT_OLD_DATA,NEW,OLD,215,0,0,Ethanol,75.0,B5_GEa_F060_R1.txt,1,2,late,,1,77.87845656664757,77.87845656664757
C_NEW_CKPT_OLD_DATA,NEW,OLD,216,0,0,Ethanol,112.5,B5_GEa_F090_R1.txt,1,2,late,,1,103.00144647260603,103.00144647260603
C_NEW_CKPT_OLD_DATA,NEW,OLD,217,0,0,Ethanol,50.0,B5_GEa_F040_R1.txt,1,2,late,,1,50.89593463391184,50.89593463391184
C_NEW_CKPT_OLD_DATA,NEW,OLD,218,0,0,Ethanol,37.5,B5_GEa_F030_R2.txt,2,2,late,,1,44.63356207541133,44.63356207541133
C_NEW_CKPT_OLD_DATA,NEW,OLD,219,2,2,Ethylene,125.0,B5_GEy_F100_R1.txt,1,2,late,,1,117.85425595158773,117.85425595158773
C_NEW_CKPT_OLD_DATA,NEW,OLD,220,2,1,Ethylene,12.5,B5_GEy_F010_R1.txt,1,2,late,,0,250.0,26.69158292790506
C_NEW_CKPT_OLD_DATA,NEW,OLD,221,2,2,Ethylene,12.5,B5_GEy_F010_R1.txt,1,2,late,,1,12.5,12.5
C_NEW_CKPT_OLD_DATA,NEW,OLD,222,1,1,CO,150.0,B5_GCO_F060_R1.txt,1,2,late,,1,143.291391477511,143.291391477511
C_NEW_CKPT_OLD_DATA,NEW,OLD,223,2,2,Ethylene,62.5,B5_GEy_F050_R2.txt,2,2,late,,1,55.04993049056739,55.04993049056739
C_NEW_CKPT_OLD_DATA,NEW,OLD,224,2,2,Ethylene,62.5,B5_GEy_F050_R2.txt,2,2,late,,1,61.27747596996487,61.27747596996487
C_NEW_CKPT_OLD_DATA,NEW,OLD,225,1,1,CO,100.0,B5_GCO_F040_R2.txt,2,2,late,,1,110.17346813337326,110.17346813337326
C_NEW_CKPT_OLD_DATA,NEW,OLD,226,3,3,Methane,250.0,B5_GMe_F100_R1.txt,1,2,late,,1,244.50247993545688,244.50247993545688
C_NEW_CKPT_OLD_DATA,NEW,OLD,227,0,0,Ethanol,37.5,B5_GEa_F030_R1.txt,1,2,late,,1,37.20019832386909,37.20019832386909
C_NEW_CKPT_OLD_DATA,NEW,OLD,228,2,2,Ethylene,75.0,B5_GEy_F060_R1.txt,1,2,late,,1,73.241082316395,73.241082316395
C_NEW_CKPT_OLD_DATA,NEW,OLD,229,2,2,Ethylene,25.0,B5_GEy_F020_R1.txt,1,2,late,,1,36.38051735149209,36.38051735149209
C_NEW_CKPT_OLD_DATA,NEW,OLD,230,1,1,CO,50.0,B5_GCO_F020_R1.txt,1,2,late,,1,37.010641453795415,37.010641453795415
C_NEW_CKPT_OLD_DATA,NEW,OLD,231,2,2,Ethylene,100.0,B5_GEy_F080_R1.txt,1,2,late,,1,93.9945222941931,93.9945222941931
C_NEW_CKPT_OLD_DATA,NEW,OLD,232,1,1,CO,100.0,B5_GCO_F040_R1.txt,1,2,late,,1,93.16955801635714,93.16955801635714
C_NEW_CKPT_OLD_DATA,NEW,OLD,233,1,1,CO,250.0,B5_GCO_F100_R2.txt,2,2,late,,1,230.12688175353708,230.12688175353708
C_NEW_CKPT_OLD_DATA,NEW,OLD,234,2,2,Ethylene,12.5,B5_GEy_F010_R2.txt,2,2,late,,1,17.530821554979397,17.530821554979397
C_NEW_CKPT_OLD_DATA,NEW,OLD,235,0,0,Ethanol,125.0,B5_GEa_F100_R1.txt,1,2,late,,1,125.0,125.0
C_NEW_CKPT_OLD_DATA,NEW,OLD,236,2,2,Ethylene,87.5,B5_GEy_F070_R1.txt,1,2,late,,1,87.72919315109374,87.72919315109374
C_NEW_CKPT_OLD_DATA,NEW,OLD,237,1,1,CO,50.0,B5_GCO_F020_R2.txt,2,2,late,,1,32.188932769198374,32.188932769198374
C_NEW_CKPT_OLD_DATA,NEW,OLD,238,0,0,Ethanol,125.0,B5_GEa_F100_R2.txt,2,2,late,,1,125.0,125.0
C_NEW_CKPT_OLD_DATA,NEW,OLD,239,0,0,Ethanol,125.0,B5_GEa_F100_R2.txt,2,2,late,,1,118.33424445166283,118.33424445166283
C_NEW_CKPT_OLD_DATA,NEW,OLD,240,0,0,Ethanol,75.0,B5_GEa_F060_R1.txt,1,2,late,,1,74.83124055155197,74.83124055155197
C_NEW_CKPT_OLD_DATA,NEW,OLD,241,3,3,Methane,250.0,B5_GMe_F100_R1.txt,1,2,late,,1,243.19712868254123,243.19712868254123
C_NEW_CKPT_OLD_DATA,NEW,OLD,242,2,2,Ethylene,50.0,B5_GEy_F040_R1.txt,1,2,late,,1,44.98104388795518,44.98104388795518
C_NEW_CKPT_OLD_DATA,NEW,OLD,243,3,3,Methane,150.0,B5_GMe_F060_R1.txt,1,2,late,,1,148.08769546714365,148.08769546714365
C_NEW_CKPT_OLD_DATA,NEW,OLD,244,3,3,Methane,150.0,B5_GMe_F060_R1.txt,1,2,late,,1,156.70952306687147,156.70952306687147
C_NEW_CKPT_OLD_DATA,NEW,OLD,245,2,2,Ethylene,62.5,B5_GEy_F050_R2.txt,2,2,late,,1,56.5612535929247,56.5612535929247
C_NEW_CKPT_OLD_DATA,NEW,OLD,246,1,1,CO,50.0,B5_GCO_F020_R2.txt,2,2,late,,1,56.30761557806123,56.30761557806123
C_NEW_CKPT_OLD_DATA,NEW,OLD,247,2,2,Ethylene,125.0,B5_GEy_F100_R1.txt,1,2,late,,1,125.0,125.0
C_NEW_CKPT_OLD_DATA,NEW,OLD,248,1,1,CO,25.0,B5_GCO_F010_R2.txt,2,2,late,,1,40.51991977806475,40.51991977806475
C_NEW_CKPT_OLD_DATA,NEW,OLD,249,2,2,Ethylene,37.5,B5_GEy_F030_R1.txt,1,2,late,,1,34.248829125838824,34.248829125838824
C_NEW_CKPT_OLD_DATA,NEW,OLD,250,3,3,Methane,100.0,B5_GMe_F040_R2.txt,2,2,late,,1,98.51905073512937,98.51905073512937
C_NEW_CKPT_OLD_DATA,NEW,OLD,251,2,2,Ethylene,50.0,B5_GEy_F040_R2.txt,2,2,late,,1,51.99135195950461,51.99135195950461
C_NEW_CKPT_OLD_DATA,NEW,OLD,252,1,1,CO,75.0,B5_GCO_F030_R1.txt,1,2,late,,1,71.0107979101014,71.0107979101014
C_NEW_CKPT_OLD_DATA,NEW,OLD,253,0,0,Ethanol,112.5,B5_GEa_F090_R1.txt,1,2,late,,1,108.0842710354143,108.0842710354143
C_NEW_CKPT_OLD_DATA,NEW,OLD,254,1,1,CO,250.0,B5_GCO_F100_R1.txt,1,2,late,,1,250.0,250.0
C_NEW_CKPT_OLD_DATA,NEW,OLD,255,3,3,Methane,225.0,B5_GMe_F090_R2.txt,2,2,late,,1,226.03764423811572,226.03764423811572
C_NEW_CKPT_OLD_DATA,NEW,OLD,256,1,1,CO,250.0,B5_GCO_F100_R1.txt,1,2,late,,1,250.0,250.0
C_NEW_CKPT_OLD_DATA,NEW,OLD,257,0,0,Ethanol,62.5,B5_GEa_F050_R1.txt,1,2,late,,1,71.69656810963347,71.69656810963347
C_NEW_CKPT_OLD_DATA,NEW,OLD,258,2,2,Ethylene,112.5,B5_GEy_F090_R1.txt,1,2,late,,1,115.25470848866935,115.25470848866935
C_NEW_CKPT_OLD_DATA,NEW,OLD,259,1,1,CO,250.0,B5_GCO_F100_R2.txt,2,2,late,,1,224.40665706950705,224.40665706950705
C_NEW_CKPT_OLD_DATA,NEW,OLD,260,3,1,Methane,225.0,B5_GMe_F090_R1.txt,1,2,late,,0,25.0,210.0342556839591
C_NEW_CKPT_OLD_DATA,NEW,OLD,261,2,2,Ethylene,12.5,B5_GEy_F010_R2.txt,2,2,late,,1,12.5,12.5
C_NEW_CKPT_OLD_DATA,NEW,OLD,262,0,0,Ethanol,12.5,B5_GEa_F010_R2.txt,2,2,late,,1,21.196798107932324,21.196798107932324
C_NEW_CKPT_OLD_DATA,NEW,OLD,263,0,0,Ethanol,50.0,B5_GEa_F040_R2.txt,2,2,late,,1,49.157286361510785,49.157286361510785
C_NEW_CKPT_OLD_DATA,NEW,OLD,264,0,0,Ethanol,62.5,B5_GEa_F050_R2.txt,2,2,late,,1,66.69109192898951,66.69109192898951
C_NEW_CKPT_OLD_DATA,NEW,OLD,265,1,1,CO,150.0,B5_GCO_F060_R2.txt,2,2,late,,1,141.20785726836365,141.20785726836365
C_NEW_CKPT_OLD_DATA,NEW,OLD,266,0,0,Ethanol,12.5,B5_GEa_F010_R1.txt,1,2,late,,1,14.006909962971662,14.006909962971662
C_NEW_CKPT_OLD_DATA,NEW,OLD,267,3,3,Methane,75.0,B5_GMe_F030_R1.txt,1,2,late,,1,80.76645503633227,80.76645503633227
C_NEW_CKPT_OLD_DATA,NEW,OLD,268,1,1,CO,50.0,B5_GCO_F020_R1.txt,1,2,late,,1,41.7581905581531,41.7581905581531
C_NEW_CKPT_OLD_DATA,NEW,OLD,269,2,1,Ethylene,37.5,B5_GEy_F030_R2.txt,2,2,late,,0,250.0,44.76500063992927
C_NEW_CKPT_OLD_DATA,NEW,OLD,270,3,3,Methane,225.0,B5_GMe_F090_R2.txt,2,2,late,,1,244.72266683729043,244.72266683729043
C_NEW_CKPT_OLD_DATA,NEW,OLD,271,1,1,CO,150.0,B5_GCO_F060_R2.txt,2,2,late,,1,151.67254419460664,151.67254419460664
C_NEW_CKPT_OLD_DATA,NEW,OLD,272,1,1,CO,200.0,B5_GCO_F080_R2.txt,2,2,late,,1,197.2487018649273,197.2487018649273
C_NEW_CKPT_OLD_DATA,NEW,OLD,273,1,1,CO,150.0,B5_GCO_F060_R2.txt,2,2,late,,1,176.96147562542208,176.96147562542208
C_NEW_CKPT_OLD_DATA,NEW,OLD,274,2,2,Ethylene,25.0,B5_GEy_F020_R1.txt,1,2,late,,1,25.228500153160383,25.228500153160383
C_NEW_CKPT_OLD_DATA,NEW,OLD,275,1,1,CO,250.0,B5_GCO_F100_R2.txt,2,2,late,,1,241.04821955063954,241.04821955063954
C_NEW_CKPT_OLD_DATA,NEW,OLD,276,3,3,Methane,25.0,B5_GMe_F010_R1.txt,1,2,late,,1,25.0,25.0
C_NEW_CKPT_OLD_DATA,NEW,OLD,277,0,0,Ethanol,87.5,B5_GEa_F070_R1.txt,1,2,late,,1,82.79235535951454,82.79235535951454
C_NEW_CKPT_OLD_DATA,NEW,OLD,278,0,0,Ethanol,87.5,B5_GEa_F070_R1.txt,1,2,late,,1,86.49012425571676,86.49012425571676
C_NEW_CKPT_OLD_DATA,NEW,OLD,279,0,0,Ethanol,112.5,B5_GEa_F090_R2.txt,2,2,late,,1,112.4329220399099,112.4329220399099
C_NEW_CKPT_OLD_DATA,NEW,OLD,280,3,3,Methane,175.0,B5_GMe_F070_R1.txt,1,2,late,,1,171.3106456117958,171.3106456117958
C_NEW_CKPT_OLD_DATA,NEW,OLD,281,0,0,Ethanol,37.5,B5_GEa_F030_R1.txt,1,2,late,,1,39.3082216389823,39.3082216389823
C_NEW_CKPT_OLD_DATA,NEW,OLD,282,1,1,CO,50.0,B5_GCO_F020_R2.txt,2,2,late,,1,53.39873105093078,53.39873105093078
C_NEW_CKPT_OLD_DATA,NEW,OLD,283,0,0,Ethanol,125.0,B5_GEa_F100_R2.txt,2,2,late,,1,117.87411491740035,117.87411491740035
C_NEW_CKPT_OLD_DATA,NEW,OLD,284,1,1,CO,75.0,B5_GCO_F030_R1.txt,1,2,late,,1,57.21898312328517,57.21898312328517
C_NEW_CKPT_OLD_DATA,NEW,OLD,285,1,1,CO,175.0,B5_GCO_F070_R1.txt,1,2,late,,1,153.0686427511627,153.0686427511627
C_NEW_CKPT_OLD_DATA,NEW,OLD,286,0,0,Ethanol,25.0,B5_GEa_F020_R2.txt,2,2,late,,1,22.521618103011345,22.521618103011345
C_NEW_CKPT_OLD_DATA,NEW,OLD,287,0,0,Ethanol,25.0,B5_GEa_F020_R1.txt,1,2,late,,1,44.675342004851686,44.675342004851686
C_NEW_CKPT_OLD_DATA,NEW,OLD,288,1,1,CO,200.0,B5_GCO_F080_R1.txt,1,2,late,,1,200.10594761883561,200.10594761883561
C_NEW_CKPT_OLD_DATA,NEW,OLD,289,3,3,Methane,200.0,B5_GMe_F080_R2.txt,2,2,late,,1,217.78028113630086,217.78028113630086
C_NEW_CKPT_OLD_DATA,NEW,OLD,290,2,2,Ethylene,100.0,B5_GEy_F080_R1.txt,1,2,late,,1,96.1076278011522,96.1076278011522
C_NEW_CKPT_OLD_DATA,NEW,OLD,291,3,3,Methane,75.0,B5_GMe_F030_R2.txt,2,2,late,,1,68.4554073650582,68.4554073650582
C_NEW_CKPT_OLD_DATA,NEW,OLD,292,0,0,Ethanol,25.0,B5_GEa_F020_R2.txt,2,2,late,,1,35.82858287548309,35.82858287548309
C_NEW_CKPT_OLD_DATA,NEW,OLD,293,3,3,Methane,75.0,B5_GMe_F030_R2.txt,2,2,late,,1,71.48019353565294,71.48019353565294
C_NEW_CKPT_OLD_DATA,NEW,OLD,294,3,3,Methane,250.0,B5_GMe_F100_R2.txt,2,2,late,,1,247.92725822659307,247.92725822659307
C_NEW_CKPT_OLD_DATA,NEW,OLD,295,3,3,Methane,225.0,B5_GMe_F090_R2.txt,2,2,late,,1,222.45151457823013,222.45151457823013
C_NEW_CKPT_OLD_DATA,NEW,OLD,296,0,0,Ethanol,50.0,B5_GEa_F040_R1.txt,1,2,late,,1,45.20869308914791,45.20869308914791
C_NEW_CKPT_OLD_DATA,NEW,OLD,297,2,2,Ethylene,87.5,B5_GEy_F070_R1.txt,1,2,late,,1,88.97619953813273,88.97619953813273
C_NEW_CKPT_OLD_DATA,NEW,OLD,298,3,3,Methane,150.0,B5_GMe_F060_R2.txt,2,2,late,,1,152.22757843682052,152.22757843682052
C_NEW_CKPT_OLD_DATA,NEW,OLD,299,0,0,Ethanol,12.5,B5_GEa_F010_R2.txt,2,2,late,,1,14.226973241886583,14.226973241886583
C_NEW_CKPT_OLD_DATA,NEW,OLD,300,3,3,Methane,75.0,B5_GMe_F030_R2.txt,2,2,late,,1,87.01857463306594,87.01857463306594
C_NEW_CKPT_OLD_DATA,NEW,OLD,301,1,1,CO,200.0,B5_GCO_F080_R1.txt,1,2,late,,1,222.31126003821936,222.31126003821936
C_NEW_CKPT_OLD_DATA,NEW,OLD,302,3,3,Methane,50.0,B5_GMe_F020_R1.txt,1,2,late,,1,51.58891120401333,51.58891120401333
C_NEW_CKPT_OLD_DATA,NEW,OLD,303,1,1,CO,200.0,B5_GCO_F080_R1.txt,1,2,late,,1,209.27338686812624,209.27338686812624
C_NEW_CKPT_OLD_DATA,NEW,OLD,304,1,1,CO,150.0,B5_GCO_F060_R1.txt,1,2,late,,1,131.78231304846045,131.78231304846045
C_NEW_CKPT_OLD_DATA,NEW,OLD,305,1,1,CO,75.0,B5_GCO_F030_R2.txt,2,2,late,,1,99.78596231921188,99.78596231921188
C_NEW_CKPT_OLD_DATA,NEW,OLD,306,3,3,Methane,50.0,B5_GMe_F020_R1.txt,1,2,late,,1,47.65140054134274,47.65140054134274
C_NEW_CKPT_OLD_DATA,NEW,OLD,307,1,1,CO,25.0,B5_GCO_F010_R1.txt,1,2,late,,1,25.0,25.0
C_NEW_CKPT_OLD_DATA,NEW,OLD,308,1,1,CO,75.0,B5_GCO_F030_R1.txt,1,2,late,,1,69.67371988539855,69.67371988539855
C_NEW_CKPT_OLD_DATA,NEW,OLD,309,3,3,Methane,225.0,B5_GMe_F090_R2.txt,2,2,late,,1,221.55605091840482,221.55605091840482
C_NEW_CKPT_OLD_DATA,NEW,OLD,310,0,0,Ethanol,87.5,B5_GEa_F070_R2.txt,2,2,late,,1,91.17034451499703,91.17034451499703
C_NEW_CKPT_OLD_DATA,NEW,OLD,311,0,0,Ethanol,125.0,B5_GEa_F100_R2.txt,2,2,late,,1,124.811731552699,124.811731552699
C_NEW_CKPT_OLD_DATA,NEW,OLD,312,3,3,Methane,50.0,B5_GMe_F020_R1.txt,1,2,late,,1,45.05253950455696,45.05253950455696
C_NEW_CKPT_OLD_DATA,NEW,OLD,313,3,3,Methane,175.0,B5_GMe_F070_R2.txt,2,2,late,,1,176.5164570128897,176.5164570128897
C_NEW_CKPT_OLD_DATA,NEW,OLD,314,3,3,Methane,50.0,B5_GMe_F020_R1.txt,1,2,late,,1,49.544296999897554,49.544296999897554
C_NEW_CKPT_OLD_DATA,NEW,OLD,315,1,1,CO,50.0,B5_GCO_F020_R1.txt,1,2,late,,1,28.085068363524186,28.085068363524186
C_NEW_CKPT_OLD_DATA,NEW,OLD,316,2,2,Ethylene,62.5,B5_GEy_F050_R2.txt,2,2,late,,1,68.80291314567201,68.80291314567201
C_NEW_CKPT_OLD_DATA,NEW,OLD,317,3,3,Methane,100.0,B5_GMe_F040_R2.txt,2,2,late,,1,103.69080007055489,103.69080007055489
C_NEW_CKPT_OLD_DATA,NEW,OLD,318,1,1,CO,225.0,B5_GCO_F090_R2.txt,2,2,late,,1,207.8606013695258,207.8606013695258
C_NEW_CKPT_OLD_DATA,NEW,OLD,319,1,1,CO,50.0,B5_GCO_F020_R2.txt,2,2,late,,1,55.76655467573775,55.76655467573775
C_NEW_CKPT_OLD_DATA,NEW,OLD,320,2,2,Ethylene,112.5,B5_GEy_F090_R2.txt,2,2,late,,1,103.93793131251739,103.93793131251739
C_NEW_CKPT_OLD_DATA,NEW,OLD,321,2,2,Ethylene,112.5,B5_GEy_F090_R2.txt,2,2,late,,1,97.21096684701227,97.21096684701227
C_NEW_CKPT_OLD_DATA,NEW,OLD,322,3,3,Methane,175.0,B5_GMe_F070_R1.txt,1,2,late,,1,177.0279176931886,177.0279176931886
C_NEW_CKPT_OLD_DATA,NEW,OLD,323,2,2,Ethylene,75.0,B5_GEy_F060_R1.txt,1,2,late,,1,71.81178445197656,71.81178445197656
C_NEW_CKPT_OLD_DATA,NEW,OLD,324,3,3,Methane,75.0,B5_GMe_F030_R1.txt,1,2,late,,1,72.99581069926997,72.99581069926997
C_NEW_CKPT_OLD_DATA,NEW,OLD,325,0,0,Ethanol,87.5,B5_GEa_F070_R2.txt,2,2,late,,1,89.72437285763291,89.72437285763291
C_NEW_CKPT_OLD_DATA,NEW,OLD,326,1,1,CO,250.0,B5_GCO_F100_R2.txt,2,2,late,,1,250.0,250.0
C_NEW_CKPT_OLD_DATA,NEW,OLD,327,0,0,Ethanol,75.0,B5_GEa_F060_R1.txt,1,2,late,,1,80.58517241631272,80.58517241631272
C_NEW_CKPT_OLD_DATA,NEW,OLD,328,2,2,Ethylene,62.5,B5_GEy_F050_R1.txt,1,2,late,,1,59.46280525846802,59.46280525846802
C_NEW_CKPT_OLD_DATA,NEW,OLD,329,3,3,Methane,125.0,B5_GMe_F050_R1.txt,1,2,late,,1,130.21443766739407,130.21443766739407
C_NEW_CKPT_OLD_DATA,NEW,OLD,330,1,1,CO,200.0,B5_GCO_F080_R2.txt,2,2,late,,1,183.32918488801255,183.32918488801255
C_NEW_CKPT_OLD_DATA,NEW,OLD,331,3,3,Methane,250.0,B5_GMe_F100_R1.txt,1,2,late,,1,239.6403918319228,239.6403918319228
C_NEW_CKPT_OLD_DATA,NEW,OLD,332,0,0,Ethanol,25.0,B5_GEa_F020_R1.txt,1,2,late,,1,27.133562806277414,27.133562806277414
C_NEW_CKPT_OLD_DATA,NEW,OLD,333,1,1,CO,50.0,B5_GCO_F020_R1.txt,1,2,late,,1,41.767986067249666,41.767986067249666
C_NEW_CKPT_OLD_DATA,NEW,OLD,334,1,1,CO,75.0,B5_GCO_F030_R2.txt,2,2,late,,1,96.20925158990487,96.20925158990487
C_NEW_CKPT_OLD_DATA,NEW,OLD,335,1,1,CO,75.0,B5_GCO_F030_R2.txt,2,2,late,,1,78.33843456603766,78.33843456603766
C_NEW_CKPT_OLD_DATA,NEW,OLD,336,2,2,Ethylene,125.0,B5_GEy_F100_R1.txt,1,2,late,,1,122.31369447820475,122.31369447820475
C_NEW_CKPT_OLD_DATA,NEW,OLD,337,0,0,Ethanol,100.0,B5_GEa_F080_R2.txt,2,2,late,,1,103.61472748987279,103.61472748987279
C_NEW_CKPT_OLD_DATA,NEW,OLD,338,3,3,Methane,125.0,B5_GMe_F050_R2.txt,2,2,late,,1,119.95494820680798,119.95494820680798
C_NEW_CKPT_OLD_DATA,NEW,OLD,339,1,1,CO,75.0,B5_GCO_F030_R2.txt,2,2,late,,1,112.40807109031606,112.40807109031606
C_NEW_CKPT_OLD_DATA,NEW,OLD,340,1,1,CO,75.0,B5_GCO_F030_R1.txt,1,2,late,,1,66.82721802541548,66.82721802541548
C_NEW_CKPT_OLD_DATA,NEW,OLD,341,1,1,CO,150.0,B5_GCO_F060_R1.txt,1,2,late,,1,143.31547880349927,143.31547880349927
C_NEW_CKPT_OLD_DATA,NEW,OLD,342,3,3,Methane,125.0,B5_GMe_F050_R2.txt,2,2,late,,1,125.90621773034567,125.90621773034567
C_NEW_CKPT_OLD_DATA,NEW,OLD,343,2,2,Ethylene,125.0,B5_GEy_F100_R2.txt,2,2,late,,1,125.0,125.0
C_NEW_CKPT_OLD_DATA,NEW,OLD,344,2,2,Ethylene,62.5,B5_GEy_F050_R1.txt,1,2,late,,1,65.40237727948502,65.40237727948502
C_NEW_CKPT_OLD_DATA,NEW,OLD,345,1,1,CO,250.0,B5_GCO_F100_R2.txt,2,2,late,,1,222.76438519643534,222.76438519643534
C_NEW_CKPT_OLD_DATA,NEW,OLD,346,3,1,Methane,225.0,B5_GMe_F090_R1.txt,1,2,late,,0,25.0,217.08815608969098
C_NEW_CKPT_OLD_DATA,NEW,OLD,347,0,0,Ethanol,37.5,B5_GEa_F030_R1.txt,1,2,late,,1,67.23751487005745,67.23751487005745
C_NEW_CKPT_OLD_DATA,NEW,OLD,348,2,2,Ethylene,112.5,B5_GEy_F090_R1.txt,1,2,late,,1,109.7573471386992,109.7573471386992
C_NEW_CKPT_OLD_DATA,NEW,OLD,349,3,3,Methane,50.0,B5_GMe_F020_R2.txt,2,2,late,,1,49.576585220569434,49.576585220569434
C_NEW_CKPT_OLD_DATA,NEW,OLD,350,3,3,Methane,75.0,B5_GMe_F030_R1.txt,1,2,late,,1,73.73766305366713,73.73766305366713
C_NEW_CKPT_OLD_DATA,NEW,OLD,351,3,3,Methane,75.0,B5_GMe_F030_R2.txt,2,2,late,,1,80.24117644449619,80.24117644449619
C_NEW_CKPT_OLD_DATA,NEW,OLD,352,2,2,Ethylene,112.5,B5_GEy_F090_R1.txt,1,2,late,,1,108.67209866746748,108.67209866746748
C_NEW_CKPT_OLD_DATA,NEW,OLD,353,1,1,CO,100.0,B5_GCO_F040_R1.txt,1,2,late,,1,76.5421879180391,76.5421879180391
C_NEW_CKPT_OLD_DATA,NEW,OLD,354,2,2,Ethylene,62.5,B5_GEy_F050_R2.txt,2,2,late,,1,51.98095312697299,51.98095312697299
C_NEW_CKPT_OLD_DATA,NEW,OLD,355,2,2,Ethylene,75.0,B5_GEy_F060_R1.txt,1,2,late,,1,78.8082344275198,78.8082344275198
C_NEW_CKPT_OLD_DATA,NEW,OLD,356,2,2,Ethylene,125.0,B5_GEy_F100_R2.txt,2,2,late,,1,118.69101671487556,118.69101671487556
C_NEW_CKPT_OLD_DATA,NEW,OLD,357,2,2,Ethylene,100.0,B5_GEy_F080_R1.txt,1,2,late,,1,89.96725169273972,89.96725169273972
C_NEW_CKPT_OLD_DATA,NEW,OLD,358,3,3,Methane,50.0,B5_GMe_F020_R2.txt,2,2,late,,1,45.052461239108574,45.052461239108574
C_NEW_CKPT_OLD_DATA,NEW,OLD,359,1,1,CO,25.0,B5_GCO_F010_R2.txt,2,2,late,,1,49.43035981386532,49.43035981386532
C_NEW_CKPT_OLD_DATA,NEW,OLD,360,2,2,Ethylene,112.5,B5_GEy_F090_R2.txt,2,2,late,,1,103.79693514487667,103.79693514487667
C_NEW_CKPT_OLD_DATA,NEW,OLD,361,1,1,CO,200.0,B5_GCO_F080_R1.txt,1,2,late,,1,214.89657205761014,214.89657205761014
C_NEW_CKPT_OLD_DATA,NEW,OLD,362,3,3,Methane,150.0,B5_GMe_F060_R2.txt,2,2,late,,1,141.35628044634,141.35628044634
C_NEW_CKPT_OLD_DATA,NEW,OLD,363,1,1,CO,150.0,B5_GCO_F060_R2.txt,2,2,late,,1,183.71867100522775,183.71867100522775
C_NEW_CKPT_OLD_DATA,NEW,OLD,364,0,0,Ethanol,100.0,B5_GEa_F080_R2.txt,2,2,late,,1,102.72223800934698,102.72223800934698
C_NEW_CKPT_OLD_DATA,NEW,OLD,365,2,2,Ethylene,62.5,B5_GEy_F050_R2.txt,2,2,late,,1,59.02537682919217,59.02537682919217
C_NEW_CKPT_OLD_DATA,NEW,OLD,366,0,0,Ethanol,75.0,B5_GEa_F060_R1.txt,1,2,late,,1,69.3072321464829,69.3072321464829
C_NEW_CKPT_OLD_DATA,NEW,OLD,367,1,1,CO,125.0,B5_GCO_F050_R1.txt,1,2,late,,1,125.12163939194191,125.12163939194191
C_NEW_CKPT_OLD_DATA,NEW,OLD,368,3,3,Methane,50.0,B5_GMe_F020_R2.txt,2,2,late,,1,48.76572944305195,48.76572944305195
C_NEW_CKPT_OLD_DATA,NEW,OLD,369,2,2,Ethylene,87.5,B5_GEy_F070_R1.txt,1,2,late,,1,80.50906836707583,80.50906836707583
C_NEW_CKPT_OLD_DATA,NEW,OLD,370,1,1,CO,150.0,B5_GCO_F060_R1.txt,1,2,late,,1,140.88198897981357,140.88198897981357
C_NEW_CKPT_OLD_DATA,NEW,OLD,371,3,3,Methane,175.0,B5_GMe_F070_R1.txt,1,2,late,,1,169.50734452763146,169.50734452763146
C_NEW_CKPT_OLD_DATA,NEW,OLD,372,1,1,CO,25.0,B5_GCO_F010_R2.txt,2,2,late,,1,36.59431193562867,36.59431193562867
C_NEW_CKPT_OLD_DATA,NEW,OLD,373,2,2,Ethylene,62.5,B5_GEy_F050_R2.txt,2,2,late,,1,36.56396530372916,36.56396530372916
C_NEW_CKPT_OLD_DATA,NEW,OLD,374,1,1,CO,25.0,B5_GCO_F010_R2.txt,2,2,late,,1,34.67725618850638,34.67725618850638
C_NEW_CKPT_OLD_DATA,NEW,OLD,375,1,1,CO,200.0,B5_GCO_F080_R2.txt,2,2,late,,1,183.0188760079157,183.0188760079157
C_NEW_CKPT_OLD_DATA,NEW,OLD,376,1,1,CO,75.0,B5_GCO_F030_R2.txt,2,2,late,,1,96.30914558671711,96.30914558671711
C_NEW_CKPT_OLD_DATA,NEW,OLD,377,0,0,Ethanol,50.0,B5_GEa_F040_R2.txt,2,2,late,,1,53.52726679022204,53.52726679022204
C_NEW_CKPT_OLD_DATA,NEW,OLD,378,2,2,Ethylene,12.5,B5_GEy_F010_R1.txt,1,2,late,,1,17.15920214169185,17.15920214169185
C_NEW_CKPT_OLD_DATA,NEW,OLD,379,0,0,Ethanol,75.0,B5_GEa_F060_R1.txt,1,2,late,,1,74.1777346259997,74.1777346259997
C_NEW_CKPT_OLD_DATA,NEW,OLD,380,2,2,Ethylene,12.5,B5_GEy_F010_R1.txt,1,2,late,,1,15.194461631954496,15.194461631954496
C_NEW_CKPT_OLD_DATA,NEW,OLD,381,3,3,Methane,125.0,B5_GMe_F050_R2.txt,2,2,late,,1,124.40274365710638,124.40274365710638
C_NEW_CKPT_OLD_DATA,NEW,OLD,382,2,2,Ethylene,37.5,B5_GEy_F030_R2.txt,2,2,late,,1,29.59529769490615,29.59529769490615
C_NEW_CKPT_OLD_DATA,NEW,OLD,383,0,0,Ethanol,125.0,B5_GEa_F100_R2.txt,2,2,late,,1,117.80307917763875,117.80307917763875
C_NEW_CKPT_OLD_DATA,NEW,OLD,384,3,3,Methane,75.0,B5_GMe_F030_R2.txt,2,2,late,,1,81.83323974769841,81.83323974769841
C_NEW_CKPT_OLD_DATA,NEW,OLD,385,3,3,Methane,25.0,B5_GMe_F010_R2.txt,2,2,late,,1,36.18169266687479,36.18169266687479
C_NEW_CKPT_OLD_DATA,NEW,OLD,386,2,2,Ethylene,100.0,B5_GEy_F080_R2.txt,2,2,late,,1,102.40949528564778,102.40949528564778
C_NEW_CKPT_OLD_DATA,NEW,OLD,387,2,2,Ethylene,25.0,B5_GEy_F020_R1.txt,1,2,late,,1,24.370205706776375,24.370205706776375
C_NEW_CKPT_OLD_DATA,NEW,OLD,388,3,3,Methane,125.0,B5_GMe_F050_R1.txt,1,2,late,,1,117.57757583894767,117.57757583894767
C_NEW_CKPT_OLD_DATA,NEW,OLD,389,0,0,Ethanol,100.0,B5_GEa_F080_R1.txt,1,2,late,,1,94.8400977260577,94.8400977260577
C_NEW_CKPT_OLD_DATA,NEW,OLD,390,0,0,Ethanol,100.0,B5_GEa_F080_R1.txt,1,2,late,,1,90.56592996650994,90.56592996650994
C_NEW_CKPT_OLD_DATA,NEW,OLD,391,3,3,Methane,50.0,B5_GMe_F020_R2.txt,2,2,late,,1,49.39082727947486,49.39082727947486
C_NEW_CKPT_OLD_DATA,NEW,OLD,392,1,1,CO,225.0,B5_GCO_F090_R2.txt,2,2,late,,1,213.70337513794013,213.70337513794013
C_NEW_CKPT_OLD_DATA,NEW,OLD,393,1,1,CO,25.0,B5_GCO_F010_R2.txt,2,2,late,,1,37.314789258050126,37.314789258050126
C_NEW_CKPT_OLD_DATA,NEW,OLD,394,3,3,Methane,100.0,B5_GMe_F040_R1.txt,1,2,late,,1,99.77637137150916,99.77637137150916
C_NEW_CKPT_OLD_DATA,NEW,OLD,395,1,1,CO,100.0,B5_GCO_F040_R1.txt,1,2,late,,1,98.86750050850219,98.86750050850219
C_NEW_CKPT_OLD_DATA,NEW,OLD,396,0,0,Ethanol,12.5,B5_GEa_F010_R1.txt,1,2,late,,1,12.5,12.5
C_NEW_CKPT_OLD_DATA,NEW,OLD,397,3,3,Methane,200.0,B5_GMe_F080_R2.txt,2,2,late,,1,207.06202232604494,207.06202232604494
C_NEW_CKPT_OLD_DATA,NEW,OLD,398,2,2,Ethylene,37.5,B5_GEy_F030_R2.txt,2,2,late,,1,31.667846578222793,31.667846578222793
C_NEW_CKPT_OLD_DATA,NEW,OLD,399,2,2,Ethylene,62.5,B5_GEy_F050_R1.txt,1,2,late,,1,62.89533462697702,62.89533462697702
C_NEW_CKPT_OLD_DATA,NEW,OLD,400,1,1,CO,150.0,B5_GCO_F060_R2.txt,2,2,late,,1,178.65811156322687,178.65811156322687
C_NEW_CKPT_OLD_DATA,NEW,OLD,401,0,0,Ethanol,75.0,B5_GEa_F060_R1.txt,1,2,late,,1,75.14182401407146,75.14182401407146
C_NEW_CKPT_OLD_DATA,NEW,OLD,402,2,2,Ethylene,100.0,B5_GEy_F080_R2.txt,2,2,late,,1,99.20201398056003,99.20201398056003
C_NEW_CKPT_OLD_DATA,NEW,OLD,403,0,0,Ethanol,37.5,B5_GEa_F030_R2.txt,2,2,late,,1,42.5736579560322,42.5736579560322
C_NEW_CKPT_OLD_DATA,NEW,OLD,404,3,3,Methane,75.0,B5_GMe_F030_R1.txt,1,2,late,,1,63.19888085193622,63.19888085193622
C_NEW_CKPT_OLD_DATA,NEW,OLD,405,3,3,Methane,125.0,B5_GMe_F050_R2.txt,2,2,late,,1,123.61488067588733,123.61488067588733
C_NEW_CKPT_OLD_DATA,NEW,OLD,406,0,0,Ethanol,75.0,B5_GEa_F060_R1.txt,1,2,late,,1,74.44348171141277,74.44348171141277
C_NEW_CKPT_OLD_DATA,NEW,OLD,407,0,0,Ethanol,62.5,B5_GEa_F050_R1.txt,1,2,late,,1,67.52003006953414,67.52003006953414
C_NEW_CKPT_OLD_DATA,NEW,OLD,408,1,1,CO,200.0,B5_GCO_F080_R2.txt,2,2,late,,1,197.09245656820363,197.09245656820363
C_NEW_CKPT_OLD_DATA,NEW,OLD,409,3,3,Methane,100.0,B5_GMe_F040_R1.txt,1,2,late,,1,105.51562033803526,105.51562033803526
C_NEW_CKPT_OLD_DATA,NEW,OLD,410,2,2,Ethylene,100.0,B5_GEy_F080_R2.txt,2,2,late,,1,102.06767333467309,102.06767333467309
C_NEW_CKPT_OLD_DATA,NEW,OLD,411,0,0,Ethanol,112.5,B5_GEa_F090_R1.txt,1,2,late,,1,101.35084522103443,101.35084522103443
C_NEW_CKPT_OLD_DATA,NEW,OLD,412,3,1,Methane,225.0,B5_GMe_F090_R1.txt,1,2,late,,0,25.0,210.78403673465297
C_NEW_CKPT_OLD_DATA,NEW,OLD,413,2,2,Ethylene,12.5,B5_GEy_F010_R1.txt,1,2,late,,1,12.5,12.5
C_NEW_CKPT_OLD_DATA,NEW,OLD,414,1,1,CO,25.0,B5_GCO_F010_R1.txt,1,2,late,,1,25.0,25.0
C_NEW_CKPT_OLD_DATA,NEW,OLD,415,2,2,Ethylene,12.5,B5_GEy_F010_R2.txt,2,2,late,,1,12.5,12.5
C_NEW_CKPT_OLD_DATA,NEW,OLD,416,1,1,CO,100.0,B5_GCO_F040_R2.txt,2,2,late,,1,124.02415241644555,124.02415241644555
C_NEW_CKPT_OLD_DATA,NEW,OLD,417,3,3,Methane,25.0,B5_GMe_F010_R1.txt,1,2,late,,1,28.428027782946252,28.428027782946252
C_NEW_CKPT_OLD_DATA,NEW,OLD,418,0,0,Ethanol,25.0,B5_GEa_F020_R2.txt,2,2,late,,1,25.221834061666318,25.221834061666318
C_NEW_CKPT_OLD_DATA,NEW,OLD,419,0,0,Ethanol,50.0,B5_GEa_F040_R2.txt,2,2,late,,1,55.393995310244186,55.393995310244186
C_NEW_CKPT_OLD_DATA,NEW,OLD,420,2,2,Ethylene,62.5,B5_GEy_F050_R1.txt,1,2,late,,1,66.37106853416114,66.37106853416114
C_NEW_CKPT_OLD_DATA,NEW,OLD,421,0,0,Ethanol,25.0,B5_GEa_F020_R2.txt,2,2,late,,1,24.977684193310463,24.977684193310463
C_NEW_CKPT_OLD_DATA,NEW,OLD,422,0,0,Ethanol,112.5,B5_GEa_F090_R2.txt,2,2,late,,1,111.79122426635499,111.79122426635499
C_NEW_CKPT_OLD_DATA,NEW,OLD,423,3,3,Methane,100.0,B5_GMe_F040_R2.txt,2,2,late,,1,100.67316987776407,100.67316987776407
C_NEW_CKPT_OLD_DATA,NEW,OLD,424,1,1,CO,225.0,B5_GCO_F090_R2.txt,2,2,late,,1,220.99534370018205,220.99534370018205
C_NEW_CKPT_OLD_DATA,NEW,OLD,425,2,2,Ethylene,112.5,B5_GEy_F090_R1.txt,1,2,late,,1,108.55573006475572,108.55573006475572
C_NEW_CKPT_OLD_DATA,NEW,OLD,426,3,3,Methane,175.0,B5_GMe_F070_R1.txt,1,2,late,,1,172.41632038274037,172.41632038274037
C_NEW_CKPT_OLD_DATA,NEW,OLD,427,1,1,CO,125.0,B5_GCO_F050_R2.txt,2,2,late,,1,128.84131871286615,128.84131871286615
C_NEW_CKPT_OLD_DATA,NEW,OLD,428,3,3,Methane,175.0,B5_GMe_F070_R2.txt,2,2,late,,1,184.85076923886868,184.85076923886868
C_NEW_CKPT_OLD_DATA,NEW,OLD,429,3,3,Methane,25.0,B5_GMe_F010_R2.txt,2,2,late,,1,25.0,25.0
C_NEW_CKPT_OLD_DATA,NEW,OLD,430,0,0,Ethanol,37.5,B5_GEa_F030_R2.txt,2,2,late,,1,38.515081323118594,38.515081323118594
C_NEW_CKPT_OLD_DATA,NEW,OLD,431,1,1,CO,150.0,B5_GCO_F060_R1.txt,1,2,late,,1,155.43321374674127,155.43321374674127
C_NEW_CKPT_OLD_DATA,NEW,OLD,432,2,2,Ethylene,112.5,B5_GEy_F090_R1.txt,1,2,late,,1,120.78517049965163,120.78517049965163
C_NEW_CKPT_OLD_DATA,NEW,OLD,433,0,0,Ethanol,37.5,B5_GEa_F030_R1.txt,1,2,late,,1,39.75888316472376,39.75888316472376
C_NEW_CKPT_OLD_DATA,NEW,OLD,434,1,1,CO,75.0,B5_GCO_F030_R1.txt,1,2,late,,1,70.606665851488,70.606665851488
C_NEW_CKPT_OLD_DATA,NEW,OLD,435,3,3,Methane,250.0,B5_GMe_F100_R2.txt,2,2,late,,1,247.2230069308629,247.2230069308629
C_NEW_CKPT_OLD_DATA,NEW,OLD,436,2,2,Ethylene,12.5,B5_GEy_F010_R1.txt,1,2,late,,1,12.5,12.5
C_NEW_CKPT_OLD_DATA,NEW,OLD,437,2,2,Ethylene,87.5,B5_GEy_F070_R1.txt,1,2,late,,1,85.88154809292834,85.88154809292834
C_NEW_CKPT_OLD_DATA,NEW,OLD,438,3,3,Methane,200.0,B5_GMe_F080_R2.txt,2,2,late,,1,206.30868956976462,206.30868956976462
C_NEW_CKPT_OLD_DATA,NEW,OLD,439,1,1,CO,75.0,B5_GCO_F030_R2.txt,2,2,late,,1,86.557484111655,86.557484111655
C_NEW_CKPT_OLD_DATA,NEW,OLD,440,1,1,CO,200.0,B5_GCO_F080_R1.txt,1,2,late,,1,191.38427474783498,191.38427474783498
C_NEW_CKPT_OLD_DATA,NEW,OLD,441,1,1,CO,50.0,B5_GCO_F020_R2.txt,2,2,late,,1,76.95695640326664,76.95695640326664
C_NEW_CKPT_OLD_DATA,NEW,OLD,442,1,1,CO,200.0,B5_GCO_F080_R2.txt,2,2,late,,1,168.44624072003688,168.44624072003688
C_NEW_CKPT_OLD_DATA,NEW,OLD,443,1,1,CO,250.0,B5_GCO_F100_R1.txt,1,2,late,,1,238.21127421016695,238.21127421016695
C_NEW_CKPT_OLD_DATA,NEW,OLD,444,2,1,Ethylene,62.5,B5_GEy_F050_R2.txt,2,2,late,,0,250.0,64.63258134106343
C_NEW_CKPT_OLD_DATA,NEW,OLD,445,1,1,CO,150.0,B5_GCO_F060_R1.txt,1,2,late,,1,138.82451087097496,138.82451087097496
C_NEW_CKPT_OLD_DATA,NEW,OLD,446,3,3,Methane,225.0,B5_GMe_F090_R2.txt,2,2,late,,1,244.73960348518006,244.73960348518006
C_NEW_CKPT_OLD_DATA,NEW,OLD,447,2,2,Ethylene,125.0,B5_GEy_F100_R2.txt,2,2,late,,1,114.58375234406628,114.58375234406628
C_NEW_CKPT_OLD_DATA,NEW,OLD,448,2,2,Ethylene,125.0,B5_GEy_F100_R2.txt,2,2,late,,1,125.0,125.0
C_NEW_CKPT_OLD_DATA,NEW,OLD,449,0,0,Ethanol,100.0,B5_GEa_F080_R1.txt,1,2,late,,1,93.15041218099385,93.15041218099385
C_NEW_CKPT_OLD_DATA,NEW,OLD,450,3,3,Methane,50.0,B5_GMe_F020_R2.txt,2,2,late,,1,56.20440870648589,56.20440870648589
C_NEW_CKPT_OLD_DATA,NEW,OLD,451,0,0,Ethanol,75.0,B5_GEa_F060_R2.txt,2,2,late,,1,66.80090044874386,66.80090044874386
C_NEW_CKPT_OLD_DATA,NEW,OLD,452,3,3,Methane,250.0,B5_GMe_F100_R2.txt,2,2,late,,1,250.0,250.0
C_NEW_CKPT_OLD_DATA,NEW,OLD,453,1,1,CO,250.0,B5_GCO_F100_R1.txt,1,2,late,,1,247.99115869684204,247.99115869684204
C_NEW_CKPT_OLD_DATA,NEW,OLD,454,0,0,Ethanol,50.0,B5_GEa_F040_R2.txt,2,2,late,,1,47.97276190148873,47.97276190148873
C_NEW_CKPT_OLD_DATA,NEW,OLD,455,1,1,CO,250.0,B5_GCO_F100_R2.txt,2,2,late,,1,237.94793877753227,237.94793877753227
C_NEW_CKPT_OLD_DATA,NEW,OLD,456,0,0,Ethanol,25.0,B5_GEa_F020_R2.txt,2,2,late,,1,36.877579847976556,36.877579847976556
C_NEW_CKPT_OLD_DATA,NEW,OLD,457,2,2,Ethylene,100.0,B5_GEy_F080_R2.txt,2,2,late,,1,99.57870523424387,99.57870523424387
C_NEW_CKPT_OLD_DATA,NEW,OLD,458,3,3,Methane,100.0,B5_GMe_F040_R2.txt,2,2,late,,1,99.1596581892073,99.1596581892073
C_NEW_CKPT_OLD_DATA,NEW,OLD,459,0,0,Ethanol,125.0,B5_GEa_F100_R1.txt,1,2,late,,1,125.0,125.0
C_NEW_CKPT_OLD_DATA,NEW,OLD,460,3,3,Methane,150.0,B5_GMe_F060_R2.txt,2,2,late,,1,152.87023069151235,152.87023069151235
C_NEW_CKPT_OLD_DATA,NEW,OLD,461,2,2,Ethylene,87.5,B5_GEy_F070_R1.txt,1,2,late,,1,79.72309101981705,79.72309101981705
C_NEW_CKPT_OLD_DATA,NEW,OLD,462,3,3,Methane,75.0,B5_GMe_F030_R2.txt,2,2,late,,1,64.9609455737938,64.9609455737938
C_NEW_CKPT_OLD_DATA,NEW,OLD,463,3,3,Methane,150.0,B5_GMe_F060_R1.txt,1,2,late,,1,154.1826053435634,154.1826053435634
C_NEW_CKPT_OLD_DATA,NEW,OLD,464,0,0,Ethanol,50.0,B5_GEa_F040_R1.txt,1,2,late,,1,58.03729126017232,58.03729126017232
C_NEW_CKPT_OLD_DATA,NEW,OLD,465,2,1,Ethylene,87.5,B5_GEy_F070_R2.txt,2,2,late,,0,250.0,125.0
C_NEW_CKPT_OLD_DATA,NEW,OLD,466,2,2,Ethylene,50.0,B5_GEy_F040_R2.txt,2,2,late,,1,51.162763053308794,51.162763053308794
C_NEW_CKPT_OLD_DATA,NEW,OLD,467,1,1,CO,25.0,B5_GCO_F010_R1.txt,1,2,late,,1,25.0,25.0
C_NEW_CKPT_OLD_DATA,NEW,OLD,468,2,2,Ethylene,100.0,B5_GEy_F080_R2.txt,2,2,late,,1,91.89997989744857,91.89997989744857
C_NEW_CKPT_OLD_DATA,NEW,OLD,469,2,2,Ethylene,25.0,B5_GEy_F020_R2.txt,2,2,late,,1,19.206324411338585,19.206324411338585
C_NEW_CKPT_OLD_DATA,NEW,OLD,470,0,0,Ethanol,112.5,B5_GEa_F090_R2.txt,2,2,late,,1,109.9148251481659,109.9148251481659
C_NEW_CKPT_OLD_DATA,NEW,OLD,471,1,1,CO,75.0,B5_GCO_F030_R1.txt,1,2,late,,1,72.06663117321062,72.06663117321062
C_NEW_CKPT_OLD_DATA,NEW,OLD,472,1,1,CO,50.0,B5_GCO_F020_R2.txt,2,2,late,,1,54.22200454162942,54.22200454162942
C_NEW_CKPT_OLD_DATA,NEW,OLD,473,2,2,Ethylene,87.5,B5_GEy_F070_R1.txt,1,2,late,,1,89.83184094236424,89.83184094236424
C_NEW_CKPT_OLD_DATA,NEW,OLD,474,3,3,Methane,25.0,B5_GMe_F010_R2.txt,2,2,late,,1,25.0,25.0
C_NEW_CKPT_OLD_DATA,NEW,OLD,475,3,3,Methane,175.0,B5_GMe_F070_R2.txt,2,2,late,,1,183.78709373675784,183.78709373675784
C_NEW_CKPT_OLD_DATA,NEW,OLD,476,2,2,Ethylene,87.5,B5_GEy_F070_R1.txt,1,2,late,,1,82.02253196131326,82.02253196131326
C_NEW_CKPT_OLD_DATA,NEW,OLD,477,3,3,Methane,100.0,B5_GMe_F040_R2.txt,2,2,late,,1,104.66382933210215,104.66382933210215
C_NEW_CKPT_OLD_DATA,NEW,OLD,478,1,1,CO,25.0,B5_GCO_F010_R1.txt,1,2,late,,1,27.650133129140897,27.650133129140897
C_NEW_CKPT_OLD_DATA,NEW,OLD,479,2,2,Ethylene,25.0,B5_GEy_F020_R1.txt,1,2,late,,1,25.81500057215584,25.81500057215584
C_NEW_CKPT_OLD_DATA,NEW,OLD,480,3,3,Methane,200.0,B5_GMe_F080_R1.txt,1,2,late,,1,196.27512861382536,196.27512861382536
C_NEW_CKPT_OLD_DATA,NEW,OLD,481,0,0,Ethanol,50.0,B5_GEa_F040_R1.txt,1,2,late,,1,45.41181111271495,45.41181111271495
C_NEW_CKPT_OLD_DATA,NEW,OLD,482,3,3,Methane,125.0,B5_GMe_F050_R2.txt,2,2,late,,1,132.6768813502287,132.6768813502287
C_NEW_CKPT_OLD_DATA,NEW,OLD,483,2,2,Ethylene,100.0,B5_GEy_F080_R2.txt,2,2,late,,1,100.50632093477918,100.50632093477918
C_NEW_CKPT_OLD_DATA,NEW,OLD,484,3,3,Methane,25.0,B5_GMe_F010_R2.txt,2,2,late,,1,27.045155297634196,27.045155297634196
C_NEW_CKPT_OLD_DATA,NEW,OLD,485,3,3,Methane,25.0,B5_GMe_F010_R1.txt,1,2,late,,1,33.99350639102209,33.99350639102209
C_NEW_CKPT_OLD_DATA,NEW,OLD,486,0,0,Ethanol,25.0,B5_GEa_F020_R2.txt,2,2,late,,1,26.87120649843171,26.87120649843171
C_NEW_CKPT_OLD_DATA,NEW,OLD,487,3,3,Methane,250.0,B5_GMe_F100_R1.txt,1,2,late,,1,240.92202738861874,240.92202738861874
C_NEW_CKPT_OLD_DATA,NEW,OLD,488,0,0,Ethanol,37.5,B5_GEa_F030_R1.txt,1,2,late,,1,39.05306087920133,39.05306087920133
C_NEW_CKPT_OLD_DATA,NEW,OLD,489,0,0,Ethanol,87.5,B5_GEa_F070_R1.txt,1,2,late,,1,91.44155018535557,91.44155018535557
C_NEW_CKPT_OLD_DATA,NEW,OLD,490,1,1,CO,50.0,B5_GCO_F020_R1.txt,1,2,late,,1,35.06009523795744,35.06009523795744
C_NEW_CKPT_OLD_DATA,NEW,OLD,491,1,1,CO,225.0,B5_GCO_F090_R2.txt,2,2,late,,1,166.7711361650712,166.7711361650712
C_NEW_CKPT_OLD_DATA,NEW,OLD,492,1,1,CO,150.0,B5_GCO_F060_R2.txt,2,2,late,,1,150.56209778666187,150.56209778666187
C_NEW_CKPT_OLD_DATA,NEW,OLD,493,2,2,Ethylene,12.5,B5_GEy_F010_R1.txt,1,2,late,,1,12.5,12.5
C_NEW_CKPT_OLD_DATA,NEW,OLD,494,0,0,Ethanol,25.0,B5_GEa_F020_R2.txt,2,2,late,,1,23.458667095757523,23.458667095757523
C_NEW_CKPT_OLD_DATA,NEW,OLD,495,3,3,Methane,150.0,B5_GMe_F060_R1.txt,1,2,late,,1,142.90804561603062,142.90804561603062
C_NEW_CKPT_OLD_DATA,NEW,OLD,496,1,1,CO,125.0,B5_GCO_F050_R2.txt,2,2,late,,1,125.80630449979529,125.80630449979529
C_NEW_CKPT_OLD_DATA,NEW,OLD,497,2,2,Ethylene,37.5,B5_GEy_F030_R1.txt,1,2,late,,1,40.65807709818088,40.65807709818088
C_NEW_CKPT_OLD_DATA,NEW,OLD,498,2,2,Ethylene,37.5,B5_GEy_F030_R1.txt,1,2,late,,1,59.8059209935347,59.8059209935347
C_NEW_CKPT_OLD_DATA,NEW,OLD,499,1,1,CO,100.0,B5_GCO_F040_R2.txt,2,2,late,,1,94.1648464715878,94.1648464715878
C_NEW_CKPT_OLD_DATA,NEW,OLD,500,2,2,Ethylene,87.5,B5_GEy_F070_R2.txt,2,2,late,,1,125.0,125.0
C_NEW_CKPT_OLD_DATA,NEW,OLD,501,1,1,CO,225.0,B5_GCO_F090_R2.txt,2,2,late,,1,218.19054109663423,218.19054109663423
C_NEW_CKPT_OLD_DATA,NEW,OLD,502,1,1,CO,25.0,B5_GCO_F010_R2.txt,2,2,late,,1,25.469101466202034,25.469101466202034
C_NEW_CKPT_OLD_DATA,NEW,OLD,503,1,1,CO,250.0,B5_GCO_F100_R1.txt,1,2,late,,1,246.56276505450728,246.56276505450728
C_NEW_CKPT_OLD_DATA,NEW,OLD,504,2,2,Ethylene,12.5,B5_GEy_F010_R2.txt,2,2,late,,1,21.288760713722837,21.288760713722837
C_NEW_CKPT_OLD_DATA,NEW,OLD,505,3,3,Methane,250.0,B5_GMe_F100_R1.txt,1,2,late,,1,243.21775602978505,243.21775602978505
C_NEW_CKPT_OLD_DATA,NEW,OLD,506,3,3,Methane,150.0,B5_GMe_F060_R2.txt,2,2,late,,1,151.1076066527317,151.1076066527317
C_NEW_CKPT_OLD_DATA,NEW,OLD,507,0,0,Ethanol,75.0,B5_GEa_F060_R2.txt,2,2,late,,1,70.8266895034538,70.8266895034538
C_NEW_CKPT_OLD_DATA,NEW,OLD,508,1,1,CO,75.0,B5_GCO_F030_R2.txt,2,2,late,,1,84.0031899816517,84.0031899816517
C_NEW_CKPT_OLD_DATA,NEW,OLD,509,0,0,Ethanol,25.0,B5_GEa_F020_R1.txt,1,2,late,,1,23.929349694535144,23.929349694535144
C_NEW_CKPT_OLD_DATA,NEW,OLD,510,0,0,Ethanol,75.0,B5_GEa_F060_R2.txt,2,2,late,,1,65.17201179173048,65.17201179173048
C_NEW_CKPT_OLD_DATA,NEW,OLD,511,1,1,CO,225.0,B5_GCO_F090_R1.txt,1,2,late,,1,212.75459707334863,212.75459707334863
C_NEW_CKPT_OLD_DATA,NEW,OLD,512,0,0,Ethanol,87.5,B5_GEa_F070_R1.txt,1,2,late,,1,96.75771796202713,96.75771796202713
C_NEW_CKPT_OLD_DATA,NEW,OLD,513,1,1,CO,175.0,B5_GCO_F070_R2.txt,2,2,late,,1,171.1764981753941,171.1764981753941
C_NEW_CKPT_OLD_DATA,NEW,OLD,514,2,2,Ethylene,25.0,B5_GEy_F020_R2.txt,2,2,late,,1,22.470704059785135,22.470704059785135
C_NEW_CKPT_OLD_DATA,NEW,OLD,515,2,2,Ethylene,125.0,B5_GEy_F100_R1.txt,1,2,late,,1,123.22323009644197,123.22323009644197
C_NEW_CKPT_OLD_DATA,NEW,OLD,516,1,1,CO,100.0,B5_GCO_F040_R1.txt,1,2,late,,1,114.62115866974196,114.62115866974196
C_NEW_CKPT_OLD_DATA,NEW,OLD,517,2,2,Ethylene,125.0,B5_GEy_F100_R1.txt,1,2,late,,1,122.49585896999105,122.49585896999105
C_NEW_CKPT_OLD_DATA,NEW,OLD,518,2,2,Ethylene,50.0,B5_GEy_F040_R1.txt,1,2,late,,1,55.23756180409103,55.23756180409103
C_NEW_CKPT_OLD_DATA,NEW,OLD,519,2,2,Ethylene,25.0,B5_GEy_F020_R1.txt,1,2,late,,1,25.722636655264694,25.722636655264694
C_NEW_CKPT_OLD_DATA,NEW,OLD,520,2,2,Ethylene,37.5,B5_GEy_F030_R2.txt,2,2,late,,1,35.26377963824882,35.26377963824882
C_NEW_CKPT_OLD_DATA,NEW,OLD,521,2,2,Ethylene,75.0,B5_GEy_F060_R2.txt,2,2,late,,1,76.91391167148026,76.91391167148026
C_NEW_CKPT_OLD_DATA,NEW,OLD,522,2,2,Ethylene,25.0,B5_GEy_F020_R2.txt,2,2,late,,1,21.968212716978698,21.968212716978698
C_NEW_CKPT_OLD_DATA,NEW,OLD,523,1,1,CO,225.0,B5_GCO_F090_R1.txt,1,2,late,,1,219.99626817173214,219.99626817173214
C_NEW_CKPT_OLD_DATA,NEW,OLD,524,3,3,Methane,175.0,B5_GMe_F070_R1.txt,1,2,late,,1,163.12827111033144,163.12827111033144
C_NEW_CKPT_OLD_DATA,NEW,OLD,525,0,0,Ethanol,112.5,B5_GEa_F090_R2.txt,2,2,late,,1,112.455202717568,112.455202717568
C_NEW_CKPT_OLD_DATA,NEW,OLD,526,0,0,Ethanol,87.5,B5_GEa_F070_R1.txt,1,2,late,,1,86.24738987942578,86.24738987942578
C_NEW_CKPT_OLD_DATA,NEW,OLD,527,3,3,Methane,75.0,B5_GMe_F030_R2.txt,2,2,late,,1,74.86958090420245,74.86958090420245
C_NEW_CKPT_OLD_DATA,NEW,OLD,528,2,2,Ethylene,12.5,B5_GEy_F010_R2.txt,2,2,late,,1,13.13373179917052,13.13373179917052
C_NEW_CKPT_OLD_DATA,NEW,OLD,529,3,3,Methane,75.0,B5_GMe_F030_R2.txt,2,2,late,,1,73.74870689192753,73.74870689192753
C_NEW_CKPT_OLD_DATA,NEW,OLD,530,0,0,Ethanol,100.0,B5_GEa_F080_R1.txt,1,2,late,,1,94.4898653951959,94.4898653951959
C_NEW_CKPT_OLD_DATA,NEW,OLD,531,3,3,Methane,50.0,B5_GMe_F020_R2.txt,2,2,late,,1,37.84195903528821,37.84195903528821
C_NEW_CKPT_OLD_DATA,NEW,OLD,532,0,0,Ethanol,100.0,B5_GEa_F080_R1.txt,1,2,late,,1,91.763464275927,91.763464275927
C_NEW_CKPT_OLD_DATA,NEW,OLD,533,3,3,Methane,125.0,B5_GMe_F050_R2.txt,2,2,late,,1,131.53575686511118,131.53575686511118
C_NEW_CKPT_OLD_DATA,NEW,OLD,534,1,1,CO,25.0,B5_GCO_F010_R1.txt,1,2,late,,1,25.0,25.0
C_NEW_CKPT_OLD_DATA,NEW,OLD,535,2,2,Ethylene,25.0,B5_GEy_F020_R2.txt,2,2,late,,1,13.38591264172311,13.38591264172311
C_NEW_CKPT_OLD_DATA,NEW,OLD,536,3,3,Methane,125.0,B5_GMe_F050_R1.txt,1,2,late,,1,126.2796148796033,126.2796148796033
C_NEW_CKPT_OLD_DATA,NEW,OLD,537,0,0,Ethanol,125.0,B5_GEa_F100_R2.txt,2,2,late,,1,124.30447409042105,124.30447409042105
C_NEW_CKPT_OLD_DATA,NEW,OLD,538,1,1,CO,100.0,B5_GCO_F040_R1.txt,1,2,late,,1,118.0035421533449,118.0035421533449
C_NEW_CKPT_OLD_DATA,NEW,OLD,539,2,2,Ethylene,75.0,B5_GEy_F060_R1.txt,1,2,late,,1,68.98582263027501,68.98582263027501
C_NEW_CKPT_OLD_DATA,NEW,OLD,540,2,2,Ethylene,50.0,B5_GEy_F040_R2.txt,2,2,late,,1,53.17647869917903,53.17647869917903
C_NEW_CKPT_OLD_DATA,NEW,OLD,541,0,0,Ethanol,62.5,B5_GEa_F050_R2.txt,2,2,late,,1,64.97563065327974,64.97563065327974
C_NEW_CKPT_OLD_DATA,NEW,OLD,542,2,2,Ethylene,112.5,B5_GEy_F090_R2.txt,2,2,late,,1,114.45980467807703,114.45980467807703
C_NEW_CKPT_OLD_DATA,NEW,OLD,543,1,1,CO,50.0,B5_GCO_F020_R1.txt,1,2,late,,1,44.59522867253429,44.59522867253429
C_NEW_CKPT_OLD_DATA,NEW,OLD,544,3,3,Methane,25.0,B5_GMe_F010_R2.txt,2,2,late,,1,27.474540469674146,27.474540469674146
C_NEW_CKPT_OLD_DATA,NEW,OLD,545,2,2,Ethylene,37.5,B5_GEy_F030_R1.txt,1,2,late,,1,32.34263540854187,32.34263540854187
C_NEW_CKPT_OLD_DATA,NEW,OLD,546,2,2,Ethylene,100.0,B5_GEy_F080_R1.txt,1,2,late,,1,99.78423176973266,99.78423176973266
C_NEW_CKPT_OLD_DATA,NEW,OLD,547,3,3,Methane,100.0,B5_GMe_F040_R2.txt,2,2,late,,1,101.79442834847697,101.79442834847697
C_NEW_CKPT_OLD_DATA,NEW,OLD,548,3,3,Methane,250.0,B5_GMe_F100_R1.txt,1,2,late,,1,239.8283319646224,239.8283319646224
C_NEW_CKPT_OLD_DATA,NEW,OLD,549,3,3,Methane,175.0,B5_GMe_F070_R1.txt,1,2,late,,1,148.58189790561426,148.58189790561426
C_NEW_CKPT_OLD_DATA,NEW,OLD,550,1,1,CO,225.0,B5_GCO_F090_R2.txt,2,2,late,,1,221.21093883642024,221.21093883642024
C_NEW_CKPT_OLD_DATA,NEW,OLD,551,1,1,CO,100.0,B5_GCO_F040_R1.txt,1,2,late,,1,135.4313602708682,135.4313602708682
C_NEW_CKPT_OLD_DATA,NEW,OLD,552,3,3,Methane,100.0,B5_GMe_F040_R1.txt,1,2,late,,1,90.2947131107602,90.2947131107602
C_NEW_CKPT_OLD_DATA,NEW,OLD,553,3,1,Methane,225.0,B5_GMe_F090_R1.txt,1,2,late,,0,25.0,216.2318374580656
C_NEW_CKPT_OLD_DATA,NEW,OLD,554,2,2,Ethylene,62.5,B5_GEy_F050_R2.txt,2,2,late,,1,66.43312540303259,66.43312540303259
C_NEW_CKPT_OLD_DATA,NEW,OLD,555,2,2,Ethylene,112.5,B5_GEy_F090_R1.txt,1,2,late,,1,100.77541623231444,100.77541623231444
C_NEW_CKPT_OLD_DATA,NEW,OLD,556,0,0,Ethanol,62.5,B5_GEa_F050_R2.txt,2,2,late,,1,63.47186779597297,63.47186779597297
C_NEW_CKPT_OLD_DATA,NEW,OLD,557,3,3,Methane,75.0,B5_GMe_F030_R2.txt,2,2,late,,1,69.32312293957028,69.32312293957028
C_NEW_CKPT_OLD_DATA,NEW,OLD,558,0,0,Ethanol,125.0,B5_GEa_F100_R1.txt,1,2,late,,1,125.0,125.0
C_NEW_CKPT_OLD_DATA,NEW,OLD,559,2,2,Ethylene,100.0,B5_GEy_F080_R2.txt,2,2,late,,1,101.20560509587034,101.20560509587034
C_NEW_CKPT_OLD_DATA,NEW,OLD,560,2,2,Ethylene,87.5,B5_GEy_F070_R1.txt,1,2,late,,1,79.40902052771835,79.40902052771835
C_NEW_CKPT_OLD_DATA,NEW,OLD,561,1,1,CO,75.0,B5_GCO_F030_R2.txt,2,2,late,,1,117.78379037200075,117.78379037200075
C_NEW_CKPT_OLD_DATA,NEW,OLD,562,1,1,CO,75.0,B5_GCO_F030_R2.txt,2,2,late,,1,100.73969720259264,100.73969720259264
C_NEW_CKPT_OLD_DATA,NEW,OLD,563,3,3,Methane,225.0,B5_GMe_F090_R2.txt,2,2,late,,1,214.22824681063662,214.22824681063662
C_NEW_CKPT_OLD_DATA,NEW,OLD,564,0,0,Ethanol,50.0,B5_GEa_F040_R1.txt,1,2,late,,1,50.52814106553812,50.52814106553812
C_NEW_CKPT_OLD_DATA,NEW,OLD,565,0,0,Ethanol,62.5,B5_GEa_F050_R1.txt,1,2,late,,1,66.2417529994174,66.2417529994174
C_NEW_CKPT_OLD_DATA,NEW,OLD,566,3,3,Methane,25.0,B5_GMe_F010_R1.txt,1,2,late,,1,27.62007193747219,27.62007193747219
C_NEW_CKPT_OLD_DATA,NEW,OLD,567,0,0,Ethanol,50.0,B5_GEa_F040_R1.txt,1,2,late,,1,49.664287081045615,49.664287081045615
C_NEW_CKPT_OLD_DATA,NEW,OLD,568,3,3,Methane,50.0,B5_GMe_F020_R2.txt,2,2,late,,1,43.017504669508,43.017504669508
C_NEW_CKPT_OLD_DATA,NEW,OLD,569,1,1,CO,125.0,B5_GCO_F050_R2.txt,2,2,late,,1,124.09671001399194,124.09671001399194
C_NEW_CKPT_OLD_DATA,NEW,OLD,570,3,3,Methane,75.0,B5_GMe_F030_R1.txt,1,2,late,,1,72.47103587718115,72.47103587718115
C_NEW_CKPT_OLD_DATA,NEW,OLD,571,0,0,Ethanol,112.5,B5_GEa_F090_R1.txt,1,2,late,,1,105.72172574878323,105.72172574878323
C_NEW_CKPT_OLD_DATA,NEW,OLD,572,3,3,Methane,100.0,B5_GMe_F040_R1.txt,1,2,late,,1,98.7316988806666,98.7316988806666
C_NEW_CKPT_OLD_DATA,NEW,OLD,573,2,2,Ethylene,125.0,B5_GEy_F100_R1.txt,1,2,late,,1,119.20343007071494,119.20343007071494
C_NEW_CKPT_OLD_DATA,NEW,OLD,574,3,3,Methane,250.0,B5_GMe_F100_R2.txt,2,2,late,,1,237.87375681051668,237.87375681051668
C_NEW_CKPT_OLD_DATA,NEW,OLD,575,3,3,Methane,100.0,B5_GMe_F040_R2.txt,2,2,late,,1,106.5159508893918,106.5159508893918
C_NEW_CKPT_OLD_DATA,NEW,OLD,576,2,2,Ethylene,87.5,B5_GEy_F070_R2.txt,2,2,late,,1,96.0382604703352,96.0382604703352
C_NEW_CKPT_OLD_DATA,NEW,OLD,577,0,0,Ethanol,75.0,B5_GEa_F060_R2.txt,2,2,late,,1,69.49631139994172,69.49631139994172
C_NEW_CKPT_OLD_DATA,NEW,OLD,578,0,0,Ethanol,25.0,B5_GEa_F020_R2.txt,2,2,late,,1,22.60384079240248,22.60384079240248
C_NEW_CKPT_OLD_DATA,NEW,OLD,579,1,1,CO,125.0,B5_GCO_F050_R1.txt,1,2,late,,1,120.6024441206012,120.6024441206012
C_NEW_CKPT_OLD_DATA,NEW,OLD,580,2,2,Ethylene,125.0,B5_GEy_F100_R1.txt,1,2,late,,1,125.0,125.0
C_NEW_CKPT_OLD_DATA,NEW,OLD,581,0,0,Ethanol,25.0,B5_GEa_F020_R1.txt,1,2,late,,1,24.213390034039854,24.213390034039854
C_NEW_CKPT_OLD_DATA,NEW,OLD,582,2,2,Ethylene,100.0,B5_GEy_F080_R1.txt,1,2,late,,1,97.31255801378143,97.31255801378143
C_NEW_CKPT_OLD_DATA,NEW,OLD,583,0,0,Ethanol,37.5,B5_GEa_F030_R1.txt,1,2,late,,1,38.66099428122507,38.66099428122507
C_NEW_CKPT_OLD_DATA,NEW,OLD,584,3,3,Methane,200.0,B5_GMe_F080_R2.txt,2,2,late,,1,198.97648041821407,198.97648041821407
C_NEW_CKPT_OLD_DATA,NEW,OLD,585,1,1,CO,150.0,B5_GCO_F060_R1.txt,1,2,late,,1,149.38823807239385,149.38823807239385
C_NEW_CKPT_OLD_DATA,NEW,OLD,586,3,3,Methane,175.0,B5_GMe_F070_R2.txt,2,2,late,,1,185.87899258592154,185.87899258592154
C_NEW_CKPT_OLD_DATA,NEW,OLD,587,1,1,CO,25.0,B5_GCO_F010_R1.txt,1,2,late,,1,25.0,25.0
C_NEW_CKPT_OLD_DATA,NEW,OLD,588,3,3,Methane,100.0,B5_GMe_F040_R1.txt,1,2,late,,1,106.67564799682755,106.67564799682755
C_NEW_CKPT_OLD_DATA,NEW,OLD,589,0,0,Ethanol,37.5,B5_GEa_F030_R2.txt,2,2,late,,1,40.75107428221693,40.75107428221693
C_NEW_CKPT_OLD_DATA,NEW,OLD,590,3,3,Methane,150.0,B5_GMe_F060_R1.txt,1,2,late,,1,149.20393857797126,149.20393857797126
C_NEW_CKPT_OLD_DATA,NEW,OLD,591,2,2,Ethylene,75.0,B5_GEy_F060_R2.txt,2,2,late,,1,82.19962644930163,82.19962644930163
C_NEW_CKPT_OLD_DATA,NEW,OLD,592,3,3,Methane,100.0,B5_GMe_F040_R1.txt,1,2,late,,1,104.52382350737625,104.52382350737625
C_NEW_CKPT_OLD_DATA,NEW,OLD,593,1,1,CO,75.0,B5_GCO_F030_R1.txt,1,2,late,,1,82.12835221139615,82.12835221139615
C_NEW_CKPT_OLD_DATA,NEW,OLD,594,3,3,Methane,200.0,B5_GMe_F080_R1.txt,1,2,late,,1,250.0,250.0
C_NEW_CKPT_OLD_DATA,NEW,OLD,595,2,2,Ethylene,50.0,B5_GEy_F040_R2.txt,2,2,late,,1,47.45264600196401,47.45264600196401
C_NEW_CKPT_OLD_DATA,NEW,OLD,596,0,0,Ethanol,87.5,B5_GEa_F070_R1.txt,1,2,late,,1,86.94150659295887,86.94150659295887
C_NEW_CKPT_OLD_DATA,NEW,OLD,597,0,0,Ethanol,12.5,B5_GEa_F010_R2.txt,2,2,late,,1,15.597043560215912,15.597043560215912
C_NEW_CKPT_OLD_DATA,NEW,OLD,598,3,3,Methane,125.0,B5_GMe_F050_R2.txt,2,2,late,,1,132.63608916917053,132.63608916917053
C_NEW_CKPT_OLD_DATA,NEW,OLD,599,2,2,Ethylene,37.5,B5_GEy_F030_R2.txt,2,2,late,,1,38.052416027756465,38.052416027756465
C_NEW_CKPT_OLD_DATA,NEW,OLD,600,1,1,CO,100.0,B5_GCO_F040_R2.txt,2,2,late,,1,101.71912428669995,101.71912428669995
C_NEW_CKPT_OLD_DATA,NEW,OLD,601,3,3,Methane,200.0,B5_GMe_F080_R1.txt,1,2,late,,1,210.6626136975155,210.6626136975155
C_NEW_CKPT_OLD_DATA,NEW,OLD,602,0,0,Ethanol,75.0,B5_GEa_F060_R1.txt,1,2,late,,1,73.11253495107155,73.11253495107155
C_NEW_CKPT_OLD_DATA,NEW,OLD,603,1,1,CO,225.0,B5_GCO_F090_R1.txt,1,2,late,,1,196.2793356138086,196.2793356138086
C_NEW_CKPT_OLD_DATA,NEW,OLD,604,3,3,Methane,50.0,B5_GMe_F020_R1.txt,1,2,late,,1,48.103094526070045,48.103094526070045
C_NEW_CKPT_OLD_DATA,NEW,OLD,605,0,0,Ethanol,12.5,B5_GEa_F010_R1.txt,1,2,late,,1,12.5,12.5
C_NEW_CKPT_OLD_DATA,NEW,OLD,606,1,1,CO,225.0,B5_GCO_F090_R1.txt,1,2,late,,1,245.01996877188122,245.01996877188122
C_NEW_CKPT_OLD_DATA,NEW,OLD,607,3,3,Methane,175.0,B5_GMe_F070_R1.txt,1,2,late,,1,171.26274198762246,171.26274198762246
C_NEW_CKPT_OLD_DATA,NEW,OLD,608,0,0,Ethanol,100.0,B5_GEa_F080_R1.txt,1,2,late,,1,96.984621297129,96.984621297129
C_NEW_CKPT_OLD_DATA,NEW,OLD,609,2,2,Ethylene,112.5,B5_GEy_F090_R1.txt,1,2,late,,1,115.41283402152499,115.41283402152499
C_NEW_CKPT_OLD_DATA,NEW,OLD,610,0,0,Ethanol,112.5,B5_GEa_F090_R2.txt,2,2,late,,1,114.61165879391388,114.61165879391388
C_NEW_CKPT_OLD_DATA,NEW,OLD,611,3,3,Methane,125.0,B5_GMe_F050_R2.txt,2,2,late,,1,126.73433740770844,126.73433740770844
C_NEW_CKPT_OLD_DATA,NEW,OLD,612,1,1,CO,175.0,B5_GCO_F070_R2.txt,2,2,late,,1,172.39916782777865,172.39916782777865
C_NEW_CKPT_OLD_DATA,NEW,OLD,613,2,2,Ethylene,37.5,B5_GEy_F030_R1.txt,1,2,late,,1,31.92142500882443,31.92142500882443
C_NEW_CKPT_OLD_DATA,NEW,OLD,614,3,3,Methane,150.0,B5_GMe_F060_R2.txt,2,2,late,,1,148.75945761885737,148.75945761885737
C_NEW_CKPT_OLD_DATA,NEW,OLD,615,0,0,Ethanol,125.0,B5_GEa_F100_R2.txt,2,2,late,,1,125.0,125.0
C_NEW_CKPT_OLD_DATA,NEW,OLD,616,1,1,CO,100.0,B5_GCO_F040_R2.txt,2,2,late,,1,90.95621969198679,90.95621969198679
C_NEW_CKPT_OLD_DATA,NEW,OLD,617,1,1,CO,150.0,B5_GCO_F060_R1.txt,1,2,late,,1,137.05591821758037,137.05591821758037
C_NEW_CKPT_OLD_DATA,NEW,OLD,618,0,0,Ethanol,25.0,B5_GEa_F020_R1.txt,1,2,late,,1,20.57775985000366,20.57775985000366
C_NEW_CKPT_OLD_DATA,NEW,OLD,619,2,2,Ethylene,37.5,B5_GEy_F030_R1.txt,1,2,late,,1,37.55633742479168,37.55633742479168
C_NEW_CKPT_OLD_DATA,NEW,OLD,620,0,0,Ethanol,50.0,B5_GEa_F040_R1.txt,1,2,late,,1,45.364841515753824,45.364841515753824
C_NEW_CKPT_OLD_DATA,NEW,OLD,621,2,2,Ethylene,125.0,B5_GEy_F100_R2.txt,2,2,late,,1,125.0,125.0
C_NEW_CKPT_OLD_DATA,NEW,OLD,622,3,3,Methane,175.0,B5_GMe_F070_R2.txt,2,2,late,,1,171.02094741109497,171.02094741109497
C_NEW_CKPT_OLD_DATA,NEW,OLD,623,1,1,CO,200.0,B5_GCO_F080_R2.txt,2,2,late,,1,182.17600019417893,182.17600019417893
C_NEW_CKPT_OLD_DATA,NEW,OLD,624,1,1,CO,150.0,B5_GCO_F060_R1.txt,1,2,late,,1,142.37966658773092,142.37966658773092
C_NEW_CKPT_OLD_DATA,NEW,OLD,625,1,1,CO,175.0,B5_GCO_F070_R1.txt,1,2,late,,1,175.31753914790204,175.31753914790204
C_NEW_CKPT_OLD_DATA,NEW,OLD,626,0,0,Ethanol,125.0,B5_GEa_F100_R2.txt,2,2,late,,1,125.0,125.0
C_NEW_CKPT_OLD_DATA,NEW,OLD,627,1,1,CO,125.0,B5_GCO_F050_R1.txt,1,2,late,,1,119.54372768319377,119.54372768319377
C_NEW_CKPT_OLD_DATA,NEW,OLD,628,3,3,Methane,75.0,B5_GMe_F030_R2.txt,2,2,late,,1,74.92559603119535,74.92559603119535
C_NEW_CKPT_OLD_DATA,NEW,OLD,629,2,2,Ethylene,100.0,B5_GEy_F080_R2.txt,2,2,late,,1,85.98484148939042,85.98484148939042
C_NEW_CKPT_OLD_DATA,NEW,OLD,630,0,0,Ethanol,75.0,B5_GEa_F060_R1.txt,1,2,late,,1,70.63742547877243,70.63742547877243
C_NEW_CKPT_OLD_DATA,NEW,OLD,631,2,2,Ethylene,12.5,B5_GEy_F010_R1.txt,1,2,late,,1,13.817872003639934,13.817872003639934
C_NEW_CKPT_OLD_DATA,NEW,OLD,632,2,2,Ethylene,112.5,B5_GEy_F090_R2.txt,2,2,late,,1,111.87549421880834,111.87549421880834
C_NEW_CKPT_OLD_DATA,NEW,OLD,633,1,1,CO,50.0,B5_GCO_F020_R2.txt,2,2,late,,1,25.0,25.0
C_NEW_CKPT_OLD_DATA,NEW,OLD,634,0,0,Ethanol,50.0,B5_GEa_F040_R2.txt,2,2,late,,1,44.88283984415199,44.88283984415199
C_NEW_CKPT_OLD_DATA,NEW,OLD,635,3,3,Methane,125.0,B5_GMe_F050_R2.txt,2,2,late,,1,123.29094988648447,123.29094988648447
C_NEW_CKPT_OLD_DATA,NEW,OLD,636,0,0,Ethanol,75.0,B5_GEa_F060_R1.txt,1,2,late,,1,74.1828779663557,74.1828779663557
C_NEW_CKPT_OLD_DATA,NEW,OLD,637,1,1,CO,175.0,B5_GCO_F070_R1.txt,1,2,late,,1,177.49294832760958,177.49294832760958
C_NEW_CKPT_OLD_DATA,NEW,OLD,638,0,0,Ethanol,62.5,B5_GEa_F050_R2.txt,2,2,late,,1,64.13518620248743,64.13518620248743
C_NEW_CKPT_OLD_DATA,NEW,OLD,639,0,0,Ethanol,12.5,B5_GEa_F010_R2.txt,2,2,late,,1,12.5,12.5
C_NEW_CKPT_OLD_DATA,NEW,OLD,640,3,3,Methane,50.0,B5_GMe_F020_R1.txt,1,2,late,,1,47.87168588903286,47.87168588903286
C_NEW_CKPT_OLD_DATA,NEW,OLD,641,1,1,CO,175.0,B5_GCO_F070_R2.txt,2,2,late,,1,173.89656433298526,173.89656433298526
C_NEW_CKPT_OLD_DATA,NEW,OLD,642,2,2,Ethylene,50.0,B5_GEy_F040_R1.txt,1,2,late,,1,50.16301722640773,50.16301722640773
C_NEW_CKPT_OLD_DATA,NEW,OLD,643,2,2,Ethylene,25.0,B5_GEy_F020_R2.txt,2,2,late,,1,24.00439263698037,24.00439263698037
C_NEW_CKPT_OLD_DATA,NEW,OLD,644,3,3,Methane,225.0,B5_GMe_F090_R2.txt,2,2,late,,1,237.68607190806782,237.68607190806782
C_NEW_CKPT_OLD_DATA,NEW,OLD,645,1,1,CO,125.0,B5_GCO_F050_R2.txt,2,2,late,,1,124.93437441621936,124.93437441621936
C_NEW_CKPT_OLD_DATA,NEW,OLD,646,1,1,CO,25.0,B5_GCO_F010_R1.txt,1,2,late,,1,25.0,25.0
C_NEW_CKPT_OLD_DATA,NEW,OLD,647,0,0,Ethanol,12.5,B5_GEa_F010_R1.txt,1,2,late,,1,12.5,12.5
C_NEW_CKPT_OLD_DATA,NEW,OLD,648,0,0,Ethanol,37.5,B5_GEa_F030_R2.txt,2,2,late,,1,42.7795129915285,42.7795129915285
C_NEW_CKPT_OLD_DATA,NEW,OLD,649,1,1,CO,200.0,B5_GCO_F080_R1.txt,1,2,late,,1,224.58492066732356,224.58492066732356
C_NEW_CKPT_OLD_DATA,NEW,OLD,650,1,1,CO,50.0,B5_GCO_F020_R1.txt,1,2,late,,1,46.24204948986027,46.24204948986027
C_NEW_CKPT_OLD_DATA,NEW,OLD,651,1,1,CO,150.0,B5_GCO_F060_R2.txt,2,2,late,,1,139.51170057850584,139.51170057850584
C_NEW_CKPT_OLD_DATA,NEW,OLD,652,1,1,CO,125.0,B5_GCO_F050_R1.txt,1,2,late,,1,125.20060931568706,125.20060931568706
C_NEW_CKPT_OLD_DATA,NEW,OLD,653,0,0,Ethanol,62.5,B5_GEa_F050_R2.txt,2,2,late,,1,64.55738025595802,64.55738025595802
C_NEW_CKPT_OLD_DATA,NEW,OLD,654,1,1,CO,75.0,B5_GCO_F030_R2.txt,2,2,late,,1,79.4509507437794,79.4509507437794
C_NEW_CKPT_OLD_DATA,NEW,OLD,655,3,3,Methane,250.0,B5_GMe_F100_R1.txt,1,2,late,,1,239.33533346195853,239.33533346195853
C_NEW_CKPT_OLD_DATA,NEW,OLD,656,3,3,Methane,175.0,B5_GMe_F070_R2.txt,2,2,late,,1,174.2079510899024,174.2079510899024
C_NEW_CKPT_OLD_DATA,NEW,OLD,657,1,1,CO,200.0,B5_GCO_F080_R1.txt,1,2,late,,1,222.5181522958073,222.5181522958073
C_NEW_CKPT_OLD_DATA,NEW,OLD,658,0,0,Ethanol,62.5,B5_GEa_F050_R1.txt,1,2,late,,1,65.57926725876334,65.57926725876334
C_NEW_CKPT_OLD_DATA,NEW,OLD,659,2,2,Ethylene,25.0,B5_GEy_F020_R2.txt,2,2,late,,1,25.24535929203668,25.24535929203668
C_NEW_CKPT_OLD_DATA,NEW,OLD,660,3,3,Methane,75.0,B5_GMe_F030_R2.txt,2,2,late,,1,75.64988181166007,75.64988181166007
C_NEW_CKPT_OLD_DATA,NEW,OLD,661,0,0,Ethanol,112.5,B5_GEa_F090_R1.txt,1,2,late,,1,106.48297523853384,106.48297523853384
C_NEW_CKPT_OLD_DATA,NEW,OLD,662,0,0,Ethanol,100.0,B5_GEa_F080_R2.txt,2,2,late,,1,101.58467732207853,101.58467732207853
C_NEW_CKPT_OLD_DATA,NEW,OLD,663,3,3,Methane,25.0,B5_GMe_F010_R2.txt,2,2,late,,1,35.171628017570384,35.171628017570384
C_NEW_CKPT_OLD_DATA,NEW,OLD,664,0,0,Ethanol,87.5,B5_GEa_F070_R2.txt,2,2,late,,1,93.03239251955618,93.03239251955618
C_NEW_CKPT_OLD_DATA,NEW,OLD,665,2,2,Ethylene,12.5,B5_GEy_F010_R2.txt,2,2,late,,1,12.5,12.5
C_NEW_CKPT_OLD_DATA,NEW,OLD,666,3,3,Methane,175.0,B5_GMe_F070_R1.txt,1,2,late,,1,175.21494378560976,175.21494378560976
C_NEW_CKPT_OLD_DATA,NEW,OLD,667,3,3,Methane,25.0,B5_GMe_F010_R2.txt,2,2,late,,1,25.0,25.0
C_NEW_CKPT_OLD_DATA,NEW,OLD,668,2,2,Ethylene,87.5,B5_GEy_F070_R2.txt,2,2,late,,1,83.45311938518236,83.45311938518236
C_NEW_CKPT_OLD_DATA,NEW,OLD,669,0,0,Ethanol,62.5,B5_GEa_F050_R2.txt,2,2,late,,1,62.11381273827163,62.11381273827163
C_NEW_CKPT_OLD_DATA,NEW,OLD,670,2,2,Ethylene,112.5,B5_GEy_F090_R1.txt,1,2,late,,1,113.57522632389569,113.57522632389569
C_NEW_CKPT_OLD_DATA,NEW,OLD,671,2,2,Ethylene,87.5,B5_GEy_F070_R1.txt,1,2,late,,1,83.92235607704268,83.92235607704268
C_NEW_CKPT_OLD_DATA,NEW,OLD,672,0,0,Ethanol,37.5,B5_GEa_F030_R1.txt,1,2,late,,1,41.55560684599149,41.55560684599149
C_NEW_CKPT_OLD_DATA,NEW,OLD,673,1,1,CO,250.0,B5_GCO_F100_R1.txt,1,2,late,,1,221.69413271262562,221.69413271262562
C_NEW_CKPT_OLD_DATA,NEW,OLD,674,2,2,Ethylene,75.0,B5_GEy_F060_R2.txt,2,2,late,,1,67.79451577251947,67.79451577251947
C_NEW_CKPT_OLD_DATA,NEW,OLD,675,2,2,Ethylene,125.0,B5_GEy_F100_R1.txt,1,2,late,,1,123.30333168255265,123.30333168255265
C_NEW_CKPT_OLD_DATA,NEW,OLD,676,3,3,Methane,225.0,B5_GMe_F090_R2.txt,2,2,late,,1,233.67104168235375,233.67104168235375
C_NEW_CKPT_OLD_DATA,NEW,OLD,677,2,2,Ethylene,125.0,B5_GEy_F100_R2.txt,2,2,late,,1,119.41891613597012,119.41891613597012
C_NEW_CKPT_OLD_DATA,NEW,OLD,678,0,0,Ethanol,125.0,B5_GEa_F100_R1.txt,1,2,late,,1,124.35892053459405,124.35892053459405
C_NEW_CKPT_OLD_DATA,NEW,OLD,679,2,2,Ethylene,87.5,B5_GEy_F070_R1.txt,1,2,late,,1,85.86193186409065,85.86193186409065
C_NEW_CKPT_OLD_DATA,NEW,OLD,680,1,1,CO,150.0,B5_GCO_F060_R1.txt,1,2,late,,1,154.91257783600648,154.91257783600648
C_NEW_CKPT_OLD_DATA,NEW,OLD,681,2,2,Ethylene,50.0,B5_GEy_F040_R2.txt,2,2,late,,1,51.94718681327811,51.94718681327811
C_NEW_CKPT_OLD_DATA,NEW,OLD,682,2,2,Ethylene,25.0,B5_GEy_F020_R2.txt,2,2,late,,1,25.908849624124727,25.908849624124727
C_NEW_CKPT_OLD_DATA,NEW,OLD,683,1,1,CO,125.0,B5_GCO_F050_R2.txt,2,2,late,,1,106.7059208970327,106.7059208970327
C_NEW_CKPT_OLD_DATA,NEW,OLD,684,2,1,Ethylene,87.5,B5_GEy_F070_R2.txt,2,2,late,,0,232.32094626752385,125.0
C_NEW_CKPT_OLD_DATA,NEW,OLD,685,2,2,Ethylene,75.0,B5_GEy_F060_R1.txt,1,2,late,,1,72.29368405711807,72.29368405711807
C_NEW_CKPT_OLD_DATA,NEW,OLD,686,0,0,Ethanol,25.0,B5_GEa_F020_R2.txt,2,2,late,,1,27.35379606526728,27.35379606526728
C_NEW_CKPT_OLD_DATA,NEW,OLD,687,3,3,Methane,75.0,B5_GMe_F030_R2.txt,2,2,late,,1,68.90725297522512,68.90725297522512
C_NEW_CKPT_OLD_DATA,NEW,OLD,688,2,2,Ethylene,125.0,B5_GEy_F100_R1.txt,1,2,late,,1,111.55381764621552,111.55381764621552
C_NEW_CKPT_OLD_DATA,NEW,OLD,689,0,0,Ethanol,112.5,B5_GEa_F090_R2.txt,2,2,late,,1,115.06902595739474,115.06902595739474
C_NEW_CKPT_OLD_DATA,NEW,OLD,690,1,1,CO,225.0,B5_GCO_F090_R2.txt,2,2,late,,1,215.79297987493342,215.79297987493342
C_NEW_CKPT_OLD_DATA,NEW,OLD,691,2,2,Ethylene,75.0,B5_GEy_F060_R2.txt,2,2,late,,1,67.62031464865527,67.62031464865527
C_NEW_CKPT_OLD_DATA,NEW,OLD,692,2,2,Ethylene,62.5,B5_GEy_F050_R1.txt,1,2,late,,1,57.1318181861713,57.1318181861713
C_NEW_CKPT_OLD_DATA,NEW,OLD,693,1,1,CO,175.0,B5_GCO_F070_R2.txt,2,2,late,,1,184.04944879312774,184.04944879312774
C_NEW_CKPT_OLD_DATA,NEW,OLD,694,1,1,CO,25.0,B5_GCO_F010_R1.txt,1,2,late,,1,25.0,25.0
C_NEW_CKPT_OLD_DATA,NEW,OLD,695,1,1,CO,200.0,B5_GCO_F080_R2.txt,2,2,late,,1,198.38133060336412,198.38133060336412
C_NEW_CKPT_OLD_DATA,NEW,OLD,696,1,1,CO,100.0,B5_GCO_F040_R1.txt,1,2,late,,1,105.55567656285727,105.55567656285727
C_NEW_CKPT_OLD_DATA,NEW,OLD,697,3,3,Methane,175.0,B5_GMe_F070_R2.txt,2,2,late,,1,171.44692089519657,171.44692089519657
C_NEW_CKPT_OLD_DATA,NEW,OLD,698,1,1,CO,50.0,B5_GCO_F020_R1.txt,1,2,late,,1,47.144453217751604,47.144453217751604
C_NEW_CKPT_OLD_DATA,NEW,OLD,699,2,2,Ethylene,100.0,B5_GEy_F080_R2.txt,2,2,late,,1,99.86662581901047,99.86662581901047
C_NEW_CKPT_OLD_DATA,NEW,OLD,700,1,1,CO,125.0,B5_GCO_F050_R1.txt,1,2,late,,1,123.54412617092972,123.54412617092972
C_NEW_CKPT_OLD_DATA,NEW,OLD,701,2,1,Ethylene,12.5,B5_GEy_F010_R2.txt,2,2,late,,0,250.0,20.70461461049348
C_NEW_CKPT_OLD_DATA,NEW,OLD,702,1,1,CO,150.0,B5_GCO_F060_R2.txt,2,2,late,,1,163.20175034592887,163.20175034592887
C_NEW_CKPT_OLD_DATA,NEW,OLD,703,2,2,Ethylene,75.0,B5_GEy_F060_R1.txt,1,2,late,,1,74.10630614017097,74.10630614017097
C_NEW_CKPT_OLD_DATA,NEW,OLD,704,2,2,Ethylene,100.0,B5_GEy_F080_R1.txt,1,2,late,,1,94.30614448796126,94.30614448796126
C_NEW_CKPT_OLD_DATA,NEW,OLD,705,2,2,Ethylene,87.5,B5_GEy_F070_R2.txt,2,2,late,,1,125.0,125.0
C_NEW_CKPT_OLD_DATA,NEW,OLD,706,3,3,Methane,25.0,B5_GMe_F010_R2.txt,2,2,late,,1,25.0,25.0
C_NEW_CKPT_OLD_DATA,NEW,OLD,707,1,1,CO,50.0,B5_GCO_F020_R2.txt,2,2,late,,1,56.89594600535234,56.89594600535234
C_NEW_CKPT_OLD_DATA,NEW,OLD,708,1,1,CO,100.0,B5_GCO_F040_R1.txt,1,2,late,,1,101.02324927545249,101.02324927545249
C_NEW_CKPT_OLD_DATA,NEW,OLD,709,2,2,Ethylene,125.0,B5_GEy_F100_R2.txt,2,2,late,,1,125.0,125.0
C_NEW_CKPT_OLD_DATA,NEW,OLD,710,0,0,Ethanol,62.5,B5_GEa_F050_R2.txt,2,2,late,,1,65.6035858890227,65.6035858890227
C_NEW_CKPT_OLD_DATA,NEW,OLD,711,0,0,Ethanol,50.0,B5_GEa_F040_R1.txt,1,2,late,,1,47.5655396351426,47.5655396351426
C_NEW_CKPT_OLD_DATA,NEW,OLD,712,2,2,Ethylene,112.5,B5_GEy_F090_R2.txt,2,2,late,,1,115.24044009129437,115.24044009129437
C_NEW_CKPT_OLD_DATA,NEW,OLD,713,2,1,Ethylene,12.5,B5_GEy_F010_R2.txt,2,2,late,,0,250.0,12.5
C_NEW_CKPT_OLD_DATA,NEW,OLD,714,3,3,Methane,75.0,B5_GMe_F030_R2.txt,2,2,late,,1,70.82670607254455,70.82670607254455
C_NEW_CKPT_OLD_DATA,NEW,OLD,715,0,2,Ethanol,12.5,B5_GEa_F010_R1.txt,1,2,late,,0,12.5,16.69219159015328
C_NEW_CKPT_OLD_DATA,NEW,OLD,716,0,0,Ethanol,112.5,B5_GEa_F090_R2.txt,2,2,late,,1,110.73057212595734,110.73057212595734
C_NEW_CKPT_OLD_DATA,NEW,OLD,717,2,2,Ethylene,87.5,B5_GEy_F070_R2.txt,2,2,late,,1,82.97361984160676,82.97361984160676
C_NEW_CKPT_OLD_DATA,NEW,OLD,718,2,1,Ethylene,87.5,B5_GEy_F070_R2.txt,2,2,late,,0,89.89271885649458,125.0
C_NEW_CKPT_OLD_DATA,NEW,OLD,719,1,1,CO,25.0,B5_GCO_F010_R1.txt,1,2,late,,1,36.18137689138801,36.18137689138801
C_NEW_CKPT_OLD_DATA,NEW,OLD,720,2,2,Ethylene,112.5,B5_GEy_F090_R2.txt,2,2,late,,1,112.7623015430809,112.7623015430809
C_NEW_CKPT_OLD_DATA,NEW,OLD,721,2,2,Ethylene,25.0,B5_GEy_F020_R2.txt,2,2,late,,1,21.086235697355733,21.086235697355733
C_NEW_CKPT_OLD_DATA,NEW,OLD,722,2,2,Ethylene,62.5,B5_GEy_F050_R2.txt,2,2,late,,1,62.75632164845692,62.75632164845692
C_NEW_CKPT_OLD_DATA,NEW,OLD,723,3,3,Methane,50.0,B5_GMe_F020_R1.txt,1,2,late,,1,45.2716080322569,45.2716080322569
C_NEW_CKPT_OLD_DATA,NEW,OLD,724,3,3,Methane,250.0,B5_GMe_F100_R1.txt,1,2,late,,1,250.0,250.0
C_NEW_CKPT_OLD_DATA,NEW,OLD,725,0,0,Ethanol,87.5,B5_GEa_F070_R1.txt,1,2,late,,1,106.12255455205612,106.12255455205612
C_NEW_CKPT_OLD_DATA,NEW,OLD,726,2,2,Ethylene,25.0,B5_GEy_F020_R2.txt,2,2,late,,1,27.1787667326102,27.1787667326102
C_NEW_CKPT_OLD_DATA,NEW,OLD,727,0,0,Ethanol,12.5,B5_GEa_F010_R2.txt,2,2,late,,1,12.842888102899103,12.842888102899103
C_NEW_CKPT_OLD_DATA,NEW,OLD,728,2,2,Ethylene,25.0,B5_GEy_F020_R1.txt,1,2,late,,1,22.257376517165028,22.257376517165028
C_NEW_CKPT_OLD_DATA,NEW,OLD,729,0,0,Ethanol,75.0,B5_GEa_F060_R2.txt,2,2,late,,1,62.94114793775053,62.94114793775053
C_NEW_CKPT_OLD_DATA,NEW,OLD,730,3,1,Methane,125.0,B5_GMe_F050_R1.txt,1,2,late,,0,250.0,250.0
C_NEW_CKPT_OLD_DATA,NEW,OLD,731,0,0,Ethanol,12.5,B5_GEa_F010_R1.txt,1,2,late,,1,12.5,12.5
C_NEW_CKPT_OLD_DATA,NEW,OLD,732,0,1,Ethanol,12.5,B5_GEa_F010_R2.txt,2,2,late,,0,250.0,14.606628199217127
C_NEW_CKPT_OLD_DATA,NEW,OLD,733,0,0,Ethanol,50.0,B5_GEa_F040_R2.txt,2,2,late,,1,49.69241039562493,49.69241039562493
C_NEW_CKPT_OLD_DATA,NEW,OLD,734,3,3,Methane,175.0,B5_GMe_F070_R2.txt,2,2,late,,1,193.3680109905409,193.3680109905409
C_NEW_CKPT_OLD_DATA,NEW,OLD,735,3,3,Methane,150.0,B5_GMe_F060_R2.txt,2,2,late,,1,154.9157616485666,154.9157616485666
C_NEW_CKPT_OLD_DATA,NEW,OLD,736,3,1,Methane,225.0,B5_GMe_F090_R1.txt,1,2,late,,0,25.0,227.75067125986232
C_NEW_CKPT_OLD_DATA,NEW,OLD,737,1,1,CO,50.0,B5_GCO_F020_R2.txt,2,2,late,,1,69.47743157910426,69.47743157910426
C_NEW_CKPT_OLD_DATA,NEW,OLD,738,3,3,Methane,125.0,B5_GMe_F050_R2.txt,2,2,late,,1,133.48197338465067,133.48197338465067
C_NEW_CKPT_OLD_DATA,NEW,OLD,739,0,0,Ethanol,87.5,B5_GEa_F070_R1.txt,1,2,late,,1,95.32386431284303,95.32386431284303
C_NEW_CKPT_OLD_DATA,NEW,OLD,740,3,3,Methane,200.0,B5_GMe_F080_R2.txt,2,2,late,,1,202.0339963998452,202.0339963998452
C_NEW_CKPT_OLD_DATA,NEW,OLD,741,0,0,Ethanol,50.0,B5_GEa_F040_R2.txt,2,2,late,,1,53.19542601900025,53.19542601900025
C_NEW_CKPT_OLD_DATA,NEW,OLD,742,3,3,Methane,225.0,B5_GMe_F090_R2.txt,2,2,late,,1,235.05579655276483,235.05579655276483
C_NEW_CKPT_OLD_DATA,NEW,OLD,743,3,3,Methane,50.0,B5_GMe_F020_R1.txt,1,2,late,,1,58.09898324347723,58.09898324347723
C_NEW_CKPT_OLD_DATA,NEW,OLD,744,1,1,CO,150.0,B5_GCO_F060_R2.txt,2,2,late,,1,152.74087796941262,152.74087796941262
C_NEW_CKPT_OLD_DATA,NEW,OLD,745,1,1,CO,225.0,B5_GCO_F090_R2.txt,2,2,late,,1,216.06326108489316,216.06326108489316
C_NEW_CKPT_OLD_DATA,NEW,OLD,746,2,2,Ethylene,12.5,B5_GEy_F010_R1.txt,1,2,late,,1,15.25948148896508,15.25948148896508
C_NEW_CKPT_OLD_DATA,NEW,OLD,747,3,3,Methane,100.0,B5_GMe_F040_R1.txt,1,2,late,,1,104.44084029332974,104.44084029332974
C_NEW_CKPT_OLD_DATA,NEW,OLD,748,0,0,Ethanol,25.0,B5_GEa_F020_R2.txt,2,2,late,,1,27.772471888950477,27.772471888950477
C_NEW_CKPT_OLD_DATA,NEW,OLD,749,2,2,Ethylene,125.0,B5_GEy_F100_R2.txt,2,2,late,,1,119.26819884378827,119.26819884378827
C_NEW_CKPT_OLD_DATA,NEW,OLD,750,3,3,Methane,150.0,B5_GMe_F060_R1.txt,1,2,late,,1,158.8981080588109,158.8981080588109
C_NEW_CKPT_OLD_DATA,NEW,OLD,751,1,1,CO,150.0,B5_GCO_F060_R2.txt,2,2,late,,1,169.36944751532178,169.36944751532178
C_NEW_CKPT_OLD_DATA,NEW,OLD,752,3,3,Methane,50.0,B5_GMe_F020_R2.txt,2,2,late,,1,36.562125564959,36.562125564959
C_NEW_CKPT_OLD_DATA,NEW,OLD,753,0,0,Ethanol,112.5,B5_GEa_F090_R1.txt,1,2,late,,1,105.821555426716,105.821555426716
C_NEW_CKPT_OLD_DATA,NEW,OLD,754,3,3,Methane,125.0,B5_GMe_F050_R1.txt,1,2,late,,1,250.0,250.0
C_NEW_CKPT_OLD_DATA,NEW,OLD,755,1,1,CO,100.0,B5_GCO_F040_R2.txt,2,2,late,,1,110.89062039713983,110.89062039713983
C_NEW_CKPT_OLD_DATA,NEW,OLD,756,1,1,CO,125.0,B5_GCO_F050_R2.txt,2,2,late,,1,133.87729484904673,133.87729484904673
C_NEW_CKPT_OLD_DATA,NEW,OLD,757,1,1,CO,100.0,B5_GCO_F040_R1.txt,1,2,late,,1,109.36144614622042,109.36144614622042
C_NEW_CKPT_OLD_DATA,NEW,OLD,758,2,2,Ethylene,25.0,B5_GEy_F020_R1.txt,1,2,late,,1,21.31994983969099,21.31994983969099
C_NEW_CKPT_OLD_DATA,NEW,OLD,759,2,1,Ethylene,87.5,B5_GEy_F070_R2.txt,2,2,late,,0,211.0998521319327,85.20104890268433
C_NEW_CKPT_OLD_DATA,NEW,OLD,760,1,1,CO,200.0,B5_GCO_F080_R1.txt,1,2,late,,1,182.18007290802703,182.18007290802703
C_NEW_CKPT_OLD_DATA,NEW,OLD,761,3,3,Methane,175.0,B5_GMe_F070_R1.txt,1,2,late,,1,173.6326392231846,173.6326392231846
C_NEW_CKPT_OLD_DATA,NEW,OLD,762,2,2,Ethylene,112.5,B5_GEy_F090_R2.txt,2,2,late,,1,103.85930269880086,103.85930269880086
C_NEW_CKPT_OLD_DATA,NEW,OLD,763,3,3,Methane,250.0,B5_GMe_F100_R1.txt,1,2,late,,1,250.0,250.0
C_NEW_CKPT_OLD_DATA,NEW,OLD,764,1,1,CO,175.0,B5_GCO_F070_R1.txt,1,2,late,,1,180.0500766251959,180.0500766251959
C_NEW_CKPT_OLD_DATA,NEW,OLD,765,3,3,Methane,200.0,B5_GMe_F080_R1.txt,1,2,late,,1,202.14902561772638,202.14902561772638
C_NEW_CKPT_OLD_DATA,NEW,OLD,766,3,3,Methane,75.0,B5_GMe_F030_R1.txt,1,2,late,,1,57.24129839834051,57.24129839834051
C_NEW_CKPT_OLD_DATA,NEW,OLD,767,0,0,Ethanol,125.0,B5_GEa_F100_R2.txt,2,2,late,,1,125.0,125.0
C_NEW_CKPT_OLD_DATA,NEW,OLD,768,2,2,Ethylene,75.0,B5_GEy_F060_R1.txt,1,2,late,,1,87.9400967704255,87.9400967704255
C_NEW_CKPT_OLD_DATA,NEW,OLD,769,1,1,CO,75.0,B5_GCO_F030_R1.txt,1,2,late,,1,51.653757032054145,51.653757032054145
C_NEW_CKPT_OLD_DATA,NEW,OLD,770,1,1,CO,125.0,B5_GCO_F050_R2.txt,2,2,late,,1,141.43527895244824,141.43527895244824
C_NEW_CKPT_OLD_DATA,NEW,OLD,771,2,2,Ethylene,125.0,B5_GEy_F100_R2.txt,2,2,late,,1,107.48644165612583,107.48644165612583
C_NEW_CKPT_OLD_DATA,NEW,OLD,772,0,0,Ethanol,50.0,B5_GEa_F040_R2.txt,2,2,late,,1,46.67342763307976,46.67342763307976
C_NEW_CKPT_OLD_DATA,NEW,OLD,773,2,2,Ethylene,87.5,B5_GEy_F070_R1.txt,1,2,late,,1,81.56665638457355,81.56665638457355
C_NEW_CKPT_OLD_DATA,NEW,OLD,774,3,1,Methane,225.0,B5_GMe_F090_R1.txt,1,2,late,,0,25.0,209.37899740180683
C_NEW_CKPT_OLD_DATA,NEW,OLD,775,3,3,Methane,250.0,B5_GMe_F100_R2.txt,2,2,late,,1,247.61072919496905,247.61072919496905
C_NEW_CKPT_OLD_DATA,NEW,OLD,776,0,0,Ethanol,87.5,B5_GEa_F070_R2.txt,2,2,late,,1,96.99707352427927,96.99707352427927
C_NEW_CKPT_OLD_DATA,NEW,OLD,777,3,3,Methane,150.0,B5_GMe_F060_R2.txt,2,2,late,,1,155.4314188923082,155.4314188923082
C_NEW_CKPT_OLD_DATA,NEW,OLD,778,1,1,CO,50.0,B5_GCO_F020_R1.txt,1,2,late,,1,55.45080156075182,55.45080156075182
C_NEW_CKPT_OLD_DATA,NEW,OLD,779,1,1,CO,125.0,B5_GCO_F050_R1.txt,1,2,late,,1,126.67583856020393,126.67583856020393
C_NEW_CKPT_OLD_DATA,NEW,OLD,780,1,1,CO,200.0,B5_GCO_F080_R1.txt,1,2,late,,1,215.02960239599363,215.02960239599363
C_NEW_CKPT_OLD_DATA,NEW,OLD,781,1,1,CO,50.0,B5_GCO_F020_R1.txt,1,2,late,,1,28.674474505858825,28.674474505858825
C_NEW_CKPT_OLD_DATA,NEW,OLD,782,2,2,Ethylene,50.0,B5_GEy_F040_R2.txt,2,2,late,,1,52.30314341835856,52.30314341835856
C_NEW_CKPT_OLD_DATA,NEW,OLD,783,3,3,Methane,125.0,B5_GMe_F050_R1.txt,1,2,late,,1,132.68006030724683,132.68006030724683
C_NEW_CKPT_OLD_DATA,NEW,OLD,784,0,0,Ethanol,87.5,B5_GEa_F070_R1.txt,1,2,late,,1,84.32932353111003,84.32932353111003
C_NEW_CKPT_OLD_DATA,NEW,OLD,785,2,2,Ethylene,75.0,B5_GEy_F060_R2.txt,2,2,late,,1,78.59449550080603,78.59449550080603
C_NEW_CKPT_OLD_DATA,NEW,OLD,786,2,2,Ethylene,50.0,B5_GEy_F040_R1.txt,1,2,late,,1,49.001286003273094,49.001286003273094
C_NEW_CKPT_OLD_DATA,NEW,OLD,787,1,1,CO,150.0,B5_GCO_F060_R2.txt,2,2,late,,1,158.18235643044915,158.18235643044915
C_NEW_CKPT_OLD_DATA,NEW,OLD,788,0,0,Ethanol,12.5,B5_GEa_F010_R2.txt,2,2,late,,1,17.054383606823315,17.054383606823315
C_NEW_CKPT_OLD_DATA,NEW,OLD,789,0,0,Ethanol,100.0,B5_GEa_F080_R2.txt,2,2,late,,1,95.01131061509604,95.01131061509604
C_NEW_CKPT_OLD_DATA,NEW,OLD,790,0,0,Ethanol,50.0,B5_GEa_F040_R2.txt,2,2,late,,1,53.42271109341057,53.42271109341057
C_NEW_CKPT_OLD_DATA,NEW,OLD,791,1,1,CO,150.0,B5_GCO_F060_R1.txt,1,2,late,,1,136.19395199606907,136.19395199606907
C_NEW_CKPT_OLD_DATA,NEW,OLD,792,2,2,Ethylene,87.5,B5_GEy_F070_R1.txt,1,2,late,,1,86.99644069192667,86.99644069192667
C_NEW_CKPT_OLD_DATA,NEW,OLD,793,1,1,CO,125.0,B5_GCO_F050_R2.txt,2,2,late,,1,126.96689789258176,126.96689789258176
C_NEW_CKPT_OLD_DATA,NEW,OLD,794,0,0,Ethanol,87.5,B5_GEa_F070_R2.txt,2,2,late,,1,98.17008571379058,98.17008571379058
C_NEW_CKPT_OLD_DATA,NEW,OLD,795,0,2,Ethanol,12.5,B5_GEa_F010_R1.txt,1,2,late,,0,12.5,25.328571254605393
C_NEW_CKPT_OLD_DATA,NEW,OLD,796,2,2,Ethylene,75.0,B5_GEy_F060_R2.txt,2,2,late,,1,81.59136715949012,81.59136715949012
C_NEW_CKPT_OLD_DATA,NEW,OLD,797,0,0,Ethanol,62.5,B5_GEa_F050_R2.txt,2,2,late,,1,70.80956179829369,70.80956179829369
C_NEW_CKPT_OLD_DATA,NEW,OLD,798,2,2,Ethylene,112.5,B5_GEy_F090_R1.txt,1,2,late,,1,117.00594947131125,117.00594947131125
C_NEW_CKPT_OLD_DATA,NEW,OLD,799,2,2,Ethylene,75.0,B5_GEy_F060_R1.txt,1,2,late,,1,79.17073660345096,79.17073660345096
C_NEW_CKPT_OLD_DATA,NEW,OLD,800,0,0,Ethanol,62.5,B5_GEa_F050_R2.txt,2,2,late,,1,62.76840081675307,62.76840081675307
C_NEW_CKPT_OLD_DATA,NEW,OLD,801,1,1,CO,175.0,B5_GCO_F070_R2.txt,2,2,late,,1,167.52365667152435,167.52365667152435
C_NEW_CKPT_OLD_DATA,NEW,OLD,802,0,0,Ethanol,100.0,B5_GEa_F080_R1.txt,1,2,late,,1,89.08486749686764,89.08486749686764
C_NEW_CKPT_OLD_DATA,NEW,OLD,803,3,3,Methane,175.0,B5_GMe_F070_R2.txt,2,2,late,,1,178.63731102621307,178.63731102621307
C_NEW_CKPT_OLD_DATA,NEW,OLD,804,2,2,Ethylene,125.0,B5_GEy_F100_R1.txt,1,2,late,,1,125.0,125.0
C_NEW_CKPT_OLD_DATA,NEW,OLD,805,2,2,Ethylene,50.0,B5_GEy_F040_R2.txt,2,2,late,,1,51.15378582429577,51.15378582429577
C_NEW_CKPT_OLD_DATA,NEW,OLD,806,3,3,Methane,100.0,B5_GMe_F040_R2.txt,2,2,late,,1,110.34605435958996,110.34605435958996
C_NEW_CKPT_OLD_DATA,NEW,OLD,807,2,2,Ethylene,62.5,B5_GEy_F050_R2.txt,2,2,late,,1,56.38394574176107,56.38394574176107
C_NEW_CKPT_OLD_DATA,NEW,OLD,808,3,3,Methane,25.0,B5_GMe_F010_R2.txt,2,2,late,,1,27.989660502974644,27.989660502974644
C_NEW_CKPT_OLD_DATA,NEW,OLD,809,3,3,Methane,150.0,B5_GMe_F060_R2.txt,2,2,late,,1,155.5307189413241,155.5307189413241
C_NEW_CKPT_OLD_DATA,NEW,OLD,810,2,2,Ethylene,25.0,B5_GEy_F020_R2.txt,2,2,late,,1,25.5951771617095,25.5951771617095
C_NEW_CKPT_OLD_DATA,NEW,OLD,811,1,1,CO,175.0,B5_GCO_F070_R1.txt,1,2,late,,1,173.28784001098046,173.28784001098046
C_NEW_CKPT_OLD_DATA,NEW,OLD,812,3,3,Methane,175.0,B5_GMe_F070_R1.txt,1,2,late,,1,176.0125527905462,176.0125527905462
C_NEW_CKPT_OLD_DATA,NEW,OLD,813,0,0,Ethanol,87.5,B5_GEa_F070_R1.txt,1,2,late,,1,118.76500662318193,118.76500662318193
C_NEW_CKPT_OLD_DATA,NEW,OLD,814,0,0,Ethanol,112.5,B5_GEa_F090_R1.txt,1,2,late,,1,110.07869448015819,110.07869448015819
C_NEW_CKPT_OLD_DATA,NEW,OLD,815,0,0,Ethanol,37.5,B5_GEa_F030_R2.txt,2,2,late,,1,52.708479143341286,52.708479143341286
C_NEW_CKPT_OLD_DATA,NEW,OLD,816,2,2,Ethylene,37.5,B5_GEy_F030_R1.txt,1,2,late,,1,37.39299915078499,37.39299915078499
C_NEW_CKPT_OLD_DATA,NEW,OLD,817,3,3,Methane,25.0,B5_GMe_F010_R1.txt,1,2,late,,1,32.40007147160236,32.40007147160236
C_NEW_CKPT_OLD_DATA,NEW,OLD,818,0,0,Ethanol,112.5,B5_GEa_F090_R2.txt,2,2,late,,1,107.21813242392379,107.21813242392379
C_NEW_CKPT_OLD_DATA,NEW,OLD,819,2,2,Ethylene,125.0,B5_GEy_F100_R1.txt,1,2,late,,1,111.23554081721613,111.23554081721613
C_NEW_CKPT_OLD_DATA,NEW,OLD,820,0,0,Ethanol,87.5,B5_GEa_F070_R1.txt,1,2,late,,1,88.8718469459011,88.8718469459011
C_NEW_CKPT_OLD_DATA,NEW,OLD,821,2,2,Ethylene,50.0,B5_GEy_F040_R2.txt,2,2,late,,1,55.01304815541069,55.01304815541069
C_NEW_CKPT_OLD_DATA,NEW,OLD,822,2,2,Ethylene,87.5,B5_GEy_F070_R2.txt,2,2,late,,1,125.0,125.0
C_NEW_CKPT_OLD_DATA,NEW,OLD,823,0,0,Ethanol,100.0,B5_GEa_F080_R1.txt,1,2,late,,1,94.39927874482686,94.39927874482686
C_NEW_CKPT_OLD_DATA,NEW,OLD,824,0,0,Ethanol,12.5,B5_GEa_F010_R2.txt,2,2,late,,1,13.54189126855946,13.54189126855946
C_NEW_CKPT_OLD_DATA,NEW,OLD,825,0,0,Ethanol,37.5,B5_GEa_F030_R2.txt,2,2,late,,1,39.98739119986479,39.98739119986479
C_NEW_CKPT_OLD_DATA,NEW,OLD,826,1,1,CO,250.0,B5_GCO_F100_R1.txt,1,2,late,,1,235.89105958632982,235.89105958632982
C_NEW_CKPT_OLD_DATA,NEW,OLD,827,0,0,Ethanol,112.5,B5_GEa_F090_R1.txt,1,2,late,,1,90.0013233718324,90.0013233718324
C_NEW_CKPT_OLD_DATA,NEW,OLD,828,1,1,CO,175.0,B5_GCO_F070_R2.txt,2,2,late,,1,171.7124372082278,171.7124372082278
C_NEW_CKPT_OLD_DATA,NEW,OLD,829,2,2,Ethylene,75.0,B5_GEy_F060_R1.txt,1,2,late,,1,74.84172030916412,74.84172030916412
C_NEW_CKPT_OLD_DATA,NEW,OLD,830,2,2,Ethylene,25.0,B5_GEy_F020_R2.txt,2,2,late,,1,23.042318098834514,23.042318098834514
C_NEW_CKPT_OLD_DATA,NEW,OLD,831,0,0,Ethanol,125.0,B5_GEa_F100_R1.txt,1,2,late,,1,124.78442334968018,124.78442334968018
C_NEW_CKPT_OLD_DATA,NEW,OLD,832,1,1,CO,175.0,B5_GCO_F070_R2.txt,2,2,late,,1,161.2697167986878,161.2697167986878
C_NEW_CKPT_OLD_DATA,NEW,OLD,833,3,3,Methane,25.0,B5_GMe_F010_R1.txt,1,2,late,,1,25.649440210231788,25.649440210231788
C_NEW_CKPT_OLD_DATA,NEW,OLD,834,2,2,Ethylene,75.0,B5_GEy_F060_R1.txt,1,2,late,,1,76.06919338810258,76.06919338810258
C_NEW_CKPT_OLD_DATA,NEW,OLD,835,0,0,Ethanol,75.0,B5_GEa_F060_R1.txt,1,2,late,,1,87.82992101913052,87.82992101913052
C_NEW_CKPT_OLD_DATA,NEW,OLD,836,3,3,Methane,25.0,B5_GMe_F010_R1.txt,1,2,late,,1,25.0,25.0
C_NEW_CKPT_OLD_DATA,NEW,OLD,837,3,3,Methane,25.0,B5_GMe_F010_R1.txt,1,2,late,,1,37.26332314301724,37.26332314301724
C_NEW_CKPT_OLD_DATA,NEW,OLD,838,1,1,CO,50.0,B5_GCO_F020_R1.txt,1,2,late,,1,36.27429031811724,36.27429031811724
C_NEW_CKPT_OLD_DATA,NEW,OLD,839,2,2,Ethylene,75.0,B5_GEy_F060_R2.txt,2,2,late,,1,73.91627894686053,73.91627894686053
C_NEW_CKPT_OLD_DATA,NEW,OLD,840,3,3,Methane,125.0,B5_GMe_F050_R2.txt,2,2,late,,1,135.52886621198354,135.52886621198354
C_NEW_CKPT_OLD_DATA,NEW,OLD,841,2,2,Ethylene,112.5,B5_GEy_F090_R2.txt,2,2,late,,1,73.00973780581319,73.00973780581319
C_NEW_CKPT_OLD_DATA,NEW,OLD,842,1,1,CO,200.0,B5_GCO_F080_R1.txt,1,2,late,,1,225.56611190794635,225.56611190794635
C_NEW_CKPT_OLD_DATA,NEW,OLD,843,1,1,CO,125.0,B5_GCO_F050_R2.txt,2,2,late,,1,125.87171935290505,125.87171935290505
C_NEW_CKPT_OLD_DATA,NEW,OLD,844,1,1,CO,125.0,B5_GCO_F050_R2.txt,2,2,late,,1,134.21201242795885,134.21201242795885
C_NEW_CKPT_OLD_DATA,NEW,OLD,845,1,1,CO,75.0,B5_GCO_F030_R2.txt,2,2,late,,1,84.4371346641996,84.4371346641996
C_NEW_CKPT_OLD_DATA,NEW,OLD,846,2,2,Ethylene,75.0,B5_GEy_F060_R2.txt,2,2,late,,1,78.42630248416057,78.42630248416057
C_NEW_CKPT_OLD_DATA,NEW,OLD,847,2,2,Ethylene,37.5,B5_GEy_F030_R1.txt,1,2,late,,1,34.69846323046792,34.69846323046792
C_NEW_CKPT_OLD_DATA,NEW,OLD,848,1,1,CO,100.0,B5_GCO_F040_R1.txt,1,2,late,,1,102.51242832250486,102.51242832250486
C_NEW_CKPT_OLD_DATA,NEW,OLD,849,2,2,Ethylene,100.0,B5_GEy_F080_R1.txt,1,2,late,,1,101.96976784626295,101.96976784626295
C_NEW_CKPT_OLD_DATA,NEW,OLD,850,0,0,Ethanol,25.0,B5_GEa_F020_R2.txt,2,2,late,,1,31.915949905711543,31.915949905711543
C_NEW_CKPT_OLD_DATA,NEW,OLD,851,1,1,CO,75.0,B5_GCO_F030_R2.txt,2,2,late,,1,76.97960520528663,76.97960520528663
C_NEW_CKPT_OLD_DATA,NEW,OLD,852,0,0,Ethanol,62.5,B5_GEa_F050_R2.txt,2,2,late,,1,63.05806734414834,63.05806734414834
C_NEW_CKPT_OLD_DATA,NEW,OLD,853,1,1,CO,25.0,B5_GCO_F010_R2.txt,2,2,late,,1,25.0,25.0
C_NEW_CKPT_OLD_DATA,NEW,OLD,854,2,2,Ethylene,125.0,B5_GEy_F100_R2.txt,2,2,late,,1,125.0,125.0
C_NEW_CKPT_OLD_DATA,NEW,OLD,855,0,0,Ethanol,50.0,B5_GEa_F040_R2.txt,2,2,late,,1,50.51457812703609,50.51457812703609
C_NEW_CKPT_OLD_DATA,NEW,OLD,856,2,2,Ethylene,50.0,B5_GEy_F040_R1.txt,1,2,late,,1,54.389179527623384,54.389179527623384
C_NEW_CKPT_OLD_DATA,NEW,OLD,857,0,0,Ethanol,25.0,B5_GEa_F020_R2.txt,2,2,late,,1,23.482491848727005,23.482491848727005
C_NEW_CKPT_OLD_DATA,NEW,OLD,858,1,1,CO,25.0,B5_GCO_F010_R1.txt,1,2,late,,1,25.0,25.0
C_NEW_CKPT_OLD_DATA,NEW,OLD,859,1,1,CO,250.0,B5_GCO_F100_R2.txt,2,2,late,,1,235.86678571897664,235.86678571897664
C_NEW_CKPT_OLD_DATA,NEW,OLD,860,1,1,CO,175.0,B5_GCO_F070_R1.txt,1,2,late,,1,174.8077621237975,174.8077621237975
C_NEW_CKPT_OLD_DATA,NEW,OLD,861,3,3,Methane,250.0,B5_GMe_F100_R2.txt,2,2,late,,1,250.0,250.0
C_NEW_CKPT_OLD_DATA,NEW,OLD,862,3,3,Methane,200.0,B5_GMe_F080_R1.txt,1,2,late,,1,195.7130981708287,195.7130981708287
C_NEW_CKPT_OLD_DATA,NEW,OLD,863,1,1,CO,250.0,B5_GCO_F100_R2.txt,2,2,late,,1,246.2237210949416,246.2237210949416
C_NEW_CKPT_OLD_DATA,NEW,OLD,864,3,3,Methane,100.0,B5_GMe_F040_R2.txt,2,2,late,,1,98.78244989515264,98.78244989515264
C_NEW_CKPT_OLD_DATA,NEW,OLD,865,1,1,CO,75.0,B5_GCO_F030_R1.txt,1,2,late,,1,84.33392982345289,84.33392982345289
C_NEW_CKPT_OLD_DATA,NEW,OLD,866,0,0,Ethanol,112.5,B5_GEa_F090_R1.txt,1,2,late,,1,109.57978741255337,109.57978741255337
C_NEW_CKPT_OLD_DATA,NEW,OLD,867,2,2,Ethylene,25.0,B5_GEy_F020_R1.txt,1,2,late,,1,23.80452710748537,23.80452710748537
C_NEW_CKPT_OLD_DATA,NEW,OLD,868,2,2,Ethylene,62.5,B5_GEy_F050_R2.txt,2,2,late,,1,64.42044544313504,64.42044544313504
C_NEW_CKPT_OLD_DATA,NEW,OLD,869,1,1,CO,200.0,B5_GCO_F080_R1.txt,1,2,late,,1,216.54111308044133,216.54111308044133
C_NEW_CKPT_OLD_DATA,NEW,OLD,870,3,3,Methane,25.0,B5_GMe_F010_R2.txt,2,2,late,,1,33.26761691953943,33.26761691953943
C_NEW_CKPT_OLD_DATA,NEW,OLD,871,1,1,CO,125.0,B5_GCO_F050_R1.txt,1,2,late,,1,140.80164549791465,140.80164549791465
C_NEW_CKPT_OLD_DATA,NEW,OLD,872,0,0,Ethanol,112.5,B5_GEa_F090_R2.txt,2,2,late,,1,114.52955987863439,114.52955987863439
C_NEW_CKPT_OLD_DATA,NEW,OLD,873,1,1,CO,200.0,B5_GCO_F080_R2.txt,2,2,late,,1,169.59112557025048,169.59112557025048
C_NEW_CKPT_OLD_DATA,NEW,OLD,874,2,2,Ethylene,87.5,B5_GEy_F070_R1.txt,1,2,late,,1,86.04142853148198,86.04142853148198
C_NEW_CKPT_OLD_DATA,NEW,OLD,875,0,0,Ethanol,125.0,B5_GEa_F100_R1.txt,1,2,late,,1,123.61877224942606,123.61877224942606
C_NEW_CKPT_OLD_DATA,NEW,OLD,876,3,3,Methane,25.0,B5_GMe_F010_R1.txt,1,2,late,,1,28.70822624938161,28.70822624938161
C_NEW_CKPT_OLD_DATA,NEW,OLD,877,2,2,Ethylene,75.0,B5_GEy_F060_R1.txt,1,2,late,,1,76.61402113214967,76.61402113214967
C_NEW_CKPT_OLD_DATA,NEW,OLD,878,1,1,CO,100.0,B5_GCO_F040_R1.txt,1,2,late,,1,110.28316990957514,110.28316990957514
C_NEW_CKPT_OLD_DATA,NEW,OLD,879,1,1,CO,25.0,B5_GCO_F010_R2.txt,2,2,late,,1,26.08273039698733,26.08273039698733
C_NEW_CKPT_OLD_DATA,NEW,OLD,880,0,0,Ethanol,50.0,B5_GEa_F040_R1.txt,1,2,late,,1,74.51622266404087,74.51622266404087
C_NEW_CKPT_OLD_DATA,NEW,OLD,881,1,1,CO,75.0,B5_GCO_F030_R2.txt,2,2,late,,1,93.05671510026579,93.05671510026579
C_NEW_CKPT_OLD_DATA,NEW,OLD,882,0,0,Ethanol,75.0,B5_GEa_F060_R2.txt,2,2,late,,1,65.72727793058766,65.72727793058766
C_NEW_CKPT_OLD_DATA,NEW,OLD,883,2,2,Ethylene,37.5,B5_GEy_F030_R1.txt,1,2,late,,1,37.90075121698814,37.90075121698814
C_NEW_CKPT_OLD_DATA,NEW,OLD,884,1,1,CO,100.0,B5_GCO_F040_R2.txt,2,2,late,,1,101.07955188134615,101.07955188134615
C_NEW_CKPT_OLD_DATA,NEW,OLD,885,0,0,Ethanol,50.0,B5_GEa_F040_R1.txt,1,2,late,,1,47.70027330296532,47.70027330296532
C_NEW_CKPT_OLD_DATA,NEW,OLD,886,3,3,Methane,25.0,B5_GMe_F010_R1.txt,1,2,late,,1,39.681205308380996,39.681205308380996
C_NEW_CKPT_OLD_DATA,NEW,OLD,887,2,2,Ethylene,75.0,B5_GEy_F060_R2.txt,2,2,late,,1,78.704245566548,78.704245566548
C_NEW_CKPT_OLD_DATA,NEW,OLD,888,0,0,Ethanol,125.0,B5_GEa_F100_R1.txt,1,2,late,,1,113.04142250445834,113.04142250445834
C_NEW_CKPT_OLD_DATA,NEW,OLD,889,3,3,Methane,100.0,B5_GMe_F040_R1.txt,1,2,late,,1,97.31383873322184,97.31383873322184
C_NEW_CKPT_OLD_DATA,NEW,OLD,890,3,3,Methane,200.0,B5_GMe_F080_R2.txt,2,2,late,,1,200.50535564071785,200.50535564071785
C_NEW_CKPT_OLD_DATA,NEW,OLD,891,0,0,Ethanol,12.5,B5_GEa_F010_R1.txt,1,2,late,,1,12.5,12.5
C_NEW_CKPT_OLD_DATA,NEW,OLD,892,2,2,Ethylene,37.5,B5_GEy_F030_R2.txt,2,2,late,,1,33.4906473381327,33.4906473381327
C_NEW_CKPT_OLD_DATA,NEW,OLD,893,2,2,Ethylene,37.5,B5_GEy_F030_R1.txt,1,2,late,,1,30.57293415849597,30.57293415849597
C_NEW_CKPT_OLD_DATA,NEW,OLD,894,1,1,CO,100.0,B5_GCO_F040_R1.txt,1,2,late,,1,62.605518255509594,62.605518255509594
C_NEW_CKPT_OLD_DATA,NEW,OLD,895,0,0,Ethanol,100.0,B5_GEa_F080_R1.txt,1,2,late,,1,93.91205971059117,93.91205971059117
C_NEW_CKPT_OLD_DATA,NEW,OLD,896,2,2,Ethylene,62.5,B5_GEy_F050_R2.txt,2,2,late,,1,70.4294753719762,70.4294753719762
C_NEW_CKPT_OLD_DATA,NEW,OLD,897,0,0,Ethanol,25.0,B5_GEa_F020_R2.txt,2,2,late,,1,23.620637166160236,23.620637166160236
C_NEW_CKPT_OLD_DATA,NEW,OLD,898,1,1,CO,175.0,B5_GCO_F070_R1.txt,1,2,late,,1,181.17425585386388,181.17425585386388
C_NEW_CKPT_OLD_DATA,NEW,OLD,899,0,0,Ethanol,87.5,B5_GEa_F070_R2.txt,2,2,late,,1,94.50554629986263,94.50554629986263
C_NEW_CKPT_OLD_DATA,NEW,OLD,900,2,2,Ethylene,12.5,B5_GEy_F010_R1.txt,1,2,late,,1,13.480369473743835,13.480369473743835
C_NEW_CKPT_OLD_DATA,NEW,OLD,901,0,0,Ethanol,75.0,B5_GEa_F060_R1.txt,1,2,late,,1,77.96647512284522,77.96647512284522
C_NEW_CKPT_OLD_DATA,NEW,OLD,902,2,2,Ethylene,100.0,B5_GEy_F080_R2.txt,2,2,late,,1,103.44884681665319,103.44884681665319
C_NEW_CKPT_OLD_DATA,NEW,OLD,903,2,2,Ethylene,100.0,B5_GEy_F080_R1.txt,1,2,late,,1,98.50609151461504,98.50609151461504
C_NEW_CKPT_OLD_DATA,NEW,OLD,904,0,0,Ethanol,125.0,B5_GEa_F100_R1.txt,1,2,late,,1,125.0,125.0
C_NEW_CKPT_OLD_DATA,NEW,OLD,905,3,3,Methane,200.0,B5_GMe_F080_R1.txt,1,2,late,,1,211.39686457891912,211.39686457891912
C_NEW_CKPT_OLD_DATA,NEW,OLD,906,2,2,Ethylene,50.0,B5_GEy_F040_R1.txt,1,2,late,,1,47.86766978892487,47.86766978892487
C_NEW_CKPT_OLD_DATA,NEW,OLD,907,0,0,Ethanol,62.5,B5_GEa_F050_R2.txt,2,2,late,,1,70.81793391564852,70.81793391564852
C_NEW_CKPT_OLD_DATA,NEW,OLD,908,0,0,Ethanol,62.5,B5_GEa_F050_R1.txt,1,2,late,,1,68.7224424760579,68.7224424760579
C_NEW_CKPT_OLD_DATA,NEW,OLD,909,2,2,Ethylene,50.0,B5_GEy_F040_R1.txt,1,2,late,,1,46.76919231136608,46.76919231136608
C_NEW_CKPT_OLD_DATA,NEW,OLD,910,0,0,Ethanol,50.0,B5_GEa_F040_R1.txt,1,2,late,,1,47.01836747457119,47.01836747457119
C_NEW_CKPT_OLD_DATA,NEW,OLD,911,3,3,Methane,75.0,B5_GMe_F030_R1.txt,1,2,late,,1,77.59543926544816,77.59543926544816
C_NEW_CKPT_OLD_DATA,NEW,OLD,912,3,3,Methane,125.0,B5_GMe_F050_R1.txt,1,2,late,,1,131.77667335855156,131.77667335855156
C_NEW_CKPT_OLD_DATA,NEW,OLD,913,0,0,Ethanol,12.5,B5_GEa_F010_R2.txt,2,2,late,,1,16.014176891901165,16.014176891901165
C_NEW_CKPT_OLD_DATA,NEW,OLD,914,1,1,CO,50.0,B5_GCO_F020_R1.txt,1,2,late,,1,25.0,25.0
C_NEW_CKPT_OLD_DATA,NEW,OLD,915,1,1,CO,75.0,B5_GCO_F030_R1.txt,1,2,late,,1,65.63810857352519,65.63810857352519
C_NEW_CKPT_OLD_DATA,NEW,OLD,916,3,3,Methane,100.0,B5_GMe_F040_R1.txt,1,2,late,,1,97.49950764959041,97.49950764959041
C_NEW_CKPT_OLD_DATA,NEW,OLD,917,2,2,Ethylene,12.5,B5_GEy_F010_R1.txt,1,2,late,,1,12.5,12.5
C_NEW_CKPT_OLD_DATA,NEW,OLD,918,1,1,CO,50.0,B5_GCO_F020_R1.txt,1,2,late,,1,45.733831849842645,45.733831849842645
C_NEW_CKPT_OLD_DATA,NEW,OLD,919,2,2,Ethylene,100.0,B5_GEy_F080_R2.txt,2,2,late,,1,88.81777455728707,88.81777455728707
C_NEW_CKPT_OLD_DATA,NEW,OLD,920,2,2,Ethylene,75.0,B5_GEy_F060_R2.txt,2,2,late,,1,74.86659401399783,74.86659401399783
C_NEW_CKPT_OLD_DATA,NEW,OLD,921,1,1,CO,250.0,B5_GCO_F100_R2.txt,2,2,late,,1,249.6097222666067,249.6097222666067
C_NEW_CKPT_OLD_DATA,NEW,OLD,922,3,3,Methane,100.0,B5_GMe_F040_R2.txt,2,2,late,,1,106.95326677012662,106.95326677012662
C_NEW_CKPT_OLD_DATA,NEW,OLD,923,2,2,Ethylene,87.5,B5_GEy_F070_R2.txt,2,2,late,,1,97.86251311261685,97.86251311261685
C_NEW_CKPT_OLD_DATA,NEW,OLD,924,3,3,Methane,100.0,B5_GMe_F040_R1.txt,1,2,late,,1,99.89302676204949,99.89302676204949
C_NEW_CKPT_OLD_DATA,NEW,OLD,925,3,3,Methane,150.0,B5_GMe_F060_R2.txt,2,2,late,,1,159.6542384923144,159.6542384923144
C_NEW_CKPT_OLD_DATA,NEW,OLD,926,3,3,Methane,200.0,B5_GMe_F080_R1.txt,1,2,late,,1,250.0,250.0
C_NEW_CKPT_OLD_DATA,NEW,OLD,927,2,2,Ethylene,112.5,B5_GEy_F090_R1.txt,1,2,late,,1,111.31505297234958,111.31505297234958
C_NEW_CKPT_OLD_DATA,NEW,OLD,928,2,1,Ethylene,87.5,B5_GEy_F070_R2.txt,2,2,late,,0,61.343977753788955,86.5036472027977
C_NEW_CKPT_OLD_DATA,NEW,OLD,929,3,3,Methane,125.0,B5_GMe_F050_R1.txt,1,2,late,,1,127.5288105080727,127.5288105080727
C_NEW_CKPT_OLD_DATA,NEW,OLD,930,0,0,Ethanol,87.5,B5_GEa_F070_R2.txt,2,2,late,,1,93.01651246047334,93.01651246047334
C_NEW_CKPT_OLD_DATA,NEW,OLD,931,3,3,Methane,150.0,B5_GMe_F060_R2.txt,2,2,late,,1,156.14104336991326,156.14104336991326
C_NEW_CKPT_OLD_DATA,NEW,OLD,932,2,2,Ethylene,112.5,B5_GEy_F090_R1.txt,1,2,late,,1,109.53229325279668,109.53229325279668
C_NEW_CKPT_OLD_DATA,NEW,OLD,933,3,3,Methane,250.0,B5_GMe_F100_R2.txt,2,2,late,,1,244.29691095481866,244.29691095481866
C_NEW_CKPT_OLD_DATA,NEW,OLD,934,1,1,CO,100.0,B5_GCO_F040_R2.txt,2,2,late,,1,93.1351875951998,93.1351875951998
C_NEW_CKPT_OLD_DATA,NEW,OLD,935,2,2,Ethylene,50.0,B5_GEy_F040_R1.txt,1,2,late,,1,59.03471175156167,59.03471175156167
C_NEW_CKPT_OLD_DATA,NEW,OLD,936,0,0,Ethanol,75.0,B5_GEa_F060_R2.txt,2,2,late,,1,67.48174068295337,67.48174068295337
C_NEW_CKPT_OLD_DATA,NEW,OLD,937,3,3,Methane,225.0,B5_GMe_F090_R2.txt,2,2,late,,1,223.7868957022148,223.7868957022148
C_NEW_CKPT_OLD_DATA,NEW,OLD,938,2,2,Ethylene,112.5,B5_GEy_F090_R2.txt,2,2,late,,1,98.29867176058474,98.29867176058474
C_NEW_CKPT_OLD_DATA,NEW,OLD,939,0,0,Ethanol,125.0,B5_GEa_F100_R2.txt,2,2,late,,1,124.78410962522018,124.78410962522018
C_NEW_CKPT_OLD_DATA,NEW,OLD,940,2,2,Ethylene,87.5,B5_GEy_F070_R2.txt,2,2,late,,1,75.11842176806772,75.11842176806772
C_NEW_CKPT_OLD_DATA,NEW,OLD,941,1,1,CO,225.0,B5_GCO_F090_R1.txt,1,2,late,,1,190.16493635081952,190.16493635081952
C_NEW_CKPT_OLD_DATA,NEW,OLD,942,1,1,CO,175.0,B5_GCO_F070_R2.txt,2,2,late,,1,134.4405829394666,134.4405829394666
C_NEW_CKPT_OLD_DATA,NEW,OLD,943,1,1,CO,175.0,B5_GCO_F070_R2.txt,2,2,late,,1,174.19103320013272,174.19103320013272
C_NEW_CKPT_OLD_DATA,NEW,OLD,944,0,0,Ethanol,100.0,B5_GEa_F080_R2.txt,2,2,late,,1,101.32711438473041,101.32711438473041
C_NEW_CKPT_OLD_DATA,NEW,OLD,945,1,1,CO,75.0,B5_GCO_F030_R2.txt,2,2,late,,1,86.73539856279035,86.73539856279035
C_NEW_CKPT_OLD_DATA,NEW,OLD,946,2,2,Ethylene,125.0,B5_GEy_F100_R2.txt,2,2,late,,1,119.07901059511701,119.07901059511701
C_NEW_CKPT_OLD_DATA,NEW,OLD,947,3,3,Methane,25.0,B5_GMe_F010_R1.txt,1,2,late,,1,25.0,25.0
C_NEW_CKPT_OLD_DATA,NEW,OLD,948,2,2,Ethylene,75.0,B5_GEy_F060_R1.txt,1,2,late,,1,74.69352258992143,74.69352258992143
C_NEW_CKPT_OLD_DATA,NEW,OLD,949,3,3,Methane,50.0,B5_GMe_F020_R2.txt,2,2,late,,1,49.92124772703215,49.92124772703215
C_NEW_CKPT_OLD_DATA,NEW,OLD,950,2,2,Ethylene,100.0,B5_GEy_F080_R1.txt,1,2,late,,1,102.80992561488895,102.80992561488895
C_NEW_CKPT_OLD_DATA,NEW,OLD,951,2,2,Ethylene,50.0,B5_GEy_F040_R2.txt,2,2,late,,1,51.05696042003926,51.05696042003926
C_NEW_CKPT_OLD_DATA,NEW,OLD,952,1,1,CO,125.0,B5_GCO_F050_R2.txt,2,2,late,,1,169.0745373883106,169.0745373883106
C_NEW_CKPT_OLD_DATA,NEW,OLD,953,1,1,CO,100.0,B5_GCO_F040_R2.txt,2,2,late,,1,118.0605076091731,118.0605076091731
C_NEW_CKPT_OLD_DATA,NEW,OLD,954,3,3,Methane,200.0,B5_GMe_F080_R1.txt,1,2,late,,1,199.12090217097284,199.12090217097284
C_NEW_CKPT_OLD_DATA,NEW,OLD,955,3,3,Methane,75.0,B5_GMe_F030_R1.txt,1,2,late,,1,77.74607991988904,77.74607991988904
C_NEW_CKPT_OLD_DATA,NEW,OLD,956,0,0,Ethanol,75.0,B5_GEa_F060_R2.txt,2,2,late,,1,73.34839460427382,73.34839460427382
C_NEW_CKPT_OLD_DATA,NEW,OLD,957,3,3,Methane,200.0,B5_GMe_F080_R1.txt,1,2,late,,1,200.51316999313437,200.51316999313437
C_NEW_CKPT_OLD_DATA,NEW,OLD,958,3,3,Methane,150.0,B5_GMe_F060_R2.txt,2,2,late,,1,154.53094708202025,154.53094708202025
C_NEW_CKPT_OLD_DATA,NEW,OLD,959,1,1,CO,200.0,B5_GCO_F080_R1.txt,1,2,late,,1,193.91100976832175,193.91100976832175
C_NEW_CKPT_OLD_DATA,NEW,OLD,960,0,0,Ethanol,25.0,B5_GEa_F020_R1.txt,1,2,late,,1,18.910302504695082,18.910302504695082
C_NEW_CKPT_OLD_DATA,NEW,OLD,961,2,2,Ethylene,50.0,B5_GEy_F040_R1.txt,1,2,late,,1,61.25218857512036,61.25218857512036
C_NEW_CKPT_OLD_DATA,NEW,OLD,962,0,0,Ethanol,62.5,B5_GEa_F050_R1.txt,1,2,late,,1,82.85362970500185,82.85362970500185
C_NEW_CKPT_OLD_DATA,NEW,OLD,963,2,2,Ethylene,62.5,B5_GEy_F050_R1.txt,1,2,late,,1,60.89646723777605,60.89646723777605
C_NEW_CKPT_OLD_DATA,NEW,OLD,964,1,1,CO,25.0,B5_GCO_F010_R2.txt,2,2,late,,1,25.0,25.0
C_NEW_CKPT_OLD_DATA,NEW,OLD,965,3,3,Methane,25.0,B5_GMe_F010_R2.txt,2,2,late,,1,25.946982739561722,25.946982739561722
C_NEW_CKPT_OLD_DATA,NEW,OLD,966,1,1,CO,150.0,B5_GCO_F060_R1.txt,1,2,late,,1,165.11728274634328,165.11728274634328
C_NEW_CKPT_OLD_DATA,NEW,OLD,967,1,1,CO,225.0,B5_GCO_F090_R1.txt,1,2,late,,1,181.13831659281996,181.13831659281996
C_NEW_CKPT_OLD_DATA,NEW,OLD,968,1,1,CO,25.0,B5_GCO_F010_R1.txt,1,2,late,,1,25.0,25.0
C_NEW_CKPT_OLD_DATA,NEW,OLD,969,0,0,Ethanol,62.5,B5_GEa_F050_R1.txt,1,2,late,,1,67.26853397312965,67.26853397312965
C_NEW_CKPT_OLD_DATA,NEW,OLD,970,3,3,Methane,50.0,B5_GMe_F020_R2.txt,2,2,late,,1,48.55300165728858,48.55300165728858
C_NEW_CKPT_OLD_DATA,NEW,OLD,971,0,2,Ethanol,37.5,B5_GEa_F030_R1.txt,1,2,late,,0,12.5,57.96698409758106
C_NEW_CKPT_OLD_DATA,NEW,OLD,972,1,1,CO,50.0,B5_GCO_F020_R2.txt,2,2,late,,1,42.87686459435299,42.87686459435299
C_NEW_CKPT_OLD_DATA,NEW,OLD,973,0,0,Ethanol,50.0,B5_GEa_F040_R1.txt,1,2,late,,1,45.658164947937976,45.658164947937976
C_NEW_CKPT_OLD_DATA,NEW,OLD,974,1,1,CO,150.0,B5_GCO_F060_R2.txt,2,2,late,,1,148.74923332099002,148.74923332099002
C_NEW_CKPT_OLD_DATA,NEW,OLD,975,3,3,Methane,100.0,B5_GMe_F040_R1.txt,1,2,late,,1,100.21665511148879,100.21665511148879
C_NEW_CKPT_OLD_DATA,NEW,OLD,976,0,0,Ethanol,112.5,B5_GEa_F090_R1.txt,1,2,late,,1,108.29818565144177,108.29818565144177
C_NEW_CKPT_OLD_DATA,NEW,OLD,977,2,2,Ethylene,100.0,B5_GEy_F080_R2.txt,2,2,late,,1,100.14437917662273,100.14437917662273
C_NEW_CKPT_OLD_DATA,NEW,OLD,978,0,0,Ethanol,12.5,B5_GEa_F010_R1.txt,1,2,late,,1,12.5,12.5
C_NEW_CKPT_OLD_DATA,NEW,OLD,979,3,3,Methane,25.0,B5_GMe_F010_R2.txt,2,2,late,,1,28.676625864109766,28.676625864109766
C_NEW_CKPT_OLD_DATA,NEW,OLD,980,1,1,CO,100.0,B5_GCO_F040_R2.txt,2,2,late,,1,98.70148928439343,98.70148928439343
C_NEW_CKPT_OLD_DATA,NEW,OLD,981,3,3,Methane,50.0,B5_GMe_F020_R2.txt,2,2,late,,1,48.500501875005575,48.500501875005575
C_NEW_CKPT_OLD_DATA,NEW,OLD,982,3,3,Methane,150.0,B5_GMe_F060_R1.txt,1,2,late,,1,151.75640046692808,151.75640046692808
C_NEW_CKPT_OLD_DATA,NEW,OLD,983,3,3,Methane,75.0,B5_GMe_F030_R1.txt,1,2,late,,1,78.89566702387914,78.89566702387914
C_NEW_CKPT_OLD_DATA,NEW,OLD,984,3,3,Methane,200.0,B5_GMe_F080_R1.txt,1,2,late,,1,211.66068897445763,211.66068897445763
C_NEW_CKPT_OLD_DATA,NEW,OLD,985,2,2,Ethylene,37.5,B5_GEy_F030_R2.txt,2,2,late,,1,35.02590893110164,35.02590893110164
C_NEW_CKPT_OLD_DATA,NEW,OLD,986,2,2,Ethylene,37.5,B5_GEy_F030_R1.txt,1,2,late,,1,39.77810935495552,39.77810935495552
C_NEW_CKPT_OLD_DATA,NEW,OLD,987,3,3,Methane,50.0,B5_GMe_F020_R2.txt,2,2,late,,1,42.98091042554476,42.98091042554476
C_NEW_CKPT_OLD_DATA,NEW,OLD,988,0,0,Ethanol,125.0,B5_GEa_F100_R1.txt,1,2,late,,1,116.15164760691259,116.15164760691259
C_NEW_CKPT_OLD_DATA,NEW,OLD,989,3,3,Methane,25.0,B5_GMe_F010_R1.txt,1,2,late,,1,27.15094627552872,27.15094627552872
C_NEW_CKPT_OLD_DATA,NEW,OLD,990,3,3,Methane,150.0,B5_GMe_F060_R2.txt,2,2,late,,1,151.86994572286602,151.86994572286602
C_NEW_CKPT_OLD_DATA,NEW,OLD,991,2,2,Ethylene,50.0,B5_GEy_F040_R1.txt,1,2,late,,1,41.49830361982181,41.49830361982181
C_NEW_CKPT_OLD_DATA,NEW,OLD,992,1,1,CO,75.0,B5_GCO_F030_R2.txt,2,2,late,,1,93.43417509576197,93.43417509576197
C_NEW_CKPT_OLD_DATA,NEW,OLD,993,1,1,CO,125.0,B5_GCO_F050_R1.txt,1,2,late,,1,143.3692493316493,143.3692493316493
C_NEW_CKPT_OLD_DATA,NEW,OLD,994,2,2,Ethylene,75.0,B5_GEy_F060_R2.txt,2,2,late,,1,74.77553398612008,74.77553398612008
C_NEW_CKPT_OLD_DATA,NEW,OLD,995,1,1,CO,175.0,B5_GCO_F070_R2.txt,2,2,late,,1,176.44140228110706,176.44140228110706
C_NEW_CKPT_OLD_DATA,NEW,OLD,996,1,1,CO,225.0,B5_GCO_F090_R1.txt,1,2,late,,1,213.28699938973253,213.28699938973253
C_NEW_CKPT_OLD_DATA,NEW,OLD,997,1,1,CO,250.0,B5_GCO_F100_R1.txt,1,2,late,,1,250.0,250.0
C_NEW_CKPT_OLD_DATA,NEW,OLD,998,3,3,Methane,100.0,B5_GMe_F040_R1.txt,1,2,late,,1,102.68130824168651,102.68130824168651
C_NEW_CKPT_OLD_DATA,NEW,OLD,999,3,3,Methane,25.0,B5_GMe_F010_R1.txt,1,2,late,,1,25.0,25.0
C_NEW_CKPT_OLD_DATA,NEW,OLD,1000,2,2,Ethylene,37.5,B5_GEy_F030_R1.txt,1,2,late,,1,32.21558483137122,32.21558483137122
C_NEW_CKPT_OLD_DATA,NEW,OLD,1001,1,1,CO,100.0,B5_GCO_F040_R2.txt,2,2,late,,1,112.88937193492308,112.88937193492308
C_NEW_CKPT_OLD_DATA,NEW,OLD,1002,1,1,CO,75.0,B5_GCO_F030_R2.txt,2,2,late,,1,99.68494402948528,99.68494402948528
C_NEW_CKPT_OLD_DATA,NEW,OLD,1003,2,2,Ethylene,75.0,B5_GEy_F060_R2.txt,2,2,late,,1,65.90986032923016,65.90986032923016
C_NEW_CKPT_OLD_DATA,NEW,OLD,1004,1,1,CO,200.0,B5_GCO_F080_R1.txt,1,2,late,,1,194.4448754833164,194.4448754833164
C_NEW_CKPT_OLD_DATA,NEW,OLD,1005,3,1,Methane,225.0,B5_GMe_F090_R1.txt,1,2,late,,0,25.0,223.0540164286042
C_NEW_CKPT_OLD_DATA,NEW,OLD,1006,0,0,Ethanol,12.5,B5_GEa_F010_R1.txt,1,2,late,,1,12.5,12.5
C_NEW_CKPT_OLD_DATA,NEW,OLD,1007,1,1,CO,150.0,B5_GCO_F060_R1.txt,1,2,late,,1,141.05903213081936,141.05903213081936
C_NEW_CKPT_OLD_DATA,NEW,OLD,1008,0,0,Ethanol,125.0,B5_GEa_F100_R1.txt,1,2,late,,1,124.77321837953949,124.77321837953949
C_NEW_CKPT_OLD_DATA,NEW,OLD,1009,0,0,Ethanol,87.5,B5_GEa_F070_R2.txt,2,2,late,,1,87.81333211299356,87.81333211299356
C_NEW_CKPT_OLD_DATA,NEW,OLD,1010,2,2,Ethylene,62.5,B5_GEy_F050_R1.txt,1,2,late,,1,62.72771816830459,62.72771816830459
C_NEW_CKPT_OLD_DATA,NEW,OLD,1011,1,1,CO,75.0,B5_GCO_F030_R1.txt,1,2,late,,1,78.45895304452785,78.45895304452785
C_NEW_CKPT_OLD_DATA,NEW,OLD,1012,0,0,Ethanol,50.0,B5_GEa_F040_R2.txt,2,2,late,,1,52.21774817302821,52.21774817302821
C_NEW_CKPT_OLD_DATA,NEW,OLD,1013,0,0,Ethanol,100.0,B5_GEa_F080_R2.txt,2,2,late,,1,102.52404437780322,102.52404437780322
C_NEW_CKPT_OLD_DATA,NEW,OLD,1014,1,1,CO,100.0,B5_GCO_F040_R1.txt,1,2,late,,1,96.85378978178892,96.85378978178892
C_NEW_CKPT_OLD_DATA,NEW,OLD,1015,1,1,CO,175.0,B5_GCO_F070_R2.txt,2,2,late,,1,164.5032598562026,164.5032598562026
C_NEW_CKPT_OLD_DATA,NEW,OLD,1016,1,1,CO,25.0,B5_GCO_F010_R1.txt,1,2,late,,1,25.0,25.0
C_NEW_CKPT_OLD_DATA,NEW,OLD,1017,3,3,Methane,200.0,B5_GMe_F080_R1.txt,1,2,late,,1,208.0775973176067,208.0775973176067
C_NEW_CKPT_OLD_DATA,NEW,OLD,1018,3,3,Methane,175.0,B5_GMe_F070_R1.txt,1,2,late,,1,167.63475599722193,167.63475599722193
C_NEW_CKPT_OLD_DATA,NEW,OLD,1019,1,1,CO,125.0,B5_GCO_F050_R1.txt,1,2,late,,1,119.81324848648879,119.81324848648879
C_NEW_CKPT_OLD_DATA,NEW,OLD,1020,3,3,Methane,225.0,B5_GMe_F090_R2.txt,2,2,late,,1,218.8708511816521,218.8708511816521
C_NEW_CKPT_OLD_DATA,NEW,OLD,1021,0,0,Ethanol,100.0,B5_GEa_F080_R1.txt,1,2,late,,1,94.63409132549307,94.63409132549307
C_NEW_CKPT_OLD_DATA,NEW,OLD,1022,0,0,Ethanol,100.0,B5_GEa_F080_R2.txt,2,2,late,,1,98.08180645506204,98.08180645506204
C_NEW_CKPT_OLD_DATA,NEW,OLD,1023,2,2,Ethylene,87.5,B5_GEy_F070_R2.txt,2,2,late,,1,94.79063743650678,94.79063743650678
C_NEW_CKPT_OLD_DATA,NEW,OLD,1024,0,2,Ethanol,12.5,B5_GEa_F010_R1.txt,1,2,late,,0,12.5,21.07443538021556
C_NEW_CKPT_OLD_DATA,NEW,OLD,1025,3,3,Methane,75.0,B5_GMe_F030_R2.txt,2,2,late,,1,72.85797661627007,72.85797661627007
C_NEW_CKPT_OLD_DATA,NEW,OLD,1026,0,0,Ethanol,87.5,B5_GEa_F070_R1.txt,1,2,late,,1,86.450717820325,86.450717820325
C_NEW_CKPT_OLD_DATA,NEW,OLD,1027,1,1,CO,225.0,B5_GCO_F090_R1.txt,1,2,late,,1,192.33060380435134,192.33060380435134
C_NEW_CKPT_OLD_DATA,NEW,OLD,1028,0,0,Ethanol,37.5,B5_GEa_F030_R1.txt,1,2,late,,1,42.99247676983634,42.99247676983634
C_NEW_CKPT_OLD_DATA,NEW,OLD,1029,3,3,Methane,175.0,B5_GMe_F070_R2.txt,2,2,late,,1,173.22715734121078,173.22715734121078
C_NEW_CKPT_OLD_DATA,NEW,OLD,1030,0,0,Ethanol,100.0,B5_GEa_F080_R1.txt,1,2,late,,1,82.26759216216361,82.26759216216361
C_NEW_CKPT_OLD_DATA,NEW,OLD,1031,1,1,CO,175.0,B5_GCO_F070_R2.txt,2,2,late,,1,178.80180924573003,178.80180924573003
C_NEW_CKPT_OLD_DATA,NEW,OLD,1032,0,0,Ethanol,25.0,B5_GEa_F020_R1.txt,1,2,late,,1,22.910035580000912,22.910035580000912
C_NEW_CKPT_OLD_DATA,NEW,OLD,1033,0,0,Ethanol,25.0,B5_GEa_F020_R2.txt,2,2,late,,1,24.085362829963202,24.085362829963202
C_NEW_CKPT_OLD_DATA,NEW,OLD,1034,1,1,CO,225.0,B5_GCO_F090_R1.txt,1,2,late,,1,179.279556742437,179.279556742437
C_NEW_CKPT_OLD_DATA,NEW,OLD,1035,0,2,Ethanol,12.5,B5_GEa_F010_R1.txt,1,2,late,,0,12.5,12.5
C_NEW_CKPT_OLD_DATA,NEW,OLD,1036,1,1,CO,175.0,B5_GCO_F070_R1.txt,1,2,late,,1,147.32182027654855,147.32182027654855
C_NEW_CKPT_OLD_DATA,NEW,OLD,1037,1,1,CO,25.0,B5_GCO_F010_R2.txt,2,2,late,,1,25.0,25.0
C_NEW_CKPT_OLD_DATA,NEW,OLD,1038,0,0,Ethanol,37.5,B5_GEa_F030_R1.txt,1,2,late,,1,35.41447874502045,35.41447874502045
C_NEW_CKPT_OLD_DATA,NEW,OLD,1039,0,0,Ethanol,100.0,B5_GEa_F080_R2.txt,2,2,late,,1,102.15150227801847,102.15150227801847
C_NEW_CKPT_OLD_DATA,NEW,OLD,1040,3,3,Methane,175.0,B5_GMe_F070_R1.txt,1,2,late,,1,175.23848573555503,175.23848573555503
C_NEW_CKPT_OLD_DATA,NEW,OLD,1041,0,0,Ethanol,125.0,B5_GEa_F100_R2.txt,2,2,late,,1,121.89514972402083,121.89514972402083
C_NEW_CKPT_OLD_DATA,NEW,OLD,1042,3,1,Methane,225.0,B5_GMe_F090_R1.txt,1,2,late,,0,25.0,213.1421349444253
C_NEW_CKPT_OLD_DATA,NEW,OLD,1043,0,0,Ethanol,75.0,B5_GEa_F060_R1.txt,1,2,late,,1,70.30037432706541,70.30037432706541
C_NEW_CKPT_OLD_DATA,NEW,OLD,1044,2,2,Ethylene,125.0,B5_GEy_F100_R2.txt,2,2,late,,1,122.28747089019907,122.28747089019907
C_NEW_CKPT_OLD_DATA,NEW,OLD,1045,1,1,CO,225.0,B5_GCO_F090_R2.txt,2,2,late,,1,210.07412012449677,210.07412012449677
C_NEW_CKPT_OLD_DATA,NEW,OLD,1046,3,3,Methane,75.0,B5_GMe_F030_R1.txt,1,2,late,,1,72.0013354654209,72.0013354654209
C_NEW_CKPT_OLD_DATA,NEW,OLD,1047,1,1,CO,50.0,B5_GCO_F020_R2.txt,2,2,late,,1,45.02597747277465,45.02597747277465
C_NEW_CKPT_OLD_DATA,NEW,OLD,1048,0,0,Ethanol,100.0,B5_GEa_F080_R1.txt,1,2,late,,1,94.95337185498775,94.95337185498775
C_NEW_CKPT_OLD_DATA,NEW,OLD,1049,1,1,CO,225.0,B5_GCO_F090_R1.txt,1,2,late,,1,210.17693078955787,210.17693078955787
C_NEW_CKPT_OLD_DATA,NEW,OLD,1050,0,0,Ethanol,75.0,B5_GEa_F060_R2.txt,2,2,late,,1,66.5904895878556,66.5904895878556
C_NEW_CKPT_OLD_DATA,NEW,OLD,1051,3,3,Methane,225.0,B5_GMe_F090_R2.txt,2,2,late,,1,230.5799308312292,230.5799308312292
C_NEW_CKPT_OLD_DATA,NEW,OLD,1052,1,1,CO,100.0,B5_GCO_F040_R2.txt,2,2,late,,1,111.08556705181059,111.08556705181059
C_NEW_CKPT_OLD_DATA,NEW,OLD,1053,0,0,Ethanol,125.0,B5_GEa_F100_R1.txt,1,2,late,,1,106.22311364069166,106.22311364069166
C_NEW_CKPT_OLD_DATA,NEW,OLD,1054,3,3,Methane,50.0,B5_GMe_F020_R2.txt,2,2,late,,1,42.64697199342357,42.64697199342357
C_NEW_CKPT_OLD_DATA,NEW,OLD,1055,1,1,CO,250.0,B5_GCO_F100_R1.txt,1,2,late,,1,250.0,250.0
C_NEW_CKPT_OLD_DATA,NEW,OLD,1056,2,2,Ethylene,125.0,B5_GEy_F100_R1.txt,1,2,late,,1,120.34700800655705,120.34700800655705
C_NEW_CKPT_OLD_DATA,NEW,OLD,1057,0,0,Ethanol,75.0,B5_GEa_F060_R2.txt,2,2,late,,1,67.42471643393029,67.42471643393029
C_NEW_CKPT_OLD_DATA,NEW,OLD,1058,2,2,Ethylene,12.5,B5_GEy_F010_R2.txt,2,2,late,,1,12.5,12.5
C_NEW_CKPT_OLD_DATA,NEW,OLD,1059,2,2,Ethylene,100.0,B5_GEy_F080_R1.txt,1,2,late,,1,99.76535180401308,99.76535180401308
C_NEW_CKPT_OLD_DATA,NEW,OLD,1060,3,3,Methane,75.0,B5_GMe_F030_R2.txt,2,2,late,,1,79.32056972758588,79.32056972758588
C_NEW_CKPT_OLD_DATA,NEW,OLD,1061,3,3,Methane,175.0,B5_GMe_F070_R2.txt,2,2,late,,1,169.833506136881,169.833506136881
C_NEW_CKPT_OLD_DATA,NEW,OLD,1062,0,0,Ethanol,100.0,B5_GEa_F080_R2.txt,2,2,late,,1,104.20335859038067,104.20335859038067
C_NEW_CKPT_OLD_DATA,NEW,OLD,1063,0,0,Ethanol,37.5,B5_GEa_F030_R2.txt,2,2,late,,1,97.83069901931688,97.83069901931688
C_NEW_CKPT_OLD_DATA,NEW,OLD,1064,2,2,Ethylene,100.0,B5_GEy_F080_R2.txt,2,2,late,,1,102.46439912895057,102.46439912895057
C_NEW_CKPT_OLD_DATA,NEW,OLD,1065,0,0,Ethanol,100.0,B5_GEa_F080_R2.txt,2,2,late,,1,102.2290667466007,102.2290667466007
C_NEW_CKPT_OLD_DATA,NEW,OLD,1066,2,2,Ethylene,112.5,B5_GEy_F090_R1.txt,1,2,late,,1,113.4827166950966,113.4827166950966
C_NEW_CKPT_OLD_DATA,NEW,OLD,1067,3,3,Methane,150.0,B5_GMe_F060_R1.txt,1,2,late,,1,159.0036661119322,159.0036661119322
C_NEW_CKPT_OLD_DATA,NEW,OLD,1068,2,2,Ethylene,12.5,B5_GEy_F010_R1.txt,1,2,late,,1,12.5,12.5
C_NEW_CKPT_OLD_DATA,NEW,OLD,1069,2,2,Ethylene,87.5,B5_GEy_F070_R2.txt,2,2,late,,1,70.39539751661799,70.39539751661799
C_NEW_CKPT_OLD_DATA,NEW,OLD,1070,1,1,CO,25.0,B5_GCO_F010_R1.txt,1,2,late,,1,25.0,25.0
C_NEW_CKPT_OLD_DATA,NEW,OLD,1071,3,3,Methane,175.0,B5_GMe_F070_R2.txt,2,2,late,,1,174.9789736976175,174.9789736976175
C_NEW_CKPT_OLD_DATA,NEW,OLD,1072,3,3,Methane,100.0,B5_GMe_F040_R2.txt,2,2,late,,1,99.70802522423509,99.70802522423509
C_NEW_CKPT_OLD_DATA,NEW,OLD,1073,0,0,Ethanol,112.5,B5_GEa_F090_R2.txt,2,2,late,,1,107.03692103631651,107.03692103631651
C_NEW_CKPT_OLD_DATA,NEW,OLD,1074,0,0,Ethanol,125.0,B5_GEa_F100_R2.txt,2,2,late,,1,125.0,125.0
C_NEW_CKPT_OLD_DATA,NEW,OLD,1075,3,3,Methane,250.0,B5_GMe_F100_R1.txt,1,2,late,,1,244.01614484848585,244.01614484848585
C_NEW_CKPT_OLD_DATA,NEW,OLD,1076,0,0,Ethanol,12.5,B5_GEa_F010_R1.txt,1,2,late,,1,12.5,12.5
C_NEW_CKPT_OLD_DATA,NEW,OLD,1077,1,1,CO,225.0,B5_GCO_F090_R2.txt,2,2,late,,1,215.4554429157649,215.4554429157649
C_NEW_CKPT_OLD_DATA,NEW,OLD,1078,0,0,Ethanol,87.5,B5_GEa_F070_R2.txt,2,2,late,,1,92.5251079704866,92.5251079704866
C_NEW_CKPT_OLD_DATA,NEW,OLD,1079,2,2,Ethylene,25.0,B5_GEy_F020_R1.txt,1,2,late,,1,24.476225059349545,24.476225059349545
C_NEW_CKPT_OLD_DATA,NEW,OLD,1080,1,1,CO,50.0,B5_GCO_F020_R2.txt,2,2,late,,1,63.0871345735137,63.0871345735137
C_NEW_CKPT_OLD_DATA,NEW,OLD,1081,0,0,Ethanol,112.5,B5_GEa_F090_R1.txt,1,2,late,,1,108.33044554337505,108.33044554337505
C_NEW_CKPT_OLD_DATA,NEW,OLD,1082,2,2,Ethylene,25.0,B5_GEy_F020_R1.txt,1,2,late,,1,29.030409212609797,29.030409212609797
C_NEW_CKPT_OLD_DATA,NEW,OLD,1083,1,1,CO,75.0,B5_GCO_F030_R1.txt,1,2,late,,1,88.62502959865566,88.62502959865566
C_NEW_CKPT_OLD_DATA,NEW,OLD,1084,3,3,Methane,200.0,B5_GMe_F080_R1.txt,1,2,late,,1,190.04588029762536,190.04588029762536
C_NEW_CKPT_OLD_DATA,NEW,OLD,1085,3,3,Methane,225.0,B5_GMe_F090_R2.txt,2,2,late,,1,217.33863378197458,217.33863378197458
C_NEW_CKPT_OLD_DATA,NEW,OLD,1086,2,2,Ethylene,87.5,B5_GEy_F070_R1.txt,1,2,late,,1,82.57213223244952,82.57213223244952
C_NEW_CKPT_OLD_DATA,NEW,OLD,1087,1,1,CO,225.0,B5_GCO_F090_R1.txt,1,2,late,,1,177.0124860808868,177.0124860808868
C_NEW_CKPT_OLD_DATA,NEW,OLD,1088,3,3,Methane,50.0,B5_GMe_F020_R1.txt,1,2,late,,1,46.9618510173445,46.9618510173445
C_NEW_CKPT_OLD_DATA,NEW,OLD,1089,3,3,Methane,25.0,B5_GMe_F010_R2.txt,2,2,late,,1,25.656197195060578,25.656197195060578
C_NEW_CKPT_OLD_DATA,NEW,OLD,1090,3,3,Methane,150.0,B5_GMe_F060_R1.txt,1,2,late,,1,152.54232687052578,152.54232687052578
C_NEW_CKPT_OLD_DATA,NEW,OLD,1091,3,3,Methane,200.0,B5_GMe_F080_R2.txt,2,2,late,,1,197.02745588558935,197.02745588558935
C_NEW_CKPT_OLD_DATA,NEW,OLD,1092,3,3,Methane,125.0,B5_GMe_F050_R1.txt,1,2,late,,1,135.52168657752094,135.52168657752094
C_NEW_CKPT_OLD_DATA,NEW,OLD,1093,0,0,Ethanol,50.0,B5_GEa_F040_R1.txt,1,2,late,,1,46.8953768062305,46.8953768062305
C_NEW_CKPT_OLD_DATA,NEW,OLD,1094,3,1,Methane,225.0,B5_GMe_F090_R1.txt,1,2,late,,0,25.0,221.9538173393022
C_NEW_CKPT_OLD_DATA,NEW,OLD,1095,2,2,Ethylene,112.5,B5_GEy_F090_R1.txt,1,2,late,,1,115.0455321373098,115.0455321373098
C_NEW_CKPT_OLD_DATA,NEW,OLD,1096,3,3,Methane,250.0,B5_GMe_F100_R2.txt,2,2,late,,1,226.71876583435602,226.71876583435602
C_NEW_CKPT_OLD_DATA,NEW,OLD,1097,1,1,CO,25.0,B5_GCO_F010_R2.txt,2,2,late,,1,25.0,25.0
C_NEW_CKPT_OLD_DATA,NEW,OLD,1098,3,3,Methane,125.0,B5_GMe_F050_R1.txt,1,2,late,,1,123.10205926270685,123.10205926270685
C_NEW_CKPT_OLD_DATA,NEW,OLD,1099,1,1,CO,25.0,B5_GCO_F010_R1.txt,1,2,late,,1,25.0,25.0
C_NEW_CKPT_OLD_DATA,NEW,OLD,1100,2,2,Ethylene,62.5,B5_GEy_F050_R1.txt,1,2,late,,1,56.46606924778669,56.46606924778669
C_NEW_CKPT_OLD_DATA,NEW,OLD,1101,0,0,Ethanol,87.5,B5_GEa_F070_R2.txt,2,2,late,,1,92.37710367673765,92.37710367673765
C_NEW_CKPT_OLD_DATA,NEW,OLD,1102,0,0,Ethanol,125.0,B5_GEa_F100_R2.txt,2,2,late,,1,118.89956588932307,118.89956588932307
C_NEW_CKPT_OLD_DATA,NEW,OLD,1103,2,2,Ethylene,37.5,B5_GEy_F030_R2.txt,2,2,late,,1,36.86040317300896,36.86040317300896
C_NEW_CKPT_OLD_DATA,NEW,OLD,1104,0,0,Ethanol,75.0,B5_GEa_F060_R2.txt,2,2,late,,1,60.00942193130231,60.00942193130231
C_NEW_CKPT_OLD_DATA,NEW,OLD,1105,3,3,Methane,25.0,B5_GMe_F010_R2.txt,2,2,late,,1,25.0,25.0
C_NEW_CKPT_OLD_DATA,NEW,OLD,1106,0,0,Ethanol,62.5,B5_GEa_F050_R1.txt,1,2,late,,1,76.76108434447681,76.76108434447681
C_NEW_CKPT_OLD_DATA,NEW,OLD,1107,0,0,Ethanol,87.5,B5_GEa_F070_R2.txt,2,2,late,,1,90.22642415582271,90.22642415582271
C_NEW_CKPT_OLD_DATA,NEW,OLD,1108,1,1,CO,125.0,B5_GCO_F050_R2.txt,2,2,late,,1,113.6843060589198,113.6843060589198
C_NEW_CKPT_OLD_DATA,NEW,OLD,1109,0,0,Ethanol,112.5,B5_GEa_F090_R1.txt,1,2,late,,1,100.17967106892507,100.17967106892507
C_NEW_CKPT_OLD_DATA,NEW,OLD,1110,1,1,CO,225.0,B5_GCO_F090_R1.txt,1,2,late,,1,192.69314800551462,192.69314800551462
C_NEW_CKPT_OLD_DATA,NEW,OLD,1111,3,3,Methane,200.0,B5_GMe_F080_R1.txt,1,2,late,,1,203.4103445694843,203.4103445694843
C_NEW_CKPT_OLD_DATA,NEW,OLD,1112,3,3,Methane,125.0,B5_GMe_F050_R2.txt,2,2,late,,1,127.58849248904842,127.58849248904842
C_NEW_CKPT_OLD_DATA,NEW,OLD,1113,2,2,Ethylene,125.0,B5_GEy_F100_R1.txt,1,2,late,,1,125.0,125.0
C_NEW_CKPT_OLD_DATA,NEW,OLD,1114,2,2,Ethylene,50.0,B5_GEy_F040_R1.txt,1,2,late,,1,51.932425128393504,51.932425128393504
C_NEW_CKPT_OLD_DATA,NEW,OLD,1115,2,2,Ethylene,112.5,B5_GEy_F090_R1.txt,1,2,late,,1,116.59838665662977,116.59838665662977
C_NEW_CKPT_OLD_DATA,NEW,OLD,1116,0,0,Ethanol,112.5,B5_GEa_F090_R1.txt,1,2,late,,1,114.49437885660303,114.49437885660303
C_NEW_CKPT_OLD_DATA,NEW,OLD,1117,0,0,Ethanol,12.5,B5_GEa_F010_R2.txt,2,2,late,,1,12.5,12.5
C_NEW_CKPT_OLD_DATA,NEW,OLD,1118,2,2,Ethylene,37.5,B5_GEy_F030_R2.txt,2,2,late,,1,34.982091393414336,34.982091393414336
C_NEW_CKPT_OLD_DATA,NEW,OLD,1119,0,2,Ethanol,50.0,B5_GEa_F040_R1.txt,1,2,late,,0,12.5,64.13658640445462
C_NEW_CKPT_OLD_DATA,NEW,OLD,1120,0,0,Ethanol,12.5,B5_GEa_F010_R2.txt,2,2,late,,1,14.991455276131703,14.991455276131703
C_NEW_CKPT_OLD_DATA,NEW,OLD,1121,0,0,Ethanol,112.5,B5_GEa_F090_R1.txt,1,2,late,,1,112.38399998640871,112.38399998640871
C_NEW_CKPT_OLD_DATA,NEW,OLD,1122,2,2,Ethylene,100.0,B5_GEy_F080_R1.txt,1,2,late,,1,96.8971633724367,96.8971633724367
C_NEW_CKPT_OLD_DATA,NEW,OLD,1123,2,2,Ethylene,75.0,B5_GEy_F060_R1.txt,1,2,late,,1,80.48827029825492,80.48827029825492
C_NEW_CKPT_OLD_DATA,NEW,OLD,1124,0,0,Ethanol,50.0,B5_GEa_F040_R1.txt,1,2,late,,1,48.685270175799104,48.685270175799104
C_NEW_CKPT_OLD_DATA,NEW,OLD,1125,0,0,Ethanol,112.5,B5_GEa_F090_R2.txt,2,2,late,,1,105.21299546274454,105.21299546274454
C_NEW_CKPT_OLD_DATA,NEW,OLD,1126,0,0,Ethanol,112.5,B5_GEa_F090_R1.txt,1,2,late,,1,111.8270918882625,111.8270918882625
C_NEW_CKPT_OLD_DATA,NEW,OLD,1127,1,1,CO,175.0,B5_GCO_F070_R1.txt,1,2,late,,1,190.03188428409737,190.03188428409737
C_NEW_CKPT_OLD_DATA,NEW,OLD,1128,2,2,Ethylene,50.0,B5_GEy_F040_R1.txt,1,2,late,,1,53.73951243550701,53.73951243550701
C_NEW_CKPT_OLD_DATA,NEW,OLD,1129,2,2,Ethylene,125.0,B5_GEy_F100_R1.txt,1,2,late,,1,121.02568222921806,121.02568222921806
C_NEW_CKPT_OLD_DATA,NEW,OLD,1130,2,2,Ethylene,12.5,B5_GEy_F010_R2.txt,2,2,late,,1,12.5,12.5
C_NEW_CKPT_OLD_DATA,NEW,OLD,1131,2,2,Ethylene,75.0,B5_GEy_F060_R2.txt,2,2,late,,1,60.21003436847282,60.21003436847282
C_NEW_CKPT_OLD_DATA,NEW,OLD,1132,0,0,Ethanol,62.5,B5_GEa_F050_R1.txt,1,2,late,,1,67.56919769966444,67.56919769966444
C_NEW_CKPT_OLD_DATA,NEW,OLD,1133,3,3,Methane,200.0,B5_GMe_F080_R2.txt,2,2,late,,1,201.96984872731113,201.96984872731113
C_NEW_CKPT_OLD_DATA,NEW,OLD,1134,2,2,Ethylene,12.5,B5_GEy_F010_R2.txt,2,2,late,,1,12.5,12.5
C_NEW_CKPT_OLD_DATA,NEW,OLD,1135,2,2,Ethylene,87.5,B5_GEy_F070_R1.txt,1,2,late,,1,85.29373363482327,85.29373363482327
C_NEW_CKPT_OLD_DATA,NEW,OLD,1136,0,0,Ethanol,50.0,B5_GEa_F040_R1.txt,1,2,late,,1,47.105783324609185,47.105783324609185
C_NEW_CKPT_OLD_DATA,NEW,OLD,1137,1,1,CO,175.0,B5_GCO_F070_R1.txt,1,2,late,,1,160.09193705677106,160.09193705677106
C_NEW_CKPT_OLD_DATA,NEW,OLD,1138,0,0,Ethanol,37.5,B5_GEa_F030_R2.txt,2,2,late,,1,35.47044624690445,35.47044624690445
C_NEW_CKPT_OLD_DATA,NEW,OLD,1139,1,1,CO,225.0,B5_GCO_F090_R1.txt,1,2,late,,1,217.94111687350122,217.94111687350122
C_NEW_CKPT_OLD_DATA,NEW,OLD,1140,0,0,Ethanol,87.5,B5_GEa_F070_R2.txt,2,2,late,,1,88.96598805660591,88.96598805660591
C_NEW_CKPT_OLD_DATA,NEW,OLD,1141,0,0,Ethanol,25.0,B5_GEa_F020_R2.txt,2,2,late,,1,25.746222911108624,25.746222911108624
C_NEW_CKPT_OLD_DATA,NEW,OLD,1142,2,2,Ethylene,50.0,B5_GEy_F040_R1.txt,1,2,late,,1,50.24882293309878,50.24882293309878
C_NEW_CKPT_OLD_DATA,NEW,OLD,1143,1,1,CO,100.0,B5_GCO_F040_R1.txt,1,2,late,,1,115.36896692982585,115.36896692982585
C_NEW_CKPT_OLD_DATA,NEW,OLD,1144,1,1,CO,100.0,B5_GCO_F040_R2.txt,2,2,late,,1,104.0509746533976,104.0509746533976
C_NEW_CKPT_OLD_DATA,NEW,OLD,1145,0,0,Ethanol,25.0,B5_GEa_F020_R2.txt,2,2,late,,1,26.58771300656423,26.58771300656423
C_NEW_CKPT_OLD_DATA,NEW,OLD,1146,1,1,CO,125.0,B5_GCO_F050_R1.txt,1,2,late,,1,135.95638139917293,135.95638139917293
C_NEW_CKPT_OLD_DATA,NEW,OLD,1147,1,1,CO,25.0,B5_GCO_F010_R2.txt,2,2,late,,1,25.0,25.0
C_NEW_CKPT_OLD_DATA,NEW,OLD,1148,1,1,CO,100.0,B5_GCO_F040_R2.txt,2,2,late,,1,107.6090520670529,107.6090520670529
C_NEW_CKPT_OLD_DATA,NEW,OLD,1149,1,1,CO,25.0,B5_GCO_F010_R1.txt,1,2,late,,1,25.0,25.0
C_NEW_CKPT_OLD_DATA,NEW,OLD,1150,0,0,Ethanol,100.0,B5_GEa_F080_R1.txt,1,2,late,,1,93.91548868588552,93.91548868588552
C_NEW_CKPT_OLD_DATA,NEW,OLD,1151,2,2,Ethylene,12.5,B5_GEy_F010_R2.txt,2,2,late,,1,12.5,12.5
C_NEW_CKPT_OLD_DATA,NEW,OLD,1152,3,3,Methane,250.0,B5_GMe_F100_R2.txt,2,2,late,,1,245.64508402507656,245.64508402507656
C_NEW_CKPT_OLD_DATA,NEW,OLD,1153,3,3,Methane,125.0,B5_GMe_F050_R1.txt,1,2,late,,1,131.42107827999598,131.42107827999598
C_NEW_CKPT_OLD_DATA,NEW,OLD,1154,2,2,Ethylene,25.0,B5_GEy_F020_R2.txt,2,2,late,,1,26.4757282132243,26.4757282132243
C_NEW_CKPT_OLD_DATA,NEW,OLD,1155,3,3,Methane,200.0,B5_GMe_F080_R1.txt,1,2,late,,1,201.24570701645314,201.24570701645314
C_NEW_CKPT_OLD_DATA,NEW,OLD,1156,3,3,Methane,50.0,B5_GMe_F020_R2.txt,2,2,late,,1,47.742268939218214,47.742268939218214
C_NEW_CKPT_OLD_DATA,NEW,OLD,1157,0,0,Ethanol,12.5,B5_GEa_F010_R1.txt,1,2,late,,1,12.5,12.5
C_NEW_CKPT_OLD_DATA,NEW,OLD,1158,1,1,CO,50.0,B5_GCO_F020_R2.txt,2,2,late,,1,53.90091487521831,53.90091487521831
C_NEW_CKPT_OLD_DATA,NEW,OLD,1159,0,0,Ethanol,50.0,B5_GEa_F040_R1.txt,1,2,late,,1,44.52633082077927,44.52633082077927
C_NEW_CKPT_OLD_DATA,NEW,OLD,1160,0,0,Ethanol,37.5,B5_GEa_F030_R1.txt,1,2,late,,1,36.4890590865518,36.4890590865518
C_NEW_CKPT_OLD_DATA,NEW,OLD,1161,0,0,Ethanol,62.5,B5_GEa_F050_R1.txt,1,2,late,,1,94.32289600731443,94.32289600731443
C_NEW_CKPT_OLD_DATA,NEW,OLD,1162,0,0,Ethanol,87.5,B5_GEa_F070_R1.txt,1,2,late,,1,87.74039565568945,87.74039565568945
C_NEW_CKPT_OLD_DATA,NEW,OLD,1163,0,0,Ethanol,37.5,B5_GEa_F030_R2.txt,2,2,late,,1,125.0,125.0
C_NEW_CKPT_OLD_DATA,NEW,OLD,1164,2,2,Ethylene,37.5,B5_GEy_F030_R2.txt,2,2,late,,1,33.740217685145126,33.740217685145126
C_NEW_CKPT_OLD_DATA,NEW,OLD,1165,1,1,CO,250.0,B5_GCO_F100_R2.txt,2,2,late,,1,250.0,250.0
C_NEW_CKPT_OLD_DATA,NEW,OLD,1166,3,3,Methane,150.0,B5_GMe_F060_R1.txt,1,2,late,,1,150.47763611893456,150.47763611893456
C_NEW_CKPT_OLD_DATA,NEW,OLD,1167,1,1,CO,125.0,B5_GCO_F050_R2.txt,2,2,late,,1,136.03080824410898,136.03080824410898
C_NEW_CKPT_OLD_DATA,NEW,OLD,1168,3,3,Methane,125.0,B5_GMe_F050_R1.txt,1,2,late,,1,131.25762203816677,131.25762203816677
C_NEW_CKPT_OLD_DATA,NEW,OLD,1169,3,3,Methane,150.0,B5_GMe_F060_R2.txt,2,2,late,,1,158.6713912763276,158.6713912763276
C_NEW_CKPT_OLD_DATA,NEW,OLD,1170,2,2,Ethylene,87.5,B5_GEy_F070_R1.txt,1,2,late,,1,77.86164100106342,77.86164100106342
C_NEW_CKPT_OLD_DATA,NEW,OLD,1171,0,0,Ethanol,37.5,B5_GEa_F030_R1.txt,1,2,late,,1,38.68209955649465,38.68209955649465
C_NEW_CKPT_OLD_DATA,NEW,OLD,1172,3,3,Methane,250.0,B5_GMe_F100_R2.txt,2,2,late,,1,239.40758410539993,239.40758410539993
C_NEW_CKPT_OLD_DATA,NEW,OLD,1173,1,1,CO,200.0,B5_GCO_F080_R1.txt,1,2,late,,1,201.83840831166557,201.83840831166557
C_NEW_CKPT_OLD_DATA,NEW,OLD,1174,3,3,Methane,200.0,B5_GMe_F080_R2.txt,2,2,late,,1,187.47958669709487,187.47958669709487
C_NEW_CKPT_OLD_DATA,NEW,OLD,1175,2,2,Ethylene,75.0,B5_GEy_F060_R1.txt,1,2,late,,1,75.79281642120034,75.79281642120034
C_NEW_CKPT_OLD_DATA,NEW,OLD,1176,1,1,CO,225.0,B5_GCO_F090_R2.txt,2,2,late,,1,212.8965997620878,212.8965997620878
C_NEW_CKPT_OLD_DATA,NEW,OLD,1177,1,1,CO,200.0,B5_GCO_F080_R2.txt,2,2,late,,1,165.49970782385518,165.49970782385518
C_NEW_CKPT_OLD_DATA,NEW,OLD,1178,3,1,Methane,225.0,B5_GMe_F090_R1.txt,1,2,late,,0,25.0,215.4802111934819
C_NEW_CKPT_OLD_DATA,NEW,OLD,1179,3,3,Methane,250.0,B5_GMe_F100_R1.txt,1,2,late,,1,233.7694421453802,233.7694421453802
C_NEW_CKPT_OLD_DATA,NEW,OLD,1180,2,2,Ethylene,37.5,B5_GEy_F030_R1.txt,1,2,late,,1,36.687449116568075,36.687449116568075
C_NEW_CKPT_OLD_DATA,NEW,OLD,1181,1,1,CO,175.0,B5_GCO_F070_R2.txt,2,2,late,,1,171.62631928011191,171.62631928011191
C_NEW_CKPT_OLD_DATA,NEW,OLD,1182,0,0,Ethanol,100.0,B5_GEa_F080_R1.txt,1,2,late,,1,93.711594688874,93.711594688874
C_NEW_CKPT_OLD_DATA,NEW,OLD,1183,0,0,Ethanol,62.5,B5_GEa_F050_R1.txt,1,2,late,,1,67.70278445298322,67.70278445298322
C_NEW_CKPT_OLD_DATA,NEW,OLD,1184,2,2,Ethylene,62.5,B5_GEy_F050_R1.txt,1,2,late,,1,61.52030097651003,61.52030097651003
C_NEW_CKPT_OLD_DATA,NEW,OLD,1185,1,1,CO,75.0,B5_GCO_F030_R2.txt,2,2,late,,1,90.41575630225988,90.41575630225988
C_NEW_CKPT_OLD_DATA,NEW,OLD,1186,1,1,CO,225.0,B5_GCO_F090_R1.txt,1,2,late,,1,216.81600131643935,216.81600131643935
C_NEW_CKPT_OLD_DATA,NEW,OLD,1187,2,2,Ethylene,125.0,B5_GEy_F100_R1.txt,1,2,late,,1,111.8028249344193,111.8028249344193
C_NEW_CKPT_OLD_DATA,NEW,OLD,1188,3,3,Methane,200.0,B5_GMe_F080_R2.txt,2,2,late,,1,203.3239763181958,203.3239763181958
C_NEW_CKPT_OLD_DATA,NEW,OLD,1189,2,2,Ethylene,112.5,B5_GEy_F090_R2.txt,2,2,late,,1,116.26734231080957,116.26734231080957
C_NEW_CKPT_OLD_DATA,NEW,OLD,1190,3,3,Methane,100.0,B5_GMe_F040_R2.txt,2,2,late,,1,99.93785333596836,99.93785333596836
C_NEW_CKPT_OLD_DATA,NEW,OLD,1191,1,1,CO,100.0,B5_GCO_F040_R2.txt,2,2,late,,1,138.41702689217,138.41702689217
C_NEW_CKPT_OLD_DATA,NEW,OLD,1192,1,1,CO,50.0,B5_GCO_F020_R1.txt,1,2,late,,1,40.084559332799074,40.084559332799074
C_NEW_CKPT_OLD_DATA,NEW,OLD,1193,0,0,Ethanol,62.5,B5_GEa_F050_R2.txt,2,2,late,,1,65.86590085085147,65.86590085085147
C_NEW_CKPT_OLD_DATA,NEW,OLD,1194,1,1,CO,225.0,B5_GCO_F090_R1.txt,1,2,late,,1,223.83233059891103,223.83233059891103
C_NEW_CKPT_OLD_DATA,NEW,OLD,1195,3,3,Methane,250.0,B5_GMe_F100_R2.txt,2,2,late,,1,243.7382449288648,243.7382449288648
C_NEW_CKPT_OLD_DATA,NEW,OLD,1196,3,3,Methane,100.0,B5_GMe_F040_R2.txt,2,2,late,,1,92.64621516494046,92.64621516494046
C_NEW_CKPT_OLD_DATA,NEW,OLD,1197,1,1,CO,150.0,B5_GCO_F060_R1.txt,1,2,late,,1,162.67840791601685,162.67840791601685
C_NEW_CKPT_OLD_DATA,NEW,OLD,1198,0,0,Ethanol,12.5,B5_GEa_F010_R1.txt,1,2,late,,1,12.5,12.5
C_NEW_CKPT_OLD_DATA,NEW,OLD,1199,1,1,CO,250.0,B5_GCO_F100_R2.txt,2,2,late,,1,220.2321373861211,220.2321373861211
C_NEW_CKPT_OLD_DATA,NEW,OLD,1200,2,2,Ethylene,37.5,B5_GEy_F030_R1.txt,1,2,late,,1,37.660207851192695,37.660207851192695
C_NEW_CKPT_OLD_DATA,NEW,OLD,1201,0,0,Ethanol,37.5,B5_GEa_F030_R2.txt,2,2,late,,1,38.566298368478755,38.566298368478755
C_NEW_CKPT_OLD_DATA,NEW,OLD,1202,1,1,CO,200.0,B5_GCO_F080_R1.txt,1,2,late,,1,202.52500190601387,202.52500190601387
C_NEW_CKPT_OLD_DATA,NEW,OLD,1203,1,1,CO,175.0,B5_GCO_F070_R1.txt,1,2,late,,1,132.81276494268093,132.81276494268093
C_NEW_CKPT_OLD_DATA,NEW,OLD,1204,2,2,Ethylene,75.0,B5_GEy_F060_R2.txt,2,2,late,,1,76.25614035058587,76.25614035058587
C_NEW_CKPT_OLD_DATA,NEW,OLD,1205,3,3,Methane,250.0,B5_GMe_F100_R1.txt,1,2,late,,1,236.01776651400374,236.01776651400374
C_NEW_CKPT_OLD_DATA,NEW,OLD,1206,2,2,Ethylene,100.0,B5_GEy_F080_R2.txt,2,2,late,,1,96.76492927273185,96.76492927273185
C_NEW_CKPT_OLD_DATA,NEW,OLD,1207,1,1,CO,125.0,B5_GCO_F050_R2.txt,2,2,late,,1,132.23279926272693,132.23279926272693
C_NEW_CKPT_OLD_DATA,NEW,OLD,1208,1,1,CO,250.0,B5_GCO_F100_R2.txt,2,2,late,,1,223.9014291489036,223.9014291489036
C_NEW_CKPT_OLD_DATA,NEW,OLD,1209,3,3,Methane,225.0,B5_GMe_F090_R2.txt,2,2,late,,1,225.97836904159533,225.97836904159533
C_NEW_CKPT_OLD_DATA,NEW,OLD,1210,1,1,CO,250.0,B5_GCO_F100_R2.txt,2,2,late,,1,247.83721977396806,247.83721977396806
C_NEW_CKPT_OLD_DATA,NEW,OLD,1211,2,2,Ethylene,50.0,B5_GEy_F040_R1.txt,1,2,late,,1,50.430091419188045,50.430091419188045
C_NEW_CKPT_OLD_DATA,NEW,OLD,1212,0,0,Ethanol,125.0,B5_GEa_F100_R2.txt,2,2,late,,1,122.88544770385519,122.88544770385519
C_NEW_CKPT_OLD_DATA,NEW,OLD,1213,1,1,CO,25.0,B5_GCO_F010_R1.txt,1,2,late,,1,27.350177729090547,27.350177729090547
C_NEW_CKPT_OLD_DATA,NEW,OLD,1214,3,3,Methane,50.0,B5_GMe_F020_R1.txt,1,2,late,,1,53.57174594538026,53.57174594538026
C_NEW_CKPT_OLD_DATA,NEW,OLD,1215,1,1,CO,25.0,B5_GCO_F010_R2.txt,2,2,late,,1,25.0,25.0
C_NEW_CKPT_OLD_DATA,NEW,OLD,1216,1,1,CO,250.0,B5_GCO_F100_R1.txt,1,2,late,,1,237.09562046193832,237.09562046193832
C_NEW_CKPT_OLD_DATA,NEW,OLD,1217,3,1,Methane,225.0,B5_GMe_F090_R1.txt,1,2,late,,0,25.0,222.4316387482897
C_NEW_CKPT_OLD_DATA,NEW,OLD,1218,3,3,Methane,25.0,B5_GMe_F010_R2.txt,2,2,late,,1,32.06249224809774,32.06249224809774
C_NEW_CKPT_OLD_DATA,NEW,OLD,1219,2,2,Ethylene,125.0,B5_GEy_F100_R2.txt,2,2,late,,1,117.06457907556583,117.06457907556583
C_NEW_CKPT_OLD_DATA,NEW,OLD,1220,2,2,Ethylene,62.5,B5_GEy_F050_R1.txt,1,2,late,,1,62.36197441639891,62.36197441639891
C_NEW_CKPT_OLD_DATA,NEW,OLD,1221,0,0,Ethanol,37.5,B5_GEa_F030_R2.txt,2,2,late,,1,43.42664053479112,43.42664053479112
C_NEW_CKPT_OLD_DATA,NEW,OLD,1222,1,1,CO,225.0,B5_GCO_F090_R1.txt,1,2,late,,1,212.52990285343768,212.52990285343768
C_NEW_CKPT_OLD_DATA,NEW,OLD,1223,2,2,Ethylene,37.5,B5_GEy_F030_R1.txt,1,2,late,,1,35.40138995972734,35.40138995972734
C_NEW_CKPT_OLD_DATA,NEW,OLD,1224,3,3,Methane,50.0,B5_GMe_F020_R2.txt,2,2,late,,1,58.82893270397652,58.82893270397652
C_NEW_CKPT_OLD_DATA,NEW,OLD,1225,3,3,Methane,175.0,B5_GMe_F070_R1.txt,1,2,late,,1,175.20890767594574,175.20890767594574
C_NEW_CKPT_OLD_DATA,NEW,OLD,1226,0,0,Ethanol,87.5,B5_GEa_F070_R1.txt,1,2,late,,1,85.51339008991975,85.51339008991975
C_NEW_CKPT_OLD_DATA,NEW,OLD,1227,0,0,Ethanol,112.5,B5_GEa_F090_R2.txt,2,2,late,,1,106.9816608905771,106.9816608905771
C_NEW_CKPT_OLD_DATA,NEW,OLD,1228,0,0,Ethanol,50.0,B5_GEa_F040_R2.txt,2,2,late,,1,50.42849721679214,50.42849721679214
C_NEW_CKPT_OLD_DATA,NEW,OLD,1229,1,1,CO,225.0,B5_GCO_F090_R2.txt,2,2,late,,1,207.77101918372364,207.77101918372364
C_NEW_CKPT_OLD_DATA,NEW,OLD,1230,2,2,Ethylene,25.0,B5_GEy_F020_R2.txt,2,2,late,,1,13.672733222463421,13.672733222463421
C_NEW_CKPT_OLD_DATA,NEW,OLD,1231,3,3,Methane,100.0,B5_GMe_F040_R1.txt,1,2,late,,1,105.58406783828163,105.58406783828163
C_NEW_CKPT_OLD_DATA,NEW,OLD,1232,2,2,Ethylene,50.0,B5_GEy_F040_R1.txt,1,2,late,,1,46.43313332741201,46.43313332741201
C_NEW_CKPT_OLD_DATA,NEW,OLD,1233,3,3,Methane,175.0,B5_GMe_F070_R2.txt,2,2,late,,1,174.68235087896016,174.68235087896016
C_NEW_CKPT_OLD_DATA,NEW,OLD,1234,2,2,Ethylene,62.5,B5_GEy_F050_R2.txt,2,2,late,,1,65.89682349034896,65.89682349034896
C_NEW_CKPT_OLD_DATA,NEW,OLD,1235,0,0,Ethanol,25.0,B5_GEa_F020_R2.txt,2,2,late,,1,29.005217241449404,29.005217241449404
C_NEW_CKPT_OLD_DATA,NEW,OLD,1236,2,2,Ethylene,125.0,B5_GEy_F100_R1.txt,1,2,late,,1,125.0,125.0
C_NEW_CKPT_OLD_DATA,NEW,OLD,1237,1,1,CO,175.0,B5_GCO_F070_R2.txt,2,2,late,,1,172.95622379725987,172.95622379725987
C_NEW_CKPT_OLD_DATA,NEW,OLD,1238,3,3,Methane,25.0,B5_GMe_F010_R2.txt,2,2,late,,1,36.36013554090529,36.36013554090529
C_NEW_CKPT_OLD_DATA,NEW,OLD,1239,3,3,Methane,25.0,B5_GMe_F010_R2.txt,2,2,late,,1,36.329226285513414,36.329226285513414
C_NEW_CKPT_OLD_DATA,NEW,OLD,1240,0,0,Ethanol,125.0,B5_GEa_F100_R1.txt,1,2,late,,1,123.6334110753305,123.6334110753305
C_NEW_CKPT_OLD_DATA,NEW,OLD,1241,3,3,Methane,250.0,B5_GMe_F100_R2.txt,2,2,late,,1,242.82241834284488,242.82241834284488
C_NEW_CKPT_OLD_DATA,NEW,OLD,1242,2,2,Ethylene,112.5,B5_GEy_F090_R2.txt,2,2,late,,1,118.66911585284848,118.66911585284848
C_NEW_CKPT_OLD_DATA,NEW,OLD,1243,3,3,Methane,175.0,B5_GMe_F070_R1.txt,1,2,late,,1,176.02059355473924,176.02059355473924
C_NEW_CKPT_OLD_DATA,NEW,OLD,1244,1,1,CO,200.0,B5_GCO_F080_R2.txt,2,2,late,,1,189.46057663958098,189.46057663958098
C_NEW_CKPT_OLD_DATA,NEW,OLD,1245,2,2,Ethylene,62.5,B5_GEy_F050_R2.txt,2,2,late,,1,58.861309385054085,58.861309385054085
C_NEW_CKPT_OLD_DATA,NEW,OLD,1246,2,2,Ethylene,100.0,B5_GEy_F080_R2.txt,2,2,late,,1,99.40572888895653,99.40572888895653
C_NEW_CKPT_OLD_DATA,NEW,OLD,1247,1,1,CO,150.0,B5_GCO_F060_R1.txt,1,2,late,,1,153.6323093846582,153.6323093846582
C_NEW_CKPT_OLD_DATA,NEW,OLD,1248,1,1,CO,75.0,B5_GCO_F030_R2.txt,2,2,late,,1,80.45741186803616,80.45741186803616
C_NEW_CKPT_OLD_DATA,NEW,OLD,1249,1,1,CO,100.0,B5_GCO_F040_R1.txt,1,2,late,,1,100.53159761304636,100.53159761304636
C_NEW_CKPT_OLD_DATA,NEW,OLD,1250,1,1,CO,200.0,B5_GCO_F080_R1.txt,1,2,late,,1,193.33823455806777,193.33823455806777
C_NEW_CKPT_OLD_DATA,NEW,OLD,1251,2,2,Ethylene,125.0,B5_GEy_F100_R1.txt,1,2,late,,1,124.92318878914759,124.92318878914759
C_NEW_CKPT_OLD_DATA,NEW,OLD,1252,1,1,CO,150.0,B5_GCO_F060_R2.txt,2,2,late,,1,167.57532867466227,167.57532867466227
C_NEW_CKPT_OLD_DATA,NEW,OLD,1253,0,0,Ethanol,87.5,B5_GEa_F070_R2.txt,2,2,late,,1,86.49865600620028,86.49865600620028
C_NEW_CKPT_OLD_DATA,NEW,OLD,1254,1,1,CO,50.0,B5_GCO_F020_R2.txt,2,2,late,,1,65.92733285735731,65.92733285735731
C_NEW_CKPT_OLD_DATA,NEW,OLD,1255,0,0,Ethanol,87.5,B5_GEa_F070_R1.txt,1,2,late,,1,87.70962878135569,87.70962878135569
C_NEW_CKPT_OLD_DATA,NEW,OLD,1256,3,3,Methane,50.0,B5_GMe_F020_R1.txt,1,2,late,,1,48.375355261022875,48.375355261022875
C_NEW_CKPT_OLD_DATA,NEW,OLD,1257,3,3,Methane,100.0,B5_GMe_F040_R2.txt,2,2,late,,1,99.80658749361936,99.80658749361936
C_NEW_CKPT_OLD_DATA,NEW,OLD,1258,0,0,Ethanol,50.0,B5_GEa_F040_R2.txt,2,2,late,,1,49.92579790344035,49.92579790344035
C_NEW_CKPT_OLD_DATA,NEW,OLD,1259,0,0,Ethanol,37.5,B5_GEa_F030_R1.txt,1,2,late,,1,39.36669352918882,39.36669352918882
C_NEW_CKPT_OLD_DATA,NEW,OLD,1260,0,0,Ethanol,12.5,B5_GEa_F010_R1.txt,1,2,late,,1,12.5,12.5
C_NEW_CKPT_OLD_DATA,NEW,OLD,1261,3,3,Methane,25.0,B5_GMe_F010_R1.txt,1,2,late,,1,25.0,25.0
C_NEW_CKPT_OLD_DATA,NEW,OLD,1262,3,3,Methane,50.0,B5_GMe_F020_R2.txt,2,2,late,,1,41.90645168775577,41.90645168775577
C_NEW_CKPT_OLD_DATA,NEW,OLD,1263,1,1,CO,200.0,B5_GCO_F080_R2.txt,2,2,late,,1,168.90852626296186,168.90852626296186
C_NEW_CKPT_OLD_DATA,NEW,OLD,1264,2,2,Ethylene,62.5,B5_GEy_F050_R1.txt,1,2,late,,1,57.54537721972861,57.54537721972861
C_NEW_CKPT_OLD_DATA,NEW,OLD,1265,1,1,CO,250.0,B5_GCO_F100_R1.txt,1,2,late,,1,250.0,250.0
C_NEW_CKPT_OLD_DATA,NEW,OLD,1266,0,0,Ethanol,62.5,B5_GEa_F050_R1.txt,1,2,late,,1,64.6646407565716,64.6646407565716
C_NEW_CKPT_OLD_DATA,NEW,OLD,1267,1,1,CO,25.0,B5_GCO_F010_R1.txt,1,2,late,,1,25.0,25.0
C_NEW_CKPT_OLD_DATA,NEW,OLD,1268,1,1,CO,200.0,B5_GCO_F080_R2.txt,2,2,late,,1,186.28689003776987,186.28689003776987
C_NEW_CKPT_OLD_DATA,NEW,OLD,1269,0,0,Ethanol,25.0,B5_GEa_F020_R1.txt,1,2,late,,1,28.118291863922444,28.118291863922444
C_NEW_CKPT_OLD_DATA,NEW,OLD,1270,0,0,Ethanol,62.5,B5_GEa_F050_R1.txt,1,2,late,,1,63.40544238464708,63.40544238464708
C_NEW_CKPT_OLD_DATA,NEW,OLD,1271,1,1,CO,75.0,B5_GCO_F030_R1.txt,1,2,late,,1,63.56199383896167,63.56199383896167
C_NEW_CKPT_OLD_DATA,NEW,OLD,1272,0,0,Ethanol,100.0,B5_GEa_F080_R1.txt,1,2,late,,1,98.44967537060451,98.44967537060451
C_NEW_CKPT_OLD_DATA,NEW,OLD,1273,0,0,Ethanol,125.0,B5_GEa_F100_R2.txt,2,2,late,,1,118.53903097859612,118.53903097859612
C_NEW_CKPT_OLD_DATA,NEW,OLD,1274,1,1,CO,250.0,B5_GCO_F100_R1.txt,1,2,late,,1,232.581130514248,232.581130514248
C_NEW_CKPT_OLD_DATA,NEW,OLD,1275,2,2,Ethylene,100.0,B5_GEy_F080_R1.txt,1,2,late,,1,98.63926533336969,98.63926533336969
C_NEW_CKPT_OLD_DATA,NEW,OLD,1276,2,2,Ethylene,25.0,B5_GEy_F020_R2.txt,2,2,late,,1,25.488588269570215,25.488588269570215
C_NEW_CKPT_OLD_DATA,NEW,OLD,1277,2,2,Ethylene,100.0,B5_GEy_F080_R2.txt,2,2,late,,1,99.03709467799524,99.03709467799524
C_NEW_CKPT_OLD_DATA,NEW,OLD,1278,3,3,Methane,150.0,B5_GMe_F060_R2.txt,2,2,late,,1,159.80344010048515,159.80344010048515
C_NEW_CKPT_OLD_DATA,NEW,OLD,1279,1,1,CO,250.0,B5_GCO_F100_R1.txt,1,2,late,,1,237.18256512601874,237.18256512601874
C_NEW_CKPT_OLD_DATA,NEW,OLD,1280,2,2,Ethylene,112.5,B5_GEy_F090_R1.txt,1,2,late,,1,116.57238638851322,116.57238638851322
C_NEW_CKPT_OLD_DATA,NEW,OLD,1281,1,1,CO,75.0,B5_GCO_F030_R1.txt,1,2,late,,1,62.444682170663135,62.444682170663135
C_NEW_CKPT_OLD_DATA,NEW,OLD,1282,2,2,Ethylene,100.0,B5_GEy_F080_R1.txt,1,2,late,,1,97.0807737703376,97.0807737703376
C_NEW_CKPT_OLD_DATA,NEW,OLD,1283,1,1,CO,175.0,B5_GCO_F070_R2.txt,2,2,late,,1,183.94950856362505,183.94950856362505
C_NEW_CKPT_OLD_DATA,NEW,OLD,1284,1,1,CO,175.0,B5_GCO_F070_R1.txt,1,2,late,,1,168.7403095852706,168.7403095852706
C_NEW_CKPT_OLD_DATA,NEW,OLD,1285,3,3,Methane,150.0,B5_GMe_F060_R2.txt,2,2,late,,1,149.7094664082145,149.7094664082145
C_NEW_CKPT_OLD_DATA,NEW,OLD,1286,3,3,Methane,175.0,B5_GMe_F070_R1.txt,1,2,late,,1,177.2077909038386,177.2077909038386
C_NEW_CKPT_OLD_DATA,NEW,OLD,1287,3,3,Methane,225.0,B5_GMe_F090_R2.txt,2,2,late,,1,221.27252915840586,221.27252915840586
C_NEW_CKPT_OLD_DATA,NEW,OLD,1288,2,2,Ethylene,50.0,B5_GEy_F040_R2.txt,2,2,late,,1,50.22338593562722,50.22338593562722
C_NEW_CKPT_OLD_DATA,NEW,OLD,1289,1,1,CO,50.0,B5_GCO_F020_R2.txt,2,2,late,,1,43.88852707408259,43.88852707408259
C_NEW_CKPT_OLD_DATA,NEW,OLD,1290,0,0,Ethanol,62.5,B5_GEa_F050_R2.txt,2,2,late,,1,65.2801833829141,65.2801833829141
C_NEW_CKPT_OLD_DATA,NEW,OLD,1291,2,2,Ethylene,25.0,B5_GEy_F020_R1.txt,1,2,late,,1,24.54067914521488,24.54067914521488
C_NEW_CKPT_OLD_DATA,NEW,OLD,1292,3,3,Methane,200.0,B5_GMe_F080_R2.txt,2,2,late,,1,192.5137617068271,192.5137617068271
C_NEW_CKPT_OLD_DATA,NEW,OLD,1293,1,1,CO,225.0,B5_GCO_F090_R1.txt,1,2,late,,1,223.80442236785913,223.80442236785913
C_NEW_CKPT_OLD_DATA,NEW,OLD,1294,3,3,Methane,125.0,B5_GMe_F050_R1.txt,1,2,late,,1,131.54658266991828,131.54658266991828
C_NEW_CKPT_OLD_DATA,NEW,OLD,1295,2,2,Ethylene,112.5,B5_GEy_F090_R2.txt,2,2,late,,1,117.29369216566147,117.29369216566147
C_NEW_CKPT_OLD_DATA,NEW,OLD,1296,2,2,Ethylene,62.5,B5_GEy_F050_R2.txt,2,2,late,,1,83.9619651076345,83.9619651076345
C_NEW_CKPT_OLD_DATA,NEW,OLD,1297,0,0,Ethanol,112.5,B5_GEa_F090_R1.txt,1,2,late,,1,105.71142568749934,105.71142568749934
C_NEW_CKPT_OLD_DATA,NEW,OLD,1298,1,1,CO,75.0,B5_GCO_F030_R1.txt,1,2,late,,1,41.98176118863029,41.98176118863029
C_NEW_CKPT_OLD_DATA,NEW,OLD,1299,3,3,Methane,150.0,B5_GMe_F060_R1.txt,1,2,late,,1,148.47990443518484,148.47990443518484
C_NEW_CKPT_OLD_DATA,NEW,OLD,1300,0,0,Ethanol,100.0,B5_GEa_F080_R2.txt,2,2,late,,1,93.52094551601009,93.52094551601009
C_NEW_CKPT_OLD_DATA,NEW,OLD,1301,2,2,Ethylene,87.5,B5_GEy_F070_R2.txt,2,2,late,,1,84.5943399196216,84.5943399196216
C_NEW_CKPT_OLD_DATA,NEW,OLD,1302,3,3,Methane,150.0,B5_GMe_F060_R2.txt,2,2,late,,1,151.12100960074926,151.12100960074926
C_NEW_CKPT_OLD_DATA,NEW,OLD,1303,2,2,Ethylene,37.5,B5_GEy_F030_R2.txt,2,2,late,,1,32.771832505880866,32.771832505880866
C_NEW_CKPT_OLD_DATA,NEW,OLD,1304,2,2,Ethylene,12.5,B5_GEy_F010_R2.txt,2,2,late,,1,17.06290715282576,17.06290715282576
C_NEW_CKPT_OLD_DATA,NEW,OLD,1305,1,1,CO,50.0,B5_GCO_F020_R1.txt,1,2,late,,1,31.90125008437559,31.90125008437559
C_NEW_CKPT_OLD_DATA,NEW,OLD,1306,3,1,Methane,225.0,B5_GMe_F090_R1.txt,1,2,late,,0,25.0,214.43494528324712
C_NEW_CKPT_OLD_DATA,NEW,OLD,1307,0,0,Ethanol,75.0,B5_GEa_F060_R1.txt,1,2,late,,1,75.21341670863887,75.21341670863887
C_NEW_CKPT_OLD_DATA,NEW,OLD,1308,0,0,Ethanol,62.5,B5_GEa_F050_R1.txt,1,2,late,,1,67.37674912307568,67.37674912307568
C_NEW_CKPT_OLD_DATA,NEW,OLD,1309,2,2,Ethylene,75.0,B5_GEy_F060_R2.txt,2,2,late,,1,75.29496467387796,75.29496467387796
C_NEW_CKPT_OLD_DATA,NEW,OLD,1310,3,3,Methane,75.0,B5_GMe_F030_R2.txt,2,2,late,,1,84.14113907921575,84.14113907921575
C_NEW_CKPT_OLD_DATA,NEW,OLD,1311,0,0,Ethanol,75.0,B5_GEa_F060_R2.txt,2,2,late,,1,67.58695101865683,67.58695101865683
C_NEW_CKPT_OLD_DATA,NEW,OLD,1312,0,0,Ethanol,37.5,B5_GEa_F030_R2.txt,2,2,late,,1,52.59262098621359,52.59262098621359
C_NEW_CKPT_OLD_DATA,NEW,OLD,1313,0,0,Ethanol,100.0,B5_GEa_F080_R2.txt,2,2,late,,1,96.97438600645921,96.97438600645921
C_NEW_CKPT_OLD_DATA,NEW,OLD,1314,2,2,Ethylene,50.0,B5_GEy_F040_R2.txt,2,2,late,,1,47.66109020181858,47.66109020181858
C_NEW_CKPT_OLD_DATA,NEW,OLD,1315,1,1,CO,150.0,B5_GCO_F060_R1.txt,1,2,late,,1,159.53290658537503,159.53290658537503
C_NEW_CKPT_OLD_DATA,NEW,OLD,1316,3,3,Methane,125.0,B5_GMe_F050_R2.txt,2,2,late,,1,129.54853032824457,129.54853032824457
C_NEW_CKPT_OLD_DATA,NEW,OLD,1317,2,2,Ethylene,62.5,B5_GEy_F050_R2.txt,2,2,late,,1,61.2430920238922,61.2430920238922
C_NEW_CKPT_OLD_DATA,NEW,OLD,1318,3,3,Methane,250.0,B5_GMe_F100_R1.txt,1,2,late,,1,250.0,250.0
C_NEW_CKPT_OLD_DATA,NEW,OLD,1319,0,0,Ethanol,112.5,B5_GEa_F090_R1.txt,1,2,late,,1,108.23827224504655,108.23827224504655
C_NEW_CKPT_OLD_DATA,NEW,OLD,1320,2,2,Ethylene,50.0,B5_GEy_F040_R2.txt,2,2,late,,1,49.368262187108456,49.368262187108456
C_NEW_CKPT_OLD_DATA,NEW,OLD,1321,2,2,Ethylene,100.0,B5_GEy_F080_R2.txt,2,2,late,,1,103.1896048369802,103.1896048369802
C_NEW_CKPT_OLD_DATA,NEW,OLD,1322,1,1,CO,125.0,B5_GCO_F050_R1.txt,1,2,late,,1,115.99702194374538,115.99702194374538
C_NEW_CKPT_OLD_DATA,NEW,OLD,1323,1,1,CO,200.0,B5_GCO_F080_R2.txt,2,2,late,,1,176.93417871735537,176.93417871735537
C_NEW_CKPT_OLD_DATA,NEW,OLD,1324,1,1,CO,225.0,B5_GCO_F090_R2.txt,2,2,late,,1,220.00575947376967,220.00575947376967
C_NEW_CKPT_OLD_DATA,NEW,OLD,1325,2,2,Ethylene,12.5,B5_GEy_F010_R1.txt,1,2,late,,1,14.129175849706542,14.129175849706542
C_NEW_CKPT_OLD_DATA,NEW,OLD,1326,0,0,Ethanol,87.5,B5_GEa_F070_R1.txt,1,2,late,,1,91.75448629381359,91.75448629381359
C_NEW_CKPT_OLD_DATA,NEW,OLD,1327,1,1,CO,175.0,B5_GCO_F070_R1.txt,1,2,late,,1,153.67211349769764,153.67211349769764
C_NEW_CKPT_OLD_DATA,NEW,OLD,1328,0,0,Ethanol,62.5,B5_GEa_F050_R1.txt,1,2,late,,1,75.59101350201891,75.59101350201891
C_NEW_CKPT_OLD_DATA,NEW,OLD,1329,0,0,Ethanol,62.5,B5_GEa_F050_R2.txt,2,2,late,,1,65.4288250506394,65.4288250506394
C_NEW_CKPT_OLD_DATA,NEW,OLD,1330,1,1,CO,100.0,B5_GCO_F040_R1.txt,1,2,late,,1,109.78026719771896,109.78026719771896
C_NEW_CKPT_OLD_DATA,NEW,OLD,1331,0,0,Ethanol,100.0,B5_GEa_F080_R1.txt,1,2,late,,1,95.3133338504268,95.3133338504268
C_NEW_CKPT_OLD_DATA,NEW,OLD,1332,2,2,Ethylene,125.0,B5_GEy_F100_R2.txt,2,2,late,,1,125.0,125.0
C_NEW_CKPT_OLD_DATA,NEW,OLD,1333,0,0,Ethanol,12.5,B5_GEa_F010_R2.txt,2,2,late,,1,20.282807016388652,20.282807016388652
C_NEW_CKPT_OLD_DATA,NEW,OLD,1334,0,0,Ethanol,37.5,B5_GEa_F030_R2.txt,2,2,late,,1,12.5,12.5
C_NEW_CKPT_OLD_DATA,NEW,OLD,1335,2,2,Ethylene,62.5,B5_GEy_F050_R1.txt,1,2,late,,1,66.28736837550093,66.28736837550093
C_NEW_CKPT_OLD_DATA,NEW,OLD,1336,2,2,Ethylene,37.5,B5_GEy_F030_R2.txt,2,2,late,,1,37.89008857400151,37.89008857400151
C_NEW_CKPT_OLD_DATA,NEW,OLD,1337,3,3,Methane,250.0,B5_GMe_F100_R1.txt,1,2,late,,1,239.52141296908445,239.52141296908445
C_NEW_CKPT_OLD_DATA,NEW,OLD,1338,3,1,Methane,225.0,B5_GMe_F090_R1.txt,1,2,late,,0,25.0,222.1987547257112
C_NEW_CKPT_OLD_DATA,NEW,OLD,1339,3,3,Methane,150.0,B5_GMe_F060_R1.txt,1,2,late,,1,153.68761859688536,153.68761859688536
C_NEW_CKPT_OLD_DATA,NEW,OLD,1340,3,3,Methane,175.0,B5_GMe_F070_R2.txt,2,2,late,,1,182.09892451756068,182.09892451756068
C_NEW_CKPT_OLD_DATA,NEW,OLD,1341,1,1,CO,200.0,B5_GCO_F080_R2.txt,2,2,late,,1,167.1783540487756,167.1783540487756
C_NEW_CKPT_OLD_DATA,NEW,OLD,1342,2,2,Ethylene,12.5,B5_GEy_F010_R1.txt,1,2,late,,1,12.5,12.5
C_NEW_CKPT_OLD_DATA,NEW,OLD,1343,3,3,Methane,200.0,B5_GMe_F080_R1.txt,1,2,late,,1,212.97529866475656,212.97529866475656
C_NEW_CKPT_OLD_DATA,NEW,OLD,1344,3,3,Methane,175.0,B5_GMe_F070_R1.txt,1,2,late,,1,173.61169508310817,173.61169508310817
C_NEW_CKPT_OLD_DATA,NEW,OLD,1345,2,2,Ethylene,100.0,B5_GEy_F080_R1.txt,1,2,late,,1,97.74855815322982,97.74855815322982
C_NEW_CKPT_OLD_DATA,NEW,OLD,1346,0,0,Ethanol,100.0,B5_GEa_F080_R2.txt,2,2,late,,1,100.5356653201754,100.5356653201754
C_NEW_CKPT_OLD_DATA,NEW,OLD,1347,0,0,Ethanol,12.5,B5_GEa_F010_R2.txt,2,2,late,,1,12.5,12.5
C_NEW_CKPT_OLD_DATA,NEW,OLD,1348,2,2,Ethylene,87.5,B5_GEy_F070_R1.txt,1,2,late,,1,76.9539275280504,76.9539275280504
C_NEW_CKPT_OLD_DATA,NEW,OLD,1349,2,2,Ethylene,25.0,B5_GEy_F020_R2.txt,2,2,late,,1,12.5,12.5
C_NEW_CKPT_OLD_DATA,NEW,OLD,1350,2,2,Ethylene,37.5,B5_GEy_F030_R1.txt,1,2,late,,1,32.95725217393823,32.95725217393823
C_NEW_CKPT_OLD_DATA,NEW,OLD,1351,0,0,Ethanol,75.0,B5_GEa_F060_R2.txt,2,2,late,,1,63.57655404478715,63.57655404478715
C_NEW_CKPT_OLD_DATA,NEW,OLD,1352,2,2,Ethylene,37.5,B5_GEy_F030_R1.txt,1,2,late,,1,33.882532177302494,33.882532177302494
C_NEW_CKPT_OLD_DATA,NEW,OLD,1353,1,1,CO,200.0,B5_GCO_F080_R1.txt,1,2,late,,1,221.89548498368814,221.89548498368814
C_NEW_CKPT_OLD_DATA,NEW,OLD,1354,3,3,Methane,50.0,B5_GMe_F020_R1.txt,1,2,late,,1,46.854404776393444,46.854404776393444
C_NEW_CKPT_OLD_DATA,NEW,OLD,1355,1,1,CO,200.0,B5_GCO_F080_R1.txt,1,2,late,,1,194.60645494007122,194.60645494007122
C_NEW_CKPT_OLD_DATA,NEW,OLD,1356,2,2,Ethylene,75.0,B5_GEy_F060_R2.txt,2,2,late,,1,75.61367504939173,75.61367504939173
C_NEW_CKPT_OLD_DATA,NEW,OLD,1357,1,1,CO,25.0,B5_GCO_F010_R1.txt,1,2,late,,1,25.0,25.0
C_NEW_CKPT_OLD_DATA,NEW,OLD,1358,2,2,Ethylene,50.0,B5_GEy_F040_R1.txt,1,2,late,,1,52.40926735575525,52.40926735575525
C_NEW_CKPT_OLD_DATA,NEW,OLD,1359,3,3,Methane,125.0,B5_GMe_F050_R1.txt,1,2,late,,1,130.64394267102512,130.64394267102512
D_NEW_CKPT_NEW_DATA,NEW,NEW,0,0,0,Ethanol,112.5,B5_GEa_F090_R1.txt,1,2,late,120.0,1,105.50845225554525,105.50845225554525
D_NEW_CKPT_NEW_DATA,NEW,NEW,1,1,1,CO,75.0,B5_GCO_F030_R1.txt,1,2,late,60.0,1,64.92373428299064,64.92373428299064
D_NEW_CKPT_NEW_DATA,NEW,NEW,2,2,2,Ethylene,87.5,B5_GEy_F070_R1.txt,1,2,late,60.0,1,91.86496548546361,91.86496548546361
D_NEW_CKPT_NEW_DATA,NEW,NEW,3,2,2,Ethylene,125.0,B5_GEy_F100_R2.txt,2,2,late,130.0,1,125.0,125.0
D_NEW_CKPT_NEW_DATA,NEW,NEW,4,1,1,CO,25.0,B5_GCO_F010_R1.txt,1,2,late,105.0,1,25.0,25.0
D_NEW_CKPT_NEW_DATA,NEW,NEW,5,2,2,Ethylene,37.5,B5_GEy_F030_R2.txt,2,2,late,155.0,1,45.18785520319753,45.18785520319753
D_NEW_CKPT_NEW_DATA,NEW,NEW,6,3,3,Methane,150.0,B5_GMe_F060_R1.txt,1,2,late,100.0,1,166.77546438802545,166.77546438802545
D_NEW_CKPT_NEW_DATA,NEW,NEW,7,1,1,CO,200.0,B5_GCO_F080_R1.txt,1,2,late,100.0,1,214.75792217646247,214.75792217646247
D_NEW_CKPT_NEW_DATA,NEW,NEW,8,2,2,Ethylene,87.5,B5_GEy_F070_R2.txt,2,2,late,105.0,1,82.22881463240499,82.22881463240499
D_NEW_CKPT_NEW_DATA,NEW,NEW,9,0,0,Ethanol,25.0,B5_GEa_F020_R1.txt,1,2,late,70.0,1,33.39195154127489,33.39195154127489
D_NEW_CKPT_NEW_DATA,NEW,NEW,10,0,0,Ethanol,25.0,B5_GEa_F020_R2.txt,2,2,late,135.0,1,29.915326741832512,29.915326741832512
D_NEW_CKPT_NEW_DATA,NEW,NEW,11,1,1,CO,50.0,B5_GCO_F020_R1.txt,1,2,late,140.0,1,66.11222562951014,66.11222562951014
D_NEW_CKPT_NEW_DATA,NEW,NEW,12,0,0,Ethanol,100.0,B5_GEa_F080_R1.txt,1,2,late,130.0,1,93.15551154726066,93.15551154726066
D_NEW_CKPT_NEW_DATA,NEW,NEW,13,3,3,Methane,250.0,B5_GMe_F100_R2.txt,2,2,late,90.0,1,238.8498549016398,238.8498549016398
D_NEW_CKPT_NEW_DATA,NEW,NEW,14,3,3,Methane,50.0,B5_GMe_F020_R2.txt,2,2,late,115.0,1,73.41413872805161,73.41413872805161
D_NEW_CKPT_NEW_DATA,NEW,NEW,15,2,2,Ethylene,75.0,B5_GEy_F060_R1.txt,1,2,late,60.0,1,79.80189733956745,79.80189733956745
D_NEW_CKPT_NEW_DATA,NEW,NEW,16,2,1,Ethylene,12.5,B5_GEy_F010_R2.txt,2,2,late,80.0,0,250.0,12.5
D_NEW_CKPT_NEW_DATA,NEW,NEW,17,2,2,Ethylene,75.0,B5_GEy_F060_R1.txt,1,2,late,95.0,1,76.12707497235536,76.12707497235536
D_NEW_CKPT_NEW_DATA,NEW,NEW,18,1,1,CO,50.0,B5_GCO_F020_R1.txt,1,2,late,150.0,1,45.67455126556587,45.67455126556587
D_NEW_CKPT_NEW_DATA,NEW,NEW,19,2,2,Ethylene,12.5,B5_GEy_F010_R2.txt,2,2,late,140.0,1,12.5,12.5
D_NEW_CKPT_NEW_DATA,NEW,NEW,20,0,0,Ethanol,12.5,B5_GEa_F010_R1.txt,1,2,late,85.0,1,12.5,12.5
D_NEW_CKPT_NEW_DATA,NEW,NEW,21,3,3,Methane,75.0,B5_GMe_F030_R2.txt,2,2,late,160.0,1,63.9118456740999,63.9118456740999
D_NEW_CKPT_NEW_DATA,NEW,NEW,22,0,0,Ethanol,37.5,B5_GEa_F030_R2.txt,2,2,late,155.0,1,58.34616808998044,58.34616808998044
D_NEW_CKPT_NEW_DATA,NEW,NEW,23,3,3,Methane,175.0,B5_GMe_F070_R1.txt,1,2,late,95.0,1,186.35620981225753,186.35620981225753
D_NEW_CKPT_NEW_DATA,NEW,NEW,24,3,3,Methane,150.0,B5_GMe_F060_R1.txt,1,2,late,130.0,1,154.10099333596898,154.10099333596898
D_NEW_CKPT_NEW_DATA,NEW,NEW,25,0,0,Ethanol,25.0,B5_GEa_F020_R1.txt,1,2,late,90.0,1,30.206566839938993,30.206566839938993
D_NEW_CKPT_NEW_DATA,NEW,NEW,26,0,0,Ethanol,87.5,B5_GEa_F070_R2.txt,2,2,late,60.0,1,70.881273764435,70.881273764435
D_NEW_CKPT_NEW_DATA,NEW,NEW,27,0,0,Ethanol,100.0,B5_GEa_F080_R1.txt,1,2,late,70.0,1,89.99551316037031,89.99551316037031
D_NEW_CKPT_NEW_DATA,NEW,NEW,28,3,3,Methane,100.0,B5_GMe_F040_R2.txt,2,2,late,85.0,1,110.96231951862616,110.96231951862616
D_NEW_CKPT_NEW_DATA,NEW,NEW,29,1,1,CO,100.0,B5_GCO_F040_R2.txt,2,2,late,90.0,1,90.35965415424982,90.35965415424982
D_NEW_CKPT_NEW_DATA,NEW,NEW,30,1,1,CO,50.0,B5_GCO_F020_R1.txt,1,2,late,100.0,1,53.52640324659373,53.52640324659373
D_NEW_CKPT_NEW_DATA,NEW,NEW,31,2,2,Ethylene,50.0,B5_GEy_F040_R2.txt,2,2,late,145.0,1,55.62051595538674,55.62051595538674
D_NEW_CKPT_NEW_DATA,NEW,NEW,32,1,1,CO,125.0,B5_GCO_F050_R2.txt,2,2,late,100.0,1,126.1326262558643,126.1326262558643
D_NEW_CKPT_NEW_DATA,NEW,NEW,33,2,2,Ethylene,12.5,B5_GEy_F010_R1.txt,1,2,late,60.0,1,12.5,12.5
D_NEW_CKPT_NEW_DATA,NEW,NEW,34,2,2,Ethylene,50.0,B5_GEy_F040_R1.txt,1,2,late,85.0,1,50.358923154139326,50.358923154139326
D_NEW_CKPT_NEW_DATA,NEW,NEW,35,3,3,Methane,250.0,B5_GMe_F100_R1.txt,1,2,late,160.0,1,245.6660353769738,245.6660353769738
D_NEW_CKPT_NEW_DATA,NEW,NEW,36,2,2,Ethylene,37.5,B5_GEy_F030_R1.txt,1,2,late,130.0,1,40.73587444551443,40.73587444551443
D_NEW_CKPT_NEW_DATA,NEW,NEW,37,3,3,Methane,125.0,B5_GMe_F050_R1.txt,1,2,late,135.0,1,141.81621878062305,141.81621878062305
D_NEW_CKPT_NEW_DATA,NEW,NEW,38,1,1,CO,25.0,B5_GCO_F010_R2.txt,2,2,late,105.0,1,25.0,25.0
D_NEW_CKPT_NEW_DATA,NEW,NEW,39,3,3,Methane,200.0,B5_GMe_F080_R2.txt,2,2,late,130.0,1,175.41702434946086,175.41702434946086
D_NEW_CKPT_NEW_DATA,NEW,NEW,40,3,3,Methane,25.0,B5_GMe_F010_R2.txt,2,2,late,85.0,1,52.89465979991338,52.89465979991338
D_NEW_CKPT_NEW_DATA,NEW,NEW,41,3,3,Methane,200.0,B5_GMe_F080_R1.txt,1,2,late,85.0,1,198.86129905188994,198.86129905188994
D_NEW_CKPT_NEW_DATA,NEW,NEW,42,1,1,CO,125.0,B5_GCO_F050_R1.txt,1,2,late,60.0,1,112.20424876397752,112.20424876397752
D_NEW_CKPT_NEW_DATA,NEW,NEW,43,0,0,Ethanol,100.0,B5_GEa_F080_R1.txt,1,2,late,120.0,1,95.96301242197143,95.96301242197143
D_NEW_CKPT_NEW_DATA,NEW,NEW,44,1,1,CO,50.0,B5_GCO_F020_R2.txt,2,2,late,115.0,1,54.16673542554986,54.16673542554986
D_NEW_CKPT_NEW_DATA,NEW,NEW,45,1,1,CO,50.0,B5_GCO_F020_R1.txt,1,2,late,120.0,1,53.64381629604742,53.64381629604742
D_NEW_CKPT_NEW_DATA,NEW,NEW,46,0,0,Ethanol,12.5,B5_GEa_F010_R1.txt,1,2,late,105.0,1,12.973196970719435,12.973196970719435
D_NEW_CKPT_NEW_DATA,NEW,NEW,47,0,0,Ethanol,75.0,B5_GEa_F060_R1.txt,1,2,late,115.0,1,79.57860625694187,79.57860625694187
D_NEW_CKPT_NEW_DATA,NEW,NEW,48,0,0,Ethanol,112.5,B5_GEa_F090_R1.txt,1,2,late,110.0,1,109.04799604198158,109.04799604198158
D_NEW_CKPT_NEW_DATA,NEW,NEW,49,3,3,Methane,200.0,B5_GMe_F080_R2.txt,2,2,late,60.0,1,203.01458580863982,203.01458580863982
D_NEW_CKPT_NEW_DATA,NEW,NEW,50,1,1,CO,200.0,B5_GCO_F080_R1.txt,1,2,late,90.0,1,238.1039746776932,238.1039746776932
D_NEW_CKPT_NEW_DATA,NEW,NEW,51,3,3,Methane,25.0,B5_GMe_F010_R2.txt,2,2,late,90.0,1,78.65426045488319,78.65426045488319
D_NEW_CKPT_NEW_DATA,NEW,NEW,52,3,3,Methane,50.0,B5_GMe_F020_R1.txt,1,2,late,110.0,1,72.22489113755042,72.22489113755042
D_NEW_CKPT_NEW_DATA,NEW,NEW,53,0,0,Ethanol,50.0,B5_GEa_F040_R1.txt,1,2,late,125.0,1,56.43542014714496,56.43542014714496
D_NEW_CKPT_NEW_DATA,NEW,NEW,54,1,1,CO,200.0,B5_GCO_F080_R2.txt,2,2,late,65.0,1,188.42318855594803,188.42318855594803
D_NEW_CKPT_NEW_DATA,NEW,NEW,55,2,2,Ethylene,112.5,B5_GEy_F090_R2.txt,2,2,late,70.0,1,106.78731803177763,106.78731803177763
D_NEW_CKPT_NEW_DATA,NEW,NEW,56,2,2,Ethylene,50.0,B5_GEy_F040_R2.txt,2,2,late,105.0,1,48.83308258073923,48.83308258073923
D_NEW_CKPT_NEW_DATA,NEW,NEW,57,3,3,Methane,250.0,B5_GMe_F100_R2.txt,2,2,late,75.0,1,227.09225751935884,227.09225751935884
D_NEW_CKPT_NEW_DATA,NEW,NEW,58,0,0,Ethanol,87.5,B5_GEa_F070_R1.txt,1,2,late,80.0,1,87.84510562477357,87.84510562477357
D_NEW_CKPT_NEW_DATA,NEW,NEW,59,3,3,Methane,225.0,B5_GMe_F090_R2.txt,2,2,late,80.0,1,217.4684558132517,217.4684558132517
D_NEW_CKPT_NEW_DATA,NEW,NEW,60,0,0,Ethanol,87.5,B5_GEa_F070_R1.txt,1,2,late,160.0,1,84.1636250876913,84.1636250876913
D_NEW_CKPT_NEW_DATA,NEW,NEW,61,3,3,Methane,200.0,B5_GMe_F080_R2.txt,2,2,late,95.0,1,174.00377521594513,174.00377521594513
D_NEW_CKPT_NEW_DATA,NEW,NEW,62,1,1,CO,75.0,B5_GCO_F030_R1.txt,1,2,late,85.0,1,57.601763464539836,57.601763464539836
D_NEW_CKPT_NEW_DATA,NEW,NEW,63,3,3,Methane,25.0,B5_GMe_F010_R2.txt,2,2,late,160.0,1,60.33914243222702,60.33914243222702
D_NEW_CKPT_NEW_DATA,NEW,NEW,64,0,0,Ethanol,75.0,B5_GEa_F060_R2.txt,2,2,late,105.0,1,66.21543186501778,66.21543186501778
D_NEW_CKPT_NEW_DATA,NEW,NEW,65,0,0,Ethanol,125.0,B5_GEa_F100_R1.txt,1,2,late,95.0,1,114.23629178395251,114.23629178395251
D_NEW_CKPT_NEW_DATA,NEW,NEW,66,0,0,Ethanol,112.5,B5_GEa_F090_R2.txt,2,2,late,150.0,1,114.29839055984564,114.29839055984564
D_NEW_CKPT_NEW_DATA,NEW,NEW,67,3,3,Methane,250.0,B5_GMe_F100_R1.txt,1,2,late,100.0,1,246.82863384190696,246.82863384190696
D_NEW_CKPT_NEW_DATA,NEW,NEW,68,3,3,Methane,175.0,B5_GMe_F070_R1.txt,1,2,late,100.0,1,165.9767070478444,165.9767070478444
D_NEW_CKPT_NEW_DATA,NEW,NEW,69,3,3,Methane,25.0,B5_GMe_F010_R2.txt,2,2,late,155.0,1,51.29692492187321,51.29692492187321
D_NEW_CKPT_NEW_DATA,NEW,NEW,70,3,3,Methane,150.0,B5_GMe_F060_R1.txt,1,2,late,95.0,1,158.89943415016148,158.89943415016148
D_NEW_CKPT_NEW_DATA,NEW,NEW,71,2,2,Ethylene,112.5,B5_GEy_F090_R2.txt,2,2,late,150.0,1,108.2993956923629,108.2993956923629
D_NEW_CKPT_NEW_DATA,NEW,NEW,72,1,1,CO,25.0,B5_GCO_F010_R2.txt,2,2,late,95.0,1,25.0,25.0
D_NEW_CKPT_NEW_DATA,NEW,NEW,73,2,2,Ethylene,112.5,B5_GEy_F090_R2.txt,2,2,late,65.0,1,107.61394924405245,107.61394924405245
D_NEW_CKPT_NEW_DATA,NEW,NEW,74,3,3,Methane,200.0,B5_GMe_F080_R2.txt,2,2,late,85.0,1,183.06612475902133,183.06612475902133
D_NEW_CKPT_NEW_DATA,NEW,NEW,75,2,2,Ethylene,125.0,B5_GEy_F100_R1.txt,1,2,late,95.0,1,125.0,125.0
D_NEW_CKPT_NEW_DATA,NEW,NEW,76,1,1,CO,150.0,B5_GCO_F060_R1.txt,1,2,late,115.0,1,150.0384707423649,150.0384707423649
D_NEW_CKPT_NEW_DATA,NEW,NEW,77,1,1,CO,150.0,B5_GCO_F060_R2.txt,2,2,late,90.0,1,175.39360077097396,175.39360077097396
D_NEW_CKPT_NEW_DATA,NEW,NEW,78,2,2,Ethylene,87.5,B5_GEy_F070_R2.txt,2,2,late,155.0,1,84.22476324406261,84.22476324406261
D_NEW_CKPT_NEW_DATA,NEW,NEW,79,1,1,CO,150.0,B5_GCO_F060_R1.txt,1,2,late,130.0,1,133.94216377070688,133.94216377070688
D_NEW_CKPT_NEW_DATA,NEW,NEW,80,1,1,CO,175.0,B5_GCO_F070_R1.txt,1,2,late,60.0,1,234.19507421165588,234.19507421165588
D_NEW_CKPT_NEW_DATA,NEW,NEW,81,2,2,Ethylene,87.5,B5_GEy_F070_R1.txt,1,2,late,70.0,1,85.22302828047883,85.22302828047883
D_NEW_CKPT_NEW_DATA,NEW,NEW,82,2,2,Ethylene,112.5,B5_GEy_F090_R2.txt,2,2,late,120.0,1,113.19832963690165,113.19832963690165
D_NEW_CKPT_NEW_DATA,NEW,NEW,83,1,1,CO,125.0,B5_GCO_F050_R2.txt,2,2,late,80.0,1,121.53069285163241,121.53069285163241
D_NEW_CKPT_NEW_DATA,NEW,NEW,84,0,0,Ethanol,25.0,B5_GEa_F020_R1.txt,1,2,late,60.0,1,34.26991969119941,34.26991969119941
D_NEW_CKPT_NEW_DATA,NEW,NEW,85,2,2,Ethylene,75.0,B5_GEy_F060_R2.txt,2,2,late,100.0,1,78.35139185811265,78.35139185811265
D_NEW_CKPT_NEW_DATA,NEW,NEW,86,2,2,Ethylene,125.0,B5_GEy_F100_R1.txt,1,2,late,80.0,1,124.23381982975422,124.23381982975422
D_NEW_CKPT_NEW_DATA,NEW,NEW,87,2,2,Ethylene,75.0,B5_GEy_F060_R2.txt,2,2,late,160.0,1,83.24796427058007,83.24796427058007
D_NEW_CKPT_NEW_DATA,NEW,NEW,88,2,2,Ethylene,25.0,B5_GEy_F020_R2.txt,2,2,late,70.0,1,28.703703098931232,28.703703098931232
D_NEW_CKPT_NEW_DATA,NEW,NEW,89,1,1,CO,225.0,B5_GCO_F090_R2.txt,2,2,late,150.0,1,230.27517351160634,230.27517351160634
D_NEW_CKPT_NEW_DATA,NEW,NEW,90,2,2,Ethylene,112.5,B5_GEy_F090_R1.txt,1,2,late,85.0,1,110.89896649137788,110.89896649137788
D_NEW_CKPT_NEW_DATA,NEW,NEW,91,1,1,CO,200.0,B5_GCO_F080_R1.txt,1,2,late,125.0,1,176.89547133806883,176.89547133806883
D_NEW_CKPT_NEW_DATA,NEW,NEW,92,2,2,Ethylene,87.5,B5_GEy_F070_R1.txt,1,2,late,100.0,1,88.98937890761319,88.98937890761319
D_NEW_CKPT_NEW_DATA,NEW,NEW,93,0,0,Ethanol,100.0,B5_GEa_F080_R2.txt,2,2,late,85.0,1,97.01828283159875,97.01828283159875
D_NEW_CKPT_NEW_DATA,NEW,NEW,94,0,0,Ethanol,50.0,B5_GEa_F040_R2.txt,2,2,late,60.0,1,42.75980197665689,42.75980197665689
D_NEW_CKPT_NEW_DATA,NEW,NEW,95,2,2,Ethylene,12.5,B5_GEy_F010_R1.txt,1,2,late,95.0,1,12.5,12.5
D_NEW_CKPT_NEW_DATA,NEW,NEW,96,3,3,Methane,150.0,B5_GMe_F060_R2.txt,2,2,late,85.0,1,162.7811828149044,162.7811828149044
D_NEW_CKPT_NEW_DATA,NEW,NEW,97,3,3,Methane,50.0,B5_GMe_F020_R1.txt,1,2,late,155.0,1,57.09627143439212,57.09627143439212
D_NEW_CKPT_NEW_DATA,NEW,NEW,98,0,0,Ethanol,100.0,B5_GEa_F080_R1.txt,1,2,late,135.0,1,93.49858097611238,93.49858097611238
D_NEW_CKPT_NEW_DATA,NEW,NEW,99,0,0,Ethanol,37.5,B5_GEa_F030_R1.txt,1,2,late,95.0,1,44.470821934684096,44.470821934684096
D_NEW_CKPT_NEW_DATA,NEW,NEW,100,3,3,Methane,225.0,B5_GMe_F090_R1.txt,1,2,late,60.0,1,66.0070982039883,66.0070982039883
D_NEW_CKPT_NEW_DATA,NEW,NEW,101,3,3,Methane,150.0,B5_GMe_F060_R1.txt,1,2,late,155.0,1,170.67280267668374,170.67280267668374
D_NEW_CKPT_NEW_DATA,NEW,NEW,102,1,1,CO,150.0,B5_GCO_F060_R2.txt,2,2,late,130.0,1,173.526352454964,173.526352454964
D_NEW_CKPT_NEW_DATA,NEW,NEW,103,3,3,Methane,75.0,B5_GMe_F030_R1.txt,1,2,late,60.0,1,97.59583877533028,97.59583877533028
D_NEW_CKPT_NEW_DATA,NEW,NEW,104,0,0,Ethanol,62.5,B5_GEa_F050_R1.txt,1,2,late,60.0,1,73.1964786857596,73.1964786857596
D_NEW_CKPT_NEW_DATA,NEW,NEW,105,2,2,Ethylene,62.5,B5_GEy_F050_R1.txt,1,2,late,130.0,1,64.3445167411977,64.3445167411977
D_NEW_CKPT_NEW_DATA,NEW,NEW,106,1,1,CO,125.0,B5_GCO_F050_R2.txt,2,2,late,110.0,1,128.8525942809444,128.8525942809444
D_NEW_CKPT_NEW_DATA,NEW,NEW,107,1,1,CO,175.0,B5_GCO_F070_R1.txt,1,2,late,110.0,1,171.02788953872778,171.02788953872778
D_NEW_CKPT_NEW_DATA,NEW,NEW,108,3,3,Methane,250.0,B5_GMe_F100_R1.txt,1,2,late,130.0,1,210.96097697014727,210.96097697014727
D_NEW_CKPT_NEW_DATA,NEW,NEW,109,2,2,Ethylene,62.5,B5_GEy_F050_R2.txt,2,2,late,125.0,1,63.41904245961123,63.41904245961123
D_NEW_CKPT_NEW_DATA,NEW,NEW,110,1,1,CO,200.0,B5_GCO_F080_R1.txt,1,2,late,150.0,1,217.45981315574969,217.45981315574969
D_NEW_CKPT_NEW_DATA,NEW,NEW,111,2,2,Ethylene,100.0,B5_GEy_F080_R2.txt,2,2,late,80.0,1,102.75788614571958,102.75788614571958
D_NEW_CKPT_NEW_DATA,NEW,NEW,112,2,2,Ethylene,37.5,B5_GEy_F030_R1.txt,1,2,late,80.0,1,37.741597300538785,37.741597300538785
D_NEW_CKPT_NEW_DATA,NEW,NEW,113,1,1,CO,175.0,B5_GCO_F070_R1.txt,1,2,late,80.0,1,164.82152338416657,164.82152338416657
D_NEW_CKPT_NEW_DATA,NEW,NEW,114,0,0,Ethanol,25.0,B5_GEa_F020_R1.txt,1,2,late,135.0,1,34.02314032008418,34.02314032008418
D_NEW_CKPT_NEW_DATA,NEW,NEW,115,2,2,Ethylene,25.0,B5_GEy_F020_R2.txt,2,2,late,75.0,1,27.206200657578492,27.206200657578492
D_NEW_CKPT_NEW_DATA,NEW,NEW,116,2,2,Ethylene,100.0,B5_GEy_F080_R2.txt,2,2,late,130.0,1,100.22046289097203,100.22046289097203
D_NEW_CKPT_NEW_DATA,NEW,NEW,117,0,0,Ethanol,125.0,B5_GEa_F100_R2.txt,2,2,late,140.0,1,114.24475134219044,114.24475134219044
D_NEW_CKPT_NEW_DATA,NEW,NEW,118,0,2,Ethanol,12.5,B5_GEa_F010_R1.txt,1,2,late,60.0,0,59.66019232272872,16.575679793783507
D_NEW_CKPT_NEW_DATA,NEW,NEW,119,1,1,CO,200.0,B5_GCO_F080_R1.txt,1,2,late,160.0,1,179.41859787121595,179.41859787121595
D_NEW_CKPT_NEW_DATA,NEW,NEW,120,1,1,CO,250.0,B5_GCO_F100_R2.txt,2,2,late,155.0,1,216.65061154740263,216.65061154740263
D_NEW_CKPT_NEW_DATA,NEW,NEW,121,2,2,Ethylene,25.0,B5_GEy_F020_R2.txt,2,2,late,155.0,1,28.78943794113538,28.78943794113538
D_NEW_CKPT_NEW_DATA,NEW,NEW,122,3,3,Methane,225.0,B5_GMe_F090_R1.txt,1,2,late,90.0,1,62.92808646101337,62.92808646101337
D_NEW_CKPT_NEW_DATA,NEW,NEW,123,3,3,Methane,100.0,B5_GMe_F040_R2.txt,2,2,late,70.0,1,110.6628610239174,110.6628610239174
D_NEW_CKPT_NEW_DATA,NEW,NEW,124,1,1,CO,75.0,B5_GCO_F030_R1.txt,1,2,late,90.0,1,67.07972621693358,67.07972621693358
D_NEW_CKPT_NEW_DATA,NEW,NEW,125,2,2,Ethylene,100.0,B5_GEy_F080_R1.txt,1,2,late,105.0,1,102.55713990515665,102.55713990515665
D_NEW_CKPT_NEW_DATA,NEW,NEW,126,0,0,Ethanol,50.0,B5_GEa_F040_R1.txt,1,2,late,160.0,1,53.05104536503271,53.05104536503271
D_NEW_CKPT_NEW_DATA,NEW,NEW,127,0,0,Ethanol,100.0,B5_GEa_F080_R1.txt,1,2,late,75.0,1,91.49197113657397,91.49197113657397
D_NEW_CKPT_NEW_DATA,NEW,NEW,128,0,0,Ethanol,62.5,B5_GEa_F050_R1.txt,1,2,late,75.0,1,71.36165467426463,71.36165467426463
D_NEW_CKPT_NEW_DATA,NEW,NEW,129,0,0,Ethanol,112.5,B5_GEa_F090_R1.txt,1,2,late,160.0,1,97.62676230978283,97.62676230978283
D_NEW_CKPT_NEW_DATA,NEW,NEW,130,1,1,CO,225.0,B5_GCO_F090_R2.txt,2,2,late,125.0,1,221.65997260677995,221.65997260677995
D_NEW_CKPT_NEW_DATA,NEW,NEW,131,0,0,Ethanol,87.5,B5_GEa_F070_R1.txt,1,2,late,100.0,1,89.29492266293104,89.29492266293104
D_NEW_CKPT_NEW_DATA,NEW,NEW,132,3,3,Methane,175.0,B5_GMe_F070_R2.txt,2,2,late,110.0,1,200.036525090318,200.036525090318
D_NEW_CKPT_NEW_DATA,NEW,NEW,133,1,1,CO,25.0,B5_GCO_F010_R2.txt,2,2,late,135.0,1,25.0,25.0
D_NEW_CKPT_NEW_DATA,NEW,NEW,134,0,0,Ethanol,50.0,B5_GEa_F040_R2.txt,2,2,late,105.0,1,51.37896588081441,51.37896588081441
D_NEW_CKPT_NEW_DATA,NEW,NEW,135,0,0,Ethanol,62.5,B5_GEa_F050_R1.txt,1,2,late,135.0,1,77.00962609733683,77.00962609733683
D_NEW_CKPT_NEW_DATA,NEW,NEW,136,0,0,Ethanol,62.5,B5_GEa_F050_R1.txt,1,2,late,105.0,1,74.68443378732333,74.68443378732333
D_NEW_CKPT_NEW_DATA,NEW,NEW,137,3,3,Methane,100.0,B5_GMe_F040_R1.txt,1,2,late,95.0,1,124.58171286770164,124.58171286770164
D_NEW_CKPT_NEW_DATA,NEW,NEW,138,2,2,Ethylene,62.5,B5_GEy_F050_R2.txt,2,2,late,75.0,1,62.751642003366904,62.751642003366904
D_NEW_CKPT_NEW_DATA,NEW,NEW,139,0,0,Ethanol,12.5,B5_GEa_F010_R2.txt,2,2,late,140.0,1,13.15267778600382,13.15267778600382
D_NEW_CKPT_NEW_DATA,NEW,NEW,140,2,2,Ethylene,125.0,B5_GEy_F100_R2.txt,2,2,late,100.0,1,124.02399875268857,124.02399875268857
D_NEW_CKPT_NEW_DATA,NEW,NEW,141,0,0,Ethanol,75.0,B5_GEa_F060_R2.txt,2,2,late,100.0,1,65.65817525345052,65.65817525345052
D_NEW_CKPT_NEW_DATA,NEW,NEW,142,2,2,Ethylene,100.0,B5_GEy_F080_R1.txt,1,2,late,120.0,1,102.51273513466623,102.51273513466623
D_NEW_CKPT_NEW_DATA,NEW,NEW,143,0,0,Ethanol,37.5,B5_GEa_F030_R2.txt,2,2,late,130.0,1,46.8594837433698,46.8594837433698
D_NEW_CKPT_NEW_DATA,NEW,NEW,144,3,3,Methane,50.0,B5_GMe_F020_R1.txt,1,2,late,60.0,1,110.46628914580904,110.46628914580904
D_NEW_CKPT_NEW_DATA,NEW,NEW,145,1,1,CO,250.0,B5_GCO_F100_R2.txt,2,2,late,65.0,1,250.0,250.0
D_NEW_CKPT_NEW_DATA,NEW,NEW,146,3,3,Methane,225.0,B5_GMe_F090_R2.txt,2,2,late,90.0,1,201.87487011612046,201.87487011612046
D_NEW_CKPT_NEW_DATA,NEW,NEW,147,0,0,Ethanol,75.0,B5_GEa_F060_R1.txt,1,2,late,95.0,1,79.03568081547797,79.03568081547797
D_NEW_CKPT_NEW_DATA,NEW,NEW,148,3,3,Methane,150.0,B5_GMe_F060_R2.txt,2,2,late,120.0,1,150.68930464721294,150.68930464721294
D_NEW_CKPT_NEW_DATA,NEW,NEW,149,2,2,Ethylene,112.5,B5_GEy_F090_R1.txt,1,2,late,60.0,1,113.9593222791629,113.9593222791629
D_NEW_CKPT_NEW_DATA,NEW,NEW,150,2,2,Ethylene,125.0,B5_GEy_F100_R1.txt,1,2,late,115.0,1,125.0,125.0
D_NEW_CKPT_NEW_DATA,NEW,NEW,151,0,0,Ethanol,12.5,B5_GEa_F010_R2.txt,2,2,late,85.0,1,12.5,12.5
D_NEW_CKPT_NEW_DATA,NEW,NEW,152,1,1,CO,200.0,B5_GCO_F080_R2.txt,2,2,late,145.0,1,219.2512648936397,219.2512648936397
D_NEW_CKPT_NEW_DATA,NEW,NEW,153,1,1,CO,125.0,B5_GCO_F050_R1.txt,1,2,late,135.0,1,102.35116296983128,102.35116296983128
D_NEW_CKPT_NEW_DATA,NEW,NEW,154,2,2,Ethylene,100.0,B5_GEy_F080_R2.txt,2,2,late,155.0,1,116.35649998169974,116.35649998169974
D_NEW_CKPT_NEW_DATA,NEW,NEW,155,0,0,Ethanol,25.0,B5_GEa_F020_R2.txt,2,2,late,60.0,1,29.648962881369116,29.648962881369116
D_NEW_CKPT_NEW_DATA,NEW,NEW,156,1,1,CO,125.0,B5_GCO_F050_R2.txt,2,2,late,145.0,1,142.66989548635917,142.66989548635917
D_NEW_CKPT_NEW_DATA,NEW,NEW,157,2,2,Ethylene,12.5,B5_GEy_F010_R2.txt,2,2,late,120.0,1,12.5,12.5
D_NEW_CKPT_NEW_DATA,NEW,NEW,158,1,1,CO,175.0,B5_GCO_F070_R2.txt,2,2,late,110.0,1,183.3691856454673,183.3691856454673
D_NEW_CKPT_NEW_DATA,NEW,NEW,159,3,3,Methane,50.0,B5_GMe_F020_R1.txt,1,2,late,90.0,1,89.42995620148233,89.42995620148233
D_NEW_CKPT_NEW_DATA,NEW,NEW,160,1,1,CO,175.0,B5_GCO_F070_R2.txt,2,2,late,145.0,1,176.50915180726463,176.50915180726463
D_NEW_CKPT_NEW_DATA,NEW,NEW,161,3,3,Methane,100.0,B5_GMe_F040_R2.txt,2,2,late,150.0,1,126.86066032917626,126.86066032917626
D_NEW_CKPT_NEW_DATA,NEW,NEW,162,1,1,CO,200.0,B5_GCO_F080_R1.txt,1,2,late,130.0,1,219.80826732795285,219.80826732795285
D_NEW_CKPT_NEW_DATA,NEW,NEW,163,0,0,Ethanol,37.5,B5_GEa_F030_R2.txt,2,2,late,125.0,1,47.30098795556883,47.30098795556883
D_NEW_CKPT_NEW_DATA,NEW,NEW,164,0,0,Ethanol,100.0,B5_GEa_F080_R1.txt,1,2,late,140.0,1,93.82792951018024,93.82792951018024
D_NEW_CKPT_NEW_DATA,NEW,NEW,165,3,3,Methane,175.0,B5_GMe_F070_R2.txt,2,2,late,90.0,1,174.61775787860145,174.61775787860145
D_NEW_CKPT_NEW_DATA,NEW,NEW,166,2,2,Ethylene,125.0,B5_GEy_F100_R2.txt,2,2,late,120.0,1,125.0,125.0
D_NEW_CKPT_NEW_DATA,NEW,NEW,167,0,0,Ethanol,112.5,B5_GEa_F090_R2.txt,2,2,late,60.0,1,98.3113378258201,98.3113378258201
D_NEW_CKPT_NEW_DATA,NEW,NEW,168,3,3,Methane,25.0,B5_GMe_F010_R2.txt,2,2,late,140.0,1,53.77599881416362,53.77599881416362
D_NEW_CKPT_NEW_DATA,NEW,NEW,169,3,3,Methane,100.0,B5_GMe_F040_R2.txt,2,2,late,90.0,1,113.7970421778536,113.7970421778536
D_NEW_CKPT_NEW_DATA,NEW,NEW,170,0,0,Ethanol,62.5,B5_GEa_F050_R2.txt,2,2,late,135.0,1,63.69323078045251,63.69323078045251
D_NEW_CKPT_NEW_DATA,NEW,NEW,171,3,3,Methane,200.0,B5_GMe_F080_R1.txt,1,2,late,80.0,1,174.9696661815866,174.9696661815866
D_NEW_CKPT_NEW_DATA,NEW,NEW,172,1,1,CO,200.0,B5_GCO_F080_R1.txt,1,2,late,140.0,1,224.29451375780945,224.29451375780945
D_NEW_CKPT_NEW_DATA,NEW,NEW,173,0,0,Ethanol,125.0,B5_GEa_F100_R2.txt,2,2,late,60.0,1,100.21164818572913,100.21164818572913
D_NEW_CKPT_NEW_DATA,NEW,NEW,174,3,3,Methane,100.0,B5_GMe_F040_R1.txt,1,2,late,85.0,1,117.23583738317971,117.23583738317971
D_NEW_CKPT_NEW_DATA,NEW,NEW,175,1,1,CO,175.0,B5_GCO_F070_R2.txt,2,2,late,60.0,1,186.03081949103134,186.03081949103134
D_NEW_CKPT_NEW_DATA,NEW,NEW,176,1,1,CO,100.0,B5_GCO_F040_R2.txt,2,2,late,75.0,1,86.9966845689413,86.9966845689413
D_NEW_CKPT_NEW_DATA,NEW,NEW,177,2,2,Ethylene,50.0,B5_GEy_F040_R1.txt,1,2,late,75.0,1,49.88214414381812,49.88214414381812
D_NEW_CKPT_NEW_DATA,NEW,NEW,178,2,2,Ethylene,25.0,B5_GEy_F020_R1.txt,1,2,late,70.0,1,22.84922268541099,22.84922268541099
D_NEW_CKPT_NEW_DATA,NEW,NEW,179,3,3,Methane,225.0,B5_GMe_F090_R2.txt,2,2,late,155.0,1,197.75970195051295,197.75970195051295
D_NEW_CKPT_NEW_DATA,NEW,NEW,180,1,1,CO,175.0,B5_GCO_F070_R2.txt,2,2,late,120.0,1,181.6377761539858,181.6377761539858
D_NEW_CKPT_NEW_DATA,NEW,NEW,181,1,1,CO,50.0,B5_GCO_F020_R2.txt,2,2,late,85.0,1,51.61916207109624,51.61916207109624
D_NEW_CKPT_NEW_DATA,NEW,NEW,182,3,3,Methane,125.0,B5_GMe_F050_R2.txt,2,2,late,70.0,1,143.30403429471494,143.30403429471494
D_NEW_CKPT_NEW_DATA,NEW,NEW,183,0,0,Ethanol,87.5,B5_GEa_F070_R2.txt,2,2,late,75.0,1,83.75356143503653,83.75356143503653
D_NEW_CKPT_NEW_DATA,NEW,NEW,184,3,3,Methane,75.0,B5_GMe_F030_R1.txt,1,2,late,120.0,1,108.04740308138383,108.04740308138383
D_NEW_CKPT_NEW_DATA,NEW,NEW,185,3,3,Methane,75.0,B5_GMe_F030_R2.txt,2,2,late,155.0,1,77.63937921521563,77.63937921521563
D_NEW_CKPT_NEW_DATA,NEW,NEW,186,1,1,CO,75.0,B5_GCO_F030_R1.txt,1,2,late,125.0,1,75.18662493893719,75.18662493893719
D_NEW_CKPT_NEW_DATA,NEW,NEW,187,1,1,CO,25.0,B5_GCO_F010_R2.txt,2,2,late,90.0,1,25.0,25.0
D_NEW_CKPT_NEW_DATA,NEW,NEW,188,0,0,Ethanol,25.0,B5_GEa_F020_R1.txt,1,2,late,160.0,1,35.7521522081577,35.7521522081577
D_NEW_CKPT_NEW_DATA,NEW,NEW,189,1,1,CO,100.0,B5_GCO_F040_R1.txt,1,2,late,135.0,1,97.89506955201463,97.89506955201463
D_NEW_CKPT_NEW_DATA,NEW,NEW,190,2,2,Ethylene,87.5,B5_GEy_F070_R2.txt,2,2,late,100.0,1,84.49640677564237,84.49640677564237
D_NEW_CKPT_NEW_DATA,NEW,NEW,191,0,0,Ethanol,87.5,B5_GEa_F070_R1.txt,1,2,late,145.0,1,97.6414846311449,97.6414846311449
D_NEW_CKPT_NEW_DATA,NEW,NEW,192,2,2,Ethylene,125.0,B5_GEy_F100_R2.txt,2,2,late,150.0,1,125.0,125.0
D_NEW_CKPT_NEW_DATA,NEW,NEW,193,0,0,Ethanol,75.0,B5_GEa_F060_R1.txt,1,2,late,90.0,1,78.50228845934365,78.50228845934365
D_NEW_CKPT_NEW_DATA,NEW,NEW,194,1,1,CO,25.0,B5_GCO_F010_R2.txt,2,2,late,75.0,1,25.0,25.0
D_NEW_CKPT_NEW_DATA,NEW,NEW,195,2,2,Ethylene,125.0,B5_GEy_F100_R2.txt,2,2,late,115.0,1,122.66126849304032,122.66126849304032
D_NEW_CKPT_NEW_DATA,NEW,NEW,196,3,3,Methane,75.0,B5_GMe_F030_R1.txt,1,2,late,110.0,1,90.88557649281378,90.88557649281378
D_NEW_CKPT_NEW_DATA,NEW,NEW,197,2,2,Ethylene,62.5,B5_GEy_F050_R2.txt,2,2,late,95.0,1,87.10868151102846,87.10868151102846
D_NEW_CKPT_NEW_DATA,NEW,NEW,198,3,3,Methane,25.0,B5_GMe_F010_R2.txt,2,2,late,80.0,1,86.18370063415045,86.18370063415045
D_NEW_CKPT_NEW_DATA,NEW,NEW,199,2,2,Ethylene,112.5,B5_GEy_F090_R2.txt,2,2,late,90.0,1,107.37076960077653,107.37076960077653
D_NEW_CKPT_NEW_DATA,NEW,NEW,200,2,2,Ethylene,75.0,B5_GEy_F060_R1.txt,1,2,late,130.0,1,79.76232039537474,79.76232039537474
D_NEW_CKPT_NEW_DATA,NEW,NEW,201,3,3,Methane,50.0,B5_GMe_F020_R2.txt,2,2,late,110.0,1,43.19985408720693,43.19985408720693
D_NEW_CKPT_NEW_DATA,NEW,NEW,202,0,0,Ethanol,25.0,B5_GEa_F020_R1.txt,1,2,late,75.0,1,29.8008227285901,29.8008227285901
D_NEW_CKPT_NEW_DATA,NEW,NEW,203,3,3,Methane,175.0,B5_GMe_F070_R1.txt,1,2,late,65.0,1,187.62265276718688,187.62265276718688
D_NEW_CKPT_NEW_DATA,NEW,NEW,204,2,2,Ethylene,100.0,B5_GEy_F080_R1.txt,1,2,late,115.0,1,102.12697262051937,102.12697262051937
D_NEW_CKPT_NEW_DATA,NEW,NEW,205,3,3,Methane,75.0,B5_GMe_F030_R1.txt,1,2,late,145.0,1,81.9437229852052,81.9437229852052
D_NEW_CKPT_NEW_DATA,NEW,NEW,206,0,0,Ethanol,12.5,B5_GEa_F010_R2.txt,2,2,late,110.0,1,13.099608110473898,13.099608110473898
D_NEW_CKPT_NEW_DATA,NEW,NEW,207,0,0,Ethanol,75.0,B5_GEa_F060_R1.txt,1,2,late,130.0,1,81.97407847743068,81.97407847743068
D_NEW_CKPT_NEW_DATA,NEW,NEW,208,3,3,Methane,25.0,B5_GMe_F010_R2.txt,2,2,late,95.0,1,50.11947668375375,50.11947668375375
D_NEW_CKPT_NEW_DATA,NEW,NEW,209,2,2,Ethylene,100.0,B5_GEy_F080_R1.txt,1,2,late,150.0,1,103.91531302963412,103.91531302963412
D_NEW_CKPT_NEW_DATA,NEW,NEW,210,0,0,Ethanol,37.5,B5_GEa_F030_R1.txt,1,2,late,150.0,1,47.457797991511725,47.457797991511725
D_NEW_CKPT_NEW_DATA,NEW,NEW,211,3,3,Methane,175.0,B5_GMe_F070_R1.txt,1,2,late,160.0,1,159.09601194023563,159.09601194023563
D_NEW_CKPT_NEW_DATA,NEW,NEW,212,0,0,Ethanol,112.5,B5_GEa_F090_R1.txt,1,2,late,105.0,1,110.82877778323578,110.82877778323578
D_NEW_CKPT_NEW_DATA,NEW,NEW,213,1,1,CO,125.0,B5_GCO_F050_R1.txt,1,2,late,145.0,1,130.93351374336612,130.93351374336612
D_NEW_CKPT_NEW_DATA,NEW,NEW,214,3,3,Methane,200.0,B5_GMe_F080_R1.txt,1,2,late,75.0,1,168.68586736883069,168.68586736883069
D_NEW_CKPT_NEW_DATA,NEW,NEW,215,2,2,Ethylene,25.0,B5_GEy_F020_R2.txt,2,2,late,100.0,1,27.21594812436988,27.21594812436988
D_NEW_CKPT_NEW_DATA,NEW,NEW,216,2,2,Ethylene,100.0,B5_GEy_F080_R1.txt,1,2,late,125.0,1,102.8738562763386,102.8738562763386
D_NEW_CKPT_NEW_DATA,NEW,NEW,217,0,0,Ethanol,100.0,B5_GEa_F080_R2.txt,2,2,late,150.0,1,100.32838328135875,100.32838328135875
D_NEW_CKPT_NEW_DATA,NEW,NEW,218,3,3,Methane,75.0,B5_GMe_F030_R2.txt,2,2,late,105.0,1,81.32542156936465,81.32542156936465
D_NEW_CKPT_NEW_DATA,NEW,NEW,219,2,2,Ethylene,62.5,B5_GEy_F050_R1.txt,1,2,late,150.0,1,61.991950991564224,61.991950991564224
D_NEW_CKPT_NEW_DATA,NEW,NEW,220,3,3,Methane,150.0,B5_GMe_F060_R2.txt,2,2,late,70.0,1,166.8384961455016,166.8384961455016
D_NEW_CKPT_NEW_DATA,NEW,NEW,221,1,1,CO,100.0,B5_GCO_F040_R1.txt,1,2,late,85.0,1,103.284633045148,103.284633045148
D_NEW_CKPT_NEW_DATA,NEW,NEW,222,1,1,CO,50.0,B5_GCO_F020_R1.txt,1,2,late,125.0,1,38.972354059142674,38.972354059142674
D_NEW_CKPT_NEW_DATA,NEW,NEW,223,1,1,CO,150.0,B5_GCO_F060_R1.txt,1,2,late,60.0,1,172.40628092595927,172.40628092595927
D_NEW_CKPT_NEW_DATA,NEW,NEW,224,3,3,Methane,175.0,B5_GMe_F070_R1.txt,1,2,late,150.0,1,167.37801126842834,167.37801126842834
D_NEW_CKPT_NEW_DATA,NEW,NEW,225,1,1,CO,250.0,B5_GCO_F100_R1.txt,1,2,late,110.0,1,239.48511277101852,239.48511277101852
D_NEW_CKPT_NEW_DATA,NEW,NEW,226,3,3,Methane,25.0,B5_GMe_F010_R1.txt,1,2,late,75.0,1,68.10024334309044,68.10024334309044
D_NEW_CKPT_NEW_DATA,NEW,NEW,227,0,0,Ethanol,12.5,B5_GEa_F010_R1.txt,1,2,late,100.0,1,16.15924663387107,16.15924663387107
D_NEW_CKPT_NEW_DATA,NEW,NEW,228,2,2,Ethylene,12.5,B5_GEy_F010_R1.txt,1,2,late,120.0,1,12.5,12.5
D_NEW_CKPT_NEW_DATA,NEW,NEW,229,0,0,Ethanol,100.0,B5_GEa_F080_R2.txt,2,2,late,65.0,1,84.45344999644783,84.45344999644783
D_NEW_CKPT_NEW_DATA,NEW,NEW,230,0,0,Ethanol,125.0,B5_GEa_F100_R2.txt,2,2,late,155.0,1,112.8624243020625,112.8624243020625
D_NEW_CKPT_NEW_DATA,NEW,NEW,231,1,1,CO,250.0,B5_GCO_F100_R2.txt,2,2,late,140.0,1,246.45114547628665,246.45114547628665
D_NEW_CKPT_NEW_DATA,NEW,NEW,232,3,3,Methane,100.0,B5_GMe_F040_R2.txt,2,2,late,155.0,1,136.82612526632306,136.82612526632306
D_NEW_CKPT_NEW_DATA,NEW,NEW,233,0,0,Ethanol,87.5,B5_GEa_F070_R1.txt,1,2,late,105.0,1,91.24776231949602,91.24776231949602
D_NEW_CKPT_NEW_DATA,NEW,NEW,234,3,3,Methane,250.0,B5_GMe_F100_R2.txt,2,2,late,110.0,1,218.62775206871225,218.62775206871225
D_NEW_CKPT_NEW_DATA,NEW,NEW,235,0,0,Ethanol,50.0,B5_GEa_F040_R2.txt,2,2,late,150.0,1,53.912940787382226,53.912940787382226
D_NEW_CKPT_NEW_DATA,NEW,NEW,236,2,2,Ethylene,87.5,B5_GEy_F070_R1.txt,1,2,late,85.0,1,86.09035095360602,86.09035095360602
D_NEW_CKPT_NEW_DATA,NEW,NEW,237,2,2,Ethylene,87.5,B5_GEy_F070_R2.txt,2,2,late,60.0,1,82.10402140187884,82.10402140187884
D_NEW_CKPT_NEW_DATA,NEW,NEW,238,1,1,CO,225.0,B5_GCO_F090_R1.txt,1,2,late,70.0,1,182.97139613398465,182.97139613398465
D_NEW_CKPT_NEW_DATA,NEW,NEW,239,0,0,Ethanol,87.5,B5_GEa_F070_R1.txt,1,2,late,135.0,1,97.38803676928671,97.38803676928671
D_NEW_CKPT_NEW_DATA,NEW,NEW,240,3,3,Methane,225.0,B5_GMe_F090_R1.txt,1,2,late,160.0,1,232.07040963470365,232.07040963470365
D_NEW_CKPT_NEW_DATA,NEW,NEW,241,3,3,Methane,75.0,B5_GMe_F030_R2.txt,2,2,late,110.0,1,76.83304826509368,76.83304826509368
D_NEW_CKPT_NEW_DATA,NEW,NEW,242,3,3,Methane,50.0,B5_GMe_F020_R1.txt,1,2,late,150.0,1,48.5068029663719,48.5068029663719
D_NEW_CKPT_NEW_DATA,NEW,NEW,243,1,1,CO,150.0,B5_GCO_F060_R1.txt,1,2,late,75.0,1,151.60946502318416,151.60946502318416
D_NEW_CKPT_NEW_DATA,NEW,NEW,244,0,0,Ethanol,100.0,B5_GEa_F080_R2.txt,2,2,late,120.0,1,96.5919805371752,96.5919805371752
D_NEW_CKPT_NEW_DATA,NEW,NEW,245,3,3,Methane,175.0,B5_GMe_F070_R1.txt,1,2,late,85.0,1,166.94959054585053,166.94959054585053
D_NEW_CKPT_NEW_DATA,NEW,NEW,246,1,1,CO,200.0,B5_GCO_F080_R1.txt,1,2,late,145.0,1,224.82755320453379,224.82755320453379
D_NEW_CKPT_NEW_DATA,NEW,NEW,247,1,1,CO,150.0,B5_GCO_F060_R2.txt,2,2,late,115.0,1,189.67668332773172,189.67668332773172
D_NEW_CKPT_NEW_DATA,NEW,NEW,248,0,0,Ethanol,87.5,B5_GEa_F070_R2.txt,2,2,late,160.0,1,89.12736705169624,89.12736705169624
D_NEW_CKPT_NEW_DATA,NEW,NEW,249,0,0,Ethanol,25.0,B5_GEa_F020_R2.txt,2,2,late,115.0,1,26.281310049368656,26.281310049368656
D_NEW_CKPT_NEW_DATA,NEW,NEW,250,3,3,Methane,200.0,B5_GMe_F080_R1.txt,1,2,late,130.0,1,250.0,250.0
D_NEW_CKPT_NEW_DATA,NEW,NEW,251,0,0,Ethanol,112.5,B5_GEa_F090_R1.txt,1,2,late,90.0,1,105.45038095766358,105.45038095766358
D_NEW_CKPT_NEW_DATA,NEW,NEW,252,0,0,Ethanol,87.5,B5_GEa_F070_R2.txt,2,2,late,130.0,1,88.65781588967276,88.65781588967276
D_NEW_CKPT_NEW_DATA,NEW,NEW,253,2,2,Ethylene,50.0,B5_GEy_F040_R1.txt,1,2,late,155.0,1,60.62582480882341,60.62582480882341
D_NEW_CKPT_NEW_DATA,NEW,NEW,254,1,1,CO,50.0,B5_GCO_F020_R2.txt,2,2,late,70.0,1,57.414425770819776,57.414425770819776
D_NEW_CKPT_NEW_DATA,NEW,NEW,255,3,3,Methane,150.0,B5_GMe_F060_R1.txt,1,2,late,160.0,1,144.58126188814367,144.58126188814367
D_NEW_CKPT_NEW_DATA,NEW,NEW,256,1,1,CO,200.0,B5_GCO_F080_R2.txt,2,2,late,125.0,1,225.04923000606988,225.04923000606988
D_NEW_CKPT_NEW_DATA,NEW,NEW,257,1,1,CO,175.0,B5_GCO_F070_R1.txt,1,2,late,75.0,1,158.81207433120022,158.81207433120022
D_NEW_CKPT_NEW_DATA,NEW,NEW,258,1,1,CO,50.0,B5_GCO_F020_R2.txt,2,2,late,125.0,1,36.604433677874596,36.604433677874596
D_NEW_CKPT_NEW_DATA,NEW,NEW,259,0,0,Ethanol,50.0,B5_GEa_F040_R2.txt,2,2,late,110.0,1,51.86244779624184,51.86244779624184
D_NEW_CKPT_NEW_DATA,NEW,NEW,260,1,1,CO,125.0,B5_GCO_F050_R1.txt,1,2,late,75.0,1,129.04423786886372,129.04423786886372
D_NEW_CKPT_NEW_DATA,NEW,NEW,261,3,3,Methane,50.0,B5_GMe_F020_R2.txt,2,2,late,90.0,1,62.326199739915616,62.326199739915616
D_NEW_CKPT_NEW_DATA,NEW,NEW,262,2,2,Ethylene,75.0,B5_GEy_F060_R1.txt,1,2,late,65.0,1,80.734595818299,80.734595818299
D_NEW_CKPT_NEW_DATA,NEW,NEW,263,2,2,Ethylene,12.5,B5_GEy_F010_R2.txt,2,2,late,65.0,1,15.940164417324599,15.940164417324599
D_NEW_CKPT_NEW_DATA,NEW,NEW,264,1,1,CO,25.0,B5_GCO_F010_R1.txt,1,2,late,75.0,1,35.32992120903177,35.32992120903177
D_NEW_CKPT_NEW_DATA,NEW,NEW,265,3,3,Methane,25.0,B5_GMe_F010_R2.txt,2,2,late,125.0,1,82.73633119767031,82.73633119767031
D_NEW_CKPT_NEW_DATA,NEW,NEW,266,3,3,Methane,225.0,B5_GMe_F090_R2.txt,2,2,late,115.0,1,192.1207323945954,192.1207323945954
D_NEW_CKPT_NEW_DATA,NEW,NEW,267,0,0,Ethanol,75.0,B5_GEa_F060_R1.txt,1,2,late,105.0,1,80.66969480988398,80.66969480988398
D_NEW_CKPT_NEW_DATA,NEW,NEW,268,0,0,Ethanol,100.0,B5_GEa_F080_R1.txt,1,2,late,95.0,1,90.6058317481361,90.6058317481361
D_NEW_CKPT_NEW_DATA,NEW,NEW,269,2,2,Ethylene,75.0,B5_GEy_F060_R2.txt,2,2,late,120.0,1,74.11043745339443,74.11043745339443
D_NEW_CKPT_NEW_DATA,NEW,NEW,270,0,0,Ethanol,12.5,B5_GEa_F010_R1.txt,1,2,late,140.0,1,15.844112727693531,15.844112727693531
D_NEW_CKPT_NEW_DATA,NEW,NEW,271,2,2,Ethylene,75.0,B5_GEy_F060_R2.txt,2,2,late,60.0,1,72.863159944291,72.863159944291
D_NEW_CKPT_NEW_DATA,NEW,NEW,272,0,0,Ethanol,75.0,B5_GEa_F060_R1.txt,1,2,late,75.0,1,77.618194022666,77.618194022666
D_NEW_CKPT_NEW_DATA,NEW,NEW,273,1,1,CO,25.0,B5_GCO_F010_R2.txt,2,2,late,70.0,1,25.0,25.0
D_NEW_CKPT_NEW_DATA,NEW,NEW,274,2,2,Ethylene,12.5,B5_GEy_F010_R1.txt,1,2,late,85.0,1,12.5,12.5
D_NEW_CKPT_NEW_DATA,NEW,NEW,275,1,1,CO,225.0,B5_GCO_F090_R1.txt,1,2,late,155.0,1,231.76111889409893,231.76111889409893
D_NEW_CKPT_NEW_DATA,NEW,NEW,276,2,2,Ethylene,112.5,B5_GEy_F090_R2.txt,2,2,late,145.0,1,108.0178230153411,108.0178230153411
D_NEW_CKPT_NEW_DATA,NEW,NEW,277,2,2,Ethylene,25.0,B5_GEy_F020_R2.txt,2,2,late,125.0,1,23.578687818022434,23.578687818022434
D_NEW_CKPT_NEW_DATA,NEW,NEW,278,3,3,Methane,200.0,B5_GMe_F080_R2.txt,2,2,late,65.0,1,179.02503503913775,179.02503503913775
D_NEW_CKPT_NEW_DATA,NEW,NEW,279,1,1,CO,250.0,B5_GCO_F100_R2.txt,2,2,late,125.0,1,250.0,250.0
D_NEW_CKPT_NEW_DATA,NEW,NEW,280,3,3,Methane,150.0,B5_GMe_F060_R1.txt,1,2,late,150.0,1,152.11556198390693,152.11556198390693
D_NEW_CKPT_NEW_DATA,NEW,NEW,281,1,1,CO,150.0,B5_GCO_F060_R2.txt,2,2,late,110.0,1,172.0140415336203,172.0140415336203
D_NEW_CKPT_NEW_DATA,NEW,NEW,282,2,2,Ethylene,100.0,B5_GEy_F080_R1.txt,1,2,late,65.0,1,104.80583611994291,104.80583611994291
D_NEW_CKPT_NEW_DATA,NEW,NEW,283,0,0,Ethanol,37.5,B5_GEa_F030_R2.txt,2,2,late,85.0,1,38.67080207068227,38.67080207068227
D_NEW_CKPT_NEW_DATA,NEW,NEW,284,2,2,Ethylene,62.5,B5_GEy_F050_R2.txt,2,2,late,150.0,1,62.3958499769431,62.3958499769431
D_NEW_CKPT_NEW_DATA,NEW,NEW,285,1,1,CO,225.0,B5_GCO_F090_R1.txt,1,2,late,110.0,1,218.49723761882052,218.49723761882052
D_NEW_CKPT_NEW_DATA,NEW,NEW,286,2,2,Ethylene,112.5,B5_GEy_F090_R2.txt,2,2,late,110.0,1,109.39661157664808,109.39661157664808
D_NEW_CKPT_NEW_DATA,NEW,NEW,287,0,0,Ethanol,75.0,B5_GEa_F060_R2.txt,2,2,late,115.0,1,67.34866149415218,67.34866149415218
D_NEW_CKPT_NEW_DATA,NEW,NEW,288,1,1,CO,125.0,B5_GCO_F050_R2.txt,2,2,late,125.0,1,109.03299434764102,109.03299434764102
D_NEW_CKPT_NEW_DATA,NEW,NEW,289,0,0,Ethanol,112.5,B5_GEa_F090_R2.txt,2,2,late,70.0,1,103.6802444550351,103.6802444550351
D_NEW_CKPT_NEW_DATA,NEW,NEW,290,2,2,Ethylene,125.0,B5_GEy_F100_R2.txt,2,2,late,85.0,1,122.73226383346022,122.73226383346022
D_NEW_CKPT_NEW_DATA,NEW,NEW,291,0,0,Ethanol,125.0,B5_GEa_F100_R1.txt,1,2,late,70.0,1,113.49570902246035,113.49570902246035
D_NEW_CKPT_NEW_DATA,NEW,NEW,292,1,1,CO,225.0,B5_GCO_F090_R2.txt,2,2,late,95.0,1,200.3135607207511,200.3135607207511
D_NEW_CKPT_NEW_DATA,NEW,NEW,293,2,2,Ethylene,125.0,B5_GEy_F100_R2.txt,2,2,late,80.0,1,121.74199547438191,121.74199547438191
D_NEW_CKPT_NEW_DATA,NEW,NEW,294,3,3,Methane,100.0,B5_GMe_F040_R1.txt,1,2,late,100.0,1,121.7140613836983,121.7140613836983
D_NEW_CKPT_NEW_DATA,NEW,NEW,295,0,0,Ethanol,125.0,B5_GEa_F100_R1.txt,1,2,late,75.0,1,112.83283461089837,112.83283461089837
D_NEW_CKPT_NEW_DATA,NEW,NEW,296,0,0,Ethanol,125.0,B5_GEa_F100_R1.txt,1,2,late,150.0,1,125.0,125.0
D_NEW_CKPT_NEW_DATA,NEW,NEW,297,3,3,Methane,200.0,B5_GMe_F080_R1.txt,1,2,late,115.0,1,192.58996244858793,192.58996244858793
D_NEW_CKPT_NEW_DATA,NEW,NEW,298,1,1,CO,200.0,B5_GCO_F080_R1.txt,1,2,late,155.0,1,208.97988809516704,208.97988809516704
D_NEW_CKPT_NEW_DATA,NEW,NEW,299,3,3,Methane,225.0,B5_GMe_F090_R1.txt,1,2,late,130.0,1,99.51458470030076,99.51458470030076
D_NEW_CKPT_NEW_DATA,NEW,NEW,300,0,0,Ethanol,25.0,B5_GEa_F020_R2.txt,2,2,late,90.0,1,25.70569354958439,25.70569354958439
D_NEW_CKPT_NEW_DATA,NEW,NEW,301,3,3,Methane,225.0,B5_GMe_F090_R1.txt,1,2,late,145.0,1,134.94507260714147,134.94507260714147
D_NEW_CKPT_NEW_DATA,NEW,NEW,302,3,3,Methane,50.0,B5_GMe_F020_R2.txt,2,2,late,80.0,1,42.43850027515601,42.43850027515601
D_NEW_CKPT_NEW_DATA,NEW,NEW,303,2,2,Ethylene,125.0,B5_GEy_F100_R2.txt,2,2,late,65.0,1,125.0,125.0
D_NEW_CKPT_NEW_DATA,NEW,NEW,304,3,3,Methane,150.0,B5_GMe_F060_R2.txt,2,2,late,160.0,1,146.4961454808149,146.4961454808149
D_NEW_CKPT_NEW_DATA,NEW,NEW,305,0,0,Ethanol,87.5,B5_GEa_F070_R1.txt,1,2,late,85.0,1,87.99756139188082,87.99756139188082
D_NEW_CKPT_NEW_DATA,NEW,NEW,306,0,0,Ethanol,62.5,B5_GEa_F050_R2.txt,2,2,late,95.0,1,61.22184904423207,61.22184904423207
D_NEW_CKPT_NEW_DATA,NEW,NEW,307,2,2,Ethylene,87.5,B5_GEy_F070_R1.txt,1,2,late,155.0,1,98.6724919703129,98.6724919703129
D_NEW_CKPT_NEW_DATA,NEW,NEW,308,0,0,Ethanol,37.5,B5_GEa_F030_R2.txt,2,2,late,90.0,1,41.354992775596884,41.354992775596884
D_NEW_CKPT_NEW_DATA,NEW,NEW,309,2,2,Ethylene,75.0,B5_GEy_F060_R2.txt,2,2,late,130.0,1,76.65052558595357,76.65052558595357
D_NEW_CKPT_NEW_DATA,NEW,NEW,310,1,1,CO,75.0,B5_GCO_F030_R1.txt,1,2,late,75.0,1,57.868029673916,57.868029673916
D_NEW_CKPT_NEW_DATA,NEW,NEW,311,3,3,Methane,75.0,B5_GMe_F030_R2.txt,2,2,late,150.0,1,74.03519267211408,74.03519267211408
D_NEW_CKPT_NEW_DATA,NEW,NEW,312,3,3,Methane,125.0,B5_GMe_F050_R2.txt,2,2,late,135.0,1,142.02894614078681,142.02894614078681
D_NEW_CKPT_NEW_DATA,NEW,NEW,313,2,2,Ethylene,75.0,B5_GEy_F060_R1.txt,1,2,late,100.0,1,79.84162978023564,79.84162978023564
D_NEW_CKPT_NEW_DATA,NEW,NEW,314,3,3,Methane,50.0,B5_GMe_F020_R1.txt,1,2,late,140.0,1,72.61165412536728,72.61165412536728
D_NEW_CKPT_NEW_DATA,NEW,NEW,315,0,0,Ethanol,50.0,B5_GEa_F040_R2.txt,2,2,late,95.0,1,48.52568301266488,48.52568301266488
D_NEW_CKPT_NEW_DATA,NEW,NEW,316,1,1,CO,250.0,B5_GCO_F100_R1.txt,1,2,late,100.0,1,243.4647156792142,243.4647156792142
D_NEW_CKPT_NEW_DATA,NEW,NEW,317,0,0,Ethanol,100.0,B5_GEa_F080_R2.txt,2,2,late,105.0,1,94.9735389495491,94.9735389495491
D_NEW_CKPT_NEW_DATA,NEW,NEW,318,1,1,CO,75.0,B5_GCO_F030_R1.txt,1,2,late,65.0,1,54.522067081401644,54.522067081401644
D_NEW_CKPT_NEW_DATA,NEW,NEW,319,0,0,Ethanol,125.0,B5_GEa_F100_R2.txt,2,2,late,115.0,1,112.51176279704899,112.51176279704899
D_NEW_CKPT_NEW_DATA,NEW,NEW,320,3,3,Methane,150.0,B5_GMe_F060_R1.txt,1,2,late,70.0,1,168.6930329684925,168.6930329684925
D_NEW_CKPT_NEW_DATA,NEW,NEW,321,1,1,CO,225.0,B5_GCO_F090_R1.txt,1,2,late,100.0,1,232.1863230365479,232.1863230365479
D_NEW_CKPT_NEW_DATA,NEW,NEW,322,0,0,Ethanol,62.5,B5_GEa_F050_R1.txt,1,2,late,120.0,1,74.59382198446899,74.59382198446899
D_NEW_CKPT_NEW_DATA,NEW,NEW,323,1,1,CO,50.0,B5_GCO_F020_R1.txt,1,2,late,60.0,1,25.06646951702234,25.06646951702234
D_NEW_CKPT_NEW_DATA,NEW,NEW,324,0,0,Ethanol,125.0,B5_GEa_F100_R1.txt,1,2,late,60.0,1,114.00641495883212,114.00641495883212
D_NEW_CKPT_NEW_DATA,NEW,NEW,325,2,2,Ethylene,112.5,B5_GEy_F090_R2.txt,2,2,late,140.0,1,106.54048729668179,106.54048729668179
D_NEW_CKPT_NEW_DATA,NEW,NEW,326,3,3,Methane,250.0,B5_GMe_F100_R2.txt,2,2,late,155.0,1,201.37326233534102,201.37326233534102
D_NEW_CKPT_NEW_DATA,NEW,NEW,327,3,3,Methane,175.0,B5_GMe_F070_R2.txt,2,2,late,155.0,1,211.5321348618855,211.5321348618855
D_NEW_CKPT_NEW_DATA,NEW,NEW,328,0,0,Ethanol,37.5,B5_GEa_F030_R2.txt,2,2,late,105.0,1,48.99845985030409,48.99845985030409
D_NEW_CKPT_NEW_DATA,NEW,NEW,329,1,1,CO,125.0,B5_GCO_F050_R1.txt,1,2,late,65.0,1,144.90383594110392,144.90383594110392
D_NEW_CKPT_NEW_DATA,NEW,NEW,330,0,0,Ethanol,112.5,B5_GEa_F090_R2.txt,2,2,late,135.0,1,109.61756671465369,109.61756671465369
D_NEW_CKPT_NEW_DATA,NEW,NEW,331,1,1,CO,250.0,B5_GCO_F100_R2.txt,2,2,late,60.0,1,250.0,250.0
D_NEW_CKPT_NEW_DATA,NEW,NEW,332,3,3,Methane,225.0,B5_GMe_F090_R2.txt,2,2,late,120.0,1,207.68946016588745,207.68946016588745
D_NEW_CKPT_NEW_DATA,NEW,NEW,333,2,2,Ethylene,87.5,B5_GEy_F070_R2.txt,2,2,late,95.0,1,88.24159925461035,88.24159925461035
D_NEW_CKPT_NEW_DATA,NEW,NEW,334,0,0,Ethanol,125.0,B5_GEa_F100_R2.txt,2,2,late,130.0,1,115.15392106808272,115.15392106808272
D_NEW_CKPT_NEW_DATA,NEW,NEW,335,3,3,Methane,125.0,B5_GMe_F050_R2.txt,2,2,late,95.0,1,129.10799072527558,129.10799072527558
D_NEW_CKPT_NEW_DATA,NEW,NEW,336,3,3,Methane,100.0,B5_GMe_F040_R1.txt,1,2,late,125.0,1,128.37806175227325,128.37806175227325
D_NEW_CKPT_NEW_DATA,NEW,NEW,337,2,2,Ethylene,125.0,B5_GEy_F100_R2.txt,2,2,late,125.0,1,125.0,125.0
D_NEW_CKPT_NEW_DATA,NEW,NEW,338,3,3,Methane,175.0,B5_GMe_F070_R1.txt,1,2,late,75.0,1,167.5042595242328,167.5042595242328
D_NEW_CKPT_NEW_DATA,NEW,NEW,339,1,1,CO,50.0,B5_GCO_F020_R2.txt,2,2,late,160.0,1,29.4772763031238,29.4772763031238
D_NEW_CKPT_NEW_DATA,NEW,NEW,340,0,0,Ethanol,12.5,B5_GEa_F010_R2.txt,2,2,late,155.0,1,16.015533260119305,16.015533260119305
D_NEW_CKPT_NEW_DATA,NEW,NEW,341,2,2,Ethylene,12.5,B5_GEy_F010_R1.txt,1,2,late,80.0,1,12.5,12.5
D_NEW_CKPT_NEW_DATA,NEW,NEW,342,0,0,Ethanol,87.5,B5_GEa_F070_R1.txt,1,2,late,70.0,1,89.79264989878902,89.79264989878902
D_NEW_CKPT_NEW_DATA,NEW,NEW,343,1,1,CO,200.0,B5_GCO_F080_R1.txt,1,2,late,95.0,1,228.9755458124572,228.9755458124572
D_NEW_CKPT_NEW_DATA,NEW,NEW,344,3,3,Methane,125.0,B5_GMe_F050_R1.txt,1,2,late,95.0,1,176.75127526970167,176.75127526970167
D_NEW_CKPT_NEW_DATA,NEW,NEW,345,3,3,Methane,50.0,B5_GMe_F020_R2.txt,2,2,late,65.0,1,92.90877757259841,92.90877757259841
D_NEW_CKPT_NEW_DATA,NEW,NEW,346,0,0,Ethanol,112.5,B5_GEa_F090_R1.txt,1,2,late,60.0,1,102.38856042645253,102.38856042645253
D_NEW_CKPT_NEW_DATA,NEW,NEW,347,0,0,Ethanol,12.5,B5_GEa_F010_R2.txt,2,2,late,100.0,1,12.5,12.5
D_NEW_CKPT_NEW_DATA,NEW,NEW,348,0,0,Ethanol,62.5,B5_GEa_F050_R2.txt,2,2,late,80.0,1,61.42522001192431,61.42522001192431
D_NEW_CKPT_NEW_DATA,NEW,NEW,349,0,0,Ethanol,12.5,B5_GEa_F010_R2.txt,2,2,late,80.0,1,12.596112166560886,12.596112166560886
D_NEW_CKPT_NEW_DATA,NEW,NEW,350,0,0,Ethanol,37.5,B5_GEa_F030_R2.txt,2,2,late,80.0,1,37.874790170875855,37.874790170875855
D_NEW_CKPT_NEW_DATA,NEW,NEW,351,2,2,Ethylene,37.5,B5_GEy_F030_R1.txt,1,2,late,140.0,1,39.82452392201083,39.82452392201083
D_NEW_CKPT_NEW_DATA,NEW,NEW,352,1,1,CO,50.0,B5_GCO_F020_R2.txt,2,2,late,65.0,1,57.09305580696187,57.09305580696187
D_NEW_CKPT_NEW_DATA,NEW,NEW,353,2,2,Ethylene,12.5,B5_GEy_F010_R2.txt,2,2,late,110.0,1,12.5,12.5
D_NEW_CKPT_NEW_DATA,NEW,NEW,354,2,2,Ethylene,25.0,B5_GEy_F020_R2.txt,2,2,late,110.0,1,26.60053231623901,26.60053231623901
D_NEW_CKPT_NEW_DATA,NEW,NEW,355,1,1,CO,100.0,B5_GCO_F040_R2.txt,2,2,late,140.0,1,93.76522981866518,93.76522981866518
D_NEW_CKPT_NEW_DATA,NEW,NEW,356,0,0,Ethanol,125.0,B5_GEa_F100_R2.txt,2,2,late,75.0,1,104.38142210263138,104.38142210263138
D_NEW_CKPT_NEW_DATA,NEW,NEW,357,0,0,Ethanol,125.0,B5_GEa_F100_R2.txt,2,2,late,95.0,1,106.01629878173377,106.01629878173377
D_NEW_CKPT_NEW_DATA,NEW,NEW,358,3,3,Methane,150.0,B5_GMe_F060_R1.txt,1,2,late,110.0,1,151.02126278212282,151.02126278212282
D_NEW_CKPT_NEW_DATA,NEW,NEW,359,3,3,Methane,50.0,B5_GMe_F020_R1.txt,1,2,late,100.0,1,78.23580373998733,78.23580373998733
D_NEW_CKPT_NEW_DATA,NEW,NEW,360,2,2,Ethylene,62.5,B5_GEy_F050_R2.txt,2,2,late,65.0,1,60.53715459953265,60.53715459953265
D_NEW_CKPT_NEW_DATA,NEW,NEW,361,1,1,CO,125.0,B5_GCO_F050_R1.txt,1,2,late,140.0,1,110.89615230991402,110.89615230991402
D_NEW_CKPT_NEW_DATA,NEW,NEW,362,2,2,Ethylene,25.0,B5_GEy_F020_R1.txt,1,2,late,160.0,1,26.31639120646151,26.31639120646151
D_NEW_CKPT_NEW_DATA,NEW,NEW,363,2,2,Ethylene,75.0,B5_GEy_F060_R1.txt,1,2,late,140.0,1,77.14905434182312,77.14905434182312
D_NEW_CKPT_NEW_DATA,NEW,NEW,364,3,3,Methane,50.0,B5_GMe_F020_R2.txt,2,2,late,130.0,1,63.580807123128054,63.580807123128054
D_NEW_CKPT_NEW_DATA,NEW,NEW,365,1,1,CO,25.0,B5_GCO_F010_R1.txt,1,2,late,115.0,1,25.0,25.0
D_NEW_CKPT_NEW_DATA,NEW,NEW,366,0,0,Ethanol,112.5,B5_GEa_F090_R1.txt,1,2,late,140.0,1,111.2200668510998,111.2200668510998
D_NEW_CKPT_NEW_DATA,NEW,NEW,367,3,3,Methane,125.0,B5_GMe_F050_R1.txt,1,2,late,145.0,1,115.36598176635559,115.36598176635559
D_NEW_CKPT_NEW_DATA,NEW,NEW,368,3,3,Methane,200.0,B5_GMe_F080_R1.txt,1,2,late,90.0,1,211.55771587490312,211.55771587490312
D_NEW_CKPT_NEW_DATA,NEW,NEW,369,2,2,Ethylene,87.5,B5_GEy_F070_R2.txt,2,2,late,70.0,1,86.97830014183586,86.97830014183586
D_NEW_CKPT_NEW_DATA,NEW,NEW,370,2,2,Ethylene,25.0,B5_GEy_F020_R1.txt,1,2,late,115.0,1,26.83052163315904,26.83052163315904
D_NEW_CKPT_NEW_DATA,NEW,NEW,371,0,0,Ethanol,62.5,B5_GEa_F050_R1.txt,1,2,late,90.0,1,71.1497772836111,71.1497772836111
D_NEW_CKPT_NEW_DATA,NEW,NEW,372,1,1,CO,125.0,B5_GCO_F050_R2.txt,2,2,late,140.0,1,141.10628670112885,141.10628670112885
D_NEW_CKPT_NEW_DATA,NEW,NEW,373,2,2,Ethylene,100.0,B5_GEy_F080_R2.txt,2,2,late,110.0,1,101.66396391133853,101.66396391133853
D_NEW_CKPT_NEW_DATA,NEW,NEW,374,0,0,Ethanol,87.5,B5_GEa_F070_R2.txt,2,2,late,90.0,1,86.10814532920818,86.10814532920818
D_NEW_CKPT_NEW_DATA,NEW,NEW,375,3,3,Methane,75.0,B5_GMe_F030_R2.txt,2,2,late,60.0,1,105.62945539723462,105.62945539723462
D_NEW_CKPT_NEW_DATA,NEW,NEW,376,1,1,CO,150.0,B5_GCO_F060_R1.txt,1,2,late,90.0,1,147.70052370389706,147.70052370389706
D_NEW_CKPT_NEW_DATA,NEW,NEW,377,3,3,Methane,25.0,B5_GMe_F010_R1.txt,1,2,late,60.0,1,60.329907203410045,60.329907203410045
D_NEW_CKPT_NEW_DATA,NEW,NEW,378,3,3,Methane,250.0,B5_GMe_F100_R2.txt,2,2,late,105.0,1,198.25107333321583,198.25107333321583
D_NEW_CKPT_NEW_DATA,NEW,NEW,379,0,0,Ethanol,37.5,B5_GEa_F030_R2.txt,2,2,late,110.0,1,48.76151164862905,48.76151164862905
D_NEW_CKPT_NEW_DATA,NEW,NEW,380,1,1,CO,125.0,B5_GCO_F050_R2.txt,2,2,late,150.0,1,156.05246651739486,156.05246651739486
D_NEW_CKPT_NEW_DATA,NEW,NEW,381,3,3,Methane,25.0,B5_GMe_F010_R2.txt,2,2,late,75.0,1,60.29906140506493,60.29906140506493
D_NEW_CKPT_NEW_DATA,NEW,NEW,382,0,0,Ethanol,25.0,B5_GEa_F020_R2.txt,2,2,late,140.0,1,29.785063445163846,29.785063445163846
D_NEW_CKPT_NEW_DATA,NEW,NEW,383,1,1,CO,175.0,B5_GCO_F070_R2.txt,2,2,late,95.0,1,188.214639497696,188.214639497696
D_NEW_CKPT_NEW_DATA,NEW,NEW,384,0,0,Ethanol,37.5,B5_GEa_F030_R2.txt,2,2,late,60.0,1,36.24654694990292,36.24654694990292
D_NEW_CKPT_NEW_DATA,NEW,NEW,385,2,2,Ethylene,37.5,B5_GEy_F030_R2.txt,2,2,late,135.0,1,36.21037584671134,36.21037584671134
D_NEW_CKPT_NEW_DATA,NEW,NEW,386,0,0,Ethanol,25.0,B5_GEa_F020_R1.txt,1,2,late,140.0,1,35.34647437321363,35.34647437321363
D_NEW_CKPT_NEW_DATA,NEW,NEW,387,1,1,CO,150.0,B5_GCO_F060_R1.txt,1,2,late,140.0,1,133.14464279260937,133.14464279260937
D_NEW_CKPT_NEW_DATA,NEW,NEW,388,1,1,CO,175.0,B5_GCO_F070_R1.txt,1,2,late,120.0,1,180.55876822097002,180.55876822097002
D_NEW_CKPT_NEW_DATA,NEW,NEW,389,3,3,Methane,225.0,B5_GMe_F090_R2.txt,2,2,late,70.0,1,197.0832905012093,197.0832905012093
D_NEW_CKPT_NEW_DATA,NEW,NEW,390,0,0,Ethanol,75.0,B5_GEa_F060_R1.txt,1,2,late,85.0,1,78.93053162201838,78.93053162201838
D_NEW_CKPT_NEW_DATA,NEW,NEW,391,3,3,Methane,225.0,B5_GMe_F090_R2.txt,2,2,late,130.0,1,230.94813809080284,230.94813809080284
D_NEW_CKPT_NEW_DATA,NEW,NEW,392,1,1,CO,100.0,B5_GCO_F040_R1.txt,1,2,late,145.0,1,119.04943794182219,119.04943794182219
D_NEW_CKPT_NEW_DATA,NEW,NEW,393,3,3,Methane,125.0,B5_GMe_F050_R2.txt,2,2,late,130.0,1,124.82488629611612,124.82488629611612
D_NEW_CKPT_NEW_DATA,NEW,NEW,394,3,3,Methane,125.0,B5_GMe_F050_R1.txt,1,2,late,155.0,1,102.75118114306363,102.75118114306363
D_NEW_CKPT_NEW_DATA,NEW,NEW,395,1,1,CO,75.0,B5_GCO_F030_R2.txt,2,2,late,110.0,1,93.60212385922254,93.60212385922254
D_NEW_CKPT_NEW_DATA,NEW,NEW,396,2,2,Ethylene,37.5,B5_GEy_F030_R2.txt,2,2,late,105.0,1,37.18072926339413,37.18072926339413
D_NEW_CKPT_NEW_DATA,NEW,NEW,397,2,2,Ethylene,62.5,B5_GEy_F050_R2.txt,2,2,late,115.0,1,62.96717828212828,62.96717828212828
D_NEW_CKPT_NEW_DATA,NEW,NEW,398,0,0,Ethanol,12.5,B5_GEa_F010_R2.txt,2,2,late,115.0,1,12.5,12.5
D_NEW_CKPT_NEW_DATA,NEW,NEW,399,2,2,Ethylene,50.0,B5_GEy_F040_R1.txt,1,2,late,95.0,1,53.47695044157551,53.47695044157551
D_NEW_CKPT_NEW_DATA,NEW,NEW,400,2,2,Ethylene,87.5,B5_GEy_F070_R2.txt,2,2,late,90.0,1,86.70282354589258,86.70282354589258
D_NEW_CKPT_NEW_DATA,NEW,NEW,401,0,0,Ethanol,12.5,B5_GEa_F010_R1.txt,1,2,late,110.0,1,14.034093162515614,14.034093162515614
D_NEW_CKPT_NEW_DATA,NEW,NEW,402,3,3,Methane,75.0,B5_GMe_F030_R2.txt,2,2,late,130.0,1,100.3027661106837,100.3027661106837
D_NEW_CKPT_NEW_DATA,NEW,NEW,403,1,1,CO,250.0,B5_GCO_F100_R1.txt,1,2,late,95.0,1,240.0091031831233,240.0091031831233
D_NEW_CKPT_NEW_DATA,NEW,NEW,404,3,3,Methane,75.0,B5_GMe_F030_R1.txt,1,2,late,70.0,1,112.70736192516752,112.70736192516752
D_NEW_CKPT_NEW_DATA,NEW,NEW,405,1,1,CO,75.0,B5_GCO_F030_R2.txt,2,2,late,100.0,1,73.69801463168199,73.69801463168199
D_NEW_CKPT_NEW_DATA,NEW,NEW,406,2,2,Ethylene,100.0,B5_GEy_F080_R2.txt,2,2,late,85.0,1,103.22105743646316,103.22105743646316
D_NEW_CKPT_NEW_DATA,NEW,NEW,407,2,2,Ethylene,87.5,B5_GEy_F070_R1.txt,1,2,late,125.0,1,86.59453404139839,86.59453404139839
D_NEW_CKPT_NEW_DATA,NEW,NEW,408,0,0,Ethanol,87.5,B5_GEa_F070_R2.txt,2,2,late,125.0,1,92.1189864126064,92.1189864126064
D_NEW_CKPT_NEW_DATA,NEW,NEW,409,1,2,CO,25.0,B5_GCO_F010_R1.txt,1,2,late,130.0,0,12.5,25.0
D_NEW_CKPT_NEW_DATA,NEW,NEW,410,2,1,Ethylene,37.5,B5_GEy_F030_R2.txt,2,2,late,160.0,0,250.0,40.312626512956285
D_NEW_CKPT_NEW_DATA,NEW,NEW,411,3,3,Methane,175.0,B5_GMe_F070_R1.txt,1,2,late,90.0,1,172.73970940124093,172.73970940124093
D_NEW_CKPT_NEW_DATA,NEW,NEW,412,1,1,CO,225.0,B5_GCO_F090_R1.txt,1,2,late,65.0,1,220.4588722578248,220.4588722578248
D_NEW_CKPT_NEW_DATA,NEW,NEW,413,3,3,Methane,150.0,B5_GMe_F060_R2.txt,2,2,late,95.0,1,154.8606855442193,154.8606855442193
D_NEW_CKPT_NEW_DATA,NEW,NEW,414,2,1,Ethylene,12.5,B5_GEy_F010_R2.txt,2,2,late,70.0,0,250.0,14.137753961531978
D_NEW_CKPT_NEW_DATA,NEW,NEW,415,0,0,Ethanol,25.0,B5_GEa_F020_R2.txt,2,2,late,150.0,1,29.070661567690014,29.070661567690014
D_NEW_CKPT_NEW_DATA,NEW,NEW,416,0,0,Ethanol,37.5,B5_GEa_F030_R1.txt,1,2,late,130.0,1,47.30735119361407,47.30735119361407
D_NEW_CKPT_NEW_DATA,NEW,NEW,417,1,1,CO,175.0,B5_GCO_F070_R2.txt,2,2,late,155.0,1,165.99078845694447,165.99078845694447
D_NEW_CKPT_NEW_DATA,NEW,NEW,418,1,1,CO,25.0,B5_GCO_F010_R2.txt,2,2,late,140.0,1,25.0,25.0
D_NEW_CKPT_NEW_DATA,NEW,NEW,419,2,2,Ethylene,75.0,B5_GEy_F060_R1.txt,1,2,late,85.0,1,78.7448581158356,78.7448581158356
D_NEW_CKPT_NEW_DATA,NEW,NEW,420,3,3,Methane,125.0,B5_GMe_F050_R1.txt,1,2,late,110.0,1,170.9277507703835,170.9277507703835
D_NEW_CKPT_NEW_DATA,NEW,NEW,421,2,2,Ethylene,12.5,B5_GEy_F010_R1.txt,1,2,late,90.0,1,12.5,12.5
D_NEW_CKPT_NEW_DATA,NEW,NEW,422,1,1,CO,150.0,B5_GCO_F060_R1.txt,1,2,late,160.0,1,112.91916439842117,112.91916439842117
D_NEW_CKPT_NEW_DATA,NEW,NEW,423,3,3,Methane,225.0,B5_GMe_F090_R1.txt,1,2,late,150.0,1,227.09510532346457,227.09510532346457
D_NEW_CKPT_NEW_DATA,NEW,NEW,424,2,2,Ethylene,100.0,B5_GEy_F080_R1.txt,1,2,late,80.0,1,103.67635815468398,103.67635815468398
D_NEW_CKPT_NEW_DATA,NEW,NEW,425,0,0,Ethanol,37.5,B5_GEa_F030_R1.txt,1,2,late,80.0,1,42.82093507397332,42.82093507397332
D_NEW_CKPT_NEW_DATA,NEW,NEW,426,3,3,Methane,125.0,B5_GMe_F050_R2.txt,2,2,late,60.0,1,148.67801618458745,148.67801618458745
D_NEW_CKPT_NEW_DATA,NEW,NEW,427,3,3,Methane,175.0,B5_GMe_F070_R1.txt,1,2,late,110.0,1,197.00811176280314,197.00811176280314
D_NEW_CKPT_NEW_DATA,NEW,NEW,428,2,2,Ethylene,50.0,B5_GEy_F040_R1.txt,1,2,late,115.0,1,56.111231973250376,56.111231973250376
D_NEW_CKPT_NEW_DATA,NEW,NEW,429,2,2,Ethylene,37.5,B5_GEy_F030_R2.txt,2,2,late,85.0,1,39.47611616967136,39.47611616967136
D_NEW_CKPT_NEW_DATA,NEW,NEW,430,3,3,Methane,75.0,B5_GMe_F030_R1.txt,1,2,late,105.0,1,96.13360779299089,96.13360779299089
D_NEW_CKPT_NEW_DATA,NEW,NEW,431,1,1,CO,200.0,B5_GCO_F080_R1.txt,1,2,late,115.0,1,221.06662929324511,221.06662929324511
D_NEW_CKPT_NEW_DATA,NEW,NEW,432,2,2,Ethylene,37.5,B5_GEy_F030_R1.txt,1,2,late,160.0,1,42.58997563382081,42.58997563382081
D_NEW_CKPT_NEW_DATA,NEW,NEW,433,1,1,CO,250.0,B5_GCO_F100_R2.txt,2,2,late,75.0,1,250.0,250.0
D_NEW_CKPT_NEW_DATA,NEW,NEW,434,2,2,Ethylene,62.5,B5_GEy_F050_R1.txt,1,2,late,65.0,1,64.47431155227298,64.47431155227298
D_NEW_CKPT_NEW_DATA,NEW,NEW,435,2,2,Ethylene,75.0,B5_GEy_F060_R2.txt,2,2,late,90.0,1,78.93603391044499,78.93603391044499
D_NEW_CKPT_NEW_DATA,NEW,NEW,436,1,1,CO,25.0,B5_GCO_F010_R2.txt,2,2,late,145.0,1,25.0,25.0
D_NEW_CKPT_NEW_DATA,NEW,NEW,437,3,3,Methane,100.0,B5_GMe_F040_R2.txt,2,2,late,75.0,1,102.23821618829646,102.23821618829646
D_NEW_CKPT_NEW_DATA,NEW,NEW,438,1,1,CO,75.0,B5_GCO_F030_R2.txt,2,2,late,65.0,1,85.44814358900544,85.44814358900544
D_NEW_CKPT_NEW_DATA,NEW,NEW,439,0,0,Ethanol,75.0,B5_GEa_F060_R1.txt,1,2,late,80.0,1,77.83325944458568,77.83325944458568
D_NEW_CKPT_NEW_DATA,NEW,NEW,440,0,0,Ethanol,100.0,B5_GEa_F080_R2.txt,2,2,late,140.0,1,97.01798284498511,97.01798284498511
D_NEW_CKPT_NEW_DATA,NEW,NEW,441,1,1,CO,225.0,B5_GCO_F090_R2.txt,2,2,late,115.0,1,213.48446812174979,213.48446812174979
D_NEW_CKPT_NEW_DATA,NEW,NEW,442,0,0,Ethanol,112.5,B5_GEa_F090_R1.txt,1,2,late,65.0,1,107.80930755726314,107.80930755726314
D_NEW_CKPT_NEW_DATA,NEW,NEW,443,1,1,CO,100.0,B5_GCO_F040_R2.txt,2,2,late,65.0,1,104.94316933503802,104.94316933503802
D_NEW_CKPT_NEW_DATA,NEW,NEW,444,2,2,Ethylene,125.0,B5_GEy_F100_R2.txt,2,2,late,105.0,1,123.56983918808264,123.56983918808264
D_NEW_CKPT_NEW_DATA,NEW,NEW,445,2,2,Ethylene,37.5,B5_GEy_F030_R2.txt,2,2,late,120.0,1,38.22424749538421,38.22424749538421
D_NEW_CKPT_NEW_DATA,NEW,NEW,446,3,3,Methane,250.0,B5_GMe_F100_R1.txt,1,2,late,80.0,1,191.52660638418735,191.52660638418735
D_NEW_CKPT_NEW_DATA,NEW,NEW,447,2,2,Ethylene,75.0,B5_GEy_F060_R1.txt,1,2,late,135.0,1,78.99224800337126,78.99224800337126
D_NEW_CKPT_NEW_DATA,NEW,NEW,448,0,0,Ethanol,62.5,B5_GEa_F050_R2.txt,2,2,late,105.0,1,63.90658738057523,63.90658738057523
D_NEW_CKPT_NEW_DATA,NEW,NEW,449,3,3,Methane,125.0,B5_GMe_F050_R1.txt,1,2,late,125.0,1,178.2596879289783,178.2596879289783
D_NEW_CKPT_NEW_DATA,NEW,NEW,450,2,2,Ethylene,62.5,B5_GEy_F050_R1.txt,1,2,late,100.0,1,61.63104486582779,61.63104486582779
D_NEW_CKPT_NEW_DATA,NEW,NEW,451,3,3,Methane,250.0,B5_GMe_F100_R1.txt,1,2,late,75.0,1,186.00748342456836,186.00748342456836
D_NEW_CKPT_NEW_DATA,NEW,NEW,452,2,2,Ethylene,87.5,B5_GEy_F070_R1.txt,1,2,late,130.0,1,88.74575446240237,88.74575446240237
D_NEW_CKPT_NEW_DATA,NEW,NEW,453,1,1,CO,25.0,B5_GCO_F010_R1.txt,1,2,late,160.0,1,25.0,25.0
D_NEW_CKPT_NEW_DATA,NEW,NEW,454,0,0,Ethanol,87.5,B5_GEa_F070_R2.txt,2,2,late,120.0,1,91.82979073631607,91.82979073631607
D_NEW_CKPT_NEW_DATA,NEW,NEW,455,1,1,CO,125.0,B5_GCO_F050_R1.txt,1,2,late,150.0,1,119.06836479704813,119.06836479704813
D_NEW_CKPT_NEW_DATA,NEW,NEW,456,0,0,Ethanol,50.0,B5_GEa_F040_R1.txt,1,2,late,140.0,1,55.492657972500275,55.492657972500275
D_NEW_CKPT_NEW_DATA,NEW,NEW,457,1,1,CO,50.0,B5_GCO_F020_R1.txt,1,2,late,115.0,1,58.22796673187,58.22796673187
D_NEW_CKPT_NEW_DATA,NEW,NEW,458,0,0,Ethanol,37.5,B5_GEa_F030_R1.txt,1,2,late,70.0,1,42.91497709699679,42.91497709699679
D_NEW_CKPT_NEW_DATA,NEW,NEW,459,3,3,Methane,200.0,B5_GMe_F080_R1.txt,1,2,late,95.0,1,211.8124778179241,211.8124778179241
D_NEW_CKPT_NEW_DATA,NEW,NEW,460,2,2,Ethylene,25.0,B5_GEy_F020_R2.txt,2,2,late,60.0,1,28.98860535327451,28.98860535327451
D_NEW_CKPT_NEW_DATA,NEW,NEW,461,1,1,CO,50.0,B5_GCO_F020_R1.txt,1,2,late,65.0,1,59.44189814316445,59.44189814316445
D_NEW_CKPT_NEW_DATA,NEW,NEW,462,3,3,Methane,175.0,B5_GMe_F070_R1.txt,1,2,late,60.0,1,176.53537984401504,176.53537984401504
D_NEW_CKPT_NEW_DATA,NEW,NEW,463,2,2,Ethylene,87.5,B5_GEy_F070_R1.txt,1,2,late,135.0,1,83.48281779072704,83.48281779072704
D_NEW_CKPT_NEW_DATA,NEW,NEW,464,3,3,Methane,25.0,B5_GMe_F010_R1.txt,1,2,late,80.0,1,47.757877467845084,47.757877467845084
D_NEW_CKPT_NEW_DATA,NEW,NEW,465,3,3,Methane,200.0,B5_GMe_F080_R1.txt,1,2,late,125.0,1,204.4748102837411,204.4748102837411
D_NEW_CKPT_NEW_DATA,NEW,NEW,466,0,0,Ethanol,12.5,B5_GEa_F010_R1.txt,1,2,late,65.0,1,15.150253617346422,15.150253617346422
D_NEW_CKPT_NEW_DATA,NEW,NEW,467,2,2,Ethylene,75.0,B5_GEy_F060_R1.txt,1,2,late,110.0,1,82.6299727460009,82.6299727460009
D_NEW_CKPT_NEW_DATA,NEW,NEW,468,2,2,Ethylene,100.0,B5_GEy_F080_R2.txt,2,2,late,115.0,1,98.55242703829701,98.55242703829701
D_NEW_CKPT_NEW_DATA,NEW,NEW,469,2,2,Ethylene,12.5,B5_GEy_F010_R2.txt,2,2,late,105.0,1,12.5,12.5
D_NEW_CKPT_NEW_DATA,NEW,NEW,470,2,2,Ethylene,87.5,B5_GEy_F070_R2.txt,2,2,late,150.0,1,84.70972516284857,84.70972516284857
D_NEW_CKPT_NEW_DATA,NEW,NEW,471,2,2,Ethylene,125.0,B5_GEy_F100_R1.txt,1,2,late,140.0,1,125.0,125.0
D_NEW_CKPT_NEW_DATA,NEW,NEW,472,3,3,Methane,25.0,B5_GMe_F010_R1.txt,1,2,late,105.0,1,67.60450262579472,67.60450262579472
D_NEW_CKPT_NEW_DATA,NEW,NEW,473,0,0,Ethanol,87.5,B5_GEa_F070_R1.txt,1,2,late,115.0,1,92.82907216837042,92.82907216837042
D_NEW_CKPT_NEW_DATA,NEW,NEW,474,1,1,CO,25.0,B5_GCO_F010_R1.txt,1,2,late,80.0,1,29.701813520022284,29.701813520022284
D_NEW_CKPT_NEW_DATA,NEW,NEW,475,3,3,Methane,50.0,B5_GMe_F020_R2.txt,2,2,late,100.0,1,45.70536368133698,45.70536368133698
D_NEW_CKPT_NEW_DATA,NEW,NEW,476,0,0,Ethanol,125.0,B5_GEa_F100_R1.txt,1,2,late,85.0,1,110.78459338180394,110.78459338180394
D_NEW_CKPT_NEW_DATA,NEW,NEW,477,3,3,Methane,200.0,B5_GMe_F080_R2.txt,2,2,late,125.0,1,245.50474980502207,245.50474980502207
D_NEW_CKPT_NEW_DATA,NEW,NEW,478,0,0,Ethanol,37.5,B5_GEa_F030_R2.txt,2,2,late,75.0,1,37.65010667185647,37.65010667185647
D_NEW_CKPT_NEW_DATA,NEW,NEW,479,2,2,Ethylene,112.5,B5_GEy_F090_R1.txt,1,2,late,80.0,1,111.47755873961705,111.47755873961705
D_NEW_CKPT_NEW_DATA,NEW,NEW,480,2,2,Ethylene,25.0,B5_GEy_F020_R2.txt,2,2,late,105.0,1,25.933929186059096,25.933929186059096
D_NEW_CKPT_NEW_DATA,NEW,NEW,481,1,1,CO,100.0,B5_GCO_F040_R1.txt,1,2,late,130.0,1,86.07730476767087,86.07730476767087
D_NEW_CKPT_NEW_DATA,NEW,NEW,482,1,1,CO,175.0,B5_GCO_F070_R2.txt,2,2,late,140.0,1,198.91517215970543,198.91517215970543
D_NEW_CKPT_NEW_DATA,NEW,NEW,483,0,0,Ethanol,112.5,B5_GEa_F090_R2.txt,2,2,late,75.0,1,106.16375224397017,106.16375224397017
D_NEW_CKPT_NEW_DATA,NEW,NEW,484,0,0,Ethanol,12.5,B5_GEa_F010_R1.txt,1,2,late,130.0,1,12.600875247968297,12.600875247968297
D_NEW_CKPT_NEW_DATA,NEW,NEW,485,0,0,Ethanol,37.5,B5_GEa_F030_R1.txt,1,2,late,90.0,1,43.59224975069979,43.59224975069979
D_NEW_CKPT_NEW_DATA,NEW,NEW,486,3,3,Methane,175.0,B5_GMe_F070_R1.txt,1,2,late,105.0,1,177.65059420559473,177.65059420559473
D_NEW_CKPT_NEW_DATA,NEW,NEW,487,1,1,CO,250.0,B5_GCO_F100_R1.txt,1,2,late,115.0,1,238.4936116206105,238.4936116206105
D_NEW_CKPT_NEW_DATA,NEW,NEW,488,2,2,Ethylene,87.5,B5_GEy_F070_R1.txt,1,2,late,80.0,1,87.71115936523672,87.71115936523672
D_NEW_CKPT_NEW_DATA,NEW,NEW,489,0,0,Ethanol,12.5,B5_GEa_F010_R2.txt,2,2,late,95.0,1,12.5,12.5
D_NEW_CKPT_NEW_DATA,NEW,NEW,490,1,1,CO,75.0,B5_GCO_F030_R1.txt,1,2,late,95.0,1,52.76503474433256,52.76503474433256
D_NEW_CKPT_NEW_DATA,NEW,NEW,491,3,3,Methane,75.0,B5_GMe_F030_R1.txt,1,2,late,150.0,1,51.972886920376396,51.972886920376396
D_NEW_CKPT_NEW_DATA,NEW,NEW,492,3,3,Methane,100.0,B5_GMe_F040_R2.txt,2,2,late,95.0,1,108.5771788713555,108.5771788713555
D_NEW_CKPT_NEW_DATA,NEW,NEW,493,1,1,CO,150.0,B5_GCO_F060_R1.txt,1,2,late,80.0,1,159.0557798827386,159.0557798827386
D_NEW_CKPT_NEW_DATA,NEW,NEW,494,2,2,Ethylene,125.0,B5_GEy_F100_R1.txt,1,2,late,85.0,1,123.60028355704995,123.60028355704995
D_NEW_CKPT_NEW_DATA,NEW,NEW,495,3,3,Methane,150.0,B5_GMe_F060_R2.txt,2,2,late,75.0,1,152.60241927982955,152.60241927982955
D_NEW_CKPT_NEW_DATA,NEW,NEW,496,0,0,Ethanol,37.5,B5_GEa_F030_R1.txt,1,2,late,145.0,1,47.46578607715034,47.46578607715034
D_NEW_CKPT_NEW_DATA,NEW,NEW,497,2,2,Ethylene,100.0,B5_GEy_F080_R2.txt,2,2,late,90.0,1,103.45920379177578,103.45920379177578
D_NEW_CKPT_NEW_DATA,NEW,NEW,498,1,1,CO,100.0,B5_GCO_F040_R2.txt,2,2,late,150.0,1,92.98898336250957,92.98898336250957
D_NEW_CKPT_NEW_DATA,NEW,NEW,499,0,0,Ethanol,25.0,B5_GEa_F020_R2.txt,2,2,late,130.0,1,29.771542573465318,29.771542573465318
D_NEW_CKPT_NEW_DATA,NEW,NEW,500,3,3,Methane,125.0,B5_GMe_F050_R1.txt,1,2,late,120.0,1,174.29748439800426,174.29748439800426
D_NEW_CKPT_NEW_DATA,NEW,NEW,501,1,1,CO,75.0,B5_GCO_F030_R1.txt,1,2,late,120.0,1,75.26223400038866,75.26223400038866
D_NEW_CKPT_NEW_DATA,NEW,NEW,502,0,0,Ethanol,125.0,B5_GEa_F100_R1.txt,1,2,late,120.0,1,116.4051457193933,116.4051457193933
D_NEW_CKPT_NEW_DATA,NEW,NEW,503,3,3,Methane,150.0,B5_GMe_F060_R2.txt,2,2,late,125.0,1,164.25119682441448,164.25119682441448
D_NEW_CKPT_NEW_DATA,NEW,NEW,504,0,0,Ethanol,37.5,B5_GEa_F030_R1.txt,1,2,late,85.0,1,43.12666381519851,43.12666381519851
D_NEW_CKPT_NEW_DATA,NEW,NEW,505,2,2,Ethylene,37.5,B5_GEy_F030_R1.txt,1,2,late,150.0,1,38.66170947766725,38.66170947766725
D_NEW_CKPT_NEW_DATA,NEW,NEW,506,2,2,Ethylene,25.0,B5_GEy_F020_R1.txt,1,2,late,135.0,1,23.012007657406905,23.012007657406905
D_NEW_CKPT_NEW_DATA,NEW,NEW,507,0,0,Ethanol,62.5,B5_GEa_F050_R1.txt,1,2,late,160.0,1,71.11192063500013,71.11192063500013
D_NEW_CKPT_NEW_DATA,NEW,NEW,508,2,2,Ethylene,125.0,B5_GEy_F100_R2.txt,2,2,late,75.0,1,123.44003569314899,123.44003569314899
D_NEW_CKPT_NEW_DATA,NEW,NEW,509,2,2,Ethylene,62.5,B5_GEy_F050_R1.txt,1,2,late,155.0,1,71.56174967787379,71.56174967787379
D_NEW_CKPT_NEW_DATA,NEW,NEW,510,0,0,Ethanol,75.0,B5_GEa_F060_R1.txt,1,2,late,100.0,1,80.18502810825994,80.18502810825994
D_NEW_CKPT_NEW_DATA,NEW,NEW,511,0,0,Ethanol,62.5,B5_GEa_F050_R2.txt,2,2,late,120.0,1,64.57340043900538,64.57340043900538
D_NEW_CKPT_NEW_DATA,NEW,NEW,512,0,0,Ethanol,25.0,B5_GEa_F020_R1.txt,1,2,late,130.0,1,36.6882089650488,36.6882089650488
D_NEW_CKPT_NEW_DATA,NEW,NEW,513,3,3,Methane,150.0,B5_GMe_F060_R1.txt,1,2,late,105.0,1,163.6118895627847,163.6118895627847
D_NEW_CKPT_NEW_DATA,NEW,NEW,514,2,2,Ethylene,125.0,B5_GEy_F100_R2.txt,2,2,late,145.0,1,120.6087221966008,120.6087221966008
D_NEW_CKPT_NEW_DATA,NEW,NEW,515,0,0,Ethanol,87.5,B5_GEa_F070_R1.txt,1,2,late,95.0,1,88.42723147515069,88.42723147515069
D_NEW_CKPT_NEW_DATA,NEW,NEW,516,0,0,Ethanol,87.5,B5_GEa_F070_R1.txt,1,2,late,150.0,1,99.6082313226429,99.6082313226429
D_NEW_CKPT_NEW_DATA,NEW,NEW,517,2,2,Ethylene,37.5,B5_GEy_F030_R1.txt,1,2,late,75.0,1,40.03402150954938,40.03402150954938
D_NEW_CKPT_NEW_DATA,NEW,NEW,518,0,0,Ethanol,50.0,B5_GEa_F040_R2.txt,2,2,late,115.0,1,51.69584146283378,51.69584146283378
D_NEW_CKPT_NEW_DATA,NEW,NEW,519,0,0,Ethanol,100.0,B5_GEa_F080_R2.txt,2,2,late,115.0,1,97.45980577443616,97.45980577443616
D_NEW_CKPT_NEW_DATA,NEW,NEW,520,2,2,Ethylene,37.5,B5_GEy_F030_R1.txt,1,2,late,155.0,1,48.22930461077781,48.22930461077781
D_NEW_CKPT_NEW_DATA,NEW,NEW,521,0,0,Ethanol,50.0,B5_GEa_F040_R2.txt,2,2,late,75.0,1,46.03004788329633,46.03004788329633
D_NEW_CKPT_NEW_DATA,NEW,NEW,522,3,3,Methane,100.0,B5_GMe_F040_R2.txt,2,2,late,100.0,1,114.03831300296338,114.03831300296338
D_NEW_CKPT_NEW_DATA,NEW,NEW,523,0,0,Ethanol,62.5,B5_GEa_F050_R2.txt,2,2,late,110.0,1,63.93057001220737,63.93057001220737
D_NEW_CKPT_NEW_DATA,NEW,NEW,524,2,2,Ethylene,62.5,B5_GEy_F050_R1.txt,1,2,late,70.0,1,63.70266361620124,63.70266361620124
D_NEW_CKPT_NEW_DATA,NEW,NEW,525,1,1,CO,175.0,B5_GCO_F070_R1.txt,1,2,late,90.0,1,175.82113626401733,175.82113626401733
D_NEW_CKPT_NEW_DATA,NEW,NEW,526,1,1,CO,25.0,B5_GCO_F010_R2.txt,2,2,late,110.0,1,25.0,25.0
D_NEW_CKPT_NEW_DATA,NEW,NEW,527,0,0,Ethanol,50.0,B5_GEa_F040_R2.txt,2,2,late,155.0,1,46.34265015910286,46.34265015910286
D_NEW_CKPT_NEW_DATA,NEW,NEW,528,3,3,Methane,75.0,B5_GMe_F030_R1.txt,1,2,late,140.0,1,101.42422731404655,101.42422731404655
D_NEW_CKPT_NEW_DATA,NEW,NEW,529,2,2,Ethylene,112.5,B5_GEy_F090_R2.txt,2,2,late,125.0,1,108.92972222396484,108.92972222396484
D_NEW_CKPT_NEW_DATA,NEW,NEW,530,2,2,Ethylene,50.0,B5_GEy_F040_R2.txt,2,2,late,85.0,1,54.29705962172051,54.29705962172051
D_NEW_CKPT_NEW_DATA,NEW,NEW,531,1,1,CO,25.0,B5_GCO_F010_R1.txt,1,2,late,110.0,1,25.0,25.0
D_NEW_CKPT_NEW_DATA,NEW,NEW,532,3,3,Methane,175.0,B5_GMe_F070_R2.txt,2,2,late,130.0,1,190.24713514376884,190.24713514376884
D_NEW_CKPT_NEW_DATA,NEW,NEW,533,2,2,Ethylene,25.0,B5_GEy_F020_R1.txt,1,2,late,60.0,1,25.629513805107308,25.629513805107308
D_NEW_CKPT_NEW_DATA,NEW,NEW,534,1,1,CO,200.0,B5_GCO_F080_R1.txt,1,2,late,60.0,1,178.59402578468342,178.59402578468342
D_NEW_CKPT_NEW_DATA,NEW,NEW,535,3,3,Methane,150.0,B5_GMe_F060_R2.txt,2,2,late,110.0,1,166.97349851245383,166.97349851245383
D_NEW_CKPT_NEW_DATA,NEW,NEW,536,3,3,Methane,25.0,B5_GMe_F010_R2.txt,2,2,late,145.0,1,25.0,25.0
D_NEW_CKPT_NEW_DATA,NEW,NEW,537,3,3,Methane,150.0,B5_GMe_F060_R1.txt,1,2,late,115.0,1,151.70646332205087,151.70646332205087
D_NEW_CKPT_NEW_DATA,NEW,NEW,538,1,1,CO,125.0,B5_GCO_F050_R2.txt,2,2,late,160.0,1,133.04459684407,133.04459684407
D_NEW_CKPT_NEW_DATA,NEW,NEW,539,2,2,Ethylene,125.0,B5_GEy_F100_R1.txt,1,2,late,125.0,1,124.08800718821502,124.08800718821502
D_NEW_CKPT_NEW_DATA,NEW,NEW,540,1,1,CO,225.0,B5_GCO_F090_R2.txt,2,2,late,60.0,1,236.5286515884732,236.5286515884732
D_NEW_CKPT_NEW_DATA,NEW,NEW,541,2,2,Ethylene,50.0,B5_GEy_F040_R2.txt,2,2,late,155.0,1,58.2162724278754,58.2162724278754
D_NEW_CKPT_NEW_DATA,NEW,NEW,542,2,2,Ethylene,112.5,B5_GEy_F090_R1.txt,1,2,late,65.0,1,112.6578648506051,112.6578648506051
D_NEW_CKPT_NEW_DATA,NEW,NEW,543,1,1,CO,150.0,B5_GCO_F060_R2.txt,2,2,late,70.0,1,148.81332573345532,148.81332573345532
D_NEW_CKPT_NEW_DATA,NEW,NEW,544,3,3,Methane,225.0,B5_GMe_F090_R2.txt,2,2,late,140.0,1,224.82627589717274,224.82627589717274
D_NEW_CKPT_NEW_DATA,NEW,NEW,545,0,0,Ethanol,25.0,B5_GEa_F020_R1.txt,1,2,late,155.0,1,40.62119016088734,40.62119016088734
D_NEW_CKPT_NEW_DATA,NEW,NEW,546,1,1,CO,75.0,B5_GCO_F030_R2.txt,2,2,late,135.0,1,74.7678022800915,74.7678022800915
D_NEW_CKPT_NEW_DATA,NEW,NEW,547,0,0,Ethanol,100.0,B5_GEa_F080_R2.txt,2,2,late,125.0,1,94.3937798193467,94.3937798193467
D_NEW_CKPT_NEW_DATA,NEW,NEW,548,3,3,Methane,150.0,B5_GMe_F060_R1.txt,1,2,late,125.0,1,144.7140657359622,144.7140657359622
D_NEW_CKPT_NEW_DATA,NEW,NEW,549,1,1,CO,225.0,B5_GCO_F090_R2.txt,2,2,late,155.0,1,230.75476248715955,230.75476248715955
D_NEW_CKPT_NEW_DATA,NEW,NEW,550,3,3,Methane,25.0,B5_GMe_F010_R2.txt,2,2,late,70.0,1,50.816367041027476,50.816367041027476
D_NEW_CKPT_NEW_DATA,NEW,NEW,551,2,2,Ethylene,37.5,B5_GEy_F030_R1.txt,1,2,late,90.0,1,41.530108363290516,41.530108363290516
D_NEW_CKPT_NEW_DATA,NEW,NEW,552,0,0,Ethanol,50.0,B5_GEa_F040_R1.txt,1,2,late,120.0,1,55.51489405778813,55.51489405778813
D_NEW_CKPT_NEW_DATA,NEW,NEW,553,1,1,CO,100.0,B5_GCO_F040_R1.txt,1,2,late,70.0,1,96.55051460716508,96.55051460716508
D_NEW_CKPT_NEW_DATA,NEW,NEW,554,0,0,Ethanol,62.5,B5_GEa_F050_R2.txt,2,2,late,70.0,1,59.80330396056328,59.80330396056328
D_NEW_CKPT_NEW_DATA,NEW,NEW,555,3,3,Methane,125.0,B5_GMe_F050_R2.txt,2,2,late,125.0,1,141.75315938937436,141.75315938937436
D_NEW_CKPT_NEW_DATA,NEW,NEW,556,3,3,Methane,175.0,B5_GMe_F070_R2.txt,2,2,late,60.0,1,197.76622805892933,197.76622805892933
D_NEW_CKPT_NEW_DATA,NEW,NEW,557,1,1,CO,250.0,B5_GCO_F100_R2.txt,2,2,late,95.0,1,250.0,250.0
D_NEW_CKPT_NEW_DATA,NEW,NEW,558,0,0,Ethanol,125.0,B5_GEa_F100_R2.txt,2,2,late,80.0,1,105.10161141070756,105.10161141070756
D_NEW_CKPT_NEW_DATA,NEW,NEW,559,0,0,Ethanol,75.0,B5_GEa_F060_R2.txt,2,2,late,75.0,1,60.94656879478998,60.94656879478998
D_NEW_CKPT_NEW_DATA,NEW,NEW,560,2,2,Ethylene,112.5,B5_GEy_F090_R1.txt,1,2,late,140.0,1,106.21567238971399,106.21567238971399
D_NEW_CKPT_NEW_DATA,NEW,NEW,561,3,3,Methane,75.0,B5_GMe_F030_R2.txt,2,2,late,65.0,1,94.83759635558681,94.83759635558681
D_NEW_CKPT_NEW_DATA,NEW,NEW,562,0,0,Ethanol,12.5,B5_GEa_F010_R2.txt,2,2,late,130.0,1,13.936121579258785,13.936121579258785
D_NEW_CKPT_NEW_DATA,NEW,NEW,563,2,2,Ethylene,112.5,B5_GEy_F090_R2.txt,2,2,late,105.0,1,109.93676154677934,109.93676154677934
D_NEW_CKPT_NEW_DATA,NEW,NEW,564,3,3,Methane,50.0,B5_GMe_F020_R1.txt,1,2,late,80.0,1,79.88716396974166,79.88716396974166
D_NEW_CKPT_NEW_DATA,NEW,NEW,565,0,0,Ethanol,62.5,B5_GEa_F050_R2.txt,2,2,late,65.0,1,57.755258697847275,57.755258697847275
D_NEW_CKPT_NEW_DATA,NEW,NEW,566,1,1,CO,100.0,B5_GCO_F040_R2.txt,2,2,late,85.0,1,95.93384023599569,95.93384023599569
D_NEW_CKPT_NEW_DATA,NEW,NEW,567,3,3,Methane,75.0,B5_GMe_F030_R1.txt,1,2,late,90.0,1,97.45543848474972,97.45543848474972
D_NEW_CKPT_NEW_DATA,NEW,NEW,568,2,2,Ethylene,125.0,B5_GEy_F100_R2.txt,2,2,late,160.0,1,125.0,125.0
D_NEW_CKPT_NEW_DATA,NEW,NEW,569,1,1,CO,225.0,B5_GCO_F090_R1.txt,1,2,late,105.0,1,250.0,250.0
D_NEW_CKPT_NEW_DATA,NEW,NEW,570,2,2,Ethylene,37.5,B5_GEy_F030_R2.txt,2,2,late,90.0,1,37.05506565331122,37.05506565331122
D_NEW_CKPT_NEW_DATA,NEW,NEW,571,3,3,Methane,225.0,B5_GMe_F090_R1.txt,1,2,late,120.0,1,66.11774928140665,66.11774928140665
D_NEW_CKPT_NEW_DATA,NEW,NEW,572,1,1,CO,75.0,B5_GCO_F030_R2.txt,2,2,late,75.0,1,72.66610611235336,72.66610611235336
D_NEW_CKPT_NEW_DATA,NEW,NEW,573,3,3,Methane,125.0,B5_GMe_F050_R1.txt,1,2,late,70.0,1,135.78363867181233,135.78363867181233
D_NEW_CKPT_NEW_DATA,NEW,NEW,574,0,0,Ethanol,25.0,B5_GEa_F020_R2.txt,2,2,late,85.0,1,28.507590000490595,28.507590000490595
D_NEW_CKPT_NEW_DATA,NEW,NEW,575,0,0,Ethanol,125.0,B5_GEa_F100_R2.txt,2,2,late,160.0,1,90.66925768778398,90.66925768778398
D_NEW_CKPT_NEW_DATA,NEW,NEW,576,2,2,Ethylene,25.0,B5_GEy_F020_R1.txt,1,2,late,120.0,1,25.132063645982548,25.132063645982548
D_NEW_CKPT_NEW_DATA,NEW,NEW,577,0,0,Ethanol,62.5,B5_GEa_F050_R2.txt,2,2,late,85.0,1,59.33862546446378,59.33862546446378
D_NEW_CKPT_NEW_DATA,NEW,NEW,578,2,2,Ethylene,12.5,B5_GEy_F010_R1.txt,1,2,late,70.0,1,12.5,12.5
D_NEW_CKPT_NEW_DATA,NEW,NEW,579,0,0,Ethanol,100.0,B5_GEa_F080_R1.txt,1,2,late,150.0,1,100.33500286591133,100.33500286591133
D_NEW_CKPT_NEW_DATA,NEW,NEW,580,1,1,CO,150.0,B5_GCO_F060_R2.txt,2,2,late,150.0,1,205.70643447448833,205.70643447448833
D_NEW_CKPT_NEW_DATA,NEW,NEW,581,1,1,CO,50.0,B5_GCO_F020_R2.txt,2,2,late,130.0,1,44.87022430063587,44.87022430063587
D_NEW_CKPT_NEW_DATA,NEW,NEW,582,2,2,Ethylene,25.0,B5_GEy_F020_R1.txt,1,2,late,90.0,1,27.773193723870428,27.773193723870428
D_NEW_CKPT_NEW_DATA,NEW,NEW,583,1,1,CO,50.0,B5_GCO_F020_R1.txt,1,2,late,85.0,1,48.17813864047963,48.17813864047963
D_NEW_CKPT_NEW_DATA,NEW,NEW,584,0,0,Ethanol,112.5,B5_GEa_F090_R1.txt,1,2,late,145.0,1,113.87223050268885,113.87223050268885
D_NEW_CKPT_NEW_DATA,NEW,NEW,585,3,3,Methane,125.0,B5_GMe_F050_R2.txt,2,2,late,80.0,1,143.18950699261208,143.18950699261208
D_NEW_CKPT_NEW_DATA,NEW,NEW,586,0,0,Ethanol,75.0,B5_GEa_F060_R2.txt,2,2,late,130.0,1,70.62687853035428,70.62687853035428
D_NEW_CKPT_NEW_DATA,NEW,NEW,587,1,1,CO,100.0,B5_GCO_F040_R2.txt,2,2,late,130.0,1,110.2454774002044,110.2454774002044
D_NEW_CKPT_NEW_DATA,NEW,NEW,588,2,2,Ethylene,112.5,B5_GEy_F090_R1.txt,1,2,late,155.0,1,116.2973368890614,116.2973368890614
D_NEW_CKPT_NEW_DATA,NEW,NEW,589,3,3,Methane,100.0,B5_GMe_F040_R2.txt,2,2,late,135.0,1,114.88878118004068,114.88878118004068
D_NEW_CKPT_NEW_DATA,NEW,NEW,590,0,0,Ethanol,37.5,B5_GEa_F030_R1.txt,1,2,late,100.0,1,44.9032308942353,44.9032308942353
D_NEW_CKPT_NEW_DATA,NEW,NEW,591,2,2,Ethylene,12.5,B5_GEy_F010_R1.txt,1,2,late,135.0,1,12.5,12.5
D_NEW_CKPT_NEW_DATA,NEW,NEW,592,1,1,CO,250.0,B5_GCO_F100_R2.txt,2,2,late,130.0,1,250.0,250.0
D_NEW_CKPT_NEW_DATA,NEW,NEW,593,2,2,Ethylene,100.0,B5_GEy_F080_R1.txt,1,2,late,160.0,1,99.73968864783635,99.73968864783635
D_NEW_CKPT_NEW_DATA,NEW,NEW,594,3,3,Methane,100.0,B5_GMe_F040_R1.txt,1,2,late,105.0,1,119.19405056439956,119.19405056439956
D_NEW_CKPT_NEW_DATA,NEW,NEW,595,0,0,Ethanol,100.0,B5_GEa_F080_R1.txt,1,2,late,100.0,1,90.82034143601604,90.82034143601604
D_NEW_CKPT_NEW_DATA,NEW,NEW,596,2,2,Ethylene,50.0,B5_GEy_F040_R1.txt,1,2,late,130.0,1,53.405177114215455,53.405177114215455
D_NEW_CKPT_NEW_DATA,NEW,NEW,597,0,0,Ethanol,62.5,B5_GEa_F050_R1.txt,1,2,late,65.0,1,69.64591497275703,69.64591497275703
D_NEW_CKPT_NEW_DATA,NEW,NEW,598,0,0,Ethanol,87.5,B5_GEa_F070_R1.txt,1,2,late,90.0,1,87.73108186833946,87.73108186833946
D_NEW_CKPT_NEW_DATA,NEW,NEW,599,2,2,Ethylene,125.0,B5_GEy_F100_R1.txt,1,2,late,60.0,1,125.0,125.0
D_NEW_CKPT_NEW_DATA,NEW,NEW,600,1,1,CO,150.0,B5_GCO_F060_R2.txt,2,2,late,160.0,1,165.44593846362113,165.44593846362113
D_NEW_CKPT_NEW_DATA,NEW,NEW,601,2,2,Ethylene,125.0,B5_GEy_F100_R1.txt,1,2,late,100.0,1,124.86831428772736,124.86831428772736
D_NEW_CKPT_NEW_DATA,NEW,NEW,602,3,3,Methane,25.0,B5_GMe_F010_R1.txt,1,2,late,150.0,1,41.697594458009505,41.697594458009505
D_NEW_CKPT_NEW_DATA,NEW,NEW,603,2,2,Ethylene,37.5,B5_GEy_F030_R1.txt,1,2,late,110.0,1,38.974877241461584,38.974877241461584
D_NEW_CKPT_NEW_DATA,NEW,NEW,604,0,0,Ethanol,37.5,B5_GEa_F030_R1.txt,1,2,late,110.0,1,46.09520006697706,46.09520006697706
D_NEW_CKPT_NEW_DATA,NEW,NEW,605,0,0,Ethanol,50.0,B5_GEa_F040_R2.txt,2,2,late,100.0,1,49.5316159107502,49.5316159107502
D_NEW_CKPT_NEW_DATA,NEW,NEW,606,1,1,CO,50.0,B5_GCO_F020_R1.txt,1,2,late,95.0,1,44.790621786544364,44.790621786544364
D_NEW_CKPT_NEW_DATA,NEW,NEW,607,2,2,Ethylene,100.0,B5_GEy_F080_R1.txt,1,2,late,60.0,1,102.228816517569,102.228816517569
D_NEW_CKPT_NEW_DATA,NEW,NEW,608,3,3,Methane,50.0,B5_GMe_F020_R2.txt,2,2,late,75.0,1,73.80545293196448,73.80545293196448
D_NEW_CKPT_NEW_DATA,NEW,NEW,609,0,0,Ethanol,75.0,B5_GEa_F060_R2.txt,2,2,late,110.0,1,65.98466197663737,65.98466197663737
D_NEW_CKPT_NEW_DATA,NEW,NEW,610,0,0,Ethanol,100.0,B5_GEa_F080_R1.txt,1,2,late,90.0,1,88.58664374466123,88.58664374466123
D_NEW_CKPT_NEW_DATA,NEW,NEW,611,1,1,CO,175.0,B5_GCO_F070_R2.txt,2,2,late,160.0,1,149.30543231649384,149.30543231649384
D_NEW_CKPT_NEW_DATA,NEW,NEW,612,0,0,Ethanol,75.0,B5_GEa_F060_R2.txt,2,2,late,65.0,1,58.360402106720194,58.360402106720194
D_NEW_CKPT_NEW_DATA,NEW,NEW,613,1,1,CO,150.0,B5_GCO_F060_R1.txt,1,2,late,100.0,1,153.90156165229183,153.90156165229183
D_NEW_CKPT_NEW_DATA,NEW,NEW,614,0,0,Ethanol,62.5,B5_GEa_F050_R2.txt,2,2,late,125.0,1,69.08897509564133,69.08897509564133
D_NEW_CKPT_NEW_DATA,NEW,NEW,615,1,1,CO,25.0,B5_GCO_F010_R1.txt,1,2,late,125.0,1,25.0,25.0
D_NEW_CKPT_NEW_DATA,NEW,NEW,616,3,3,Methane,225.0,B5_GMe_F090_R1.txt,1,2,late,100.0,1,76.5859971914603,76.5859971914603
D_NEW_CKPT_NEW_DATA,NEW,NEW,617,1,1,CO,100.0,B5_GCO_F040_R2.txt,2,2,late,160.0,1,70.06594002577938,70.06594002577938
D_NEW_CKPT_NEW_DATA,NEW,NEW,618,3,3,Methane,175.0,B5_GMe_F070_R2.txt,2,2,late,125.0,1,177.86821518101576,177.86821518101576
D_NEW_CKPT_NEW_DATA,NEW,NEW,619,2,2,Ethylene,12.5,B5_GEy_F010_R2.txt,2,2,late,100.0,1,12.5,12.5
D_NEW_CKPT_NEW_DATA,NEW,NEW,620,3,3,Methane,50.0,B5_GMe_F020_R2.txt,2,2,late,150.0,1,76.80524408612573,76.80524408612573
D_NEW_CKPT_NEW_DATA,NEW,NEW,621,3,3,Methane,175.0,B5_GMe_F070_R2.txt,2,2,late,85.0,1,153.8444482520062,153.8444482520062
D_NEW_CKPT_NEW_DATA,NEW,NEW,622,2,2,Ethylene,75.0,B5_GEy_F060_R2.txt,2,2,late,115.0,1,77.59148131621336,77.59148131621336
D_NEW_CKPT_NEW_DATA,NEW,NEW,623,1,1,CO,25.0,B5_GCO_F010_R2.txt,2,2,late,155.0,1,25.0,25.0
D_NEW_CKPT_NEW_DATA,NEW,NEW,624,1,1,CO,175.0,B5_GCO_F070_R1.txt,1,2,late,115.0,1,160.45515962037285,160.45515962037285
D_NEW_CKPT_NEW_DATA,NEW,NEW,625,1,1,CO,25.0,B5_GCO_F010_R1.txt,1,2,late,150.0,1,28.5526159246252,28.5526159246252
D_NEW_CKPT_NEW_DATA,NEW,NEW,626,2,2,Ethylene,87.5,B5_GEy_F070_R2.txt,2,2,late,75.0,1,86.82261266073188,86.82261266073188
D_NEW_CKPT_NEW_DATA,NEW,NEW,627,0,0,Ethanol,125.0,B5_GEa_F100_R1.txt,1,2,late,100.0,1,116.57903753026036,116.57903753026036
D_NEW_CKPT_NEW_DATA,NEW,NEW,628,0,0,Ethanol,62.5,B5_GEa_F050_R2.txt,2,2,late,145.0,1,66.65411693261828,66.65411693261828
D_NEW_CKPT_NEW_DATA,NEW,NEW,629,1,1,CO,200.0,B5_GCO_F080_R2.txt,2,2,late,140.0,1,231.40102486580068,231.40102486580068
D_NEW_CKPT_NEW_DATA,NEW,NEW,630,3,3,Methane,25.0,B5_GMe_F010_R1.txt,1,2,late,135.0,1,34.9010890474749,34.9010890474749
D_NEW_CKPT_NEW_DATA,NEW,NEW,631,1,1,CO,200.0,B5_GCO_F080_R2.txt,2,2,late,75.0,1,167.18836163056,167.18836163056
D_NEW_CKPT_NEW_DATA,NEW,NEW,632,3,3,Methane,125.0,B5_GMe_F050_R2.txt,2,2,late,85.0,1,131.56915254696924,131.56915254696924
D_NEW_CKPT_NEW_DATA,NEW,NEW,633,1,1,CO,100.0,B5_GCO_F040_R1.txt,1,2,late,95.0,1,88.24376481272762,88.24376481272762
D_NEW_CKPT_NEW_DATA,NEW,NEW,634,3,3,Methane,225.0,B5_GMe_F090_R1.txt,1,2,late,140.0,1,184.04102621289448,184.04102621289448
D_NEW_CKPT_NEW_DATA,NEW,NEW,635,0,0,Ethanol,50.0,B5_GEa_F040_R1.txt,1,2,late,60.0,1,52.11013982986366,52.11013982986366
D_NEW_CKPT_NEW_DATA,NEW,NEW,636,2,2,Ethylene,75.0,B5_GEy_F060_R2.txt,2,2,late,75.0,1,72.4489027567601,72.4489027567601
D_NEW_CKPT_NEW_DATA,NEW,NEW,637,0,0,Ethanol,112.5,B5_GEa_F090_R1.txt,1,2,late,75.0,1,103.7587505696573,103.7587505696573
D_NEW_CKPT_NEW_DATA,NEW,NEW,638,1,1,CO,175.0,B5_GCO_F070_R2.txt,2,2,late,70.0,1,185.066711500105,185.066711500105
D_NEW_CKPT_NEW_DATA,NEW,NEW,639,0,0,Ethanol,50.0,B5_GEa_F040_R2.txt,2,2,late,125.0,1,50.48913923373343,50.48913923373343
D_NEW_CKPT_NEW_DATA,NEW,NEW,640,3,3,Methane,75.0,B5_GMe_F030_R1.txt,1,2,late,130.0,1,89.9972773690633,89.9972773690633
D_NEW_CKPT_NEW_DATA,NEW,NEW,641,2,2,Ethylene,87.5,B5_GEy_F070_R2.txt,2,2,late,125.0,1,85.55139714575722,85.55139714575722
D_NEW_CKPT_NEW_DATA,NEW,NEW,642,1,1,CO,50.0,B5_GCO_F020_R1.txt,1,2,late,130.0,1,25.0,25.0
D_NEW_CKPT_NEW_DATA,NEW,NEW,643,0,0,Ethanol,112.5,B5_GEa_F090_R1.txt,1,2,late,100.0,1,108.71941761669648,108.71941761669648
D_NEW_CKPT_NEW_DATA,NEW,NEW,644,1,1,CO,150.0,B5_GCO_F060_R2.txt,2,2,late,100.0,1,173.98522777279317,173.98522777279317
D_NEW_CKPT_NEW_DATA,NEW,NEW,645,0,0,Ethanol,75.0,B5_GEa_F060_R2.txt,2,2,late,95.0,1,63.44194324178361,63.44194324178361
D_NEW_CKPT_NEW_DATA,NEW,NEW,646,3,3,Methane,50.0,B5_GMe_F020_R2.txt,2,2,late,140.0,1,86.39016603361382,86.39016603361382
D_NEW_CKPT_NEW_DATA,NEW,NEW,647,3,3,Methane,25.0,B5_GMe_F010_R2.txt,2,2,late,110.0,1,25.0,25.0
D_NEW_CKPT_NEW_DATA,NEW,NEW,648,0,1,Ethanol,12.5,B5_GEa_F010_R2.txt,2,2,late,60.0,0,250.0,14.888463769614926
D_NEW_CKPT_NEW_DATA,NEW,NEW,649,0,0,Ethanol,50.0,B5_GEa_F040_R2.txt,2,2,late,85.0,1,53.825552270408025,53.825552270408025
D_NEW_CKPT_NEW_DATA,NEW,NEW,650,0,0,Ethanol,75.0,B5_GEa_F060_R2.txt,2,2,late,135.0,1,71.00572644717505,71.00572644717505
D_NEW_CKPT_NEW_DATA,NEW,NEW,651,2,2,Ethylene,12.5,B5_GEy_F010_R1.txt,1,2,late,110.0,1,12.5,12.5
D_NEW_CKPT_NEW_DATA,NEW,NEW,652,1,1,CO,50.0,B5_GCO_F020_R2.txt,2,2,late,135.0,1,71.4468985550603,71.4468985550603
D_NEW_CKPT_NEW_DATA,NEW,NEW,653,1,1,CO,200.0,B5_GCO_F080_R2.txt,2,2,late,135.0,1,216.7690942713575,216.7690942713575
D_NEW_CKPT_NEW_DATA,NEW,NEW,654,3,3,Methane,125.0,B5_GMe_F050_R1.txt,1,2,late,80.0,1,144.65800082888717,144.65800082888717
D_NEW_CKPT_NEW_DATA,NEW,NEW,655,0,0,Ethanol,125.0,B5_GEa_F100_R2.txt,2,2,late,70.0,1,102.8717445002737,102.8717445002737
D_NEW_CKPT_NEW_DATA,NEW,NEW,656,2,2,Ethylene,62.5,B5_GEy_F050_R1.txt,1,2,late,135.0,1,64.72536177470873,64.72536177470873
D_NEW_CKPT_NEW_DATA,NEW,NEW,657,3,3,Methane,125.0,B5_GMe_F050_R1.txt,1,2,late,150.0,1,101.88281372298583,101.88281372298583
D_NEW_CKPT_NEW_DATA,NEW,NEW,658,3,3,Methane,200.0,B5_GMe_F080_R2.txt,2,2,late,75.0,1,182.03708829445685,182.03708829445685
D_NEW_CKPT_NEW_DATA,NEW,NEW,659,1,1,CO,150.0,B5_GCO_F060_R2.txt,2,2,late,125.0,1,174.80465762045046,174.80465762045046
D_NEW_CKPT_NEW_DATA,NEW,NEW,660,1,1,CO,200.0,B5_GCO_F080_R1.txt,1,2,late,70.0,1,213.1404276371454,213.1404276371454
D_NEW_CKPT_NEW_DATA,NEW,NEW,661,3,3,Methane,75.0,B5_GMe_F030_R2.txt,2,2,late,95.0,1,87.92416189543806,87.92416189543806
D_NEW_CKPT_NEW_DATA,NEW,NEW,662,1,1,CO,150.0,B5_GCO_F060_R2.txt,2,2,late,155.0,1,185.22492877922528,185.22492877922528
D_NEW_CKPT_NEW_DATA,NEW,NEW,663,0,2,Ethanol,12.5,B5_GEa_F010_R1.txt,1,2,late,160.0,0,125.0,15.71883118974386
D_NEW_CKPT_NEW_DATA,NEW,NEW,664,2,2,Ethylene,62.5,B5_GEy_F050_R2.txt,2,2,late,140.0,1,62.98870104961755,62.98870104961755
D_NEW_CKPT_NEW_DATA,NEW,NEW,665,2,2,Ethylene,50.0,B5_GEy_F040_R2.txt,2,2,late,100.0,1,52.525276107399634,52.525276107399634
D_NEW_CKPT_NEW_DATA,NEW,NEW,666,0,0,Ethanol,125.0,B5_GEa_F100_R1.txt,1,2,late,140.0,1,121.1612090470497,121.1612090470497
D_NEW_CKPT_NEW_DATA,NEW,NEW,667,1,1,CO,75.0,B5_GCO_F030_R1.txt,1,2,late,110.0,1,55.169729344816815,55.169729344816815
D_NEW_CKPT_NEW_DATA,NEW,NEW,668,1,1,CO,50.0,B5_GCO_F020_R2.txt,2,2,late,110.0,1,47.82825662093609,47.82825662093609
D_NEW_CKPT_NEW_DATA,NEW,NEW,669,3,3,Methane,175.0,B5_GMe_F070_R2.txt,2,2,late,70.0,1,184.45795948157746,184.45795948157746
D_NEW_CKPT_NEW_DATA,NEW,NEW,670,1,1,CO,75.0,B5_GCO_F030_R2.txt,2,2,late,80.0,1,81.4313647417127,81.4313647417127
D_NEW_CKPT_NEW_DATA,NEW,NEW,671,0,0,Ethanol,87.5,B5_GEa_F070_R2.txt,2,2,late,150.0,1,94.62733465618993,94.62733465618993
D_NEW_CKPT_NEW_DATA,NEW,NEW,672,0,0,Ethanol,87.5,B5_GEa_F070_R2.txt,2,2,late,95.0,1,86.18334456392512,86.18334456392512
D_NEW_CKPT_NEW_DATA,NEW,NEW,673,3,3,Methane,25.0,B5_GMe_F010_R2.txt,2,2,late,60.0,1,38.67215502196969,38.67215502196969
D_NEW_CKPT_NEW_DATA,NEW,NEW,674,2,2,Ethylene,25.0,B5_GEy_F020_R2.txt,2,2,late,130.0,1,23.459619098455892,23.459619098455892
D_NEW_CKPT_NEW_DATA,NEW,NEW,675,1,1,CO,75.0,B5_GCO_F030_R2.txt,2,2,late,140.0,1,68.68924813204521,68.68924813204521
D_NEW_CKPT_NEW_DATA,NEW,NEW,676,2,2,Ethylene,62.5,B5_GEy_F050_R2.txt,2,2,late,70.0,1,62.840047931499996,62.840047931499996
D_NEW_CKPT_NEW_DATA,NEW,NEW,677,2,2,Ethylene,75.0,B5_GEy_F060_R1.txt,1,2,late,125.0,1,77.20533280530722,77.20533280530722
D_NEW_CKPT_NEW_DATA,NEW,NEW,678,3,3,Methane,250.0,B5_GMe_F100_R2.txt,2,2,late,150.0,1,216.92150471486326,216.92150471486326
D_NEW_CKPT_NEW_DATA,NEW,NEW,679,2,2,Ethylene,62.5,B5_GEy_F050_R1.txt,1,2,late,75.0,1,61.769097757702454,61.769097757702454
D_NEW_CKPT_NEW_DATA,NEW,NEW,680,2,2,Ethylene,125.0,B5_GEy_F100_R2.txt,2,2,late,90.0,1,125.0,125.0
D_NEW_CKPT_NEW_DATA,NEW,NEW,681,2,2,Ethylene,50.0,B5_GEy_F040_R1.txt,1,2,late,110.0,1,53.46507874112076,53.46507874112076
D_NEW_CKPT_NEW_DATA,NEW,NEW,682,2,2,Ethylene,87.5,B5_GEy_F070_R1.txt,1,2,late,150.0,1,86.25288371782312,86.25288371782312
D_NEW_CKPT_NEW_DATA,NEW,NEW,683,2,2,Ethylene,25.0,B5_GEy_F020_R1.txt,1,2,late,105.0,1,25.40810170660605,25.40810170660605
D_NEW_CKPT_NEW_DATA,NEW,NEW,684,1,1,CO,175.0,B5_GCO_F070_R1.txt,1,2,late,145.0,1,152.21831360772853,152.21831360772853
D_NEW_CKPT_NEW_DATA,NEW,NEW,685,2,2,Ethylene,37.5,B5_GEy_F030_R1.txt,1,2,late,100.0,1,38.19353510275316,38.19353510275316
D_NEW_CKPT_NEW_DATA,NEW,NEW,686,2,2,Ethylene,37.5,B5_GEy_F030_R1.txt,1,2,late,105.0,1,36.6795146925447,36.6795146925447
D_NEW_CKPT_NEW_DATA,NEW,NEW,687,1,1,CO,225.0,B5_GCO_F090_R2.txt,2,2,late,90.0,1,193.08226905392297,193.08226905392297
D_NEW_CKPT_NEW_DATA,NEW,NEW,688,0,0,Ethanol,112.5,B5_GEa_F090_R1.txt,1,2,late,85.0,1,107.24941307566046,107.24941307566046
D_NEW_CKPT_NEW_DATA,NEW,NEW,689,2,2,Ethylene,25.0,B5_GEy_F020_R2.txt,2,2,late,150.0,1,22.690807718941862,22.690807718941862
D_NEW_CKPT_NEW_DATA,NEW,NEW,690,2,2,Ethylene,112.5,B5_GEy_F090_R1.txt,1,2,late,90.0,1,115.01855611221963,115.01855611221963
D_NEW_CKPT_NEW_DATA,NEW,NEW,691,2,2,Ethylene,12.5,B5_GEy_F010_R1.txt,1,2,late,100.0,1,12.5,12.5
D_NEW_CKPT_NEW_DATA,NEW,NEW,692,0,0,Ethanol,112.5,B5_GEa_F090_R2.txt,2,2,late,125.0,1,108.172485419011,108.172485419011
D_NEW_CKPT_NEW_DATA,NEW,NEW,693,1,1,CO,125.0,B5_GCO_F050_R1.txt,1,2,late,80.0,1,106.89681959734173,106.89681959734173
D_NEW_CKPT_NEW_DATA,NEW,NEW,694,1,1,CO,250.0,B5_GCO_F100_R2.txt,2,2,late,150.0,1,250.0,250.0
D_NEW_CKPT_NEW_DATA,NEW,NEW,695,0,0,Ethanol,75.0,B5_GEa_F060_R1.txt,1,2,late,120.0,1,80.52162371453001,80.52162371453001
D_NEW_CKPT_NEW_DATA,NEW,NEW,696,3,3,Methane,175.0,B5_GMe_F070_R1.txt,1,2,late,130.0,1,177.92907165328228,177.92907165328228
D_NEW_CKPT_NEW_DATA,NEW,NEW,697,2,2,Ethylene,87.5,B5_GEy_F070_R1.txt,1,2,late,110.0,1,89.51677762032318,89.51677762032318
D_NEW_CKPT_NEW_DATA,NEW,NEW,698,3,3,Methane,200.0,B5_GMe_F080_R1.txt,1,2,late,100.0,1,233.0255406840074,233.0255406840074
D_NEW_CKPT_NEW_DATA,NEW,NEW,699,2,2,Ethylene,125.0,B5_GEy_F100_R1.txt,1,2,late,110.0,1,125.0,125.0
D_NEW_CKPT_NEW_DATA,NEW,NEW,700,1,1,CO,100.0,B5_GCO_F040_R1.txt,1,2,late,105.0,1,100.67009567771535,100.67009567771535
D_NEW_CKPT_NEW_DATA,NEW,NEW,701,0,0,Ethanol,25.0,B5_GEa_F020_R1.txt,1,2,late,125.0,1,36.75662434701179,36.75662434701179
D_NEW_CKPT_NEW_DATA,NEW,NEW,702,1,1,CO,175.0,B5_GCO_F070_R2.txt,2,2,late,100.0,1,170.2946014778784,170.2946014778784
D_NEW_CKPT_NEW_DATA,NEW,NEW,703,3,3,Methane,75.0,B5_GMe_F030_R1.txt,1,2,late,75.0,1,107.95216715360888,107.95216715360888
D_NEW_CKPT_NEW_DATA,NEW,NEW,704,1,1,CO,25.0,B5_GCO_F010_R2.txt,2,2,late,85.0,1,25.0,25.0
D_NEW_CKPT_NEW_DATA,NEW,NEW,705,0,0,Ethanol,112.5,B5_GEa_F090_R2.txt,2,2,late,160.0,1,80.36010732587653,80.36010732587653
D_NEW_CKPT_NEW_DATA,NEW,NEW,706,1,1,CO,25.0,B5_GCO_F010_R1.txt,1,2,late,120.0,1,25.0,25.0
D_NEW_CKPT_NEW_DATA,NEW,NEW,707,0,0,Ethanol,37.5,B5_GEa_F030_R1.txt,1,2,late,75.0,1,43.033732650635315,43.033732650635315
D_NEW_CKPT_NEW_DATA,NEW,NEW,708,2,2,Ethylene,25.0,B5_GEy_F020_R2.txt,2,2,late,160.0,1,34.64202135510061,34.64202135510061
D_NEW_CKPT_NEW_DATA,NEW,NEW,709,0,0,Ethanol,25.0,B5_GEa_F020_R1.txt,1,2,late,80.0,1,31.426131742718116,31.426131742718116
D_NEW_CKPT_NEW_DATA,NEW,NEW,710,3,3,Methane,50.0,B5_GMe_F020_R1.txt,1,2,late,75.0,1,72.77587541142798,72.77587541142798
D_NEW_CKPT_NEW_DATA,NEW,NEW,711,2,2,Ethylene,100.0,B5_GEy_F080_R1.txt,1,2,late,75.0,1,105.19258522201947,105.19258522201947
D_NEW_CKPT_NEW_DATA,NEW,NEW,712,2,2,Ethylene,75.0,B5_GEy_F060_R1.txt,1,2,late,115.0,1,82.21068235531705,82.21068235531705
D_NEW_CKPT_NEW_DATA,NEW,NEW,713,3,3,Methane,25.0,B5_GMe_F010_R1.txt,1,2,late,70.0,1,64.26872028101673,64.26872028101673
D_NEW_CKPT_NEW_DATA,NEW,NEW,714,1,1,CO,125.0,B5_GCO_F050_R1.txt,1,2,late,160.0,1,98.36033800583328,98.36033800583328
D_NEW_CKPT_NEW_DATA,NEW,NEW,715,1,1,CO,200.0,B5_GCO_F080_R2.txt,2,2,late,110.0,1,213.76905642273053,213.76905642273053
D_NEW_CKPT_NEW_DATA,NEW,NEW,716,1,1,CO,50.0,B5_GCO_F020_R1.txt,1,2,late,110.0,1,46.01258491291745,46.01258491291745
D_NEW_CKPT_NEW_DATA,NEW,NEW,717,1,1,CO,100.0,B5_GCO_F040_R1.txt,1,2,late,155.0,1,117.65593640892844,117.65593640892844
D_NEW_CKPT_NEW_DATA,NEW,NEW,718,3,3,Methane,150.0,B5_GMe_F060_R2.txt,2,2,late,150.0,1,145.28997321883844,145.28997321883844
D_NEW_CKPT_NEW_DATA,NEW,NEW,719,3,3,Methane,75.0,B5_GMe_F030_R1.txt,1,2,late,125.0,1,103.24943185759744,103.24943185759744
D_NEW_CKPT_NEW_DATA,NEW,NEW,720,3,3,Methane,100.0,B5_GMe_F040_R1.txt,1,2,late,155.0,1,101.22071330061229,101.22071330061229
D_NEW_CKPT_NEW_DATA,NEW,NEW,721,1,1,CO,50.0,B5_GCO_F020_R2.txt,2,2,late,150.0,1,78.20417661338246,78.20417661338246
D_NEW_CKPT_NEW_DATA,NEW,NEW,722,0,0,Ethanol,12.5,B5_GEa_F010_R1.txt,1,2,late,115.0,1,13.274874114941063,13.274874114941063
D_NEW_CKPT_NEW_DATA,NEW,NEW,723,2,2,Ethylene,125.0,B5_GEy_F100_R1.txt,1,2,late,65.0,1,125.0,125.0
D_NEW_CKPT_NEW_DATA,NEW,NEW,724,2,2,Ethylene,75.0,B5_GEy_F060_R1.txt,1,2,late,160.0,1,80.55379025269389,80.55379025269389
D_NEW_CKPT_NEW_DATA,NEW,NEW,725,2,2,Ethylene,62.5,B5_GEy_F050_R2.txt,2,2,late,100.0,1,99.70003064027425,99.70003064027425
D_NEW_CKPT_NEW_DATA,NEW,NEW,726,3,3,Methane,200.0,B5_GMe_F080_R1.txt,1,2,late,135.0,1,177.2951594331863,177.2951594331863
D_NEW_CKPT_NEW_DATA,NEW,NEW,727,2,2,Ethylene,37.5,B5_GEy_F030_R2.txt,2,2,late,95.0,1,34.15594801164607,34.15594801164607
D_NEW_CKPT_NEW_DATA,NEW,NEW,728,3,3,Methane,250.0,B5_GMe_F100_R1.txt,1,2,late,145.0,1,195.78832965938233,195.78832965938233
D_NEW_CKPT_NEW_DATA,NEW,NEW,729,1,1,CO,225.0,B5_GCO_F090_R2.txt,2,2,late,135.0,1,237.12164434609676,237.12164434609676
D_NEW_CKPT_NEW_DATA,NEW,NEW,730,3,3,Methane,200.0,B5_GMe_F080_R1.txt,1,2,late,65.0,1,183.19674166271733,183.19674166271733
D_NEW_CKPT_NEW_DATA,NEW,NEW,731,2,2,Ethylene,62.5,B5_GEy_F050_R2.txt,2,2,late,135.0,1,63.53052578016785,63.53052578016785
D_NEW_CKPT_NEW_DATA,NEW,NEW,732,2,2,Ethylene,62.5,B5_GEy_F050_R2.txt,2,2,late,60.0,1,62.86575131155716,62.86575131155716
D_NEW_CKPT_NEW_DATA,NEW,NEW,733,3,3,Methane,175.0,B5_GMe_F070_R2.txt,2,2,late,115.0,1,188.83465564481654,188.83465564481654
D_NEW_CKPT_NEW_DATA,NEW,NEW,734,0,0,Ethanol,62.5,B5_GEa_F050_R1.txt,1,2,late,125.0,1,73.97129311321355,73.97129311321355
D_NEW_CKPT_NEW_DATA,NEW,NEW,735,2,2,Ethylene,12.5,B5_GEy_F010_R2.txt,2,2,late,85.0,1,12.5,12.5
D_NEW_CKPT_NEW_DATA,NEW,NEW,736,0,0,Ethanol,12.5,B5_GEa_F010_R2.txt,2,2,late,120.0,1,12.5,12.5
D_NEW_CKPT_NEW_DATA,NEW,NEW,737,3,3,Methane,200.0,B5_GMe_F080_R2.txt,2,2,late,120.0,1,190.92508391887367,190.92508391887367
D_NEW_CKPT_NEW_DATA,NEW,NEW,738,3,3,Methane,250.0,B5_GMe_F100_R1.txt,1,2,late,65.0,1,227.55597135473732,227.55597135473732
D_NEW_CKPT_NEW_DATA,NEW,NEW,739,1,1,CO,200.0,B5_GCO_F080_R2.txt,2,2,late,85.0,1,196.10111908927962,196.10111908927962
D_NEW_CKPT_NEW_DATA,NEW,NEW,740,0,0,Ethanol,87.5,B5_GEa_F070_R1.txt,1,2,late,140.0,1,96.28282644133738,96.28282644133738
D_NEW_CKPT_NEW_DATA,NEW,NEW,741,0,0,Ethanol,125.0,B5_GEa_F100_R1.txt,1,2,late,115.0,1,117.41716295855718,117.41716295855718
D_NEW_CKPT_NEW_DATA,NEW,NEW,742,0,0,Ethanol,87.5,B5_GEa_F070_R1.txt,1,2,late,75.0,1,88.62338931664651,88.62338931664651
D_NEW_CKPT_NEW_DATA,NEW,NEW,743,1,1,CO,25.0,B5_GCO_F010_R1.txt,1,2,late,145.0,1,25.0,25.0
D_NEW_CKPT_NEW_DATA,NEW,NEW,744,0,0,Ethanol,112.5,B5_GEa_F090_R2.txt,2,2,late,110.0,1,108.45060546645148,108.45060546645148
D_NEW_CKPT_NEW_DATA,NEW,NEW,745,2,2,Ethylene,25.0,B5_GEy_F020_R1.txt,1,2,late,65.0,1,23.41195608715814,23.41195608715814
D_NEW_CKPT_NEW_DATA,NEW,NEW,746,1,1,CO,125.0,B5_GCO_F050_R2.txt,2,2,late,70.0,1,123.54586800938907,123.54586800938907
D_NEW_CKPT_NEW_DATA,NEW,NEW,747,0,0,Ethanol,50.0,B5_GEa_F040_R1.txt,1,2,late,155.0,1,65.4483161762943,65.4483161762943
D_NEW_CKPT_NEW_DATA,NEW,NEW,748,3,3,Methane,200.0,B5_GMe_F080_R1.txt,1,2,late,150.0,1,154.70039597997356,154.70039597997356
D_NEW_CKPT_NEW_DATA,NEW,NEW,749,0,0,Ethanol,112.5,B5_GEa_F090_R1.txt,1,2,late,135.0,1,109.45576198324349,109.45576198324349
D_NEW_CKPT_NEW_DATA,NEW,NEW,750,0,0,Ethanol,87.5,B5_GEa_F070_R2.txt,2,2,late,145.0,1,95.14317229297467,95.14317229297467
D_NEW_CKPT_NEW_DATA,NEW,NEW,751,2,2,Ethylene,50.0,B5_GEy_F040_R1.txt,1,2,late,70.0,1,49.10988094661101,49.10988094661101
D_NEW_CKPT_NEW_DATA,NEW,NEW,752,1,1,CO,175.0,B5_GCO_F070_R1.txt,1,2,late,105.0,1,179.849255121007,179.849255121007
D_NEW_CKPT_NEW_DATA,NEW,NEW,753,1,1,CO,100.0,B5_GCO_F040_R1.txt,1,2,late,160.0,1,155.21586217875085,155.21586217875085
D_NEW_CKPT_NEW_DATA,NEW,NEW,754,1,1,CO,150.0,B5_GCO_F060_R1.txt,1,2,late,150.0,1,136.9896328471813,136.9896328471813
D_NEW_CKPT_NEW_DATA,NEW,NEW,755,2,2,Ethylene,25.0,B5_GEy_F020_R1.txt,1,2,late,145.0,1,25.860295707463706,25.860295707463706
D_NEW_CKPT_NEW_DATA,NEW,NEW,756,0,0,Ethanol,125.0,B5_GEa_F100_R2.txt,2,2,late,105.0,1,108.80228875904639,108.80228875904639
D_NEW_CKPT_NEW_DATA,NEW,NEW,757,0,0,Ethanol,100.0,B5_GEa_F080_R1.txt,1,2,late,85.0,1,88.7513111711533,88.7513111711533
D_NEW_CKPT_NEW_DATA,NEW,NEW,758,2,2,Ethylene,12.5,B5_GEy_F010_R1.txt,1,2,late,140.0,1,12.5,12.5
D_NEW_CKPT_NEW_DATA,NEW,NEW,759,0,0,Ethanol,100.0,B5_GEa_F080_R1.txt,1,2,late,125.0,1,96.22290903457628,96.22290903457628
D_NEW_CKPT_NEW_DATA,NEW,NEW,760,2,2,Ethylene,50.0,B5_GEy_F040_R1.txt,1,2,late,65.0,1,50.50052650912272,50.50052650912272
D_NEW_CKPT_NEW_DATA,NEW,NEW,761,2,2,Ethylene,50.0,B5_GEy_F040_R2.txt,2,2,late,70.0,1,53.92518956135945,53.92518956135945
D_NEW_CKPT_NEW_DATA,NEW,NEW,762,1,1,CO,25.0,B5_GCO_F010_R2.txt,2,2,late,125.0,1,25.0,25.0
D_NEW_CKPT_NEW_DATA,NEW,NEW,763,2,1,Ethylene,12.5,B5_GEy_F010_R2.txt,2,2,late,160.0,0,250.0,12.5
D_NEW_CKPT_NEW_DATA,NEW,NEW,764,0,0,Ethanol,75.0,B5_GEa_F060_R2.txt,2,2,late,60.0,1,57.95742047127555,57.95742047127555
D_NEW_CKPT_NEW_DATA,NEW,NEW,765,0,0,Ethanol,62.5,B5_GEa_F050_R2.txt,2,2,late,115.0,1,65.24942137049105,65.24942137049105
D_NEW_CKPT_NEW_DATA,NEW,NEW,766,3,3,Methane,175.0,B5_GMe_F070_R2.txt,2,2,late,160.0,1,189.36526940424412,189.36526940424412
D_NEW_CKPT_NEW_DATA,NEW,NEW,767,2,2,Ethylene,37.5,B5_GEy_F030_R2.txt,2,2,late,80.0,1,39.621431975022674,39.621431975022674
D_NEW_CKPT_NEW_DATA,NEW,NEW,768,2,2,Ethylene,112.5,B5_GEy_F090_R1.txt,1,2,late,110.0,1,110.19331858751183,110.19331858751183
D_NEW_CKPT_NEW_DATA,NEW,NEW,769,2,2,Ethylene,125.0,B5_GEy_F100_R1.txt,1,2,late,90.0,1,125.0,125.0
D_NEW_CKPT_NEW_DATA,NEW,NEW,770,2,2,Ethylene,112.5,B5_GEy_F090_R1.txt,1,2,late,150.0,1,110.58904909979233,110.58904909979233
D_NEW_CKPT_NEW_DATA,NEW,NEW,771,1,1,CO,150.0,B5_GCO_F060_R1.txt,1,2,late,110.0,1,141.83842836951126,141.83842836951126
D_NEW_CKPT_NEW_DATA,NEW,NEW,772,2,2,Ethylene,87.5,B5_GEy_F070_R1.txt,1,2,late,120.0,1,86.69856815942727,86.69856815942727
D_NEW_CKPT_NEW_DATA,NEW,NEW,773,3,3,Methane,225.0,B5_GMe_F090_R2.txt,2,2,late,125.0,1,206.249149387081,206.249149387081
D_NEW_CKPT_NEW_DATA,NEW,NEW,774,1,1,CO,125.0,B5_GCO_F050_R1.txt,1,2,late,105.0,1,136.58736783973734,136.58736783973734
D_NEW_CKPT_NEW_DATA,NEW,NEW,775,3,3,Methane,100.0,B5_GMe_F040_R2.txt,2,2,late,110.0,1,97.73188998448758,97.73188998448758
D_NEW_CKPT_NEW_DATA,NEW,NEW,776,1,1,CO,150.0,B5_GCO_F060_R2.txt,2,2,late,105.0,1,182.34970033569573,182.34970033569573
D_NEW_CKPT_NEW_DATA,NEW,NEW,777,2,2,Ethylene,100.0,B5_GEy_F080_R1.txt,1,2,late,155.0,1,116.36605289157384,116.36605289157384
D_NEW_CKPT_NEW_DATA,NEW,NEW,778,2,2,Ethylene,37.5,B5_GEy_F030_R2.txt,2,2,late,70.0,1,37.525226388556185,37.525226388556185
D_NEW_CKPT_NEW_DATA,NEW,NEW,779,0,0,Ethanol,125.0,B5_GEa_F100_R1.txt,1,2,late,130.0,1,119.70510614159778,119.70510614159778
D_NEW_CKPT_NEW_DATA,NEW,NEW,780,0,0,Ethanol,87.5,B5_GEa_F070_R2.txt,2,2,late,155.0,1,100.39707888283108,100.39707888283108
D_NEW_CKPT_NEW_DATA,NEW,NEW,781,2,2,Ethylene,112.5,B5_GEy_F090_R1.txt,1,2,late,135.0,1,108.89494963810026,108.89494963810026
D_NEW_CKPT_NEW_DATA,NEW,NEW,782,1,1,CO,100.0,B5_GCO_F040_R1.txt,1,2,late,120.0,1,99.56898351485859,99.56898351485859
D_NEW_CKPT_NEW_DATA,NEW,NEW,783,1,1,CO,75.0,B5_GCO_F030_R2.txt,2,2,late,105.0,1,62.40696444427124,62.40696444427124
D_NEW_CKPT_NEW_DATA,NEW,NEW,784,3,3,Methane,125.0,B5_GMe_F050_R1.txt,1,2,late,90.0,1,139.7558609794661,139.7558609794661
D_NEW_CKPT_NEW_DATA,NEW,NEW,785,1,1,CO,50.0,B5_GCO_F020_R1.txt,1,2,late,90.0,1,47.55635251198734,47.55635251198734
D_NEW_CKPT_NEW_DATA,NEW,NEW,786,2,2,Ethylene,25.0,B5_GEy_F020_R1.txt,1,2,late,140.0,1,26.87826923804147,26.87826923804147
D_NEW_CKPT_NEW_DATA,NEW,NEW,787,3,3,Methane,250.0,B5_GMe_F100_R2.txt,2,2,late,100.0,1,210.55541087507368,210.55541087507368
D_NEW_CKPT_NEW_DATA,NEW,NEW,788,1,1,CO,150.0,B5_GCO_F060_R2.txt,2,2,late,75.0,1,158.56376796516122,158.56376796516122
D_NEW_CKPT_NEW_DATA,NEW,NEW,789,3,3,Methane,50.0,B5_GMe_F020_R2.txt,2,2,late,155.0,1,72.56563373894875,72.56563373894875
D_NEW_CKPT_NEW_DATA,NEW,NEW,790,0,0,Ethanol,62.5,B5_GEa_F050_R1.txt,1,2,late,85.0,1,74.4796076111873,74.4796076111873
D_NEW_CKPT_NEW_DATA,NEW,NEW,791,0,0,Ethanol,125.0,B5_GEa_F100_R1.txt,1,2,late,105.0,1,118.33116713774903,118.33116713774903
D_NEW_CKPT_NEW_DATA,NEW,NEW,792,2,2,Ethylene,75.0,B5_GEy_F060_R2.txt,2,2,late,145.0,1,75.48544324488964,75.48544324488964
D_NEW_CKPT_NEW_DATA,NEW,NEW,793,1,1,CO,200.0,B5_GCO_F080_R2.txt,2,2,late,115.0,1,203.63071125297245,203.63071125297245
D_NEW_CKPT_NEW_DATA,NEW,NEW,794,3,3,Methane,150.0,B5_GMe_F060_R2.txt,2,2,late,130.0,1,166.44234742311446,166.44234742311446
D_NEW_CKPT_NEW_DATA,NEW,NEW,795,0,0,Ethanol,25.0,B5_GEa_F020_R1.txt,1,2,late,110.0,1,35.434094008579486,35.434094008579486
D_NEW_CKPT_NEW_DATA,NEW,NEW,796,2,2,Ethylene,50.0,B5_GEy_F040_R1.txt,1,2,late,105.0,1,50.7969149320281,50.7969149320281
D_NEW_CKPT_NEW_DATA,NEW,NEW,797,2,2,Ethylene,12.5,B5_GEy_F010_R2.txt,2,2,late,95.0,1,12.5,12.5
D_NEW_CKPT_NEW_DATA,NEW,NEW,798,3,3,Methane,25.0,B5_GMe_F010_R1.txt,1,2,late,130.0,1,49.34964281757533,49.34964281757533
D_NEW_CKPT_NEW_DATA,NEW,NEW,799,2,2,Ethylene,25.0,B5_GEy_F020_R2.txt,2,2,late,95.0,1,27.226235735504346,27.226235735504346
D_NEW_CKPT_NEW_DATA,NEW,NEW,800,3,3,Methane,100.0,B5_GMe_F040_R2.txt,2,2,late,105.0,1,105.66908288590405,105.66908288590405
D_NEW_CKPT_NEW_DATA,NEW,NEW,801,1,1,CO,200.0,B5_GCO_F080_R2.txt,2,2,late,100.0,1,184.5447754417204,184.5447754417204
D_NEW_CKPT_NEW_DATA,NEW,NEW,802,2,2,Ethylene,37.5,B5_GEy_F030_R2.txt,2,2,late,115.0,1,35.716051251298296,35.716051251298296
D_NEW_CKPT_NEW_DATA,NEW,NEW,803,1,1,CO,75.0,B5_GCO_F030_R1.txt,1,2,late,145.0,1,72.98947219057297,72.98947219057297
D_NEW_CKPT_NEW_DATA,NEW,NEW,804,0,0,Ethanol,25.0,B5_GEa_F020_R1.txt,1,2,late,115.0,1,37.41913663476194,37.41913663476194
D_NEW_CKPT_NEW_DATA,NEW,NEW,805,1,1,CO,225.0,B5_GCO_F090_R1.txt,1,2,late,95.0,1,243.12495823745303,243.12495823745303
D_NEW_CKPT_NEW_DATA,NEW,NEW,806,2,2,Ethylene,87.5,B5_GEy_F070_R2.txt,2,2,late,135.0,1,87.63566579475395,87.63566579475395
D_NEW_CKPT_NEW_DATA,NEW,NEW,807,1,1,CO,125.0,B5_GCO_F050_R2.txt,2,2,late,75.0,1,116.76625073361689,116.76625073361689
D_NEW_CKPT_NEW_DATA,NEW,NEW,808,2,2,Ethylene,87.5,B5_GEy_F070_R1.txt,1,2,late,140.0,1,83.52041906771368,83.52041906771368
D_NEW_CKPT_NEW_DATA,NEW,NEW,809,3,3,Methane,25.0,B5_GMe_F010_R1.txt,1,2,late,65.0,1,66.79225789934809,66.79225789934809
D_NEW_CKPT_NEW_DATA,NEW,NEW,810,0,0,Ethanol,87.5,B5_GEa_F070_R2.txt,2,2,late,135.0,1,89.32062140768473,89.32062140768473
D_NEW_CKPT_NEW_DATA,NEW,NEW,811,1,1,CO,250.0,B5_GCO_F100_R1.txt,1,2,late,105.0,1,243.26362674927253,243.26362674927253
D_NEW_CKPT_NEW_DATA,NEW,NEW,812,0,0,Ethanol,25.0,B5_GEa_F020_R2.txt,2,2,late,160.0,1,29.06187012534138,29.06187012534138
D_NEW_CKPT_NEW_DATA,NEW,NEW,813,0,0,Ethanol,50.0,B5_GEa_F040_R2.txt,2,2,late,135.0,1,49.325075560409104,49.325075560409104
D_NEW_CKPT_NEW_DATA,NEW,NEW,814,0,0,Ethanol,112.5,B5_GEa_F090_R2.txt,2,2,late,105.0,1,106.51110215865955,106.51110215865955
D_NEW_CKPT_NEW_DATA,NEW,NEW,815,3,3,Methane,25.0,B5_GMe_F010_R2.txt,2,2,late,130.0,1,45.293682236549614,45.293682236549614
D_NEW_CKPT_NEW_DATA,NEW,NEW,816,2,2,Ethylene,87.5,B5_GEy_F070_R1.txt,1,2,late,65.0,1,86.96856045696538,86.96856045696538
D_NEW_CKPT_NEW_DATA,NEW,NEW,817,0,0,Ethanol,37.5,B5_GEa_F030_R1.txt,1,2,late,60.0,1,47.849395665515715,47.849395665515715
D_NEW_CKPT_NEW_DATA,NEW,NEW,818,3,3,Methane,225.0,B5_GMe_F090_R2.txt,2,2,late,150.0,1,179.20085274812016,179.20085274812016
D_NEW_CKPT_NEW_DATA,NEW,NEW,819,3,3,Methane,250.0,B5_GMe_F100_R1.txt,1,2,late,70.0,1,201.46929036857787,201.46929036857787
D_NEW_CKPT_NEW_DATA,NEW,NEW,820,1,1,CO,50.0,B5_GCO_F020_R2.txt,2,2,late,90.0,1,45.24322928341124,45.24322928341124
D_NEW_CKPT_NEW_DATA,NEW,NEW,821,0,0,Ethanol,75.0,B5_GEa_F060_R1.txt,1,2,late,125.0,1,82.49244627019296,82.49244627019296
D_NEW_CKPT_NEW_DATA,NEW,NEW,822,3,3,Methane,25.0,B5_GMe_F010_R2.txt,2,2,late,120.0,1,47.77577581326359,47.77577581326359
D_NEW_CKPT_NEW_DATA,NEW,NEW,823,0,0,Ethanol,50.0,B5_GEa_F040_R1.txt,1,2,late,130.0,1,57.55520501549928,57.55520501549928
D_NEW_CKPT_NEW_DATA,NEW,NEW,824,1,1,CO,250.0,B5_GCO_F100_R1.txt,1,2,late,150.0,1,248.7050224138078,248.7050224138078
D_NEW_CKPT_NEW_DATA,NEW,NEW,825,1,1,CO,25.0,B5_GCO_F010_R2.txt,2,2,late,65.0,1,25.0,25.0
D_NEW_CKPT_NEW_DATA,NEW,NEW,826,0,0,Ethanol,100.0,B5_GEa_F080_R2.txt,2,2,late,75.0,1,91.17991380058416,91.17991380058416
D_NEW_CKPT_NEW_DATA,NEW,NEW,827,3,3,Methane,25.0,B5_GMe_F010_R1.txt,1,2,late,85.0,1,51.90823038824388,51.90823038824388
D_NEW_CKPT_NEW_DATA,NEW,NEW,828,3,3,Methane,200.0,B5_GMe_F080_R2.txt,2,2,late,135.0,1,203.83298205802376,203.83298205802376
D_NEW_CKPT_NEW_DATA,NEW,NEW,829,0,0,Ethanol,112.5,B5_GEa_F090_R2.txt,2,2,late,95.0,1,104.83720592359167,104.83720592359167
D_NEW_CKPT_NEW_DATA,NEW,NEW,830,2,2,Ethylene,75.0,B5_GEy_F060_R2.txt,2,2,late,140.0,1,75.43818598401005,75.43818598401005
D_NEW_CKPT_NEW_DATA,NEW,NEW,831,1,1,CO,75.0,B5_GCO_F030_R2.txt,2,2,late,130.0,1,91.94086330671126,91.94086330671126
D_NEW_CKPT_NEW_DATA,NEW,NEW,832,3,3,Methane,250.0,B5_GMe_F100_R1.txt,1,2,late,60.0,1,250.0,250.0
D_NEW_CKPT_NEW_DATA,NEW,NEW,833,3,3,Methane,75.0,B5_GMe_F030_R2.txt,2,2,late,80.0,1,101.84297876942888,101.84297876942888
D_NEW_CKPT_NEW_DATA,NEW,NEW,834,2,2,Ethylene,75.0,B5_GEy_F060_R2.txt,2,2,late,155.0,1,88.42832630667839,88.42832630667839
D_NEW_CKPT_NEW_DATA,NEW,NEW,835,0,0,Ethanol,87.5,B5_GEa_F070_R1.txt,1,2,late,155.0,1,98.67716297679425,98.67716297679425
D_NEW_CKPT_NEW_DATA,NEW,NEW,836,0,0,Ethanol,25.0,B5_GEa_F020_R2.txt,2,2,late,70.0,1,21.02548454080832,21.02548454080832
D_NEW_CKPT_NEW_DATA,NEW,NEW,837,0,0,Ethanol,25.0,B5_GEa_F020_R1.txt,1,2,late,120.0,1,36.64871817334506,36.64871817334506
D_NEW_CKPT_NEW_DATA,NEW,NEW,838,2,2,Ethylene,75.0,B5_GEy_F060_R2.txt,2,2,late,105.0,1,73.13219555286591,73.13219555286591
D_NEW_CKPT_NEW_DATA,NEW,NEW,839,1,1,CO,75.0,B5_GCO_F030_R1.txt,1,2,late,115.0,1,43.841670512275755,43.841670512275755
D_NEW_CKPT_NEW_DATA,NEW,NEW,840,0,0,Ethanol,100.0,B5_GEa_F080_R1.txt,1,2,late,65.0,1,90.23578428871213,90.23578428871213
D_NEW_CKPT_NEW_DATA,NEW,NEW,841,0,0,Ethanol,87.5,B5_GEa_F070_R2.txt,2,2,late,70.0,1,82.09195673321108,82.09195673321108
D_NEW_CKPT_NEW_DATA,NEW,NEW,842,1,1,CO,200.0,B5_GCO_F080_R2.txt,2,2,late,90.0,1,209.76150646650564,209.76150646650564
D_NEW_CKPT_NEW_DATA,NEW,NEW,843,1,1,CO,225.0,B5_GCO_F090_R2.txt,2,2,late,85.0,1,224.88874403041342,224.88874403041342
D_NEW_CKPT_NEW_DATA,NEW,NEW,844,1,1,CO,225.0,B5_GCO_F090_R1.txt,1,2,late,160.0,1,223.60524677844876,223.60524677844876
D_NEW_CKPT_NEW_DATA,NEW,NEW,845,1,1,CO,200.0,B5_GCO_F080_R2.txt,2,2,late,70.0,1,185.82544031699047,185.82544031699047
D_NEW_CKPT_NEW_DATA,NEW,NEW,846,2,2,Ethylene,75.0,B5_GEy_F060_R2.txt,2,2,late,150.0,1,74.38873922733639,74.38873922733639
D_NEW_CKPT_NEW_DATA,NEW,NEW,847,0,0,Ethanol,50.0,B5_GEa_F040_R2.txt,2,2,late,65.0,1,44.20651909884893,44.20651909884893
D_NEW_CKPT_NEW_DATA,NEW,NEW,848,1,1,CO,75.0,B5_GCO_F030_R1.txt,1,2,late,135.0,1,86.68106614917122,86.68106614917122
D_NEW_CKPT_NEW_DATA,NEW,NEW,849,2,2,Ethylene,100.0,B5_GEy_F080_R2.txt,2,2,late,70.0,1,103.42493209853097,103.42493209853097
D_NEW_CKPT_NEW_DATA,NEW,NEW,850,0,0,Ethanol,50.0,B5_GEa_F040_R1.txt,1,2,late,90.0,1,51.14666768913027,51.14666768913027
D_NEW_CKPT_NEW_DATA,NEW,NEW,851,0,0,Ethanol,12.5,B5_GEa_F010_R2.txt,2,2,late,70.0,1,12.696881668246032,12.696881668246032
D_NEW_CKPT_NEW_DATA,NEW,NEW,852,3,3,Methane,50.0,B5_GMe_F020_R1.txt,1,2,late,125.0,1,63.327685796416795,63.327685796416795
D_NEW_CKPT_NEW_DATA,NEW,NEW,853,1,1,CO,75.0,B5_GCO_F030_R2.txt,2,2,late,85.0,1,79.79212560391828,79.79212560391828
D_NEW_CKPT_NEW_DATA,NEW,NEW,854,1,1,CO,250.0,B5_GCO_F100_R1.txt,1,2,late,75.0,1,250.0,250.0
D_NEW_CKPT_NEW_DATA,NEW,NEW,855,2,2,Ethylene,112.5,B5_GEy_F090_R2.txt,2,2,late,85.0,1,110.63319562996479,110.63319562996479
D_NEW_CKPT_NEW_DATA,NEW,NEW,856,0,0,Ethanol,75.0,B5_GEa_F060_R2.txt,2,2,late,160.0,1,52.6937956645981,52.6937956645981
D_NEW_CKPT_NEW_DATA,NEW,NEW,857,0,0,Ethanol,87.5,B5_GEa_F070_R2.txt,2,2,late,80.0,1,84.72212863494056,84.72212863494056
D_NEW_CKPT_NEW_DATA,NEW,NEW,858,2,2,Ethylene,50.0,B5_GEy_F040_R2.txt,2,2,late,135.0,1,53.484441041499686,53.484441041499686
D_NEW_CKPT_NEW_DATA,NEW,NEW,859,1,1,CO,125.0,B5_GCO_F050_R1.txt,1,2,late,130.0,1,119.62189269266146,119.62189269266146
D_NEW_CKPT_NEW_DATA,NEW,NEW,860,1,1,CO,250.0,B5_GCO_F100_R1.txt,1,2,late,130.0,1,240.86830292755207,240.86830292755207
D_NEW_CKPT_NEW_DATA,NEW,NEW,861,1,1,CO,150.0,B5_GCO_F060_R2.txt,2,2,late,145.0,1,160.126677731503,160.126677731503
D_NEW_CKPT_NEW_DATA,NEW,NEW,862,0,0,Ethanol,75.0,B5_GEa_F060_R2.txt,2,2,late,125.0,1,69.42870568201324,69.42870568201324
D_NEW_CKPT_NEW_DATA,NEW,NEW,863,0,0,Ethanol,25.0,B5_GEa_F020_R2.txt,2,2,late,100.0,1,28.83269944952977,28.83269944952977
D_NEW_CKPT_NEW_DATA,NEW,NEW,864,3,3,Methane,150.0,B5_GMe_F060_R2.txt,2,2,late,140.0,1,152.3097519200513,152.3097519200513
D_NEW_CKPT_NEW_DATA,NEW,NEW,865,3,3,Methane,150.0,B5_GMe_F060_R2.txt,2,2,late,60.0,1,176.92173602362658,176.92173602362658
D_NEW_CKPT_NEW_DATA,NEW,NEW,866,1,1,CO,200.0,B5_GCO_F080_R1.txt,1,2,late,65.0,1,197.3086431701571,197.3086431701571
D_NEW_CKPT_NEW_DATA,NEW,NEW,867,0,0,Ethanol,75.0,B5_GEa_F060_R1.txt,1,2,late,110.0,1,79.63762498362036,79.63762498362036
D_NEW_CKPT_NEW_DATA,NEW,NEW,868,3,3,Methane,175.0,B5_GMe_F070_R2.txt,2,2,late,120.0,1,186.64231644051895,186.64231644051895
D_NEW_CKPT_NEW_DATA,NEW,NEW,869,3,3,Methane,100.0,B5_GMe_F040_R2.txt,2,2,late,115.0,1,116.375422742708,116.375422742708
D_NEW_CKPT_NEW_DATA,NEW,NEW,870,2,2,Ethylene,125.0,B5_GEy_F100_R1.txt,1,2,late,130.0,1,123.50566326241645,123.50566326241645
D_NEW_CKPT_NEW_DATA,NEW,NEW,871,2,2,Ethylene,37.5,B5_GEy_F030_R2.txt,2,2,late,65.0,1,39.040279264656675,39.040279264656675
D_NEW_CKPT_NEW_DATA,NEW,NEW,872,0,0,Ethanol,87.5,B5_GEa_F070_R2.txt,2,2,late,85.0,1,85.92617302308102,85.92617302308102
D_NEW_CKPT_NEW_DATA,NEW,NEW,873,0,0,Ethanol,75.0,B5_GEa_F060_R1.txt,1,2,late,155.0,1,93.47604254849864,93.47604254849864
D_NEW_CKPT_NEW_DATA,NEW,NEW,874,3,3,Methane,250.0,B5_GMe_F100_R1.txt,1,2,late,85.0,1,195.20143196786034,195.20143196786034
D_NEW_CKPT_NEW_DATA,NEW,NEW,875,3,3,Methane,125.0,B5_GMe_F050_R2.txt,2,2,late,140.0,1,141.0056337107797,141.0056337107797
D_NEW_CKPT_NEW_DATA,NEW,NEW,876,2,2,Ethylene,37.5,B5_GEy_F030_R1.txt,1,2,late,70.0,1,37.66631474787026,37.66631474787026
D_NEW_CKPT_NEW_DATA,NEW,NEW,877,3,3,Methane,50.0,B5_GMe_F020_R2.txt,2,2,late,125.0,1,101.5914366659732,101.5914366659732
D_NEW_CKPT_NEW_DATA,NEW,NEW,878,0,0,Ethanol,37.5,B5_GEa_F030_R2.txt,2,2,late,65.0,1,36.78502066758893,36.78502066758893
D_NEW_CKPT_NEW_DATA,NEW,NEW,879,3,3,Methane,50.0,B5_GMe_F020_R1.txt,1,2,late,85.0,1,68.69297858879317,68.69297858879317
D_NEW_CKPT_NEW_DATA,NEW,NEW,880,1,1,CO,225.0,B5_GCO_F090_R1.txt,1,2,late,120.0,1,223.71553661073642,223.71553661073642
D_NEW_CKPT_NEW_DATA,NEW,NEW,881,3,3,Methane,200.0,B5_GMe_F080_R2.txt,2,2,late,100.0,1,191.0914930075308,191.0914930075308
D_NEW_CKPT_NEW_DATA,NEW,NEW,882,2,2,Ethylene,50.0,B5_GEy_F040_R2.txt,2,2,late,150.0,1,53.715785653592775,53.715785653592775
D_NEW_CKPT_NEW_DATA,NEW,NEW,883,1,1,CO,200.0,B5_GCO_F080_R2.txt,2,2,late,80.0,1,192.40821301453178,192.40821301453178
D_NEW_CKPT_NEW_DATA,NEW,NEW,884,2,2,Ethylene,25.0,B5_GEy_F020_R1.txt,1,2,late,155.0,1,33.55286579196985,33.55286579196985
D_NEW_CKPT_NEW_DATA,NEW,NEW,885,1,1,CO,250.0,B5_GCO_F100_R1.txt,1,2,late,80.0,1,250.0,250.0
D_NEW_CKPT_NEW_DATA,NEW,NEW,886,2,2,Ethylene,12.5,B5_GEy_F010_R1.txt,1,2,late,125.0,1,12.5,12.5
D_NEW_CKPT_NEW_DATA,NEW,NEW,887,0,0,Ethanol,75.0,B5_GEa_F060_R1.txt,1,2,late,150.0,1,85.06274624783214,85.06274624783214
D_NEW_CKPT_NEW_DATA,NEW,NEW,888,0,0,Ethanol,112.5,B5_GEa_F090_R1.txt,1,2,late,125.0,1,109.29934089924106,109.29934089924106
D_NEW_CKPT_NEW_DATA,NEW,NEW,889,3,3,Methane,25.0,B5_GMe_F010_R2.txt,2,2,late,135.0,1,49.180639643381994,49.180639643381994
D_NEW_CKPT_NEW_DATA,NEW,NEW,890,2,2,Ethylene,12.5,B5_GEy_F010_R1.txt,1,2,late,145.0,1,12.5,12.5
D_NEW_CKPT_NEW_DATA,NEW,NEW,891,2,2,Ethylene,62.5,B5_GEy_F050_R2.txt,2,2,late,160.0,1,36.865409118900146,36.865409118900146
D_NEW_CKPT_NEW_DATA,NEW,NEW,892,1,1,CO,100.0,B5_GCO_F040_R1.txt,1,2,late,150.0,1,87.11327071622298,87.11327071622298
D_NEW_CKPT_NEW_DATA,NEW,NEW,893,3,3,Methane,75.0,B5_GMe_F030_R2.txt,2,2,late,145.0,1,75.86347930007767,75.86347930007767
D_NEW_CKPT_NEW_DATA,NEW,NEW,894,0,0,Ethanol,75.0,B5_GEa_F060_R1.txt,1,2,late,70.0,1,81.07851327718626,81.07851327718626
D_NEW_CKPT_NEW_DATA,NEW,NEW,895,3,3,Methane,125.0,B5_GMe_F050_R1.txt,1,2,late,160.0,1,109.12875249032807,109.12875249032807
D_NEW_CKPT_NEW_DATA,NEW,NEW,896,0,0,Ethanol,62.5,B5_GEa_F050_R2.txt,2,2,late,100.0,1,63.7471541338485,63.7471541338485
D_NEW_CKPT_NEW_DATA,NEW,NEW,897,3,3,Methane,100.0,B5_GMe_F040_R1.txt,1,2,late,75.0,1,110.36533498679124,110.36533498679124
D_NEW_CKPT_NEW_DATA,NEW,NEW,898,2,2,Ethylene,37.5,B5_GEy_F030_R2.txt,2,2,late,100.0,1,37.09508390917047,37.09508390917047
D_NEW_CKPT_NEW_DATA,NEW,NEW,899,1,1,CO,150.0,B5_GCO_F060_R2.txt,2,2,late,65.0,1,151.21769830060612,151.21769830060612
D_NEW_CKPT_NEW_DATA,NEW,NEW,900,1,1,CO,150.0,B5_GCO_F060_R2.txt,2,2,late,120.0,1,189.78225619706274,189.78225619706274
D_NEW_CKPT_NEW_DATA,NEW,NEW,901,1,1,CO,175.0,B5_GCO_F070_R2.txt,2,2,late,115.0,1,175.26266582617498,175.26266582617498
D_NEW_CKPT_NEW_DATA,NEW,NEW,902,2,2,Ethylene,62.5,B5_GEy_F050_R1.txt,1,2,late,60.0,1,67.10606854022994,67.10606854022994
D_NEW_CKPT_NEW_DATA,NEW,NEW,903,1,1,CO,50.0,B5_GCO_F020_R2.txt,2,2,late,100.0,1,52.16309642605816,52.16309642605816
D_NEW_CKPT_NEW_DATA,NEW,NEW,904,1,1,CO,225.0,B5_GCO_F090_R2.txt,2,2,late,65.0,1,231.2422318838855,231.2422318838855
D_NEW_CKPT_NEW_DATA,NEW,NEW,905,0,0,Ethanol,25.0,B5_GEa_F020_R2.txt,2,2,late,95.0,1,27.385638653045863,27.385638653045863
D_NEW_CKPT_NEW_DATA,NEW,NEW,906,1,1,CO,250.0,B5_GCO_F100_R1.txt,1,2,late,90.0,1,250.0,250.0
D_NEW_CKPT_NEW_DATA,NEW,NEW,907,0,0,Ethanol,62.5,B5_GEa_F050_R2.txt,2,2,late,130.0,1,68.39387108893092,68.39387108893092
D_NEW_CKPT_NEW_DATA,NEW,NEW,908,1,1,CO,50.0,B5_GCO_F020_R2.txt,2,2,late,75.0,1,49.06744281505314,49.06744281505314
D_NEW_CKPT_NEW_DATA,NEW,NEW,909,3,3,Methane,250.0,B5_GMe_F100_R2.txt,2,2,late,145.0,1,245.36258029535242,245.36258029535242
D_NEW_CKPT_NEW_DATA,NEW,NEW,910,1,1,CO,125.0,B5_GCO_F050_R1.txt,1,2,late,125.0,1,125.48243759465795,125.48243759465795
D_NEW_CKPT_NEW_DATA,NEW,NEW,911,1,1,CO,100.0,B5_GCO_F040_R2.txt,2,2,late,95.0,1,87.86211505891144,87.86211505891144
D_NEW_CKPT_NEW_DATA,NEW,NEW,912,3,3,Methane,25.0,B5_GMe_F010_R1.txt,1,2,late,155.0,1,40.82399263106776,40.82399263106776
D_NEW_CKPT_NEW_DATA,NEW,NEW,913,0,0,Ethanol,37.5,B5_GEa_F030_R2.txt,2,2,late,100.0,1,42.78461867528969,42.78461867528969
D_NEW_CKPT_NEW_DATA,NEW,NEW,914,3,3,Methane,200.0,B5_GMe_F080_R2.txt,2,2,late,105.0,1,179.10388344388733,179.10388344388733
D_NEW_CKPT_NEW_DATA,NEW,NEW,915,3,3,Methane,125.0,B5_GMe_F050_R2.txt,2,2,late,75.0,1,154.9602352255846,154.9602352255846
D_NEW_CKPT_NEW_DATA,NEW,NEW,916,2,2,Ethylene,100.0,B5_GEy_F080_R1.txt,1,2,late,85.0,1,102.91376063748078,102.91376063748078
D_NEW_CKPT_NEW_DATA,NEW,NEW,917,1,1,CO,200.0,B5_GCO_F080_R2.txt,2,2,late,130.0,1,218.89867195731628,218.89867195731628
D_NEW_CKPT_NEW_DATA,NEW,NEW,918,1,1,CO,100.0,B5_GCO_F040_R2.txt,2,2,late,120.0,1,100.63349388275702,100.63349388275702
D_NEW_CKPT_NEW_DATA,NEW,NEW,919,0,0,Ethanol,75.0,B5_GEa_F060_R2.txt,2,2,late,145.0,1,69.84802788659823,69.84802788659823
D_NEW_CKPT_NEW_DATA,NEW,NEW,920,3,3,Methane,250.0,B5_GMe_F100_R1.txt,1,2,late,150.0,1,185.35727029731555,185.35727029731555
D_NEW_CKPT_NEW_DATA,NEW,NEW,921,2,2,Ethylene,50.0,B5_GEy_F040_R2.txt,2,2,late,140.0,1,57.24801570575975,57.24801570575975
D_NEW_CKPT_NEW_DATA,NEW,NEW,922,3,3,Methane,175.0,B5_GMe_F070_R1.txt,1,2,late,125.0,1,162.4938006930934,162.4938006930934
D_NEW_CKPT_NEW_DATA,NEW,NEW,923,1,1,CO,175.0,B5_GCO_F070_R1.txt,1,2,late,70.0,1,169.5244892038754,169.5244892038754
D_NEW_CKPT_NEW_DATA,NEW,NEW,924,2,2,Ethylene,125.0,B5_GEy_F100_R2.txt,2,2,late,70.0,1,122.30071349415665,122.30071349415665
D_NEW_CKPT_NEW_DATA,NEW,NEW,925,0,0,Ethanol,12.5,B5_GEa_F010_R1.txt,1,2,late,95.0,1,15.052231929199554,15.052231929199554
D_NEW_CKPT_NEW_DATA,NEW,NEW,926,1,1,CO,225.0,B5_GCO_F090_R1.txt,1,2,late,145.0,1,233.43070486165644,233.43070486165644
D_NEW_CKPT_NEW_DATA,NEW,NEW,927,1,1,CO,125.0,B5_GCO_F050_R1.txt,1,2,late,70.0,1,136.99313478864838,136.99313478864838
D_NEW_CKPT_NEW_DATA,NEW,NEW,928,1,1,CO,50.0,B5_GCO_F020_R1.txt,1,2,late,145.0,1,33.33812286925544,33.33812286925544
D_NEW_CKPT_NEW_DATA,NEW,NEW,929,3,3,Methane,100.0,B5_GMe_F040_R2.txt,2,2,late,120.0,1,126.90447947398056,126.90447947398056
D_NEW_CKPT_NEW_DATA,NEW,NEW,930,1,1,CO,125.0,B5_GCO_F050_R2.txt,2,2,late,95.0,1,124.20635007235772,124.20635007235772
D_NEW_CKPT_NEW_DATA,NEW,NEW,931,3,3,Methane,125.0,B5_GMe_F050_R2.txt,2,2,late,120.0,1,137.4195005034765,137.4195005034765
D_NEW_CKPT_NEW_DATA,NEW,NEW,932,2,2,Ethylene,12.5,B5_GEy_F010_R1.txt,1,2,late,105.0,1,12.5,12.5
D_NEW_CKPT_NEW_DATA,NEW,NEW,933,3,3,Methane,150.0,B5_GMe_F060_R1.txt,1,2,late,80.0,1,150.95472272551874,150.95472272551874
D_NEW_CKPT_NEW_DATA,NEW,NEW,934,0,0,Ethanol,62.5,B5_GEa_F050_R2.txt,2,2,late,60.0,1,58.519171681083336,58.519171681083336
D_NEW_CKPT_NEW_DATA,NEW,NEW,935,3,3,Methane,175.0,B5_GMe_F070_R2.txt,2,2,late,105.0,1,182.44557270837146,182.44557270837146
D_NEW_CKPT_NEW_DATA,NEW,NEW,936,0,0,Ethanol,125.0,B5_GEa_F100_R1.txt,1,2,late,80.0,1,109.7299090242082,109.7299090242082
D_NEW_CKPT_NEW_DATA,NEW,NEW,937,3,3,Methane,150.0,B5_GMe_F060_R2.txt,2,2,late,115.0,1,139.52963802518394,139.52963802518394
D_NEW_CKPT_NEW_DATA,NEW,NEW,938,3,3,Methane,200.0,B5_GMe_F080_R1.txt,1,2,late,110.0,1,250.0,250.0
D_NEW_CKPT_NEW_DATA,NEW,NEW,939,1,1,CO,100.0,B5_GCO_F040_R1.txt,1,2,late,140.0,1,112.70847740647378,112.70847740647378
D_NEW_CKPT_NEW_DATA,NEW,NEW,940,3,3,Methane,175.0,B5_GMe_F070_R2.txt,2,2,late,140.0,1,172.35404358735954,172.35404358735954
D_NEW_CKPT_NEW_DATA,NEW,NEW,941,2,2,Ethylene,112.5,B5_GEy_F090_R2.txt,2,2,late,95.0,1,109.63293498097656,109.63293498097656
D_NEW_CKPT_NEW_DATA,NEW,NEW,942,2,2,Ethylene,25.0,B5_GEy_F020_R2.txt,2,2,late,120.0,1,23.749564962426987,23.749564962426987
D_NEW_CKPT_NEW_DATA,NEW,NEW,943,1,1,CO,150.0,B5_GCO_F060_R1.txt,1,2,late,95.0,1,161.6667297854341,161.6667297854341
D_NEW_CKPT_NEW_DATA,NEW,NEW,944,1,1,CO,200.0,B5_GCO_F080_R1.txt,1,2,late,120.0,1,194.77406030704418,194.77406030704418
D_NEW_CKPT_NEW_DATA,NEW,NEW,945,1,1,CO,150.0,B5_GCO_F060_R1.txt,1,2,late,145.0,1,130.53510413476954,130.53510413476954
D_NEW_CKPT_NEW_DATA,NEW,NEW,946,2,2,Ethylene,12.5,B5_GEy_F010_R1.txt,1,2,late,130.0,1,12.96651734918175,12.96651734918175
D_NEW_CKPT_NEW_DATA,NEW,NEW,947,2,2,Ethylene,50.0,B5_GEy_F040_R2.txt,2,2,late,110.0,1,50.48715780803471,50.48715780803471
D_NEW_CKPT_NEW_DATA,NEW,NEW,948,1,1,CO,250.0,B5_GCO_F100_R2.txt,2,2,late,110.0,1,241.4013041064309,241.4013041064309
D_NEW_CKPT_NEW_DATA,NEW,NEW,949,2,2,Ethylene,125.0,B5_GEy_F100_R1.txt,1,2,late,135.0,1,124.67070642067102,124.67070642067102
D_NEW_CKPT_NEW_DATA,NEW,NEW,950,2,2,Ethylene,100.0,B5_GEy_F080_R1.txt,1,2,late,130.0,1,103.31225981188433,103.31225981188433
D_NEW_CKPT_NEW_DATA,NEW,NEW,951,3,3,Methane,50.0,B5_GMe_F020_R1.txt,1,2,late,115.0,1,87.14124985327709,87.14124985327709
D_NEW_CKPT_NEW_DATA,NEW,NEW,952,1,1,CO,125.0,B5_GCO_F050_R1.txt,1,2,late,100.0,1,135.06773386191622,135.06773386191622
D_NEW_CKPT_NEW_DATA,NEW,NEW,953,3,3,Methane,150.0,B5_GMe_F060_R2.txt,2,2,late,105.0,1,159.14373866406976,159.14373866406976
D_NEW_CKPT_NEW_DATA,NEW,NEW,954,3,3,Methane,100.0,B5_GMe_F040_R1.txt,1,2,late,135.0,1,119.57142637038596,119.57142637038596
D_NEW_CKPT_NEW_DATA,NEW,NEW,955,1,1,CO,50.0,B5_GCO_F020_R1.txt,1,2,late,155.0,1,79.56567685235277,79.56567685235277
D_NEW_CKPT_NEW_DATA,NEW,NEW,956,0,0,Ethanol,125.0,B5_GEa_F100_R1.txt,1,2,late,155.0,1,123.91006312835691,123.91006312835691
D_NEW_CKPT_NEW_DATA,NEW,NEW,957,1,1,CO,225.0,B5_GCO_F090_R2.txt,2,2,late,100.0,1,221.7455663133915,221.7455663133915
D_NEW_CKPT_NEW_DATA,NEW,NEW,958,2,2,Ethylene,100.0,B5_GEy_F080_R2.txt,2,2,late,75.0,1,99.85945383610341,99.85945383610341
D_NEW_CKPT_NEW_DATA,NEW,NEW,959,3,3,Methane,100.0,B5_GMe_F040_R2.txt,2,2,late,125.0,1,102.04343857614028,102.04343857614028
D_NEW_CKPT_NEW_DATA,NEW,NEW,960,2,2,Ethylene,62.5,B5_GEy_F050_R1.txt,1,2,late,115.0,1,61.35477450063285,61.35477450063285
D_NEW_CKPT_NEW_DATA,NEW,NEW,961,1,1,CO,25.0,B5_GCO_F010_R1.txt,1,2,late,60.0,1,25.0,25.0
D_NEW_CKPT_NEW_DATA,NEW,NEW,962,0,0,Ethanol,12.5,B5_GEa_F010_R1.txt,1,2,late,80.0,1,12.5,12.5
D_NEW_CKPT_NEW_DATA,NEW,NEW,963,3,3,Methane,150.0,B5_GMe_F060_R2.txt,2,2,late,65.0,1,150.16340304591526,150.16340304591526
D_NEW_CKPT_NEW_DATA,NEW,NEW,964,2,2,Ethylene,62.5,B5_GEy_F050_R1.txt,1,2,late,85.0,1,61.90150029907479,61.90150029907479
D_NEW_CKPT_NEW_DATA,NEW,NEW,965,0,0,Ethanol,125.0,B5_GEa_F100_R2.txt,2,2,late,120.0,1,113.39156477659364,113.39156477659364
D_NEW_CKPT_NEW_DATA,NEW,NEW,966,3,3,Methane,150.0,B5_GMe_F060_R2.txt,2,2,late,145.0,1,183.17828709197966,183.17828709197966
D_NEW_CKPT_NEW_DATA,NEW,NEW,967,0,0,Ethanol,100.0,B5_GEa_F080_R1.txt,1,2,late,115.0,1,92.5939836075445,92.5939836075445
D_NEW_CKPT_NEW_DATA,NEW,NEW,968,2,2,Ethylene,112.5,B5_GEy_F090_R1.txt,1,2,late,145.0,1,106.69829215451426,106.69829215451426
D_NEW_CKPT_NEW_DATA,NEW,NEW,969,1,1,CO,25.0,B5_GCO_F010_R1.txt,1,2,late,70.0,1,40.772925372428915,40.772925372428915
D_NEW_CKPT_NEW_DATA,NEW,NEW,970,3,3,Methane,75.0,B5_GMe_F030_R2.txt,2,2,late,70.0,1,96.99113037212483,96.99113037212483
D_NEW_CKPT_NEW_DATA,NEW,NEW,971,0,0,Ethanol,125.0,B5_GEa_F100_R1.txt,1,2,late,145.0,1,122.38433929577155,122.38433929577155
D_NEW_CKPT_NEW_DATA,NEW,NEW,972,0,0,Ethanol,37.5,B5_GEa_F030_R1.txt,1,2,late,105.0,1,46.15014334335066,46.15014334335066
D_NEW_CKPT_NEW_DATA,NEW,NEW,973,3,3,Methane,225.0,B5_GMe_F090_R1.txt,1,2,late,105.0,1,94.74818932918797,94.74818932918797
D_NEW_CKPT_NEW_DATA,NEW,NEW,974,0,0,Ethanol,112.5,B5_GEa_F090_R2.txt,2,2,late,100.0,1,102.73102633996811,102.73102633996811
D_NEW_CKPT_NEW_DATA,NEW,NEW,975,2,2,Ethylene,12.5,B5_GEy_F010_R1.txt,1,2,late,115.0,1,12.5,12.5
D_NEW_CKPT_NEW_DATA,NEW,NEW,976,0,0,Ethanol,25.0,B5_GEa_F020_R1.txt,1,2,late,145.0,1,36.36122645011941,36.36122645011941
D_NEW_CKPT_NEW_DATA,NEW,NEW,977,1,1,CO,100.0,B5_GCO_F040_R1.txt,1,2,late,60.0,1,76.16458252032493,76.16458252032493
D_NEW_CKPT_NEW_DATA,NEW,NEW,978,1,1,CO,225.0,B5_GCO_F090_R2.txt,2,2,late,75.0,1,212.05487936969328,212.05487936969328
D_NEW_CKPT_NEW_DATA,NEW,NEW,979,0,0,Ethanol,87.5,B5_GEa_F070_R2.txt,2,2,late,115.0,1,89.30344897031448,89.30344897031448
D_NEW_CKPT_NEW_DATA,NEW,NEW,980,0,0,Ethanol,12.5,B5_GEa_F010_R1.txt,1,2,late,145.0,1,16.37118818994621,16.37118818994621
D_NEW_CKPT_NEW_DATA,NEW,NEW,981,2,2,Ethylene,100.0,B5_GEy_F080_R1.txt,1,2,late,145.0,1,101.9255428320962,101.9255428320962
D_NEW_CKPT_NEW_DATA,NEW,NEW,982,0,0,Ethanol,50.0,B5_GEa_F040_R1.txt,1,2,late,145.0,1,57.18498989293751,57.18498989293751
D_NEW_CKPT_NEW_DATA,NEW,NEW,983,2,2,Ethylene,112.5,B5_GEy_F090_R2.txt,2,2,late,115.0,1,111.08874192767567,111.08874192767567
D_NEW_CKPT_NEW_DATA,NEW,NEW,984,2,2,Ethylene,112.5,B5_GEy_F090_R2.txt,2,2,late,135.0,1,103.25421688536036,103.25421688536036
D_NEW_CKPT_NEW_DATA,NEW,NEW,985,2,2,Ethylene,125.0,B5_GEy_F100_R1.txt,1,2,late,160.0,1,117.82970682416291,117.82970682416291
D_NEW_CKPT_NEW_DATA,NEW,NEW,986,3,3,Methane,150.0,B5_GMe_F060_R1.txt,1,2,late,65.0,1,172.32749954703786,172.32749954703786
D_NEW_CKPT_NEW_DATA,NEW,NEW,987,0,0,Ethanol,100.0,B5_GEa_F080_R2.txt,2,2,late,135.0,1,95.98393408576013,95.98393408576013
D_NEW_CKPT_NEW_DATA,NEW,NEW,988,0,0,Ethanol,37.5,B5_GEa_F030_R2.txt,2,2,late,145.0,1,45.32049533650763,45.32049533650763
D_NEW_CKPT_NEW_DATA,NEW,NEW,989,1,1,CO,100.0,B5_GCO_F040_R1.txt,1,2,late,80.0,1,103.75179657122806,103.75179657122806
D_NEW_CKPT_NEW_DATA,NEW,NEW,990,3,3,Methane,250.0,B5_GMe_F100_R1.txt,1,2,late,115.0,1,221.21370862972805,221.21370862972805
D_NEW_CKPT_NEW_DATA,NEW,NEW,991,1,1,CO,150.0,B5_GCO_F060_R1.txt,1,2,late,125.0,1,122.70990273917907,122.70990273917907
D_NEW_CKPT_NEW_DATA,NEW,NEW,992,1,1,CO,125.0,B5_GCO_F050_R2.txt,2,2,late,130.0,1,125.56139314239455,125.56139314239455
D_NEW_CKPT_NEW_DATA,NEW,NEW,993,3,3,Methane,225.0,B5_GMe_F090_R1.txt,1,2,late,115.0,1,75.21560661536034,75.21560661536034
D_NEW_CKPT_NEW_DATA,NEW,NEW,994,3,3,Methane,50.0,B5_GMe_F020_R2.txt,2,2,late,85.0,1,44.478637012191825,44.478637012191825
D_NEW_CKPT_NEW_DATA,NEW,NEW,995,0,0,Ethanol,75.0,B5_GEa_F060_R2.txt,2,2,late,70.0,1,59.88277474247108,59.88277474247108
D_NEW_CKPT_NEW_DATA,NEW,NEW,996,2,2,Ethylene,87.5,B5_GEy_F070_R2.txt,2,2,late,120.0,1,83.0096090318932,83.0096090318932
D_NEW_CKPT_NEW_DATA,NEW,NEW,997,0,0,Ethanol,25.0,B5_GEa_F020_R1.txt,1,2,late,150.0,1,36.762088135332995,36.762088135332995
D_NEW_CKPT_NEW_DATA,NEW,NEW,998,2,2,Ethylene,25.0,B5_GEy_F020_R1.txt,1,2,late,85.0,1,26.9362364180704,26.9362364180704
D_NEW_CKPT_NEW_DATA,NEW,NEW,999,0,0,Ethanol,125.0,B5_GEa_F100_R2.txt,2,2,late,145.0,1,116.25014140586333,116.25014140586333
D_NEW_CKPT_NEW_DATA,NEW,NEW,1000,2,2,Ethylene,62.5,B5_GEy_F050_R1.txt,1,2,late,80.0,1,60.125649436377714,60.125649436377714
D_NEW_CKPT_NEW_DATA,NEW,NEW,1001,3,3,Methane,250.0,B5_GMe_F100_R2.txt,2,2,late,120.0,1,222.4041257974786,222.4041257974786
D_NEW_CKPT_NEW_DATA,NEW,NEW,1002,2,2,Ethylene,50.0,B5_GEy_F040_R2.txt,2,2,late,95.0,1,51.43038277180425,51.43038277180425
D_NEW_CKPT_NEW_DATA,NEW,NEW,1003,3,3,Methane,200.0,B5_GMe_F080_R2.txt,2,2,late,145.0,1,244.4539494314305,244.4539494314305
D_NEW_CKPT_NEW_DATA,NEW,NEW,1004,0,0,Ethanol,50.0,B5_GEa_F040_R1.txt,1,2,late,75.0,1,51.875173373640784,51.875173373640784
D_NEW_CKPT_NEW_DATA,NEW,NEW,1005,1,1,CO,125.0,B5_GCO_F050_R2.txt,2,2,late,120.0,1,107.78671323162615,107.78671323162615
D_NEW_CKPT_NEW_DATA,NEW,NEW,1006,3,3,Methane,225.0,B5_GMe_F090_R2.txt,2,2,late,100.0,1,230.06649529787234,230.06649529787234
D_NEW_CKPT_NEW_DATA,NEW,NEW,1007,3,3,Methane,100.0,B5_GMe_F040_R2.txt,2,2,late,65.0,1,115.13370265211788,115.13370265211788
D_NEW_CKPT_NEW_DATA,NEW,NEW,1008,1,1,CO,225.0,B5_GCO_F090_R2.txt,2,2,late,110.0,1,218.91332301964212,218.91332301964212
D_NEW_CKPT_NEW_DATA,NEW,NEW,1009,3,3,Methane,250.0,B5_GMe_F100_R1.txt,1,2,late,105.0,1,223.57926599032714,223.57926599032714
D_NEW_CKPT_NEW_DATA,NEW,NEW,1010,0,0,Ethanol,37.5,B5_GEa_F030_R1.txt,1,2,late,160.0,1,44.950686072618694,44.950686072618694
D_NEW_CKPT_NEW_DATA,NEW,NEW,1011,0,0,Ethanol,50.0,B5_GEa_F040_R2.txt,2,2,late,160.0,1,35.71312493140402,35.71312493140402
D_NEW_CKPT_NEW_DATA,NEW,NEW,1012,3,3,Methane,200.0,B5_GMe_F080_R2.txt,2,2,late,90.0,1,177.39818461260938,177.39818461260938
D_NEW_CKPT_NEW_DATA,NEW,NEW,1013,0,0,Ethanol,112.5,B5_GEa_F090_R2.txt,2,2,late,65.0,1,99.84085613887822,99.84085613887822
D_NEW_CKPT_NEW_DATA,NEW,NEW,1014,1,2,CO,25.0,B5_GCO_F010_R1.txt,1,2,late,135.0,0,12.5,25.0
D_NEW_CKPT_NEW_DATA,NEW,NEW,1015,1,1,CO,75.0,B5_GCO_F030_R2.txt,2,2,late,60.0,1,82.77885137047592,82.77885137047592
D_NEW_CKPT_NEW_DATA,NEW,NEW,1016,3,3,Methane,25.0,B5_GMe_F010_R1.txt,1,2,late,95.0,1,63.274910854426764,63.274910854426764
D_NEW_CKPT_NEW_DATA,NEW,NEW,1017,1,1,CO,175.0,B5_GCO_F070_R2.txt,2,2,late,85.0,1,194.86160724857683,194.86160724857683
D_NEW_CKPT_NEW_DATA,NEW,NEW,1018,3,3,Methane,225.0,B5_GMe_F090_R1.txt,1,2,late,155.0,1,207.78827812313097,207.78827812313097
D_NEW_CKPT_NEW_DATA,NEW,NEW,1019,0,0,Ethanol,50.0,B5_GEa_F040_R2.txt,2,2,late,140.0,1,49.47001218695697,49.47001218695697
D_NEW_CKPT_NEW_DATA,NEW,NEW,1020,1,1,CO,250.0,B5_GCO_F100_R1.txt,1,2,late,125.0,1,250.0,250.0
D_NEW_CKPT_NEW_DATA,NEW,NEW,1021,0,0,Ethanol,25.0,B5_GEa_F020_R2.txt,2,2,late,155.0,1,31.761031715984004,31.761031715984004
D_NEW_CKPT_NEW_DATA,NEW,NEW,1022,1,1,CO,225.0,B5_GCO_F090_R2.txt,2,2,late,160.0,1,188.45943757257936,188.45943757257936
D_NEW_CKPT_NEW_DATA,NEW,NEW,1023,3,3,Methane,100.0,B5_GMe_F040_R2.txt,2,2,late,140.0,1,112.43376650559769,112.43376650559769
D_NEW_CKPT_NEW_DATA,NEW,NEW,1024,0,0,Ethanol,12.5,B5_GEa_F010_R2.txt,2,2,late,160.0,1,12.5,12.5
D_NEW_CKPT_NEW_DATA,NEW,NEW,1025,1,1,CO,75.0,B5_GCO_F030_R2.txt,2,2,late,125.0,1,81.76142184136728,81.76142184136728
D_NEW_CKPT_NEW_DATA,NEW,NEW,1026,1,1,CO,100.0,B5_GCO_F040_R2.txt,2,2,late,115.0,1,104.48568335153375,104.48568335153375
D_NEW_CKPT_NEW_DATA,NEW,NEW,1027,3,3,Methane,25.0,B5_GMe_F010_R2.txt,2,2,late,100.0,1,30.590059686959407,30.590059686959407
D_NEW_CKPT_NEW_DATA,NEW,NEW,1028,0,0,Ethanol,75.0,B5_GEa_F060_R2.txt,2,2,late,140.0,1,70.76866735133953,70.76866735133953
D_NEW_CKPT_NEW_DATA,NEW,NEW,1029,0,0,Ethanol,12.5,B5_GEa_F010_R1.txt,1,2,late,150.0,1,15.067171396468918,15.067171396468918
D_NEW_CKPT_NEW_DATA,NEW,NEW,1030,1,1,CO,125.0,B5_GCO_F050_R1.txt,1,2,late,110.0,1,123.77101396420284,123.77101396420284
D_NEW_CKPT_NEW_DATA,NEW,NEW,1031,2,2,Ethylene,50.0,B5_GEy_F040_R1.txt,1,2,late,80.0,1,51.03401408402681,51.03401408402681
D_NEW_CKPT_NEW_DATA,NEW,NEW,1032,2,2,Ethylene,87.5,B5_GEy_F070_R2.txt,2,2,late,85.0,1,86.0858226015921,86.0858226015921
D_NEW_CKPT_NEW_DATA,NEW,NEW,1033,2,2,Ethylene,125.0,B5_GEy_F100_R2.txt,2,2,late,155.0,1,125.0,125.0
D_NEW_CKPT_NEW_DATA,NEW,NEW,1034,0,0,Ethanol,12.5,B5_GEa_F010_R1.txt,1,2,late,125.0,1,14.023489173480677,14.023489173480677
D_NEW_CKPT_NEW_DATA,NEW,NEW,1035,1,1,CO,50.0,B5_GCO_F020_R2.txt,2,2,late,140.0,1,68.09464401423219,68.09464401423219
D_NEW_CKPT_NEW_DATA,NEW,NEW,1036,1,1,CO,125.0,B5_GCO_F050_R1.txt,1,2,late,95.0,1,126.7365140663087,126.7365140663087
D_NEW_CKPT_NEW_DATA,NEW,NEW,1037,1,1,CO,100.0,B5_GCO_F040_R2.txt,2,2,late,60.0,1,71.80375293799,71.80375293799
D_NEW_CKPT_NEW_DATA,NEW,NEW,1038,1,1,CO,25.0,B5_GCO_F010_R1.txt,1,2,late,95.0,1,25.0,25.0
D_NEW_CKPT_NEW_DATA,NEW,NEW,1039,1,1,CO,125.0,B5_GCO_F050_R2.txt,2,2,late,155.0,1,171.24768994039601,171.24768994039601
D_NEW_CKPT_NEW_DATA,NEW,NEW,1040,2,2,Ethylene,100.0,B5_GEy_F080_R1.txt,1,2,late,100.0,1,104.60220003726602,104.60220003726602
D_NEW_CKPT_NEW_DATA,NEW,NEW,1041,2,2,Ethylene,62.5,B5_GEy_F050_R1.txt,1,2,late,125.0,1,64.22751629914721,64.22751629914721
D_NEW_CKPT_NEW_DATA,NEW,NEW,1042,1,1,CO,125.0,B5_GCO_F050_R1.txt,1,2,late,90.0,1,137.71002987121096,137.71002987121096
D_NEW_CKPT_NEW_DATA,NEW,NEW,1043,2,2,Ethylene,50.0,B5_GEy_F040_R1.txt,1,2,late,160.0,1,45.144966423899945,45.144966423899945
D_NEW_CKPT_NEW_DATA,NEW,NEW,1044,1,1,CO,150.0,B5_GCO_F060_R1.txt,1,2,late,120.0,1,143.73844487839096,143.73844487839096
D_NEW_CKPT_NEW_DATA,NEW,NEW,1045,0,0,Ethanol,75.0,B5_GEa_F060_R1.txt,1,2,late,145.0,1,83.389035922706,83.389035922706
D_NEW_CKPT_NEW_DATA,NEW,NEW,1046,1,1,CO,100.0,B5_GCO_F040_R2.txt,2,2,late,70.0,1,86.81992199040084,86.81992199040084
D_NEW_CKPT_NEW_DATA,NEW,NEW,1047,3,3,Methane,150.0,B5_GMe_F060_R1.txt,1,2,late,120.0,1,147.38755315096506,147.38755315096506
D_NEW_CKPT_NEW_DATA,NEW,NEW,1048,2,2,Ethylene,100.0,B5_GEy_F080_R1.txt,1,2,late,110.0,1,102.44458182197552,102.44458182197552
D_NEW_CKPT_NEW_DATA,NEW,NEW,1049,2,2,Ethylene,37.5,B5_GEy_F030_R2.txt,2,2,late,140.0,1,37.10791641036133,37.10791641036133
D_NEW_CKPT_NEW_DATA,NEW,NEW,1050,1,1,CO,75.0,B5_GCO_F030_R2.txt,2,2,late,115.0,1,64.33407010968503,64.33407010968503
D_NEW_CKPT_NEW_DATA,NEW,NEW,1051,0,0,Ethanol,50.0,B5_GEa_F040_R2.txt,2,2,late,70.0,1,46.15487058132468,46.15487058132468
D_NEW_CKPT_NEW_DATA,NEW,NEW,1052,3,3,Methane,200.0,B5_GMe_F080_R2.txt,2,2,late,160.0,1,190.27518146311206,190.27518146311206
D_NEW_CKPT_NEW_DATA,NEW,NEW,1053,0,0,Ethanol,125.0,B5_GEa_F100_R2.txt,2,2,late,65.0,1,100.20290240962498,100.20290240962498
D_NEW_CKPT_NEW_DATA,NEW,NEW,1054,3,3,Methane,250.0,B5_GMe_F100_R1.txt,1,2,late,135.0,1,221.24438717285793,221.24438717285793
D_NEW_CKPT_NEW_DATA,NEW,NEW,1055,0,0,Ethanol,125.0,B5_GEa_F100_R1.txt,1,2,late,135.0,1,121.2817696711828,121.2817696711828
D_NEW_CKPT_NEW_DATA,NEW,NEW,1056,2,2,Ethylene,125.0,B5_GEy_F100_R2.txt,2,2,late,140.0,1,119.77215619281876,119.77215619281876
D_NEW_CKPT_NEW_DATA,NEW,NEW,1057,1,1,CO,175.0,B5_GCO_F070_R1.txt,1,2,late,85.0,1,179.68325358987434,179.68325358987434
D_NEW_CKPT_NEW_DATA,NEW,NEW,1058,1,1,CO,150.0,B5_GCO_F060_R2.txt,2,2,late,85.0,1,164.58665927513104,164.58665927513104
D_NEW_CKPT_NEW_DATA,NEW,NEW,1059,1,1,CO,225.0,B5_GCO_F090_R1.txt,1,2,late,125.0,1,233.5221263012482,233.5221263012482
D_NEW_CKPT_NEW_DATA,NEW,NEW,1060,3,3,Methane,125.0,B5_GMe_F050_R2.txt,2,2,late,150.0,1,128.77417702022325,128.77417702022325
D_NEW_CKPT_NEW_DATA,NEW,NEW,1061,0,0,Ethanol,37.5,B5_GEa_F030_R2.txt,2,2,late,120.0,1,43.38958798323768,43.38958798323768
D_NEW_CKPT_NEW_DATA,NEW,NEW,1062,0,0,Ethanol,50.0,B5_GEa_F040_R1.txt,1,2,late,110.0,1,54.81137743679348,54.81137743679348
D_NEW_CKPT_NEW_DATA,NEW,NEW,1063,3,3,Methane,75.0,B5_GMe_F030_R1.txt,1,2,late,160.0,1,92.45033690647207,92.45033690647207
D_NEW_CKPT_NEW_DATA,NEW,NEW,1064,2,2,Ethylene,50.0,B5_GEy_F040_R1.txt,1,2,late,120.0,1,56.4562641171717,56.4562641171717
D_NEW_CKPT_NEW_DATA,NEW,NEW,1065,2,2,Ethylene,50.0,B5_GEy_F040_R2.txt,2,2,late,160.0,1,52.9097477086175,52.9097477086175
D_NEW_CKPT_NEW_DATA,NEW,NEW,1066,0,0,Ethanol,100.0,B5_GEa_F080_R1.txt,1,2,late,60.0,1,87.43671694190347,87.43671694190347
D_NEW_CKPT_NEW_DATA,NEW,NEW,1067,3,3,Methane,250.0,B5_GMe_F100_R1.txt,1,2,late,140.0,1,222.81304305575605,222.81304305575605
D_NEW_CKPT_NEW_DATA,NEW,NEW,1068,3,3,Methane,25.0,B5_GMe_F010_R2.txt,2,2,late,150.0,1,25.0,25.0
D_NEW_CKPT_NEW_DATA,NEW,NEW,1069,3,3,Methane,125.0,B5_GMe_F050_R2.txt,2,2,late,90.0,1,123.84021739781222,123.84021739781222
D_NEW_CKPT_NEW_DATA,NEW,NEW,1070,1,1,CO,200.0,B5_GCO_F080_R1.txt,1,2,late,85.0,1,230.99382073707017,230.99382073707017
D_NEW_CKPT_NEW_DATA,NEW,NEW,1071,2,2,Ethylene,25.0,B5_GEy_F020_R2.txt,2,2,late,65.0,1,26.764894182024307,26.764894182024307
D_NEW_CKPT_NEW_DATA,NEW,NEW,1072,2,2,Ethylene,50.0,B5_GEy_F040_R2.txt,2,2,late,90.0,1,53.454914638440044,53.454914638440044
D_NEW_CKPT_NEW_DATA,NEW,NEW,1073,3,3,Methane,225.0,B5_GMe_F090_R2.txt,2,2,late,135.0,1,225.66091017355294,225.66091017355294
D_NEW_CKPT_NEW_DATA,NEW,NEW,1074,2,2,Ethylene,37.5,B5_GEy_F030_R1.txt,1,2,late,115.0,1,37.34986211155033,37.34986211155033
D_NEW_CKPT_NEW_DATA,NEW,NEW,1075,3,3,Methane,75.0,B5_GMe_F030_R2.txt,2,2,late,135.0,1,124.48040754919086,124.48040754919086
D_NEW_CKPT_NEW_DATA,NEW,NEW,1076,1,1,CO,250.0,B5_GCO_F100_R1.txt,1,2,late,160.0,1,246.30077882648627,246.30077882648627
D_NEW_CKPT_NEW_DATA,NEW,NEW,1077,3,3,Methane,225.0,B5_GMe_F090_R1.txt,1,2,late,75.0,1,107.38912327318405,107.38912327318405
D_NEW_CKPT_NEW_DATA,NEW,NEW,1078,1,1,CO,75.0,B5_GCO_F030_R2.txt,2,2,late,150.0,1,94.7756550389071,94.7756550389071
D_NEW_CKPT_NEW_DATA,NEW,NEW,1079,1,1,CO,175.0,B5_GCO_F070_R1.txt,1,2,late,65.0,1,203.14733288091492,203.14733288091492
D_NEW_CKPT_NEW_DATA,NEW,NEW,1080,1,1,CO,50.0,B5_GCO_F020_R1.txt,1,2,late,70.0,1,61.93019998578231,61.93019998578231
D_NEW_CKPT_NEW_DATA,NEW,NEW,1081,0,0,Ethanol,112.5,B5_GEa_F090_R1.txt,1,2,late,95.0,1,106.40328748526672,106.40328748526672
D_NEW_CKPT_NEW_DATA,NEW,NEW,1082,2,2,Ethylene,87.5,B5_GEy_F070_R2.txt,2,2,late,110.0,1,83.47441432760785,83.47441432760785
D_NEW_CKPT_NEW_DATA,NEW,NEW,1083,2,2,Ethylene,62.5,B5_GEy_F050_R1.txt,1,2,late,110.0,1,61.14414621293994,61.14414621293994
D_NEW_CKPT_NEW_DATA,NEW,NEW,1084,3,3,Methane,50.0,B5_GMe_F020_R2.txt,2,2,late,70.0,1,85.38961123542164,85.38961123542164
D_NEW_CKPT_NEW_DATA,NEW,NEW,1085,2,2,Ethylene,50.0,B5_GEy_F040_R1.txt,1,2,late,125.0,1,55.15881003027098,55.15881003027098
D_NEW_CKPT_NEW_DATA,NEW,NEW,1086,2,2,Ethylene,37.5,B5_GEy_F030_R2.txt,2,2,late,75.0,1,38.24521633503663,38.24521633503663
D_NEW_CKPT_NEW_DATA,NEW,NEW,1087,1,1,CO,225.0,B5_GCO_F090_R2.txt,2,2,late,130.0,1,245.48759521933385,245.48759521933385
D_NEW_CKPT_NEW_DATA,NEW,NEW,1088,3,3,Methane,125.0,B5_GMe_F050_R1.txt,1,2,late,75.0,1,138.38111673013304,138.38111673013304
D_NEW_CKPT_NEW_DATA,NEW,NEW,1089,0,0,Ethanol,12.5,B5_GEa_F010_R1.txt,1,2,late,120.0,1,14.053259062455407,14.053259062455407
D_NEW_CKPT_NEW_DATA,NEW,NEW,1090,1,1,CO,50.0,B5_GCO_F020_R2.txt,2,2,late,120.0,1,45.325334791143206,45.325334791143206
D_NEW_CKPT_NEW_DATA,NEW,NEW,1091,2,2,Ethylene,25.0,B5_GEy_F020_R2.txt,2,2,late,90.0,1,27.005923107200978,27.005923107200978
D_NEW_CKPT_NEW_DATA,NEW,NEW,1092,2,2,Ethylene,100.0,B5_GEy_F080_R2.txt,2,2,late,100.0,1,101.9797314000688,101.9797314000688
D_NEW_CKPT_NEW_DATA,NEW,NEW,1093,0,2,Ethanol,12.5,B5_GEa_F010_R1.txt,1,2,late,155.0,0,107.14342212583253,18.002169069931316
D_NEW_CKPT_NEW_DATA,NEW,NEW,1094,3,3,Methane,250.0,B5_GMe_F100_R2.txt,2,2,late,130.0,1,233.9873314178193,233.9873314178193
D_NEW_CKPT_NEW_DATA,NEW,NEW,1095,1,1,CO,75.0,B5_GCO_F030_R2.txt,2,2,late,160.0,1,59.886676187504605,59.886676187504605
D_NEW_CKPT_NEW_DATA,NEW,NEW,1096,2,2,Ethylene,62.5,B5_GEy_F050_R1.txt,1,2,late,140.0,1,66.58106005587658,66.58106005587658
D_NEW_CKPT_NEW_DATA,NEW,NEW,1097,1,1,CO,25.0,B5_GCO_F010_R1.txt,1,2,late,85.0,1,25.0,25.0
D_NEW_CKPT_NEW_DATA,NEW,NEW,1098,0,0,Ethanol,125.0,B5_GEa_F100_R2.txt,2,2,late,150.0,1,120.72925927676262,120.72925927676262
D_NEW_CKPT_NEW_DATA,NEW,NEW,1099,2,2,Ethylene,87.5,B5_GEy_F070_R2.txt,2,2,late,130.0,1,87.4656073008524,87.4656073008524
D_NEW_CKPT_NEW_DATA,NEW,NEW,1100,3,3,Methane,175.0,B5_GMe_F070_R2.txt,2,2,late,145.0,1,163.28324380904934,163.28324380904934
D_NEW_CKPT_NEW_DATA,NEW,NEW,1101,2,2,Ethylene,100.0,B5_GEy_F080_R2.txt,2,2,late,140.0,1,101.30441660001479,101.30441660001479
D_NEW_CKPT_NEW_DATA,NEW,NEW,1102,0,0,Ethanol,12.5,B5_GEa_F010_R2.txt,2,2,late,90.0,1,12.5,12.5
D_NEW_CKPT_NEW_DATA,NEW,NEW,1103,2,2,Ethylene,50.0,B5_GEy_F040_R1.txt,1,2,late,140.0,1,50.06142341753174,50.06142341753174
D_NEW_CKPT_NEW_DATA,NEW,NEW,1104,1,1,CO,250.0,B5_GCO_F100_R1.txt,1,2,late,155.0,1,250.0,250.0
D_NEW_CKPT_NEW_DATA,NEW,NEW,1105,2,2,Ethylene,12.5,B5_GEy_F010_R1.txt,1,2,late,155.0,1,13.84985369148204,13.84985369148204
D_NEW_CKPT_NEW_DATA,NEW,NEW,1106,2,2,Ethylene,112.5,B5_GEy_F090_R1.txt,1,2,late,160.0,1,95.50357726060405,95.50357726060405
D_NEW_CKPT_NEW_DATA,NEW,NEW,1107,3,3,Methane,250.0,B5_GMe_F100_R2.txt,2,2,late,125.0,1,230.59360206672397,230.59360206672397
D_NEW_CKPT_NEW_DATA,NEW,NEW,1108,2,2,Ethylene,112.5,B5_GEy_F090_R1.txt,1,2,late,120.0,1,110.72510294260708,110.72510294260708
D_NEW_CKPT_NEW_DATA,NEW,NEW,1109,2,2,Ethylene,62.5,B5_GEy_F050_R2.txt,2,2,late,90.0,1,60.76358412491298,60.76358412491298
D_NEW_CKPT_NEW_DATA,NEW,NEW,1110,2,2,Ethylene,75.0,B5_GEy_F060_R1.txt,1,2,late,70.0,1,78.16551205416906,78.16551205416906
D_NEW_CKPT_NEW_DATA,NEW,NEW,1111,1,1,CO,200.0,B5_GCO_F080_R1.txt,1,2,late,105.0,1,176.92461692951704,176.92461692951704
D_NEW_CKPT_NEW_DATA,NEW,NEW,1112,0,0,Ethanol,112.5,B5_GEa_F090_R2.txt,2,2,late,80.0,1,108.84014396285265,108.84014396285265
D_NEW_CKPT_NEW_DATA,NEW,NEW,1113,3,3,Methane,50.0,B5_GMe_F020_R1.txt,1,2,late,160.0,1,64.13073108233955,64.13073108233955
D_NEW_CKPT_NEW_DATA,NEW,NEW,1114,2,2,Ethylene,25.0,B5_GEy_F020_R2.txt,2,2,late,140.0,1,24.41183082335023,24.41183082335023
D_NEW_CKPT_NEW_DATA,NEW,NEW,1115,0,0,Ethanol,37.5,B5_GEa_F030_R1.txt,1,2,late,155.0,1,51.10867880273079,51.10867880273079
D_NEW_CKPT_NEW_DATA,NEW,NEW,1116,2,2,Ethylene,75.0,B5_GEy_F060_R1.txt,1,2,late,80.0,1,78.83467464990885,78.83467464990885
D_NEW_CKPT_NEW_DATA,NEW,NEW,1117,2,2,Ethylene,100.0,B5_GEy_F080_R1.txt,1,2,late,135.0,1,103.20434528733706,103.20434528733706
D_NEW_CKPT_NEW_DATA,NEW,NEW,1118,0,0,Ethanol,75.0,B5_GEa_F060_R2.txt,2,2,late,80.0,1,61.68445369458832,61.68445369458832
D_NEW_CKPT_NEW_DATA,NEW,NEW,1119,2,2,Ethylene,100.0,B5_GEy_F080_R2.txt,2,2,late,120.0,1,99.40245967603994,99.40245967603994
D_NEW_CKPT_NEW_DATA,NEW,NEW,1120,1,1,CO,225.0,B5_GCO_F090_R2.txt,2,2,late,80.0,1,220.66024472683316,220.66024472683316
D_NEW_CKPT_NEW_DATA,NEW,NEW,1121,2,2,Ethylene,37.5,B5_GEy_F030_R2.txt,2,2,late,130.0,1,38.958655976830606,38.958655976830606
D_NEW_CKPT_NEW_DATA,NEW,NEW,1122,2,2,Ethylene,125.0,B5_GEy_F100_R1.txt,1,2,late,150.0,1,121.21756315929349,121.21756315929349
D_NEW_CKPT_NEW_DATA,NEW,NEW,1123,1,1,CO,250.0,B5_GCO_F100_R1.txt,1,2,late,140.0,1,243.9538105601422,243.9538105601422
D_NEW_CKPT_NEW_DATA,NEW,NEW,1124,2,2,Ethylene,75.0,B5_GEy_F060_R2.txt,2,2,late,95.0,1,80.29219551277623,80.29219551277623
D_NEW_CKPT_NEW_DATA,NEW,NEW,1125,3,3,Methane,25.0,B5_GMe_F010_R2.txt,2,2,late,65.0,1,79.26496775498843,79.26496775498843
D_NEW_CKPT_NEW_DATA,NEW,NEW,1126,3,3,Methane,175.0,B5_GMe_F070_R2.txt,2,2,late,100.0,1,179.27399249858743,179.27399249858743
D_NEW_CKPT_NEW_DATA,NEW,NEW,1127,0,0,Ethanol,75.0,B5_GEa_F060_R1.txt,1,2,late,135.0,1,81.29779579650221,81.29779579650221
D_NEW_CKPT_NEW_DATA,NEW,NEW,1128,1,1,CO,175.0,B5_GCO_F070_R2.txt,2,2,late,150.0,1,179.31439004062187,179.31439004062187
D_NEW_CKPT_NEW_DATA,NEW,NEW,1129,1,1,CO,200.0,B5_GCO_F080_R1.txt,1,2,late,110.0,1,217.07103186089248,217.07103186089248
D_NEW_CKPT_NEW_DATA,NEW,NEW,1130,2,2,Ethylene,25.0,B5_GEy_F020_R1.txt,1,2,late,75.0,1,23.90295079076993,23.90295079076993
D_NEW_CKPT_NEW_DATA,NEW,NEW,1131,1,1,CO,225.0,B5_GCO_F090_R1.txt,1,2,late,130.0,1,238.0359352896209,238.0359352896209
D_NEW_CKPT_NEW_DATA,NEW,NEW,1132,1,1,CO,175.0,B5_GCO_F070_R1.txt,1,2,late,125.0,1,182.81629994807494,182.81629994807494
D_NEW_CKPT_NEW_DATA,NEW,NEW,1133,1,1,CO,250.0,B5_GCO_F100_R2.txt,2,2,late,100.0,1,245.52912366481533,245.52912366481533
D_NEW_CKPT_NEW_DATA,NEW,NEW,1134,3,3,Methane,50.0,B5_GMe_F020_R1.txt,1,2,late,95.0,1,77.95376886366698,77.95376886366698
D_NEW_CKPT_NEW_DATA,NEW,NEW,1135,1,1,CO,200.0,B5_GCO_F080_R1.txt,1,2,late,80.0,1,218.1968511026147,218.1968511026147
D_NEW_CKPT_NEW_DATA,NEW,NEW,1136,3,3,Methane,75.0,B5_GMe_F030_R2.txt,2,2,late,140.0,1,79.13585364873329,79.13585364873329
D_NEW_CKPT_NEW_DATA,NEW,NEW,1137,1,1,CO,100.0,B5_GCO_F040_R2.txt,2,2,late,135.0,1,106.59972035432497,106.59972035432497
D_NEW_CKPT_NEW_DATA,NEW,NEW,1138,3,3,Methane,50.0,B5_GMe_F020_R2.txt,2,2,late,95.0,1,38.56060966255272,38.56060966255272
D_NEW_CKPT_NEW_DATA,NEW,NEW,1139,3,3,Methane,225.0,B5_GMe_F090_R2.txt,2,2,late,75.0,1,214.19750010343563,214.19750010343563
D_NEW_CKPT_NEW_DATA,NEW,NEW,1140,0,0,Ethanol,62.5,B5_GEa_F050_R1.txt,1,2,late,130.0,1,75.21926732363347,75.21926732363347
D_NEW_CKPT_NEW_DATA,NEW,NEW,1141,1,1,CO,225.0,B5_GCO_F090_R1.txt,1,2,late,150.0,1,227.3245639358219,227.3245639358219
D_NEW_CKPT_NEW_DATA,NEW,NEW,1142,3,3,Methane,175.0,B5_GMe_F070_R2.txt,2,2,late,65.0,1,187.65931729306217,187.65931729306217
D_NEW_CKPT_NEW_DATA,NEW,NEW,1143,3,3,Methane,200.0,B5_GMe_F080_R2.txt,2,2,late,110.0,1,190.0044753829705,190.0044753829705
D_NEW_CKPT_NEW_DATA,NEW,NEW,1144,3,3,Methane,200.0,B5_GMe_F080_R2.txt,2,2,late,115.0,1,191.01776148656845,191.01776148656845
D_NEW_CKPT_NEW_DATA,NEW,NEW,1145,0,1,Ethanol,12.5,B5_GEa_F010_R2.txt,2,2,late,65.0,0,250.0,12.689753279504217
D_NEW_CKPT_NEW_DATA,NEW,NEW,1146,1,1,CO,250.0,B5_GCO_F100_R2.txt,2,2,late,90.0,1,248.73396673351004,248.73396673351004
D_NEW_CKPT_NEW_DATA,NEW,NEW,1147,3,3,Methane,150.0,B5_GMe_F060_R1.txt,1,2,late,60.0,1,172.14922044203666,172.14922044203666
D_NEW_CKPT_NEW_DATA,NEW,NEW,1148,1,1,CO,25.0,B5_GCO_F010_R2.txt,2,2,late,160.0,1,25.0,25.0
D_NEW_CKPT_NEW_DATA,NEW,NEW,1149,3,3,Methane,50.0,B5_GMe_F020_R1.txt,1,2,late,70.0,1,73.71250899785439,73.71250899785439
D_NEW_CKPT_NEW_DATA,NEW,NEW,1150,2,2,Ethylene,62.5,B5_GEy_F050_R2.txt,2,2,late,85.0,1,62.35224133814333,62.35224133814333
D_NEW_CKPT_NEW_DATA,NEW,NEW,1151,3,3,Methane,225.0,B5_GMe_F090_R1.txt,1,2,late,85.0,1,58.7554182113305,58.7554182113305
D_NEW_CKPT_NEW_DATA,NEW,NEW,1152,3,3,Methane,150.0,B5_GMe_F060_R1.txt,1,2,late,135.0,1,173.95092237267903,173.95092237267903
D_NEW_CKPT_NEW_DATA,NEW,NEW,1153,1,1,CO,200.0,B5_GCO_F080_R2.txt,2,2,late,155.0,1,222.70267379723134,222.70267379723134
D_NEW_CKPT_NEW_DATA,NEW,NEW,1154,3,3,Methane,150.0,B5_GMe_F060_R1.txt,1,2,late,140.0,1,156.5377407256734,156.5377407256734
D_NEW_CKPT_NEW_DATA,NEW,NEW,1155,3,3,Methane,200.0,B5_GMe_F080_R1.txt,1,2,late,140.0,1,167.9404546068015,167.9404546068015
D_NEW_CKPT_NEW_DATA,NEW,NEW,1156,0,0,Ethanol,50.0,B5_GEa_F040_R1.txt,1,2,late,95.0,1,55.40817028368071,55.40817028368071
D_NEW_CKPT_NEW_DATA,NEW,NEW,1157,2,2,Ethylene,50.0,B5_GEy_F040_R2.txt,2,2,late,120.0,1,52.292822047361426,52.292822047361426
D_NEW_CKPT_NEW_DATA,NEW,NEW,1158,2,2,Ethylene,62.5,B5_GEy_F050_R2.txt,2,2,late,155.0,1,67.34925554285256,67.34925554285256
D_NEW_CKPT_NEW_DATA,NEW,NEW,1159,1,1,CO,125.0,B5_GCO_F050_R2.txt,2,2,late,115.0,1,133.26051058201702,133.26051058201702
D_NEW_CKPT_NEW_DATA,NEW,NEW,1160,3,3,Methane,175.0,B5_GMe_F070_R1.txt,1,2,late,115.0,1,173.5575840757674,173.5575840757674
D_NEW_CKPT_NEW_DATA,NEW,NEW,1161,2,2,Ethylene,12.5,B5_GEy_F010_R1.txt,1,2,late,65.0,1,12.5,12.5
D_NEW_CKPT_NEW_DATA,NEW,NEW,1162,3,1,Methane,225.0,B5_GMe_F090_R1.txt,1,2,late,125.0,0,25.0,78.39730513314991
D_NEW_CKPT_NEW_DATA,NEW,NEW,1163,2,2,Ethylene,25.0,B5_GEy_F020_R1.txt,1,2,late,150.0,1,29.55801654214551,29.55801654214551
D_NEW_CKPT_NEW_DATA,NEW,NEW,1164,0,0,Ethanol,50.0,B5_GEa_F040_R1.txt,1,2,late,105.0,1,54.8280536347631,54.8280536347631
D_NEW_CKPT_NEW_DATA,NEW,NEW,1165,3,3,Methane,75.0,B5_GMe_F030_R2.txt,2,2,late,90.0,1,98.27411181880184,98.27411181880184
D_NEW_CKPT_NEW_DATA,NEW,NEW,1166,0,0,Ethanol,112.5,B5_GEa_F090_R2.txt,2,2,late,155.0,1,103.86703107037467,103.86703107037467
D_NEW_CKPT_NEW_DATA,NEW,NEW,1167,3,3,Methane,200.0,B5_GMe_F080_R2.txt,2,2,late,150.0,1,194.8541997487666,194.8541997487666
D_NEW_CKPT_NEW_DATA,NEW,NEW,1168,2,2,Ethylene,112.5,B5_GEy_F090_R1.txt,1,2,late,105.0,1,109.77297342050704,109.77297342050704
D_NEW_CKPT_NEW_DATA,NEW,NEW,1169,0,0,Ethanol,87.5,B5_GEa_F070_R2.txt,2,2,late,65.0,1,78.63256089479763,78.63256089479763
D_NEW_CKPT_NEW_DATA,NEW,NEW,1170,1,1,CO,175.0,B5_GCO_F070_R1.txt,1,2,late,100.0,1,176.24149311681518,176.24149311681518
D_NEW_CKPT_NEW_DATA,NEW,NEW,1171,2,2,Ethylene,50.0,B5_GEy_F040_R2.txt,2,2,late,80.0,1,53.75540960362181,53.75540960362181
D_NEW_CKPT_NEW_DATA,NEW,NEW,1172,0,0,Ethanol,37.5,B5_GEa_F030_R1.txt,1,2,late,140.0,1,46.7656261963227,46.7656261963227
D_NEW_CKPT_NEW_DATA,NEW,NEW,1173,0,0,Ethanol,112.5,B5_GEa_F090_R1.txt,1,2,late,115.0,1,105.94833507101868,105.94833507101868
D_NEW_CKPT_NEW_DATA,NEW,NEW,1174,1,1,CO,25.0,B5_GCO_F010_R2.txt,2,2,late,60.0,1,25.0,25.0
D_NEW_CKPT_NEW_DATA,NEW,NEW,1175,3,3,Methane,200.0,B5_GMe_F080_R1.txt,1,2,late,145.0,1,149.57559110734724,149.57559110734724
D_NEW_CKPT_NEW_DATA,NEW,NEW,1176,2,2,Ethylene,75.0,B5_GEy_F060_R1.txt,1,2,late,105.0,1,78.87845790494382,78.87845790494382
D_NEW_CKPT_NEW_DATA,NEW,NEW,1177,2,2,Ethylene,12.5,B5_GEy_F010_R2.txt,2,2,late,145.0,1,12.5,12.5
D_NEW_CKPT_NEW_DATA,NEW,NEW,1178,0,0,Ethanol,100.0,B5_GEa_F080_R2.txt,2,2,late,80.0,1,90.56556675395854,90.56556675395854
D_NEW_CKPT_NEW_DATA,NEW,NEW,1179,0,0,Ethanol,62.5,B5_GEa_F050_R2.txt,2,2,late,150.0,1,70.64341455449456,70.64341455449456
D_NEW_CKPT_NEW_DATA,NEW,NEW,1180,0,0,Ethanol,37.5,B5_GEa_F030_R2.txt,2,2,late,140.0,1,44.79981889885833,44.79981889885833
D_NEW_CKPT_NEW_DATA,NEW,NEW,1181,3,3,Methane,50.0,B5_GMe_F020_R2.txt,2,2,late,120.0,1,86.97231359593732,86.97231359593732
D_NEW_CKPT_NEW_DATA,NEW,NEW,1182,3,3,Methane,50.0,B5_GMe_F020_R2.txt,2,2,late,60.0,1,72.51766525658402,72.51766525658402
D_NEW_CKPT_NEW_DATA,NEW,NEW,1183,1,1,CO,75.0,B5_GCO_F030_R1.txt,1,2,late,80.0,1,46.38602978471434,46.38602978471434
D_NEW_CKPT_NEW_DATA,NEW,NEW,1184,3,3,Methane,50.0,B5_GMe_F020_R2.txt,2,2,late,145.0,1,76.6242778189246,76.6242778189246
D_NEW_CKPT_NEW_DATA,NEW,NEW,1185,0,0,Ethanol,112.5,B5_GEa_F090_R2.txt,2,2,late,130.0,1,107.6128033909846,107.6128033909846
D_NEW_CKPT_NEW_DATA,NEW,NEW,1186,2,2,Ethylene,112.5,B5_GEy_F090_R2.txt,2,2,late,75.0,1,108.40130881656778,108.40130881656778
D_NEW_CKPT_NEW_DATA,NEW,NEW,1187,3,3,Methane,100.0,B5_GMe_F040_R1.txt,1,2,late,60.0,1,122.00886721747621,122.00886721747621
D_NEW_CKPT_NEW_DATA,NEW,NEW,1188,1,1,CO,150.0,B5_GCO_F060_R2.txt,2,2,late,95.0,1,174.15789087577232,174.15789087577232
D_NEW_CKPT_NEW_DATA,NEW,NEW,1189,2,2,Ethylene,25.0,B5_GEy_F020_R1.txt,1,2,late,125.0,1,24.855116451228852,24.855116451228852
D_NEW_CKPT_NEW_DATA,NEW,NEW,1190,3,3,Methane,100.0,B5_GMe_F040_R2.txt,2,2,late,80.0,1,111.24789171180336,111.24789171180336
D_NEW_CKPT_NEW_DATA,NEW,NEW,1191,2,2,Ethylene,12.5,B5_GEy_F010_R1.txt,1,2,late,160.0,1,12.5,12.5
D_NEW_CKPT_NEW_DATA,NEW,NEW,1192,3,3,Methane,250.0,B5_GMe_F100_R1.txt,1,2,late,155.0,1,178.69106629517347,178.69106629517347
D_NEW_CKPT_NEW_DATA,NEW,NEW,1193,2,2,Ethylene,75.0,B5_GEy_F060_R2.txt,2,2,late,85.0,1,75.58451504057828,75.58451504057828
D_NEW_CKPT_NEW_DATA,NEW,NEW,1194,0,0,Ethanol,50.0,B5_GEa_F040_R1.txt,1,2,late,150.0,1,61.98983464286624,61.98983464286624
D_NEW_CKPT_NEW_DATA,NEW,NEW,1195,0,0,Ethanol,62.5,B5_GEa_F050_R1.txt,1,2,late,115.0,1,76.75402551081373,76.75402551081373
D_NEW_CKPT_NEW_DATA,NEW,NEW,1196,0,0,Ethanol,100.0,B5_GEa_F080_R2.txt,2,2,late,95.0,1,92.19284907649327,92.19284907649327
D_NEW_CKPT_NEW_DATA,NEW,NEW,1197,3,3,Methane,75.0,B5_GMe_F030_R2.txt,2,2,late,85.0,1,100.85787807038815,100.85787807038815
D_NEW_CKPT_NEW_DATA,NEW,NEW,1198,2,2,Ethylene,62.5,B5_GEy_F050_R2.txt,2,2,late,130.0,1,64.99959879848153,64.99959879848153
D_NEW_CKPT_NEW_DATA,NEW,NEW,1199,0,0,Ethanol,125.0,B5_GEa_F100_R1.txt,1,2,late,90.0,1,112.19854383853101,112.19854383853101
D_NEW_CKPT_NEW_DATA,NEW,NEW,1200,2,2,Ethylene,25.0,B5_GEy_F020_R1.txt,1,2,late,100.0,1,27.541744035342653,27.541744035342653
D_NEW_CKPT_NEW_DATA,NEW,NEW,1201,2,2,Ethylene,12.5,B5_GEy_F010_R1.txt,1,2,late,150.0,1,12.5,12.5
D_NEW_CKPT_NEW_DATA,NEW,NEW,1202,2,2,Ethylene,62.5,B5_GEy_F050_R2.txt,2,2,late,145.0,1,61.593019652456476,61.593019652456476
D_NEW_CKPT_NEW_DATA,NEW,NEW,1203,0,0,Ethanol,62.5,B5_GEa_F050_R2.txt,2,2,late,75.0,1,61.89457809920955,61.89457809920955
D_NEW_CKPT_NEW_DATA,NEW,NEW,1204,2,2,Ethylene,112.5,B5_GEy_F090_R1.txt,1,2,late,125.0,1,110.070456625865,110.070456625865
D_NEW_CKPT_NEW_DATA,NEW,NEW,1205,3,3,Methane,250.0,B5_GMe_F100_R1.txt,1,2,late,110.0,1,203.31939456373885,203.31939456373885
D_NEW_CKPT_NEW_DATA,NEW,NEW,1206,2,2,Ethylene,100.0,B5_GEy_F080_R2.txt,2,2,late,145.0,1,98.4402748103052,98.4402748103052
D_NEW_CKPT_NEW_DATA,NEW,NEW,1207,3,3,Methane,25.0,B5_GMe_F010_R1.txt,1,2,late,115.0,1,37.419838878815725,37.419838878815725
D_NEW_CKPT_NEW_DATA,NEW,NEW,1208,2,2,Ethylene,112.5,B5_GEy_F090_R2.txt,2,2,late,130.0,1,105.39071096806202,105.39071096806202
D_NEW_CKPT_NEW_DATA,NEW,NEW,1209,3,3,Methane,75.0,B5_GMe_F030_R2.txt,2,2,late,75.0,1,99.00409492400068,99.00409492400068
D_NEW_CKPT_NEW_DATA,NEW,NEW,1210,3,3,Methane,225.0,B5_GMe_F090_R2.txt,2,2,late,95.0,1,212.31632096039954,212.31632096039954
D_NEW_CKPT_NEW_DATA,NEW,NEW,1211,2,2,Ethylene,112.5,B5_GEy_F090_R1.txt,1,2,late,115.0,1,109.90725166950257,109.90725166950257
D_NEW_CKPT_NEW_DATA,NEW,NEW,1212,1,1,CO,125.0,B5_GCO_F050_R2.txt,2,2,late,135.0,1,147.61175799528573,147.61175799528573
D_NEW_CKPT_NEW_DATA,NEW,NEW,1213,2,2,Ethylene,12.5,B5_GEy_F010_R2.txt,2,2,late,150.0,1,12.5,12.5
D_NEW_CKPT_NEW_DATA,NEW,NEW,1214,3,3,Methane,125.0,B5_GMe_F050_R1.txt,1,2,late,105.0,1,150.12194687314943,150.12194687314943
D_NEW_CKPT_NEW_DATA,NEW,NEW,1215,1,1,CO,225.0,B5_GCO_F090_R1.txt,1,2,late,140.0,1,235.8676309243638,235.8676309243638
D_NEW_CKPT_NEW_DATA,NEW,NEW,1216,1,1,CO,175.0,B5_GCO_F070_R2.txt,2,2,late,125.0,1,179.89504261351547,179.89504261351547
D_NEW_CKPT_NEW_DATA,NEW,NEW,1217,0,0,Ethanol,12.5,B5_GEa_F010_R2.txt,2,2,late,135.0,1,14.165021281893821,14.165021281893821
D_NEW_CKPT_NEW_DATA,NEW,NEW,1218,3,3,Methane,100.0,B5_GMe_F040_R1.txt,1,2,late,150.0,1,84.30143256159741,84.30143256159741
D_NEW_CKPT_NEW_DATA,NEW,NEW,1219,1,1,CO,75.0,B5_GCO_F030_R2.txt,2,2,late,145.0,1,62.69473296970395,62.69473296970395
D_NEW_CKPT_NEW_DATA,NEW,NEW,1220,1,1,CO,175.0,B5_GCO_F070_R2.txt,2,2,late,135.0,1,192.41877282626604,192.41877282626604
D_NEW_CKPT_NEW_DATA,NEW,NEW,1221,3,3,Methane,75.0,B5_GMe_F030_R1.txt,1,2,late,115.0,1,110.38149725638934,110.38149725638934
D_NEW_CKPT_NEW_DATA,NEW,NEW,1222,0,0,Ethanol,75.0,B5_GEa_F060_R1.txt,1,2,late,65.0,1,82.75636986405232,82.75636986405232
D_NEW_CKPT_NEW_DATA,NEW,NEW,1223,2,2,Ethylene,25.0,B5_GEy_F020_R2.txt,2,2,late,80.0,1,26.147157080356706,26.147157080356706
D_NEW_CKPT_NEW_DATA,NEW,NEW,1224,0,0,Ethanol,100.0,B5_GEa_F080_R2.txt,2,2,late,100.0,1,93.70072382398851,93.70072382398851
D_NEW_CKPT_NEW_DATA,NEW,NEW,1225,3,3,Methane,200.0,B5_GMe_F080_R1.txt,1,2,late,105.0,1,202.10546543207354,202.10546543207354
D_NEW_CKPT_NEW_DATA,NEW,NEW,1226,0,0,Ethanol,100.0,B5_GEa_F080_R2.txt,2,2,late,90.0,1,96.0435833978101,96.0435833978101
D_NEW_CKPT_NEW_DATA,NEW,NEW,1227,1,1,CO,175.0,B5_GCO_F070_R1.txt,1,2,late,135.0,1,171.9100823544997,171.9100823544997
D_NEW_CKPT_NEW_DATA,NEW,NEW,1228,2,2,Ethylene,50.0,B5_GEy_F040_R1.txt,1,2,late,60.0,1,45.17959771856593,45.17959771856593
D_NEW_CKPT_NEW_DATA,NEW,NEW,1229,3,3,Methane,225.0,B5_GMe_F090_R2.txt,2,2,late,110.0,1,189.47847439682187,189.47847439682187
D_NEW_CKPT_NEW_DATA,NEW,NEW,1230,0,0,Ethanol,62.5,B5_GEa_F050_R1.txt,1,2,late,80.0,1,75.7330853251703,75.7330853251703
D_NEW_CKPT_NEW_DATA,NEW,NEW,1231,3,3,Methane,75.0,B5_GMe_F030_R1.txt,1,2,late,155.0,1,65.89501717177966,65.89501717177966
D_NEW_CKPT_NEW_DATA,NEW,NEW,1232,3,3,Methane,175.0,B5_GMe_F070_R1.txt,1,2,late,70.0,1,180.5341118720997,180.5341118720997
D_NEW_CKPT_NEW_DATA,NEW,NEW,1233,3,3,Methane,100.0,B5_GMe_F040_R1.txt,1,2,late,80.0,1,115.48268871421287,115.48268871421287
D_NEW_CKPT_NEW_DATA,NEW,NEW,1234,3,3,Methane,175.0,B5_GMe_F070_R2.txt,2,2,late,80.0,1,166.0594170579598,166.0594170579598
D_NEW_CKPT_NEW_DATA,NEW,NEW,1235,2,2,Ethylene,37.5,B5_GEy_F030_R1.txt,1,2,late,95.0,1,40.05094711536519,40.05094711536519
D_NEW_CKPT_NEW_DATA,NEW,NEW,1236,1,1,CO,75.0,B5_GCO_F030_R1.txt,1,2,late,130.0,1,86.54230401526712,86.54230401526712
D_NEW_CKPT_NEW_DATA,NEW,NEW,1237,1,1,CO,250.0,B5_GCO_F100_R1.txt,1,2,late,70.0,1,232.8459437210297,232.8459437210297
D_NEW_CKPT_NEW_DATA,NEW,NEW,1238,1,1,CO,100.0,B5_GCO_F040_R2.txt,2,2,late,145.0,1,101.79914428661765,101.79914428661765
D_NEW_CKPT_NEW_DATA,NEW,NEW,1239,1,1,CO,75.0,B5_GCO_F030_R1.txt,1,2,late,105.0,1,48.20085873328374,48.20085873328374
D_NEW_CKPT_NEW_DATA,NEW,NEW,1240,1,1,CO,250.0,B5_GCO_F100_R2.txt,2,2,late,160.0,1,184.2946858497342,184.2946858497342
D_NEW_CKPT_NEW_DATA,NEW,NEW,1241,3,3,Methane,100.0,B5_GMe_F040_R2.txt,2,2,late,160.0,1,123.94917122131264,123.94917122131264
D_NEW_CKPT_NEW_DATA,NEW,NEW,1242,2,2,Ethylene,50.0,B5_GEy_F040_R2.txt,2,2,late,65.0,1,51.99546755271807,51.99546755271807
D_NEW_CKPT_NEW_DATA,NEW,NEW,1243,1,1,CO,75.0,B5_GCO_F030_R1.txt,1,2,late,150.0,1,60.69519202486646,60.69519202486646
D_NEW_CKPT_NEW_DATA,NEW,NEW,1244,1,1,CO,50.0,B5_GCO_F020_R2.txt,2,2,late,155.0,1,75.87812880106574,75.87812880106574
D_NEW_CKPT_NEW_DATA,NEW,NEW,1245,1,1,CO,250.0,B5_GCO_F100_R2.txt,2,2,late,120.0,1,235.96230087441467,235.96230087441467
D_NEW_CKPT_NEW_DATA,NEW,NEW,1246,0,0,Ethanol,62.5,B5_GEa_F050_R1.txt,1,2,late,145.0,1,81.42805112131195,81.42805112131195
D_NEW_CKPT_NEW_DATA,NEW,NEW,1247,2,2,Ethylene,37.5,B5_GEy_F030_R2.txt,2,2,late,125.0,1,39.53689192122455,39.53689192122455
D_NEW_CKPT_NEW_DATA,NEW,NEW,1248,0,0,Ethanol,50.0,B5_GEa_F040_R1.txt,1,2,late,70.0,1,51.154106618065214,51.154106618065214
D_NEW_CKPT_NEW_DATA,NEW,NEW,1249,0,0,Ethanol,112.5,B5_GEa_F090_R1.txt,1,2,late,80.0,1,105.59152879618671,105.59152879618671
D_NEW_CKPT_NEW_DATA,NEW,NEW,1250,1,1,CO,175.0,B5_GCO_F070_R1.txt,1,2,late,130.0,1,180.51884747457484,180.51884747457484
D_NEW_CKPT_NEW_DATA,NEW,NEW,1251,1,1,CO,50.0,B5_GCO_F020_R2.txt,2,2,late,145.0,1,68.65478844393792,68.65478844393792
D_NEW_CKPT_NEW_DATA,NEW,NEW,1252,3,3,Methane,125.0,B5_GMe_F050_R2.txt,2,2,late,110.0,1,112.88189823626003,112.88189823626003
D_NEW_CKPT_NEW_DATA,NEW,NEW,1253,3,3,Methane,100.0,B5_GMe_F040_R1.txt,1,2,late,110.0,1,100.95968328276234,100.95968328276234
D_NEW_CKPT_NEW_DATA,NEW,NEW,1254,1,1,CO,100.0,B5_GCO_F040_R1.txt,1,2,late,125.0,1,88.95601493129732,88.95601493129732
D_NEW_CKPT_NEW_DATA,NEW,NEW,1255,2,2,Ethylene,75.0,B5_GEy_F060_R1.txt,1,2,late,150.0,1,79.91510085936817,79.91510085936817
D_NEW_CKPT_NEW_DATA,NEW,NEW,1256,0,0,Ethanol,87.5,B5_GEa_F070_R1.txt,1,2,late,60.0,1,85.94766376600587,85.94766376600587
D_NEW_CKPT_NEW_DATA,NEW,NEW,1257,1,1,CO,100.0,B5_GCO_F040_R1.txt,1,2,late,65.0,1,90.7788910823166,90.7788910823166
D_NEW_CKPT_NEW_DATA,NEW,NEW,1258,2,2,Ethylene,100.0,B5_GEy_F080_R2.txt,2,2,late,105.0,1,103.95327370442341,103.95327370442341
D_NEW_CKPT_NEW_DATA,NEW,NEW,1259,0,0,Ethanol,62.5,B5_GEa_F050_R1.txt,1,2,late,150.0,1,83.32228037133582,83.32228037133582
D_NEW_CKPT_NEW_DATA,NEW,NEW,1260,2,2,Ethylene,50.0,B5_GEy_F040_R1.txt,1,2,late,90.0,1,52.637327073548306,52.637327073548306
D_NEW_CKPT_NEW_DATA,NEW,NEW,1261,0,0,Ethanol,25.0,B5_GEa_F020_R2.txt,2,2,late,145.0,1,28.732977229004568,28.732977229004568
D_NEW_CKPT_NEW_DATA,NEW,NEW,1262,0,0,Ethanol,50.0,B5_GEa_F040_R1.txt,1,2,late,100.0,1,56.82400234970688,56.82400234970688
D_NEW_CKPT_NEW_DATA,NEW,NEW,1263,0,0,Ethanol,25.0,B5_GEa_F020_R1.txt,1,2,late,85.0,1,31.281131373460816,31.281131373460816
D_NEW_CKPT_NEW_DATA,NEW,NEW,1264,3,3,Methane,225.0,B5_GMe_F090_R2.txt,2,2,late,85.0,1,204.23044795635585,204.23044795635585
D_NEW_CKPT_NEW_DATA,NEW,NEW,1265,2,2,Ethylene,112.5,B5_GEy_F090_R2.txt,2,2,late,60.0,1,104.00937125147415,104.00937125147415
D_NEW_CKPT_NEW_DATA,NEW,NEW,1266,3,3,Methane,250.0,B5_GMe_F100_R2.txt,2,2,late,65.0,1,223.59567264948058,223.59567264948058
D_NEW_CKPT_NEW_DATA,NEW,NEW,1267,0,0,Ethanol,112.5,B5_GEa_F090_R2.txt,2,2,late,90.0,1,107.37037653114102,107.37037653114102
D_NEW_CKPT_NEW_DATA,NEW,NEW,1268,2,2,Ethylene,37.5,B5_GEy_F030_R2.txt,2,2,late,150.0,1,36.68185846255724,36.68185846255724
D_NEW_CKPT_NEW_DATA,NEW,NEW,1269,1,1,CO,100.0,B5_GCO_F040_R1.txt,1,2,late,75.0,1,96.13329806525219,96.13329806525219
D_NEW_CKPT_NEW_DATA,NEW,NEW,1270,0,0,Ethanol,125.0,B5_GEa_F100_R1.txt,1,2,late,160.0,1,105.39868956469888,105.39868956469888
D_NEW_CKPT_NEW_DATA,NEW,NEW,1271,1,1,CO,125.0,B5_GCO_F050_R2.txt,2,2,late,105.0,1,122.07332145153944,122.07332145153944
D_NEW_CKPT_NEW_DATA,NEW,NEW,1272,1,1,CO,50.0,B5_GCO_F020_R1.txt,1,2,late,80.0,1,45.239301029745235,45.239301029745235
D_NEW_CKPT_NEW_DATA,NEW,NEW,1273,2,2,Ethylene,112.5,B5_GEy_F090_R1.txt,1,2,late,95.0,1,113.41061289595201,113.41061289595201
D_NEW_CKPT_NEW_DATA,NEW,NEW,1274,2,2,Ethylene,100.0,B5_GEy_F080_R1.txt,1,2,late,95.0,1,101.63743311871191,101.63743311871191
D_NEW_CKPT_NEW_DATA,NEW,NEW,1275,3,3,Methane,125.0,B5_GMe_F050_R2.txt,2,2,late,100.0,1,163.7830396040196,163.7830396040196
D_NEW_CKPT_NEW_DATA,NEW,NEW,1276,0,0,Ethanol,50.0,B5_GEa_F040_R2.txt,2,2,late,120.0,1,50.1428140185318,50.1428140185318
D_NEW_CKPT_NEW_DATA,NEW,NEW,1277,0,0,Ethanol,125.0,B5_GEa_F100_R2.txt,2,2,late,135.0,1,115.02415152879504,115.02415152879504
D_NEW_CKPT_NEW_DATA,NEW,NEW,1278,2,2,Ethylene,87.5,B5_GEy_F070_R2.txt,2,2,late,160.0,1,96.4725323935285,96.4725323935285
D_NEW_CKPT_NEW_DATA,NEW,NEW,1279,0,0,Ethanol,62.5,B5_GEa_F050_R2.txt,2,2,late,155.0,1,66.69841148401066,66.69841148401066
D_NEW_CKPT_NEW_DATA,NEW,NEW,1280,3,3,Methane,100.0,B5_GMe_F040_R1.txt,1,2,late,120.0,1,114.55027287415572,114.55027287415572
D_NEW_CKPT_NEW_DATA,NEW,NEW,1281,0,0,Ethanol,100.0,B5_GEa_F080_R2.txt,2,2,late,70.0,1,88.72244105930177,88.72244105930177
D_NEW_CKPT_NEW_DATA,NEW,NEW,1282,3,3,Methane,175.0,B5_GMe_F070_R2.txt,2,2,late,135.0,1,175.1304697694572,175.1304697694572
D_NEW_CKPT_NEW_DATA,NEW,NEW,1283,3,3,Methane,100.0,B5_GMe_F040_R2.txt,2,2,late,130.0,1,91.75176192185246,91.75176192185246
D_NEW_CKPT_NEW_DATA,NEW,NEW,1284,3,3,Methane,250.0,B5_GMe_F100_R2.txt,2,2,late,160.0,1,206.8975392000827,206.8975392000827
D_NEW_CKPT_NEW_DATA,NEW,NEW,1285,3,3,Methane,100.0,B5_GMe_F040_R1.txt,1,2,late,130.0,1,119.70510030511362,119.70510030511362
D_NEW_CKPT_NEW_DATA,NEW,NEW,1286,2,2,Ethylene,125.0,B5_GEy_F100_R1.txt,1,2,late,155.0,1,125.0,125.0
D_NEW_CKPT_NEW_DATA,NEW,NEW,1287,3,3,Methane,25.0,B5_GMe_F010_R2.txt,2,2,late,105.0,1,31.22921993820232,31.22921993820232
D_NEW_CKPT_NEW_DATA,NEW,NEW,1288,0,1,Ethanol,100.0,B5_GEa_F080_R2.txt,2,2,late,60.0,0,250.0,74.75297284258549
D_NEW_CKPT_NEW_DATA,NEW,NEW,1289,1,1,CO,250.0,B5_GCO_F100_R2.txt,2,2,late,135.0,1,250.0,250.0
D_NEW_CKPT_NEW_DATA,NEW,NEW,1290,1,1,CO,175.0,B5_GCO_F070_R1.txt,1,2,late,150.0,1,141.05907905763218,141.05907905763218
D_NEW_CKPT_NEW_DATA,NEW,NEW,1291,0,0,Ethanol,37.5,B5_GEa_F030_R1.txt,1,2,late,115.0,1,47.44037930991135,47.44037930991135
D_NEW_CKPT_NEW_DATA,NEW,NEW,1292,0,0,Ethanol,25.0,B5_GEa_F020_R2.txt,2,2,late,110.0,1,28.44433714416217,28.44433714416217
D_NEW_CKPT_NEW_DATA,NEW,NEW,1293,3,3,Methane,50.0,B5_GMe_F020_R1.txt,1,2,late,105.0,1,75.99651481379401,75.99651481379401
D_NEW_CKPT_NEW_DATA,NEW,NEW,1294,1,1,CO,225.0,B5_GCO_F090_R1.txt,1,2,late,85.0,1,229.55010144720694,229.55010144720694
D_NEW_CKPT_NEW_DATA,NEW,NEW,1295,1,1,CO,225.0,B5_GCO_F090_R1.txt,1,2,late,135.0,1,244.05290796808242,244.05290796808242
D_NEW_CKPT_NEW_DATA,NEW,NEW,1296,3,3,Methane,125.0,B5_GMe_F050_R2.txt,2,2,late,115.0,1,158.943174340816,158.943174340816
D_NEW_CKPT_NEW_DATA,NEW,NEW,1297,2,2,Ethylene,37.5,B5_GEy_F030_R2.txt,2,2,late,60.0,1,41.01016267625789,41.01016267625789
D_NEW_CKPT_NEW_DATA,NEW,NEW,1298,0,0,Ethanol,100.0,B5_GEa_F080_R1.txt,1,2,late,80.0,1,90.22504014899067,90.22504014899067
D_NEW_CKPT_NEW_DATA,NEW,NEW,1299,1,1,CO,150.0,B5_GCO_F060_R2.txt,2,2,late,60.0,1,180.23917053826395,180.23917053826395
D_NEW_CKPT_NEW_DATA,NEW,NEW,1300,2,2,Ethylene,87.5,B5_GEy_F070_R2.txt,2,2,late,115.0,1,82.1671684455833,82.1671684455833
D_NEW_CKPT_NEW_DATA,NEW,NEW,1301,1,1,CO,225.0,B5_GCO_F090_R1.txt,1,2,late,60.0,1,235.75384827133766,235.75384827133766
D_NEW_CKPT_NEW_DATA,NEW,NEW,1302,0,0,Ethanol,100.0,B5_GEa_F080_R2.txt,2,2,late,160.0,1,93.06021096354682,93.06021096354682
D_NEW_CKPT_NEW_DATA,NEW,NEW,1303,1,1,CO,75.0,B5_GCO_F030_R1.txt,1,2,late,100.0,1,56.73185483733971,56.73185483733971
D_NEW_CKPT_NEW_DATA,NEW,NEW,1304,0,0,Ethanol,37.5,B5_GEa_F030_R2.txt,2,2,late,135.0,1,43.88556556720971,43.88556556720971
D_NEW_CKPT_NEW_DATA,NEW,NEW,1305,3,3,Methane,250.0,B5_GMe_F100_R2.txt,2,2,late,60.0,1,236.350310492404,236.350310492404
D_NEW_CKPT_NEW_DATA,NEW,NEW,1306,1,1,CO,175.0,B5_GCO_F070_R1.txt,1,2,late,140.0,1,168.10065644908923,168.10065644908923
D_NEW_CKPT_NEW_DATA,NEW,NEW,1307,3,3,Methane,75.0,B5_GMe_F030_R2.txt,2,2,late,120.0,1,84.68368140271639,84.68368140271639
D_NEW_CKPT_NEW_DATA,NEW,NEW,1308,3,3,Methane,225.0,B5_GMe_F090_R1.txt,1,2,late,80.0,1,49.53761237058325,49.53761237058325
D_NEW_CKPT_NEW_DATA,NEW,NEW,1309,2,2,Ethylene,12.5,B5_GEy_F010_R2.txt,2,2,late,135.0,1,12.5,12.5
D_NEW_CKPT_NEW_DATA,NEW,NEW,1310,2,2,Ethylene,62.5,B5_GEy_F050_R1.txt,1,2,late,145.0,1,66.45014927173885,66.45014927173885
D_NEW_CKPT_NEW_DATA,NEW,NEW,1311,2,2,Ethylene,87.5,B5_GEy_F070_R1.txt,1,2,late,90.0,1,85.41764282056612,85.41764282056612
D_NEW_CKPT_NEW_DATA,NEW,NEW,1312,1,1,CO,75.0,B5_GCO_F030_R1.txt,1,2,late,70.0,1,69.61440640556044,69.61440640556044
D_NEW_CKPT_NEW_DATA,NEW,NEW,1313,1,1,CO,250.0,B5_GCO_F100_R2.txt,2,2,late,85.0,1,238.29978691170874,238.29978691170874
D_NEW_CKPT_NEW_DATA,NEW,NEW,1314,2,2,Ethylene,87.5,B5_GEy_F070_R1.txt,1,2,late,115.0,1,90.2108838431885,90.2108838431885
D_NEW_CKPT_NEW_DATA,NEW,NEW,1315,3,3,Methane,25.0,B5_GMe_F010_R1.txt,1,2,late,120.0,1,55.82514750184359,55.82514750184359
D_NEW_CKPT_NEW_DATA,NEW,NEW,1316,2,2,Ethylene,62.5,B5_GEy_F050_R1.txt,1,2,late,105.0,1,63.89075572560488,63.89075572560488
D_NEW_CKPT_NEW_DATA,NEW,NEW,1317,2,2,Ethylene,50.0,B5_GEy_F040_R1.txt,1,2,late,150.0,1,56.793556926596224,56.793556926596224
D_NEW_CKPT_NEW_DATA,NEW,NEW,1318,1,1,CO,150.0,B5_GCO_F060_R2.txt,2,2,late,135.0,1,178.38823634857607,178.38823634857607
D_NEW_CKPT_NEW_DATA,NEW,NEW,1319,3,3,Methane,100.0,B5_GMe_F040_R1.txt,1,2,late,115.0,1,98.24309142562295,98.24309142562295
D_NEW_CKPT_NEW_DATA,NEW,NEW,1320,0,0,Ethanol,62.5,B5_GEa_F050_R1.txt,1,2,late,140.0,1,77.61304065659141,77.61304065659141
D_NEW_CKPT_NEW_DATA,NEW,NEW,1321,3,3,Methane,250.0,B5_GMe_F100_R1.txt,1,2,late,90.0,1,208.52442774919368,208.52442774919368
D_NEW_CKPT_NEW_DATA,NEW,NEW,1322,2,2,Ethylene,87.5,B5_GEy_F070_R2.txt,2,2,late,65.0,1,84.93993042500269,84.93993042500269
D_NEW_CKPT_NEW_DATA,NEW,NEW,1323,2,2,Ethylene,100.0,B5_GEy_F080_R1.txt,1,2,late,140.0,1,100.78326221462044,100.78326221462044
D_NEW_CKPT_NEW_DATA,NEW,NEW,1324,1,1,CO,250.0,B5_GCO_F100_R1.txt,1,2,late,85.0,1,250.0,250.0
D_NEW_CKPT_NEW_DATA,NEW,NEW,1325,1,1,CO,25.0,B5_GCO_F010_R1.txt,1,2,late,155.0,1,28.917204918544257,28.917204918544257
D_NEW_CKPT_NEW_DATA,NEW,NEW,1326,3,3,Methane,175.0,B5_GMe_F070_R1.txt,1,2,late,140.0,1,183.36339529247718,183.36339529247718
D_NEW_CKPT_NEW_DATA,NEW,NEW,1327,1,1,CO,25.0,B5_GCO_F010_R2.txt,2,2,late,80.0,1,25.0,25.0
D_NEW_CKPT_NEW_DATA,NEW,NEW,1328,1,1,CO,100.0,B5_GCO_F040_R1.txt,1,2,late,90.0,1,107.73466369897473,107.73466369897473
D_NEW_CKPT_NEW_DATA,NEW,NEW,1329,3,3,Methane,225.0,B5_GMe_F090_R2.txt,2,2,late,60.0,1,230.64730453119907,230.64730453119907
D_NEW_CKPT_NEW_DATA,NEW,NEW,1330,0,0,Ethanol,12.5,B5_GEa_F010_R1.txt,1,2,late,90.0,1,12.5,12.5
D_NEW_CKPT_NEW_DATA,NEW,NEW,1331,2,2,Ethylene,75.0,B5_GEy_F060_R1.txt,1,2,late,145.0,1,80.78997717676735,80.78997717676735
D_NEW_CKPT_NEW_DATA,NEW,NEW,1332,2,2,Ethylene,37.5,B5_GEy_F030_R1.txt,1,2,late,125.0,1,37.28405088400689,37.28405088400689
D_NEW_CKPT_NEW_DATA,NEW,NEW,1333,3,3,Methane,200.0,B5_GMe_F080_R2.txt,2,2,late,80.0,1,188.48176065117886,188.48176065117886
D_NEW_CKPT_NEW_DATA,NEW,NEW,1334,0,0,Ethanol,25.0,B5_GEa_F020_R1.txt,1,2,late,65.0,1,33.217361580476215,33.217361580476215
D_NEW_CKPT_NEW_DATA,NEW,NEW,1335,0,0,Ethanol,112.5,B5_GEa_F090_R1.txt,1,2,late,70.0,1,105.02881151510007,105.02881151510007
D_NEW_CKPT_NEW_DATA,NEW,NEW,1336,1,1,CO,175.0,B5_GCO_F070_R1.txt,1,2,late,155.0,1,185.7142173329359,185.7142173329359
D_NEW_CKPT_NEW_DATA,NEW,NEW,1337,3,3,Methane,125.0,B5_GMe_F050_R1.txt,1,2,late,140.0,1,143.0495478157153,143.0495478157153
D_NEW_CKPT_NEW_DATA,NEW,NEW,1338,1,1,CO,250.0,B5_GCO_F100_R1.txt,1,2,late,65.0,1,233.9604010701508,233.9604010701508
D_NEW_CKPT_NEW_DATA,NEW,NEW,1339,3,1,Methane,225.0,B5_GMe_F090_R1.txt,1,2,late,65.0,0,25.0,79.44588271589546
D_NEW_CKPT_NEW_DATA,NEW,NEW,1340,3,3,Methane,125.0,B5_GMe_F050_R1.txt,1,2,late,100.0,1,137.61084621363628,137.61084621363628
D_NEW_CKPT_NEW_DATA,NEW,NEW,1341,0,0,Ethanol,37.5,B5_GEa_F030_R2.txt,2,2,late,150.0,1,59.2026292531417,59.2026292531417
D_NEW_CKPT_NEW_DATA,NEW,NEW,1342,0,0,Ethanol,87.5,B5_GEa_F070_R1.txt,1,2,late,130.0,1,96.21895367426092,96.21895367426092
D_NEW_CKPT_NEW_DATA,NEW,NEW,1343,0,0,Ethanol,50.0,B5_GEa_F040_R1.txt,1,2,late,85.0,1,52.7189197250315,52.7189197250315
D_NEW_CKPT_NEW_DATA,NEW,NEW,1344,3,3,Methane,250.0,B5_GMe_F100_R2.txt,2,2,late,135.0,1,243.55507107406936,243.55507107406936
D_NEW_CKPT_NEW_DATA,NEW,NEW,1345,1,1,CO,100.0,B5_GCO_F040_R2.txt,2,2,late,110.0,1,103.63168769542676,103.63168769542676
D_NEW_CKPT_NEW_DATA,NEW,NEW,1346,2,2,Ethylene,75.0,B5_GEy_F060_R1.txt,1,2,late,120.0,1,79.87874422957829,79.87874422957829
D_NEW_CKPT_NEW_DATA,NEW,NEW,1347,2,2,Ethylene,75.0,B5_GEy_F060_R1.txt,1,2,late,155.0,1,93.39469952560432,93.39469952560432
D_NEW_CKPT_NEW_DATA,NEW,NEW,1348,2,2,Ethylene,100.0,B5_GEy_F080_R1.txt,1,2,late,70.0,1,105.98511483135735,105.98511483135735
D_NEW_CKPT_NEW_DATA,NEW,NEW,1349,3,3,Methane,125.0,B5_GMe_F050_R1.txt,1,2,late,60.0,1,135.057005490425,135.057005490425
D_NEW_CKPT_NEW_DATA,NEW,NEW,1350,3,3,Methane,250.0,B5_GMe_F100_R2.txt,2,2,late,70.0,1,224.5582649280806,224.5582649280806
D_NEW_CKPT_NEW_DATA,NEW,NEW,1351,1,1,CO,250.0,B5_GCO_F100_R2.txt,2,2,late,115.0,1,248.83900989881124,248.83900989881124
D_NEW_CKPT_NEW_DATA,NEW,NEW,1352,3,3,Methane,75.0,B5_GMe_F030_R2.txt,2,2,late,100.0,1,100.08139826477549,100.08139826477549
D_NEW_CKPT_NEW_DATA,NEW,NEW,1353,2,2,Ethylene,125.0,B5_GEy_F100_R2.txt,2,2,late,95.0,1,125.0,125.0
D_NEW_CKPT_NEW_DATA,NEW,NEW,1354,1,1,CO,25.0,B5_GCO_F010_R2.txt,2,2,late,150.0,1,25.0,25.0
D_NEW_CKPT_NEW_DATA,NEW,NEW,1355,3,3,Methane,150.0,B5_GMe_F060_R2.txt,2,2,late,80.0,1,154.49959810389356,154.49959810389356
D_NEW_CKPT_NEW_DATA,NEW,NEW,1356,0,0,Ethanol,25.0,B5_GEa_F020_R1.txt,1,2,late,105.0,1,35.16628241458568,35.16628241458568
D_NEW_CKPT_NEW_DATA,NEW,NEW,1357,0,0,Ethanol,100.0,B5_GEa_F080_R1.txt,1,2,late,105.0,1,91.87545423535305,91.87545423535305
D_NEW_CKPT_NEW_DATA,NEW,NEW,1358,3,3,Methane,125.0,B5_GMe_F050_R2.txt,2,2,late,65.0,1,136.53096011246942,136.53096011246942
D_NEW_CKPT_NEW_DATA,NEW,NEW,1359,1,1,CO,225.0,B5_GCO_F090_R1.txt,1,2,late,80.0,1,232.9176797066727,232.9176797066727
