sample_index,pred_class,h8_ppm,deployment_risk_full,qc_decision,auto_output_ppm,qc_workpoint,selected_profile,filename,repeat_id
0,0,111.1965571255975,0.4916666666666667,accept,111.1965571255975,HC95,b5_c5_r4_h23_hc95,B5_GEa_F090_R2.txt,2
1,0,65.96746491327033,0.40625,accept,65.96746491327033,HC95,b5_c5_r4_h23_hc95,B5_GEa_F060_R2.txt,2
2,0,23.52794710739304,0.4875,accept,23.52794710739304,HC95,b5_c5_r4_h23_hc95,B5_GEa_F020_R1.txt,1
3,2,98.08892858210714,0.6895833333333333,accept,98.08892858210714,HC95,b5_c5_r4_h23_hc95,B5_GEy_F090_R1.txt,1
4,3,64.82507855099028,0.55625,accept,64.82507855099028,HC95,b5_c5_r4_h23_hc95,B5_GMe_F030_R2.txt,2
5,0,23.541953765067397,0.3875,accept,23.541953765067397,HC95,b5_c5_r4_h23_hc95,B5_GEa_F020_R1.txt,1
6,0,85.35254551336965,0.4666666666666666,accept,85.35254551336965,HC95,b5_c5_r4_h23_hc95,B5_GEa_F070_R1.txt,1
7,3,220.44699265545776,0.3916666666666666,accept,220.44699265545776,HC95,b5_c5_r4_h23_hc95,B5_GMe_F090_R1.txt,1
8,1,208.88452486486182,0.6749999999999999,accept,208.88452486486182,HC95,b5_c5_r4_h23_hc95,B5_GCO_F090_R2.txt,2
9,0,39.34887742598707,0.4291666666666667,accept,39.34887742598707,HC95,b5_c5_r4_h23_hc95,B5_GEa_F030_R1.txt,1
10,1,161.04497918723962,0.4937500000000001,accept,161.04497918723962,HC95,b5_c5_r4_h23_hc95,B5_GCO_F060_R2.txt,2
11,1,241.63494133471798,0.725,accept,241.63494133471798,HC95,b5_c5_r4_h23_hc95,B5_GCO_F100_R1.txt,1
12,0,125.0,0.4666666666666666,accept,125.0,HC95,b5_c5_r4_h23_hc95,B5_GEa_F100_R2.txt,2
13,2,12.5,0.7625000000000001,accept,12.5,HC95,b5_c5_r4_h23_hc95,B5_GMe_F020_R1.txt,1
14,0,100.23106490995738,0.4479166666666667,accept,100.23106490995738,HC95,b5_c5_r4_h23_hc95,B5_GEa_F070_R2.txt,2
15,1,57.68489052155177,0.6895833333333332,accept,57.68489052155177,HC95,b5_c5_r4_h23_hc95,B5_GCO_F020_R2.txt,2
16,0,64.93520256635838,0.49374999999999997,accept,64.93520256635838,HC95,b5_c5_r4_h23_hc95,B5_GEa_F050_R2.txt,2
17,2,39.55796726749193,0.625,accept,39.55796726749193,HC95,b5_c5_r4_h23_hc95,B5_GEy_F030_R2.txt,2
18,0,95.92565245511939,0.5270833333333332,accept,95.92565245511939,HC95,b5_c5_r4_h23_hc95,B5_GEa_F060_R1.txt,1
19,1,235.30207143846118,0.6583333333333333,accept,235.30207143846118,HC95,b5_c5_r4_h23_hc95,B5_GCO_F100_R2.txt,2
20,0,41.032414356549474,0.4979166666666666,accept,41.032414356549474,HC95,b5_c5_r4_h23_hc95,B5_GEa_F030_R1.txt,1
21,2,25.510885557570617,0.6395833333333333,accept,25.510885557570617,HC95,b5_c5_r4_h23_hc95,B5_GEy_F020_R1.txt,1
22,2,12.5,0.7666666666666666,accept,12.5,HC95,b5_c5_r4_h23_hc95,B5_GCO_F010_R2.txt,2
23,2,27.166367637881294,0.75625,accept,27.166367637881294,HC95,b5_c5_r4_h23_hc95,B5_GEy_F030_R2.txt,2
24,0,64.72689494088723,0.45208333333333334,accept,64.72689494088723,HC95,b5_c5_r4_h23_hc95,B5_GEa_F050_R1.txt,1
25,0,12.5,0.39166666666666666,accept,12.5,HC95,b5_c5_r4_h23_hc95,B5_GEa_F010_R1.txt,1
26,0,56.38718236972743,0.6541666666666667,accept,56.38718236972743,HC95,b5_c5_r4_h23_hc95,B5_GEa_F020_R1.txt,1
27,3,128.6659706991098,0.21666666666666665,accept,128.6659706991098,HC95,b5_c5_r4_h23_hc95,B5_GMe_F050_R2.txt,2
28,3,97.9596812955811,0.10625,accept,97.9596812955811,HC95,b5_c5_r4_h23_hc95,B5_GMe_F040_R2.txt,2
29,1,25.0,0.5708333333333333,accept,25.0,HC95,b5_c5_r4_h23_hc95,B5_GCO_F010_R1.txt,1
30,2,12.5,0.59375,accept,12.5,HC95,b5_c5_r4_h23_hc95,B5_GEy_F010_R2.txt,2
31,0,36.99854186984062,0.45,accept,36.99854186984062,HC95,b5_c5_r4_h23_hc95,B5_GEa_F030_R1.txt,1
32,0,117.50086816503607,0.5270833333333333,accept,117.50086816503607,HC95,b5_c5_r4_h23_hc95,B5_GEa_F090_R2.txt,2
33,1,141.41670970076876,0.5458333333333333,accept,141.41670970076876,HC95,b5_c5_r4_h23_hc95,B5_GCO_F050_R1.txt,1
34,0,62.46724277764751,0.4208333333333334,accept,62.46724277764751,HC95,b5_c5_r4_h23_hc95,B5_GEa_F050_R2.txt,2
35,3,32.151828353489705,0.17708333333333334,accept,32.151828353489705,HC95,b5_c5_r4_h23_hc95,B5_GMe_F010_R1.txt,1
36,3,177.10207550272133,0.19999999999999998,accept,177.10207550272133,HC95,b5_c5_r4_h23_hc95,B5_GMe_F070_R2.txt,2
37,3,239.39459758163315,0.5083333333333333,accept,239.39459758163315,HC95,b5_c5_r4_h23_hc95,B5_GMe_F090_R1.txt,1
38,3,94.32353016980142,0.18333333333333332,accept,94.32353016980142,HC95,b5_c5_r4_h23_hc95,B5_GMe_F040_R1.txt,1
39,1,80.49624750423662,0.7979166666666666,accept,80.49624750423662,HC95,b5_c5_r4_h23_hc95,B5_GCO_F020_R2.txt,2
40,1,111.25783490095017,0.5958333333333333,accept,111.25783490095017,HC95,b5_c5_r4_h23_hc95,B5_GCO_F040_R2.txt,2
41,3,130.92927874008396,0.21250000000000002,accept,130.92927874008396,HC95,b5_c5_r4_h23_hc95,B5_GMe_F050_R2.txt,2
42,3,233.4088063850043,0.29791666666666666,accept,233.4088063850043,HC95,b5_c5_r4_h23_hc95,B5_GMe_F090_R2.txt,2
43,2,24.94915189774551,0.7020833333333334,accept,24.94915189774551,HC95,b5_c5_r4_h23_hc95,B5_GEy_F020_R1.txt,1
44,0,74.24524425349475,0.40416666666666673,accept,74.24524425349475,HC95,b5_c5_r4_h23_hc95,B5_GEa_F060_R1.txt,1
45,2,36.53975885677585,0.5166666666666667,accept,36.53975885677585,HC95,b5_c5_r4_h23_hc95,B5_GEy_F030_R2.txt,2
46,0,72.92421176085534,0.39375,accept,72.92421176085534,HC95,b5_c5_r4_h23_hc95,B5_GEa_F060_R2.txt,2
47,0,26.500907934466063,0.4895833333333333,accept,26.500907934466063,HC95,b5_c5_r4_h23_hc95,B5_GEa_F020_R1.txt,1
48,3,132.01287864114434,0.22916666666666666,accept,132.01287864114434,HC95,b5_c5_r4_h23_hc95,B5_GMe_F050_R2.txt,2
49,2,80.32349613177544,0.6,accept,80.32349613177544,HC95,b5_c5_r4_h23_hc95,B5_GEy_F060_R1.txt,1
50,3,175.42403437441072,0.5041666666666667,accept,175.42403437441072,HC95,b5_c5_r4_h23_hc95,B5_GMe_F040_R1.txt,1
51,1,250.0,0.84375,review,,HC95,b5_c5_r4_h23_hc95,B5_GEy_F010_R2.txt,2
52,3,87.32954732499522,0.3145833333333333,accept,87.32954732499522,HC95,b5_c5_r4_h23_hc95,B5_GMe_F030_R2.txt,2
53,2,111.12713921738985,0.65,accept,111.12713921738985,HC95,b5_c5_r4_h23_hc95,B5_GEy_F090_R2.txt,2
54,1,227.04608645832286,0.6104166666666667,accept,227.04608645832286,HC95,b5_c5_r4_h23_hc95,B5_GCO_F100_R2.txt,2
55,3,42.155298307292625,0.2125,accept,42.155298307292625,HC95,b5_c5_r4_h23_hc95,B5_GMe_F020_R2.txt,2
56,3,120.45737378320247,0.3333333333333333,accept,120.45737378320247,HC95,b5_c5_r4_h23_hc95,B5_GMe_F050_R2.txt,2
57,1,248.97046178523686,0.5083333333333333,accept,248.97046178523686,HC95,b5_c5_r4_h23_hc95,B5_GCO_F100_R1.txt,1
58,1,250.0,0.75625,accept,250.0,HC95,b5_c5_r4_h23_hc95,B5_GCO_F100_R1.txt,1
59,0,81.96032040833444,0.4875,accept,81.96032040833444,HC95,b5_c5_r4_h23_hc95,B5_GEa_F080_R1.txt,1
60,0,20.86714310778864,0.4375,accept,20.86714310778864,HC95,b5_c5_r4_h23_hc95,B5_GEa_F020_R1.txt,1
61,2,71.79767912697359,0.6729166666666666,accept,71.79767912697359,HC95,b5_c5_r4_h23_hc95,B5_GEy_F060_R1.txt,1
62,0,23.721790889265826,0.4645833333333333,accept,23.721790889265826,HC95,b5_c5_r4_h23_hc95,B5_GEa_F020_R1.txt,1
63,3,214.56686960062402,0.38125000000000003,accept,214.56686960062402,HC95,b5_c5_r4_h23_hc95,B5_GMe_F090_R1.txt,1
64,1,35.66475883816524,0.5875,accept,35.66475883816524,HC95,b5_c5_r4_h23_hc95,B5_GCO_F020_R1.txt,1
65,3,249.59079156471822,0.1875,accept,249.59079156471822,HC95,b5_c5_r4_h23_hc95,B5_GMe_F100_R2.txt,2
66,3,194.92205018643995,0.18333333333333335,accept,194.92205018643995,HC95,b5_c5_r4_h23_hc95,B5_GMe_F080_R2.txt,2
67,1,32.313834945235726,0.5937499999999999,accept,32.313834945235726,HC95,b5_c5_r4_h23_hc95,B5_GCO_F010_R2.txt,2
68,2,114.55423254872392,0.6645833333333333,accept,114.55423254872392,HC95,b5_c5_r4_h23_hc95,B5_GEy_F090_R2.txt,2
69,2,26.11765819614925,0.7999999999999999,review,,HC95,b5_c5_r4_h23_hc95,B5_GEy_F020_R2.txt,2
70,3,131.64808165979306,0.5458333333333333,accept,131.64808165979306,HC95,b5_c5_r4_h23_hc95,B5_GMe_F040_R1.txt,1
71,3,199.47682996602126,0.4979166666666666,accept,199.47682996602126,HC95,b5_c5_r4_h23_hc95,B5_GMe_F090_R1.txt,1
72,2,77.73070820320626,0.5520833333333334,accept,77.73070820320626,HC95,b5_c5_r4_h23_hc95,B5_GEy_F060_R1.txt,1
73,0,68.33071185753522,0.5416666666666666,accept,68.33071185753522,HC95,b5_c5_r4_h23_hc95,B5_GEa_F060_R2.txt,2
74,0,98.85069576157991,0.4583333333333333,accept,98.85069576157991,HC95,b5_c5_r4_h23_hc95,B5_GEa_F080_R2.txt,2
75,1,228.19547653820214,0.6749999999999999,accept,228.19547653820214,HC95,b5_c5_r4_h23_hc95,B5_GCO_F100_R2.txt,2
76,3,206.99343550877225,0.24583333333333332,accept,206.99343550877225,HC95,b5_c5_r4_h23_hc95,B5_GMe_F080_R1.txt,1
77,3,130.48533495966188,0.23958333333333334,accept,130.48533495966188,HC95,b5_c5_r4_h23_hc95,B5_GMe_F050_R1.txt,1
78,3,192.26800242410462,0.31875000000000003,accept,192.26800242410462,HC95,b5_c5_r4_h23_hc95,B5_GMe_F080_R2.txt,2
79,3,150.32699073272263,0.2708333333333333,accept,150.32699073272263,HC95,b5_c5_r4_h23_hc95,B5_GMe_F060_R1.txt,1
80,0,64.0541983649735,0.46458333333333335,accept,64.0541983649735,HC95,b5_c5_r4_h23_hc95,B5_GEa_F050_R2.txt,2
81,0,94.82606543546223,0.5145833333333334,accept,94.82606543546223,HC95,b5_c5_r4_h23_hc95,B5_GEa_F080_R1.txt,1
82,3,25.0,0.29583333333333334,accept,25.0,HC95,b5_c5_r4_h23_hc95,B5_GMe_F010_R1.txt,1
83,1,137.42441729744257,0.5729166666666666,accept,137.42441729744257,HC95,b5_c5_r4_h23_hc95,B5_GCO_F050_R1.txt,1
84,0,80.39671958622388,0.4895833333333333,accept,80.39671958622388,HC95,b5_c5_r4_h23_hc95,B5_GEa_F060_R1.txt,1
85,1,138.18430530312142,0.8166666666666668,review,,HC95,b5_c5_r4_h23_hc95,B5_GCO_F070_R1.txt,1
86,1,112.37923454527866,0.6124999999999999,accept,112.37923454527866,HC95,b5_c5_r4_h23_hc95,B5_GCO_F050_R2.txt,2
87,1,184.92666714341865,0.5354166666666667,accept,184.92666714341865,HC95,b5_c5_r4_h23_hc95,B5_GCO_F080_R2.txt,2
88,2,93.64377370821705,0.6916666666666668,accept,93.64377370821705,HC95,b5_c5_r4_h23_hc95,B5_GEy_F090_R2.txt,2
89,3,152.7440491769197,0.2125,accept,152.7440491769197,HC95,b5_c5_r4_h23_hc95,B5_GMe_F060_R1.txt,1
90,2,99.477716799142,0.6583333333333333,accept,99.477716799142,HC95,b5_c5_r4_h23_hc95,B5_GEy_F080_R1.txt,1
91,3,250.0,0.15,accept,250.0,HC95,b5_c5_r4_h23_hc95,B5_GMe_F100_R2.txt,2
92,1,143.5631386288212,0.5145833333333333,accept,143.5631386288212,HC95,b5_c5_r4_h23_hc95,B5_GCO_F050_R1.txt,1
93,0,62.17315010938665,0.47291666666666665,accept,62.17315010938665,HC95,b5_c5_r4_h23_hc95,B5_GEa_F050_R2.txt,2
94,1,113.13786139980371,0.6666666666666666,accept,113.13786139980371,HC95,b5_c5_r4_h23_hc95,B5_GCO_F050_R2.txt,2
95,1,161.0210560709605,0.75,accept,161.0210560709605,HC95,b5_c5_r4_h23_hc95,B5_GCO_F060_R2.txt,2
96,1,243.02391029595898,0.7270833333333333,accept,243.02391029595898,HC95,b5_c5_r4_h23_hc95,B5_GCO_F100_R1.txt,1
97,3,81.81867683666817,0.21666666666666667,accept,81.81867683666817,HC95,b5_c5_r4_h23_hc95,B5_GMe_F030_R1.txt,1
98,1,115.75173044185847,0.775,accept,115.75173044185847,HC95,b5_c5_r4_h23_hc95,B5_GCO_F030_R2.txt,2
99,1,176.53381486353726,0.5895833333333332,accept,176.53381486353726,HC95,b5_c5_r4_h23_hc95,B5_GCO_F070_R2.txt,2
100,3,221.74385451493896,0.2875,accept,221.74385451493896,HC95,b5_c5_r4_h23_hc95,B5_GMe_F100_R1.txt,1
101,3,250.0,0.5312500000000001,accept,250.0,HC95,b5_c5_r4_h23_hc95,B5_GMe_F100_R2.txt,2
102,3,77.67556053606346,0.26875,accept,77.67556053606346,HC95,b5_c5_r4_h23_hc95,B5_GMe_F030_R2.txt,2
103,1,163.85114587443226,0.7770833333333332,accept,163.85114587443226,HC95,b5_c5_r4_h23_hc95,B5_GCO_F070_R1.txt,1
104,2,12.5,0.6875,accept,12.5,HC95,b5_c5_r4_h23_hc95,B5_GEy_F010_R2.txt,2
105,2,24.250321753251527,0.7083333333333334,accept,24.250321753251527,HC95,b5_c5_r4_h23_hc95,B5_GEy_F020_R1.txt,1
106,3,42.664488723781346,0.20208333333333336,accept,42.664488723781346,HC95,b5_c5_r4_h23_hc95,B5_GMe_F020_R1.txt,1
107,3,33.06970878468425,0.4395833333333334,accept,33.06970878468425,HC95,b5_c5_r4_h23_hc95,B5_GMe_F020_R1.txt,1
108,3,247.2542147362505,0.16666666666666666,accept,247.2542147362505,HC95,b5_c5_r4_h23_hc95,B5_GMe_F100_R1.txt,1
109,3,172.45793122544737,0.21666666666666667,accept,172.45793122544737,HC95,b5_c5_r4_h23_hc95,B5_GMe_F070_R1.txt,1
110,0,43.71486410323619,0.6520833333333332,accept,43.71486410323619,HC95,b5_c5_r4_h23_hc95,B5_GEa_F020_R1.txt,1
111,3,244.75254037130907,0.23124999999999998,accept,244.75254037130907,HC95,b5_c5_r4_h23_hc95,B5_GMe_F100_R1.txt,1
112,0,46.71390899948397,0.5020833333333333,accept,46.71390899948397,HC95,b5_c5_r4_h23_hc95,B5_GEa_F040_R1.txt,1
113,3,228.59983042693037,0.21458333333333332,accept,228.59983042693037,HC95,b5_c5_r4_h23_hc95,B5_GMe_F090_R2.txt,2
114,0,43.37571162368877,0.49791666666666673,accept,43.37571162368877,HC95,b5_c5_r4_h23_hc95,B5_GEa_F030_R2.txt,2
115,2,25.881955426474804,0.75,accept,25.881955426474804,HC95,b5_c5_r4_h23_hc95,B5_GEy_F020_R2.txt,2
116,1,250.0,0.84375,review,,HC95,b5_c5_r4_h23_hc95,B5_GEy_F010_R2.txt,2
117,3,205.8954230950182,0.33125,accept,205.8954230950182,HC95,b5_c5_r4_h23_hc95,B5_GMe_F080_R1.txt,1
118,0,92.21010267471968,0.41458333333333336,accept,92.21010267471968,HC95,b5_c5_r4_h23_hc95,B5_GEa_F070_R2.txt,2
119,2,25.908832887582975,0.7041666666666666,accept,25.908832887582975,HC95,b5_c5_r4_h23_hc95,B5_GEy_F020_R2.txt,2
120,2,125.0,0.7875,accept,125.0,HC95,b5_c5_r4_h23_hc95,B5_GEa_F030_R2.txt,2
121,1,161.60663969742671,0.55625,accept,161.60663969742671,HC95,b5_c5_r4_h23_hc95,B5_GCO_F060_R1.txt,1
122,0,13.498259353496131,0.425,accept,13.498259353496131,HC95,b5_c5_r4_h23_hc95,B5_GEa_F010_R2.txt,2
123,0,95.60492023509015,0.5354166666666667,accept,95.60492023509015,HC95,b5_c5_r4_h23_hc95,B5_GEa_F080_R1.txt,1
124,2,66.68256468808637,0.7229166666666668,accept,66.68256468808637,HC95,b5_c5_r4_h23_hc95,B5_GEy_F050_R1.txt,1
125,3,75.3791050751599,0.13541666666666666,accept,75.3791050751599,HC95,b5_c5_r4_h23_hc95,B5_GMe_F030_R2.txt,2
126,0,106.53514136579867,0.5083333333333333,accept,106.53514136579867,HC95,b5_c5_r4_h23_hc95,B5_GEa_F090_R2.txt,2
127,2,28.25306809181913,0.7625000000000001,accept,28.25306809181913,HC95,b5_c5_r4_h23_hc95,B5_GEy_F020_R2.txt,2
128,2,16.40548929037874,0.74375,accept,16.40548929037874,HC95,b5_c5_r4_h23_hc95,B5_GEy_F010_R2.txt,2
129,2,72.48605101482686,0.7104166666666667,accept,72.48605101482686,HC95,b5_c5_r4_h23_hc95,B5_GEy_F050_R1.txt,1
130,1,221.64820676333593,0.6041666666666666,accept,221.64820676333593,HC95,b5_c5_r4_h23_hc95,B5_GCO_F100_R2.txt,2
131,3,179.43092182907853,0.29791666666666666,accept,179.43092182907853,HC95,b5_c5_r4_h23_hc95,B5_GMe_F070_R1.txt,1
132,0,51.836473563990694,0.4270833333333333,accept,51.836473563990694,HC95,b5_c5_r4_h23_hc95,B5_GEa_F040_R2.txt,2
133,0,39.49631097663692,0.3958333333333333,accept,39.49631097663692,HC95,b5_c5_r4_h23_hc95,B5_GEa_F030_R2.txt,2
134,0,118.80631449814419,0.6729166666666666,accept,118.80631449814419,HC95,b5_c5_r4_h23_hc95,B5_GEa_F100_R1.txt,1
135,2,96.20318897313288,0.63125,accept,96.20318897313288,HC95,b5_c5_r4_h23_hc95,B5_GEy_F080_R2.txt,2
136,1,162.01404874946317,0.6708333333333334,accept,162.01404874946317,HC95,b5_c5_r4_h23_hc95,B5_GCO_F060_R2.txt,2
137,0,125.0,0.4229166666666666,accept,125.0,HC95,b5_c5_r4_h23_hc95,B5_GEa_F100_R1.txt,1
138,2,44.003630610508225,0.7062499999999999,accept,44.003630610508225,HC95,b5_c5_r4_h23_hc95,B5_GEy_F040_R2.txt,2
139,2,105.29687716642178,0.65,accept,105.29687716642178,HC95,b5_c5_r4_h23_hc95,B5_GEy_F080_R1.txt,1
140,0,93.1703153897405,0.4583333333333333,accept,93.1703153897405,HC95,b5_c5_r4_h23_hc95,B5_GEa_F070_R2.txt,2
141,1,85.76786148425332,0.5187499999999999,accept,85.76786148425332,HC95,b5_c5_r4_h23_hc95,B5_GCO_F040_R2.txt,2
142,3,42.85936991798967,0.23750000000000002,accept,42.85936991798967,HC95,b5_c5_r4_h23_hc95,B5_GMe_F020_R1.txt,1
143,1,165.396541634083,0.5395833333333333,accept,165.396541634083,HC95,b5_c5_r4_h23_hc95,B5_GCO_F070_R2.txt,2
144,3,163.32831967608138,0.5333333333333333,accept,163.32831967608138,HC95,b5_c5_r4_h23_hc95,B5_GMe_F060_R1.txt,1
145,1,136.07190764504975,0.6708333333333333,accept,136.07190764504975,HC95,b5_c5_r4_h23_hc95,B5_GCO_F070_R1.txt,1
146,0,78.53431033523844,0.4104166666666667,accept,78.53431033523844,HC95,b5_c5_r4_h23_hc95,B5_GEa_F060_R1.txt,1
147,0,125.0,0.5041666666666667,accept,125.0,HC95,b5_c5_r4_h23_hc95,B5_GEa_F100_R1.txt,1
148,3,102.10633955471911,0.12708333333333333,accept,102.10633955471911,HC95,b5_c5_r4_h23_hc95,B5_GMe_F040_R2.txt,2
149,2,61.94678902324186,0.6104166666666666,accept,61.94678902324186,HC95,b5_c5_r4_h23_hc95,B5_GEy_F050_R1.txt,1
150,0,90.99192839349386,0.5041666666666668,accept,90.99192839349386,HC95,b5_c5_r4_h23_hc95,B5_GEa_F070_R2.txt,2
151,3,194.54864447963155,0.22291666666666668,accept,194.54864447963155,HC95,b5_c5_r4_h23_hc95,B5_GMe_F080_R2.txt,2
152,2,39.91359189339991,0.63125,accept,39.91359189339991,HC95,b5_c5_r4_h23_hc95,B5_GEy_F030_R2.txt,2
153,1,52.05866065889169,0.8645833333333334,review,,HC95,b5_c5_r4_h23_hc95,B5_GCO_F020_R1.txt,1
154,3,150.50382747048513,0.1875,accept,150.50382747048513,HC95,b5_c5_r4_h23_hc95,B5_GMe_F060_R1.txt,1
155,3,240.99308597596627,0.20625000000000002,accept,240.99308597596627,HC95,b5_c5_r4_h23_hc95,B5_GMe_F100_R1.txt,1
156,0,112.48775278296492,0.4875,accept,112.48775278296492,HC95,b5_c5_r4_h23_hc95,B5_GEa_F090_R1.txt,1
157,3,71.15732588386217,0.3,accept,71.15732588386217,HC95,b5_c5_r4_h23_hc95,B5_GMe_F030_R1.txt,1
158,0,50.11925342142361,0.5020833333333333,accept,50.11925342142361,HC95,b5_c5_r4_h23_hc95,B5_GEa_F030_R1.txt,1
159,1,117.75596442177674,0.6458333333333334,accept,117.75596442177674,HC95,b5_c5_r4_h23_hc95,B5_GCO_F050_R1.txt,1
160,3,241.38812744104848,0.25,accept,241.38812744104848,HC95,b5_c5_r4_h23_hc95,B5_GMe_F100_R2.txt,2
161,2,12.5,0.8291666666666666,review,,HC95,b5_c5_r4_h23_hc95,B5_GEy_F010_R1.txt,1
162,1,141.5965484848615,0.6083333333333333,accept,141.5965484848615,HC95,b5_c5_r4_h23_hc95,B5_GCO_F050_R1.txt,1
163,0,17.25447768583068,0.5354166666666665,accept,17.25447768583068,HC95,b5_c5_r4_h23_hc95,B5_GEa_F010_R2.txt,2
164,3,95.26194814813186,0.2520833333333333,accept,95.26194814813186,HC95,b5_c5_r4_h23_hc95,B5_GMe_F040_R1.txt,1
165,2,51.572061025991715,0.6354166666666666,accept,51.572061025991715,HC95,b5_c5_r4_h23_hc95,B5_GEy_F040_R1.txt,1
166,2,111.95351892217477,0.7041666666666666,accept,111.95351892217477,HC95,b5_c5_r4_h23_hc95,B5_GEy_F100_R1.txt,1
167,2,120.08604751714793,0.6458333333333334,accept,120.08604751714793,HC95,b5_c5_r4_h23_hc95,B5_GEy_F100_R2.txt,2
168,3,50.79760133556884,0.10208333333333335,accept,50.79760133556884,HC95,b5_c5_r4_h23_hc95,B5_GMe_F020_R2.txt,2
169,0,111.61757329052281,0.61875,accept,111.61757329052281,HC95,b5_c5_r4_h23_hc95,B5_GEa_F090_R2.txt,2
170,0,46.57297116227555,0.4979166666666666,accept,46.57297116227555,HC95,b5_c5_r4_h23_hc95,B5_GEa_F040_R1.txt,1
171,2,65.16502817861581,0.6062500000000001,accept,65.16502817861581,HC95,b5_c5_r4_h23_hc95,B5_GEy_F050_R1.txt,1
172,3,80.7163923277867,0.18125,accept,80.7163923277867,HC95,b5_c5_r4_h23_hc95,B5_GMe_F030_R1.txt,1
173,1,206.59818853894654,0.7000000000000001,accept,206.59818853894654,HC95,b5_c5_r4_h23_hc95,B5_GCO_F090_R2.txt,2
174,2,108.25395546511012,0.6104166666666666,accept,108.25395546511012,HC95,b5_c5_r4_h23_hc95,B5_GEy_F090_R2.txt,2
175,1,139.16671881715286,0.74375,accept,139.16671881715286,HC95,b5_c5_r4_h23_hc95,B5_GCO_F050_R1.txt,1
176,1,156.97562858758997,0.6625,accept,156.97562858758997,HC95,b5_c5_r4_h23_hc95,B5_GCO_F070_R2.txt,2
177,2,67.23216664679825,0.6625,accept,67.23216664679825,HC95,b5_c5_r4_h23_hc95,B5_GEy_F060_R2.txt,2
178,1,126.39988479480539,0.55625,accept,126.39988479480539,HC95,b5_c5_r4_h23_hc95,B5_GCO_F050_R2.txt,2
179,2,59.13533532273052,0.6708333333333334,accept,59.13533532273052,HC95,b5_c5_r4_h23_hc95,B5_GEy_F050_R1.txt,1
180,3,196.59090074312917,0.24375,accept,196.59090074312917,HC95,b5_c5_r4_h23_hc95,B5_GMe_F080_R2.txt,2
181,3,110.14111240059427,0.4958333333333333,accept,110.14111240059427,HC95,b5_c5_r4_h23_hc95,B5_GMe_F050_R1.txt,1
182,2,12.5,0.6145833333333334,accept,12.5,HC95,b5_c5_r4_h23_hc95,B5_GEy_F010_R1.txt,1
183,2,113.91432776142304,0.7291666666666666,accept,113.91432776142304,HC95,b5_c5_r4_h23_hc95,B5_GEy_F100_R1.txt,1
184,1,105.89578423393783,0.56875,accept,105.89578423393783,HC95,b5_c5_r4_h23_hc95,B5_GCO_F040_R2.txt,2
185,2,46.94145230280441,0.7062499999999999,accept,46.94145230280441,HC95,b5_c5_r4_h23_hc95,B5_GEy_F040_R1.txt,1
186,0,14.025282963732112,0.47291666666666665,accept,14.025282963732112,HC95,b5_c5_r4_h23_hc95,B5_GEa_F010_R2.txt,2
187,2,95.94124661131261,0.7312499999999998,accept,95.94124661131261,HC95,b5_c5_r4_h23_hc95,B5_GEy_F070_R2.txt,2
188,3,74.66693939817493,0.11458333333333333,accept,74.66693939817493,HC95,b5_c5_r4_h23_hc95,B5_GMe_F030_R1.txt,1
189,3,159.6176534968514,0.38958333333333334,accept,159.6176534968514,HC95,b5_c5_r4_h23_hc95,B5_GMe_F060_R2.txt,2
190,1,178.5101545239023,0.7708333333333334,accept,178.5101545239023,HC95,b5_c5_r4_h23_hc95,B5_GCO_F080_R2.txt,2
191,0,19.345861100571806,0.6229166666666667,accept,19.345861100571806,HC95,b5_c5_r4_h23_hc95,B5_GEa_F010_R2.txt,2
192,2,49.85287884625001,0.6791666666666667,accept,49.85287884625001,HC95,b5_c5_r4_h23_hc95,B5_GEy_F040_R2.txt,2
193,2,50.02250752310019,0.5729166666666666,accept,50.02250752310019,HC95,b5_c5_r4_h23_hc95,B5_GEy_F040_R2.txt,2
194,3,176.47398493150524,0.5499999999999999,accept,176.47398493150524,HC95,b5_c5_r4_h23_hc95,B5_GMe_F080_R1.txt,1
195,0,20.54307584790714,0.4583333333333333,accept,20.54307584790714,HC95,b5_c5_r4_h23_hc95,B5_GEa_F020_R2.txt,2
196,3,123.36238392813377,0.22083333333333335,accept,123.36238392813377,HC95,b5_c5_r4_h23_hc95,B5_GMe_F050_R1.txt,1
197,2,36.637763276016244,0.6833333333333332,accept,36.637763276016244,HC95,b5_c5_r4_h23_hc95,B5_GEy_F040_R2.txt,2
198,0,124.74533213778442,0.39999999999999997,accept,124.74533213778442,HC95,b5_c5_r4_h23_hc95,B5_GEa_F100_R2.txt,2
199,3,198.81391966783286,0.14583333333333334,accept,198.81391966783286,HC95,b5_c5_r4_h23_hc95,B5_GMe_F080_R2.txt,2
200,2,27.2554054424115,0.6687499999999998,accept,27.2554054424115,HC95,b5_c5_r4_h23_hc95,B5_GEy_F030_R2.txt,2
201,3,28.842451179060347,0.20625000000000002,accept,28.842451179060347,HC95,b5_c5_r4_h23_hc95,B5_GMe_F010_R2.txt,2
202,0,125.0,0.4354166666666666,accept,125.0,HC95,b5_c5_r4_h23_hc95,B5_GEa_F100_R1.txt,1
203,0,93.47280435640045,0.5729166666666666,accept,93.47280435640045,HC95,b5_c5_r4_h23_hc95,B5_GEa_F080_R1.txt,1
204,3,142.36738936523705,0.2833333333333333,accept,142.36738936523705,HC95,b5_c5_r4_h23_hc95,B5_GMe_F060_R2.txt,2
205,0,52.24724104519156,0.5645833333333333,accept,52.24724104519156,HC95,b5_c5_r4_h23_hc95,B5_GEa_F040_R2.txt,2
206,2,114.68932849184998,0.7291666666666666,accept,114.68932849184998,HC95,b5_c5_r4_h23_hc95,B5_GEy_F090_R1.txt,1
207,2,28.12551701862239,0.5791666666666667,accept,28.12551701862239,HC95,b5_c5_r4_h23_hc95,B5_GEy_F020_R1.txt,1
208,0,24.112957940082985,0.39375,accept,24.112957940082985,HC95,b5_c5_r4_h23_hc95,B5_GEa_F020_R1.txt,1
209,1,154.86568104240865,0.5791666666666667,accept,154.86568104240865,HC95,b5_c5_r4_h23_hc95,B5_GCO_F060_R2.txt,2
210,3,175.4828576297125,0.26666666666666666,accept,175.4828576297125,HC95,b5_c5_r4_h23_hc95,B5_GMe_F070_R1.txt,1
211,1,203.0452035124451,0.6875,accept,203.0452035124451,HC95,b5_c5_r4_h23_hc95,B5_GCO_F090_R2.txt,2
212,3,101.26322765902287,0.125,accept,101.26322765902287,HC95,b5_c5_r4_h23_hc95,B5_GMe_F040_R2.txt,2
213,0,125.0,0.45208333333333334,accept,125.0,HC95,b5_c5_r4_h23_hc95,B5_GEa_F100_R1.txt,1
214,1,213.82635286509495,0.69375,accept,213.82635286509495,HC95,b5_c5_r4_h23_hc95,B5_GCO_F090_R2.txt,2
215,0,77.35209482543073,0.5,accept,77.35209482543073,HC95,b5_c5_r4_h23_hc95,B5_GEa_F060_R1.txt,1
216,0,104.46054905010948,0.7791666666666667,accept,104.46054905010948,HC95,b5_c5_r4_h23_hc95,B5_GEa_F090_R1.txt,1
217,0,50.88524098857372,0.5395833333333333,accept,50.88524098857372,HC95,b5_c5_r4_h23_hc95,B5_GEa_F040_R1.txt,1
218,0,43.586103649265766,0.43124999999999997,accept,43.586103649265766,HC95,b5_c5_r4_h23_hc95,B5_GEa_F030_R2.txt,2
219,2,119.32281345995754,0.5770833333333333,accept,119.32281345995754,HC95,b5_c5_r4_h23_hc95,B5_GEy_F100_R1.txt,1
220,2,24.011337278912634,0.7895833333333333,accept,24.011337278912634,HC95,b5_c5_r4_h23_hc95,B5_GEy_F010_R1.txt,1
221,2,12.5,0.7104166666666667,accept,12.5,HC95,b5_c5_r4_h23_hc95,B5_GEy_F010_R1.txt,1
222,1,144.0847209669759,0.6875,accept,144.0847209669759,HC95,b5_c5_r4_h23_hc95,B5_GCO_F060_R1.txt,1
223,2,59.72962886347355,0.6583333333333333,accept,59.72962886347355,HC95,b5_c5_r4_h23_hc95,B5_GEy_F050_R2.txt,2
224,2,64.5824627762502,0.7020833333333334,accept,64.5824627762502,HC95,b5_c5_r4_h23_hc95,B5_GEy_F050_R2.txt,2
225,1,110.61389360446915,0.7208333333333332,accept,110.61389360446915,HC95,b5_c5_r4_h23_hc95,B5_GCO_F040_R2.txt,2
226,3,242.74591866407133,0.21458333333333335,accept,242.74591866407133,HC95,b5_c5_r4_h23_hc95,B5_GMe_F100_R1.txt,1
227,0,37.40538865742437,0.44583333333333336,accept,37.40538865742437,HC95,b5_c5_r4_h23_hc95,B5_GEa_F030_R1.txt,1
228,2,75.5681315077145,0.63125,accept,75.5681315077145,HC95,b5_c5_r4_h23_hc95,B5_GEy_F060_R1.txt,1
229,2,35.10899341013406,0.6625,accept,35.10899341013406,HC95,b5_c5_r4_h23_hc95,B5_GEy_F020_R1.txt,1
230,1,34.77745150131315,0.7958333333333333,accept,34.77745150131315,HC95,b5_c5_r4_h23_hc95,B5_GCO_F020_R1.txt,1
231,2,99.40430363441689,0.5375,accept,99.40430363441689,HC95,b5_c5_r4_h23_hc95,B5_GEy_F080_R1.txt,1
232,1,92.8322732695923,0.6145833333333334,accept,92.8322732695923,HC95,b5_c5_r4_h23_hc95,B5_GCO_F040_R1.txt,1
233,1,231.08618461030142,0.75625,accept,231.08618461030142,HC95,b5_c5_r4_h23_hc95,B5_GCO_F100_R2.txt,2
234,2,19.20266764739347,0.8583333333333334,review,,HC95,b5_c5_r4_h23_hc95,B5_GEy_F010_R2.txt,2
235,0,125.0,0.5,accept,125.0,HC95,b5_c5_r4_h23_hc95,B5_GEa_F100_R1.txt,1
236,2,90.05499432236917,0.5979166666666668,accept,90.05499432236917,HC95,b5_c5_r4_h23_hc95,B5_GEy_F070_R1.txt,1
237,1,31.84724150745616,0.6145833333333334,accept,31.84724150745616,HC95,b5_c5_r4_h23_hc95,B5_GCO_F020_R2.txt,2
238,0,125.0,0.4791666666666667,accept,125.0,HC95,b5_c5_r4_h23_hc95,B5_GEa_F100_R2.txt,2
239,0,118.51308808133982,0.4166666666666667,accept,118.51308808133982,HC95,b5_c5_r4_h23_hc95,B5_GEa_F100_R2.txt,2
240,0,77.35829810348991,0.5083333333333333,accept,77.35829810348991,HC95,b5_c5_r4_h23_hc95,B5_GEa_F060_R1.txt,1
241,3,243.21398595222428,0.22708333333333333,accept,243.21398595222428,HC95,b5_c5_r4_h23_hc95,B5_GMe_F100_R1.txt,1
242,2,43.661489487990885,0.6375,accept,43.661489487990885,HC95,b5_c5_r4_h23_hc95,B5_GEy_F040_R1.txt,1
243,3,148.77875951979254,0.1708333333333333,accept,148.77875951979254,HC95,b5_c5_r4_h23_hc95,B5_GMe_F060_R1.txt,1
244,3,156.30594227450703,0.20833333333333334,accept,156.30594227450703,HC95,b5_c5_r4_h23_hc95,B5_GMe_F060_R1.txt,1
245,2,57.57900930717341,0.6625,accept,57.57900930717341,HC95,b5_c5_r4_h23_hc95,B5_GEy_F050_R2.txt,2
246,1,55.68326691197472,0.7062499999999999,accept,55.68326691197472,HC95,b5_c5_r4_h23_hc95,B5_GCO_F020_R2.txt,2
247,2,125.0,0.6895833333333333,accept,125.0,HC95,b5_c5_r4_h23_hc95,B5_GEy_F100_R1.txt,1
248,1,40.35371860129299,0.5187499999999999,accept,40.35371860129299,HC95,b5_c5_r4_h23_hc95,B5_GCO_F010_R2.txt,2
249,2,36.12632675335742,0.6604166666666667,accept,36.12632675335742,HC95,b5_c5_r4_h23_hc95,B5_GEy_F030_R1.txt,1
250,3,99.63212186827676,0.10208333333333335,accept,99.63212186827676,HC95,b5_c5_r4_h23_hc95,B5_GMe_F040_R2.txt,2
251,2,51.6177442303092,0.6062500000000001,accept,51.6177442303092,HC95,b5_c5_r4_h23_hc95,B5_GEy_F040_R2.txt,2
252,1,70.78029699318166,0.5729166666666666,accept,70.78029699318166,HC95,b5_c5_r4_h23_hc95,B5_GCO_F030_R1.txt,1
253,0,108.57728950646151,0.5729166666666666,accept,108.57728950646151,HC95,b5_c5_r4_h23_hc95,B5_GEa_F090_R1.txt,1
254,1,250.0,0.6958333333333333,accept,250.0,HC95,b5_c5_r4_h23_hc95,B5_GCO_F100_R1.txt,1
255,3,228.3565059388545,0.2041666666666667,accept,228.3565059388545,HC95,b5_c5_r4_h23_hc95,B5_GMe_F090_R2.txt,2
256,1,250.0,0.6249999999999999,accept,250.0,HC95,b5_c5_r4_h23_hc95,B5_GCO_F100_R1.txt,1
257,0,71.81501208150524,0.5083333333333333,accept,71.81501208150524,HC95,b5_c5_r4_h23_hc95,B5_GEa_F050_R1.txt,1
258,2,112.27707011601919,0.6729166666666666,accept,112.27707011601919,HC95,b5_c5_r4_h23_hc95,B5_GEy_F090_R1.txt,1
259,1,225.76083284147862,0.7416666666666667,accept,225.76083284147862,HC95,b5_c5_r4_h23_hc95,B5_GCO_F100_R2.txt,2
260,3,210.50715703387488,0.44166666666666665,accept,210.50715703387488,HC95,b5_c5_r4_h23_hc95,B5_GMe_F090_R1.txt,1
261,2,12.5,0.6,accept,12.5,HC95,b5_c5_r4_h23_hc95,B5_GEy_F010_R2.txt,2
262,1,112.38870067779648,0.85,review,,HC95,b5_c5_r4_h23_hc95,B5_GEa_F010_R2.txt,2
263,0,46.83889981089169,0.47291666666666665,accept,46.83889981089169,HC95,b5_c5_r4_h23_hc95,B5_GEa_F040_R2.txt,2
264,0,66.46369181573063,0.5729166666666666,accept,66.46369181573063,HC95,b5_c5_r4_h23_hc95,B5_GEa_F050_R2.txt,2
265,1,141.15823758768624,0.8833333333333334,review,,HC95,b5_c5_r4_h23_hc95,B5_GCO_F060_R2.txt,2
266,0,13.921408989642156,0.3458333333333334,accept,13.921408989642156,HC95,b5_c5_r4_h23_hc95,B5_GEa_F010_R1.txt,1
267,3,83.49463238465904,0.37916666666666665,accept,83.49463238465904,HC95,b5_c5_r4_h23_hc95,B5_GMe_F030_R1.txt,1
268,1,40.625509065291,0.6604166666666665,accept,40.625509065291,HC95,b5_c5_r4_h23_hc95,B5_GCO_F020_R1.txt,1
269,2,47.56181599432837,0.7541666666666668,accept,47.56181599432837,HC95,b5_c5_r4_h23_hc95,B5_GEy_F030_R2.txt,2
270,3,244.82868213075992,0.4937500000000001,accept,244.82868213075992,HC95,b5_c5_r4_h23_hc95,B5_GMe_F090_R2.txt,2
271,1,151.438022776497,0.5416666666666666,accept,151.438022776497,HC95,b5_c5_r4_h23_hc95,B5_GCO_F060_R2.txt,2
272,1,197.81473491187649,0.6708333333333334,accept,197.81473491187649,HC95,b5_c5_r4_h23_hc95,B5_GCO_F080_R2.txt,2
273,1,177.43033061441412,0.6333333333333333,accept,177.43033061441412,HC95,b5_c5_r4_h23_hc95,B5_GCO_F060_R2.txt,2
274,2,25.033602834612992,0.6833333333333332,accept,25.033602834612992,HC95,b5_c5_r4_h23_hc95,B5_GEy_F020_R1.txt,1
275,1,242.051946773653,0.5854166666666667,accept,242.051946773653,HC95,b5_c5_r4_h23_hc95,B5_GCO_F100_R2.txt,2
276,3,25.0,0.08958333333333333,accept,25.0,HC95,b5_c5_r4_h23_hc95,B5_GMe_F010_R1.txt,1
277,0,82.5999458348863,0.5437500000000001,accept,82.5999458348863,HC95,b5_c5_r4_h23_hc95,B5_GEa_F070_R1.txt,1
278,0,86.3378748180799,0.4354166666666666,accept,86.3378748180799,HC95,b5_c5_r4_h23_hc95,B5_GEa_F070_R1.txt,1
279,0,112.96554554418852,0.42291666666666666,accept,112.96554554418852,HC95,b5_c5_r4_h23_hc95,B5_GEa_F090_R2.txt,2
280,3,169.5081541579906,0.1958333333333333,accept,169.5081541579906,HC95,b5_c5_r4_h23_hc95,B5_GMe_F070_R1.txt,1
281,0,39.35149567308956,0.5854166666666667,accept,39.35149567308956,HC95,b5_c5_r4_h23_hc95,B5_GEa_F030_R1.txt,1
282,1,53.13833273059865,0.6270833333333333,accept,53.13833273059865,HC95,b5_c5_r4_h23_hc95,B5_GCO_F020_R2.txt,2
283,0,118.49932954780353,0.5187499999999999,accept,118.49932954780353,HC95,b5_c5_r4_h23_hc95,B5_GEa_F100_R2.txt,2
284,1,56.42461468852947,0.6124999999999999,accept,56.42461468852947,HC95,b5_c5_r4_h23_hc95,B5_GCO_F030_R1.txt,1
285,1,153.17750051904025,0.7416666666666667,accept,153.17750051904025,HC95,b5_c5_r4_h23_hc95,B5_GCO_F070_R1.txt,1
286,0,22.00857498641908,0.46458333333333335,accept,22.00857498641908,HC95,b5_c5_r4_h23_hc95,B5_GEa_F020_R2.txt,2
287,0,50.844234435741186,0.6708333333333334,accept,50.844234435741186,HC95,b5_c5_r4_h23_hc95,B5_GEa_F020_R1.txt,1
288,1,201.04486373641106,0.5729166666666666,accept,201.04486373641106,HC95,b5_c5_r4_h23_hc95,B5_GCO_F080_R1.txt,1
289,3,223.5272680662543,0.5645833333333333,accept,223.5272680662543,HC95,b5_c5_r4_h23_hc95,B5_GMe_F080_R2.txt,2
290,2,98.98717774060887,0.5333333333333333,accept,98.98717774060887,HC95,b5_c5_r4_h23_hc95,B5_GEy_F080_R1.txt,1
291,3,69.2761143947551,0.21041666666666667,accept,69.2761143947551,HC95,b5_c5_r4_h23_hc95,B5_GMe_F030_R2.txt,2
292,2,125.0,0.8229166666666666,review,,HC95,b5_c5_r4_h23_hc95,B5_GEa_F020_R2.txt,2
293,3,71.13421428543944,0.17916666666666667,accept,71.13421428543944,HC95,b5_c5_r4_h23_hc95,B5_GMe_F030_R2.txt,2
294,3,250.0,0.5041666666666667,accept,250.0,HC95,b5_c5_r4_h23_hc95,B5_GMe_F100_R2.txt,2
295,3,224.6632758509997,0.1875,accept,224.6632758509997,HC95,b5_c5_r4_h23_hc95,B5_GMe_F090_R2.txt,2
296,0,45.03740070745022,0.47708333333333336,accept,45.03740070745022,HC95,b5_c5_r4_h23_hc95,B5_GEa_F040_R1.txt,1
297,2,89.21117335391128,0.65,accept,89.21117335391128,HC95,b5_c5_r4_h23_hc95,B5_GEy_F070_R1.txt,1
298,3,148.4595372251225,0.22083333333333333,accept,148.4595372251225,HC95,b5_c5_r4_h23_hc95,B5_GMe_F060_R2.txt,2
299,1,178.870299239553,0.7625000000000001,accept,178.870299239553,HC95,b5_c5_r4_h23_hc95,B5_GEa_F010_R2.txt,2
300,3,87.65784842124654,0.2354166666666667,accept,87.65784842124654,HC95,b5_c5_r4_h23_hc95,B5_GMe_F030_R2.txt,2
301,1,222.73568516046203,0.7541666666666665,accept,222.73568516046203,HC95,b5_c5_r4_h23_hc95,B5_GCO_F080_R1.txt,1
302,3,52.53352850741701,0.21666666666666667,accept,52.53352850741701,HC95,b5_c5_r4_h23_hc95,B5_GMe_F020_R1.txt,1
303,1,210.5042387514147,0.7645833333333334,accept,210.5042387514147,HC95,b5_c5_r4_h23_hc95,B5_GCO_F080_R1.txt,1
304,1,132.96569387828458,0.43958333333333327,accept,132.96569387828458,HC95,b5_c5_r4_h23_hc95,B5_GCO_F060_R1.txt,1
305,1,99.69384225188762,0.7833333333333333,accept,99.69384225188762,HC95,b5_c5_r4_h23_hc95,B5_GCO_F030_R2.txt,2
306,3,48.388087690152496,0.14791666666666667,accept,48.388087690152496,HC95,b5_c5_r4_h23_hc95,B5_GMe_F020_R1.txt,1
307,1,25.0,0.5104166666666666,accept,25.0,HC95,b5_c5_r4_h23_hc95,B5_GCO_F010_R1.txt,1
308,1,68.65882450168488,0.6770833333333334,accept,68.65882450168488,HC95,b5_c5_r4_h23_hc95,B5_GCO_F030_R1.txt,1
309,3,220.07042164502894,0.3125,accept,220.07042164502894,HC95,b5_c5_r4_h23_hc95,B5_GMe_F090_R2.txt,2
310,0,91.84229453216186,0.5187499999999999,accept,91.84229453216186,HC95,b5_c5_r4_h23_hc95,B5_GEa_F070_R2.txt,2
311,0,124.45389909773039,0.5020833333333333,accept,124.45389909773039,HC95,b5_c5_r4_h23_hc95,B5_GEa_F100_R2.txt,2
312,3,46.06034588976395,0.15416666666666667,accept,46.06034588976395,HC95,b5_c5_r4_h23_hc95,B5_GMe_F020_R1.txt,1
313,3,174.20284326700403,0.19583333333333333,accept,174.20284326700403,HC95,b5_c5_r4_h23_hc95,B5_GMe_F070_R2.txt,2
314,3,49.2604806585005,0.16458333333333333,accept,49.2604806585005,HC95,b5_c5_r4_h23_hc95,B5_GMe_F020_R1.txt,1
315,1,29.25552985455098,0.7333333333333334,accept,29.25552985455098,HC95,b5_c5_r4_h23_hc95,B5_GCO_F020_R1.txt,1
316,2,67.38244511026721,0.7479166666666667,accept,67.38244511026721,HC95,b5_c5_r4_h23_hc95,B5_GEy_F050_R2.txt,2
317,3,103.00375791053466,0.17500000000000002,accept,103.00375791053466,HC95,b5_c5_r4_h23_hc95,B5_GMe_F040_R2.txt,2
318,1,207.7994333177176,0.69375,accept,207.7994333177176,HC95,b5_c5_r4_h23_hc95,B5_GCO_F090_R2.txt,2
319,1,55.13426843549246,0.5458333333333333,accept,55.13426843549246,HC95,b5_c5_r4_h23_hc95,B5_GCO_F020_R2.txt,2
320,2,106.50529838254963,0.6645833333333333,accept,106.50529838254963,HC95,b5_c5_r4_h23_hc95,B5_GEy_F090_R2.txt,2
321,2,99.67486960810766,0.7520833333333333,accept,99.67486960810766,HC95,b5_c5_r4_h23_hc95,B5_GEy_F090_R2.txt,2
322,3,173.8969748731854,0.19791666666666666,accept,173.8969748731854,HC95,b5_c5_r4_h23_hc95,B5_GMe_F070_R1.txt,1
323,2,72.51109582765586,0.6833333333333332,accept,72.51109582765586,HC95,b5_c5_r4_h23_hc95,B5_GEy_F060_R1.txt,1
324,3,72.9240670158145,0.11875000000000001,accept,72.9240670158145,HC95,b5_c5_r4_h23_hc95,B5_GMe_F030_R1.txt,1
325,0,89.54501800584316,0.4625000000000001,accept,89.54501800584316,HC95,b5_c5_r4_h23_hc95,B5_GEa_F070_R2.txt,2
326,1,250.0,0.7520833333333333,accept,250.0,HC95,b5_c5_r4_h23_hc95,B5_GCO_F100_R2.txt,2
327,0,80.11021580421183,0.65625,accept,80.11021580421183,HC95,b5_c5_r4_h23_hc95,B5_GEa_F060_R1.txt,1
328,2,61.63150353383503,0.5520833333333334,accept,61.63150353383503,HC95,b5_c5_r4_h23_hc95,B5_GEy_F050_R1.txt,1
329,3,128.32718534594645,0.24375,accept,128.32718534594645,HC95,b5_c5_r4_h23_hc95,B5_GMe_F050_R1.txt,1
330,1,183.1584239854114,0.7208333333333333,accept,183.1584239854114,HC95,b5_c5_r4_h23_hc95,B5_GCO_F080_R2.txt,2
331,3,241.84335492162947,0.25,accept,241.84335492162947,HC95,b5_c5_r4_h23_hc95,B5_GMe_F100_R1.txt,1
332,0,26.341367641952587,0.41041666666666665,accept,26.341367641952587,HC95,b5_c5_r4_h23_hc95,B5_GEa_F020_R1.txt,1
333,1,43.58790788086716,0.8541666666666666,review,,HC95,b5_c5_r4_h23_hc95,B5_GCO_F020_R1.txt,1
334,1,95.83918322568154,0.65,accept,95.83918322568154,HC95,b5_c5_r4_h23_hc95,B5_GCO_F030_R2.txt,2
335,1,79.2571968945908,0.6604166666666667,accept,79.2571968945908,HC95,b5_c5_r4_h23_hc95,B5_GCO_F030_R2.txt,2
336,2,123.10688581487663,0.6354166666666666,accept,123.10688581487663,HC95,b5_c5_r4_h23_hc95,B5_GEy_F100_R1.txt,1
337,0,103.67088190001937,0.4729166666666667,accept,103.67088190001937,HC95,b5_c5_r4_h23_hc95,B5_GEa_F080_R2.txt,2
338,3,121.56201866164997,0.38958333333333334,accept,121.56201866164997,HC95,b5_c5_r4_h23_hc95,B5_GMe_F050_R2.txt,2
339,1,112.27158890666922,0.6479166666666666,accept,112.27158890666922,HC95,b5_c5_r4_h23_hc95,B5_GCO_F030_R2.txt,2
340,1,66.02620027600898,0.5083333333333334,accept,66.02620027600898,HC95,b5_c5_r4_h23_hc95,B5_GCO_F030_R1.txt,1
341,1,143.1795499092548,0.6333333333333334,accept,143.1795499092548,HC95,b5_c5_r4_h23_hc95,B5_GCO_F060_R1.txt,1
342,3,122.71713305801066,0.22291666666666665,accept,122.71713305801066,HC95,b5_c5_r4_h23_hc95,B5_GMe_F050_R2.txt,2
343,2,125.0,0.5645833333333333,accept,125.0,HC95,b5_c5_r4_h23_hc95,B5_GEy_F100_R2.txt,2
344,2,64.58933390446238,0.63125,accept,64.58933390446238,HC95,b5_c5_r4_h23_hc95,B5_GEy_F050_R1.txt,1
345,1,224.066812384164,0.7374999999999999,accept,224.066812384164,HC95,b5_c5_r4_h23_hc95,B5_GCO_F100_R2.txt,2
346,3,217.5152786187593,0.5291666666666667,accept,217.5152786187593,HC95,b5_c5_r4_h23_hc95,B5_GMe_F090_R1.txt,1
347,0,67.97112415211336,0.5604166666666667,accept,67.97112415211336,HC95,b5_c5_r4_h23_hc95,B5_GEa_F030_R1.txt,1
348,2,107.05470539826787,0.6291666666666668,accept,107.05470539826787,HC95,b5_c5_r4_h23_hc95,B5_GEy_F090_R1.txt,1
349,3,47.81085440840752,0.09375,accept,47.81085440840752,HC95,b5_c5_r4_h23_hc95,B5_GMe_F020_R2.txt,2
350,3,74.17959149647552,0.09791666666666667,accept,74.17959149647552,HC95,b5_c5_r4_h23_hc95,B5_GMe_F030_R1.txt,1
351,3,77.18959975042301,0.20833333333333334,accept,77.18959975042301,HC95,b5_c5_r4_h23_hc95,B5_GMe_F030_R2.txt,2
352,2,109.01147338203481,0.6104166666666666,accept,109.01147338203481,HC95,b5_c5_r4_h23_hc95,B5_GEy_F090_R1.txt,1
353,1,76.59109828315435,0.6749999999999999,accept,76.59109828315435,HC95,b5_c5_r4_h23_hc95,B5_GCO_F040_R1.txt,1
354,2,50.698484064201274,0.7833333333333333,accept,50.698484064201274,HC95,b5_c5_r4_h23_hc95,B5_GEy_F050_R2.txt,2
355,2,76.66934957829119,0.65,accept,76.66934957829119,HC95,b5_c5_r4_h23_hc95,B5_GEy_F060_R1.txt,1
356,2,121.16298573367382,0.69375,accept,121.16298573367382,HC95,b5_c5_r4_h23_hc95,B5_GEy_F100_R2.txt,2
357,2,93.966249075264,0.6729166666666666,accept,93.966249075264,HC95,b5_c5_r4_h23_hc95,B5_GEy_F080_R1.txt,1
358,3,43.111245763829416,0.14791666666666667,accept,43.111245763829416,HC95,b5_c5_r4_h23_hc95,B5_GMe_F020_R2.txt,2
359,1,50.888493936208945,0.6229166666666667,accept,50.888493936208945,HC95,b5_c5_r4_h23_hc95,B5_GCO_F010_R2.txt,2
360,2,105.54892755791234,0.6770833333333334,accept,105.54892755791234,HC95,b5_c5_r4_h23_hc95,B5_GEy_F090_R2.txt,2
361,1,214.89371487355055,0.5875,accept,214.89371487355055,HC95,b5_c5_r4_h23_hc95,B5_GCO_F080_R1.txt,1
362,3,142.50907756238732,0.3208333333333333,accept,142.50907756238732,HC95,b5_c5_r4_h23_hc95,B5_GMe_F060_R2.txt,2
363,1,184.37280101783466,0.7062499999999999,accept,184.37280101783466,HC95,b5_c5_r4_h23_hc95,B5_GCO_F060_R2.txt,2
364,0,103.0975051057854,0.5895833333333333,accept,103.0975051057854,HC95,b5_c5_r4_h23_hc95,B5_GEa_F080_R2.txt,2
365,2,65.23617489365833,0.7166666666666667,accept,65.23617489365833,HC95,b5_c5_r4_h23_hc95,B5_GEy_F050_R2.txt,2
366,0,69.64621889326222,0.4770833333333333,accept,69.64621889326222,HC95,b5_c5_r4_h23_hc95,B5_GEa_F060_R1.txt,1
367,1,124.89113117528174,0.59375,accept,124.89113117528174,HC95,b5_c5_r4_h23_hc95,B5_GCO_F050_R1.txt,1
368,3,49.326066608773715,0.17916666666666667,accept,49.326066608773715,HC95,b5_c5_r4_h23_hc95,B5_GMe_F020_R2.txt,2
369,2,82.66254660021002,0.6749999999999999,accept,82.66254660021002,HC95,b5_c5_r4_h23_hc95,B5_GEy_F070_R1.txt,1
370,1,140.8529445285378,0.6333333333333333,accept,140.8529445285378,HC95,b5_c5_r4_h23_hc95,B5_GCO_F060_R1.txt,1
371,3,176.66124385478878,0.5104166666666666,accept,176.66124385478878,HC95,b5_c5_r4_h23_hc95,B5_GMe_F070_R1.txt,1
372,1,39.3937407046054,0.7604166666666666,accept,39.3937407046054,HC95,b5_c5_r4_h23_hc95,B5_GCO_F010_R2.txt,2
373,2,42.80244583355466,0.6645833333333333,accept,42.80244583355466,HC95,b5_c5_r4_h23_hc95,B5_GEy_F050_R2.txt,2
374,1,35.79377570008363,0.5875,accept,35.79377570008363,HC95,b5_c5_r4_h23_hc95,B5_GCO_F010_R2.txt,2
375,1,182.718538057523,0.6958333333333334,accept,182.718538057523,HC95,b5_c5_r4_h23_hc95,B5_GCO_F080_R2.txt,2
376,1,96.77355045038942,0.68125,accept,96.77355045038942,HC95,b5_c5_r4_h23_hc95,B5_GCO_F030_R2.txt,2
377,0,53.55270835862007,0.5,accept,53.55270835862007,HC95,b5_c5_r4_h23_hc95,B5_GEa_F040_R2.txt,2
378,2,15.292519732988637,0.7333333333333333,accept,15.292519732988637,HC95,b5_c5_r4_h23_hc95,B5_GEy_F010_R1.txt,1
379,0,73.57079224737366,0.4354166666666666,accept,73.57079224737366,HC95,b5_c5_r4_h23_hc95,B5_GEa_F060_R1.txt,1
380,2,14.1755849788332,0.7625000000000001,accept,14.1755849788332,HC95,b5_c5_r4_h23_hc95,B5_GEy_F010_R1.txt,1
381,3,125.98527546262738,0.17291666666666664,accept,125.98527546262738,HC95,b5_c5_r4_h23_hc95,B5_GMe_F050_R2.txt,2
382,2,32.7419332359751,0.6979166666666666,accept,32.7419332359751,HC95,b5_c5_r4_h23_hc95,B5_GEy_F030_R2.txt,2
383,0,118.20985993111623,0.38958333333333334,accept,118.20985993111623,HC95,b5_c5_r4_h23_hc95,B5_GEa_F100_R2.txt,2
384,3,80.58114993663182,0.15208333333333332,accept,80.58114993663182,HC95,b5_c5_r4_h23_hc95,B5_GMe_F030_R2.txt,2
385,3,36.08062909553878,0.22708333333333333,accept,36.08062909553878,HC95,b5_c5_r4_h23_hc95,B5_GMe_F010_R2.txt,2
386,2,103.76411551765597,0.6,accept,103.76411551765597,HC95,b5_c5_r4_h23_hc95,B5_GEy_F080_R2.txt,2
387,2,24.336612808730877,0.65,accept,24.336612808730877,HC95,b5_c5_r4_h23_hc95,B5_GEy_F020_R1.txt,1
388,3,115.571843020902,0.3354166666666667,accept,115.571843020902,HC95,b5_c5_r4_h23_hc95,B5_GMe_F050_R1.txt,1
389,0,94.90686919411634,0.49374999999999997,accept,94.90686919411634,HC95,b5_c5_r4_h23_hc95,B5_GEa_F080_R1.txt,1
390,0,90.17822254444981,0.6020833333333333,accept,90.17822254444981,HC95,b5_c5_r4_h23_hc95,B5_GEa_F080_R1.txt,1
391,3,48.18585059106161,0.13333333333333333,accept,48.18585059106161,HC95,b5_c5_r4_h23_hc95,B5_GMe_F020_R2.txt,2
392,1,214.47283057165265,0.6916666666666668,accept,214.47283057165265,HC95,b5_c5_r4_h23_hc95,B5_GCO_F090_R2.txt,2
393,1,39.168120741916034,0.6812499999999999,accept,39.168120741916034,HC95,b5_c5_r4_h23_hc95,B5_GCO_F010_R2.txt,2
394,3,100.35099124403911,0.20625000000000002,accept,100.35099124403911,HC95,b5_c5_r4_h23_hc95,B5_GMe_F040_R1.txt,1
395,1,98.96405818625058,0.5625,accept,98.96405818625058,HC95,b5_c5_r4_h23_hc95,B5_GCO_F040_R1.txt,1
396,0,12.5,0.3625,accept,12.5,HC95,b5_c5_r4_h23_hc95,B5_GEa_F010_R1.txt,1
397,3,204.3824331668875,0.17708333333333334,accept,204.3824331668875,HC95,b5_c5_r4_h23_hc95,B5_GMe_F080_R2.txt,2
398,2,33.26786277618062,0.6895833333333332,accept,33.26786277618062,HC95,b5_c5_r4_h23_hc95,B5_GEy_F030_R2.txt,2
399,2,62.376575227388024,0.65625,accept,62.376575227388024,HC95,b5_c5_r4_h23_hc95,B5_GEy_F050_R1.txt,1
400,1,179.28112916367004,0.7729166666666667,accept,179.28112916367004,HC95,b5_c5_r4_h23_hc95,B5_GCO_F060_R2.txt,2
401,0,75.48696820508795,0.49583333333333335,accept,75.48696820508795,HC95,b5_c5_r4_h23_hc95,B5_GEa_F060_R1.txt,1
402,2,99.7603839991705,0.5645833333333333,accept,99.7603839991705,HC95,b5_c5_r4_h23_hc95,B5_GEy_F080_R2.txt,2
403,0,41.615345562322645,0.40208333333333335,accept,41.615345562322645,HC95,b5_c5_r4_h23_hc95,B5_GEa_F030_R2.txt,2
404,3,61.87505951572224,0.39375000000000004,accept,61.87505951572224,HC95,b5_c5_r4_h23_hc95,B5_GMe_F030_R1.txt,1
405,3,126.7530992704891,0.25833333333333336,accept,126.7530992704891,HC95,b5_c5_r4_h23_hc95,B5_GMe_F050_R2.txt,2
406,0,74.30231775244945,0.41250000000000003,accept,74.30231775244945,HC95,b5_c5_r4_h23_hc95,B5_GEa_F060_R1.txt,1
407,0,68.024028547563,0.45416666666666666,accept,68.024028547563,HC95,b5_c5_r4_h23_hc95,B5_GEa_F050_R1.txt,1
408,1,197.1628872232327,0.6062500000000001,accept,197.1628872232327,HC95,b5_c5_r4_h23_hc95,B5_GCO_F080_R2.txt,2
409,3,105.71729996139352,0.2625,accept,105.71729996139352,HC95,b5_c5_r4_h23_hc95,B5_GMe_F040_R1.txt,1
410,2,103.14496354332191,0.60625,accept,103.14496354332191,HC95,b5_c5_r4_h23_hc95,B5_GEy_F080_R2.txt,2
411,0,101.19093780944038,0.6625,accept,101.19093780944038,HC95,b5_c5_r4_h23_hc95,B5_GEa_F090_R1.txt,1
412,3,210.8033169163807,0.4770833333333333,accept,210.8033169163807,HC95,b5_c5_r4_h23_hc95,B5_GMe_F090_R1.txt,1
413,2,12.5,0.6541666666666667,accept,12.5,HC95,b5_c5_r4_h23_hc95,B5_GEy_F010_R1.txt,1
414,1,25.0,0.5624999999999999,accept,25.0,HC95,b5_c5_r4_h23_hc95,B5_GCO_F010_R1.txt,1
415,2,12.5,0.8562500000000001,review,,HC95,b5_c5_r4_h23_hc95,B5_GEy_F010_R2.txt,2
416,1,122.92935079876004,0.64375,accept,122.92935079876004,HC95,b5_c5_r4_h23_hc95,B5_GCO_F040_R2.txt,2
417,3,29.59750746026606,0.25416666666666665,accept,29.59750746026606,HC95,b5_c5_r4_h23_hc95,B5_GMe_F010_R1.txt,1
418,0,23.704965791139784,0.49374999999999997,accept,23.704965791139784,HC95,b5_c5_r4_h23_hc95,B5_GEa_F020_R2.txt,2
419,1,250.0,0.7291666666666666,accept,250.0,HC95,b5_c5_r4_h23_hc95,B5_GEa_F040_R2.txt,2
420,2,61.87748671557388,0.7145833333333332,accept,61.87748671557388,HC95,b5_c5_r4_h23_hc95,B5_GEy_F050_R1.txt,1
421,0,23.183595734514284,0.4145833333333333,accept,23.183595734514284,HC95,b5_c5_r4_h23_hc95,B5_GEa_F020_R2.txt,2
422,0,112.18832138802402,0.53125,accept,112.18832138802402,HC95,b5_c5_r4_h23_hc95,B5_GEa_F090_R2.txt,2
423,3,99.4224220980587,0.12291666666666667,accept,99.4224220980587,HC95,b5_c5_r4_h23_hc95,B5_GMe_F040_R2.txt,2
424,1,221.16907487064717,0.5812499999999999,accept,221.16907487064717,HC95,b5_c5_r4_h23_hc95,B5_GCO_F090_R2.txt,2
425,2,110.10419536120736,0.6124999999999999,accept,110.10419536120736,HC95,b5_c5_r4_h23_hc95,B5_GEy_F090_R1.txt,1
426,3,171.80289534301437,0.19999999999999998,accept,171.80289534301437,HC95,b5_c5_r4_h23_hc95,B5_GMe_F070_R1.txt,1
427,1,129.91328515177628,0.6333333333333333,accept,129.91328515177628,HC95,b5_c5_r4_h23_hc95,B5_GCO_F050_R2.txt,2
428,3,184.83698645775974,0.25625000000000003,accept,184.83698645775974,HC95,b5_c5_r4_h23_hc95,B5_GMe_F070_R2.txt,2
429,3,25.0,0.3625,accept,25.0,HC95,b5_c5_r4_h23_hc95,B5_GMe_F010_R2.txt,2
430,0,37.82436730687556,0.45,accept,37.82436730687556,HC95,b5_c5_r4_h23_hc95,B5_GEa_F030_R2.txt,2
431,1,155.0795342794992,0.5541666666666666,accept,155.0795342794992,HC95,b5_c5_r4_h23_hc95,B5_GCO_F060_R1.txt,1
432,2,118.35641007103101,0.7416666666666667,accept,118.35641007103101,HC95,b5_c5_r4_h23_hc95,B5_GEy_F090_R1.txt,1
433,0,39.878170407694085,0.38125000000000003,accept,39.878170407694085,HC95,b5_c5_r4_h23_hc95,B5_GEa_F030_R1.txt,1
434,1,70.14839797029764,0.4583333333333333,accept,70.14839797029764,HC95,b5_c5_r4_h23_hc95,B5_GCO_F030_R1.txt,1
435,3,247.70603168016015,0.16874999999999998,accept,247.70603168016015,HC95,b5_c5_r4_h23_hc95,B5_GMe_F100_R2.txt,2
436,2,12.79499636070102,0.7999999999999999,review,,HC95,b5_c5_r4_h23_hc95,B5_GEy_F010_R1.txt,1
437,2,88.89637378800313,0.6604166666666665,accept,88.89637378800313,HC95,b5_c5_r4_h23_hc95,B5_GEy_F070_R1.txt,1
438,3,204.57116388530244,0.22083333333333333,accept,204.57116388530244,HC95,b5_c5_r4_h23_hc95,B5_GMe_F080_R2.txt,2
439,1,87.35969046673293,0.65,accept,87.35969046673293,HC95,b5_c5_r4_h23_hc95,B5_GCO_F030_R2.txt,2
440,1,191.43275364567418,0.5208333333333334,accept,191.43275364567418,HC95,b5_c5_r4_h23_hc95,B5_GCO_F080_R1.txt,1
441,1,74.64979766159625,0.6916666666666668,accept,74.64979766159625,HC95,b5_c5_r4_h23_hc95,B5_GCO_F020_R2.txt,2
442,1,168.66479622980398,0.5645833333333333,accept,168.66479622980398,HC95,b5_c5_r4_h23_hc95,B5_GCO_F080_R2.txt,2
443,1,238.89523584998562,0.59375,accept,238.89523584998562,HC95,b5_c5_r4_h23_hc95,B5_GCO_F100_R1.txt,1
444,2,50.005222840160116,0.8833333333333334,review,,HC95,b5_c5_r4_h23_hc95,B5_GEy_F050_R2.txt,2
445,1,140.74241454035462,0.7041666666666666,accept,140.74241454035462,HC95,b5_c5_r4_h23_hc95,B5_GCO_F060_R1.txt,1
446,3,248.737172354905,0.5145833333333334,accept,248.737172354905,HC95,b5_c5_r4_h23_hc95,B5_GMe_F090_R2.txt,2
447,2,115.42448952265244,0.6958333333333334,accept,115.42448952265244,HC95,b5_c5_r4_h23_hc95,B5_GEy_F100_R2.txt,2
448,2,125.0,0.5812499999999999,accept,125.0,HC95,b5_c5_r4_h23_hc95,B5_GEy_F100_R2.txt,2
449,0,93.53467177784174,0.5979166666666665,accept,93.53467177784174,HC95,b5_c5_r4_h23_hc95,B5_GEa_F080_R1.txt,1
450,3,54.43545327263101,0.28125000000000006,accept,54.43545327263101,HC95,b5_c5_r4_h23_hc95,B5_GMe_F020_R2.txt,2
451,0,66.52949326466904,0.5791666666666667,accept,66.52949326466904,HC95,b5_c5_r4_h23_hc95,B5_GEa_F060_R2.txt,2
452,3,250.0,0.14791666666666667,accept,250.0,HC95,b5_c5_r4_h23_hc95,B5_GMe_F100_R2.txt,2
453,1,249.00605663318254,0.6541666666666667,accept,249.00605663318254,HC95,b5_c5_r4_h23_hc95,B5_GCO_F100_R1.txt,1
454,0,47.76858847999667,0.5375,accept,47.76858847999667,HC95,b5_c5_r4_h23_hc95,B5_GEa_F040_R2.txt,2
455,1,237.75595576800143,0.6041666666666666,accept,237.75595576800143,HC95,b5_c5_r4_h23_hc95,B5_GCO_F100_R2.txt,2
456,1,250.0,0.7041666666666666,accept,250.0,HC95,b5_c5_r4_h23_hc95,B5_GEa_F020_R2.txt,2
457,2,97.66594230414535,0.6354166666666666,accept,97.66594230414535,HC95,b5_c5_r4_h23_hc95,B5_GEy_F080_R2.txt,2
458,3,99.3580795610703,0.14583333333333334,accept,99.3580795610703,HC95,b5_c5_r4_h23_hc95,B5_GMe_F040_R2.txt,2
459,0,125.0,0.4958333333333333,accept,125.0,HC95,b5_c5_r4_h23_hc95,B5_GEa_F100_R1.txt,1
460,3,156.04461358673367,0.4124999999999999,accept,156.04461358673367,HC95,b5_c5_r4_h23_hc95,B5_GMe_F060_R2.txt,2
461,2,81.54905560583192,0.6645833333333334,accept,81.54905560583192,HC95,b5_c5_r4_h23_hc95,B5_GEy_F070_R1.txt,1
462,3,61.07836560800763,0.3854166666666667,accept,61.07836560800763,HC95,b5_c5_r4_h23_hc95,B5_GMe_F030_R2.txt,2
463,3,153.00337182771023,0.2270833333333333,accept,153.00337182771023,HC95,b5_c5_r4_h23_hc95,B5_GMe_F060_R1.txt,1
464,0,56.8265962903044,0.5145833333333334,accept,56.8265962903044,HC95,b5_c5_r4_h23_hc95,B5_GEa_F040_R1.txt,1
465,1,250.0,0.7395833333333334,accept,250.0,HC95,b5_c5_r4_h23_hc95,B5_GEy_F070_R2.txt,2
466,2,49.13944438944479,0.6625,accept,49.13944438944479,HC95,b5_c5_r4_h23_hc95,B5_GEy_F040_R2.txt,2
467,1,25.0,0.6395833333333333,accept,25.0,HC95,b5_c5_r4_h23_hc95,B5_GCO_F010_R1.txt,1
468,2,92.20896127699496,0.75,accept,92.20896127699496,HC95,b5_c5_r4_h23_hc95,B5_GEy_F080_R2.txt,2
469,2,25.85389294318489,0.7708333333333334,accept,25.85389294318489,HC95,b5_c5_r4_h23_hc95,B5_GEy_F020_R2.txt,2
470,0,110.31339411560313,0.4604166666666667,accept,110.31339411560313,HC95,b5_c5_r4_h23_hc95,B5_GEa_F090_R2.txt,2
471,1,71.25894098400242,0.6,accept,71.25894098400242,HC95,b5_c5_r4_h23_hc95,B5_GCO_F030_R1.txt,1
472,1,52.965193992970434,0.8833333333333333,review,,HC95,b5_c5_r4_h23_hc95,B5_GCO_F020_R2.txt,2
473,2,83.99410094114342,0.6499999999999999,accept,83.99410094114342,HC95,b5_c5_r4_h23_hc95,B5_GEy_F070_R1.txt,1
474,3,25.0,0.09999999999999999,accept,25.0,HC95,b5_c5_r4_h23_hc95,B5_GMe_F010_R2.txt,2
475,3,180.82059744606286,0.19166666666666665,accept,180.82059744606286,HC95,b5_c5_r4_h23_hc95,B5_GMe_F070_R2.txt,2
476,2,82.57518928516166,0.65625,accept,82.57518928516166,HC95,b5_c5_r4_h23_hc95,B5_GEy_F070_R1.txt,1
477,3,103.28367753134023,0.3375000000000001,accept,103.28367753134023,HC95,b5_c5_r4_h23_hc95,B5_GMe_F040_R2.txt,2
478,1,27.510640008294715,0.5812499999999999,accept,27.510640008294715,HC95,b5_c5_r4_h23_hc95,B5_GCO_F010_R1.txt,1
479,2,25.564616671139632,0.56875,accept,25.564616671139632,HC95,b5_c5_r4_h23_hc95,B5_GEy_F020_R1.txt,1
480,3,202.1543838690435,0.23749999999999996,accept,202.1543838690435,HC95,b5_c5_r4_h23_hc95,B5_GMe_F080_R1.txt,1
481,0,45.81945152617512,0.53125,accept,45.81945152617512,HC95,b5_c5_r4_h23_hc95,B5_GEa_F040_R1.txt,1
482,3,132.45891384956778,0.18541666666666667,accept,132.45891384956778,HC95,b5_c5_r4_h23_hc95,B5_GMe_F050_R2.txt,2
483,2,100.1769608937461,0.5645833333333333,accept,100.1769608937461,HC95,b5_c5_r4_h23_hc95,B5_GEy_F080_R2.txt,2
484,3,26.945479758683007,0.14583333333333334,accept,26.945479758683007,HC95,b5_c5_r4_h23_hc95,B5_GMe_F010_R2.txt,2
485,3,35.07182871401096,0.1875,accept,35.07182871401096,HC95,b5_c5_r4_h23_hc95,B5_GMe_F010_R1.txt,1
486,0,25.29780944126759,0.4875,accept,25.29780944126759,HC95,b5_c5_r4_h23_hc95,B5_GEa_F020_R2.txt,2
487,3,245.61918940999044,0.22708333333333333,accept,245.61918940999044,HC95,b5_c5_r4_h23_hc95,B5_GMe_F100_R1.txt,1
488,0,39.23472947335534,0.4145833333333333,accept,39.23472947335534,HC95,b5_c5_r4_h23_hc95,B5_GEa_F030_R1.txt,1
489,0,90.8560113354118,0.4520833333333334,accept,90.8560113354118,HC95,b5_c5_r4_h23_hc95,B5_GEa_F070_R1.txt,1
490,1,32.81361021136358,0.6333333333333333,accept,32.81361021136358,HC95,b5_c5_r4_h23_hc95,B5_GCO_F020_R1.txt,1
491,1,166.7186906385741,0.7166666666666667,accept,166.7186906385741,HC95,b5_c5_r4_h23_hc95,B5_GCO_F090_R2.txt,2
492,1,150.6123853826632,0.5833333333333334,accept,150.6123853826632,HC95,b5_c5_r4_h23_hc95,B5_GCO_F060_R2.txt,2
493,2,12.5,0.6270833333333333,accept,12.5,HC95,b5_c5_r4_h23_hc95,B5_GEy_F010_R1.txt,1
494,0,22.242020184361337,0.4895833333333333,accept,22.242020184361337,HC95,b5_c5_r4_h23_hc95,B5_GEa_F020_R2.txt,2
495,3,139.16923469055408,0.4625000000000001,accept,139.16923469055408,HC95,b5_c5_r4_h23_hc95,B5_GMe_F060_R1.txt,1
496,1,125.39754221623491,0.5770833333333333,accept,125.39754221623491,HC95,b5_c5_r4_h23_hc95,B5_GCO_F050_R2.txt,2
497,2,39.06176252903604,0.5666666666666667,accept,39.06176252903604,HC95,b5_c5_r4_h23_hc95,B5_GEy_F030_R1.txt,1
498,2,57.19309841613929,0.7374999999999999,accept,57.19309841613929,HC95,b5_c5_r4_h23_hc95,B5_GEy_F030_R1.txt,1
499,1,95.78964213686587,0.6625,accept,95.78964213686587,HC95,b5_c5_r4_h23_hc95,B5_GCO_F040_R2.txt,2
500,2,125.0,0.6270833333333333,accept,125.0,HC95,b5_c5_r4_h23_hc95,B5_GEy_F070_R2.txt,2
501,1,216.8751330251209,0.6895833333333333,accept,216.8751330251209,HC95,b5_c5_r4_h23_hc95,B5_GCO_F090_R2.txt,2
502,1,26.1922410126559,0.6041666666666666,accept,26.1922410126559,HC95,b5_c5_r4_h23_hc95,B5_GCO_F010_R2.txt,2
503,1,245.2607972419775,0.46875,accept,245.2607972419775,HC95,b5_c5_r4_h23_hc95,B5_GCO_F100_R1.txt,1
504,2,30.39120420889634,0.8395833333333332,review,,HC95,b5_c5_r4_h23_hc95,B5_GEy_F010_R2.txt,2
505,3,244.88794741764792,0.23750000000000002,accept,244.88794741764792,HC95,b5_c5_r4_h23_hc95,B5_GMe_F100_R1.txt,1
506,3,148.19600961737618,0.21875,accept,148.19600961737618,HC95,b5_c5_r4_h23_hc95,B5_GMe_F060_R2.txt,2
507,0,70.68604992726367,0.39375,accept,70.68604992726367,HC95,b5_c5_r4_h23_hc95,B5_GEa_F060_R2.txt,2
508,1,84.08898586347792,0.6145833333333334,accept,84.08898586347792,HC95,b5_c5_r4_h23_hc95,B5_GCO_F030_R2.txt,2
509,0,23.46525054767522,0.4291666666666667,accept,23.46525054767522,HC95,b5_c5_r4_h23_hc95,B5_GEa_F020_R1.txt,1
510,0,65.51733254532324,0.5437500000000001,accept,65.51733254532324,HC95,b5_c5_r4_h23_hc95,B5_GEa_F060_R2.txt,2
511,1,212.1101977154919,0.5833333333333334,accept,212.1101977154919,HC95,b5_c5_r4_h23_hc95,B5_GCO_F090_R1.txt,1
512,0,96.17772146096576,0.6895833333333333,accept,96.17772146096576,HC95,b5_c5_r4_h23_hc95,B5_GEa_F070_R1.txt,1
513,1,172.12501160281388,0.71875,accept,172.12501160281388,HC95,b5_c5_r4_h23_hc95,B5_GCO_F070_R2.txt,2
514,2,28.00220037377659,0.6791666666666666,accept,28.00220037377659,HC95,b5_c5_r4_h23_hc95,B5_GEy_F020_R2.txt,2
515,2,123.36104700918034,0.63125,accept,123.36104700918034,HC95,b5_c5_r4_h23_hc95,B5_GEy_F100_R1.txt,1
516,1,114.2171866867107,0.5875,accept,114.2171866867107,HC95,b5_c5_r4_h23_hc95,B5_GCO_F040_R1.txt,1
517,2,124.07373236659795,0.6270833333333333,accept,124.07373236659795,HC95,b5_c5_r4_h23_hc95,B5_GEy_F100_R1.txt,1
518,2,51.42445234054651,0.5708333333333334,accept,51.42445234054651,HC95,b5_c5_r4_h23_hc95,B5_GEy_F040_R1.txt,1
519,2,26.58721579353127,0.6041666666666666,accept,26.58721579353127,HC95,b5_c5_r4_h23_hc95,B5_GEy_F020_R1.txt,1
520,2,37.471201701480055,0.5812499999999999,accept,37.471201701480055,HC95,b5_c5_r4_h23_hc95,B5_GEy_F030_R2.txt,2
521,2,74.1428572467185,0.6291666666666667,accept,74.1428572467185,HC95,b5_c5_r4_h23_hc95,B5_GEy_F060_R2.txt,2
522,2,26.151429223680253,0.6729166666666666,accept,26.151429223680253,HC95,b5_c5_r4_h23_hc95,B5_GEy_F020_R2.txt,2
523,1,220.27127854990363,0.6625,accept,220.27127854990363,HC95,b5_c5_r4_h23_hc95,B5_GCO_F090_R1.txt,1
524,3,161.63984786048167,0.4104166666666667,accept,161.63984786048167,HC95,b5_c5_r4_h23_hc95,B5_GMe_F070_R1.txt,1
525,0,113.20314902454307,0.4375,accept,113.20314902454307,HC95,b5_c5_r4_h23_hc95,B5_GEa_F090_R2.txt,2
526,0,85.81971543075888,0.5020833333333333,accept,85.81971543075888,HC95,b5_c5_r4_h23_hc95,B5_GEa_F070_R1.txt,1
527,3,74.403430165604,0.3020833333333333,accept,74.403430165604,HC95,b5_c5_r4_h23_hc95,B5_GMe_F030_R2.txt,2
528,2,12.5,0.6145833333333334,accept,12.5,HC95,b5_c5_r4_h23_hc95,B5_GEy_F010_R2.txt,2
529,3,73.46843715674663,0.14166666666666666,accept,73.46843715674663,HC95,b5_c5_r4_h23_hc95,B5_GMe_F030_R2.txt,2
530,0,94.28393299262429,0.5874999999999999,accept,94.28393299262429,HC95,b5_c5_r4_h23_hc95,B5_GEa_F080_R1.txt,1
531,3,35.38324569409767,0.21666666666666667,accept,35.38324569409767,HC95,b5_c5_r4_h23_hc95,B5_GMe_F020_R2.txt,2
532,0,91.67207300233672,0.6041666666666666,accept,91.67207300233672,HC95,b5_c5_r4_h23_hc95,B5_GEa_F080_R1.txt,1
533,3,132.10708321262095,0.5812499999999999,accept,132.10708321262095,HC95,b5_c5_r4_h23_hc95,B5_GMe_F050_R2.txt,2
534,1,25.0,0.5645833333333333,accept,25.0,HC95,b5_c5_r4_h23_hc95,B5_GCO_F010_R1.txt,1
535,2,16.120407751489296,0.7458333333333332,accept,16.120407751489296,HC95,b5_c5_r4_h23_hc95,B5_GEy_F020_R2.txt,2
536,3,127.45522582055872,0.28125,accept,127.45522582055872,HC95,b5_c5_r4_h23_hc95,B5_GMe_F050_R1.txt,1
537,0,124.17422240405234,0.5333333333333333,accept,124.17422240405234,HC95,b5_c5_r4_h23_hc95,B5_GEa_F100_R2.txt,2
538,1,117.9893837650484,0.4937500000000001,accept,117.9893837650484,HC95,b5_c5_r4_h23_hc95,B5_GCO_F040_R1.txt,1
539,2,69.5153163316825,0.7000000000000001,accept,69.5153163316825,HC95,b5_c5_r4_h23_hc95,B5_GEy_F060_R1.txt,1
540,2,52.79341849197564,0.6229166666666667,accept,52.79341849197564,HC95,b5_c5_r4_h23_hc95,B5_GEy_F040_R2.txt,2
541,0,64.12140258834421,0.56875,accept,64.12140258834421,HC95,b5_c5_r4_h23_hc95,B5_GEa_F050_R2.txt,2
542,2,115.65445718927532,0.69375,accept,115.65445718927532,HC95,b5_c5_r4_h23_hc95,B5_GEy_F090_R2.txt,2
543,1,44.36597549582464,0.5812499999999999,accept,44.36597549582464,HC95,b5_c5_r4_h23_hc95,B5_GCO_F020_R1.txt,1
544,3,29.745136745274323,0.33125000000000004,accept,29.745136745274323,HC95,b5_c5_r4_h23_hc95,B5_GMe_F010_R2.txt,2
545,2,32.783240882062316,0.7020833333333333,accept,32.783240882062316,HC95,b5_c5_r4_h23_hc95,B5_GEy_F030_R1.txt,1
546,2,96.03217363771004,0.6708333333333334,accept,96.03217363771004,HC95,b5_c5_r4_h23_hc95,B5_GEy_F080_R1.txt,1
547,3,102.2074198855544,0.2041666666666667,accept,102.2074198855544,HC95,b5_c5_r4_h23_hc95,B5_GMe_F040_R2.txt,2
548,3,240.81965981759996,0.26666666666666666,accept,240.81965981759996,HC95,b5_c5_r4_h23_hc95,B5_GMe_F100_R1.txt,1
549,3,148.56697281703092,0.5020833333333333,accept,148.56697281703092,HC95,b5_c5_r4_h23_hc95,B5_GMe_F070_R1.txt,1
550,1,221.141019059876,0.61875,accept,221.141019059876,HC95,b5_c5_r4_h23_hc95,B5_GCO_F090_R2.txt,2
551,1,134.4442708318957,0.5895833333333332,accept,134.4442708318957,HC95,b5_c5_r4_h23_hc95,B5_GCO_F040_R1.txt,1
552,3,86.49298227014462,0.45,accept,86.49298227014462,HC95,b5_c5_r4_h23_hc95,B5_GMe_F040_R1.txt,1
553,3,216.4050001791126,0.5333333333333333,accept,216.4050001791126,HC95,b5_c5_r4_h23_hc95,B5_GMe_F090_R1.txt,1
554,2,64.85007819497795,0.6854166666666667,accept,64.85007819497795,HC95,b5_c5_r4_h23_hc95,B5_GEy_F050_R2.txt,2
555,2,100.87583792608072,0.7000000000000001,accept,100.87583792608072,HC95,b5_c5_r4_h23_hc95,B5_GEy_F090_R1.txt,1
556,0,62.73748654097257,0.5270833333333333,accept,62.73748654097257,HC95,b5_c5_r4_h23_hc95,B5_GEa_F050_R2.txt,2
557,3,67.14886945300668,0.16458333333333333,accept,67.14886945300668,HC95,b5_c5_r4_h23_hc95,B5_GMe_F030_R2.txt,2
558,0,125.0,0.49374999999999997,accept,125.0,HC95,b5_c5_r4_h23_hc95,B5_GEa_F100_R1.txt,1
559,2,100.78484133018515,0.6604166666666667,accept,100.78484133018515,HC95,b5_c5_r4_h23_hc95,B5_GEy_F080_R2.txt,2
560,2,82.60423339041141,0.6395833333333333,accept,82.60423339041141,HC95,b5_c5_r4_h23_hc95,B5_GEy_F070_R1.txt,1
561,1,117.74149256616629,0.7125,accept,117.74149256616629,HC95,b5_c5_r4_h23_hc95,B5_GCO_F030_R2.txt,2
562,1,100.51325363803339,0.6416666666666666,accept,100.51325363803339,HC95,b5_c5_r4_h23_hc95,B5_GCO_F030_R2.txt,2
563,3,220.1073074512635,0.19791666666666666,accept,220.1073074512635,HC95,b5_c5_r4_h23_hc95,B5_GMe_F090_R2.txt,2
564,0,50.58595640138179,0.5479166666666667,accept,50.58595640138179,HC95,b5_c5_r4_h23_hc95,B5_GEa_F040_R1.txt,1
565,0,65.92726765391504,0.39375,accept,65.92726765391504,HC95,b5_c5_r4_h23_hc95,B5_GEa_F050_R1.txt,1
566,3,28.656359181710556,0.14791666666666667,accept,28.656359181710556,HC95,b5_c5_r4_h23_hc95,B5_GMe_F010_R1.txt,1
567,0,49.50894540455864,0.46875,accept,49.50894540455864,HC95,b5_c5_r4_h23_hc95,B5_GEa_F040_R1.txt,1
568,3,43.98184647008719,0.12708333333333333,accept,43.98184647008719,HC95,b5_c5_r4_h23_hc95,B5_GMe_F020_R2.txt,2
569,1,125.15342693016672,0.5458333333333333,accept,125.15342693016672,HC95,b5_c5_r4_h23_hc95,B5_GCO_F050_R2.txt,2
570,3,72.59345089412085,0.12708333333333333,accept,72.59345089412085,HC95,b5_c5_r4_h23_hc95,B5_GMe_F030_R1.txt,1
571,0,106.10402010178389,0.4895833333333333,accept,106.10402010178389,HC95,b5_c5_r4_h23_hc95,B5_GEa_F090_R1.txt,1
572,3,96.22009789723286,0.3208333333333333,accept,96.22009789723286,HC95,b5_c5_r4_h23_hc95,B5_GMe_F040_R1.txt,1
573,2,122.18966454384969,0.5854166666666666,accept,122.18966454384969,HC95,b5_c5_r4_h23_hc95,B5_GEy_F100_R1.txt,1
574,3,235.29452334229194,0.3666666666666667,accept,235.29452334229194,HC95,b5_c5_r4_h23_hc95,B5_GMe_F100_R2.txt,2
575,3,106.31347393406588,0.18541666666666667,accept,106.31347393406588,HC95,b5_c5_r4_h23_hc95,B5_GMe_F040_R2.txt,2
576,2,98.8436125459661,0.7520833333333333,accept,98.8436125459661,HC95,b5_c5_r4_h23_hc95,B5_GEy_F070_R2.txt,2
577,0,69.13610361356449,0.3958333333333333,accept,69.13610361356449,HC95,b5_c5_r4_h23_hc95,B5_GEa_F060_R2.txt,2
578,0,21.3676779947483,0.4875,accept,21.3676779947483,HC95,b5_c5_r4_h23_hc95,B5_GEa_F020_R2.txt,2
579,1,121.00107565620662,0.6479166666666667,accept,121.00107565620662,HC95,b5_c5_r4_h23_hc95,B5_GCO_F050_R1.txt,1
580,2,125.0,0.59375,accept,125.0,HC95,b5_c5_r4_h23_hc95,B5_GEy_F100_R1.txt,1
581,0,24.10143484111655,0.4583333333333333,accept,24.10143484111655,HC95,b5_c5_r4_h23_hc95,B5_GEa_F020_R1.txt,1
582,2,97.7938457623352,0.6333333333333333,accept,97.7938457623352,HC95,b5_c5_r4_h23_hc95,B5_GEy_F080_R1.txt,1
583,0,38.79289325832468,0.4229166666666666,accept,38.79289325832468,HC95,b5_c5_r4_h23_hc95,B5_GEa_F030_R1.txt,1
584,3,196.36482149885802,0.22291666666666665,accept,196.36482149885802,HC95,b5_c5_r4_h23_hc95,B5_GMe_F080_R2.txt,2
585,1,149.18536990663443,0.5833333333333334,accept,149.18536990663443,HC95,b5_c5_r4_h23_hc95,B5_GCO_F060_R1.txt,1
586,3,185.71366473224953,0.5395833333333333,accept,185.71366473224953,HC95,b5_c5_r4_h23_hc95,B5_GMe_F070_R2.txt,2
587,1,25.0,0.5333333333333333,accept,25.0,HC95,b5_c5_r4_h23_hc95,B5_GCO_F010_R1.txt,1
588,3,105.88302100067932,0.2708333333333333,accept,105.88302100067932,HC95,b5_c5_r4_h23_hc95,B5_GMe_F040_R1.txt,1
589,0,40.069781075412706,0.45,accept,40.069781075412706,HC95,b5_c5_r4_h23_hc95,B5_GEa_F030_R2.txt,2
590,3,144.39119185434976,0.3416666666666666,accept,144.39119185434976,HC95,b5_c5_r4_h23_hc95,B5_GMe_F060_R1.txt,1
591,2,81.84107754175623,0.7479166666666667,accept,81.84107754175623,HC95,b5_c5_r4_h23_hc95,B5_GEy_F060_R2.txt,2
592,3,106.88486838083762,0.30624999999999997,accept,106.88486838083762,HC95,b5_c5_r4_h23_hc95,B5_GMe_F040_R1.txt,1
593,1,81.51753251827459,0.42291666666666666,accept,81.51753251827459,HC95,b5_c5_r4_h23_hc95,B5_GCO_F030_R1.txt,1
594,3,250.0,0.5583333333333332,accept,250.0,HC95,b5_c5_r4_h23_hc95,B5_GMe_F080_R1.txt,1
595,2,47.32625575213078,0.6750000000000002,accept,47.32625575213078,HC95,b5_c5_r4_h23_hc95,B5_GEy_F040_R2.txt,2
596,0,86.75329048422819,0.5750000000000001,accept,86.75329048422819,HC95,b5_c5_r4_h23_hc95,B5_GEa_F070_R1.txt,1
597,0,16.258813617055612,0.42916666666666664,accept,16.258813617055612,HC95,b5_c5_r4_h23_hc95,B5_GEa_F010_R2.txt,2
598,3,134.1941143118509,0.23749999999999996,accept,134.1941143118509,HC95,b5_c5_r4_h23_hc95,B5_GMe_F050_R2.txt,2
599,2,38.057994306240005,0.6291666666666667,accept,38.057994306240005,HC95,b5_c5_r4_h23_hc95,B5_GEy_F030_R2.txt,2
600,1,101.70809704064493,0.6875,accept,101.70809704064493,HC95,b5_c5_r4_h23_hc95,B5_GCO_F040_R2.txt,2
601,3,214.08963239726032,0.3458333333333334,accept,214.08963239726032,HC95,b5_c5_r4_h23_hc95,B5_GMe_F080_R1.txt,1
602,0,73.37192461091384,0.43333333333333335,accept,73.37192461091384,HC95,b5_c5_r4_h23_hc95,B5_GEa_F060_R1.txt,1
603,1,195.97150836718833,0.5875,accept,195.97150836718833,HC95,b5_c5_r4_h23_hc95,B5_GCO_F090_R1.txt,1
604,3,50.0309307738728,0.3604166666666666,accept,50.0309307738728,HC95,b5_c5_r4_h23_hc95,B5_GMe_F020_R1.txt,1
605,0,12.5,0.37291666666666673,accept,12.5,HC95,b5_c5_r4_h23_hc95,B5_GEa_F010_R1.txt,1
606,1,243.60584321214517,0.7520833333333333,accept,243.60584321214517,HC95,b5_c5_r4_h23_hc95,B5_GCO_F090_R1.txt,1
607,3,171.60868128266293,0.21041666666666667,accept,171.60868128266293,HC95,b5_c5_r4_h23_hc95,B5_GMe_F070_R1.txt,1
608,0,96.30690093859991,0.5187499999999999,accept,96.30690093859991,HC95,b5_c5_r4_h23_hc95,B5_GEa_F080_R1.txt,1
609,2,115.14993302436977,0.7083333333333334,accept,115.14993302436977,HC95,b5_c5_r4_h23_hc95,B5_GEy_F090_R1.txt,1
610,0,114.95019619062772,0.5020833333333333,accept,114.95019619062772,HC95,b5_c5_r4_h23_hc95,B5_GEa_F090_R2.txt,2
611,3,127.30242599945143,0.17291666666666664,accept,127.30242599945143,HC95,b5_c5_r4_h23_hc95,B5_GMe_F050_R2.txt,2
612,1,171.98593053484976,0.6104166666666667,accept,171.98593053484976,HC95,b5_c5_r4_h23_hc95,B5_GCO_F070_R2.txt,2
613,2,33.417854657630315,0.7208333333333333,accept,33.417854657630315,HC95,b5_c5_r4_h23_hc95,B5_GEy_F030_R1.txt,1
614,3,144.04721726174222,0.22291666666666665,accept,144.04721726174222,HC95,b5_c5_r4_h23_hc95,B5_GMe_F060_R2.txt,2
615,0,125.0,0.6375000000000001,accept,125.0,HC95,b5_c5_r4_h23_hc95,B5_GEa_F100_R2.txt,2
616,1,90.55514298813983,0.55625,accept,90.55514298813983,HC95,b5_c5_r4_h23_hc95,B5_GCO_F040_R2.txt,2
617,1,136.96282478414847,0.65625,accept,136.96282478414847,HC95,b5_c5_r4_h23_hc95,B5_GCO_F060_R1.txt,1
618,0,20.477662565242643,0.4458333333333333,accept,20.477662565242643,HC95,b5_c5_r4_h23_hc95,B5_GEa_F020_R1.txt,1
619,2,35.62637918255632,0.6895833333333332,accept,35.62637918255632,HC95,b5_c5_r4_h23_hc95,B5_GEy_F030_R1.txt,1
620,0,45.310610357143936,0.5437500000000001,accept,45.310610357143936,HC95,b5_c5_r4_h23_hc95,B5_GEa_F040_R1.txt,1
621,2,125.0,0.6520833333333333,accept,125.0,HC95,b5_c5_r4_h23_hc95,B5_GEy_F100_R2.txt,2
622,3,171.89075873687213,0.2041666666666667,accept,171.89075873687213,HC95,b5_c5_r4_h23_hc95,B5_GMe_F070_R2.txt,2
623,1,180.9329961599436,0.8291666666666666,review,,HC95,b5_c5_r4_h23_hc95,B5_GCO_F080_R2.txt,2
624,1,142.00462314494504,0.5666666666666667,accept,142.00462314494504,HC95,b5_c5_r4_h23_hc95,B5_GCO_F060_R1.txt,1
625,1,175.19071474240508,0.5291666666666667,accept,175.19071474240508,HC95,b5_c5_r4_h23_hc95,B5_GCO_F070_R1.txt,1
626,0,125.0,0.39375,accept,125.0,HC95,b5_c5_r4_h23_hc95,B5_GEa_F100_R2.txt,2
627,1,119.82046890140276,0.6354166666666666,accept,119.82046890140276,HC95,b5_c5_r4_h23_hc95,B5_GCO_F050_R1.txt,1
628,3,72.01296633551712,0.12083333333333333,accept,72.01296633551712,HC95,b5_c5_r4_h23_hc95,B5_GMe_F030_R2.txt,2
629,2,81.52955951020698,0.6895833333333333,accept,81.52955951020698,HC95,b5_c5_r4_h23_hc95,B5_GEy_F080_R2.txt,2
630,0,70.43494230458023,0.6,accept,70.43494230458023,HC95,b5_c5_r4_h23_hc95,B5_GEa_F060_R1.txt,1
631,2,13.291981895677509,0.7937500000000001,accept,13.291981895677509,HC95,b5_c5_r4_h23_hc95,B5_GEy_F010_R1.txt,1
632,2,114.40472093987606,0.6875,accept,114.40472093987606,HC95,b5_c5_r4_h23_hc95,B5_GEy_F090_R2.txt,2
633,1,25.0,0.8312499999999999,review,,HC95,b5_c5_r4_h23_hc95,B5_GCO_F020_R2.txt,2
634,0,45.03759105369094,0.4895833333333333,accept,45.03759105369094,HC95,b5_c5_r4_h23_hc95,B5_GEa_F040_R2.txt,2
635,3,124.44626521654288,0.1708333333333333,accept,124.44626521654288,HC95,b5_c5_r4_h23_hc95,B5_GMe_F050_R2.txt,2
636,0,74.01078378770113,0.5041666666666668,accept,74.01078378770113,HC95,b5_c5_r4_h23_hc95,B5_GEa_F060_R1.txt,1
637,1,178.23775743363328,0.5458333333333333,accept,178.23775743363328,HC95,b5_c5_r4_h23_hc95,B5_GCO_F070_R1.txt,1
638,0,64.41800212578957,0.40625,accept,64.41800212578957,HC95,b5_c5_r4_h23_hc95,B5_GEa_F050_R2.txt,2
639,0,13.015219755000311,0.39166666666666666,accept,13.015219755000311,HC95,b5_c5_r4_h23_hc95,B5_GEa_F010_R2.txt,2
640,3,48.269190767015566,0.22291666666666665,accept,48.269190767015566,HC95,b5_c5_r4_h23_hc95,B5_GMe_F020_R1.txt,1
641,1,173.27688656319089,0.5270833333333332,accept,173.27688656319089,HC95,b5_c5_r4_h23_hc95,B5_GCO_F070_R2.txt,2
642,2,51.4707244231615,0.6458333333333334,accept,51.4707244231615,HC95,b5_c5_r4_h23_hc95,B5_GEy_F040_R1.txt,1
643,2,25.025309376342506,0.7145833333333332,accept,25.025309376342506,HC95,b5_c5_r4_h23_hc95,B5_GEy_F020_R2.txt,2
644,3,240.11580485736653,0.2854166666666667,accept,240.11580485736653,HC95,b5_c5_r4_h23_hc95,B5_GMe_F090_R2.txt,2
645,1,125.58437957527936,0.7875,accept,125.58437957527936,HC95,b5_c5_r4_h23_hc95,B5_GCO_F050_R2.txt,2
646,1,25.0,0.6416666666666666,accept,25.0,HC95,b5_c5_r4_h23_hc95,B5_GCO_F010_R1.txt,1
647,0,12.794519562857811,0.4749999999999999,accept,12.794519562857811,HC95,b5_c5_r4_h23_hc95,B5_GEa_F010_R1.txt,1
648,0,41.55491372189175,0.5270833333333332,accept,41.55491372189175,HC95,b5_c5_r4_h23_hc95,B5_GEa_F030_R2.txt,2
649,1,224.36709749886506,0.7145833333333335,accept,224.36709749886506,HC95,b5_c5_r4_h23_hc95,B5_GCO_F080_R1.txt,1
650,1,46.43449265608078,0.6104166666666666,accept,46.43449265608078,HC95,b5_c5_r4_h23_hc95,B5_GCO_F020_R1.txt,1
651,1,139.30172688522038,0.6437499999999999,accept,139.30172688522038,HC95,b5_c5_r4_h23_hc95,B5_GCO_F060_R2.txt,2
652,1,125.79397663642676,0.6416666666666666,accept,125.79397663642676,HC95,b5_c5_r4_h23_hc95,B5_GCO_F050_R1.txt,1
653,0,65.0956299137519,0.46875,accept,65.0956299137519,HC95,b5_c5_r4_h23_hc95,B5_GEa_F050_R2.txt,2
654,1,78.97942923539958,0.5187499999999999,accept,78.97942923539958,HC95,b5_c5_r4_h23_hc95,B5_GCO_F030_R2.txt,2
655,3,240.66864266906492,0.27708333333333335,accept,240.66864266906492,HC95,b5_c5_r4_h23_hc95,B5_GMe_F100_R1.txt,1
656,3,171.2177159615224,0.22291666666666665,accept,171.2177159615224,HC95,b5_c5_r4_h23_hc95,B5_GMe_F070_R2.txt,2
657,1,222.54560218839714,0.7437499999999999,accept,222.54560218839714,HC95,b5_c5_r4_h23_hc95,B5_GCO_F080_R1.txt,1
658,0,65.52099744436924,0.46666666666666673,accept,65.52099744436924,HC95,b5_c5_r4_h23_hc95,B5_GEa_F050_R1.txt,1
659,2,26.415232451349965,0.7395833333333334,accept,26.415232451349965,HC95,b5_c5_r4_h23_hc95,B5_GEy_F020_R2.txt,2
660,3,73.97980881509261,0.13125,accept,73.97980881509261,HC95,b5_c5_r4_h23_hc95,B5_GMe_F030_R2.txt,2
661,0,106.52947842217075,0.59375,accept,106.52947842217075,HC95,b5_c5_r4_h23_hc95,B5_GEa_F090_R1.txt,1
662,0,102.00564180529672,0.3958333333333333,accept,102.00564180529672,HC95,b5_c5_r4_h23_hc95,B5_GEa_F080_R2.txt,2
663,3,34.71470299448947,0.31875000000000003,accept,34.71470299448947,HC95,b5_c5_r4_h23_hc95,B5_GMe_F010_R2.txt,2
664,0,92.81573285721896,0.5541666666666666,accept,92.81573285721896,HC95,b5_c5_r4_h23_hc95,B5_GEa_F070_R2.txt,2
665,2,12.5,0.8416666666666668,review,,HC95,b5_c5_r4_h23_hc95,B5_GEy_F010_R2.txt,2
666,3,171.5562649494591,0.38125000000000003,accept,171.5562649494591,HC95,b5_c5_r4_h23_hc95,B5_GMe_F070_R1.txt,1
667,3,25.0,0.08124999999999999,accept,25.0,HC95,b5_c5_r4_h23_hc95,B5_GMe_F010_R2.txt,2
668,2,88.77988604966706,0.6041666666666666,accept,88.77988604966706,HC95,b5_c5_r4_h23_hc95,B5_GEy_F070_R2.txt,2
669,0,62.355334429743024,0.46875,accept,62.355334429743024,HC95,b5_c5_r4_h23_hc95,B5_GEa_F050_R2.txt,2
670,2,112.41545603459062,0.7020833333333334,accept,112.41545603459062,HC95,b5_c5_r4_h23_hc95,B5_GEy_F090_R1.txt,1
671,2,85.23535874937193,0.56875,accept,85.23535874937193,HC95,b5_c5_r4_h23_hc95,B5_GEy_F070_R1.txt,1
672,0,41.94257889546061,0.5083333333333333,accept,41.94257889546061,HC95,b5_c5_r4_h23_hc95,B5_GEa_F030_R1.txt,1
673,1,223.14967167811892,0.6291666666666665,accept,223.14967167811892,HC95,b5_c5_r4_h23_hc95,B5_GCO_F100_R1.txt,1
674,2,69.90867822331137,0.7208333333333332,accept,69.90867822331137,HC95,b5_c5_r4_h23_hc95,B5_GEy_F060_R2.txt,2
675,2,125.0,0.6833333333333332,accept,125.0,HC95,b5_c5_r4_h23_hc95,B5_GEy_F100_R1.txt,1
676,3,240.73401694244183,0.3020833333333333,accept,240.73401694244183,HC95,b5_c5_r4_h23_hc95,B5_GMe_F090_R2.txt,2
677,2,121.16039391467054,0.6020833333333333,accept,121.16039391467054,HC95,b5_c5_r4_h23_hc95,B5_GEy_F100_R2.txt,2
678,0,123.75037069181434,0.5270833333333332,accept,123.75037069181434,HC95,b5_c5_r4_h23_hc95,B5_GEa_F100_R1.txt,1
679,2,86.25413248568192,0.5499999999999999,accept,86.25413248568192,HC95,b5_c5_r4_h23_hc95,B5_GEy_F070_R1.txt,1
680,1,156.330433166426,0.7479166666666668,accept,156.330433166426,HC95,b5_c5_r4_h23_hc95,B5_GCO_F060_R1.txt,1
681,2,51.4246552663387,0.5729166666666666,accept,51.4246552663387,HC95,b5_c5_r4_h23_hc95,B5_GEy_F040_R2.txt,2
682,2,25.76481418351483,0.7625000000000001,accept,25.76481418351483,HC95,b5_c5_r4_h23_hc95,B5_GEy_F020_R2.txt,2
683,1,107.38429724979774,0.65625,accept,107.38429724979774,HC95,b5_c5_r4_h23_hc95,B5_GCO_F050_R2.txt,2
684,1,232.70647946260613,0.8166666666666668,review,,HC95,b5_c5_r4_h23_hc95,B5_GEy_F070_R2.txt,2
685,2,72.61815312293425,0.6416666666666666,accept,72.61815312293425,HC95,b5_c5_r4_h23_hc95,B5_GEy_F060_R1.txt,1
686,0,27.908397857194807,0.6020833333333333,accept,27.908397857194807,HC95,b5_c5_r4_h23_hc95,B5_GEa_F020_R2.txt,2
687,3,65.86143899880872,0.2020833333333333,accept,65.86143899880872,HC95,b5_c5_r4_h23_hc95,B5_GMe_F030_R2.txt,2
688,2,115.21204332982626,0.5520833333333334,accept,115.21204332982626,HC95,b5_c5_r4_h23_hc95,B5_GEy_F100_R1.txt,1
689,0,115.06479134343944,0.5583333333333333,accept,115.06479134343944,HC95,b5_c5_r4_h23_hc95,B5_GEa_F090_R2.txt,2
690,1,216.2179826796448,0.6604166666666668,accept,216.2179826796448,HC95,b5_c5_r4_h23_hc95,B5_GCO_F090_R2.txt,2
691,2,69.21747023703401,0.7354166666666666,accept,69.21747023703401,HC95,b5_c5_r4_h23_hc95,B5_GEy_F060_R2.txt,2
692,2,57.78419617794458,0.7208333333333333,accept,57.78419617794458,HC95,b5_c5_r4_h23_hc95,B5_GEy_F050_R1.txt,1
693,1,183.84496883389315,0.525,accept,183.84496883389315,HC95,b5_c5_r4_h23_hc95,B5_GCO_F070_R2.txt,2
694,1,25.0,0.7979166666666666,accept,25.0,HC95,b5_c5_r4_h23_hc95,B5_GCO_F010_R1.txt,1
695,1,198.6941530394057,0.6604166666666667,accept,198.6941530394057,HC95,b5_c5_r4_h23_hc95,B5_GCO_F080_R2.txt,2
696,1,105.10733303436338,0.5874999999999999,accept,105.10733303436338,HC95,b5_c5_r4_h23_hc95,B5_GCO_F040_R1.txt,1
697,3,169.8412520425529,0.20833333333333334,accept,169.8412520425529,HC95,b5_c5_r4_h23_hc95,B5_GMe_F070_R2.txt,2
698,1,45.76633594781605,0.6270833333333333,accept,45.76633594781605,HC95,b5_c5_r4_h23_hc95,B5_GCO_F020_R1.txt,1
699,2,100.86925640140231,0.6229166666666667,accept,100.86925640140231,HC95,b5_c5_r4_h23_hc95,B5_GEy_F080_R2.txt,2
700,1,123.12867506861559,0.6541666666666667,accept,123.12867506861559,HC95,b5_c5_r4_h23_hc95,B5_GCO_F050_R1.txt,1
701,1,250.0,0.8416666666666667,review,,HC95,b5_c5_r4_h23_hc95,B5_GEy_F010_R2.txt,2
702,1,163.24903380484048,0.625,accept,163.24903380484048,HC95,b5_c5_r4_h23_hc95,B5_GCO_F060_R2.txt,2
703,2,77.17124913247353,0.6375000000000001,accept,77.17124913247353,HC95,b5_c5_r4_h23_hc95,B5_GEy_F060_R1.txt,1
704,2,98.14131255885735,0.65625,accept,98.14131255885735,HC95,b5_c5_r4_h23_hc95,B5_GEy_F080_R1.txt,1
705,2,125.0,0.6812499999999999,accept,125.0,HC95,b5_c5_r4_h23_hc95,B5_GEy_F070_R2.txt,2
706,3,27.58452373923157,0.13541666666666666,accept,27.58452373923157,HC95,b5_c5_r4_h23_hc95,B5_GMe_F010_R2.txt,2
707,1,56.43832961193421,0.5958333333333333,accept,56.43832961193421,HC95,b5_c5_r4_h23_hc95,B5_GCO_F020_R2.txt,2
708,1,101.22901641116997,0.5874999999999999,accept,101.22901641116997,HC95,b5_c5_r4_h23_hc95,B5_GCO_F040_R1.txt,1
709,2,125.0,0.5604166666666667,accept,125.0,HC95,b5_c5_r4_h23_hc95,B5_GEy_F100_R2.txt,2
710,0,65.49017428869527,0.6333333333333333,accept,65.49017428869527,HC95,b5_c5_r4_h23_hc95,B5_GEa_F050_R2.txt,2
711,0,46.742095085555896,0.42083333333333334,accept,46.742095085555896,HC95,b5_c5_r4_h23_hc95,B5_GEa_F040_R1.txt,1
712,2,115.57533068922842,0.6729166666666666,accept,115.57533068922842,HC95,b5_c5_r4_h23_hc95,B5_GEy_F090_R2.txt,2
713,1,250.0,0.8416666666666667,review,,HC95,b5_c5_r4_h23_hc95,B5_GEy_F010_R2.txt,2
714,3,70.56526956945406,0.16874999999999998,accept,70.56526956945406,HC95,b5_c5_r4_h23_hc95,B5_GMe_F030_R2.txt,2
715,2,16.239733944168393,0.8770833333333333,review,,HC95,b5_c5_r4_h23_hc95,B5_GEa_F010_R1.txt,1
716,0,110.3258311648198,0.3875,accept,110.3258311648198,HC95,b5_c5_r4_h23_hc95,B5_GEa_F090_R2.txt,2
717,2,84.27977251601718,0.7020833333333334,accept,84.27977251601718,HC95,b5_c5_r4_h23_hc95,B5_GEy_F070_R2.txt,2
718,1,72.25664138893572,0.9229166666666666,reject,,HC95,b5_c5_r4_h23_hc95,B5_GEy_F070_R2.txt,2
719,1,35.20033896528026,0.5791666666666666,accept,35.20033896528026,HC95,b5_c5_r4_h23_hc95,B5_GCO_F010_R1.txt,1
720,2,113.40615266041533,0.6958333333333333,accept,113.40615266041533,HC95,b5_c5_r4_h23_hc95,B5_GEy_F090_R2.txt,2
721,2,24.42109929221951,0.7229166666666668,accept,24.42109929221951,HC95,b5_c5_r4_h23_hc95,B5_GEy_F020_R2.txt,2
722,2,63.31460022141363,0.7104166666666667,accept,63.31460022141363,HC95,b5_c5_r4_h23_hc95,B5_GEy_F050_R2.txt,2
723,3,44.17630753649321,0.22083333333333333,accept,44.17630753649321,HC95,b5_c5_r4_h23_hc95,B5_GMe_F020_R1.txt,1
724,3,250.0,0.4041666666666666,accept,250.0,HC95,b5_c5_r4_h23_hc95,B5_GMe_F100_R1.txt,1
725,0,108.00376790490718,0.43958333333333327,accept,108.00376790490718,HC95,b5_c5_r4_h23_hc95,B5_GEa_F070_R1.txt,1
726,2,27.48827040857148,0.6729166666666666,accept,27.48827040857148,HC95,b5_c5_r4_h23_hc95,B5_GEy_F020_R2.txt,2
727,0,15.007159147475278,0.6,accept,15.007159147475278,HC95,b5_c5_r4_h23_hc95,B5_GEa_F010_R2.txt,2
728,2,24.50233887019533,0.65,accept,24.50233887019533,HC95,b5_c5_r4_h23_hc95,B5_GEy_F020_R1.txt,1
729,0,62.77236127966256,0.4916666666666667,accept,62.77236127966256,HC95,b5_c5_r4_h23_hc95,B5_GEa_F060_R2.txt,2
730,1,250.0,0.6687500000000001,accept,250.0,HC95,b5_c5_r4_h23_hc95,B5_GMe_F050_R1.txt,1
731,0,12.5,0.3833333333333333,accept,12.5,HC95,b5_c5_r4_h23_hc95,B5_GEa_F010_R1.txt,1
732,0,15.348967957857273,0.3875,accept,15.348967957857273,HC95,b5_c5_r4_h23_hc95,B5_GEa_F010_R2.txt,2
733,0,49.71835009218739,0.45625,accept,49.71835009218739,HC95,b5_c5_r4_h23_hc95,B5_GEa_F040_R2.txt,2
734,3,190.95977324242233,0.26458333333333334,accept,190.95977324242233,HC95,b5_c5_r4_h23_hc95,B5_GMe_F070_R2.txt,2
735,3,151.2061964037362,0.21041666666666667,accept,151.2061964037362,HC95,b5_c5_r4_h23_hc95,B5_GMe_F060_R2.txt,2
736,3,227.32080022548277,0.3979166666666667,accept,227.32080022548277,HC95,b5_c5_r4_h23_hc95,B5_GMe_F090_R1.txt,1
737,1,68.58440671376576,0.6354166666666666,accept,68.58440671376576,HC95,b5_c5_r4_h23_hc95,B5_GCO_F020_R2.txt,2
738,3,132.40285960363866,0.37291666666666673,accept,132.40285960363866,HC95,b5_c5_r4_h23_hc95,B5_GMe_F050_R2.txt,2
739,0,95.31359292309635,0.5520833333333334,accept,95.31359292309635,HC95,b5_c5_r4_h23_hc95,B5_GEa_F070_R1.txt,1
740,3,198.8093652403987,0.1729166666666667,accept,198.8093652403987,HC95,b5_c5_r4_h23_hc95,B5_GMe_F080_R2.txt,2
741,0,52.516227581888245,0.4354166666666666,accept,52.516227581888245,HC95,b5_c5_r4_h23_hc95,B5_GEa_F040_R2.txt,2
742,3,239.61539411570874,0.28541666666666665,accept,239.61539411570874,HC95,b5_c5_r4_h23_hc95,B5_GMe_F090_R2.txt,2
743,3,59.22708953487469,0.26875,accept,59.22708953487469,HC95,b5_c5_r4_h23_hc95,B5_GMe_F020_R1.txt,1
744,1,153.19076234446874,0.6749999999999999,accept,153.19076234446874,HC95,b5_c5_r4_h23_hc95,B5_GCO_F060_R2.txt,2
745,1,216.6564489632093,0.7541666666666668,accept,216.6564489632093,HC95,b5_c5_r4_h23_hc95,B5_GCO_F090_R2.txt,2
746,2,13.535122525461531,0.61875,accept,13.535122525461531,HC95,b5_c5_r4_h23_hc95,B5_GEy_F010_R1.txt,1
747,3,105.29759770912129,0.29583333333333334,accept,105.29759770912129,HC95,b5_c5_r4_h23_hc95,B5_GMe_F040_R1.txt,1
748,0,26.317303062681592,0.5145833333333333,accept,26.317303062681592,HC95,b5_c5_r4_h23_hc95,B5_GEa_F020_R2.txt,2
749,2,125.0,0.6104166666666667,accept,125.0,HC95,b5_c5_r4_h23_hc95,B5_GEy_F100_R2.txt,2
750,3,158.2861298174917,0.30416666666666664,accept,158.2861298174917,HC95,b5_c5_r4_h23_hc95,B5_GMe_F060_R1.txt,1
751,1,169.2206160360745,0.6583333333333333,accept,169.2206160360745,HC95,b5_c5_r4_h23_hc95,B5_GCO_F060_R2.txt,2
752,3,37.12130680850434,0.3958333333333333,accept,37.12130680850434,HC95,b5_c5_r4_h23_hc95,B5_GMe_F020_R2.txt,2
753,0,106.1354991442421,0.4666666666666666,accept,106.1354991442421,HC95,b5_c5_r4_h23_hc95,B5_GEa_F090_R1.txt,1
754,3,250.0,0.85,review,,HC95,b5_c5_r4_h23_hc95,B5_GMe_F050_R1.txt,1
755,1,109.92762648592256,0.6416666666666666,accept,109.92762648592256,HC95,b5_c5_r4_h23_hc95,B5_GCO_F040_R2.txt,2
756,1,132.66130287293112,0.6645833333333333,accept,132.66130287293112,HC95,b5_c5_r4_h23_hc95,B5_GCO_F050_R2.txt,2
757,1,108.9325202192601,0.54375,accept,108.9325202192601,HC95,b5_c5_r4_h23_hc95,B5_GCO_F040_R1.txt,1
758,2,24.033529220153824,0.7083333333333334,accept,24.033529220153824,HC95,b5_c5_r4_h23_hc95,B5_GEy_F020_R1.txt,1
759,2,74.99193691958476,0.8479166666666668,review,,HC95,b5_c5_r4_h23_hc95,B5_GEy_F070_R2.txt,2
760,1,182.08235140084525,0.6020833333333333,accept,182.08235140084525,HC95,b5_c5_r4_h23_hc95,B5_GCO_F080_R1.txt,1
761,3,173.84825769737944,0.15833333333333333,accept,173.84825769737944,HC95,b5_c5_r4_h23_hc95,B5_GMe_F070_R1.txt,1
762,2,109.4886608978884,0.7479166666666667,accept,109.4886608978884,HC95,b5_c5_r4_h23_hc95,B5_GEy_F090_R2.txt,2
763,3,250.0,0.22083333333333335,accept,250.0,HC95,b5_c5_r4_h23_hc95,B5_GMe_F100_R1.txt,1
764,1,180.64717745603764,0.5416666666666666,accept,180.64717745603764,HC95,b5_c5_r4_h23_hc95,B5_GCO_F070_R1.txt,1
765,3,199.8300859926011,0.4104166666666667,accept,199.8300859926011,HC95,b5_c5_r4_h23_hc95,B5_GMe_F080_R1.txt,1
766,3,56.088507057412315,0.42083333333333334,accept,56.088507057412315,HC95,b5_c5_r4_h23_hc95,B5_GMe_F030_R1.txt,1
767,0,125.0,0.43124999999999997,accept,125.0,HC95,b5_c5_r4_h23_hc95,B5_GEa_F100_R2.txt,2
768,2,88.07585352667536,0.6979166666666666,accept,88.07585352667536,HC95,b5_c5_r4_h23_hc95,B5_GEy_F060_R1.txt,1
769,1,51.54820353714132,0.6520833333333333,accept,51.54820353714132,HC95,b5_c5_r4_h23_hc95,B5_GCO_F030_R1.txt,1
770,1,141.6894288622037,0.7020833333333333,accept,141.6894288622037,HC95,b5_c5_r4_h23_hc95,B5_GCO_F050_R2.txt,2
771,2,113.2180900412628,0.7541666666666665,accept,113.2180900412628,HC95,b5_c5_r4_h23_hc95,B5_GEy_F100_R2.txt,2
772,0,45.52130455589356,0.5041666666666667,accept,45.52130455589356,HC95,b5_c5_r4_h23_hc95,B5_GEa_F040_R2.txt,2
773,2,80.99073570877916,0.6770833333333334,accept,80.99073570877916,HC95,b5_c5_r4_h23_hc95,B5_GEy_F070_R1.txt,1
774,3,209.67347948545353,0.3979166666666667,accept,209.67347948545353,HC95,b5_c5_r4_h23_hc95,B5_GMe_F090_R1.txt,1
775,3,245.36362665171072,0.2854166666666667,accept,245.36362665171072,HC95,b5_c5_r4_h23_hc95,B5_GMe_F100_R2.txt,2
776,0,97.37761835322922,0.5833333333333334,accept,97.37761835322922,HC95,b5_c5_r4_h23_hc95,B5_GEa_F070_R2.txt,2
777,3,152.4995900888625,0.25,accept,152.4995900888625,HC95,b5_c5_r4_h23_hc95,B5_GMe_F060_R2.txt,2
778,1,54.64296540028553,0.65,accept,54.64296540028553,HC95,b5_c5_r4_h23_hc95,B5_GCO_F020_R1.txt,1
779,1,126.1153924808986,0.7416666666666667,accept,126.1153924808986,HC95,b5_c5_r4_h23_hc95,B5_GCO_F050_R1.txt,1
780,1,214.43261849871,0.5875,accept,214.43261849871,HC95,b5_c5_r4_h23_hc95,B5_GCO_F080_R1.txt,1
781,1,27.976442380915685,0.6875,accept,27.976442380915685,HC95,b5_c5_r4_h23_hc95,B5_GCO_F020_R1.txt,1
782,2,60.233828765746836,0.5958333333333333,accept,60.233828765746836,HC95,b5_c5_r4_h23_hc95,B5_GEy_F040_R2.txt,2
783,3,131.61454860982946,0.2833333333333334,accept,131.61454860982946,HC95,b5_c5_r4_h23_hc95,B5_GMe_F050_R1.txt,1
784,0,84.71141049067137,0.4895833333333333,accept,84.71141049067137,HC95,b5_c5_r4_h23_hc95,B5_GEa_F070_R1.txt,1
785,2,77.61169572812145,0.6687500000000001,accept,77.61169572812145,HC95,b5_c5_r4_h23_hc95,B5_GEy_F060_R2.txt,2
786,2,48.9108039163043,0.59375,accept,48.9108039163043,HC95,b5_c5_r4_h23_hc95,B5_GEy_F040_R1.txt,1
787,1,158.5165929431617,0.7395833333333334,accept,158.5165929431617,HC95,b5_c5_r4_h23_hc95,B5_GCO_F060_R2.txt,2
788,0,17.92337508843336,0.5104166666666666,accept,17.92337508843336,HC95,b5_c5_r4_h23_hc95,B5_GEa_F010_R2.txt,2
789,0,95.4928373001544,0.4416666666666667,accept,95.4928373001544,HC95,b5_c5_r4_h23_hc95,B5_GEa_F080_R2.txt,2
790,0,51.89923309218578,0.48541666666666666,accept,51.89923309218578,HC95,b5_c5_r4_h23_hc95,B5_GEa_F040_R2.txt,2
791,1,135.47060720185326,0.6833333333333332,accept,135.47060720185326,HC95,b5_c5_r4_h23_hc95,B5_GCO_F060_R1.txt,1
792,2,84.87336842505403,0.6291666666666667,accept,84.87336842505403,HC95,b5_c5_r4_h23_hc95,B5_GEy_F070_R1.txt,1
793,1,126.38099830008053,0.49166666666666664,accept,126.38099830008053,HC95,b5_c5_r4_h23_hc95,B5_GCO_F050_R2.txt,2
794,0,97.89538911783313,0.5708333333333333,accept,97.89538911783313,HC95,b5_c5_r4_h23_hc95,B5_GEa_F070_R2.txt,2
795,2,25.464999294969687,0.9,reject,,HC95,b5_c5_r4_h23_hc95,B5_GEa_F010_R1.txt,1
796,2,79.53329882390466,0.6625,accept,79.53329882390466,HC95,b5_c5_r4_h23_hc95,B5_GEy_F060_R2.txt,2
797,0,74.73240220456456,0.5458333333333334,accept,74.73240220456456,HC95,b5_c5_r4_h23_hc95,B5_GEa_F050_R2.txt,2
798,2,115.09179371828941,0.7000000000000001,accept,115.09179371828941,HC95,b5_c5_r4_h23_hc95,B5_GEy_F090_R1.txt,1
799,2,79.9284614351841,0.63125,accept,79.9284614351841,HC95,b5_c5_r4_h23_hc95,B5_GEy_F060_R1.txt,1
800,0,63.24930704133164,0.3833333333333333,accept,63.24930704133164,HC95,b5_c5_r4_h23_hc95,B5_GEa_F050_R2.txt,2
801,1,167.68987465102913,0.5979166666666667,accept,167.68987465102913,HC95,b5_c5_r4_h23_hc95,B5_GCO_F070_R2.txt,2
802,0,88.78205620421802,0.59375,accept,88.78205620421802,HC95,b5_c5_r4_h23_hc95,B5_GEa_F080_R1.txt,1
803,3,177.64264504335245,0.225,accept,177.64264504335245,HC95,b5_c5_r4_h23_hc95,B5_GMe_F070_R2.txt,2
804,2,123.90188996678872,0.5770833333333334,accept,123.90188996678872,HC95,b5_c5_r4_h23_hc95,B5_GEy_F100_R1.txt,1
805,2,49.877464471214864,0.6645833333333334,accept,49.877464471214864,HC95,b5_c5_r4_h23_hc95,B5_GEy_F040_R2.txt,2
806,3,110.10739272888988,0.22083333333333333,accept,110.10739272888988,HC95,b5_c5_r4_h23_hc95,B5_GMe_F040_R2.txt,2
807,2,58.59811727325108,0.7479166666666667,accept,58.59811727325108,HC95,b5_c5_r4_h23_hc95,B5_GEy_F050_R2.txt,2
808,3,29.6436428243193,0.14583333333333334,accept,29.6436428243193,HC95,b5_c5_r4_h23_hc95,B5_GMe_F010_R2.txt,2
809,3,152.9549218068015,0.24791666666666665,accept,152.9549218068015,HC95,b5_c5_r4_h23_hc95,B5_GMe_F060_R2.txt,2
810,2,26.30898841651893,0.7395833333333334,accept,26.30898841651893,HC95,b5_c5_r4_h23_hc95,B5_GEy_F020_R2.txt,2
811,1,174.01415284040922,0.55625,accept,174.01415284040922,HC95,b5_c5_r4_h23_hc95,B5_GCO_F070_R1.txt,1
812,3,174.03552402320034,0.17708333333333334,accept,174.03552402320034,HC95,b5_c5_r4_h23_hc95,B5_GMe_F070_R1.txt,1
813,0,117.86321804409434,0.5083333333333333,accept,117.86321804409434,HC95,b5_c5_r4_h23_hc95,B5_GEa_F070_R1.txt,1
814,0,109.27560385718255,0.5395833333333333,accept,109.27560385718255,HC95,b5_c5_r4_h23_hc95,B5_GEa_F090_R1.txt,1
815,0,49.862833728374426,0.4895833333333333,accept,49.862833728374426,HC95,b5_c5_r4_h23_hc95,B5_GEa_F030_R2.txt,2
816,2,38.92757805974739,0.5916666666666667,accept,38.92757805974739,HC95,b5_c5_r4_h23_hc95,B5_GEy_F030_R1.txt,1
817,3,33.492570750763704,0.21875,accept,33.492570750763704,HC95,b5_c5_r4_h23_hc95,B5_GMe_F010_R1.txt,1
818,0,107.37926808565811,0.53125,accept,107.37926808565811,HC95,b5_c5_r4_h23_hc95,B5_GEa_F090_R2.txt,2
819,2,112.56616177913912,0.7104166666666667,accept,112.56616177913912,HC95,b5_c5_r4_h23_hc95,B5_GEy_F100_R1.txt,1
820,0,88.23357925690772,0.5583333333333332,accept,88.23357925690772,HC95,b5_c5_r4_h23_hc95,B5_GEa_F070_R1.txt,1
821,2,53.71040787846485,0.65625,accept,53.71040787846485,HC95,b5_c5_r4_h23_hc95,B5_GEy_F040_R2.txt,2
822,1,250.0,0.6958333333333333,accept,250.0,HC95,b5_c5_r4_h23_hc95,B5_GEy_F070_R2.txt,2
823,0,93.42422038965604,0.5895833333333333,accept,93.42422038965604,HC95,b5_c5_r4_h23_hc95,B5_GEa_F080_R1.txt,1
824,0,14.335577824173278,0.40625,accept,14.335577824173278,HC95,b5_c5_r4_h23_hc95,B5_GEa_F010_R2.txt,2
825,0,38.81988245585627,0.45625,accept,38.81988245585627,HC95,b5_c5_r4_h23_hc95,B5_GEa_F030_R2.txt,2
826,1,237.49722105585641,0.7166666666666667,accept,237.49722105585641,HC95,b5_c5_r4_h23_hc95,B5_GCO_F100_R1.txt,1
827,0,89.89329627957117,0.7166666666666667,accept,89.89329627957117,HC95,b5_c5_r4_h23_hc95,B5_GEa_F090_R1.txt,1
828,1,172.5189596315474,0.6291666666666668,accept,172.5189596315474,HC95,b5_c5_r4_h23_hc95,B5_GCO_F070_R2.txt,2
829,2,75.28530433495222,0.55625,accept,75.28530433495222,HC95,b5_c5_r4_h23_hc95,B5_GEy_F060_R1.txt,1
830,2,23.928314795320034,0.8374999999999999,review,,HC95,b5_c5_r4_h23_hc95,B5_GEy_F020_R2.txt,2
831,0,124.57234735403289,0.5145833333333334,accept,124.57234735403289,HC95,b5_c5_r4_h23_hc95,B5_GEa_F100_R1.txt,1
832,1,161.97318988060755,0.6541666666666667,accept,161.97318988060755,HC95,b5_c5_r4_h23_hc95,B5_GCO_F070_R2.txt,2
833,3,26.185447151805036,0.16875000000000004,accept,26.185447151805036,HC95,b5_c5_r4_h23_hc95,B5_GMe_F010_R1.txt,1
834,2,78.11155748296139,0.5854166666666666,accept,78.11155748296139,HC95,b5_c5_r4_h23_hc95,B5_GEy_F060_R1.txt,1
835,0,90.74274137168428,0.5791666666666667,accept,90.74274137168428,HC95,b5_c5_r4_h23_hc95,B5_GEa_F060_R1.txt,1
836,3,25.0,0.1708333333333333,accept,25.0,HC95,b5_c5_r4_h23_hc95,B5_GMe_F010_R1.txt,1
837,3,39.49676922503896,0.19999999999999998,accept,39.49676922503896,HC95,b5_c5_r4_h23_hc95,B5_GMe_F010_R1.txt,1
838,1,34.73479013147451,0.5958333333333333,accept,34.73479013147451,HC95,b5_c5_r4_h23_hc95,B5_GCO_F020_R1.txt,1
839,2,71.76108553868201,0.6479166666666667,accept,71.76108553868201,HC95,b5_c5_r4_h23_hc95,B5_GEy_F060_R2.txt,2
840,3,137.24218837047619,0.3541666666666667,accept,137.24218837047619,HC95,b5_c5_r4_h23_hc95,B5_GMe_F050_R2.txt,2
841,2,78.82890483616798,0.7395833333333334,accept,78.82890483616798,HC95,b5_c5_r4_h23_hc95,B5_GEy_F090_R2.txt,2
842,1,227.14078215112178,0.6208333333333333,accept,227.14078215112178,HC95,b5_c5_r4_h23_hc95,B5_GCO_F080_R1.txt,1
843,1,125.83292993251536,0.45208333333333334,accept,125.83292993251536,HC95,b5_c5_r4_h23_hc95,B5_GCO_F050_R2.txt,2
844,1,134.15160076675255,0.7062499999999999,accept,134.15160076675255,HC95,b5_c5_r4_h23_hc95,B5_GCO_F050_R2.txt,2
845,1,83.29916033952566,0.5125000000000001,accept,83.29916033952566,HC95,b5_c5_r4_h23_hc95,B5_GCO_F030_R2.txt,2
846,2,77.80925886724657,0.6791666666666666,accept,77.80925886724657,HC95,b5_c5_r4_h23_hc95,B5_GEy_F060_R2.txt,2
847,2,34.65416691984173,0.7083333333333334,accept,34.65416691984173,HC95,b5_c5_r4_h23_hc95,B5_GEy_F030_R1.txt,1
848,1,103.08061491164234,0.6,accept,103.08061491164234,HC95,b5_c5_r4_h23_hc95,B5_GCO_F040_R1.txt,1
849,2,102.45177042885099,0.6458333333333334,accept,102.45177042885099,HC95,b5_c5_r4_h23_hc95,B5_GEy_F080_R1.txt,1
850,0,33.11289231796398,0.5854166666666666,accept,33.11289231796398,HC95,b5_c5_r4_h23_hc95,B5_GEa_F020_R2.txt,2
851,1,76.55034174972724,0.5604166666666667,accept,76.55034174972724,HC95,b5_c5_r4_h23_hc95,B5_GCO_F030_R2.txt,2
852,0,63.51772426566235,0.4166666666666667,accept,63.51772426566235,HC95,b5_c5_r4_h23_hc95,B5_GEa_F050_R2.txt,2
853,1,25.0,0.6729166666666666,accept,25.0,HC95,b5_c5_r4_h23_hc95,B5_GCO_F010_R2.txt,2
854,2,125.0,0.5583333333333332,accept,125.0,HC95,b5_c5_r4_h23_hc95,B5_GEy_F100_R2.txt,2
855,0,49.88883445595615,0.5,accept,49.88883445595615,HC95,b5_c5_r4_h23_hc95,B5_GEa_F040_R2.txt,2
856,2,52.55669407942594,0.6749999999999999,accept,52.55669407942594,HC95,b5_c5_r4_h23_hc95,B5_GEy_F040_R1.txt,1
857,0,22.490282393394043,0.43124999999999997,accept,22.490282393394043,HC95,b5_c5_r4_h23_hc95,B5_GEa_F020_R2.txt,2
858,1,25.0,0.6729166666666666,accept,25.0,HC95,b5_c5_r4_h23_hc95,B5_GCO_F010_R1.txt,1
859,1,236.13809698877807,0.6895833333333333,accept,236.13809698877807,HC95,b5_c5_r4_h23_hc95,B5_GCO_F100_R2.txt,2
860,1,175.10894683596484,0.5958333333333333,accept,175.10894683596484,HC95,b5_c5_r4_h23_hc95,B5_GCO_F070_R1.txt,1
861,3,250.0,0.12916666666666668,accept,250.0,HC95,b5_c5_r4_h23_hc95,B5_GMe_F100_R2.txt,2
862,3,203.53258028727407,0.26666666666666666,accept,203.53258028727407,HC95,b5_c5_r4_h23_hc95,B5_GMe_F080_R1.txt,1
863,1,246.59396243337886,0.6458333333333334,accept,246.59396243337886,HC95,b5_c5_r4_h23_hc95,B5_GCO_F100_R2.txt,2
864,3,97.20189632287236,0.50625,accept,97.20189632287236,HC95,b5_c5_r4_h23_hc95,B5_GMe_F040_R2.txt,2
865,1,83.56944624214756,0.5708333333333333,accept,83.56944624214756,HC95,b5_c5_r4_h23_hc95,B5_GCO_F030_R1.txt,1
866,0,110.07970689869633,0.4854166666666666,accept,110.07970689869633,HC95,b5_c5_r4_h23_hc95,B5_GEa_F090_R1.txt,1
867,2,25.41558664137446,0.6062500000000001,accept,25.41558664137446,HC95,b5_c5_r4_h23_hc95,B5_GEy_F020_R1.txt,1
868,2,63.22881772520233,0.6583333333333333,accept,63.22881772520233,HC95,b5_c5_r4_h23_hc95,B5_GEy_F050_R2.txt,2
869,1,216.38896527207964,0.6979166666666666,accept,216.38896527207964,HC95,b5_c5_r4_h23_hc95,B5_GCO_F080_R1.txt,1
870,3,27.234578111190245,0.46249999999999997,accept,27.234578111190245,HC95,b5_c5_r4_h23_hc95,B5_GMe_F010_R2.txt,2
871,1,141.39654989068825,0.5895833333333332,accept,141.39654989068825,HC95,b5_c5_r4_h23_hc95,B5_GCO_F050_R1.txt,1
872,0,115.13697570120897,0.4708333333333334,accept,115.13697570120897,HC95,b5_c5_r4_h23_hc95,B5_GEa_F090_R2.txt,2
873,1,169.2550695168389,0.5583333333333333,accept,169.2550695168389,HC95,b5_c5_r4_h23_hc95,B5_GCO_F080_R2.txt,2
874,2,85.36600200417205,0.6541666666666667,accept,85.36600200417205,HC95,b5_c5_r4_h23_hc95,B5_GEy_F070_R1.txt,1
875,0,122.86351269057043,0.5395833333333333,accept,122.86351269057043,HC95,b5_c5_r4_h23_hc95,B5_GEa_F100_R1.txt,1
876,3,34.38213051082138,0.27291666666666664,accept,34.38213051082138,HC95,b5_c5_r4_h23_hc95,B5_GMe_F010_R1.txt,1
877,2,75.28693560999388,0.5875,accept,75.28693560999388,HC95,b5_c5_r4_h23_hc95,B5_GEy_F060_R1.txt,1
878,1,109.81906112792917,0.5520833333333334,accept,109.81906112792917,HC95,b5_c5_r4_h23_hc95,B5_GCO_F040_R1.txt,1
879,1,28.015035657499553,0.5583333333333333,accept,28.015035657499553,HC95,b5_c5_r4_h23_hc95,B5_GCO_F010_R2.txt,2
880,0,73.9731791579602,0.5625,accept,73.9731791579602,HC95,b5_c5_r4_h23_hc95,B5_GEa_F040_R1.txt,1
881,1,92.24772560096915,0.6333333333333333,accept,92.24772560096915,HC95,b5_c5_r4_h23_hc95,B5_GCO_F030_R2.txt,2
882,0,66.3112784103967,0.44375000000000003,accept,66.3112784103967,HC95,b5_c5_r4_h23_hc95,B5_GEa_F060_R2.txt,2
883,2,37.685202830017474,0.6416666666666667,accept,37.685202830017474,HC95,b5_c5_r4_h23_hc95,B5_GEy_F030_R1.txt,1
884,1,100.54390568504125,0.48125,accept,100.54390568504125,HC95,b5_c5_r4_h23_hc95,B5_GCO_F040_R2.txt,2
885,0,47.51256920884073,0.5479166666666667,accept,47.51256920884073,HC95,b5_c5_r4_h23_hc95,B5_GEa_F040_R1.txt,1
886,3,41.49893200166609,0.2333333333333333,accept,41.49893200166609,HC95,b5_c5_r4_h23_hc95,B5_GMe_F010_R1.txt,1
887,2,78.77372006761492,0.6895833333333332,accept,78.77372006761492,HC95,b5_c5_r4_h23_hc95,B5_GEy_F060_R2.txt,2
888,0,114.72071179805566,0.7458333333333332,accept,114.72071179805566,HC95,b5_c5_r4_h23_hc95,B5_GEa_F100_R1.txt,1
889,3,97.92266692303085,0.1958333333333333,accept,97.92266692303085,HC95,b5_c5_r4_h23_hc95,B5_GMe_F040_R1.txt,1
890,3,198.035173374804,0.19166666666666665,accept,198.035173374804,HC95,b5_c5_r4_h23_hc95,B5_GMe_F080_R2.txt,2
891,0,12.5,0.35625,accept,12.5,HC95,b5_c5_r4_h23_hc95,B5_GEa_F010_R1.txt,1
892,2,35.30220605368706,0.6916666666666668,accept,35.30220605368706,HC95,b5_c5_r4_h23_hc95,B5_GEy_F030_R2.txt,2
893,2,33.13621984582956,0.69375,accept,33.13621984582956,HC95,b5_c5_r4_h23_hc95,B5_GEy_F030_R1.txt,1
894,1,62.50362343824838,0.6124999999999999,accept,62.50362343824838,HC95,b5_c5_r4_h23_hc95,B5_GCO_F040_R1.txt,1
895,0,92.97767688647276,0.53125,accept,92.97767688647276,HC95,b5_c5_r4_h23_hc95,B5_GEa_F080_R1.txt,1
896,2,69.6038245043602,0.78125,accept,69.6038245043602,HC95,b5_c5_r4_h23_hc95,B5_GEy_F050_R2.txt,2
897,0,22.183289147166555,0.46249999999999997,accept,22.183289147166555,HC95,b5_c5_r4_h23_hc95,B5_GEa_F020_R2.txt,2
898,1,181.73394657000244,0.6437499999999999,accept,181.73394657000244,HC95,b5_c5_r4_h23_hc95,B5_GCO_F070_R1.txt,1
899,0,94.77157940808976,0.4104166666666667,accept,94.77157940808976,HC95,b5_c5_r4_h23_hc95,B5_GEa_F070_R2.txt,2
900,2,12.5,0.5583333333333332,accept,12.5,HC95,b5_c5_r4_h23_hc95,B5_GEy_F010_R1.txt,1
901,0,78.20912822285577,0.5895833333333333,accept,78.20912822285577,HC95,b5_c5_r4_h23_hc95,B5_GEa_F060_R1.txt,1
902,2,104.07588400756201,0.6520833333333333,accept,104.07588400756201,HC95,b5_c5_r4_h23_hc95,B5_GEy_F080_R2.txt,2
903,2,99.04419028862861,0.5854166666666667,accept,99.04419028862861,HC95,b5_c5_r4_h23_hc95,B5_GEy_F080_R1.txt,1
904,0,125.0,0.5,accept,125.0,HC95,b5_c5_r4_h23_hc95,B5_GEa_F100_R1.txt,1
905,3,214.8436194766579,0.3354166666666667,accept,214.8436194766579,HC95,b5_c5_r4_h23_hc95,B5_GMe_F080_R1.txt,1
906,2,47.84871286224988,0.6875,accept,47.84871286224988,HC95,b5_c5_r4_h23_hc95,B5_GEy_F040_R1.txt,1
907,0,70.48451962274248,0.4354166666666666,accept,70.48451962274248,HC95,b5_c5_r4_h23_hc95,B5_GEa_F050_R2.txt,2
908,0,69.03735742557366,0.6020833333333333,accept,69.03735742557366,HC95,b5_c5_r4_h23_hc95,B5_GEa_F050_R1.txt,1
909,2,45.29525370132504,0.725,accept,45.29525370132504,HC95,b5_c5_r4_h23_hc95,B5_GEy_F040_R1.txt,1
910,0,46.57328626873168,0.5354166666666668,accept,46.57328626873168,HC95,b5_c5_r4_h23_hc95,B5_GEa_F040_R1.txt,1
911,3,77.08245047676037,0.13125,accept,77.08245047676037,HC95,b5_c5_r4_h23_hc95,B5_GMe_F030_R1.txt,1
912,3,131.76820542826943,0.26458333333333334,accept,131.76820542826943,HC95,b5_c5_r4_h23_hc95,B5_GMe_F050_R1.txt,1
913,0,16.894127036468262,0.43124999999999997,accept,16.894127036468262,HC95,b5_c5_r4_h23_hc95,B5_GEa_F010_R2.txt,2
914,1,25.0,0.65,accept,25.0,HC95,b5_c5_r4_h23_hc95,B5_GCO_F020_R1.txt,1
915,1,66.79080424639764,0.5479166666666666,accept,66.79080424639764,HC95,b5_c5_r4_h23_hc95,B5_GCO_F030_R1.txt,1
916,3,96.666883299267,0.14791666666666667,accept,96.666883299267,HC95,b5_c5_r4_h23_hc95,B5_GMe_F040_R1.txt,1
917,2,12.5,0.5791666666666667,accept,12.5,HC95,b5_c5_r4_h23_hc95,B5_GEy_F010_R1.txt,1
918,1,43.139168360247766,0.6020833333333334,accept,43.139168360247766,HC95,b5_c5_r4_h23_hc95,B5_GCO_F020_R1.txt,1
919,2,92.9236237814379,0.7354166666666666,accept,92.9236237814379,HC95,b5_c5_r4_h23_hc95,B5_GEy_F080_R2.txt,2
920,2,74.94221741344543,0.6854166666666668,accept,74.94221741344543,HC95,b5_c5_r4_h23_hc95,B5_GEy_F060_R2.txt,2
921,1,248.61286044445905,0.6791666666666667,accept,248.61286044445905,HC95,b5_c5_r4_h23_hc95,B5_GCO_F100_R2.txt,2
922,3,106.93564654361104,0.22083333333333333,accept,106.93564654361104,HC95,b5_c5_r4_h23_hc95,B5_GMe_F040_R2.txt,2
923,2,96.29769112731799,0.7625000000000001,accept,96.29769112731799,HC95,b5_c5_r4_h23_hc95,B5_GEy_F070_R2.txt,2
924,3,101.67516328835629,0.19375,accept,101.67516328835629,HC95,b5_c5_r4_h23_hc95,B5_GMe_F040_R1.txt,1
925,3,160.72810517604083,0.31875,accept,160.72810517604083,HC95,b5_c5_r4_h23_hc95,B5_GMe_F060_R2.txt,2
926,3,250.0,0.5437500000000001,accept,250.0,HC95,b5_c5_r4_h23_hc95,B5_GMe_F080_R1.txt,1
927,2,114.28708733709095,0.6770833333333334,accept,114.28708733709095,HC95,b5_c5_r4_h23_hc95,B5_GEy_F090_R1.txt,1
928,1,54.9379939436493,0.8666666666666666,review,,HC95,b5_c5_r4_h23_hc95,B5_GEy_F070_R2.txt,2
929,3,123.76151408127319,0.24791666666666667,accept,123.76151408127319,HC95,b5_c5_r4_h23_hc95,B5_GMe_F050_R1.txt,1
930,0,93.6162663690713,0.42291666666666666,accept,93.6162663690713,HC95,b5_c5_r4_h23_hc95,B5_GEa_F070_R2.txt,2
931,3,148.3615176379872,0.20624999999999996,accept,148.3615176379872,HC95,b5_c5_r4_h23_hc95,B5_GMe_F060_R2.txt,2
932,2,110.99275816992849,0.6729166666666666,accept,110.99275816992849,HC95,b5_c5_r4_h23_hc95,B5_GEy_F090_R1.txt,1
933,3,245.72478497726019,0.1625,accept,245.72478497726019,HC95,b5_c5_r4_h23_hc95,B5_GMe_F100_R2.txt,2
934,1,92.9189210993249,0.6854166666666667,accept,92.9189210993249,HC95,b5_c5_r4_h23_hc95,B5_GCO_F040_R2.txt,2
935,2,54.7373637240194,0.7125,accept,54.7373637240194,HC95,b5_c5_r4_h23_hc95,B5_GEy_F040_R1.txt,1
936,0,66.8223083572895,0.4375,accept,66.8223083572895,HC95,b5_c5_r4_h23_hc95,B5_GEa_F060_R2.txt,2
937,3,228.3714263371091,0.22916666666666666,accept,228.3714263371091,HC95,b5_c5_r4_h23_hc95,B5_GMe_F090_R2.txt,2
938,2,106.89080971433259,0.6458333333333334,accept,106.89080971433259,HC95,b5_c5_r4_h23_hc95,B5_GEy_F090_R2.txt,2
939,0,124.01125370302447,0.4729166666666667,accept,124.01125370302447,HC95,b5_c5_r4_h23_hc95,B5_GEa_F100_R2.txt,2
940,2,75.51847066523355,0.725,accept,75.51847066523355,HC95,b5_c5_r4_h23_hc95,B5_GEy_F070_R2.txt,2
941,1,190.11074267154308,0.6895833333333333,accept,190.11074267154308,HC95,b5_c5_r4_h23_hc95,B5_GCO_F090_R1.txt,1
942,1,134.22933672891978,0.75625,accept,134.22933672891978,HC95,b5_c5_r4_h23_hc95,B5_GCO_F070_R2.txt,2
943,1,174.56361271466537,0.5979166666666667,accept,174.56361271466537,HC95,b5_c5_r4_h23_hc95,B5_GCO_F070_R2.txt,2
944,0,101.93226885041373,0.40625,accept,101.93226885041373,HC95,b5_c5_r4_h23_hc95,B5_GEa_F080_R2.txt,2
945,1,86.36504351595975,0.5833333333333334,accept,86.36504351595975,HC95,b5_c5_r4_h23_hc95,B5_GCO_F030_R2.txt,2
946,2,120.79478854390973,0.6,accept,120.79478854390973,HC95,b5_c5_r4_h23_hc95,B5_GEy_F100_R2.txt,2
947,3,26.070393336541414,0.28750000000000003,accept,26.070393336541414,HC95,b5_c5_r4_h23_hc95,B5_GMe_F010_R1.txt,1
948,2,75.96440965076091,0.6166666666666666,accept,75.96440965076091,HC95,b5_c5_r4_h23_hc95,B5_GEy_F060_R1.txt,1
949,3,47.90818003020343,0.11875000000000001,accept,47.90818003020343,HC95,b5_c5_r4_h23_hc95,B5_GMe_F020_R2.txt,2
950,2,101.35783574288895,0.6291666666666665,accept,101.35783574288895,HC95,b5_c5_r4_h23_hc95,B5_GEy_F080_R1.txt,1
951,2,49.6337381295766,0.6437499999999999,accept,49.6337381295766,HC95,b5_c5_r4_h23_hc95,B5_GEy_F040_R2.txt,2
952,1,169.52505468578022,0.7770833333333332,accept,169.52505468578022,HC95,b5_c5_r4_h23_hc95,B5_GCO_F050_R2.txt,2
953,1,116.4705815917867,0.5458333333333334,accept,116.4705815917867,HC95,b5_c5_r4_h23_hc95,B5_GCO_F040_R2.txt,2
954,3,200.73849201659914,0.30624999999999997,accept,200.73849201659914,HC95,b5_c5_r4_h23_hc95,B5_GMe_F080_R1.txt,1
955,3,76.56954923357355,0.19375,accept,76.56954923357355,HC95,b5_c5_r4_h23_hc95,B5_GMe_F030_R1.txt,1
956,0,77.36003512660251,0.5791666666666666,accept,77.36003512660251,HC95,b5_c5_r4_h23_hc95,B5_GEa_F060_R2.txt,2
957,3,203.6738497110039,0.29791666666666666,accept,203.6738497110039,HC95,b5_c5_r4_h23_hc95,B5_GMe_F080_R1.txt,1
958,3,150.8552883349645,0.19374999999999998,accept,150.8552883349645,HC95,b5_c5_r4_h23_hc95,B5_GMe_F060_R2.txt,2
959,1,193.14145333431665,0.5770833333333334,accept,193.14145333431665,HC95,b5_c5_r4_h23_hc95,B5_GCO_F080_R1.txt,1
960,0,20.267070125534314,0.4625000000000001,accept,20.267070125534314,HC95,b5_c5_r4_h23_hc95,B5_GEa_F020_R1.txt,1
961,2,59.78121854076301,0.7395833333333334,accept,59.78121854076301,HC95,b5_c5_r4_h23_hc95,B5_GEy_F040_R1.txt,1
962,0,86.94070873066232,0.5729166666666666,accept,86.94070873066232,HC95,b5_c5_r4_h23_hc95,B5_GEa_F050_R1.txt,1
963,2,63.05302799070868,0.6375000000000001,accept,63.05302799070868,HC95,b5_c5_r4_h23_hc95,B5_GEy_F050_R1.txt,1
964,1,25.438901451689503,0.5104166666666666,accept,25.438901451689503,HC95,b5_c5_r4_h23_hc95,B5_GCO_F010_R2.txt,2
965,3,26.66180780484737,0.1729166666666667,accept,26.66180780484737,HC95,b5_c5_r4_h23_hc95,B5_GMe_F010_R2.txt,2
966,1,165.32746552835863,0.55625,accept,165.32746552835863,HC95,b5_c5_r4_h23_hc95,B5_GCO_F060_R1.txt,1
967,1,180.7009665015845,0.6145833333333334,accept,180.7009665015845,HC95,b5_c5_r4_h23_hc95,B5_GCO_F090_R1.txt,1
968,1,25.0,0.6979166666666666,accept,25.0,HC95,b5_c5_r4_h23_hc95,B5_GCO_F010_R1.txt,1
969,0,67.79192538329434,0.4124999999999999,accept,67.79192538329434,HC95,b5_c5_r4_h23_hc95,B5_GEa_F050_R1.txt,1
970,3,47.00345642362355,0.39375,accept,47.00345642362355,HC95,b5_c5_r4_h23_hc95,B5_GMe_F020_R2.txt,2
971,0,62.98359591102468,0.6041666666666666,accept,62.98359591102468,HC95,b5_c5_r4_h23_hc95,B5_GEa_F030_R1.txt,1
972,1,42.32673460494315,0.5208333333333334,accept,42.32673460494315,HC95,b5_c5_r4_h23_hc95,B5_GCO_F020_R2.txt,2
973,0,45.316961083882724,0.45208333333333334,accept,45.316961083882724,HC95,b5_c5_r4_h23_hc95,B5_GEa_F040_R1.txt,1
974,1,148.8907524682245,0.75,accept,148.8907524682245,HC95,b5_c5_r4_h23_hc95,B5_GCO_F060_R2.txt,2
975,3,100.91722689284956,0.15,accept,100.91722689284956,HC95,b5_c5_r4_h23_hc95,B5_GMe_F040_R1.txt,1
976,0,108.33323633554708,0.4875,accept,108.33323633554708,HC95,b5_c5_r4_h23_hc95,B5_GEa_F090_R1.txt,1
977,2,102.88680390320997,0.6,accept,102.88680390320997,HC95,b5_c5_r4_h23_hc95,B5_GEy_F080_R2.txt,2
978,0,12.5,0.36874999999999997,accept,12.5,HC95,b5_c5_r4_h23_hc95,B5_GEa_F010_R1.txt,1
979,3,30.71647274868559,0.16458333333333333,accept,30.71647274868559,HC95,b5_c5_r4_h23_hc95,B5_GMe_F010_R2.txt,2
980,1,97.58857700616164,0.5395833333333333,accept,97.58857700616164,HC95,b5_c5_r4_h23_hc95,B5_GCO_F040_R2.txt,2
981,3,46.955251301470085,0.13749999999999998,accept,46.955251301470085,HC95,b5_c5_r4_h23_hc95,B5_GMe_F020_R2.txt,2
982,3,152.17060742206968,0.24375,accept,152.17060742206968,HC95,b5_c5_r4_h23_hc95,B5_GMe_F060_R1.txt,1
983,3,79.05340456045761,0.1625,accept,79.05340456045761,HC95,b5_c5_r4_h23_hc95,B5_GMe_F030_R1.txt,1
984,3,214.43652292479305,0.31875000000000003,accept,214.43652292479305,HC95,b5_c5_r4_h23_hc95,B5_GMe_F080_R1.txt,1
985,2,35.58596870680671,0.6208333333333332,accept,35.58596870680671,HC95,b5_c5_r4_h23_hc95,B5_GEy_F030_R2.txt,2
986,2,39.47517410027369,0.5854166666666667,accept,39.47517410027369,HC95,b5_c5_r4_h23_hc95,B5_GEy_F030_R1.txt,1
987,3,38.421414714953414,0.5791666666666667,accept,38.421414714953414,HC95,b5_c5_r4_h23_hc95,B5_GMe_F020_R2.txt,2
988,0,115.65436472685022,0.6604166666666667,accept,115.65436472685022,HC95,b5_c5_r4_h23_hc95,B5_GEa_F100_R1.txt,1
989,3,29.05148426552185,0.11666666666666665,accept,29.05148426552185,HC95,b5_c5_r4_h23_hc95,B5_GMe_F010_R1.txt,1
990,3,160.27010895439997,0.5750000000000001,accept,160.27010895439997,HC95,b5_c5_r4_h23_hc95,B5_GMe_F060_R2.txt,2
991,2,42.52539037259544,0.7041666666666666,accept,42.52539037259544,HC95,b5_c5_r4_h23_hc95,B5_GEy_F040_R1.txt,1
992,1,93.12099087652912,0.6125,accept,93.12099087652912,HC95,b5_c5_r4_h23_hc95,B5_GCO_F030_R2.txt,2
993,1,143.81197681577865,0.6083333333333333,accept,143.81197681577865,HC95,b5_c5_r4_h23_hc95,B5_GCO_F050_R1.txt,1
994,2,81.47832002804492,0.7354166666666666,accept,81.47832002804492,HC95,b5_c5_r4_h23_hc95,B5_GEy_F060_R2.txt,2
995,1,177.56158486837492,0.6124999999999999,accept,177.56158486837492,HC95,b5_c5_r4_h23_hc95,B5_GCO_F070_R2.txt,2
996,1,214.5575596076091,0.54375,accept,214.5575596076091,HC95,b5_c5_r4_h23_hc95,B5_GCO_F090_R1.txt,1
997,1,250.0,0.5083333333333333,accept,250.0,HC95,b5_c5_r4_h23_hc95,B5_GCO_F100_R1.txt,1
998,3,103.90928790029098,0.20624999999999996,accept,103.90928790029098,HC95,b5_c5_r4_h23_hc95,B5_GMe_F040_R1.txt,1
999,3,25.0,0.13125,accept,25.0,HC95,b5_c5_r4_h23_hc95,B5_GMe_F010_R1.txt,1
1000,2,33.65789727682912,0.7291666666666666,accept,33.65789727682912,HC95,b5_c5_r4_h23_hc95,B5_GEy_F030_R1.txt,1
1001,1,111.27426565778606,0.53125,accept,111.27426565778606,HC95,b5_c5_r4_h23_hc95,B5_GCO_F040_R2.txt,2
1002,1,99.3361160156095,0.7395833333333334,accept,99.3361160156095,HC95,b5_c5_r4_h23_hc95,B5_GCO_F030_R2.txt,2
1003,2,67.07809616291883,0.74375,accept,67.07809616291883,HC95,b5_c5_r4_h23_hc95,B5_GEy_F060_R2.txt,2
1004,1,195.5664465220965,0.6520833333333333,accept,195.5664465220965,HC95,b5_c5_r4_h23_hc95,B5_GCO_F080_R1.txt,1
1005,3,222.35833410952256,0.35625,accept,222.35833410952256,HC95,b5_c5_r4_h23_hc95,B5_GMe_F090_R1.txt,1
1006,0,12.5,0.375,accept,12.5,HC95,b5_c5_r4_h23_hc95,B5_GEa_F010_R1.txt,1
1007,1,141.64507208584527,0.5979166666666667,accept,141.64507208584527,HC95,b5_c5_r4_h23_hc95,B5_GCO_F060_R1.txt,1
1008,0,122.9836784171841,0.5270833333333333,accept,122.9836784171841,HC95,b5_c5_r4_h23_hc95,B5_GEa_F100_R1.txt,1
1009,0,88.2017302900625,0.3979166666666667,accept,88.2017302900625,HC95,b5_c5_r4_h23_hc95,B5_GEa_F070_R2.txt,2
1010,2,60.731033340384315,0.6750000000000002,accept,60.731033340384315,HC95,b5_c5_r4_h23_hc95,B5_GEy_F050_R1.txt,1
1011,1,76.4186172477569,0.7333333333333334,accept,76.4186172477569,HC95,b5_c5_r4_h23_hc95,B5_GCO_F030_R1.txt,1
1012,0,51.9899890618552,0.5583333333333333,accept,51.9899890618552,HC95,b5_c5_r4_h23_hc95,B5_GEa_F040_R2.txt,2
1013,0,102.86193694775733,0.4520833333333334,accept,102.86193694775733,HC95,b5_c5_r4_h23_hc95,B5_GEa_F080_R2.txt,2
1014,1,96.10563057298589,0.5979166666666667,accept,96.10563057298589,HC95,b5_c5_r4_h23_hc95,B5_GCO_F040_R1.txt,1
1015,1,164.75368132787878,0.6583333333333333,accept,164.75368132787878,HC95,b5_c5_r4_h23_hc95,B5_GCO_F070_R2.txt,2
1016,1,25.0,0.5083333333333333,accept,25.0,HC95,b5_c5_r4_h23_hc95,B5_GCO_F010_R1.txt,1
1017,3,215.00331616756665,0.35625,accept,215.00331616756665,HC95,b5_c5_r4_h23_hc95,B5_GMe_F080_R1.txt,1
1018,3,170.9386450957136,0.22291666666666665,accept,170.9386450957136,HC95,b5_c5_r4_h23_hc95,B5_GMe_F070_R1.txt,1
1019,1,121.29567421947533,0.5729166666666666,accept,121.29567421947533,HC95,b5_c5_r4_h23_hc95,B5_GCO_F050_R1.txt,1
1020,3,223.47722513898563,0.2041666666666667,accept,223.47722513898563,HC95,b5_c5_r4_h23_hc95,B5_GMe_F090_R2.txt,2
1021,0,95.48488766518439,0.5437500000000001,accept,95.48488766518439,HC95,b5_c5_r4_h23_hc95,B5_GEa_F080_R1.txt,1
1022,0,98.397193519135,0.42291666666666666,accept,98.397193519135,HC95,b5_c5_r4_h23_hc95,B5_GEa_F080_R2.txt,2
1023,2,96.05532503933708,0.6895833333333333,accept,96.05532503933708,HC95,b5_c5_r4_h23_hc95,B5_GEy_F070_R2.txt,2
1024,1,74.07156427369742,0.9375,reject,,HC95,b5_c5_r4_h23_hc95,B5_GEa_F010_R1.txt,1
1025,3,71.20944420804494,0.17291666666666664,accept,71.20944420804494,HC95,b5_c5_r4_h23_hc95,B5_GMe_F030_R2.txt,2
1026,0,87.57018660176178,0.5375,accept,87.57018660176178,HC95,b5_c5_r4_h23_hc95,B5_GEa_F070_R1.txt,1
1027,1,191.4756477881108,0.6375000000000001,accept,191.4756477881108,HC95,b5_c5_r4_h23_hc95,B5_GCO_F090_R1.txt,1
1028,0,43.17824443155686,0.5145833333333334,accept,43.17824443155686,HC95,b5_c5_r4_h23_hc95,B5_GEa_F030_R1.txt,1
1029,3,171.751398925898,0.19166666666666665,accept,171.751398925898,HC95,b5_c5_r4_h23_hc95,B5_GMe_F070_R2.txt,2
1030,0,81.76141566179679,0.5,accept,81.76141566179679,HC95,b5_c5_r4_h23_hc95,B5_GEa_F080_R1.txt,1
1031,1,179.70387483590946,0.7062499999999999,accept,179.70387483590946,HC95,b5_c5_r4_h23_hc95,B5_GCO_F070_R2.txt,2
1032,0,22.756353583423937,0.46249999999999997,accept,22.756353583423937,HC95,b5_c5_r4_h23_hc95,B5_GEa_F020_R1.txt,1
1033,0,22.69189934527641,0.4375,accept,22.69189934527641,HC95,b5_c5_r4_h23_hc95,B5_GEa_F020_R2.txt,2
1034,1,182.76087615802777,0.6395833333333333,accept,182.76087615802777,HC95,b5_c5_r4_h23_hc95,B5_GCO_F090_R1.txt,1
1035,0,12.5,0.49374999999999997,accept,12.5,HC95,b5_c5_r4_h23_hc95,B5_GEa_F010_R1.txt,1
1036,1,148.14363177709288,0.6562500000000001,accept,148.14363177709288,HC95,b5_c5_r4_h23_hc95,B5_GCO_F070_R1.txt,1
1037,1,25.0,0.5541666666666667,accept,25.0,HC95,b5_c5_r4_h23_hc95,B5_GCO_F010_R2.txt,2
1038,0,35.807234117685226,0.4458333333333333,accept,35.807234117685226,HC95,b5_c5_r4_h23_hc95,B5_GEa_F030_R1.txt,1
1039,0,102.02073990030252,0.4041666666666666,accept,102.02073990030252,HC95,b5_c5_r4_h23_hc95,B5_GEa_F080_R2.txt,2
1040,3,173.67730000302294,0.20625000000000002,accept,173.67730000302294,HC95,b5_c5_r4_h23_hc95,B5_GMe_F070_R1.txt,1
1041,0,122.3720414115022,0.4291666666666667,accept,122.3720414115022,HC95,b5_c5_r4_h23_hc95,B5_GEa_F100_R2.txt,2
1042,3,213.71750050494848,0.525,accept,213.71750050494848,HC95,b5_c5_r4_h23_hc95,B5_GMe_F090_R1.txt,1
1043,0,70.33707428142276,0.4479166666666667,accept,70.33707428142276,HC95,b5_c5_r4_h23_hc95,B5_GEa_F060_R1.txt,1
1044,2,125.0,0.5708333333333333,accept,125.0,HC95,b5_c5_r4_h23_hc95,B5_GEy_F100_R2.txt,2
1045,1,210.0883175039281,0.6583333333333333,accept,210.0883175039281,HC95,b5_c5_r4_h23_hc95,B5_GCO_F090_R2.txt,2
1046,3,72.34452589803686,0.39375000000000004,accept,72.34452589803686,HC95,b5_c5_r4_h23_hc95,B5_GMe_F030_R1.txt,1
1047,1,44.289835700692066,0.6479166666666667,accept,44.289835700692066,HC95,b5_c5_r4_h23_hc95,B5_GCO_F020_R2.txt,2
1048,0,94.84077280023236,0.5750000000000001,accept,94.84077280023236,HC95,b5_c5_r4_h23_hc95,B5_GEa_F080_R1.txt,1
1049,1,210.93933858350195,0.7666666666666666,accept,210.93933858350195,HC95,b5_c5_r4_h23_hc95,B5_GCO_F090_R1.txt,1
1050,0,66.68020376305883,0.4895833333333333,accept,66.68020376305883,HC95,b5_c5_r4_h23_hc95,B5_GEa_F060_R2.txt,2
1051,3,234.87522431293564,0.27499999999999997,accept,234.87522431293564,HC95,b5_c5_r4_h23_hc95,B5_GMe_F090_R2.txt,2
1052,1,110.32812048940447,0.46666666666666673,accept,110.32812048940447,HC95,b5_c5_r4_h23_hc95,B5_GCO_F040_R2.txt,2
1053,0,105.91453872579271,0.7083333333333334,accept,105.91453872579271,HC95,b5_c5_r4_h23_hc95,B5_GEa_F100_R1.txt,1
1054,3,41.590211320353,0.20625000000000002,accept,41.590211320353,HC95,b5_c5_r4_h23_hc95,B5_GMe_F020_R2.txt,2
1055,1,250.0,0.5416666666666666,accept,250.0,HC95,b5_c5_r4_h23_hc95,B5_GCO_F100_R1.txt,1
1056,2,120.46350941498932,0.55,accept,120.46350941498932,HC95,b5_c5_r4_h23_hc95,B5_GEy_F100_R1.txt,1
1057,0,66.97191360189194,0.5645833333333333,accept,66.97191360189194,HC95,b5_c5_r4_h23_hc95,B5_GEa_F060_R2.txt,2
1058,2,12.63379822931617,0.5854166666666666,accept,12.63379822931617,HC95,b5_c5_r4_h23_hc95,B5_GEy_F010_R2.txt,2
1059,2,100.61701658542837,0.5791666666666667,accept,100.61701658542837,HC95,b5_c5_r4_h23_hc95,B5_GEy_F080_R1.txt,1
1060,3,78.92253081749541,0.17499999999999996,accept,78.92253081749541,HC95,b5_c5_r4_h23_hc95,B5_GMe_F030_R2.txt,2
1061,3,171.3222217680736,0.30624999999999997,accept,171.3222217680736,HC95,b5_c5_r4_h23_hc95,B5_GMe_F070_R2.txt,2
1062,0,103.94625328207277,0.4708333333333334,accept,103.94625328207277,HC95,b5_c5_r4_h23_hc95,B5_GEa_F080_R2.txt,2
1063,0,79.23298323847696,0.6749999999999999,accept,79.23298323847696,HC95,b5_c5_r4_h23_hc95,B5_GEa_F030_R2.txt,2
1064,2,105.73953257579926,0.6020833333333334,accept,105.73953257579926,HC95,b5_c5_r4_h23_hc95,B5_GEy_F080_R2.txt,2
1065,0,102.64174405014596,0.5625,accept,102.64174405014596,HC95,b5_c5_r4_h23_hc95,B5_GEa_F080_R2.txt,2
1066,2,113.54259372940614,0.6520833333333333,accept,113.54259372940614,HC95,b5_c5_r4_h23_hc95,B5_GEy_F090_R1.txt,1
1067,3,156.88884104953036,0.26875,accept,156.88884104953036,HC95,b5_c5_r4_h23_hc95,B5_GMe_F060_R1.txt,1
1068,2,12.5,0.59375,accept,12.5,HC95,b5_c5_r4_h23_hc95,B5_GEy_F010_R1.txt,1
1069,2,73.76734267224822,0.7333333333333334,accept,73.76734267224822,HC95,b5_c5_r4_h23_hc95,B5_GEy_F070_R2.txt,2
1070,1,25.0,0.5354166666666665,accept,25.0,HC95,b5_c5_r4_h23_hc95,B5_GCO_F010_R1.txt,1
1071,3,173.83867719670604,0.3541666666666667,accept,173.83867719670604,HC95,b5_c5_r4_h23_hc95,B5_GMe_F070_R2.txt,2
1072,3,101.45076258183995,0.49374999999999997,accept,101.45076258183995,HC95,b5_c5_r4_h23_hc95,B5_GMe_F040_R2.txt,2
1073,0,107.79982602188645,0.5520833333333334,accept,107.79982602188645,HC95,b5_c5_r4_h23_hc95,B5_GEa_F090_R2.txt,2
1074,0,125.0,0.4916666666666667,accept,125.0,HC95,b5_c5_r4_h23_hc95,B5_GEa_F100_R2.txt,2
1075,3,249.0345533122512,0.1625,accept,249.0345533122512,HC95,b5_c5_r4_h23_hc95,B5_GMe_F100_R1.txt,1
1076,0,12.5,0.3729166666666666,accept,12.5,HC95,b5_c5_r4_h23_hc95,B5_GEa_F010_R1.txt,1
1077,1,213.93491308111533,0.6479166666666667,accept,213.93491308111533,HC95,b5_c5_r4_h23_hc95,B5_GCO_F090_R2.txt,2
1078,0,93.17932776905177,0.45,accept,93.17932776905177,HC95,b5_c5_r4_h23_hc95,B5_GEa_F070_R2.txt,2
1079,2,25.43166106572903,0.63125,accept,25.43166106572903,HC95,b5_c5_r4_h23_hc95,B5_GEy_F020_R1.txt,1
1080,1,61.52377010503895,0.6479166666666666,accept,61.52377010503895,HC95,b5_c5_r4_h23_hc95,B5_GCO_F020_R2.txt,2
1081,0,108.69802236189389,0.5416666666666666,accept,108.69802236189389,HC95,b5_c5_r4_h23_hc95,B5_GEa_F090_R1.txt,1
1082,2,26.93485029216251,0.5499999999999999,accept,26.93485029216251,HC95,b5_c5_r4_h23_hc95,B5_GEy_F020_R1.txt,1
1083,1,88.64291533620198,0.7645833333333334,accept,88.64291533620198,HC95,b5_c5_r4_h23_hc95,B5_GCO_F030_R1.txt,1
1084,3,191.09134284193365,0.3020833333333333,accept,191.09134284193365,HC95,b5_c5_r4_h23_hc95,B5_GMe_F080_R1.txt,1
1085,3,219.7929851834765,0.3729166666666666,accept,219.7929851834765,HC95,b5_c5_r4_h23_hc95,B5_GMe_F090_R2.txt,2
1086,2,85.58311177170296,0.58125,accept,85.58311177170296,HC95,b5_c5_r4_h23_hc95,B5_GEy_F070_R1.txt,1
1087,1,177.1410130297337,0.5875,accept,177.1410130297337,HC95,b5_c5_r4_h23_hc95,B5_GCO_F090_R1.txt,1
1088,3,46.81574223831109,0.17708333333333334,accept,46.81574223831109,HC95,b5_c5_r4_h23_hc95,B5_GMe_F020_R1.txt,1
1089,3,27.3293302654359,0.12916666666666665,accept,27.3293302654359,HC95,b5_c5_r4_h23_hc95,B5_GMe_F010_R2.txt,2
1090,3,153.10368424906878,0.19166666666666665,accept,153.10368424906878,HC95,b5_c5_r4_h23_hc95,B5_GMe_F060_R1.txt,1
1091,3,195.43736832800448,0.22708333333333333,accept,195.43736832800448,HC95,b5_c5_r4_h23_hc95,B5_GMe_F080_R2.txt,2
1092,3,135.27105728214684,0.325,accept,135.27105728214684,HC95,b5_c5_r4_h23_hc95,B5_GMe_F050_R1.txt,1
1093,0,46.976040059468794,0.4791666666666667,accept,46.976040059468794,HC95,b5_c5_r4_h23_hc95,B5_GEa_F040_R1.txt,1
1094,3,221.4894039376958,0.4708333333333334,accept,221.4894039376958,HC95,b5_c5_r4_h23_hc95,B5_GMe_F090_R1.txt,1
1095,2,114.4884958880431,0.6833333333333332,accept,114.4884958880431,HC95,b5_c5_r4_h23_hc95,B5_GEy_F090_R1.txt,1
1096,3,227.69614433359158,0.3708333333333333,accept,227.69614433359158,HC95,b5_c5_r4_h23_hc95,B5_GMe_F100_R2.txt,2
1097,1,25.0,0.5499999999999999,accept,25.0,HC95,b5_c5_r4_h23_hc95,B5_GCO_F010_R2.txt,2
1098,3,123.51707979562522,0.20416666666666664,accept,123.51707979562522,HC95,b5_c5_r4_h23_hc95,B5_GMe_F050_R1.txt,1
1099,1,25.0,0.5645833333333333,accept,25.0,HC95,b5_c5_r4_h23_hc95,B5_GCO_F010_R1.txt,1
1100,2,60.41122648330438,0.7041666666666666,accept,60.41122648330438,HC95,b5_c5_r4_h23_hc95,B5_GEy_F050_R1.txt,1
1101,0,92.42040822584926,0.37916666666666665,accept,92.42040822584926,HC95,b5_c5_r4_h23_hc95,B5_GEa_F070_R2.txt,2
1102,0,118.95296515825403,0.5604166666666667,accept,118.95296515825403,HC95,b5_c5_r4_h23_hc95,B5_GEa_F100_R2.txt,2
1103,2,38.72628912663126,0.6208333333333333,accept,38.72628912663126,HC95,b5_c5_r4_h23_hc95,B5_GEy_F030_R2.txt,2
1104,0,60.75794834471337,0.3979166666666667,accept,60.75794834471337,HC95,b5_c5_r4_h23_hc95,B5_GEa_F060_R2.txt,2
1105,3,25.0,0.09375,accept,25.0,HC95,b5_c5_r4_h23_hc95,B5_GMe_F010_R2.txt,2
1106,0,76.722173894841,0.6354166666666666,accept,76.722173894841,HC95,b5_c5_r4_h23_hc95,B5_GEa_F050_R1.txt,1
1107,0,89.87600695317127,0.7000000000000001,accept,89.87600695317127,HC95,b5_c5_r4_h23_hc95,B5_GEa_F070_R2.txt,2
1108,1,113.12569438731252,0.5354166666666668,accept,113.12569438731252,HC95,b5_c5_r4_h23_hc95,B5_GCO_F050_R2.txt,2
1109,0,101.23661113138095,0.5812499999999999,accept,101.23661113138095,HC95,b5_c5_r4_h23_hc95,B5_GEa_F090_R1.txt,1
1110,1,191.63913882604402,0.6541666666666667,accept,191.63913882604402,HC95,b5_c5_r4_h23_hc95,B5_GCO_F090_R1.txt,1
1111,3,208.67191557191757,0.32708333333333334,accept,208.67191557191757,HC95,b5_c5_r4_h23_hc95,B5_GMe_F080_R1.txt,1
1112,3,128.3077371299768,0.1958333333333333,accept,128.3077371299768,HC95,b5_c5_r4_h23_hc95,B5_GMe_F050_R2.txt,2
1113,2,125.0,0.6124999999999999,accept,125.0,HC95,b5_c5_r4_h23_hc95,B5_GEy_F100_R1.txt,1
1114,2,49.94408160010268,0.6666666666666666,accept,49.94408160010268,HC95,b5_c5_r4_h23_hc95,B5_GEy_F040_R1.txt,1
1115,2,115.49194436376314,0.6937500000000001,accept,115.49194436376314,HC95,b5_c5_r4_h23_hc95,B5_GEy_F090_R1.txt,1
1116,0,114.55544176618645,0.5541666666666667,accept,114.55544176618645,HC95,b5_c5_r4_h23_hc95,B5_GEa_F090_R1.txt,1
1117,0,12.5,0.49166666666666664,accept,12.5,HC95,b5_c5_r4_h23_hc95,B5_GEa_F010_R2.txt,2
1118,2,35.22906992740664,0.64375,accept,35.22906992740664,HC95,b5_c5_r4_h23_hc95,B5_GEy_F030_R2.txt,2
1119,0,68.04404888564974,0.5916666666666667,accept,68.04404888564974,HC95,b5_c5_r4_h23_hc95,B5_GEa_F040_R1.txt,1
1120,0,14.707716976012627,0.4020833333333333,accept,14.707716976012627,HC95,b5_c5_r4_h23_hc95,B5_GEa_F010_R2.txt,2
1121,0,112.9990184030308,0.4791666666666667,accept,112.9990184030308,HC95,b5_c5_r4_h23_hc95,B5_GEa_F090_R1.txt,1
1122,2,99.56048311572754,0.5812499999999999,accept,99.56048311572754,HC95,b5_c5_r4_h23_hc95,B5_GEy_F080_R1.txt,1
1123,2,79.43578804463789,0.6104166666666666,accept,79.43578804463789,HC95,b5_c5_r4_h23_hc95,B5_GEy_F060_R1.txt,1
1124,0,48.63112221397507,0.5645833333333333,accept,48.63112221397507,HC95,b5_c5_r4_h23_hc95,B5_GEa_F040_R1.txt,1
1125,0,106.04696779777089,0.5645833333333333,accept,106.04696779777089,HC95,b5_c5_r4_h23_hc95,B5_GEa_F090_R2.txt,2
1126,0,112.2958870641407,0.49583333333333335,accept,112.2958870641407,HC95,b5_c5_r4_h23_hc95,B5_GEa_F090_R1.txt,1
1127,1,190.22781433426923,0.6291666666666665,accept,190.22781433426923,HC95,b5_c5_r4_h23_hc95,B5_GCO_F070_R1.txt,1
1128,2,50.41706891723407,0.7104166666666667,accept,50.41706891723407,HC95,b5_c5_r4_h23_hc95,B5_GEy_F040_R1.txt,1
1129,2,123.7679410392275,0.63125,accept,123.7679410392275,HC95,b5_c5_r4_h23_hc95,B5_GEy_F100_R1.txt,1
1130,2,14.25616132949716,0.7583333333333333,accept,14.25616132949716,HC95,b5_c5_r4_h23_hc95,B5_GEy_F010_R2.txt,2
1131,2,60.18280469009615,0.7729166666666667,accept,60.18280469009615,HC95,b5_c5_r4_h23_hc95,B5_GEy_F060_R2.txt,2
1132,0,67.89466379660085,0.46458333333333335,accept,67.89466379660085,HC95,b5_c5_r4_h23_hc95,B5_GEa_F050_R1.txt,1
1133,3,199.41785612024356,0.17500000000000002,accept,199.41785612024356,HC95,b5_c5_r4_h23_hc95,B5_GMe_F080_R2.txt,2
1134,2,12.5,0.6958333333333334,accept,12.5,HC95,b5_c5_r4_h23_hc95,B5_GEy_F010_R2.txt,2
1135,2,84.6770090849882,0.5666666666666668,accept,84.6770090849882,HC95,b5_c5_r4_h23_hc95,B5_GEy_F070_R1.txt,1
1136,0,47.06138497296342,0.5625,accept,47.06138497296342,HC95,b5_c5_r4_h23_hc95,B5_GEa_F040_R1.txt,1
1137,1,160.67415948324262,0.65,accept,160.67415948324262,HC95,b5_c5_r4_h23_hc95,B5_GCO_F070_R1.txt,1
1138,0,35.05978334725082,0.43333333333333335,accept,35.05978334725082,HC95,b5_c5_r4_h23_hc95,B5_GEa_F030_R2.txt,2
1139,1,218.96018137250326,0.5833333333333334,accept,218.96018137250326,HC95,b5_c5_r4_h23_hc95,B5_GCO_F090_R1.txt,1
1140,0,88.67738219445485,0.4354166666666666,accept,88.67738219445485,HC95,b5_c5_r4_h23_hc95,B5_GEa_F070_R2.txt,2
1141,0,24.321023387006427,0.5395833333333333,accept,24.321023387006427,HC95,b5_c5_r4_h23_hc95,B5_GEa_F020_R2.txt,2
1142,2,49.522126358312335,0.6208333333333332,accept,49.522126358312335,HC95,b5_c5_r4_h23_hc95,B5_GEy_F040_R1.txt,1
1143,1,114.9255564927177,0.4770833333333333,accept,114.9255564927177,HC95,b5_c5_r4_h23_hc95,B5_GCO_F040_R1.txt,1
1144,1,103.82171319268237,0.5895833333333332,accept,103.82171319268237,HC95,b5_c5_r4_h23_hc95,B5_GCO_F040_R2.txt,2
1145,0,24.92050087999997,0.42916666666666664,accept,24.92050087999997,HC95,b5_c5_r4_h23_hc95,B5_GEa_F020_R2.txt,2
1146,1,136.4371847578727,0.46875,accept,136.4371847578727,HC95,b5_c5_r4_h23_hc95,B5_GCO_F050_R1.txt,1
1147,1,25.0,0.6458333333333334,accept,25.0,HC95,b5_c5_r4_h23_hc95,B5_GCO_F010_R2.txt,2
1148,1,107.80797388412034,0.45,accept,107.80797388412034,HC95,b5_c5_r4_h23_hc95,B5_GCO_F040_R2.txt,2
1149,1,25.0,0.5541666666666667,accept,25.0,HC95,b5_c5_r4_h23_hc95,B5_GCO_F010_R1.txt,1
1150,0,92.96086206126249,0.59375,accept,92.96086206126249,HC95,b5_c5_r4_h23_hc95,B5_GEa_F080_R1.txt,1
1151,1,250.0,0.8375,review,,HC95,b5_c5_r4_h23_hc95,B5_GEy_F010_R2.txt,2
1152,3,248.88378136230588,0.14166666666666666,accept,248.88378136230588,HC95,b5_c5_r4_h23_hc95,B5_GMe_F100_R2.txt,2
1153,3,131.99186053775563,0.325,accept,131.99186053775563,HC95,b5_c5_r4_h23_hc95,B5_GMe_F050_R1.txt,1
1154,2,29.858489064917322,0.9083333333333333,reject,,HC95,b5_c5_r4_h23_hc95,B5_GEy_F020_R2.txt,2
1155,3,207.03063416871134,0.23124999999999998,accept,207.03063416871134,HC95,b5_c5_r4_h23_hc95,B5_GMe_F080_R1.txt,1
1156,3,46.42200030444333,0.125,accept,46.42200030444333,HC95,b5_c5_r4_h23_hc95,B5_GMe_F020_R2.txt,2
1157,0,12.5,0.39999999999999997,accept,12.5,HC95,b5_c5_r4_h23_hc95,B5_GEa_F010_R1.txt,1
1158,1,53.53461134237368,0.6791666666666666,accept,53.53461134237368,HC95,b5_c5_r4_h23_hc95,B5_GCO_F020_R2.txt,2
1159,0,44.47996760735634,0.5416666666666666,accept,44.47996760735634,HC95,b5_c5_r4_h23_hc95,B5_GEa_F040_R1.txt,1
1160,0,35.10475349453981,0.5750000000000001,accept,35.10475349453981,HC95,b5_c5_r4_h23_hc95,B5_GEa_F030_R1.txt,1
1161,0,93.68817644392698,0.5145833333333334,accept,93.68817644392698,HC95,b5_c5_r4_h23_hc95,B5_GEa_F050_R1.txt,1
1162,0,87.06540869736617,0.5375,accept,87.06540869736617,HC95,b5_c5_r4_h23_hc95,B5_GEa_F070_R1.txt,1
1163,0,125.0,0.4541666666666666,accept,125.0,HC95,b5_c5_r4_h23_hc95,B5_GEa_F030_R2.txt,2
1164,2,35.84927641541327,0.6520833333333332,accept,35.84927641541327,HC95,b5_c5_r4_h23_hc95,B5_GEy_F030_R2.txt,2
1165,3,36.00191773589967,0.8645833333333334,review,,HC95,b5_c5_r4_h23_hc95,B5_GCO_F100_R2.txt,2
1166,3,150.3759978651854,0.24791666666666667,accept,150.3759978651854,HC95,b5_c5_r4_h23_hc95,B5_GMe_F060_R1.txt,1
1167,1,136.5937451812059,0.6979166666666666,accept,136.5937451812059,HC95,b5_c5_r4_h23_hc95,B5_GCO_F050_R2.txt,2
1168,3,129.1185996516236,0.24583333333333335,accept,129.1185996516236,HC95,b5_c5_r4_h23_hc95,B5_GMe_F050_R1.txt,1
1169,3,154.33614007650286,0.18125,accept,154.33614007650286,HC95,b5_c5_r4_h23_hc95,B5_GMe_F060_R2.txt,2
1170,2,79.3996711754569,0.6979166666666666,accept,79.3996711754569,HC95,b5_c5_r4_h23_hc95,B5_GEy_F070_R1.txt,1
1171,0,39.20976574211733,0.525,accept,39.20976574211733,HC95,b5_c5_r4_h23_hc95,B5_GEa_F030_R1.txt,1
1172,3,249.10134936177425,0.46249999999999997,accept,249.10134936177425,HC95,b5_c5_r4_h23_hc95,B5_GMe_F100_R2.txt,2
1173,1,200.99446985627313,0.6541666666666667,accept,200.99446985627313,HC95,b5_c5_r4_h23_hc95,B5_GCO_F080_R1.txt,1
1174,3,189.49099411171903,0.26875,accept,189.49099411171903,HC95,b5_c5_r4_h23_hc95,B5_GMe_F080_R2.txt,2
1175,2,75.53693853191527,0.6375000000000001,accept,75.53693853191527,HC95,b5_c5_r4_h23_hc95,B5_GEy_F060_R1.txt,1
1176,1,213.36594207597332,0.59375,accept,213.36594207597332,HC95,b5_c5_r4_h23_hc95,B5_GCO_F090_R2.txt,2
1177,1,165.68771278372284,0.8208333333333334,review,,HC95,b5_c5_r4_h23_hc95,B5_GCO_F080_R2.txt,2
1178,3,215.23594546264394,0.6229166666666667,accept,215.23594546264394,HC95,b5_c5_r4_h23_hc95,B5_GMe_F090_R1.txt,1
1179,3,235.1610729444888,0.27499999999999997,accept,235.1610729444888,HC95,b5_c5_r4_h23_hc95,B5_GMe_F100_R1.txt,1
1180,2,36.94733778478917,0.6583333333333333,accept,36.94733778478917,HC95,b5_c5_r4_h23_hc95,B5_GEy_F030_R1.txt,1
1181,1,171.73541211883864,0.5729166666666666,accept,171.73541211883864,HC95,b5_c5_r4_h23_hc95,B5_GCO_F070_R2.txt,2
1182,0,93.06651820050274,0.5729166666666666,accept,93.06651820050274,HC95,b5_c5_r4_h23_hc95,B5_GEa_F080_R1.txt,1
1183,0,67.46324836376266,0.3958333333333333,accept,67.46324836376266,HC95,b5_c5_r4_h23_hc95,B5_GEa_F050_R1.txt,1
1184,2,61.19885514007146,0.59375,accept,61.19885514007146,HC95,b5_c5_r4_h23_hc95,B5_GEy_F050_R1.txt,1
1185,1,89.91478401558065,0.5,accept,89.91478401558065,HC95,b5_c5_r4_h23_hc95,B5_GCO_F030_R2.txt,2
1186,1,217.58940117007324,0.7916666666666666,accept,217.58940117007324,HC95,b5_c5_r4_h23_hc95,B5_GCO_F090_R1.txt,1
1187,2,117.38329448441675,0.65,accept,117.38329448441675,HC95,b5_c5_r4_h23_hc95,B5_GEy_F100_R1.txt,1
1188,3,204.3367644616665,0.19375,accept,204.3367644616665,HC95,b5_c5_r4_h23_hc95,B5_GMe_F080_R2.txt,2
1189,2,114.55606123366994,0.6666666666666666,accept,114.55606123366994,HC95,b5_c5_r4_h23_hc95,B5_GEy_F090_R2.txt,2
1190,3,100.78092430652009,0.2520833333333333,accept,100.78092430652009,HC95,b5_c5_r4_h23_hc95,B5_GMe_F040_R2.txt,2
1191,1,138.1974197622714,0.7875,accept,138.1974197622714,HC95,b5_c5_r4_h23_hc95,B5_GCO_F040_R2.txt,2
1192,1,38.54859925883434,0.5958333333333333,accept,38.54859925883434,HC95,b5_c5_r4_h23_hc95,B5_GCO_F020_R1.txt,1
1193,0,66.11707532105649,0.4375,accept,66.11707532105649,HC95,b5_c5_r4_h23_hc95,B5_GEa_F050_R2.txt,2
1194,1,223.4549707532629,0.5958333333333333,accept,223.4549707532629,HC95,b5_c5_r4_h23_hc95,B5_GCO_F090_R1.txt,1
1195,3,246.02378296694891,0.19166666666666665,accept,246.02378296694891,HC95,b5_c5_r4_h23_hc95,B5_GMe_F100_R2.txt,2
1196,3,94.42616597085676,0.1416666666666667,accept,94.42616597085676,HC95,b5_c5_r4_h23_hc95,B5_GMe_F040_R2.txt,2
1197,1,161.88332496611372,0.5666666666666668,accept,161.88332496611372,HC95,b5_c5_r4_h23_hc95,B5_GCO_F060_R1.txt,1
1198,0,12.5,0.4583333333333333,accept,12.5,HC95,b5_c5_r4_h23_hc95,B5_GEa_F010_R1.txt,1
1199,3,31.08813217132571,0.5270833333333333,accept,31.08813217132571,HC95,b5_c5_r4_h23_hc95,B5_GCO_F100_R2.txt,2
1200,2,37.030290512021764,0.6291666666666667,accept,37.030290512021764,HC95,b5_c5_r4_h23_hc95,B5_GEy_F030_R1.txt,1
1201,0,37.18035322434133,0.46249999999999997,accept,37.18035322434133,HC95,b5_c5_r4_h23_hc95,B5_GEa_F030_R2.txt,2
1202,1,201.6625680865876,0.6395833333333333,accept,201.6625680865876,HC95,b5_c5_r4_h23_hc95,B5_GCO_F080_R1.txt,1
1203,1,135.95416718332586,0.56875,accept,135.95416718332586,HC95,b5_c5_r4_h23_hc95,B5_GCO_F070_R1.txt,1
1204,2,74.86320414821091,0.6666666666666666,accept,74.86320414821091,HC95,b5_c5_r4_h23_hc95,B5_GEy_F060_R2.txt,2
1205,3,236.02322889903445,0.26458333333333334,accept,236.02322889903445,HC95,b5_c5_r4_h23_hc95,B5_GMe_F100_R1.txt,1
1206,2,96.47026763837945,0.6729166666666666,accept,96.47026763837945,HC95,b5_c5_r4_h23_hc95,B5_GEy_F080_R2.txt,2
1207,1,132.5098346645156,0.48750000000000004,accept,132.5098346645156,HC95,b5_c5_r4_h23_hc95,B5_GCO_F050_R2.txt,2
1208,1,224.09619716486688,0.7645833333333333,accept,224.09619716486688,HC95,b5_c5_r4_h23_hc95,B5_GCO_F100_R2.txt,2
1209,3,229.40609705003365,0.23958333333333334,accept,229.40609705003365,HC95,b5_c5_r4_h23_hc95,B5_GMe_F090_R2.txt,2
1210,1,248.7259544926445,0.6916666666666665,accept,248.7259544926445,HC95,b5_c5_r4_h23_hc95,B5_GCO_F100_R2.txt,2
1211,2,50.64514829462344,0.6895833333333333,accept,50.64514829462344,HC95,b5_c5_r4_h23_hc95,B5_GEy_F040_R1.txt,1
1212,0,122.84639726205225,0.425,accept,122.84639726205225,HC95,b5_c5_r4_h23_hc95,B5_GEa_F100_R2.txt,2
1213,1,27.53700410114744,0.7999999999999999,review,,HC95,b5_c5_r4_h23_hc95,B5_GCO_F010_R1.txt,1
1214,3,54.50269758522547,0.16666666666666666,accept,54.50269758522547,HC95,b5_c5_r4_h23_hc95,B5_GMe_F020_R1.txt,1
1215,1,25.0,0.5,accept,25.0,HC95,b5_c5_r4_h23_hc95,B5_GCO_F010_R2.txt,2
1216,1,237.81428382309,0.6875,accept,237.81428382309,HC95,b5_c5_r4_h23_hc95,B5_GCO_F100_R1.txt,1
1217,3,222.26500347629678,0.4166666666666667,accept,222.26500347629678,HC95,b5_c5_r4_h23_hc95,B5_GMe_F090_R1.txt,1
1218,3,31.372441465840467,0.12708333333333333,accept,31.372441465840467,HC95,b5_c5_r4_h23_hc95,B5_GMe_F010_R2.txt,2
1219,2,119.41014568427428,0.6729166666666667,accept,119.41014568427428,HC95,b5_c5_r4_h23_hc95,B5_GEy_F100_R2.txt,2
1220,2,62.21143561927413,0.6666666666666666,accept,62.21143561927413,HC95,b5_c5_r4_h23_hc95,B5_GEy_F050_R1.txt,1
1221,0,42.3537471059182,0.4437499999999999,accept,42.3537471059182,HC95,b5_c5_r4_h23_hc95,B5_GEa_F030_R2.txt,2
1222,1,212.32569237016628,0.5958333333333332,accept,212.32569237016628,HC95,b5_c5_r4_h23_hc95,B5_GCO_F090_R1.txt,1
1223,2,41.44943335763881,0.61875,accept,41.44943335763881,HC95,b5_c5_r4_h23_hc95,B5_GEy_F030_R1.txt,1
1224,3,57.16284192811398,0.1416666666666667,accept,57.16284192811398,HC95,b5_c5_r4_h23_hc95,B5_GMe_F020_R2.txt,2
1225,3,173.8264486159493,0.25625000000000003,accept,173.8264486159493,HC95,b5_c5_r4_h23_hc95,B5_GMe_F070_R1.txt,1
1226,0,84.64584624785101,0.50625,accept,84.64584624785101,HC95,b5_c5_r4_h23_hc95,B5_GEa_F070_R1.txt,1
1227,0,106.68100689262451,0.6041666666666666,accept,106.68100689262451,HC95,b5_c5_r4_h23_hc95,B5_GEa_F090_R2.txt,2
1228,0,50.42677622244106,0.4458333333333333,accept,50.42677622244106,HC95,b5_c5_r4_h23_hc95,B5_GEa_F040_R2.txt,2
1229,1,207.98948570400967,0.7333333333333334,accept,207.98948570400967,HC95,b5_c5_r4_h23_hc95,B5_GCO_F090_R2.txt,2
1230,2,15.382522111906113,0.6770833333333334,accept,15.382522111906113,HC95,b5_c5_r4_h23_hc95,B5_GEy_F020_R2.txt,2
1231,3,105.41948480446901,0.25625,accept,105.41948480446901,HC95,b5_c5_r4_h23_hc95,B5_GMe_F040_R1.txt,1
1232,2,46.9542577879233,0.6625,accept,46.9542577879233,HC95,b5_c5_r4_h23_hc95,B5_GEy_F040_R1.txt,1
1233,3,173.57093046727732,0.19375,accept,173.57093046727732,HC95,b5_c5_r4_h23_hc95,B5_GMe_F070_R2.txt,2
1234,2,64.71958434806433,0.6854166666666667,accept,64.71958434806433,HC95,b5_c5_r4_h23_hc95,B5_GEy_F050_R2.txt,2
1235,0,27.722559230009175,0.5499999999999999,accept,27.722559230009175,HC95,b5_c5_r4_h23_hc95,B5_GEa_F020_R2.txt,2
1236,2,125.0,0.6124999999999999,accept,125.0,HC95,b5_c5_r4_h23_hc95,B5_GEy_F100_R1.txt,1
1237,1,172.5681694871668,0.6541666666666667,accept,172.5681694871668,HC95,b5_c5_r4_h23_hc95,B5_GCO_F070_R2.txt,2
1238,3,36.2354285761288,0.19375,accept,36.2354285761288,HC95,b5_c5_r4_h23_hc95,B5_GMe_F010_R2.txt,2
1239,3,36.52591033971491,0.21666666666666667,accept,36.52591033971491,HC95,b5_c5_r4_h23_hc95,B5_GMe_F010_R2.txt,2
1240,0,122.61802422998346,0.5145833333333333,accept,122.61802422998346,HC95,b5_c5_r4_h23_hc95,B5_GEa_F100_R1.txt,1
1241,3,246.5363035399702,0.1708333333333333,accept,246.5363035399702,HC95,b5_c5_r4_h23_hc95,B5_GMe_F100_R2.txt,2
1242,2,114.16531133766071,0.6833333333333332,accept,114.16531133766071,HC95,b5_c5_r4_h23_hc95,B5_GEy_F090_R2.txt,2
1243,3,174.79908724589825,0.24583333333333335,accept,174.79908724589825,HC95,b5_c5_r4_h23_hc95,B5_GMe_F070_R1.txt,1
1244,1,190.38884614723662,0.6229166666666667,accept,190.38884614723662,HC95,b5_c5_r4_h23_hc95,B5_GCO_F080_R2.txt,2
1245,2,63.667539118370456,0.6958333333333333,accept,63.667539118370456,HC95,b5_c5_r4_h23_hc95,B5_GEy_F050_R2.txt,2
1246,2,94.1287784157131,0.7020833333333334,accept,94.1287784157131,HC95,b5_c5_r4_h23_hc95,B5_GEy_F080_R2.txt,2
1247,1,153.1607296766772,0.7833333333333333,accept,153.1607296766772,HC95,b5_c5_r4_h23_hc95,B5_GCO_F060_R1.txt,1
1248,1,79.66172101764555,0.5729166666666666,accept,79.66172101764555,HC95,b5_c5_r4_h23_hc95,B5_GCO_F030_R2.txt,2
1249,1,99.62267005322533,0.5583333333333333,accept,99.62267005322533,HC95,b5_c5_r4_h23_hc95,B5_GCO_F040_R1.txt,1
1250,1,193.0202306602725,0.7374999999999999,accept,193.0202306602725,HC95,b5_c5_r4_h23_hc95,B5_GCO_F080_R1.txt,1
1251,2,125.0,0.6770833333333334,accept,125.0,HC95,b5_c5_r4_h23_hc95,B5_GEy_F100_R1.txt,1
1252,1,168.15951824927723,0.7604166666666666,accept,168.15951824927723,HC95,b5_c5_r4_h23_hc95,B5_GCO_F060_R2.txt,2
1253,0,87.21950929153066,0.4083333333333334,accept,87.21950929153066,HC95,b5_c5_r4_h23_hc95,B5_GEa_F070_R2.txt,2
1254,1,65.28335182656014,0.6208333333333333,accept,65.28335182656014,HC95,b5_c5_r4_h23_hc95,B5_GCO_F020_R2.txt,2
1255,0,87.52646555348102,0.3791666666666667,accept,87.52646555348102,HC95,b5_c5_r4_h23_hc95,B5_GEa_F070_R1.txt,1
1256,3,47.36632190794417,0.225,accept,47.36632190794417,HC95,b5_c5_r4_h23_hc95,B5_GMe_F020_R1.txt,1
1257,3,100.0334992894148,0.11666666666666665,accept,100.0334992894148,HC95,b5_c5_r4_h23_hc95,B5_GMe_F040_R2.txt,2
1258,0,50.06577682373815,0.4875,accept,50.06577682373815,HC95,b5_c5_r4_h23_hc95,B5_GEa_F040_R2.txt,2
1259,0,39.569252392391704,0.45416666666666666,accept,39.569252392391704,HC95,b5_c5_r4_h23_hc95,B5_GEa_F030_R1.txt,1
1260,0,12.5,0.3645833333333333,accept,12.5,HC95,b5_c5_r4_h23_hc95,B5_GEa_F010_R1.txt,1
1261,3,25.0,0.12708333333333333,accept,25.0,HC95,b5_c5_r4_h23_hc95,B5_GMe_F010_R1.txt,1
1262,3,41.883811676549854,0.13541666666666666,accept,41.883811676549854,HC95,b5_c5_r4_h23_hc95,B5_GMe_F020_R2.txt,2
1263,1,168.7105165854817,0.6,accept,168.7105165854817,HC95,b5_c5_r4_h23_hc95,B5_GCO_F080_R2.txt,2
1264,2,57.3150642882305,0.6416666666666666,accept,57.3150642882305,HC95,b5_c5_r4_h23_hc95,B5_GEy_F050_R1.txt,1
1265,1,250.0,0.7229166666666668,accept,250.0,HC95,b5_c5_r4_h23_hc95,B5_GCO_F100_R1.txt,1
1266,0,64.63913072726976,0.40416666666666673,accept,64.63913072726976,HC95,b5_c5_r4_h23_hc95,B5_GEa_F050_R1.txt,1
1267,1,25.0,0.5812499999999999,accept,25.0,HC95,b5_c5_r4_h23_hc95,B5_GCO_F010_R1.txt,1
1268,1,186.24410261979565,0.5083333333333333,accept,186.24410261979565,HC95,b5_c5_r4_h23_hc95,B5_GCO_F080_R2.txt,2
1269,0,26.278830728538274,0.5187499999999999,accept,26.278830728538274,HC95,b5_c5_r4_h23_hc95,B5_GEa_F020_R1.txt,1
1270,0,64.19540549863991,0.5229166666666667,accept,64.19540549863991,HC95,b5_c5_r4_h23_hc95,B5_GEa_F050_R1.txt,1
1271,1,60.39167200420694,0.5833333333333334,accept,60.39167200420694,HC95,b5_c5_r4_h23_hc95,B5_GCO_F030_R1.txt,1
1272,0,94.73075374338411,0.5770833333333334,accept,94.73075374338411,HC95,b5_c5_r4_h23_hc95,B5_GEa_F080_R1.txt,1
1273,0,118.22768692928904,0.42291666666666666,accept,118.22768692928904,HC95,b5_c5_r4_h23_hc95,B5_GEa_F100_R2.txt,2
1274,1,233.6663681063581,0.7000000000000001,accept,233.6663681063581,HC95,b5_c5_r4_h23_hc95,B5_GCO_F100_R1.txt,1
1275,2,99.51689162435991,0.6333333333333333,accept,99.51689162435991,HC95,b5_c5_r4_h23_hc95,B5_GEy_F080_R1.txt,1
1276,2,27.84169436451583,0.7416666666666667,accept,27.84169436451583,HC95,b5_c5_r4_h23_hc95,B5_GEy_F020_R2.txt,2
1277,2,93.38676995188257,0.7041666666666666,accept,93.38676995188257,HC95,b5_c5_r4_h23_hc95,B5_GEy_F080_R2.txt,2
1278,3,155.54200069874668,0.1625,accept,155.54200069874668,HC95,b5_c5_r4_h23_hc95,B5_GMe_F060_R2.txt,2
1279,1,240.79948617708953,0.7416666666666667,accept,240.79948617708953,HC95,b5_c5_r4_h23_hc95,B5_GCO_F100_R1.txt,1
1280,2,116.16509359368956,0.6687500000000001,accept,116.16509359368956,HC95,b5_c5_r4_h23_hc95,B5_GEy_F090_R1.txt,1
1281,1,63.61297596312521,0.65625,accept,63.61297596312521,HC95,b5_c5_r4_h23_hc95,B5_GCO_F030_R1.txt,1
1282,2,92.6880005428718,0.68125,accept,92.6880005428718,HC95,b5_c5_r4_h23_hc95,B5_GEy_F080_R1.txt,1
1283,1,183.33519660718378,0.5729166666666666,accept,183.33519660718378,HC95,b5_c5_r4_h23_hc95,B5_GCO_F070_R2.txt,2
1284,1,169.7192127679456,0.5541666666666667,accept,169.7192127679456,HC95,b5_c5_r4_h23_hc95,B5_GCO_F070_R1.txt,1
1285,3,152.0373736407573,0.23958333333333334,accept,152.0373736407573,HC95,b5_c5_r4_h23_hc95,B5_GMe_F060_R2.txt,2
1286,3,176.60478354582403,0.21041666666666667,accept,176.60478354582403,HC95,b5_c5_r4_h23_hc95,B5_GMe_F070_R1.txt,1
1287,3,224.7363649664002,0.22916666666666666,accept,224.7363649664002,HC95,b5_c5_r4_h23_hc95,B5_GMe_F090_R2.txt,2
1288,2,50.655313863431275,0.6541666666666667,accept,50.655313863431275,HC95,b5_c5_r4_h23_hc95,B5_GEy_F040_R2.txt,2
1289,1,44.066702616671925,0.625,accept,44.066702616671925,HC95,b5_c5_r4_h23_hc95,B5_GCO_F020_R2.txt,2
1290,0,66.06166077910973,0.4875,accept,66.06166077910973,HC95,b5_c5_r4_h23_hc95,B5_GEa_F050_R2.txt,2
1291,2,24.3275399723002,0.6520833333333333,accept,24.3275399723002,HC95,b5_c5_r4_h23_hc95,B5_GEy_F020_R1.txt,1
1292,3,189.95372945885686,0.31666666666666665,accept,189.95372945885686,HC95,b5_c5_r4_h23_hc95,B5_GMe_F080_R2.txt,2
1293,1,223.14537011004674,0.6583333333333333,accept,223.14537011004674,HC95,b5_c5_r4_h23_hc95,B5_GCO_F090_R1.txt,1
1294,3,132.38621278366597,0.2875,accept,132.38621278366597,HC95,b5_c5_r4_h23_hc95,B5_GMe_F050_R1.txt,1
1295,2,117.40020797268073,0.6895833333333333,accept,117.40020797268073,HC95,b5_c5_r4_h23_hc95,B5_GEy_F090_R2.txt,2
1296,2,95.79358661709944,0.7895833333333333,accept,95.79358661709944,HC95,b5_c5_r4_h23_hc95,B5_GEy_F050_R2.txt,2
1297,0,106.01534715460458,0.5104166666666666,accept,106.01534715460458,HC95,b5_c5_r4_h23_hc95,B5_GEa_F090_R1.txt,1
1298,1,40.180869799731965,0.6479166666666667,accept,40.180869799731965,HC95,b5_c5_r4_h23_hc95,B5_GCO_F030_R1.txt,1
1299,3,148.87373432081233,0.17916666666666667,accept,148.87373432081233,HC95,b5_c5_r4_h23_hc95,B5_GMe_F060_R1.txt,1
1300,0,93.66150916631403,0.525,accept,93.66150916631403,HC95,b5_c5_r4_h23_hc95,B5_GEa_F080_R2.txt,2
1301,2,85.93919308071771,0.6020833333333333,accept,85.93919308071771,HC95,b5_c5_r4_h23_hc95,B5_GEy_F070_R2.txt,2
1302,3,149.03042244973193,0.19375,accept,149.03042244973193,HC95,b5_c5_r4_h23_hc95,B5_GMe_F060_R2.txt,2
1303,2,33.5524062498142,0.7020833333333333,accept,33.5524062498142,HC95,b5_c5_r4_h23_hc95,B5_GEy_F030_R2.txt,2
1304,1,250.0,0.8416666666666667,review,,HC95,b5_c5_r4_h23_hc95,B5_GEy_F010_R2.txt,2
1305,1,30.317900476171268,0.8666666666666667,review,,HC95,b5_c5_r4_h23_hc95,B5_GCO_F020_R1.txt,1
1306,3,216.33957785955732,0.48333333333333334,accept,216.33957785955732,HC95,b5_c5_r4_h23_hc95,B5_GMe_F090_R1.txt,1
1307,0,74.97902281741894,0.42291666666666666,accept,74.97902281741894,HC95,b5_c5_r4_h23_hc95,B5_GEa_F060_R1.txt,1
1308,0,68.03549361465599,0.4604166666666667,accept,68.03549361465599,HC95,b5_c5_r4_h23_hc95,B5_GEa_F050_R1.txt,1
1309,2,75.403475317485,0.7000000000000001,accept,75.403475317485,HC95,b5_c5_r4_h23_hc95,B5_GEy_F060_R2.txt,2
1310,3,83.83469999408481,0.19375,accept,83.83469999408481,HC95,b5_c5_r4_h23_hc95,B5_GMe_F030_R2.txt,2
1311,0,67.68032274021975,0.6520833333333333,accept,67.68032274021975,HC95,b5_c5_r4_h23_hc95,B5_GEa_F060_R2.txt,2
1312,0,49.58596941603464,0.41875,accept,49.58596941603464,HC95,b5_c5_r4_h23_hc95,B5_GEa_F030_R2.txt,2
1313,0,97.12730524882055,0.5125000000000001,accept,97.12730524882055,HC95,b5_c5_r4_h23_hc95,B5_GEa_F080_R2.txt,2
1314,2,47.780401580916674,0.7104166666666667,accept,47.780401580916674,HC95,b5_c5_r4_h23_hc95,B5_GEy_F040_R2.txt,2
1315,1,159.8078054173576,0.5145833333333333,accept,159.8078054173576,HC95,b5_c5_r4_h23_hc95,B5_GCO_F060_R1.txt,1
1316,3,129.7052180504773,0.22083333333333335,accept,129.7052180504773,HC95,b5_c5_r4_h23_hc95,B5_GMe_F050_R2.txt,2
1317,2,61.279074543998846,0.61875,accept,61.279074543998846,HC95,b5_c5_r4_h23_hc95,B5_GEy_F050_R2.txt,2
1318,3,250.0,0.45208333333333334,accept,250.0,HC95,b5_c5_r4_h23_hc95,B5_GMe_F100_R1.txt,1
1319,0,108.4750672435743,0.5187499999999999,accept,108.4750672435743,HC95,b5_c5_r4_h23_hc95,B5_GEa_F090_R1.txt,1
1320,2,50.08883978253698,0.6041666666666666,accept,50.08883978253698,HC95,b5_c5_r4_h23_hc95,B5_GEy_F040_R2.txt,2
1321,2,102.5090349698429,0.6333333333333333,accept,102.5090349698429,HC95,b5_c5_r4_h23_hc95,B5_GEy_F080_R2.txt,2
1322,1,115.692507388434,0.6270833333333333,accept,115.692507388434,HC95,b5_c5_r4_h23_hc95,B5_GCO_F050_R1.txt,1
1323,1,177.14839595833783,0.5958333333333333,accept,177.14839595833783,HC95,b5_c5_r4_h23_hc95,B5_GCO_F080_R2.txt,2
1324,1,219.47289471235516,0.74375,accept,219.47289471235516,HC95,b5_c5_r4_h23_hc95,B5_GCO_F090_R2.txt,2
1325,2,14.997942264522393,0.6958333333333334,accept,14.997942264522393,HC95,b5_c5_r4_h23_hc95,B5_GEy_F010_R1.txt,1
1326,0,91.14054113689558,0.4166666666666667,accept,91.14054113689558,HC95,b5_c5_r4_h23_hc95,B5_GEa_F070_R1.txt,1
1327,1,156.07457015092746,0.6708333333333334,accept,156.07457015092746,HC95,b5_c5_r4_h23_hc95,B5_GCO_F070_R1.txt,1
1328,0,75.3940360213708,0.4291666666666667,accept,75.3940360213708,HC95,b5_c5_r4_h23_hc95,B5_GEa_F050_R1.txt,1
1329,0,66.10210062476128,0.43541666666666673,accept,66.10210062476128,HC95,b5_c5_r4_h23_hc95,B5_GEa_F050_R2.txt,2
1330,1,109.42271457954855,0.5416666666666666,accept,109.42271457954855,HC95,b5_c5_r4_h23_hc95,B5_GCO_F040_R1.txt,1
1331,0,94.37746635352224,0.5729166666666666,accept,94.37746635352224,HC95,b5_c5_r4_h23_hc95,B5_GEa_F080_R1.txt,1
1332,2,125.0,0.5645833333333333,accept,125.0,HC95,b5_c5_r4_h23_hc95,B5_GEy_F100_R2.txt,2
1333,1,188.360761352802,0.7604166666666666,accept,188.360761352802,HC95,b5_c5_r4_h23_hc95,B5_GEa_F010_R2.txt,2
1334,1,250.0,0.7479166666666667,accept,250.0,HC95,b5_c5_r4_h23_hc95,B5_GEa_F030_R2.txt,2
1335,2,65.84103877615112,0.5520833333333334,accept,65.84103877615112,HC95,b5_c5_r4_h23_hc95,B5_GEy_F050_R1.txt,1
1336,2,39.78973212347948,0.6791666666666667,accept,39.78973212347948,HC95,b5_c5_r4_h23_hc95,B5_GEy_F030_R2.txt,2
1337,3,238.91394497114052,0.3812499999999999,accept,238.91394497114052,HC95,b5_c5_r4_h23_hc95,B5_GMe_F100_R1.txt,1
1338,3,222.20023324868993,0.5041666666666667,accept,222.20023324868993,HC95,b5_c5_r4_h23_hc95,B5_GMe_F090_R1.txt,1
1339,3,153.73412571506998,0.24791666666666667,accept,153.73412571506998,HC95,b5_c5_r4_h23_hc95,B5_GMe_F060_R1.txt,1
1340,3,180.4996997826001,0.21875,accept,180.4996997826001,HC95,b5_c5_r4_h23_hc95,B5_GMe_F070_R2.txt,2
1341,1,167.0526503150414,0.6916666666666668,accept,167.0526503150414,HC95,b5_c5_r4_h23_hc95,B5_GCO_F080_R2.txt,2
1342,2,12.5,0.7416666666666667,accept,12.5,HC95,b5_c5_r4_h23_hc95,B5_GEy_F010_R1.txt,1
1343,3,215.9308931207729,0.3395833333333333,accept,215.9308931207729,HC95,b5_c5_r4_h23_hc95,B5_GMe_F080_R1.txt,1
1344,3,174.97007321615567,0.25833333333333336,accept,174.97007321615567,HC95,b5_c5_r4_h23_hc95,B5_GMe_F070_R1.txt,1
1345,2,98.78446241405018,0.5791666666666666,accept,98.78446241405018,HC95,b5_c5_r4_h23_hc95,B5_GEy_F080_R1.txt,1
1346,0,100.17660885536993,0.6291666666666668,accept,100.17660885536993,HC95,b5_c5_r4_h23_hc95,B5_GEa_F080_R2.txt,2
1347,0,12.5,0.425,accept,12.5,HC95,b5_c5_r4_h23_hc95,B5_GEa_F010_R2.txt,2
1348,2,78.65788478653933,0.6916666666666668,accept,78.65788478653933,HC95,b5_c5_r4_h23_hc95,B5_GEy_F070_R1.txt,1
1349,2,17.210374841284548,0.7416666666666666,accept,17.210374841284548,HC95,b5_c5_r4_h23_hc95,B5_GEy_F020_R2.txt,2
1350,2,34.15790976845447,0.6916666666666668,accept,34.15790976845447,HC95,b5_c5_r4_h23_hc95,B5_GEy_F030_R1.txt,1
1351,0,63.267780594230224,0.6104166666666667,accept,63.267780594230224,HC95,b5_c5_r4_h23_hc95,B5_GEa_F060_R2.txt,2
1352,2,32.60280105286235,0.7354166666666666,accept,32.60280105286235,HC95,b5_c5_r4_h23_hc95,B5_GEy_F030_R1.txt,1
1353,1,223.9956135106516,0.6437499999999999,accept,223.9956135106516,HC95,b5_c5_r4_h23_hc95,B5_GCO_F080_R1.txt,1
1354,3,45.79973271271252,0.2020833333333333,accept,45.79973271271252,HC95,b5_c5_r4_h23_hc95,B5_GMe_F020_R1.txt,1
1355,1,195.6426302128108,0.6854166666666667,accept,195.6426302128108,HC95,b5_c5_r4_h23_hc95,B5_GCO_F080_R1.txt,1
1356,2,72.92622344515252,0.6875,accept,72.92622344515252,HC95,b5_c5_r4_h23_hc95,B5_GEy_F060_R2.txt,2
1357,1,25.0,0.5812499999999999,accept,25.0,HC95,b5_c5_r4_h23_hc95,B5_GCO_F010_R1.txt,1
1358,2,48.59019167797514,0.6895833333333333,accept,48.59019167797514,HC95,b5_c5_r4_h23_hc95,B5_GEy_F040_R1.txt,1
1359,3,126.90717680157368,0.20833333333333334,accept,126.90717680157368,HC95,b5_c5_r4_h23_hc95,B5_GMe_F050_R1.txt,1
